#include "../include.h"

// sound format: PCM mono 16-bit 22050Hz
// sound format: SNDFORM_PCM16
// sound speed relative to 50000Hz: 0.44100f
const u8 ShootSnd[18016] __attribute__ ((aligned(4))) = {
	0x54, 0x46, 0x00, 0x00,	// data size=18004
	12, 0,			// data offset
	0x22, 0x56,		// sample rate=22050
	0x00, 0x00,		// ADPCM samples per block=0
	16,			// bits per sample
	1,			// number of channels
	0x00, 0x00, 0x00, 0x00, 0x00, 0x00, 0x00, 0x00, 0x00, 0x00, 0x00, 0x00, 0x00, 0x00, 0x00, 0x00, 
	0x00, 0x00, 0x00, 0x00, 0x00, 0x00, 0x00, 0x00, 0x00, 0x00, 0x00, 0x00, 0x00, 0x00, 0x00, 0x00, 
	0x00, 0x00, 0x00, 0x00, 0x00, 0x00, 0x00, 0x00, 0x00, 0x00, 0x00, 0x00, 0x00, 0x00, 0x00, 0x00, 
	0x00, 0x00, 0x00, 0x00, 0x00, 0x00, 0x00, 0x02, 0x00, 0x00, 0x00, 0x00, 0x00, 0x00, 0x00, 0x00, 
	0x00, 0x00, 0x00, 0x00, 0x00, 0x00, 0x00, 0x02, 0x00, 0x00, 0x00, 0x00, 0x00, 0x00, 0x00, 0x00, 
	0x00, 0x00, 0x00, 0x00, 0x00, 0x00, 0x00, 0x00, 0x00, 0x00, 0x00, 0x02, 0x00, 0x00, 0x00, 0x00, 
	0x00, 0x00, 0x00, 0x00, 0x00, 0x02, 0x00, 0x02, 0x00, 0x02, 0x00, 0x02, 0x00, 0x00, 0x00, 0xFE, 
	0x00, 0xFE, 0x00, 0x00, 0x00, 0x02, 0x00, 0x02, 0x00, 0x06, 0x00, 0x08, 0x00, 0x08, 0x00, 0x00, 
	0x00, 0xF2, 0x00, 0xEA, 0x00, 0xEA, 0x00, 0xEE, 0x00, 0xF8, 0x00, 0xFA, 0x00, 0x00, 0x00, 0x00, 
	0x00, 0xFC, 0x00, 0xFC, 0x00, 0xFC, 0x00, 0xFA, 0x00, 0xFC, 0x00, 0xF6, 0x00, 0xFC, 0x00, 0x0A, 
	0x00, 0x1E, 0x00, 0x26, 0x00, 0x1E, 0x00, 0x06, 0x00, 0xD8, 0x00, 0xD8, 0x00, 0xE8, 0x00, 0x0E, 
	0x00, 0x2A, 0x00, 0x22, 0x00, 0x1A, 0x00, 0xEE, 0x00, 0xD4, 0x00, 0xDE, 0x00, 0xEC, 0x00, 0x0E, 
	0x00, 0x2A, 0x00, 0x20, 0x00, 0x1A, 0x00, 0xEE, 0x00, 0xD8, 0x00, 0xE0, 0x00, 0xF4, 0x00, 0x20, 
	0x00, 0x28, 0x00, 0x20, 0x00, 0x08, 0x00, 0xDE, 0x00, 0xD8, 0x00, 0xE4, 0x00, 0xF8, 0x00, 0x26, 
	0x00, 0x22, 0x00, 0x1C, 0x00, 0xF6, 0x00, 0xDC, 0x00, 0xDE, 0x00, 0xE8, 0x00, 0xFE, 0x00, 0x22, 
	0x00, 0x28, 0x00, 0x1C, 0x00, 0xF8, 0x00, 0xD8, 0x00, 0xE6, 0x00, 0xE6, 0x00, 0x16, 0x00, 0x28, 
	0x00, 0x22, 0x00, 0x0C, 0x00, 0xE2, 0x00, 0xDC, 0x00, 0xE8, 0x00, 0xF6, 0x00, 0x18, 0x00, 0x28, 
	0x00, 0x20, 0x00, 0xFA, 0x00, 0xDE, 0x00, 0xE4, 0x00, 0xEA, 0x00, 0x02, 0x00, 0x1C, 0x00, 0x28, 
	0x00, 0x18, 0x00, 0x04, 0x00, 0xE0, 0x00, 0xDA, 0x00, 0xE8, 0x00, 0xFA, 0x00, 0x22, 0x00, 0x22, 
	0x00, 0x16, 0x00, 0xF6, 0x00, 0xDE, 0x00, 0xE2, 0x00, 0xEE, 0x00, 0x02, 0x00, 0x20, 0x00, 0x24, 
	0x00, 0x14, 0x00, 0xF6, 0x00, 0xE4, 0x00, 0xE4, 0x00, 0xEC, 0x00, 0xFE, 0x00, 0x20, 0x00, 0x24, 
	0x00, 0x1A, 0x00, 0xFA, 0x00, 0xE4, 0x00, 0xE2, 0x00, 0xEA, 0x00, 0xF8, 0x00, 0x10, 0x00, 0x26, 
	0x00, 0x16, 0x00, 0x08, 0x00, 0xE0, 0x00, 0xE0, 0x00, 0xEE, 0x00, 0x00, 0x00, 0x22, 0x00, 0x1E, 
	0x00, 0x10, 0x00, 0xF4, 0x00, 0xDC, 0x00, 0xEA, 0x00, 0xF0, 0x00, 0x14, 0x00, 0x22, 0x00, 0x1A, 
	0x00, 0x10, 0x00, 0xF0, 0x00, 0xDC, 0x00, 0xE6, 0x00, 0xF0, 0x00, 0x12, 0x00, 0x22, 0x00, 0x1C, 
	0x00, 0x0A, 0x00, 0xE6, 0x00, 0xE0, 0x00, 0xE8, 0x00, 0xF6, 0x00, 0x14, 0x00, 0x24, 0x00, 0x18, 
	0x00, 0x0A, 0x00, 0xE2, 0x00, 0xE0, 0x00, 0xEC, 0x00, 0xFC, 0x00, 0x1C, 0x00, 0x22, 0x00, 0x16, 
	0x00, 0x04, 0x00, 0xE4, 0x00, 0xE2, 0x00, 0xE8, 0x00, 0xF2, 0x00, 0x14, 0x00, 0x24, 0x00, 0x1A, 
	0x00, 0xFA, 0x00, 0xE2, 0x00, 0xE8, 0x00, 0xEE, 0x00, 0xFE, 0x00, 0x1C, 0x00, 0x24, 0x00, 0x18, 
	0x00, 0xF8, 0x00, 0xE2, 0x00, 0xE8, 0x00, 0xE8, 0x00, 0x04, 0x00, 0x1E, 0x00, 0x22, 0x00, 0x0C, 
	0x00, 0xEA, 0x00, 0xE2, 0x00, 0xEC, 0x00, 0xF4, 0x00, 0x12, 0x00, 0x24, 0x00, 0x1E, 0x00, 0x04, 
	0x00, 0xE6, 0x00, 0xE2, 0x00, 0xE6, 0x00, 0xF6, 0x00, 0x0E, 0x00, 0x24, 0x00, 0x1C, 0x00, 0x0E, 
	0x00, 0xF6, 0x00, 0xDE, 0x00, 0xE6, 0x00, 0xF0, 0x00, 0x10, 0x00, 0x22, 0x00, 0x1A, 0x00, 0x08, 
	0x00, 0xE8, 0x00, 0xDE, 0x00, 0xEA, 0x00, 0xF6, 0x00, 0x12, 0x00, 0x26, 0x00, 0x16, 0x00, 0x0A, 
	0x00, 0xE8, 0x00, 0xE4, 0x00, 0xEC, 0x00, 0xF0, 0x00, 0x14, 0x00, 0x24, 0x00, 0x18, 0x00, 0xFC, 
	0x00, 0xE4, 0x00, 0xE8, 0x00, 0xEE, 0x00, 0x00, 0x00, 0x22, 0x00, 0x1E, 0x00, 0x14, 0x00, 0xF8, 
	0x00, 0xDE, 0x00, 0xE8, 0x00, 0xEC, 0x00, 0x10, 0x00, 0x20, 0x00, 0x1A, 0x00, 0x08, 0x00, 0xE4, 
	0x00, 0xE8, 0x00, 0xEA, 0x00, 0xFC, 0x00, 0x20, 0x00, 0x1C, 0x00, 0x12, 0x00, 0xF2, 0x00, 0xDE, 
	0x00, 0xF0, 0x00, 0xEE, 0x00, 0x12, 0x00, 0x20, 0x00, 0x1A, 0x00, 0x06, 0x00, 0xE6, 0x00, 0xE6, 
	0x00, 0xEC, 0x00, 0xF4, 0x00, 0x16, 0x00, 0x22, 0x00, 0x16, 0x00, 0xF8, 0x00, 0xE2, 0x00, 0xEA, 
	0x00, 0xEC, 0x00, 0x04, 0x00, 0x1E, 0x00, 0x22, 0x00, 0x12, 0x00, 0x06, 0x00, 0xE6, 0x00, 0xE4, 
	0x00, 0xE8, 0x00, 0xFA, 0x00, 0x20, 0x00, 0x1E, 0x00, 0x12, 0x00, 0xF8, 0x00, 0xDE, 0x00, 0xEA, 
	0x00, 0xEE, 0x00, 0x12, 0x00, 0x20, 0x00, 0x18, 0x00, 0x06, 0x00, 0xE4, 0x00, 0xE4, 0x00, 0xEA, 
	0x00, 0xF4, 0x00, 0x12, 0x00, 0x24, 0x00, 0x18, 0x00, 0x0A, 0x00, 0xE2, 0x00, 0xE6, 0x00, 0xEC, 
	0x00, 0x00, 0x00, 0x22, 0x00, 0x1E, 0x00, 0x12, 0x00, 0xF0, 0x00, 0xDE, 0x00, 0xEA, 0x00, 0xF2, 
	0x00, 0x18, 0x00, 0x20, 0x00, 0x18, 0x00, 0x02, 0x00, 0xE6, 0x00, 0xE6, 0x00, 0xEA, 0x00, 0xFA, 
	0x00, 0x12, 0x00, 0x24, 0x00, 0x18, 0x00, 0x02, 0x00, 0xE6, 0x00, 0xE6, 0x00, 0xEE, 0x00, 0xF8, 
	0x00, 0x16, 0x00, 0x20, 0x00, 0x16, 0x00, 0xF6, 0x00, 0xE0, 0x00, 0xEC, 0x00, 0xF0, 0x00, 0x08, 
	0x00, 0x1E, 0x00, 0x1A, 0x00, 0x0E, 0x00, 0xF0, 0x00, 0xE4, 0x00, 0xE8, 0x00, 0xF4, 0x00, 0x06, 
	0x00, 0x1C, 0x00, 0x1E, 0x00, 0x0E, 0x00, 0xF2, 0x00, 0xE4, 0x00, 0xEC, 0x00, 0xF4, 0x00, 0x00, 
	0x00, 0x1A, 0x00, 0x1A, 0x00, 0x0E, 0x00, 0xF6, 0x00, 0xE4, 0x00, 0xEC, 0x00, 0xF4, 0x00, 0x0C, 
	0x00, 0x1E, 0x00, 0x16, 0x00, 0x0C, 0x00, 0xF4, 0x00, 0xDE, 0x00, 0xEE, 0x00, 0xF4, 0x00, 0x0E, 
	0x00, 0x20, 0x00, 0x16, 0x00, 0x08, 0x00, 0xE6, 0x00, 0xE4, 0x00, 0xF0, 0x00, 0x00, 0x00, 0x1A, 
	0x00, 0x1A, 0x00, 0x12, 0x00, 0x00, 0x00, 0xE2, 0x00, 0xEA, 0x00, 0xEE, 0x00, 0x00, 0x00, 0x1E, 
	0x00, 0x14, 0x00, 0x0E, 0x00, 0xF2, 0x00, 0xE4, 0x00, 0xF0, 0x00, 0xF6, 0x00, 0x14, 0x00, 0x1C, 
	0x00, 0x0E, 0x00, 0x06, 0x00, 0xE2, 0x00, 0xEA, 0x00, 0xF0, 0x00, 0x02, 0x00, 0x20, 0x00, 0x1A, 
	0x00, 0x12, 0x00, 0xF2, 0x00, 0xE0, 0x00, 0xEC, 0x00, 0xF2, 0x00, 0x06, 0x00, 0x20, 0x00, 0x1A, 
	0x00, 0x0A, 0x00, 0xEA, 0x00, 0xE8, 0x00, 0xEE, 0x00, 0xFA, 0x00, 0x16, 0x00, 0x1E, 0x00, 0x16, 
	0x00, 0xF4, 0x00, 0xE6, 0x00, 0xEC, 0x00, 0xF2, 0x00, 0xFC, 0x00, 0x12, 0x00, 0x20, 0x00, 0x14, 
	0x00, 0x08, 0x00, 0xE4, 0x00, 0xEA, 0x00, 0xEE, 0x00, 0x00, 0x00, 0x1E, 0x00, 0x18, 0x00, 0x12, 
	0x00, 0xF4, 0x00, 0xE0, 0x00, 0xEC, 0x00, 0xF2, 0x00, 0x16, 0x00, 0x1C, 0x00, 0x18, 0x00, 0x00, 
	0x00, 0xE4, 0x00, 0xE8, 0x00, 0xEE, 0x00, 0xF8, 0x00, 0x14, 0x00, 0x22, 0x00, 0x14, 0x00, 0x00, 
	0x00, 0xE4, 0x00, 0xE4, 0x00, 0xEE, 0x00, 0xFC, 0x00, 0x14, 0x00, 0x22, 0x00, 0x16, 0x00, 0x00, 
	0x00, 0xE4, 0x00, 0xE8, 0x00, 0xEC, 0x00, 0xFC, 0x00, 0x14, 0x00, 0x1E, 0x00, 0x14, 0x00, 0x06, 
	0x00, 0xE4, 0x00, 0xE6, 0x00, 0xEE, 0x00, 0xFE, 0x00, 0x24, 0x00, 0x1A, 0x00, 0x12, 0x00, 0xF4, 
	0x00, 0xE4, 0x00, 0xEA, 0x00, 0xF2, 0x00, 0x06, 0x00, 0x1E, 0x00, 0x1A, 0x00, 0x14, 0x00, 0xF4, 
	0x00, 0xE4, 0x00, 0xE8, 0x00, 0xF0, 0x00, 0x02, 0x00, 0x1C, 0x00, 0x1E, 0x00, 0x14, 0x00, 0x00, 
	0x00, 0xE6, 0x00, 0xE8, 0x00, 0xEC, 0x00, 0xFA, 0x00, 0x14, 0x00, 0x1E, 0x00, 0x16, 0x00, 0x02, 
	0x00, 0xE8, 0x00, 0xE8, 0x00, 0xEE, 0x00, 0xFA, 0x00, 0x12, 0x00, 0x1E, 0x00, 0x12, 0x00, 0x04, 
	0x00, 0xEA, 0x00, 0xE8, 0x00, 0xF2, 0x00, 0xFA, 0x00, 0x14, 0x00, 0x1C, 0x00, 0x12, 0x00, 0xF8, 
	0x00, 0xE8, 0x00, 0xEE, 0x00, 0xF4, 0x00, 0x04, 0x00, 0x18, 0x00, 0x18, 0x00, 0x0C, 0x00, 0x02, 
	0x00, 0xE8, 0x00, 0xEC, 0x00, 0xF2, 0x00, 0xFE, 0x00, 0x1C, 0x00, 0x14, 0x00, 0x0E, 0x00, 0xF8, 
	0x00, 0xE4, 0x00, 0xF4, 0x00, 0xF4, 0x00, 0x0E, 0x00, 0x1A, 0x00, 0x0E, 0x00, 0x06, 0x00, 0xE8, 
	0x00, 0xEA, 0x00, 0xF2, 0x00, 0xFE, 0x00, 0x1A, 0x00, 0x14, 0x00, 0x12, 0x00, 0x00, 0x00, 0xE8, 
	0x00, 0xEA, 0x00, 0xF0, 0x00, 0xF8, 0x00, 0x10, 0x00, 0x1C, 0x00, 0x10, 0x00, 0x06, 0x00, 0xE6, 
	0x00, 0xEC, 0x00, 0xEE, 0x00, 0x00, 0x00, 0x20, 0x00, 0x18, 0x00, 0x0E, 0x00, 0xF4, 0x00, 0xE4, 
	0x00, 0xF0, 0x00, 0xF2, 0x00, 0x04, 0x00, 0x1C, 0x00, 0x1A, 0x00, 0x0E, 0x00, 0xF4, 0x00, 0xE4, 
	0x00, 0xF0, 0x00, 0xF0, 0x00, 0x08, 0x00, 0x1C, 0x00, 0x18, 0x00, 0x0A, 0x00, 0xEA, 0x00, 0xE6, 
	0x00, 0xF0, 0x00, 0xF6, 0x00, 0x12, 0x00, 0x1C, 0x00, 0x14, 0x00, 0x06, 0x00, 0xEA, 0x00, 0xEC, 
	0x00, 0xEE, 0x00, 0xF6, 0x00, 0x0A, 0x00, 0x18, 0x00, 0x18, 0x00, 0x0C, 0x00, 0xF8, 0x00, 0xE6, 
	0x00, 0xEC, 0x00, 0xF6, 0x00, 0x0E, 0x00, 0x18, 0x00, 0x12, 0x00, 0x04, 0x00, 0xE8, 0x00, 0xEA, 
	0x00, 0xF2, 0x00, 0x00, 0x00, 0x16, 0x00, 0x12, 0x00, 0x10, 0x00, 0x00, 0x00, 0xEE, 0x00, 0xEC, 
	0x00, 0xF4, 0x00, 0xF6, 0x00, 0x0C, 0x00, 0x18, 0x00, 0x10, 0x00, 0x08, 0x00, 0xEC, 0x00, 0xEC, 
	0x00, 0xF2, 0x00, 0xFE, 0x00, 0x12, 0x00, 0x1A, 0x00, 0x0E, 0x00, 0x02, 0x00, 0xE8, 0x00, 0xE8, 
	0x00, 0xF2, 0x00, 0xFE, 0x00, 0x18, 0x00, 0x16, 0x00, 0x0E, 0x00, 0xF6, 0x00, 0xE6, 0x00, 0xF0, 
	0x00, 0xF8, 0x00, 0x04, 0x00, 0x18, 0x00, 0x14, 0x00, 0x06, 0x00, 0xEC, 0x00, 0xE8, 0x00, 0xF6, 
	0x00, 0xFA, 0x00, 0x10, 0x00, 0x18, 0x00, 0x10, 0x00, 0x04, 0x00, 0xE8, 0x00, 0xEC, 0x00, 0xF2, 
	0x00, 0x04, 0x00, 0x1A, 0x00, 0x12, 0x00, 0x0E, 0x00, 0xF4, 0x00, 0xE6, 0x00, 0xF4, 0x00, 0xF2, 
	0x00, 0x10, 0x00, 0x18, 0x00, 0x10, 0x00, 0x06, 0x00, 0xE6, 0x00, 0xEC, 0x00, 0xF2, 0x00, 0x00, 
	0x00, 0x1A, 0x00, 0x14, 0x00, 0x0E, 0x00, 0xF6, 0x00, 0xE6, 0x00, 0xF0, 0x00, 0xF6, 0x00, 0x02, 
	0x00, 0x16, 0x00, 0x14, 0x00, 0x10, 0x00, 0xF6, 0x00, 0xE6, 0x00, 0xF2, 0x00, 0xF2, 0x00, 0x0E, 
	0x00, 0x14, 0x00, 0x0E, 0x00, 0x08, 0x00, 0xEA, 0x00, 0xF0, 0x00, 0xF2, 0x00, 0xFC, 0x00, 0x18, 
	0x00, 0x12, 0x00, 0x0E, 0x00, 0xFA, 0x00, 0xE8, 0x00, 0xEE, 0x00, 0xF4, 0x00, 0x0E, 0x00, 0x1A, 
	0x00, 0x16, 0x00, 0x04, 0x00, 0xEE, 0x00, 0xEC, 0x00, 0xF4, 0x00, 0xFA, 0x00, 0x0C, 0x00, 0x18, 
	0x00, 0x10, 0x00, 0x04, 0x00, 0xEE, 0x00, 0xEC, 0x00, 0xF2, 0x00, 0xF8, 0x00, 0x0A, 0x00, 0x18, 
	0x00, 0x0E, 0x00, 0xFE, 0x00, 0xEC, 0x00, 0xF2, 0x00, 0xF2, 0x00, 0x02, 0x00, 0x14, 0x00, 0x14, 
	0x00, 0x0C, 0x00, 0xF8, 0x00, 0xEC, 0x00, 0xF2, 0x00, 0xF4, 0x00, 0x02, 0x00, 0x16, 0x00, 0x12, 
	0x00, 0x08, 0x00, 0xF2, 0x00, 0xEA, 0x00, 0xF6, 0x00, 0xF8, 0x00, 0x0E, 0x00, 0x16, 0x00, 0x0E, 
	0x00, 0x04, 0x00, 0xEE, 0x00, 0xF0, 0x00, 0xF6, 0x00, 0xF8, 0x00, 0x0E, 0x00, 0x16, 0x00, 0x0C, 
	0x00, 0x04, 0x00, 0xEA, 0x00, 0xF0, 0x00, 0xF6, 0x00, 0x02, 0x00, 0x16, 0x00, 0x12, 0x00, 0x0A, 
	0x00, 0xF2, 0x00, 0xEC, 0x00, 0xF0, 0x00, 0xF8, 0x00, 0x04, 0x00, 0x14, 0x00, 0x14, 0x00, 0x0A, 
	0x00, 0xF6, 0x00, 0xEA, 0x00, 0xF2, 0x00, 0xFA, 0x00, 0x0E, 0x00, 0x18, 0x00, 0x10, 0x00, 0x00, 
	0x00, 0xE8, 0x00, 0xEC, 0x00, 0xF0, 0x00, 0x02, 0x00, 0x18, 0x00, 0x16, 0x00, 0x10, 0x00, 0xF2, 
	0x00, 0xE8, 0x00, 0xF0, 0x00, 0xF2, 0x00, 0x06, 0x00, 0x14, 0x00, 0x16, 0x00, 0x0C, 0x00, 0xF4, 
	0x00, 0xEC, 0x00, 0xEE, 0x00, 0xF4, 0x00, 0x04, 0x00, 0x18, 0x00, 0x18, 0x00, 0x0E, 0x00, 0xF2, 
	0x00, 0xE4, 0x00, 0xF0, 0x00, 0xF6, 0x00, 0x12, 0x00, 0x1A, 0x00, 0x12, 0x00, 0x02, 0x00, 0xE8, 
	0x00, 0xEC, 0x00, 0xF0, 0x00, 0x02, 0x00, 0x16, 0x00, 0x16, 0x00, 0x10, 0x00, 0x00, 0x00, 0xE8, 
	0x00, 0xEA, 0x00, 0xF0, 0x00, 0x02, 0x00, 0x1A, 0x00, 0x16, 0x00, 0x0E, 0x00, 0xF4, 0x00, 0xE6, 
	0x00, 0xF0, 0x00, 0xF2, 0x00, 0x12, 0x00, 0x1C, 0x00, 0x14, 0x00, 0x02, 0x00, 0xE8, 0x00, 0xEA, 
	0x00, 0xF2, 0x00, 0xFA, 0x00, 0x10, 0x00, 0x1A, 0x00, 0x14, 0x00, 0x02, 0x00, 0xEA, 0x00, 0xEA, 
	0x00, 0xF0, 0x00, 0xFC, 0x00, 0x0E, 0x00, 0x1A, 0x00, 0x10, 0x00, 0x02, 0x00, 0xE8, 0x00, 0xEC, 
	0x00, 0xF0, 0x00, 0x04, 0x00, 0x18, 0x00, 0x14, 0x00, 0x0C, 0x00, 0xFE, 0x00, 0xEA, 0x00, 0xEA, 
	0x00, 0xF2, 0x00, 0x02, 0x00, 0x1A, 0x00, 0x14, 0x00, 0x0C, 0x00, 0xF2, 0x00, 0xE8, 0x00, 0xEE, 
	0x00, 0xF6, 0x00, 0x06, 0x00, 0x1A, 0x00, 0x16, 0x00, 0x0C, 0x00, 0xF2, 0x00, 0xE8, 0x00, 0xEE, 
	0x00, 0xF4, 0x00, 0x08, 0x00, 0x1C, 0x00, 0x18, 0x00, 0x08, 0x00, 0xF0, 0x00, 0xE4, 0x00, 0xF0, 
	0x00, 0xF4, 0x00, 0x14, 0x00, 0x1C, 0x00, 0x12, 0x00, 0xFE, 0x00, 0xEA, 0x00, 0xEC, 0x00, 0xF4, 
	0x00, 0xF8, 0x00, 0x10, 0x00, 0x1C, 0x00, 0x12, 0x00, 0x02, 0x00, 0xEA, 0x00, 0xEA, 0x00, 0xF2, 
	0x00, 0xF8, 0x00, 0x12, 0x00, 0x1A, 0x00, 0x12, 0x00, 0x04, 0x00, 0xEC, 0x00, 0xEC, 0x00, 0xF2, 
	0x00, 0xFA, 0x00, 0x10, 0x00, 0x18, 0x00, 0x10, 0x00, 0x02, 0x00, 0xEE, 0x00, 0xEE, 0x00, 0xF2, 
	0x00, 0xF8, 0x00, 0x10, 0x00, 0x18, 0x00, 0x10, 0x00, 0x02, 0x00, 0xEE, 0x00, 0xEE, 0x00, 0xF4, 
	0x00, 0xFC, 0x00, 0x10, 0x00, 0x18, 0x00, 0x0E, 0x00, 0x00, 0x00, 0xEE, 0x00, 0xEE, 0x00, 0xF4, 
	0x00, 0xFC, 0x00, 0x0E, 0x00, 0x16, 0x00, 0x0E, 0x00, 0x02, 0x00, 0xEE, 0x00, 0xF0, 0x00, 0xF2, 
	0x00, 0xFE, 0x00, 0x0C, 0x00, 0x16, 0x00, 0x0E, 0x00, 0x06, 0x00, 0xEA, 0x00, 0xF0, 0x00, 0xF2, 
	0x00, 0x02, 0x00, 0x14, 0x00, 0x0E, 0x00, 0x0E, 0x00, 0xF6, 0x00, 0xEE, 0x00, 0xF0, 0x00, 0xF6, 
	0x00, 0x04, 0x00, 0x12, 0x00, 0x12, 0x00, 0x0E, 0x00, 0xF8, 0x00, 0xF0, 0x00, 0xF2, 0x00, 0xF8, 
	0x00, 0x00, 0x00, 0x10, 0x00, 0x10, 0x00, 0x0C, 0x00, 0xFA, 0x00, 0xF0, 0x00, 0xF4, 0x00, 0xF4, 
	0x00, 0x00, 0x00, 0x0E, 0x00, 0x12, 0x00, 0x0E, 0x00, 0xFC, 0x00, 0xF2, 0x00, 0xF2, 0x00, 0xF4, 
	0x00, 0x00, 0x00, 0x10, 0x00, 0x10, 0x00, 0x0C, 0x00, 0xFA, 0x00, 0xF2, 0x00, 0xF4, 0x00, 0xF6, 
	0x00, 0x00, 0x00, 0x0E, 0x00, 0x10, 0x00, 0x0C, 0x00, 0xFA, 0x00, 0xEE, 0x00, 0xF4, 0x00, 0xF4, 
	0x00, 0x0A, 0x00, 0x12, 0x00, 0x10, 0x00, 0x04, 0x00, 0xF2, 0x00, 0xF2, 0x00, 0xF2, 0x00, 0xF6, 
	0x00, 0x08, 0x00, 0x14, 0x00, 0x14, 0x00, 0x06, 0x00, 0xEE, 0x00, 0xF4, 0x00, 0xF2, 0x00, 0xFE, 
	0x00, 0x10, 0x00, 0x10, 0x00, 0x0C, 0x00, 0xFA, 0x00, 0xF2, 0x00, 0xF4, 0x00, 0xF4, 0x00, 0x00, 
	0x00, 0x0E, 0x00, 0x12, 0x00, 0x06, 0x00, 0xF4, 0x00, 0xF4, 0x00, 0xF6, 0x00, 0xFA, 0x00, 0x08, 
	0x00, 0x10, 0x00, 0x10, 0x00, 0x02, 0x00, 0xF2, 0x00, 0xF2, 0x00, 0xF6, 0x00, 0xFA, 0x00, 0x08, 
	0x00, 0x14, 0x00, 0x10, 0x00, 0x04, 0x00, 0xF0, 0x00, 0xF0, 0x00, 0xF4, 0x00, 0xF8, 0x00, 0x08, 
	0x00, 0x12, 0x00, 0x10, 0x00, 0x06, 0x00, 0xF0, 0x00, 0xF0, 0x00, 0xF2, 0x00, 0xFA, 0x00, 0x10, 
	0x00, 0x10, 0x00, 0x10, 0x00, 0x02, 0x00, 0xF4, 0x00, 0xEE, 0x00, 0xF0, 0x00, 0xF4, 0x00, 0x08, 
	0x00, 0x16, 0x00, 0x0E, 0x00, 0x08, 0x00, 0xF0, 0x00, 0xF0, 0x00, 0xF2, 0x00, 0xFC, 0x00, 0x14, 
	0x00, 0x10, 0x00, 0x0E, 0x00, 0xFC, 0x00, 0xEE, 0x00, 0xF6, 0x00, 0xF4, 0x00, 0x0A, 0x00, 0x12, 
	0x00, 0x0E, 0x00, 0x06, 0x00, 0xF2, 0x00, 0xF2, 0x00, 0xF2, 0x00, 0xF6, 0x00, 0x08, 0x00, 0x14, 
	0x00, 0x10, 0x00, 0x04, 0x00, 0xF4, 0x00, 0xF2, 0x00, 0xF2, 0x00, 0xF8, 0x00, 0x06, 0x00, 0x14, 
	0x00, 0x0E, 0x00, 0x0E, 0x00, 0xFA, 0x00, 0xEC, 0x00, 0xF2, 0x00, 0xF2, 0x00, 0x08, 0x00, 0x12, 
	0x00, 0x0E, 0x00, 0x0C, 0x00, 0xFA, 0x00, 0xEE, 0x00, 0xF0, 0x00, 0xF0, 0x00, 0x02, 0x00, 0x14, 
	0x00, 0x12, 0x00, 0x0A, 0x00, 0xF4, 0x00, 0xF0, 0x00, 0xF4, 0x00, 0xF4, 0x00, 0x0A, 0x00, 0x12, 
	0x00, 0x10, 0x00, 0x08, 0x00, 0xF4, 0x00, 0xF2, 0x00, 0xF4, 0x00, 0xF4, 0x00, 0x0A, 0x00, 0x14, 
	0x00, 0x12, 0x00, 0x08, 0x00, 0xF2, 0x00, 0xF0, 0x00, 0xF0, 0x00, 0xF2, 0x00, 0x0C, 0x00, 0x14, 
	0x00, 0x14, 0x00, 0x06, 0x00, 0xF2, 0x00, 0xEE, 0x00, 0xF0, 0x00, 0xF4, 0x00, 0x0A, 0x00, 0x14, 
	0x00, 0x14, 0x00, 0x08, 0x00, 0xF0, 0x00, 0xF0, 0x00, 0xF0, 0x00, 0xF6, 0x00, 0x0A, 0x00, 0x16, 
	0x00, 0x14, 0x00, 0x06, 0x00, 0xF2, 0x00, 0xEE, 0x00, 0xEE, 0x00, 0xF6, 0x00, 0x0A, 0x00, 0x16, 
	0x00, 0x14, 0x00, 0x0A, 0x00, 0xEC, 0x00, 0xEE, 0x00, 0xEC, 0x00, 0xFC, 0x00, 0x16, 0x00, 0x12, 
	0x00, 0x12, 0x00, 0xFC, 0x00, 0xEA, 0x00, 0xF2, 0x00, 0xEE, 0x00, 0x0C, 0x00, 0x16, 0x00, 0x12, 
	0x00, 0x08, 0x00, 0xF0, 0x00, 0xEE, 0x00, 0xEE, 0x00, 0xF4, 0x00, 0x0A, 0x00, 0x1A, 0x00, 0x12, 
	0x00, 0x08, 0x00, 0xF2, 0x00, 0xEC, 0x00, 0xEE, 0x00, 0xF4, 0x00, 0x0C, 0x00, 0x18, 0x00, 0x10, 
	0x00, 0x00, 0x00, 0xF0, 0x00, 0xF2, 0x00, 0xF0, 0x00, 0xFC, 0x00, 0x14, 0x00, 0x14, 0x00, 0x0A, 
	0x00, 0xF6, 0x00, 0xEE, 0x00, 0xF4, 0x00, 0xF4, 0x00, 0x06, 0x00, 0x16, 0x00, 0x14, 0x00, 0x0C, 
	0x00, 0xFA, 0x00, 0xEE, 0x00, 0xF0, 0x00, 0xF0, 0x00, 0xFE, 0x00, 0x12, 0x00, 0x16, 0x00, 0x0A, 
	0x00, 0xF6, 0x00, 0xF0, 0x00, 0xF2, 0x00, 0xF6, 0x00, 0x06, 0x00, 0x16, 0x00, 0x12, 0x00, 0x0E, 
	0x00, 0xFA, 0x00, 0xEA, 0x00, 0xEE, 0x00, 0xF0, 0x00, 0x08, 0x00, 0x18, 0x00, 0x14, 0x00, 0x06, 
	0x00, 0xF2, 0x00, 0xEC, 0x00, 0xF0, 0x00, 0xF4, 0x00, 0x0A, 0x00, 0x18, 0x00, 0x12, 0x00, 0x06, 
	0x00, 0xF2, 0x00, 0xEC, 0x00, 0xF2, 0x00, 0xF4, 0x00, 0x0A, 0x00, 0x18, 0x00, 0x12, 0x00, 0x08, 
	0x00, 0xF0, 0x00, 0xEC, 0x00, 0xF2, 0x00, 0xF6, 0x00, 0x0A, 0x00, 0x18, 0x00, 0x10, 0x00, 0x0A, 
	0x00, 0xEC, 0x00, 0xEE, 0x00, 0xF2, 0x00, 0xFC, 0x00, 0x14, 0x00, 0x12, 0x00, 0x0E, 0x00, 0xFC, 
	0x00, 0xEA, 0x00, 0xF2, 0x00, 0xF2, 0x00, 0x02, 0x00, 0x14, 0x00, 0x14, 0x00, 0x06, 0x00, 0xF4, 
	0x00, 0xF0, 0x00, 0xF2, 0x00, 0xF6, 0x00, 0x00, 0x00, 0x14, 0x00, 0x14, 0x00, 0x08, 0x00, 0xF4, 
	0x00, 0xEE, 0x00, 0xF8, 0x00, 0xF6, 0x00, 0x0A, 0x00, 0x16, 0x00, 0x0E, 0x00, 0x06, 0x00, 0xF2, 
	0x00, 0xEE, 0x00, 0xF4, 0x00, 0xF6, 0x00, 0x0A, 0x00, 0x16, 0x00, 0x10, 0x00, 0x06, 0x00, 0xF0, 
	0x00, 0xEE, 0x00, 0xF2, 0x00, 0xFE, 0x00, 0x12, 0x00, 0x14, 0x00, 0x0E, 0x00, 0x02, 0x00, 0xF0, 
	0x00, 0xEE, 0x00, 0xF4, 0x00, 0xF8, 0x00, 0x0C, 0x00, 0x16, 0x00, 0x0E, 0x00, 0x08, 0x00, 0xEE, 
	0x00, 0xEE, 0x00, 0xF2, 0x00, 0xF6, 0x00, 0x0C, 0x00, 0x16, 0x00, 0x10, 0x00, 0x08, 0x00, 0xEE, 
	0x00, 0xEE, 0x00, 0xF2, 0x00, 0xFE, 0x00, 0x14, 0x00, 0x14, 0x00, 0x0E, 0x00, 0xFC, 0x00, 0xEC, 
	0x00, 0xEE, 0x00, 0xF4, 0x00, 0x00, 0x00, 0x14, 0x00, 0x14, 0x00, 0x0E, 0x00, 0xF8, 0x00, 0xEC, 
	0x00, 0xF0, 0x00, 0xF4, 0x00, 0x00, 0x00, 0x14, 0x00, 0x16, 0x00, 0x0E, 0x00, 0xF8, 0x00, 0xEC, 
	0x00, 0xF0, 0x00, 0xF4, 0x00, 0x02, 0x00, 0x16, 0x00, 0x14, 0x00, 0x0C, 0x00, 0xFA, 0x00, 0xEE, 
	0x00, 0xF2, 0x00, 0xF2, 0x00, 0x02, 0x00, 0x14, 0x00, 0x14, 0x00, 0x0A, 0x00, 0xFA, 0x00, 0xEA, 
	0x00, 0xF0, 0x00, 0xF6, 0x00, 0x04, 0x00, 0x14, 0x00, 0x12, 0x00, 0x0C, 0x00, 0xFA, 0x00, 0xEC, 
	0x00, 0xF2, 0x00, 0xF6, 0x00, 0x04, 0x00, 0x14, 0x00, 0x10, 0x00, 0x0C, 0x00, 0xF8, 0x00, 0xEC, 
	0x00, 0xF2, 0x00, 0xF6, 0x00, 0x04, 0x00, 0x16, 0x00, 0x12, 0x00, 0x0C, 0x00, 0xF6, 0x00, 0xE8, 
	0x00, 0xF2, 0x00, 0xF8, 0x00, 0x0E, 0x00, 0x14, 0x00, 0x10, 0x00, 0x08, 0x00, 0xF4, 0x00, 0xEE, 
	0x00, 0xF0, 0x00, 0xF6, 0x00, 0x02, 0x00, 0x14, 0x00, 0x14, 0x00, 0x0C, 0x00, 0xF8, 0x00, 0xEC, 
	0x00, 0xF4, 0x00, 0xF6, 0x00, 0x02, 0x00, 0x14, 0x00, 0x10, 0x00, 0x0A, 0x00, 0xFA, 0x00, 0xEC, 
	0x00, 0xF4, 0x00, 0xF8, 0x00, 0x0C, 0x00, 0x14, 0x00, 0x0C, 0x00, 0x04, 0x00, 0xEE, 0x00, 0xF2, 
	0x00, 0xF6, 0x00, 0xFE, 0x00, 0x12, 0x00, 0x10, 0x00, 0x0A, 0x00, 0xF6, 0x00, 0xEE, 0x00, 0xF4, 
	0x00, 0xF8, 0x00, 0x00, 0x00, 0x14, 0x00, 0x0E, 0x00, 0x08, 0x00, 0xF8, 0x00, 0xEC, 0x00, 0xF8, 
	0x00, 0xF8, 0x00, 0x0C, 0x00, 0x16, 0x00, 0x0E, 0x00, 0x04, 0x00, 0xEC, 0x00, 0xF0, 0x00, 0xF6, 
	0x00, 0x00, 0x00, 0x14, 0x00, 0x10, 0x00, 0x0A, 0x00, 0xF8, 0x00, 0xEC, 0x00, 0xF2, 0x00, 0xF6, 
	0x00, 0x02, 0x00, 0x14, 0x00, 0x14, 0x00, 0x0A, 0x00, 0xF8, 0x00, 0xEE, 0x00, 0xF4, 0x00, 0xF6, 
	0x00, 0x02, 0x00, 0x12, 0x00, 0x14, 0x00, 0x06, 0x00, 0xF4, 0x00, 0xEE, 0x00, 0xF4, 0x00, 0xFC, 
	0x00, 0x0A, 0x00, 0x14, 0x00, 0x10, 0x00, 0x02, 0x00, 0xF2, 0x00, 0xEE, 0x00, 0xF2, 0x00, 0xFC, 
	0x00, 0x0C, 0x00, 0x16, 0x00, 0x10, 0x00, 0x08, 0x00, 0xF0, 0x00, 0xEC, 0x00, 0xF2, 0x00, 0xFE, 
	0x00, 0x12, 0x00, 0x14, 0x00, 0x0C, 0x00, 0x02, 0x00, 0xEE, 0x00, 0xEE, 0x00, 0xF2, 0x00, 0xFC, 
	0x00, 0x14, 0x00, 0x10, 0x00, 0x0E, 0x00, 0xFA, 0x00, 0xEE, 0x00, 0xF0, 0x00, 0xF6, 0x00, 0x00, 
	0x00, 0x12, 0x00, 0x14, 0x00, 0x0C, 0x00, 0xFA, 0x00, 0xEA, 0x00, 0xF2, 0x00, 0xF6, 0x00, 0x0C, 
	0x00, 0x12, 0x00, 0x10, 0x00, 0x06, 0x00, 0xEE, 0x00, 0xF0, 0x00, 0xF4, 0x00, 0x00, 0x00, 0x12, 
	0x00, 0x0C, 0x00, 0x0C, 0x00, 0x00, 0x00, 0xF2, 0x00, 0xF2, 0x00, 0xF6, 0x00, 0xFA, 0x00, 0x08, 
	0x00, 0x10, 0x00, 0x10, 0x00, 0x04, 0x00, 0xF4, 0x00, 0xF2, 0x00, 0xF4, 0x00, 0xFA, 0x00, 0x08, 
	0x00, 0x12, 0x00, 0x10, 0x00, 0x04, 0x00, 0xF4, 0x00, 0xF2, 0x00, 0xF4, 0x00, 0xF8, 0x00, 0x06, 
	0x00, 0x14, 0x00, 0x10, 0x00, 0x06, 0x00, 0xF2, 0x00, 0xF2, 0x00, 0xF2, 0x00, 0xFA, 0x00, 0x0A, 
	0x00, 0x12, 0x00, 0x0C, 0x00, 0xFA, 0x00, 0xF0, 0x00, 0xF6, 0x00, 0xF6, 0x00, 0x00, 0x00, 0x12, 
	0x00, 0x10, 0x00, 0x0C, 0x00, 0xFA, 0x00, 0xF2, 0x00, 0xF2, 0x00, 0xF6, 0x00, 0xFE, 0x00, 0x12, 
	0x00, 0x10, 0x00, 0x0C, 0x00, 0xFC, 0x00, 0xEE, 0x00, 0xF4, 0x00, 0xF8, 0x00, 0x0A, 0x00, 0x12, 
	0x00, 0x0E, 0x00, 0x02, 0x00, 0xF2, 0x00, 0xF0, 0x00, 0xF2, 0x00, 0xFA, 0x00, 0x0A, 0x00, 0x12, 
	0x00, 0x0E, 0x00, 0x04, 0x00, 0xF0, 0x00, 0xF2, 0x00, 0xF4, 0x00, 0x00, 0x00, 0x12, 0x00, 0x0E, 
	0x00, 0x0C, 0x00, 0xF8, 0x00, 0xF0, 0x00, 0xF2, 0x00, 0xF6, 0x00, 0x00, 0x00, 0x12, 0x00, 0x10, 
	0x00, 0x0A, 0x00, 0xF8, 0x00, 0xF0, 0x00, 0xF2, 0x00, 0xF6, 0x00, 0x00, 0x00, 0x12, 0x00, 0x10, 
	0x00, 0x08, 0x00, 0xFA, 0x00, 0xEE, 0x00, 0xF6, 0x00, 0xF6, 0x00, 0x0A, 0x00, 0x14, 0x00, 0x0C, 
	0x00, 0x04, 0x00, 0xF0, 0x00, 0xF0, 0x00, 0xF4, 0x00, 0x02, 0x00, 0x14, 0x00, 0x10, 0x00, 0x0A, 
	0x00, 0xF6, 0x00, 0xEE, 0x00, 0xF4, 0x00, 0xF8, 0x00, 0x02, 0x00, 0x14, 0x00, 0x10, 0x00, 0x0A, 
	0x00, 0xF6, 0x00, 0xEC, 0x00, 0xF8, 0x00, 0xF6, 0x00, 0x0E, 0x00, 0x14, 0x00, 0x0E, 0x00, 0x02, 
	0x00, 0xEE, 0x00, 0xF0, 0x00, 0xF6, 0x00, 0xFC, 0x00, 0x08, 0x00, 0x14, 0x00, 0x0E, 0x00, 0x06, 
	0x00, 0xF6, 0x00, 0xEE, 0x00, 0xF6, 0x00, 0xF6, 0x00, 0x0A, 0x00, 0x10, 0x00, 0x0C, 0x00, 0x06, 
	0x00, 0xEE, 0x00, 0xF2, 0x00, 0xF4, 0x00, 0x02, 0x00, 0x12, 0x00, 0x0E, 0x00, 0x08, 0x00, 0xF6, 
	0x00, 0xF0, 0x00, 0xF6, 0x00, 0xFC, 0x00, 0x02, 0x00, 0x12, 0x00, 0x0E, 0x00, 0x08, 0x00, 0xF8, 
	0x00, 0xEE, 0x00, 0xF4, 0x00, 0xFA, 0x00, 0x00, 0x00, 0x12, 0x00, 0x0E, 0x00, 0x08, 0x00, 0xFA, 
	0x00, 0xEE, 0x00, 0xF6, 0x00, 0xFA, 0x00, 0x08, 0x00, 0x12, 0x00, 0x0C, 0x00, 0x06, 0x00, 0xF8, 
	0x00, 0xEE, 0x00, 0xF6, 0x00, 0xF8, 0x00, 0x0A, 0x00, 0x12, 0x00, 0x0A, 0x00, 0x02, 0x00, 0xEE, 
	0x00, 0xF2, 0x00, 0xFA, 0x00, 0x00, 0x00, 0x10, 0x00, 0x0E, 0x00, 0x0A, 0x00, 0xFE, 0x00, 0xEE, 
	0x00, 0xF2, 0x00, 0xF8, 0x00, 0x02, 0x00, 0x12, 0x00, 0x0E, 0x00, 0x06, 0x00, 0xF8, 0x00, 0xEE, 
	0x00, 0xF6, 0x00, 0xFA, 0x00, 0x00, 0x00, 0x12, 0x00, 0x0E, 0x00, 0x08, 0x00, 0xF8, 0x00, 0xEE, 
	0x00, 0xF8, 0x00, 0xFA, 0x00, 0x00, 0x00, 0x10, 0x00, 0x0E, 0x00, 0x02, 0x00, 0xF4, 0x00, 0xF0, 
	0x00, 0xFA, 0x00, 0xFC, 0x00, 0x0A, 0x00, 0x12, 0x00, 0x0C, 0x00, 0x00, 0x00, 0xF2, 0x00, 0xF2, 
	0x00, 0xFA, 0x00, 0xFC, 0x00, 0x0A, 0x00, 0x10, 0x00, 0x08, 0x00, 0xFA, 0x00, 0xF0, 0x00, 0xF6, 
	0x00, 0xFC, 0x00, 0x04, 0x00, 0x12, 0x00, 0x0E, 0x00, 0x08, 0x00, 0xF8, 0x00, 0xF0, 0x00, 0xF6, 
	0x00, 0xFA, 0x00, 0x02, 0x00, 0x12, 0x00, 0x10, 0x00, 0x08, 0x00, 0xFA, 0x00, 0xEE, 0x00, 0xF8, 
	0x00, 0xF8, 0x00, 0x0C, 0x00, 0x10, 0x00, 0x0E, 0x00, 0x02, 0x00, 0xF0, 0x00, 0xF2, 0x00, 0xF6, 
	0x00, 0xFA, 0x00, 0x0A, 0x00, 0x10, 0x00, 0x0C, 0x00, 0x02, 0x00, 0xF2, 0x00, 0xF4, 0x00, 0xF6, 
	0x00, 0xFA, 0x00, 0x0A, 0x00, 0x12, 0x00, 0x0C, 0x00, 0xFA, 0x00, 0xF2, 0x00, 0xF4, 0x00, 0xFA, 
	0x00, 0xFC, 0x00, 0x08, 0x00, 0x14, 0x00, 0x0C, 0x00, 0x04, 0x00, 0xF0, 0x00, 0xF4, 0x00, 0xF6, 
	0x00, 0x00, 0x00, 0x10, 0x00, 0x0E, 0x00, 0x08, 0x00, 0xF8, 0x00, 0xF0, 0x00, 0xF4, 0x00, 0xF8, 
	0x00, 0x02, 0x00, 0x12, 0x00, 0x10, 0x00, 0x08, 0x00, 0xF6, 0x00, 0xEE, 0x00, 0xF2, 0x00, 0xFA, 
	0x00, 0x04, 0x00, 0x10, 0x00, 0x12, 0x00, 0x0A, 0x00, 0xF8, 0x00, 0xEC, 0x00, 0xF4, 0x00, 0xF8, 
	0x00, 0x0C, 0x00, 0x14, 0x00, 0x0E, 0x00, 0x04, 0x00, 0xEE, 0x00, 0xEE, 0x00, 0xF4, 0x00, 0xFE, 
	0x00, 0x12, 0x00, 0x10, 0x00, 0x0E, 0x00, 0x00, 0x00, 0xF2, 0x00, 0xF2, 0x00, 0xF4, 0x00, 0xFA, 
	0x00, 0x08, 0x00, 0x10, 0x00, 0x10, 0x00, 0xFE, 0x00, 0xF0, 0x00, 0xF4, 0x00, 0xF8, 0x00, 0x0A, 
	0x00, 0x12, 0x00, 0x0E, 0x00, 0x08, 0x00, 0xF6, 0x00, 0xEE, 0x00, 0xF6, 0x00, 0xF6, 0x00, 0x0C, 
	0x00, 0x10, 0x00, 0x0C, 0x00, 0x02, 0x00, 0xF0, 0x00, 0xF2, 0x00, 0xF4, 0x00, 0xF8, 0x00, 0x0A, 
	0x00, 0x12, 0x00, 0x10, 0x00, 0x02, 0x00, 0xF0, 0x00, 0xF2, 0x00, 0xF4, 0x00, 0xFA, 0x00, 0x0A, 
	0x00, 0x14, 0x00, 0x12, 0x00, 0x04, 0x00, 0xF2, 0x00, 0xEE, 0x00, 0xF6, 0x00, 0xFC, 0x00, 0x0A, 
	0x00, 0x12, 0x00, 0x0E, 0x00, 0x04, 0x00, 0xF2, 0x00, 0xF2, 0x00, 0xF4, 0x00, 0xF8, 0x00, 0x08, 
	0x00, 0x12, 0x00, 0x10, 0x00, 0x04, 0x00, 0xF0, 0x00, 0xF2, 0x00, 0xF6, 0x00, 0xFE, 0x00, 0x10, 
	0x00, 0x10, 0x00, 0x0C, 0x00, 0xF8, 0x00, 0xF0, 0x00, 0xF2, 0x00, 0xF6, 0x00, 0x02, 0x00, 0x0E, 
	0x00, 0x12, 0x00, 0x0C, 0x00, 0x02, 0x00, 0xF2, 0x00, 0xF2, 0x00, 0xF4, 0x00, 0xFE, 0x00, 0x0E, 
	0x00, 0x0E, 0x00, 0x0C, 0x00, 0xFA, 0x00, 0xF2, 0x00, 0xF4, 0x00, 0xF6, 0x00, 0xFE, 0x00, 0x10, 
	0x00, 0x12, 0x00, 0x0C, 0x00, 0xFA, 0x00, 0xF0, 0x00, 0xF2, 0x00, 0xF6, 0x00, 0x00, 0x00, 0x10, 
	0x00, 0x10, 0x00, 0x0E, 0x00, 0xFC, 0x00, 0xEC, 0x00, 0xF4, 0x00, 0xF4, 0x00, 0x0A, 0x00, 0x10, 
	0x00, 0x10, 0x00, 0x06, 0x00, 0xF4, 0x00, 0xF2, 0x00, 0xF2, 0x00, 0xF8, 0x00, 0x0A, 0x00, 0x12, 
	0x00, 0x12, 0x00, 0x04, 0x00, 0xF2, 0x00, 0xF2, 0x00, 0xF4, 0x00, 0xF8, 0x00, 0x08, 0x00, 0x12, 
	0x00, 0x10, 0x00, 0x04, 0x00, 0xF4, 0x00, 0xF0, 0x00, 0xF4, 0x00, 0xF8, 0x00, 0x08, 0x00, 0x14, 
	0x00, 0x12, 0x00, 0x06, 0x00, 0xF2, 0x00, 0xEE, 0x00, 0xF2, 0x00, 0xFE, 0x00, 0x10, 0x00, 0x12, 
	0x00, 0x0E, 0x00, 0x00, 0x00, 0xF2, 0x00, 0xEE, 0x00, 0xF2, 0x00, 0xF8, 0x00, 0x08, 0x00, 0x16, 
	0x00, 0x10, 0x00, 0x06, 0x00, 0xF2, 0x00, 0xEE, 0x00, 0xF2, 0x00, 0xFA, 0x00, 0x0A, 0x00, 0x16, 
	0x00, 0x10, 0x00, 0x06, 0x00, 0xF0, 0x00, 0xEE, 0x00, 0xF2, 0x00, 0xFE, 0x00, 0x14, 0x00, 0x14, 
	0x00, 0x0C, 0x00, 0xFA, 0x00, 0xEE, 0x00, 0xEE, 0x00, 0xF2, 0x00, 0xFE, 0x00, 0x12, 0x00, 0x16, 
	0x00, 0x0E, 0x00, 0xFA, 0x00, 0xEE, 0x00, 0xEE, 0x00, 0xF2, 0x00, 0x00, 0x00, 0x14, 0x00, 0x16, 
	0x00, 0x0E, 0x00, 0xFA, 0x00, 0xEA, 0x00, 0xF0, 0x00, 0xF6, 0x00, 0x0A, 0x00, 0x14, 0x00, 0x12, 
	0x00, 0x0A, 0x00, 0xF8, 0x00, 0xEC, 0x00, 0xEC, 0x00, 0xF4, 0x00, 0xFE, 0x00, 0x16, 0x00, 0x16, 
	0x00, 0x0E, 0x00, 0xFA, 0x00, 0xEC, 0x00, 0xEE, 0x00, 0xF0, 0x00, 0x00, 0x00, 0x14, 0x00, 0x16, 
	0x00, 0x0A, 0x00, 0xF6, 0x00, 0xEE, 0x00, 0xF2, 0x00, 0xF6, 0x00, 0x08, 0x00, 0x14, 0x00, 0x14, 
	0x00, 0x0C, 0x00, 0xFA, 0x00, 0xEA, 0x00, 0xF0, 0x00, 0xF4, 0x00, 0x0C, 0x00, 0x12, 0x00, 0x12, 
	0x00, 0x04, 0x00, 0xF0, 0x00, 0xEE, 0x00, 0xF2, 0x00, 0xFA, 0x00, 0x0C, 0x00, 0x16, 0x00, 0x14, 
	0x00, 0x04, 0x00, 0xEE, 0x00, 0xEE, 0x00, 0xF2, 0x00, 0xFA, 0x00, 0x0C, 0x00, 0x18, 0x00, 0x12, 
	0x00, 0x02, 0x00, 0xF0, 0x00, 0xEE, 0x00, 0xF2, 0x00, 0xFA, 0x00, 0x0A, 0x00, 0x16, 0x00, 0x12, 
	0x00, 0x02, 0x00, 0xF2, 0x00, 0xEC, 0x00, 0xF2, 0x00, 0xFA, 0x00, 0x0C, 0x00, 0x16, 0x00, 0x12, 
	0x00, 0x02, 0x00, 0xF2, 0x00, 0xEC, 0x00, 0xF2, 0x00, 0xFA, 0x00, 0x0A, 0x00, 0x18, 0x00, 0x12, 
	0x00, 0x02, 0x00, 0xF0, 0x00, 0xEC, 0x00, 0xF2, 0x00, 0xFC, 0x00, 0x0A, 0x00, 0x18, 0x00, 0x10, 
	0x00, 0x04, 0x00, 0xF0, 0x00, 0xEC, 0x00, 0xF2, 0x00, 0x00, 0x00, 0x12, 0x00, 0x16, 0x00, 0x0E, 
	0x00, 0x00, 0x00, 0xEE, 0x00, 0xEC, 0x00, 0xF2, 0x00, 0xFE, 0x00, 0x16, 0x00, 0x12, 0x00, 0x0E, 
	0x00, 0xF6, 0x00, 0xEC, 0x00, 0xEE, 0x00, 0xF4, 0x00, 0x04, 0x00, 0x16, 0x00, 0x16, 0x00, 0x0A, 
	0x00, 0xF6, 0x00, 0xEA, 0x00, 0xF0, 0x00, 0xF6, 0x00, 0x0E, 0x00, 0x16, 0x00, 0x12, 0x00, 0x02, 
	0x00, 0xEE, 0x00, 0xEC, 0x00, 0xF2, 0x00, 0xFA, 0x00, 0x0E, 0x00, 0x16, 0x00, 0x12, 0x00, 0x04, 
	0x00, 0xEE, 0x00, 0xEC, 0x00, 0xF0, 0x00, 0xFA, 0x00, 0x0A, 0x00, 0x16, 0x00, 0x12, 0x00, 0x06, 
	0x00, 0xEC, 0x00, 0xEC, 0x00, 0xF2, 0x00, 0x02, 0x00, 0x16, 0x00, 0x12, 0x00, 0x0C, 0x00, 0xF6, 
	0x00, 0xEC, 0x00, 0xEE, 0x00, 0xF6, 0x00, 0x02, 0x00, 0x14, 0x00, 0x14, 0x00, 0x0C, 0x00, 0x00, 
	0x00, 0xEC, 0x00, 0xEE, 0x00, 0xF2, 0x00, 0x02, 0x00, 0x14, 0x00, 0x12, 0x00, 0x0C, 0x00, 0xF8, 
	0x00, 0xEC, 0x00, 0xEE, 0x00, 0xF6, 0x00, 0x04, 0x00, 0x14, 0x00, 0x14, 0x00, 0x0A, 0x00, 0xF8, 
	0x00, 0xEE, 0x00, 0xF0, 0x00, 0xF6, 0x00, 0x04, 0x00, 0x14, 0x00, 0x14, 0x00, 0x0A, 0x00, 0xF8, 
	0x00, 0xEC, 0x00, 0xF2, 0x00, 0xF4, 0x00, 0x04, 0x00, 0x14, 0x00, 0x14, 0x00, 0x0C, 0x00, 0xF8, 
	0x00, 0xEC, 0x00, 0xF2, 0x00, 0xF4, 0x00, 0x0E, 0x00, 0x16, 0x00, 0x10, 0x00, 0x02, 0x00, 0xEE, 
	0x00, 0xF0, 0x00, 0xF2, 0x00, 0xFA, 0x00, 0x0A, 0x00, 0x14, 0x00, 0x10, 0x00, 0x06, 0x00, 0xEE, 
	0x00, 0xF0, 0x00, 0xF2, 0x00, 0x00, 0x00, 0x14, 0x00, 0x12, 0x00, 0x0C, 0x00, 0xF8, 0x00, 0xEE, 
	0x00, 0xF2, 0x00, 0xF4, 0x00, 0x02, 0x00, 0x12, 0x00, 0x14, 0x00, 0x0E, 0x00, 0xF8, 0x00, 0xEE, 
	0x00, 0xF2, 0x00, 0xF6, 0x00, 0x00, 0x00, 0x12, 0x00, 0x12, 0x00, 0x0C, 0x00, 0xFA, 0x00, 0xF0, 
	0x00, 0xF4, 0x00, 0xF4, 0x00, 0x02, 0x00, 0x10, 0x00, 0x12, 0x00, 0x06, 0x00, 0xF2, 0x00, 0xF4, 
	0x00, 0xF6, 0x00, 0xFA, 0x00, 0x02, 0x00, 0x12, 0x00, 0x10, 0x00, 0x04, 0x00, 0xF4, 0x00, 0xF2, 
	0x00, 0xF8, 0x00, 0xFA, 0x00, 0x0A, 0x00, 0x12, 0x00, 0x10, 0x00, 0x02, 0x00, 0xF4, 0x00, 0xF0, 
	0x00, 0xF4, 0x00, 0xF8, 0x00, 0x0A, 0x00, 0x14, 0x00, 0x10, 0x00, 0x04, 0x00, 0xF2, 0x00, 0xF0, 
	0x00, 0xF4, 0x00, 0xFA, 0x00, 0x0A, 0x00, 0x12, 0x00, 0x10, 0x00, 0x02, 0x00, 0xF0, 0x00, 0xF0, 
	0x00, 0xF4, 0x00, 0xFA, 0x00, 0x0A, 0x00, 0x14, 0x00, 0x0E, 0x00, 0x04, 0x00, 0xEE, 0x00, 0xF0, 
	0x00, 0xF4, 0x00, 0xFE, 0x00, 0x12, 0x00, 0x10, 0x00, 0x0C, 0x00, 0x02, 0x00, 0xF0, 0x00, 0xF2, 
	0x00, 0xF4, 0x00, 0xFE, 0x00, 0x12, 0x00, 0x0E, 0x00, 0x0C, 0x00, 0xF8, 0x00, 0xEE, 0x00, 0xF6, 
	0x00, 0xF6, 0x00, 0x0A, 0x00, 0x12, 0x00, 0x0E, 0x00, 0x02, 0x00, 0xF2, 0x00, 0xF2, 0x00, 0xF4, 
	0x00, 0xFA, 0x00, 0x0A, 0x00, 0x12, 0x00, 0x10, 0x00, 0x04, 0x00, 0xF0, 0x00, 0xF0, 0x00, 0xF4, 
	0x00, 0x00, 0x00, 0x10, 0x00, 0x12, 0x00, 0x0C, 0x00, 0x02, 0x00, 0xF0, 0x00, 0xF0, 0x00, 0xF4, 
	0x00, 0xFC, 0x00, 0x12, 0x00, 0x10, 0x00, 0x0C, 0x00, 0xFA, 0x00, 0xF2, 0x00, 0xF4, 0x00, 0xF6, 
	0x00, 0x00, 0x00, 0x10, 0x00, 0x10, 0x00, 0x0A, 0x00, 0xFA, 0x00, 0xF0, 0x00, 0xF4, 0x00, 0xF6, 
	0x00, 0x0C, 0x00, 0x10, 0x00, 0x0E, 0x00, 0x02, 0x00, 0xF0, 0x00, 0xF2, 0x00, 0xF6, 0x00, 0xF8, 
	0x00, 0x0A, 0x00, 0x12, 0x00, 0x10, 0x00, 0x02, 0x00, 0xF2, 0x00, 0xF0, 0x00, 0xF6, 0x00, 0xFC, 
	0x00, 0x06, 0x00, 0x12, 0x00, 0x0C, 0x00, 0x0C, 0x00, 0xFA, 0x00, 0xF0, 0x00, 0xF4, 0x00, 0xF6, 
	0x00, 0x06, 0x00, 0x10, 0x00, 0x0E, 0x00, 0x0A, 0x00, 0xFC, 0x00, 0xF2, 0x00, 0xF2, 0x00, 0xF4, 
	0x00, 0xFC, 0x00, 0x10, 0x00, 0x10, 0x00, 0x0C, 0x00, 0xFE, 0x00, 0xF0, 0x00, 0xF6, 0x00, 0xF4, 
	0x00, 0x08, 0x00, 0x0E, 0x00, 0x10, 0x00, 0x04, 0x00, 0xF4, 0x00, 0xF2, 0x00, 0xF6, 0x00, 0xFA, 
	0x00, 0x08, 0x00, 0x12, 0x00, 0x0E, 0x00, 0x04, 0x00, 0xF2, 0x00, 0xF2, 0x00, 0xF6, 0x00, 0xFE, 
	0x00, 0x0E, 0x00, 0x10, 0x00, 0x0C, 0x00, 0x04, 0x00, 0xF4, 0x00, 0xF2, 0x00, 0xF2, 0x00, 0xF6, 
	0x00, 0x08, 0x00, 0x12, 0x00, 0x0E, 0x00, 0x08, 0x00, 0xF4, 0x00, 0xF2, 0x00, 0xF2, 0x00, 0xFA, 
	0x00, 0x10, 0x00, 0x0E, 0x00, 0x0C, 0x00, 0xFC, 0x00, 0xF0, 0x00, 0xF6, 0x00, 0xF6, 0x00, 0x0A, 
	0x00, 0x0E, 0x00, 0x0C, 0x00, 0x02, 0x00, 0xF4, 0x00, 0xF4, 0x00, 0xF4, 0x00, 0xFA, 0x00, 0x06, 
	0x00, 0x10, 0x00, 0x10, 0x00, 0x06, 0x00, 0xF6, 0x00, 0xF2, 0x00, 0xF6, 0x00, 0xFA, 0x00, 0x04, 
	0x00, 0x12, 0x00, 0x0C, 0x00, 0x06, 0x00, 0xF4, 0x00, 0xF2, 0x00, 0xF6, 0x00, 0xFE, 0x00, 0x0C, 
	0x00, 0x10, 0x00, 0x08, 0x00, 0x02, 0x00, 0xF4, 0x00, 0xF2, 0x00, 0xF6, 0x00, 0xFE, 0x00, 0x10, 
	0x00, 0x10, 0x00, 0x0A, 0x00, 0xF8, 0x00, 0xF4, 0x00, 0xF2, 0x00, 0xF6, 0x00, 0x00, 0x00, 0x10, 
	0x00, 0x12, 0x00, 0x0A, 0x00, 0xFA, 0x00, 0xF2, 0x00, 0xF4, 0x00, 0xF8, 0x00, 0xFE, 0x00, 0x10, 
	0x00, 0x0E, 0x00, 0x0A, 0x00, 0xFE, 0x00, 0xF0, 0x00, 0xF4, 0x00, 0xF6, 0x00, 0x08, 0x00, 0x10, 
	0x00, 0x10, 0x00, 0x00, 0x00, 0xF6, 0x00, 0xF2, 0x00, 0xF6, 0x00, 0xFA, 0x00, 0x06, 0x00, 0x12, 
	0x00, 0x0C, 0x00, 0x06, 0x00, 0xF4, 0x00, 0xF4, 0x00, 0xF4, 0x00, 0xFC, 0x00, 0x10, 0x00, 0x10, 
	0x00, 0x0C, 0x00, 0xFA, 0x00, 0xF2, 0x00, 0xF4, 0x00, 0xF6, 0x00, 0x00, 0x00, 0x0C, 0x00, 0x12, 
	0x00, 0x0C, 0x00, 0x04, 0x00, 0xF4, 0x00, 0xF2, 0x00, 0xF4, 0x00, 0xFC, 0x00, 0x10, 0x00, 0x10, 
	0x00, 0x0A, 0x00, 0xFA, 0x00, 0xF2, 0x00, 0xF4, 0x00, 0xF4, 0x00, 0xFE, 0x00, 0x10, 0x00, 0x12, 
	0x00, 0x0A, 0x00, 0xFC, 0x00, 0xF2, 0x00, 0xF2, 0x00, 0xF6, 0x00, 0xFC, 0x00, 0x10, 0x00, 0x12, 
	0x00, 0x0C, 0x00, 0xFE, 0x00, 0xF0, 0x00, 0xF4, 0x00, 0xF6, 0x00, 0x0A, 0x00, 0x10, 0x00, 0x0E, 
	0x00, 0x02, 0x00, 0xF4, 0x00, 0xF4, 0x00, 0xF6, 0x00, 0xF8, 0x00, 0x08, 0x00, 0x12, 0x00, 0x0E, 
	0x00, 0x02, 0x00, 0xF4, 0x00, 0xF2, 0x00, 0xF4, 0x00, 0xFA, 0x00, 0x06, 0x00, 0x14, 0x00, 0x0E, 
	0x00, 0x04, 0x00, 0xF4, 0x00, 0xF4, 0x00, 0xF4, 0x00, 0xFE, 0x00, 0x0C, 0x00, 0x10, 0x00, 0x0C, 
	0x00, 0x04, 0x00, 0xF4, 0x00, 0xF0, 0x00, 0xF2, 0x00, 0xFC, 0x00, 0x10, 0x00, 0x10, 0x00, 0x0C, 
	0x00, 0xFA, 0x00, 0xF2, 0x00, 0xF2, 0x00, 0xF6, 0x00, 0x06, 0x00, 0x10, 0x00, 0x10, 0x00, 0x0A, 
	0x00, 0xFA, 0x00, 0xEE, 0x00, 0xF2, 0x00, 0xF6, 0x00, 0x06, 0x00, 0x12, 0x00, 0x10, 0x00, 0x08, 
	0x00, 0xFA, 0x00, 0xF0, 0x00, 0xF2, 0x00, 0xF6, 0x00, 0x08, 0x00, 0x12, 0x00, 0x0E, 0x00, 0x00, 
	0x00, 0xF6, 0x00, 0xF0, 0x00, 0xF6, 0x00, 0xFA, 0x00, 0x06, 0x00, 0x14, 0x00, 0x0E, 0x00, 0x06, 
	0x00, 0xF4, 0x00, 0xF2, 0x00, 0xF4, 0x00, 0xFE, 0x00, 0x0E, 0x00, 0x12, 0x00, 0x0C, 0x00, 0x04, 
	0x00, 0xF4, 0x00, 0xF0, 0x00, 0xF2, 0x00, 0xFC, 0x00, 0x10, 0x00, 0x10, 0x00, 0x0C, 0x00, 0xFA, 
	0x00, 0xF2, 0x00, 0xF4, 0x00, 0xF6, 0x00, 0x06, 0x00, 0x10, 0x00, 0x10, 0x00, 0x08, 0x00, 0xFA, 
	0x00, 0xF0, 0x00, 0xF2, 0x00, 0xF6, 0x00, 0x08, 0x00, 0x12, 0x00, 0x0E, 0x00, 0x04, 0x00, 0xF2, 
	0x00, 0xF2, 0x00, 0xF4, 0x00, 0x00, 0x00, 0x0E, 0x00, 0x10, 0x00, 0x0C, 0x00, 0xF8, 0x00, 0xF0, 
	0x00, 0xF4, 0x00, 0xF6, 0x00, 0x02, 0x00, 0x10, 0x00, 0x10, 0x00, 0x0C, 0x00, 0xF8, 0x00, 0xF0, 
	0x00, 0xF4, 0x00, 0xF8, 0x00, 0x00, 0x00, 0x10, 0x00, 0x10, 0x00, 0x0C, 0x00, 0xFA, 0x00, 0xF0, 
	0x00, 0xF6, 0x00, 0xF8, 0x00, 0x08, 0x00, 0x10, 0x00, 0x0C, 0x00, 0x08, 0x00, 0xF8, 0x00, 0xF0, 
	0x00, 0xF4, 0x00, 0xF8, 0x00, 0x08, 0x00, 0x10, 0x00, 0x0C, 0x00, 0x04, 0x00, 0xF0, 0x00, 0xF2, 
	0x00, 0xF4, 0x00, 0x00, 0x00, 0x10, 0x00, 0x0E, 0x00, 0x0C, 0x00, 0xF8, 0x00, 0xF0, 0x00, 0xF6, 
	0x00, 0xF8, 0x00, 0x00, 0x00, 0x10, 0x00, 0x0E, 0x00, 0x0C, 0x00, 0xF8, 0x00, 0xF2, 0x00, 0xF4, 
	0x00, 0xF6, 0x00, 0xFE, 0x00, 0x10, 0x00, 0x10, 0x00, 0x0C, 0x00, 0xFC, 0x00, 0xF0, 0x00, 0xF6, 
	0x00, 0xF6, 0x00, 0x08, 0x00, 0x0E, 0x00, 0x10, 0x00, 0x08, 0x00, 0xFA, 0x00, 0xEE, 0x00, 0xF4, 
	0x00, 0xF6, 0x00, 0x08, 0x00, 0x12, 0x00, 0x0E, 0x00, 0x04, 0x00, 0xF2, 0x00, 0xF2, 0x00, 0xF6, 
	0x00, 0xF8, 0x00, 0x08, 0x00, 0x12, 0x00, 0x0E, 0x00, 0x06, 0x00, 0xF0, 0x00, 0xF2, 0x00, 0xF4, 
	0x00, 0xFE, 0x00, 0x12, 0x00, 0x0E, 0x00, 0x0A, 0x00, 0xF8, 0x00, 0xF0, 0x00, 0xF2, 0x00, 0xF8, 
	0x00, 0x00, 0x00, 0x12, 0x00, 0x12, 0x00, 0x0A, 0x00, 0xF8, 0x00, 0xEE, 0x00, 0xF4, 0x00, 0xF8, 
	0x00, 0x08, 0x00, 0x12, 0x00, 0x10, 0x00, 0x0A, 0x00, 0xF8, 0x00, 0xEE, 0x00, 0xF2, 0x00, 0xF6, 
	0x00, 0x0A, 0x00, 0x12, 0x00, 0x0E, 0x00, 0x04, 0x00, 0xF2, 0x00, 0xF0, 0x00, 0xF6, 0x00, 0xFA, 
	0x00, 0x08, 0x00, 0x14, 0x00, 0x0E, 0x00, 0x06, 0x00, 0xEE, 0x00, 0xF0, 0x00, 0xF4, 0x00, 0x00, 
	0x00, 0x10, 0x00, 0x10, 0x00, 0x0C, 0x00, 0x02, 0x00, 0xF2, 0x00, 0xF0, 0x00, 0xF4, 0x00, 0x00, 
	0x00, 0x0E, 0x00, 0x10, 0x00, 0x0C, 0x00, 0xF8, 0x00, 0xF0, 0x00, 0xF2, 0x00, 0xF6, 0x00, 0x02, 
	0x00, 0x12, 0x00, 0x12, 0x00, 0x0A, 0x00, 0xF8, 0x00, 0xEE, 0x00, 0xF2, 0x00, 0xF8, 0x00, 0x00, 
	0x00, 0x10, 0x00, 0x12, 0x00, 0x0C, 0x00, 0xF8, 0x00, 0xEE, 0x00, 0xF2, 0x00, 0xF8, 0x00, 0x02, 
	0x00, 0x10, 0x00, 0x12, 0x00, 0x0A, 0x00, 0xFA, 0x00, 0xEE, 0x00, 0xF4, 0x00, 0xF8, 0x00, 0x00, 
	0x00, 0x10, 0x00, 0x14, 0x00, 0x0A, 0x00, 0xFC, 0x00, 0xEE, 0x00, 0xF4, 0x00, 0xF6, 0x00, 0x0A, 
	0x00, 0x12, 0x00, 0x10, 0x00, 0x02, 0x00, 0xF2, 0x00, 0xF2, 0x00, 0xF6, 0x00, 0xF8, 0x00, 0x0A, 
	0x00, 0x12, 0x00, 0x10, 0x00, 0x04, 0x00, 0xF0, 0x00, 0xF2, 0x00, 0xF4, 0x00, 0xFE, 0x00, 0x10, 
	0x00, 0x10, 0x00, 0x0C, 0x00, 0x00, 0x00, 0xF2, 0x00, 0xF0, 0x00, 0xF4, 0x00, 0xFA, 0x00, 0x0A, 
	0x00, 0x14, 0x00, 0x0C, 0x00, 0x06, 0x00, 0xF0, 0x00, 0xF2, 0x00, 0xF4, 0x00, 0xFE, 0x00, 0x12, 
	0x00, 0x0E, 0x00, 0x08, 0x00, 0xFA, 0x00, 0xEE, 0x00, 0xF6, 0x00, 0xF6, 0x00, 0x0A, 0x00, 0x12, 
	0x00, 0x10, 0x00, 0x04, 0x00, 0xF2, 0x00, 0xF2, 0x00, 0xF4, 0x00, 0xFA, 0x00, 0x0A, 0x00, 0x12, 
	0x00, 0x0E, 0x00, 0x02, 0x00, 0xF2, 0x00, 0xF2, 0x00, 0xF4, 0x00, 0xFA, 0x00, 0x08, 0x00, 0x14, 
	0x00, 0x0E, 0x00, 0x06, 0x00, 0xF0, 0x00, 0xF2, 0x00, 0xF4, 0x00, 0x00, 0x00, 0x10, 0x00, 0x12, 
	0x00, 0x0A, 0x00, 0xF8, 0x00, 0xEE, 0x00, 0xF4, 0x00, 0xF8, 0x00, 0x0E, 0x00, 0x12, 0x00, 0x10, 
	0x00, 0x02, 0x00, 0xF0, 0x00, 0xF2, 0x00, 0xF4, 0x00, 0xFA, 0x00, 0x0A, 0x00, 0x14, 0x00, 0x10, 
	0x00, 0x04, 0x00, 0xF0, 0x00, 0xF0, 0x00, 0xF4, 0x00, 0xFA, 0x00, 0x0A, 0x00, 0x14, 0x00, 0x10, 
	0x00, 0x04, 0x00, 0xF0, 0x00, 0xF2, 0x00, 0xF2, 0x00, 0x00, 0x00, 0x0E, 0x00, 0x10, 0x00, 0x0C, 
	0x00, 0x00, 0x00, 0xF2, 0x00, 0xF0, 0x00, 0xF2, 0x00, 0xFE, 0x00, 0x10, 0x00, 0x12, 0x00, 0x0E, 
	0x00, 0xF8, 0x00, 0xEE, 0x00, 0xF4, 0x00, 0xF6, 0x00, 0x0A, 0x00, 0x10, 0x00, 0x10, 0x00, 0x0A, 
	0x00, 0xF6, 0x00, 0xF0, 0x00, 0xF0, 0x00, 0xF6, 0x00, 0x00, 0x00, 0x10, 0x00, 0x12, 0x00, 0x0C, 
	0x00, 0xFA, 0x00, 0xF0, 0x00, 0xF0, 0x00, 0xF6, 0x00, 0x00, 0x00, 0x10, 0x00, 0x14, 0x00, 0x0A, 
	0x00, 0xFA, 0x00, 0xF0, 0x00, 0xF0, 0x00, 0xF6, 0x00, 0x00, 0x00, 0x12, 0x00, 0x14, 0x00, 0x0A, 
	0x00, 0xFC, 0x00, 0xEC, 0x00, 0xF2, 0x00, 0xF6, 0x00, 0x06, 0x00, 0x12, 0x00, 0x12, 0x00, 0x08, 
	0x00, 0xF8, 0x00, 0xF0, 0x00, 0xF0, 0x00, 0xF6, 0x00, 0xFE, 0x00, 0x10, 0x00, 0x12, 0x00, 0x0C, 
	0x00, 0xFC, 0x00, 0xF0, 0x00, 0xF2, 0x00, 0xF4, 0x00, 0x08, 0x00, 0x10, 0x00, 0x10, 0x00, 0x06, 
	0x00, 0xF2, 0x00, 0xF2, 0x00, 0xF2, 0x00, 0xFE, 0x00, 0x10, 0x00, 0x10, 0x00, 0x0C, 0x00, 0xFA, 
	0x00, 0xF2, 0x00, 0xF4, 0x00, 0xF6, 0x00, 0x00, 0x00, 0x0E, 0x00, 0x10, 0x00, 0x0C, 0x00, 0xFA, 
	0x00, 0xEE, 0x00, 0xF4, 0x00, 0xF6, 0x00, 0x0A, 0x00, 0x10, 0x00, 0x0E, 0x00, 0x02, 0x00, 0xF2, 
	0x00, 0xF2, 0x00, 0xF4, 0x00, 0xFC, 0x00, 0x08, 0x00, 0x10, 0x00, 0x10, 0x00, 0x08, 0x00, 0xF8, 
	0x00, 0xF0, 0x00, 0xF2, 0x00, 0xF6, 0x00, 0x08, 0x00, 0x12, 0x00, 0x10, 0x00, 0x04, 0x00, 0xF2, 
	0x00, 0xF0, 0x00, 0xF4, 0x00, 0xF8, 0x00, 0x08, 0x00, 0x12, 0x00, 0x0C, 0x00, 0x06, 0x00, 0xF2, 
	0x00, 0xF2, 0x00, 0xF4, 0x00, 0xFC, 0x00, 0x0E, 0x00, 0x10, 0x00, 0x0C, 0x00, 0x04, 0x00, 0xF2, 
	0x00, 0xF0, 0x00, 0xF4, 0x00, 0xFC, 0x00, 0x10, 0x00, 0x10, 0x00, 0x0C, 0x00, 0xFA, 0x00, 0xF0, 
	0x00, 0xF4, 0x00, 0xF6, 0x00, 0x0A, 0x00, 0x10, 0x00, 0x0E, 0x00, 0x08, 0x00, 0xF8, 0x00, 0xF0, 
	0x00, 0xF2, 0x00, 0xF6, 0x00, 0x08, 0x00, 0x10, 0x00, 0x10, 0x00, 0x08, 0x00, 0xF8, 0x00, 0xF0, 
	0x00, 0xF4, 0x00, 0xF6, 0x00, 0x08, 0x00, 0x10, 0x00, 0x0E, 0x00, 0x06, 0x00, 0xF2, 0x00, 0xF2, 
	0x00, 0xF4, 0x00, 0xFA, 0x00, 0x08, 0x00, 0x12, 0x00, 0x10, 0x00, 0x06, 0x00, 0xF0, 0x00, 0xF2, 
	0x00, 0xF2, 0x00, 0x02, 0x00, 0x12, 0x00, 0x0E, 0x00, 0x0C, 0x00, 0xF8, 0x00, 0xF0, 0x00, 0xF4, 
	0x00, 0xF6, 0x00, 0x02, 0x00, 0x10, 0x00, 0x12, 0x00, 0x0C, 0x00, 0xFA, 0x00, 0xF2, 0x00, 0xF4, 
	0x00, 0xF4, 0x00, 0x00, 0x00, 0x10, 0x00, 0x12, 0x00, 0x0C, 0x00, 0xFA, 0x00, 0xF0, 0x00, 0xF4, 
	0x00, 0xF4, 0x00, 0x00, 0x00, 0x10, 0x00, 0x12, 0x00, 0x0C, 0x00, 0xFC, 0x00, 0xF2, 0x00, 0xF2, 
	0x00, 0xF4, 0x00, 0x00, 0x00, 0x10, 0x00, 0x12, 0x00, 0x0C, 0x00, 0xFA, 0x00, 0xEE, 0x00, 0xF4, 
	0x00, 0xF6, 0x00, 0x0C, 0x00, 0x10, 0x00, 0x0E, 0x00, 0x02, 0x00, 0xF2, 0x00, 0xF4, 0x00, 0xF4, 
	0x00, 0xFA, 0x00, 0x08, 0x00, 0x12, 0x00, 0x10, 0x00, 0x04, 0x00, 0xF2, 0x00, 0xF2, 0x00, 0xF4, 
	0x00, 0xFA, 0x00, 0x0A, 0x00, 0x12, 0x00, 0x0E, 0x00, 0xFC, 0x00, 0xEE, 0x00, 0xF4, 0x00, 0xF6, 
	0x00, 0x02, 0x00, 0x10, 0x00, 0x14, 0x00, 0x0E, 0x00, 0x02, 0x00, 0xF0, 0x00, 0xF0, 0x00, 0xF2, 
	0x00, 0x00, 0x00, 0x10, 0x00, 0x10, 0x00, 0x0C, 0x00, 0xF8, 0x00, 0xF2, 0x00, 0xF2, 0x00, 0xF4, 
	0x00, 0x00, 0x00, 0x12, 0x00, 0x12, 0x00, 0x06, 0x00, 0xF4, 0x00, 0xF0, 0x00, 0xF4, 0x00, 0xF8, 
	0x00, 0x08, 0x00, 0x12, 0x00, 0x10, 0x00, 0x0A, 0x00, 0xFA, 0x00, 0xEE, 0x00, 0xF2, 0x00, 0xF4, 
	0x00, 0x06, 0x00, 0x12, 0x00, 0x0E, 0x00, 0x0A, 0x00, 0xFA, 0x00, 0xF0, 0x00, 0xF2, 0x00, 0xF6, 
	0x00, 0x08, 0x00, 0x12, 0x00, 0x0E, 0x00, 0x06, 0x00, 0xF2, 0x00, 0xF2, 0x00, 0xF4, 0x00, 0xFE, 
	0x00, 0x10, 0x00, 0x10, 0x00, 0x0C, 0x00, 0x02, 0x00, 0xF2, 0x00, 0xF0, 0x00, 0xF4, 0x00, 0xFE, 
	0x00, 0x12, 0x00, 0x10, 0x00, 0x0C, 0x00, 0xFA, 0x00, 0xF2, 0x00, 0xF2, 0x00, 0xF4, 0x00, 0x00, 
	0x00, 0x10, 0x00, 0x12, 0x00, 0x0C, 0x00, 0xFA, 0x00, 0xEE, 0x00, 0xF4, 0x00, 0xF6, 0x00, 0x0C, 
	0x00, 0x10, 0x00, 0x0E, 0x00, 0x04, 0x00, 0xF2, 0x00, 0xF2, 0x00, 0xF4, 0x00, 0xFA, 0x00, 0x08, 
	0x00, 0x12, 0x00, 0x0E, 0x00, 0x08, 0x00, 0xF8, 0x00, 0xEE, 0x00, 0xF2, 0x00, 0xF6, 0x00, 0x0A, 
	0x00, 0x12, 0x00, 0x0E, 0x00, 0xFC, 0x00, 0xEE, 0x00, 0xF4, 0x00, 0xF8, 0x00, 0x0A, 0x00, 0x12, 
	0x00, 0x0E, 0x00, 0x08, 0x00, 0xF8, 0x00, 0xEE, 0x00, 0xF4, 0x00, 0xF6, 0x00, 0x0C, 0x00, 0x10, 
	0x00, 0x0E, 0x00, 0x02, 0x00, 0xF0, 0x00, 0xF2, 0x00, 0xF4, 0x00, 0xFC, 0x00, 0x0A, 0x00, 0x14, 
	0x00, 0x0E, 0x00, 0x02, 0x00, 0xF2, 0x00, 0xF2, 0x00, 0xF4, 0x00, 0xFA, 0x00, 0x08, 0x00, 0x14, 
	0x00, 0x10, 0x00, 0x04, 0x00, 0xF2, 0x00, 0xF2, 0x00, 0xF4, 0x00, 0x00, 0x00, 0x10, 0x00, 0x10, 
	0x00, 0x0A, 0x00, 0xF8, 0x00, 0xF0, 0x00, 0xF4, 0x00, 0xF6, 0x00, 0x00, 0x00, 0x10, 0x00, 0x10, 
	0x00, 0x0C, 0x00, 0xFA, 0x00, 0xF0, 0x00, 0xF6, 0x00, 0xF4, 0x00, 0x02, 0x00, 0x10, 0x00, 0x14, 
	0x00, 0x04, 0x00, 0xF2, 0x00, 0xF4, 0x00, 0xF6, 0x00, 0xFA, 0x00, 0x02, 0x00, 0x10, 0x00, 0x14, 
	0x00, 0x06, 0x00, 0xF2, 0x00, 0xF2, 0x00, 0xF6, 0x00, 0xFA, 0x00, 0x0A, 0x00, 0x12, 0x00, 0x0E, 
	0x00, 0x02, 0x00, 0xF2, 0x00, 0xF2, 0x00, 0xF6, 0x00, 0xFA, 0x00, 0x0A, 0x00, 0x12, 0x00, 0x0C, 
	0x00, 0x00, 0x00, 0xF2, 0x00, 0xF2, 0x00, 0xF6, 0x00, 0xFA, 0x00, 0x08, 0x00, 0x12, 0x00, 0x0C, 
	0x00, 0x04, 0x00, 0xF2, 0x00, 0xF2, 0x00, 0xF4, 0x00, 0x00, 0x00, 0x12, 0x00, 0x0E, 0x00, 0x0A, 
	0x00, 0xF8, 0x00, 0xEE, 0x00, 0xF6, 0x00, 0xF8, 0x00, 0x0C, 0x00, 0x12, 0x00, 0x0C, 0x00, 0x00, 
	0x00, 0xF0, 0x00, 0xF2, 0x00, 0xF6, 0x00, 0xFC, 0x00, 0x0C, 0x00, 0x12, 0x00, 0x0E, 0x00, 0x02, 
	0x00, 0xF0, 0x00, 0xF2, 0x00, 0xF4, 0x00, 0xFA, 0x00, 0x0A, 0x00, 0x12, 0x00, 0x0E, 0x00, 0x02, 
	0x00, 0xF0, 0x00, 0xF2, 0x00, 0xF8, 0x00, 0xFA, 0x00, 0x08, 0x00, 0x14, 0x00, 0x0E, 0x00, 0x04, 
	0x00, 0xF0, 0x00, 0xF2, 0x00, 0xF4, 0x00, 0x00, 0x00, 0x12, 0x00, 0x0E, 0x00, 0x0A, 0x00, 0xF6, 
	0x00, 0xEE, 0x00, 0xF4, 0x00, 0xF8, 0x00, 0x02, 0x00, 0x10, 0x00, 0x10, 0x00, 0x0A, 0x00, 0xF6, 
	0x00, 0xF0, 0x00, 0xF4, 0x00, 0xF8, 0x00, 0x02, 0x00, 0x10, 0x00, 0x10, 0x00, 0x0A, 0x00, 0xF8, 
	0x00, 0xEC, 0x00, 0xF4, 0x00, 0xF8, 0x00, 0x0A, 0x00, 0x10, 0x00, 0x10, 0x00, 0x08, 0x00, 0xF6, 
	0x00, 0xF2, 0x00, 0xF2, 0x00, 0xF6, 0x00, 0x02, 0x00, 0x10, 0x00, 0x12, 0x00, 0x06, 0x00, 0xF2, 
	0x00, 0xF2, 0x00, 0xF6, 0x00, 0xFA, 0x00, 0x08, 0x00, 0x12, 0x00, 0x10, 0x00, 0x08, 0x00, 0xF8, 
	0x00, 0xEE, 0x00, 0xF4, 0x00, 0xF8, 0x00, 0x08, 0x00, 0x12, 0x00, 0x0E, 0x00, 0x02, 0x00, 0xF2, 
	0x00, 0xF0, 0x00, 0xF4, 0x00, 0xFA, 0x00, 0x0C, 0x00, 0x14, 0x00, 0x0C, 0x00, 0x02, 0x00, 0xF0, 
	0x00, 0xF4, 0x00, 0xF4, 0x00, 0x00, 0x00, 0x10, 0x00, 0x0E, 0x00, 0x0A, 0x00, 0xF8, 0x00, 0xF0, 
	0x00, 0xF2, 0x00, 0xF6, 0x00, 0x02, 0x00, 0x10, 0x00, 0x10, 0x00, 0x0C, 0x00, 0xF8, 0x00, 0xEE, 
	0x00, 0xF2, 0x00, 0xF8, 0x00, 0x0C, 0x00, 0x12, 0x00, 0x0E, 0x00, 0x06, 0x00, 0xF6, 0x00, 0xEE, 
	0x00, 0xF6, 0x00, 0xF8, 0x00, 0x0C, 0x00, 0x10, 0x00, 0x0E, 0x00, 0x02, 0x00, 0xF0, 0x00, 0xF2, 
	0x00, 0xF4, 0x00, 0xFA, 0x00, 0x0A, 0x00, 0x12, 0x00, 0x10, 0x00, 0x02, 0x00, 0xF0, 0x00, 0xF2, 
	0x00, 0xF4, 0x00, 0xFA, 0x00, 0x0A, 0x00, 0x14, 0x00, 0x10, 0x00, 0x06, 0x00, 0xF0, 0x00, 0xF2, 
	0x00, 0xF4, 0x00, 0x00, 0x00, 0x12, 0x00, 0x10, 0x00, 0x0A, 0x00, 0xF6, 0x00, 0xEE, 0x00, 0xF4, 
	0x00, 0xF6, 0x00, 0x04, 0x00, 0x12, 0x00, 0x10, 0x00, 0x06, 0x00, 0xF2, 0x00, 0xF2, 0x00, 0xF6, 
	0x00, 0xFA, 0x00, 0x0A, 0x00, 0x14, 0x00, 0x10, 0x00, 0x04, 0x00, 0xF2, 0x00, 0xF0, 0x00, 0xF4, 
	0x00, 0xF8, 0x00, 0x0E, 0x00, 0x12, 0x00, 0x0E, 0x00, 0xFA, 0x00, 0xF0, 0x00, 0xF6, 0x00, 0xF8, 
	0x00, 0xFC, 0x00, 0x0C, 0x00, 0x14, 0x00, 0x0C, 0x00, 0xFC, 0x00, 0xF2, 0x00, 0xF4, 0x00, 0xF4, 
	0x00, 0x00, 0x00, 0x12, 0x00, 0x12, 0x00, 0x0C, 0x00, 0xFA, 0x00, 0xF0, 0x00, 0xF2, 0x00, 0xF4, 
	0x00, 0x00, 0x00, 0x10, 0x00, 0x12, 0x00, 0x0A, 0x00, 0xFA, 0x00, 0xEE, 0x00, 0xF2, 0x00, 0xF6, 
	0x00, 0x00, 0x00, 0x12, 0x00, 0x12, 0x00, 0x0A, 0x00, 0xFA, 0x00, 0xEC, 0x00, 0xF2, 0x00, 0xF8, 
	0x00, 0x0A, 0x00, 0x12, 0x00, 0x0E, 0x00, 0x08, 0x00, 0xF8, 0x00, 0xEE, 0x00, 0xF2, 0x00, 0xF8, 
	0x00, 0x0A, 0x00, 0x12, 0x00, 0x10, 0x00, 0x04, 0x00, 0xF4, 0x00, 0xF0, 0x00, 0xF2, 0x00, 0xF8, 
	0x00, 0x08, 0x00, 0x14, 0x00, 0x0E, 0x00, 0x06, 0x00, 0xF0, 0x00, 0xF0, 0x00, 0xF2, 0x00, 0xFE, 
	0x00, 0x12, 0x00, 0x10, 0x00, 0x0C, 0x00, 0xF8, 0x00, 0xF0, 0x00, 0xF4, 0x00, 0xF6, 0x00, 0x00, 
	0x00, 0x12, 0x00, 0x10, 0x00, 0x0C, 0x00, 0xFA, 0x00, 0xEE, 0x00, 0xF4, 0x00, 0xF6, 0x00, 0x0C, 
	0x00, 0x12, 0x00, 0x0E, 0x00, 0x04, 0x00, 0xF0, 0x00, 0xF2, 0x00, 0xF6, 0x00, 0xFA, 0x00, 0x0A, 
	0x00, 0x12, 0x00, 0x0E, 0x00, 0x04, 0x00, 0xF0, 0x00, 0xF2, 0x00, 0xF4, 0x00, 0x00, 0x00, 0x10, 
	0x00, 0x10, 0x00, 0x0C, 0x00, 0xF8, 0x00, 0xF2, 0x00, 0xF4, 0x00, 0xF6, 0x00, 0x00, 0x00, 0x10, 
	0x00, 0x10, 0x00, 0x0C, 0x00, 0xFC, 0x00, 0xF0, 0x00, 0xF4, 0x00, 0xF4, 0x00, 0xFE, 0x00, 0x10, 
	0x00, 0x10, 0x00, 0x0C, 0x00, 0xFC, 0x00, 0xEE, 0x00, 0xF6, 0x00, 0xF6, 0x00, 0x0A, 0x00, 0x12, 
	0x00, 0x0C, 0x00, 0x06, 0x00, 0xEE, 0x00, 0xF2, 0x00, 0xF6, 0x00, 0xFE, 0x00, 0x12, 0x00, 0x0E, 
	0x00, 0x0A, 0x00, 0xF8, 0x00, 0xEC, 0x00, 0xF6, 0x00, 0xF6, 0x00, 0x0A, 0x00, 0x14, 0x00, 0x0E, 
	0x00, 0x02, 0x00, 0xF0, 0x00, 0xF0, 0x00, 0xF8, 0x00, 0xFA, 0x00, 0x0C, 0x00, 0x12, 0x00, 0x0E, 
	0x00, 0x02, 0x00, 0xF0, 0x00, 0xF2, 0x00, 0xF6, 0x00, 0xFC, 0x00, 0x0A, 0x00, 0x14, 0x00, 0x0E, 
	0x00, 0x08, 0x00, 0xF6, 0x00, 0xEC, 0x00, 0xF2, 0x00, 0xF8, 0x00, 0x0A, 0x00, 0x12, 0x00, 0x0C, 
	0x00, 0x04, 0x00, 0xF2, 0x00, 0xF2, 0x00, 0xF6, 0x00, 0xFA, 0x00, 0x0C, 0x00, 0x12, 0x00, 0x0E, 
	0x00, 0x04, 0x00, 0xF0, 0x00, 0xF2, 0x00, 0xF6, 0x00, 0xFA, 0x00, 0x08, 0x00, 0x12, 0x00, 0x0E, 
	0x00, 0x04, 0x00, 0xF0, 0x00, 0xF2, 0x00, 0xF4, 0x00, 0x00, 0x00, 0x12, 0x00, 0x10, 0x00, 0x0C, 
	0x00, 0xFE, 0x00, 0xEE, 0x00, 0xF2, 0x00, 0xF4, 0x00, 0x00, 0x00, 0x12, 0x00, 0x10, 0x00, 0x0C, 
	0x00, 0xF8, 0x00, 0xEE, 0x00, 0xF2, 0x00, 0xF8, 0x00, 0x00, 0x00, 0x12, 0x00, 0x10, 0x00, 0x0C, 
	0x00, 0xF8, 0x00, 0xEE, 0x00, 0xF4, 0x00, 0xF8, 0x00, 0x0A, 0x00, 0x10, 0x00, 0x0E, 0x00, 0x08, 
	0x00, 0xF6, 0x00, 0xF0, 0x00, 0xF4, 0x00, 0xF8, 0x00, 0x02, 0x00, 0x10, 0x00, 0x10, 0x00, 0x0A, 
	0x00, 0xF8, 0x00, 0xEC, 0x00, 0xF4, 0x00, 0xF8, 0x00, 0x0C, 0x00, 0x14, 0x00, 0x0C, 0x00, 0x02, 
	0x00, 0xEE, 0x00, 0xF0, 0x00, 0xF8, 0x00, 0x02, 0x00, 0x12, 0x00, 0x12, 0x00, 0x0C, 0x00, 0x00, 
	0x00, 0xEC, 0x00, 0xF0, 0x00, 0xF4, 0x00, 0x00, 0x00, 0x14, 0x00, 0x10, 0x00, 0x0C, 0x00, 0xF8, 
	0x00, 0xEA, 0x00, 0xF2, 0x00, 0xF6, 0x00, 0x0E, 0x00, 0x14, 0x00, 0x0E, 0x00, 0x02, 0x00, 0xEE, 
	0x00, 0xF0, 0x00, 0xF6, 0x00, 0xFC, 0x00, 0x0E, 0x00, 0x12, 0x00, 0x0E, 0x00, 0x04, 0x00, 0xEE, 
	0x00, 0xF0, 0x00, 0xF4, 0x00, 0x00, 0x00, 0x12, 0x00, 0x10, 0x00, 0x0E, 0x00, 0x02, 0x00, 0xEE, 
	0x00, 0xEE, 0x00, 0xF2, 0x00, 0x00, 0x00, 0x12, 0x00, 0x12, 0x00, 0x0E, 0x00, 0x00, 0x00, 0xF0, 
	0x00, 0xEE, 0x00, 0xF4, 0x00, 0xFA, 0x00, 0x0A, 0x00, 0x12, 0x00, 0x10, 0x00, 0x02, 0x00, 0xF2, 
	0x00, 0xF0, 0x00, 0xF4, 0x00, 0xFC, 0x00, 0x0A, 0x00, 0x14, 0x00, 0x10, 0x00, 0x02, 0x00, 0xF0, 
	0x00, 0xF0, 0x00, 0xF6, 0x00, 0xFC, 0x00, 0x0A, 0x00, 0x14, 0x00, 0x0E, 0x00, 0x02, 0x00, 0xF0, 
	0x00, 0xF2, 0x00, 0xF6, 0x00, 0xFA, 0x00, 0x0A, 0x00, 0x14, 0x00, 0x0C, 0x00, 0x06, 0x00, 0xEE, 
	0x00, 0xF0, 0x00, 0xF6, 0x00, 0x02, 0x00, 0x12, 0x00, 0x10, 0x00, 0x0C, 0x00, 0xFE, 0x00, 0xF0, 
	0x00, 0xF2, 0x00, 0xF4, 0x00, 0x02, 0x00, 0x10, 0x00, 0x10, 0x00, 0x0C, 0x00, 0xF6, 0x00, 0xF0, 
	0x00, 0xF2, 0x00, 0xF6, 0x00, 0xFC, 0x00, 0x0A, 0x00, 0x14, 0x00, 0x0C, 0x00, 0xFC, 0x00, 0xF0, 
	0x00, 0xF2, 0x00, 0xF6, 0x00, 0x02, 0x00, 0x12, 0x00, 0x12, 0x00, 0x0A, 0x00, 0xFA, 0x00, 0xF0, 
	0x00, 0xF4, 0x00, 0xF4, 0x00, 0x00, 0x00, 0x10, 0x00, 0x12, 0x00, 0x0C, 0x00, 0xFA, 0x00, 0xF0, 
	0x00, 0xF2, 0x00, 0xF6, 0x00, 0x00, 0x00, 0x12, 0x00, 0x12, 0x00, 0x0A, 0x00, 0xFC, 0x00, 0xF0, 
	0x00, 0xF2, 0x00, 0xF4, 0x00, 0x00, 0x00, 0x12, 0x00, 0x14, 0x00, 0x0C, 0x00, 0xFC, 0x00, 0xEE, 
	0x00, 0xF2, 0x00, 0xF4, 0x00, 0xFE, 0x00, 0x14, 0x00, 0x12, 0x00, 0x0E, 0x00, 0xFA, 0x00, 0xEC, 
	0x00, 0xF2, 0x00, 0xF6, 0x00, 0x0A, 0x00, 0x12, 0x00, 0x10, 0x00, 0x06, 0x00, 0xF2, 0x00, 0xF0, 
	0x00, 0xF0, 0x00, 0x00, 0x00, 0x12, 0x00, 0x10, 0x00, 0x0C, 0x00, 0xF8, 0x00, 0xF0, 0x00, 0xF2, 
	0x00, 0xF6, 0x00, 0x02, 0x00, 0x12, 0x00, 0x12, 0x00, 0x0A, 0x00, 0xFA, 0x00, 0xF0, 0x00, 0xF2, 
	0x00, 0xF4, 0x00, 0x00, 0x00, 0x12, 0x00, 0x14, 0x00, 0x0C, 0x00, 0xF8, 0x00, 0xEE, 0x00, 0xF2, 
	0x00, 0xF6, 0x00, 0x02, 0x00, 0x12, 0x00, 0x14, 0x00, 0x0C, 0x00, 0xF8, 0x00, 0xEE, 0x00, 0xEE, 
	0x00, 0xF4, 0x00, 0x04, 0x00, 0x12, 0x00, 0x16, 0x00, 0x0A, 0x00, 0xFA, 0x00, 0xEE, 0x00, 0xEE, 
	0x00, 0xF6, 0x00, 0x02, 0x00, 0x14, 0x00, 0x14, 0x00, 0x0A, 0x00, 0xF8, 0x00, 0xEE, 0x00, 0xF2, 
	0x00, 0xF6, 0x00, 0x00, 0x00, 0x12, 0x00, 0x14, 0x00, 0x0C, 0x00, 0xFC, 0x00, 0xEC, 0x00, 0xF2, 
	0x00, 0xF4, 0x00, 0x0A, 0x00, 0x14, 0x00, 0x10, 0x00, 0x04, 0x00, 0xF0, 0x00, 0xF0, 0x00, 0xF4, 
	0x00, 0xF8, 0x00, 0x0C, 0x00, 0x12, 0x00, 0x10, 0x00, 0x04, 0x00, 0xF0, 0x00, 0xF0, 0x00, 0xF4, 
	0x00, 0xFA, 0x00, 0x08, 0x00, 0x12, 0x00, 0x10, 0x00, 0x0A, 0x00, 0xF8, 0x00, 0xEE, 0x00, 0xF2, 
	0x00, 0xF6, 0x00, 0x0A, 0x00, 0x12, 0x00, 0x10, 0x00, 0x02, 0x00, 0xF0, 0x00, 0xEE, 0x00, 0xF4, 
	0x00, 0xFA, 0x00, 0x0C, 0x00, 0x14, 0x00, 0x10, 0x00, 0x04, 0x00, 0xEE, 0x00, 0xEE, 0x00, 0xF4, 
	0x00, 0xFA, 0x00, 0x0C, 0x00, 0x16, 0x00, 0x10, 0x00, 0x04, 0x00, 0xF0, 0x00, 0xEE, 0x00, 0xF4, 
	0x00, 0xFA, 0x00, 0x0C, 0x00, 0x16, 0x00, 0x10, 0x00, 0x04, 0x00, 0xEE, 0x00, 0xF0, 0x00, 0xF2, 
	0x00, 0x00, 0x00, 0x12, 0x00, 0x12, 0x00, 0x0E, 0x00, 0xF8, 0x00, 0xEE, 0x00, 0xF2, 0x00, 0xF4, 
	0x00, 0x02, 0x00, 0x12, 0x00, 0x12, 0x00, 0x0C, 0x00, 0xF8, 0x00, 0xF0, 0x00, 0xF2, 0x00, 0xF4, 
	0x00, 0x02, 0x00, 0x12, 0x00, 0x12, 0x00, 0x0C, 0x00, 0xF8, 0x00, 0xEE, 0x00, 0xF2, 0x00, 0xF8, 
	0x00, 0x00, 0x00, 0x14, 0x00, 0x12, 0x00, 0x0A, 0x00, 0xF8, 0x00, 0xEA, 0x00, 0xF4, 0x00, 0xF8, 
	0x00, 0x0C, 0x00, 0x14, 0x00, 0x0E, 0x00, 0x04, 0x00, 0xEE, 0x00, 0xEE, 0x00, 0xF4, 0x00, 0x00, 
	0x00, 0x14, 0x00, 0x12, 0x00, 0x0E, 0x00, 0x00, 0x00, 0xEE, 0x00, 0xEC, 0x00, 0xF2, 0x00, 0x00, 
	0x00, 0x16, 0x00, 0x14, 0x00, 0x0E, 0x00, 0xF8, 0x00, 0xEA, 0x00, 0xF0, 0x00, 0xF4, 0x00, 0x0C, 
	0x00, 0x14, 0x00, 0x10, 0x00, 0x06, 0x00, 0xF0, 0x00, 0xEE, 0x00, 0xF2, 0x00, 0xFE, 0x00, 0x12, 
	0x00, 0x12, 0x00, 0x0E, 0x00, 0x00, 0x00, 0xF0, 0x00, 0xEE, 0x00, 0xF4, 0x00, 0xF6, 0x00, 0x0C, 
	0x00, 0x14, 0x00, 0x10, 0x00, 0x04, 0x00, 0xF0, 0x00, 0xF0, 0x00, 0xF4, 0x00, 0xF8, 0x00, 0x0C, 
	0x00, 0x14, 0x00, 0x10, 0x00, 0x04, 0x00, 0xF0, 0x00, 0xEE, 0x00, 0xF4, 0x00, 0xFA, 0x00, 0x0A, 
	0x00, 0x14, 0x00, 0x0E, 0x00, 0x04, 0x00, 0xF0, 0x00, 0xEE, 0x00, 0xF6, 0x00, 0xF8, 0x00, 0x0C, 
	0x00, 0x14, 0x00, 0x0E, 0x00, 0x06, 0x00, 0xEE, 0x00, 0xEE, 0x00, 0xF4, 0x00, 0xFE, 0x00, 0x12, 
	0x00, 0x12, 0x00, 0x0C, 0x00, 0x02, 0x00, 0xEE, 0x00, 0xF0, 0x00, 0xF2, 0x00, 0xFE, 0x00, 0x14, 
	0x00, 0x10, 0x00, 0x0C, 0x00, 0xFA, 0x00, 0xEE, 0x00, 0xF4, 0x00, 0xF4, 0x00, 0x0A, 0x00, 0x12, 
	0x00, 0x0C, 0x00, 0x06, 0x00, 0xF0, 0x00, 0xF0, 0x00, 0xF4, 0x00, 0xFE, 0x00, 0x12, 0x00, 0x10, 
	0x00, 0x0A, 0x00, 0xFC, 0x00, 0xF0, 0x00, 0xF2, 0x00, 0xF6, 0x00, 0x00, 0x00, 0x12, 0x00, 0x0E, 
	0x00, 0x0A, 0x00, 0xFA, 0x00, 0xEE, 0x00, 0xF4, 0x00, 0xF8, 0x00, 0x0A, 0x00, 0x12, 0x00, 0x10, 
	0x00, 0x02, 0x00, 0xF2, 0x00, 0xF0, 0x00, 0xF6, 0x00, 0xFC, 0x00, 0x06, 0x00, 0x12, 0x00, 0x10, 
	0x00, 0x0A, 0x00, 0xFA, 0x00, 0xEC, 0x00, 0xF4, 0x00, 0xF4, 0x00, 0x08, 0x00, 0x12, 0x00, 0x0E, 
	0x00, 0x06, 0x00, 0xF0, 0x00, 0xF0, 0x00, 0xF4, 0x00, 0x00, 0x00, 0x12, 0x00, 0x10, 0x00, 0x0A, 
	0x00, 0xF8, 0x00, 0xF2, 0x00, 0xF2, 0x00, 0xF8, 0x00, 0x00, 0x00, 0x12, 0x00, 0x12, 0x00, 0x0A, 
	0x00, 0xFA, 0x00, 0xEE, 0x00, 0xF4, 0x00, 0xF8, 0x00, 0x0C, 0x00, 0x10, 0x00, 0x0C, 0x00, 0xF8, 
	0x00, 0xEE, 0x00, 0xF2, 0x00, 0xF8, 0x00, 0x04, 0x00, 0x12, 0x00, 0x10, 0x00, 0x0C, 0x00, 0xF6, 
	0x00, 0xEE, 0x00, 0xF4, 0x00, 0xF6, 0x00, 0x02, 0x00, 0x12, 0x00, 0x12, 0x00, 0x0C, 0x00, 0xF8, 
	0x00, 0xF0, 0x00, 0xF4, 0x00, 0xF6, 0x00, 0x02, 0x00, 0x10, 0x00, 0x12, 0x00, 0x0C, 0x00, 0xF8, 
	0x00, 0xEC, 0x00, 0xF6, 0x00, 0xF8, 0x00, 0x0C, 0x00, 0x0E, 0x00, 0x0E, 0x00, 0x00, 0x00, 0xF4, 
	0x00, 0xF2, 0x00, 0xF4, 0x00, 0xFC, 0x00, 0x08, 0x00, 0x12, 0x00, 0x10, 0x00, 0x02, 0x00, 0xF0, 
	0x00, 0xF0, 0x00, 0xF4, 0x00, 0x04, 0x00, 0x10, 0x00, 0x10, 0x00, 0x0A, 0x00, 0xFE, 0x00, 0xEE, 
	0x00, 0xEE, 0x00, 0xF4, 0x00, 0x00, 0x00, 0x12, 0x00, 0x12, 0x00, 0x0A, 0x00, 0xFE, 0x00, 0xF0, 
	0x00, 0xF0, 0x00, 0xF6, 0x00, 0xFC, 0x00, 0x0C, 0x00, 0x12, 0x00, 0x0C, 0x00, 0xFA, 0x00, 0xEC, 
	0x00, 0xF4, 0x00, 0xF8, 0x00, 0x04, 0x00, 0x12, 0x00, 0x10, 0x00, 0x0A, 0x00, 0xF8, 0x00, 0xEC, 
	0x00, 0xF2, 0x00, 0xF8, 0x00, 0x02, 0x00, 0x14, 0x00, 0x12, 0x00, 0x0A, 0x00, 0xF8, 0x00, 0xEA, 
	0x00, 0xF4, 0x00, 0xF8, 0x00, 0x0C, 0x00, 0x12, 0x00, 0x0C, 0x00, 0x04, 0x00, 0xEC, 0x00, 0xF0, 
	0x00, 0xF8, 0x00, 0x00, 0x00, 0x14, 0x00, 0x10, 0x00, 0x0A, 0x00, 0xF8, 0x00, 0xEA, 0x00, 0xF4, 
	0x00, 0xF8, 0x00, 0x0C, 0x00, 0x14, 0x00, 0x0E, 0x00, 0x02, 0x00, 0xF0, 0x00, 0xEE, 0x00, 0xF6, 
	0x00, 0xFC, 0x00, 0x0A, 0x00, 0x14, 0x00, 0x0E, 0x00, 0x04, 0x00, 0xF2, 0x00, 0xEE, 0x00, 0xF6, 
	0x00, 0xFC, 0x00, 0x0C, 0x00, 0x14, 0x00, 0x10, 0x00, 0x04, 0x00, 0xF0, 0x00, 0xEE, 0x00, 0xF4, 
	0x00, 0xFA, 0x00, 0x0C, 0x00, 0x14, 0x00, 0x0C, 0x00, 0x06, 0x00, 0xEE, 0x00, 0xF0, 0x00, 0xF6, 
	0x00, 0x00, 0x00, 0x14, 0x00, 0x10, 0x00, 0x08, 0x00, 0xF8, 0x00, 0xEA, 0x00, 0xF4, 0x00, 0xF8, 
	0x00, 0x0E, 0x00, 0x12, 0x00, 0x0E, 0x00, 0x00, 0x00, 0xF0, 0x00, 0xF0, 0x00, 0xF6, 0x00, 0xFC, 
	0x00, 0x0C, 0x00, 0x14, 0x00, 0x10, 0x00, 0x02, 0x00, 0xEE, 0x00, 0xF0, 0x00, 0xF4, 0x00, 0xFC, 
	0x00, 0x0C, 0x00, 0x16, 0x00, 0x10, 0x00, 0x02, 0x00, 0xF0, 0x00, 0xEE, 0x00, 0xF4, 0x00, 0xFE, 
	0x00, 0x0A, 0x00, 0x16, 0x00, 0x0E, 0x00, 0x04, 0x00, 0xF0, 0x00, 0xEE, 0x00, 0xF4, 0x00, 0x02, 
	0x00, 0x12, 0x00, 0x12, 0x00, 0x0A, 0x00, 0xF8, 0x00, 0xEE, 0x00, 0xF2, 0x00, 0xF8, 0x00, 0x0C, 
	0x00, 0x12, 0x00, 0x0E, 0x00, 0x02, 0x00, 0xF0, 0x00, 0xF0, 0x00, 0xF2, 0x00, 0xFA, 0x00, 0x0C, 
	0x00, 0x16, 0x00, 0x0E, 0x00, 0x02, 0x00, 0xEE, 0x00, 0xF0, 0x00, 0xF2, 0x00, 0x00, 0x00, 0x12, 
	0x00, 0x10, 0x00, 0x0E, 0x00, 0x00, 0x00, 0xEE, 0x00, 0xEE, 0x00, 0xF4, 0x00, 0x02, 0x00, 0x14, 
	0x00, 0x10, 0x00, 0x0A, 0x00, 0xF6, 0x00, 0xEE, 0x00, 0xF2, 0x00, 0xF6, 0x00, 0x02, 0x00, 0x14, 
	0x00, 0x12, 0x00, 0x08, 0x00, 0xF6, 0x00, 0xEC, 0x00, 0xF4, 0x00, 0xF6, 0x00, 0x0E, 0x00, 0x12, 
	0x00, 0x10, 0x00, 0x02, 0x00, 0xF0, 0x00, 0xF0, 0x00, 0xF4, 0x00, 0xFA, 0x00, 0x0C, 0x00, 0x14, 
	0x00, 0x0E, 0x00, 0x02, 0x00, 0xEE, 0x00, 0xF0, 0x00, 0xF4, 0x00, 0xFA, 0x00, 0x0E, 0x00, 0x12, 
	0x00, 0x0E, 0x00, 0x02, 0x00, 0xF0, 0x00, 0xF2, 0x00, 0xF4, 0x00, 0xFA, 0x00, 0x0C, 0x00, 0x16, 
	0x00, 0x0C, 0x00, 0x02, 0x00, 0xEE, 0x00, 0xF0, 0x00, 0xF6, 0x00, 0x00, 0x00, 0x14, 0x00, 0x10, 
	0x00, 0x08, 0x00, 0xF6, 0x00, 0xEC, 0x00, 0xF4, 0x00, 0xFA, 0x00, 0x0C, 0x00, 0x12, 0x00, 0x0E, 
	0x00, 0x06, 0x00, 0xF6, 0x00, 0xEC, 0x00, 0xF2, 0x00, 0xF6, 0x00, 0x0C, 0x00, 0x14, 0x00, 0x0E, 
	0x00, 0x02, 0x00, 0xEE, 0x00, 0xF0, 0x00, 0xF6, 0x00, 0xFC, 0x00, 0x0C, 0x00, 0x12, 0x00, 0x0C, 
	0x00, 0xFA, 0x00, 0xEC, 0x00, 0xF6, 0x00, 0xF8, 0x00, 0x0A, 0x00, 0x12, 0x00, 0x0E, 0x00, 0x0A, 
	0x00, 0xF6, 0x00, 0xEC, 0x00, 0xF4, 0x00, 0xF6, 0x00, 0x0A, 0x00, 0x12, 0x00, 0x0E, 0x00, 0x08, 
	0x00, 0xF6, 0x00, 0xEE, 0x00, 0xF4, 0x00, 0xF4, 0x00, 0x00, 0x00, 0x16, 0x00, 0x12, 0x00, 0x04, 
	0x00, 0xF0, 0x00, 0xF0, 0x00, 0xF8, 0x00, 0x00, 0x00, 0x12, 0x00, 0x10, 0x00, 0x0C, 0x00, 0xFE, 
	0x00, 0xF0, 0x00, 0xF0, 0x00, 0xF6, 0x00, 0xFA, 0x00, 0x0C, 0x00, 0x12, 0x00, 0x0C, 0x00, 0xFA, 
	0x00, 0xEE, 0x00, 0xF6, 0x00, 0xF8, 0x00, 0x02, 0x00, 0x14, 0x00, 0x12, 0x00, 0x0A, 0x00, 0xF6, 
	0x00, 0xEA, 0x00, 0xF4, 0x00, 0xF8, 0x00, 0x0E, 0x00, 0x14, 0x00, 0x10, 0x00, 0x02, 0x00, 0xF0, 
	0x00, 0xEE, 0x00, 0xF4, 0x00, 0xFA, 0x00, 0x0C, 0x00, 0x16, 0x00, 0x0E, 0x00, 0x04, 0x00, 0xEE, 
	0x00, 0xEE, 0x00, 0xF4, 0x00, 0x00, 0x00, 0x12, 0x00, 0x14, 0x00, 0x0C, 0x00, 0x00, 0x00, 0xF0, 
	0x00, 0xEE, 0x00, 0xF4, 0x00, 0x00, 0x00, 0x10, 0x00, 0x14, 0x00, 0x0C, 0x00, 0xFE, 0x00, 0xF2, 
	0x00, 0xEE, 0x00, 0xF6, 0x00, 0xFA, 0x00, 0x0A, 0x00, 0x14, 0x00, 0x0C, 0x00, 0x04, 0x00, 0xEE, 
	0x00, 0xF0, 0x00, 0xF6, 0x00, 0xFE, 0x00, 0x14, 0x00, 0x10, 0x00, 0x0A, 0x00, 0xF8, 0x00, 0xEE, 
	0x00, 0xF6, 0x00, 0xF8, 0x00, 0x0A, 0x00, 0x12, 0x00, 0x0C, 0x00, 0x02, 0x00, 0xEE, 0x00, 0xF0, 
	0x00, 0xF6, 0x00, 0x02, 0x00, 0x12, 0x00, 0x10, 0x00, 0x0A, 0x00, 0xF8, 0x00, 0xEE, 0x00, 0xF2, 
	0x00, 0xF8, 0x00, 0x02, 0x00, 0x12, 0x00, 0x12, 0x00, 0x0A, 0x00, 0xF8, 0x00, 0xEC, 0x00, 0xF4, 
	0x00, 0xF8, 0x00, 0x0E, 0x00, 0x12, 0x00, 0x10, 0x00, 0x00, 0x00, 0xEE, 0x00, 0xF0, 0x00, 0xF6, 
	0x00, 0xFC, 0x00, 0x0A, 0x00, 0x14, 0x00, 0x0E, 0x00, 0x04, 0x00, 0xF0, 0x00, 0xF0, 0x00, 0xF6, 
	0x00, 0xFA, 0x00, 0x0C, 0x00, 0x14, 0x00, 0x0C, 0x00, 0x04, 0x00, 0xEC, 0x00, 0xF2, 0x00, 0xF6, 
	0x00, 0x00, 0x00, 0x14, 0x00, 0x0E, 0x00, 0x0A, 0x00, 0xF6, 0x00, 0xEE, 0x00, 0xF4, 0x00, 0xF6, 
	0x00, 0x04, 0x00, 0x12, 0x00, 0x12, 0x00, 0x06, 0x00, 0xF0, 0x00, 0xF0, 0x00, 0xF6, 0x00, 0xFA, 
	0x00, 0x0E, 0x00, 0x14, 0x00, 0x0E, 0x00, 0x02, 0x00, 0xF0, 0x00, 0xF0, 0x00, 0xF6, 0x00, 0xFA, 
	0x00, 0x0C, 0x00, 0x14, 0x00, 0x0E, 0x00, 0x04, 0x00, 0xF0, 0x00, 0xF2, 0x00, 0xF6, 0x00, 0xFA, 
	0x00, 0x0C, 0x00, 0x12, 0x00, 0x0C, 0x00, 0x04, 0x00, 0xEE, 0x00, 0xF2, 0x00, 0xF6, 0x00, 0x00, 
	0x00, 0x12, 0x00, 0x0E, 0x00, 0x08, 0x00, 0xF8, 0x00, 0xEE, 0x00, 0xF4, 0x00, 0xF8, 0x00, 0x02, 
	0x00, 0x12, 0x00, 0x10, 0x00, 0x0A, 0x00, 0xF8, 0x00, 0xEE, 0x00, 0xF6, 0x00, 0xFA, 0x00, 0x0A, 
	0x00, 0x12, 0x00, 0x0E, 0x00, 0x08, 0x00, 0xF8, 0x00, 0xEE, 0x00, 0xF2, 0x00, 0xF6, 0x00, 0x02, 
	0x00, 0x12, 0x00, 0x10, 0x00, 0x0A, 0x00, 0xF8, 0x00, 0xEE, 0x00, 0xF4, 0x00, 0xF8, 0x00, 0x00, 
	0x00, 0x10, 0x00, 0x0E, 0x00, 0x0C, 0x00, 0xFA, 0x00, 0xEE, 0x00, 0xF6, 0x00, 0xF6, 0x00, 0x0C, 
	0x00, 0x10, 0x00, 0x0E, 0x00, 0x04, 0x00, 0xF0, 0x00, 0xF2, 0x00, 0xF6, 0x00, 0xFC, 0x00, 0x0C, 
	0x00, 0x10, 0x00, 0x0E, 0x00, 0x02, 0x00, 0xF2, 0x00, 0xF2, 0x00, 0xF6, 0x00, 0xFA, 0x00, 0x0A, 
	0x00, 0x12, 0x00, 0x0C, 0x00, 0x04, 0x00, 0xEE, 0x00, 0xF4, 0x00, 0xF4, 0x00, 0x00, 0x00, 0x12, 
	0x00, 0x0E, 0x00, 0x0A, 0x00, 0xF8, 0x00, 0xEE, 0x00, 0xF4, 0x00, 0xF8, 0x00, 0x02, 0x00, 0x0E, 
	0x00, 0x10, 0x00, 0x0C, 0x00, 0x02, 0x00, 0xEE, 0x00, 0xF2, 0x00, 0xF4, 0x00, 0xFE, 0x00, 0x12, 
	0x00, 0x0E, 0x00, 0x0A, 0x00, 0xFA, 0x00, 0xEC, 0x00, 0xF4, 0x00, 0xF6, 0x00, 0x0A, 0x00, 0x12, 
	0x00, 0x0E, 0x00, 0x02, 0x00, 0xF2, 0x00, 0xF2, 0x00, 0xF6, 0x00, 0xFA, 0x00, 0x0A, 0x00, 0x12, 
	0x00, 0x0E, 0x00, 0x04, 0x00, 0xEE, 0x00, 0xF2, 0x00, 0xF4, 0x00, 0x02, 0x00, 0x12, 0x00, 0x0E, 
	0x00, 0x0A, 0x00, 0xF8, 0x00, 0xEE, 0x00, 0xF4, 0x00, 0xF8, 0x00, 0x02, 0x00, 0x10, 0x00, 0x0E, 
	0x00, 0x0A, 0x00, 0xFA, 0x00, 0xEC, 0x00, 0xF6, 0x00, 0xF8, 0x00, 0x0C, 0x00, 0x12, 0x00, 0x0C, 
	0x00, 0x04, 0x00, 0xF0, 0x00, 0xF0, 0x00, 0xF6, 0x00, 0xFA, 0x00, 0x08, 0x00, 0x14, 0x00, 0x0E, 
	0x00, 0x06, 0x00, 0xF0, 0x00, 0xF0, 0x00, 0xF6, 0x00, 0xFE, 0x00, 0x10, 0x00, 0x10, 0x00, 0x0C, 
	0x00, 0x02, 0x00, 0xF0, 0x00, 0xF0, 0x00, 0xF4, 0x00, 0xFE, 0x00, 0x12, 0x00, 0x10, 0x00, 0x0A, 
	0x00, 0xF8, 0x00, 0xF0, 0x00, 0xF0, 0x00, 0xF8, 0x00, 0x02, 0x00, 0x0E, 0x00, 0x12, 0x00, 0x0A, 
	0x00, 0x02, 0x00, 0xF0, 0x00, 0xF2, 0x00, 0xF6, 0x00, 0xFE, 0x00, 0x12, 0x00, 0x0E, 0x00, 0x08, 
	0x00, 0xF8, 0x00, 0xEE, 0x00, 0xF4, 0x00, 0xFA, 0x00, 0x08, 0x00, 0x10, 0x00, 0x0E, 0x00, 0x08, 
	0x00, 0xF8, 0x00, 0xEC, 0x00, 0xF4, 0x00, 0xF6, 0x00, 0x0C, 0x00, 0x12, 0x00, 0x0E, 0x00, 0x04, 
	0x00, 0xF0, 0x00, 0xEE, 0x00, 0xF6, 0x00, 0xFA, 0x00, 0x0A, 0x00, 0x12, 0x00, 0x0E, 0x00, 0x06, 
	0x00, 0xEE, 0x00, 0xF2, 0x00, 0xF6, 0x00, 0xFE, 0x00, 0x12, 0x00, 0x0E, 0x00, 0x0A, 0x00, 0xF8, 
	0x00, 0xEE, 0x00, 0xF6, 0x00, 0xF8, 0x00, 0x0C, 0x00, 0x10, 0x00, 0x0A, 0x00, 0x04, 0x00, 0xEE, 
	0x00, 0xF0, 0x00, 0xF6, 0x00, 0x00, 0x00, 0x12, 0x00, 0x10, 0x00, 0x0A, 0x00, 0xFA, 0x00, 0xF0, 
	0x00, 0xF4, 0x00, 0xF8, 0x00, 0x00, 0x00, 0x10, 0x00, 0x0E, 0x00, 0x0C, 0x00, 0xFA, 0x00, 0xEE, 
	0x00, 0xF6, 0x00, 0xF8, 0x00, 0x0A, 0x00, 0x10, 0x00, 0x0C, 0x00, 0x04, 0x00, 0xF0, 0x00, 0xF2, 
	0x00, 0xF6, 0x00, 0xFE, 0x00, 0x12, 0x00, 0x0E, 0x00, 0x0A, 0x00, 0xF8, 0x00, 0xF0, 0x00, 0xF4, 
	0x00, 0xF8, 0x00, 0x00, 0x00, 0x12, 0x00, 0x0E, 0x00, 0x0A, 0x00, 0xFC, 0x00, 0xEE, 0x00, 0xF4, 
	0x00, 0xF6, 0x00, 0x02, 0x00, 0x12, 0x00, 0x10, 0x00, 0x06, 0x00, 0xF4, 0x00, 0xF2, 0x00, 0xF6, 
	0x00, 0xFA, 0x00, 0x0A, 0x00, 0x14, 0x00, 0x0A, 0x00, 0x04, 0x00, 0xF0, 0x00, 0xF0, 0x00, 0xF6, 
	0x00, 0x00, 0x00, 0x14, 0x00, 0x0E, 0x00, 0x0A, 0x00, 0xF8, 0x00, 0xEE, 0x00, 0xF4, 0x00, 0xF8, 
	0x00, 0x00, 0x00, 0x14, 0x00, 0x10, 0x00, 0x08, 0x00, 0xFA, 0x00, 0xF0, 0x00, 0xF4, 0x00, 0xF8, 
	0x00, 0x00, 0x00, 0x12, 0x00, 0x10, 0x00, 0x0A, 0x00, 0xFA, 0x00, 0xEC, 0x00, 0xF6, 0x00, 0xF6, 
	0x00, 0x0C, 0x00, 0x12, 0x00, 0x0C, 0x00, 0x02, 0x00, 0xF0, 0x00, 0xF0, 0x00, 0xF6, 0x00, 0xFC, 
	0x00, 0x0E, 0x00, 0x12, 0x00, 0x0A, 0x00, 0xFA, 0x00, 0xEE, 0x00, 0xF2, 0x00, 0xF8, 0x00, 0x04, 
	0x00, 0x14, 0x00, 0x12, 0x00, 0x0A, 0x00, 0xF8, 0x00, 0xEE, 0x00, 0xF2, 0x00, 0xF6, 0x00, 0x06, 
	0x00, 0x12, 0x00, 0x10, 0x00, 0x04, 0x00, 0xF0, 0x00, 0xF0, 0x00, 0xF4, 0x00, 0x02, 0x00, 0x12, 
	0x00, 0x10, 0x00, 0x0C, 0x00, 0xFC, 0x00, 0xF0, 0x00, 0xF0, 0x00, 0xF6, 0x00, 0xFC, 0x00, 0x0A, 
	0x00, 0x14, 0x00, 0x0C, 0x00, 0x02, 0x00, 0xF0, 0x00, 0xF2, 0x00, 0xF4, 0x00, 0x00, 0x00, 0x12, 
	0x00, 0x10, 0x00, 0x0A, 0x00, 0xF8, 0x00, 0xF0, 0x00, 0xF2, 0x00, 0xF8, 0x00, 0x04, 0x00, 0x12, 
	0x00, 0x10, 0x00, 0x08, 0x00, 0xF6, 0x00, 0xF0, 0x00, 0xF4, 0x00, 0xF8, 0x00, 0x02, 0x00, 0x12, 
	0x00, 0x12, 0x00, 0x0A, 0x00, 0xF8, 0x00, 0xEC, 0x00, 0xF4, 0x00, 0xF8, 0x00, 0x0E, 0x00, 0x12, 
	0x00, 0x10, 0x00, 0xFE, 0x00, 0xF0, 0x00, 0xF0, 0x00, 0xF6, 0x00, 0xFE, 0x00, 0x0C, 0x00, 0x14, 
	0x00, 0x0C, 0x00, 0x00, 0x00, 0xF0, 0x00, 0xF0, 0x00, 0xF4, 0x00, 0xFC, 0x00, 0x0C, 0x00, 0x14, 
	0x00, 0x0E, 0x00, 0x00, 0x00, 0xF0, 0x00, 0xF0, 0x00, 0xF6, 0x00, 0xFC, 0x00, 0x0A, 0x00, 0x12, 
	0x00, 0x0C, 0x00, 0x04, 0x00, 0xF2, 0x00, 0xF0, 0x00, 0xF6, 0x00, 0xFC, 0x00, 0x0C, 0x00, 0x14, 
	0x00, 0x0C, 0x00, 0x04, 0x00, 0xF0, 0x00, 0xF0, 0x00, 0xF6, 0x00, 0x00, 0x00, 0x12, 0x00, 0x0E, 
	0x00, 0x08, 0x00, 0xF8, 0x00, 0xF0, 0x00, 0xF4, 0x00, 0xF6, 0x00, 0x02, 0x00, 0x12, 0x00, 0x10, 
	0x00, 0x04, 0x00, 0xF4, 0x00, 0xF2, 0x00, 0xF8, 0x00, 0xFC, 0x00, 0x0A, 0x00, 0x12, 0x00, 0x0C, 
	0x00, 0x04, 0x00, 0xEE, 0x00, 0xF2, 0x00, 0xF6, 0x00, 0x02, 0x00, 0x12, 0x00, 0x0E, 0x00, 0x08, 
	0x00, 0xF8, 0x00, 0xF0, 0x00, 0xF4, 0x00, 0xF8, 0x00, 0x02, 0x00, 0x10, 0x00, 0x10, 0x00, 0x0C, 
	0x00, 0x02, 0x00, 0xF0, 0x00, 0xF2, 0x00, 0xF4, 0x00, 0x00, 0x00, 0x12, 0x00, 0x0E, 0x00, 0x08, 
	0x00, 0xF8, 0x00, 0xF0, 0x00, 0xF4, 0x00, 0xF8, 0x00, 0x00, 0x00, 0x10, 0x00, 0x10, 0x00, 0x0A, 
	0x00, 0xFA, 0x00, 0xF0, 0x00, 0xF4, 0x00, 0xF6, 0x00, 0x00, 0x00, 0x10, 0x00, 0x10, 0x00, 0x0A, 
	0x00, 0xFA, 0x00, 0xEE, 0x00, 0xF4, 0x00, 0xF8, 0x00, 0x0A, 0x00, 0x12, 0x00, 0x0C, 0x00, 0x08, 
	0x00, 0xF8, 0x00, 0xEE, 0x00, 0xF4, 0x00, 0xF8, 0x00, 0x0A, 0x00, 0x12, 0x00, 0x0A, 0x00, 0x04, 
	0x00, 0xF0, 0x00, 0xF2, 0x00, 0xF6, 0x00, 0x00, 0x00, 0x12, 0x00, 0x0E, 0x00, 0x08, 0x00, 0xFA, 
	0x00, 0xF2, 0x00, 0xF4, 0x00, 0xF6, 0x00, 0x04, 0x00, 0x12, 0x00, 0x10, 0x00, 0x04, 0x00, 0xF2, 
	0x00, 0xF2, 0x00, 0xF6, 0x00, 0xFC, 0x00, 0x0A, 0x00, 0x12, 0x00, 0x0C, 0x00, 0x08, 0x00, 0xF8, 
	0x00, 0xEE, 0x00, 0xF4, 0x00, 0xF6, 0x00, 0x0C, 0x00, 0x12, 0x00, 0x0C, 0x00, 0x04, 0x00, 0xF0, 
	0x00, 0xF2, 0x00, 0xF6, 0x00, 0x00, 0x00, 0x12, 0x00, 0x0C, 0x00, 0x08, 0x00, 0xF8, 0x00, 0xEE, 
	0x00, 0xF4, 0x00, 0xFA, 0x00, 0x0A, 0x00, 0x12, 0x00, 0x0C, 0x00, 0x08, 0x00, 0xF8, 0x00, 0xEE, 
	0x00, 0xF6, 0x00, 0xF8, 0x00, 0x0C, 0x00, 0x10, 0x00, 0x0A, 0x00, 0x00, 0x00, 0xF0, 0x00, 0xF2, 
	0x00, 0xF8, 0x00, 0xFC, 0x00, 0x08, 0x00, 0x10, 0x00, 0x0C, 0x00, 0x02, 0x00, 0xF2, 0x00, 0xF4, 
	0x00, 0xF6, 0x00, 0xFC, 0x00, 0x08, 0x00, 0x10, 0x00, 0x0C, 0x00, 0x04, 0x00, 0xF0, 0x00, 0xF4, 
	0x00, 0xF6, 0x00, 0x00, 0x00, 0x0E, 0x00, 0x0E, 0x00, 0x0A, 0x00, 0x02, 0x00, 0xF2, 0x00, 0xF2, 
	0x00, 0xF4, 0x00, 0x00, 0x00, 0x10, 0x00, 0x0C, 0x00, 0x08, 0x00, 0xF8, 0x00, 0xF2, 0x00, 0xF4, 
	0x00, 0xF8, 0x00, 0x00, 0x00, 0x10, 0x00, 0x10, 0x00, 0x0A, 0x00, 0xF8, 0x00, 0xF2, 0x00, 0xF4, 
	0x00, 0xFA, 0x00, 0x00, 0x00, 0x0E, 0x00, 0x10, 0x00, 0x0A, 0x00, 0xFC, 0x00, 0xF0, 0x00, 0xF4, 
	0x00, 0xF8, 0x00, 0x00, 0x00, 0x10, 0x00, 0x10, 0x00, 0x0A, 0x00, 0xFC, 0x00, 0xEE, 0x00, 0xF6, 
	0x00, 0xF8, 0x00, 0x06, 0x00, 0x10, 0x00, 0x0E, 0x00, 0x0A, 0x00, 0xFA, 0x00, 0xEE, 0x00, 0xF4, 
	0x00, 0xF6, 0x00, 0x08, 0x00, 0x10, 0x00, 0x0E, 0x00, 0x02, 0x00, 0xF4, 0x00, 0xF2, 0x00, 0xF6, 
	0x00, 0xFA, 0x00, 0x08, 0x00, 0x12, 0x00, 0x0E, 0x00, 0x02, 0x00, 0xF4, 0x00, 0xF2, 0x00, 0xF6, 
	0x00, 0xF8, 0x00, 0x06, 0x00, 0x14, 0x00, 0x0E, 0x00, 0x06, 0x00, 0xF2, 0x00, 0xF2, 0x00, 0xF4, 
	0x00, 0xFE, 0x00, 0x10, 0x00, 0x0E, 0x00, 0x0C, 0x00, 0xF8, 0x00, 0xF0, 0x00, 0xF4, 0x00, 0xF8, 
	0x00, 0x0A, 0x00, 0x10, 0x00, 0x0E, 0x00, 0x08, 0x00, 0xF8, 0x00, 0xF0, 0x00, 0xF4, 0x00, 0xF8, 
	0x00, 0x06, 0x00, 0x10, 0x00, 0x0E, 0x00, 0x08, 0x00, 0xFA, 0x00, 0xEE, 0x00, 0xF4, 0x00, 0xF6, 
	0x00, 0x0A, 0x00, 0x12, 0x00, 0x0E, 0x00, 0x00, 0x00, 0xF2, 0x00, 0xF4, 0x00, 0xF6, 0x00, 0xFA, 
	0x00, 0x06, 0x00, 0x12, 0x00, 0x0C, 0x00, 0x06, 0x00, 0xF2, 0x00, 0xF4, 0x00, 0xF4, 0x00, 0x00, 
	0x00, 0x0E, 0x00, 0x0E, 0x00, 0x0A, 0x00, 0xFA, 0x00, 0xEE, 0x00, 0xF6, 0x00, 0xF8, 0x00, 0x0C, 
	0x00, 0x10, 0x00, 0x0C, 0x00, 0x02, 0x00, 0xF2, 0x00, 0xF2, 0x00, 0xF6, 0x00, 0xFC, 0x00, 0x08, 
	0x00, 0x12, 0x00, 0x0E, 0x00, 0x04, 0x00, 0xF0, 0x00, 0xF2, 0x00, 0xF4, 0x00, 0x02, 0x00, 0x10, 
	0x00, 0x0C, 0x00, 0x0C, 0x00, 0x00, 0x00, 0xF2, 0x00, 0xF2, 0x00, 0xF6, 0x00, 0xFA, 0x00, 0x06, 
	0x00, 0x12, 0x00, 0x0E, 0x00, 0x06, 0x00, 0xF2, 0x00, 0xF2, 0x00, 0xF4, 0x00, 0xFE, 0x00, 0x0E, 
	0x00, 0x10, 0x00, 0x0C, 0x00, 0x02, 0x00, 0xF2, 0x00, 0xF2, 0x00, 0xF2, 0x00, 0x00, 0x00, 0x10, 
	0x00, 0x10, 0x00, 0x0C, 0x00, 0xF8, 0x00, 0xF0, 0x00, 0xF6, 0x00, 0xF6, 0x00, 0x0A, 0x00, 0x10, 
	0x00, 0x0E, 0x00, 0x04, 0x00, 0xF0, 0x00, 0xF2, 0x00, 0xF6, 0x00, 0xFC, 0x00, 0x08, 0x00, 0x12, 
	0x00, 0x0C, 0x00, 0x0A, 0x00, 0xF8, 0x00, 0xEE, 0x00, 0xF4, 0x00, 0xF6, 0x00, 0x0A, 0x00, 0x12, 
	0x00, 0x0C, 0x00, 0x06, 0x00, 0xF0, 0x00, 0xF2, 0x00, 0xF6, 0x00, 0xFE, 0x00, 0x12, 0x00, 0x0E, 
	0x00, 0x0A, 0x00, 0xFA, 0x00, 0xEC, 0x00, 0xF6, 0x00, 0xF8, 0x00, 0x0A, 0x00, 0x12, 0x00, 0x0C, 
	0x00, 0x04, 0x00, 0xF0, 0x00, 0xF0, 0x00, 0xF6, 0x00, 0xFC, 0x00, 0x0A, 0x00, 0x14, 0x00, 0x0C, 
	0x00, 0x06, 0x00, 0xEE, 0x00, 0xF2, 0x00, 0xF6, 0x00, 0xFE, 0x00, 0x12, 0x00, 0x0E, 0x00, 0x08, 
	0x00, 0xFA, 0x00, 0xEC, 0x00, 0xF6, 0x00, 0xF6, 0x00, 0x0C, 0x00, 0x12, 0x00, 0x0E, 0x00, 0x02, 
	0x00, 0xF0, 0x00, 0xF2, 0x00, 0xF6, 0x00, 0xFA, 0x00, 0x0A, 0x00, 0x12, 0x00, 0x0E, 0x00, 0x02, 
	0x00, 0xF0, 0x00, 0xF2, 0x00, 0xF6, 0x00, 0xFA, 0x00, 0x08, 0x00, 0x12, 0x00, 0x0C, 0x00, 0x06, 
	0x00, 0xF0, 0x00, 0xF4, 0x00, 0xF4, 0x00, 0x00, 0x00, 0x12, 0x00, 0x0E, 0x00, 0x0A, 0x00, 0xF8, 
	0x00, 0xEE, 0x00, 0xF6, 0x00, 0xF6, 0x00, 0x0A, 0x00, 0x10, 0x00, 0x0E, 0x00, 0x02, 0x00, 0xF2, 
	0x00, 0xF0, 0x00, 0xF6, 0x00, 0xFA, 0x00, 0x0A, 0x00, 0x14, 0x00, 0x0C, 0x00, 0x06, 0x00, 0xF2, 
	0x00, 0xF4, 0x00, 0xF6, 0x00, 0xFA, 0x00, 0x0A, 0x00, 0x12, 0x00, 0x0C, 0x00, 0xFC, 0x00, 0xF0, 
	0x00, 0xF6, 0x00, 0xF8, 0x00, 0x02, 0x00, 0x10, 0x00, 0x10, 0x00, 0x08, 0x00, 0xF8, 0x00, 0xF0, 
	0x00, 0xF4, 0x00, 0xF6, 0x00, 0x02, 0x00, 0x10, 0x00, 0x10, 0x00, 0x08, 0x00, 0xFA, 0x00, 0xF0, 
	0x00, 0xF4, 0x00, 0xF8, 0x00, 0x00, 0x00, 0x12, 0x00, 0x10, 0x00, 0x0A, 0x00, 0xFA, 0x00, 0xF0, 
	0x00, 0xF4, 0x00, 0xF8, 0x00, 0x00, 0x00, 0x12, 0x00, 0x10, 0x00, 0x0A, 0x00, 0xFC, 0x00, 0xEE, 
	0x00, 0xF4, 0x00, 0xF6, 0x00, 0x00, 0x00, 0x12, 0x00, 0x10, 0x00, 0x0A, 0x00, 0xFA, 0x00, 0xEC, 
	0x00, 0xF6, 0x00, 0xF6, 0x00, 0x0A, 0x00, 0x12, 0x00, 0x0E, 0x00, 0x04, 0x00, 0xF0, 0x00, 0xF0, 
	0x00, 0xF6, 0x00, 0x00, 0x00, 0x10, 0x00, 0x10, 0x00, 0x0A, 0x00, 0x00, 0x00, 0xEE, 0x00, 0xEE, 
	0x00, 0xF8, 0x00, 0x00, 0x00, 0x10, 0x00, 0x10, 0x00, 0x0A, 0x00, 0x02, 0x00, 0xEE, 0x00, 0xF2, 
	0x00, 0xF6, 0x00, 0x00, 0x00, 0x12, 0x00, 0x0E, 0x00, 0x08, 0x00, 0xF8, 0x00, 0xEC, 0x00, 0xF6, 
	0x00, 0xFA, 0x00, 0x0A, 0x00, 0x10, 0x00, 0x0A, 0x00, 0x02, 0x00, 0xF0, 0x00, 0xF2, 0x00, 0xF8, 
	0x00, 0x02, 0x00, 0x10, 0x00, 0x0E, 0x00, 0x08, 0x00, 0xF8, 0x00, 0xEE, 0x00, 0xF6, 0x00, 0xF8, 
	0x00, 0x0C, 0x00, 0x12, 0x00, 0x0C, 0x00, 0x04, 0x00, 0xF0, 0x00, 0xF0, 0x00, 0xF6, 0x00, 0xFA, 
	0x00, 0x0E, 0x00, 0x12, 0x00, 0x0C, 0x00, 0xFA, 0x00, 0xEE, 0x00, 0xF4, 0x00, 0xF8, 0x00, 0x04, 
	0x00, 0x12, 0x00, 0x10, 0x00, 0x08, 0x00, 0xF8, 0x00, 0xEE, 0x00, 0xF4, 0x00, 0xF8, 0x00, 0x0E, 
	0x00, 0x12, 0x00, 0x0C, 0x00, 0x02, 0x00, 0xF0, 0x00, 0xF2, 0x00, 0xF6, 0x00, 0xFA, 0x00, 0x0C, 
	0x00, 0x12, 0x00, 0x0E, 0x00, 0x02, 0x00, 0xF2, 0x00, 0xF0, 0x00, 0xF6, 0x00, 0xFA, 0x00, 0x0C, 
	0x00, 0x12, 0x00, 0x0C, 0x00, 0x04, 0x00, 0xF0, 0x00, 0xF2, 0x00, 0xF6, 0x00, 0x00, 0x00, 0x12, 
	0x00, 0x10, 0x00, 0x08, 0x00, 0xF8, 0x00, 0xEE, 0x00, 0xF4, 0x00, 0xF8, 0x00, 0x0C, 0x00, 0x14, 
	0x00, 0x0E, 0x00, 0x06, 0x00, 0xF4, 0x00, 0xEC, 0x00, 0xF2, 0x00, 0xFA, 0x00, 0x0C, 0x00, 0x12, 
	0x00, 0x0C, 0x00, 0x06, 0x00, 0xF6, 0x00, 0xEE, 0x00, 0xF4, 0x00, 0xF8, 0x00, 0x0C, 0x00, 0x12, 
	0x00, 0x0C, 0x00, 0x00, 0x00, 0xF0, 0x00, 0xF2, 0x00, 0xF6, 0x00, 0xFC, 0x00, 0x0A, 0x00, 0x12, 
	0x00, 0x0C, 0x00, 0x02, 0x00, 0xF2, 0x00, 0xF2, 0x00, 0xF6, 0x00, 0x00, 0x00, 0x12, 0x00, 0x12, 
	0x00, 0x08, 0x00, 0xF8, 0x00, 0xF0, 0x00, 0xF2, 0x00, 0xF8, 0x00, 0x02, 0x00, 0x10, 0x00, 0x14, 
	0x00, 0x0A, 0x00, 0x02, 0x00, 0xF0, 0x00, 0xF0, 0x00, 0xF4, 0x00, 0xFE, 0x00, 0x12, 0x00, 0x10, 
	0x00, 0x08, 0x00, 0xFA, 0x00, 0xEE, 0x00, 0xF6, 0x00, 0xF8, 0x00, 0x00, 0x00, 0x12, 0x00, 0x0E, 
	0x00, 0x0A, 0x00, 0xFA, 0x00, 0xEE, 0x00, 0xF6, 0x00, 0xF8, 0x00, 0x0A, 0x00, 0x12, 0x00, 0x0C, 
	0x00, 0x02, 0x00, 0xF0, 0x00, 0xF2, 0x00, 0xF6, 0x00, 0xFA, 0x00, 0x0C, 0x00, 0x14, 0x00, 0x0A, 
	0x00, 0xFC, 0x00, 0xEE, 0x00, 0xF4, 0x00, 0xFA, 0x00, 0x00, 0x00, 0x14, 0x00, 0x10, 0x00, 0x0A, 
	0x00, 0xFA, 0x00, 0xEC, 0x00, 0xF4, 0x00, 0xF8, 0x00, 0x0E, 0x00, 0x14, 0x00, 0x0E, 0x00, 0x00, 
	0x00, 0xF0, 0x00, 0xF0, 0x00, 0xF6, 0x00, 0xFC, 0x00, 0x0E, 0x00, 0x14, 0x00, 0x0C, 0x00, 0xFA, 
	0x00, 0xEC, 0x00, 0xF4, 0x00, 0xFA, 0x00, 0x02, 0x00, 0x14, 0x00, 0x12, 0x00, 0x08, 0x00, 0xF8, 
	0x00, 0xEC, 0x00, 0xF4, 0x00, 0xFA, 0x00, 0x02, 0x00, 0x14, 0x00, 0x0E, 0x00, 0x0A, 0x00, 0xFA, 
	0x00, 0xEC, 0x00, 0xF6, 0x00, 0xFA, 0x00, 0x0A, 0x00, 0x12, 0x00, 0x0C, 0x00, 0x08, 0x00, 0xF8, 
	0x00, 0xEC, 0x00, 0xF4, 0x00, 0xF8, 0x00, 0x0C, 0x00, 0x12, 0x00, 0x0A, 0x00, 0xFA, 0x00, 0xF0, 
	0x00, 0xF2, 0x00, 0xFA, 0x00, 0x02, 0x00, 0x12, 0x00, 0x0E, 0x00, 0x0A, 0x00, 0xFA, 0x00, 0xF0, 
	0x00, 0xF2, 0x00, 0xF8, 0x00, 0x02, 0x00, 0x12, 0x00, 0x10, 0x00, 0x0A, 0x00, 0xFA, 0x00, 0xEC, 
	0x00, 0xF4, 0x00, 0xF6, 0x00, 0x0C, 0x00, 0x14, 0x00, 0x10, 0x00, 0x02, 0x00, 0xF2, 0x00, 0xEC, 
	0x00, 0xF4, 0x00, 0xFA, 0x00, 0x0A, 0x00, 0x18, 0x00, 0x0E, 0x00, 0x06, 0x00, 0xF0, 0x00, 0xEE, 
	0x00, 0xF2, 0x00, 0x00, 0x00, 0x14, 0x00, 0x12, 0x00, 0x0C, 0x00, 0xF8, 0x00, 0xEE, 0x00, 0xF2, 
	0x00, 0xF6, 0x00, 0x0C, 0x00, 0x12, 0x00, 0x10, 0x00, 0x02, 0x00, 0xF0, 0x00, 0xF0, 0x00, 0xF2, 
	0x00, 0xFC, 0x00, 0x0C, 0x00, 0x16, 0x00, 0x0E, 0x00, 0x02, 0x00, 0xEE, 0x00, 0xF0, 0x00, 0xF4, 
	0x00, 0x02, 0x00, 0x16, 0x00, 0x10, 0x00, 0x0A, 0x00, 0xF6, 0x00, 0xEC, 0x00, 0xF2, 0x00, 0xF8, 
	0x00, 0x0A, 0x00, 0x14, 0x00, 0x10, 0x00, 0x06, 0x00, 0xF6, 0x00, 0xEC, 0x00, 0xF0, 0x00, 0xF8, 
	0x00, 0x0A, 0x00, 0x14, 0x00, 0x10, 0x00, 0x06, 0x00, 0xF6, 0x00, 0xEE, 0x00, 0xF2, 0x00, 0xF6, 
	0x00, 0x00, 0x00, 0x14, 0x00, 0x12, 0x00, 0x08, 0x00, 0xF8, 0x00, 0xF0, 0x00, 0xF2, 0x00, 0xF8, 
	0x00, 0x02, 0x00, 0x12, 0x00, 0x10, 0x00, 0x08, 0x00, 0xFA, 0x00, 0xEC, 0x00, 0xF2, 0x00, 0xFA, 
	0x00, 0x0A, 0x00, 0x14, 0x00, 0x0E, 0x00, 0x04, 0x00, 0xFA, 0x00, 0xEC, 0x00, 0xF4, 0x00, 0xF8, 
	0x00, 0x0A, 0x00, 0x14, 0x00, 0x0C, 0x00, 0x02, 0x00, 0xF0, 0x00, 0xF0, 0x00, 0xF6, 0x00, 0xF8, 
	0x00, 0x0A, 0x00, 0x12, 0x00, 0x0E, 0x00, 0x06, 0x00, 0xF0, 0x00, 0xF2, 0x00, 0xF4, 0x00, 0xFA, 
	0x00, 0x0C, 0x00, 0x12, 0x00, 0x0C, 0x00, 0xFA, 0x00, 0xF0, 0x00, 0xF4, 0x00, 0xF8, 0x00, 0xFE, 
	0x00, 0x0A, 0x00, 0x14, 0x00, 0x0C, 0x00, 0x04, 0x00, 0xF0, 0x00, 0xF2, 0x00, 0xF6, 0x00, 0x00, 
	0x00, 0x0E, 0x00, 0x0E, 0x00, 0x0A, 0x00, 0x00, 0x00, 0xF2, 0x00, 0xF2, 0x00, 0xF6, 0x00, 0xFA, 
	0x00, 0x0A, 0x00, 0x10, 0x00, 0x0A, 0x00, 0xFC, 0x00, 0xF0, 0x00, 0xF6, 0x00, 0xF8, 0x00, 0x00, 
	0x00, 0x12, 0x00, 0x0E, 0x00, 0x0A, 0x00, 0xFA, 0x00, 0xEE, 0x00, 0xF6, 0x00, 0xF8, 0x00, 0x02, 
	0x00, 0x12, 0x00, 0x10, 0x00, 0x0A, 0x00, 0xF8, 0x00, 0xEC, 0x00, 0xF4, 0x00, 0xFA, 0x00, 0x08, 
	0x00, 0x14, 0x00, 0x0E, 0x00, 0x06, 0x00, 0xF6, 0x00, 0xEE, 0x00, 0xF2, 0x00, 0xF8, 0x00, 0x00, 
	0x00, 0x12, 0x00, 0x0E, 0x00, 0x08, 0x00, 0xFA, 0x00, 0xF0, 0x00, 0xF4, 0x00, 0xF8, 0x00, 0x0A, 
	0x00, 0x12, 0x00, 0x0C, 0x00, 0x04, 0x00, 0xF0, 0x00, 0xF2, 0x00, 0xF8, 0x00, 0x00, 0x00, 0x12, 
	0x00, 0x0E, 0x00, 0x08, 0x00, 0xF8, 0x00, 0xF0, 0x00, 0xF4, 0x00, 0xF6, 0x00, 0x00, 0x00, 0x12, 
	0x00, 0x12, 0x00, 0x0C, 0x00, 0xF8, 0x00, 0xEE, 0x00, 0xF2, 0x00, 0xF6, 0x00, 0x02, 0x00, 0x12, 
	0x00, 0x10, 0x00, 0x0C, 0x00, 0xFA, 0x00, 0xEE, 0x00, 0xF4, 0x00, 0xF6, 0x00, 0x00, 0x00, 0x10, 
	0x00, 0x12, 0x00, 0x0C, 0x00, 0xFA, 0x00, 0xF0, 0x00, 0xF2, 0x00, 0xF6, 0x00, 0x00, 0x00, 0x10, 
	0x00, 0x10, 0x00, 0x0C, 0x00, 0xFC, 0x00, 0xF0, 0x00, 0xF2, 0x00, 0xF6, 0x00, 0xFE, 0x00, 0x12, 
	0x00, 0x12, 0x00, 0x0C, 0x00, 0xFC, 0x00, 0xEE, 0x00, 0xF4, 0x00, 0xF4, 0x00, 0x06, 0x00, 0x12, 
	0x00, 0x10, 0x00, 0x0A, 0x00, 0xFA, 0x00, 0xEE, 0x00, 0xF2, 0x00, 0xF4, 0x00, 0x06, 0x00, 0x14, 
	0x00, 0x10, 0x00, 0x06, 0x00, 0xF0, 0x00, 0xF0, 0x00, 0xF4, 0x00, 0xFE, 0x00, 0x0E, 0x00, 0x10, 
	0x00, 0x0C, 0x00, 0xFA, 0x00, 0xF2, 0x00, 0xF4, 0x00, 0xF4, 0x00, 0x00, 0x00, 0x10, 0x00, 0x10, 
	0x00, 0x0E, 0x00, 0xFA, 0x00, 0xF2, 0x00, 0xF4, 0x00, 0xF4, 0x00, 0xFE, 0x00, 0x10, 0x00, 0x14, 
	0x00, 0x0E, 0x00, 0xFC, 0x00, 0xF0, 0x00, 0xF2, 0x00, 0xF4, 0x00, 0xFE, 0x00, 0x0E, 0x00, 0x12, 
	0x00, 0x0C, 0x00, 0xFC, 0x00, 0xEE, 0x00, 0xF4, 0x00, 0xF4, 0x00, 0x0A, 0x00, 0x12, 0x00, 0x0E, 
	0x00, 0x06, 0x00, 0xF4, 0x00, 0xF0, 0x00, 0xF4, 0x00, 0xF6, 0x00, 0x08, 0x00, 0x12, 0x00, 0x12, 
	0x00, 0x06, 0x00, 0xF2, 0x00, 0xEE, 0x00, 0xF2, 0x00, 0xF6, 0x00, 0x08, 0x00, 0x16, 0x00, 0x12, 
	0x00, 0x08, 0x00, 0xF2, 0x00, 0xEE, 0x00, 0xF2, 0x00, 0xF8, 0x00, 0x0A, 0x00, 0x14, 0x00, 0x10, 
	0x00, 0xFE, 0x00, 0xF0, 0x00, 0xF2, 0x00, 0xF2, 0x00, 0xFE, 0x00, 0x10, 0x00, 0x14, 0x00, 0x10, 
	0x00, 0x04, 0x00, 0xF0, 0x00, 0xEE, 0x00, 0xF0, 0x00, 0xFC, 0x00, 0x12, 0x00, 0x12, 0x00, 0x0E, 
	0x00, 0xFC, 0x00, 0xF0, 0x00, 0xF0, 0x00, 0xF2, 0x00, 0xFE, 0x00, 0x10, 0x00, 0x12, 0x00, 0x0E, 
	0x00, 0xFC, 0x00, 0xF0, 0x00, 0xF0, 0x00, 0xF2, 0x00, 0x00, 0x00, 0x12, 0x00, 0x12, 0x00, 0x0E, 
	0x00, 0xFC, 0x00, 0xEC, 0x00, 0xF2, 0x00, 0xF6, 0x00, 0x0A, 0x00, 0x12, 0x00, 0x10, 0x00, 0x0C, 
	0x00, 0xFA, 0x00, 0xEE, 0x00, 0xEE, 0x00, 0xF2, 0x00, 0xFE, 0x00, 0x12, 0x00, 0x12, 0x00, 0x0E, 
	0x00, 0xFC, 0x00, 0xF0, 0x00, 0xF0, 0x00, 0xF2, 0x00, 0x00, 0x00, 0x12, 0x00, 0x14, 0x00, 0x08, 
	0x00, 0xF4, 0x00, 0xF0, 0x00, 0xF4, 0x00, 0xFA, 0x00, 0x08, 0x00, 0x14, 0x00, 0x12, 0x00, 0x0C, 
	0x00, 0xF8, 0x00, 0xEC, 0x00, 0xF0, 0x00, 0xF4, 0x00, 0x08, 0x00, 0x14, 0x00, 0x10, 0x00, 0x06, 
	0x00, 0xF0, 0x00, 0xEE, 0x00, 0xF2, 0x00, 0xFC, 0x00, 0x12, 0x00, 0x10, 0x00, 0x0E, 0x00, 0xFC, 
	0x00, 0xF0, 0x00, 0xF0, 0x00, 0xF2, 0x00, 0x00, 0x00, 0x12, 0x00, 0x14, 0x00, 0x0E, 0x00, 0xFC, 
	0x00, 0xEE, 0x00, 0xF2, 0x00, 0xF4, 0x00, 0x08, 0x00, 0x12, 0x00, 0x12, 0x00, 0x0C, 0x00, 0xF8, 
	0x00, 0xEE, 0x00, 0xEE, 0x00, 0xF4, 0x00, 0xFE, 0x00, 0x14, 0x00, 0x16, 0x00, 0x0C, 0x00, 0xFC, 
	0x00, 0xEE, 0x00, 0xF0, 0x00, 0xF4, 0x00, 0xFC, 0x00, 0x12, 0x00, 0x14, 0x00, 0x0E, 0x00, 0xFE, 
	0x00, 0xEC, 0x00, 0xF2, 0x00, 0xF4, 0x00, 0x08, 0x00, 0x12, 0x00, 0x0E, 0x00, 0x0A, 0x00, 0xFA, 
	0x00, 0xEE, 0x00, 0xF4, 0x00, 0xF4, 0x00, 0x08, 0x00, 0x12, 0x00, 0x0E, 0x00, 0x06, 0x00, 0xF0, 
	0x00, 0xF0, 0x00, 0xF4, 0x00, 0xFE, 0x00, 0x0E, 0x00, 0x12, 0x00, 0x0C, 0x00, 0x04, 0x00, 0xF0, 
	0x00, 0xEE, 0x00, 0xF2, 0x00, 0xFC, 0x00, 0x10, 0x00, 0x14, 0x00, 0x0C, 0x00, 0x04, 0x00, 0xF0, 
	0x00, 0xEE, 0x00, 0xF0, 0x00, 0xFC, 0x00, 0x12, 0x00, 0x12, 0x00, 0x06, 0x00, 0xF6, 0x00, 0xF0, 
	0x00, 0xF6, 0x00, 0xF8, 0x00, 0x0A, 0x00, 0x14, 0x00, 0x0E, 0x00, 0x04, 0x00, 0xF2, 0x00, 0xF0, 
	0x00, 0xF4, 0x00, 0xF8, 0x00, 0x08, 0x00, 0x16, 0x00, 0x10, 0x00, 0x06, 0x00, 0xF2, 0x00, 0xEE, 
	0x00, 0xF4, 0x00, 0xF8, 0x00, 0x08, 0x00, 0x14, 0x00, 0x0E, 0x00, 0x08, 0x00, 0xF0, 0x00, 0xF0, 
	0x00, 0xF2, 0x00, 0x00, 0x00, 0x0E, 0x00, 0x12, 0x00, 0x0E, 0x00, 0x04, 0x00, 0xF2, 0x00, 0xEE, 
	0x00, 0xF2, 0x00, 0xFE, 0x00, 0x10, 0x00, 0x12, 0x00, 0x0C, 0x00, 0xF8, 0x00, 0xF0, 0x00, 0xF0, 
	0x00, 0xF6, 0x00, 0x02, 0x00, 0x10, 0x00, 0x12, 0x00, 0x0A, 0x00, 0xFA, 0x00, 0xF0, 0x00, 0xF0, 
	0x00, 0xF6, 0x00, 0x00, 0x00, 0x12, 0x00, 0x14, 0x00, 0x0A, 0x00, 0xFC, 0x00, 0xF0, 0x00, 0xF0, 
	0x00, 0xF4, 0x00, 0xFE, 0x00, 0x10, 0x00, 0x14, 0x00, 0x0C, 0x00, 0xFC, 0x00, 0xEE, 0x00, 0xF2, 
	0x00, 0xF6, 0x00, 0x08, 0x00, 0x12, 0x00, 0x10, 0x00, 0x04, 0x00, 0xF4, 0x00, 0xF0, 0x00, 0xF2, 
	0x00, 0xF6, 0x00, 0x0A, 0x00, 0x14, 0x00, 0x10, 0x00, 0x04, 0x00, 0xF0, 0x00, 0xF0, 0x00, 0xF2, 
	0x00, 0xFE, 0x00, 0x12, 0x00, 0x10, 0x00, 0x0C, 0x00, 0xFA, 0x00, 0xEE, 0x00, 0xF2, 0x00, 0xF6, 
	0x00, 0x0A, 0x00, 0x12, 0x00, 0x10, 0x00, 0x08, 0x00, 0xF8, 0x00, 0xEE, 0x00, 0xF2, 0x00, 0xF6, 
	0x00, 0x0A, 0x00, 0x12, 0x00, 0x10, 0x00, 0x02, 0x00, 0xF4, 0x00, 0xF0, 0x00, 0xF2, 0x00, 0xFA, 
	0x00, 0x0A, 0x00, 0x14, 0x00, 0x12, 0x00, 0x04, 0x00, 0xF2, 0x00, 0xF0, 0x00, 0xF2, 0x00, 0xFA, 
	0x00, 0x0A, 0x00, 0x14, 0x00, 0x12, 0x00, 0x04, 0x00, 0xF2, 0x00, 0xF0, 0x00, 0xF2, 0x00, 0xFA, 
	0x00, 0x08, 0x00, 0x14, 0x00, 0x12, 0x00, 0x04, 0x00, 0xF4, 0x00, 0xEE, 0x00, 0xF2, 0x00, 0xF8, 
	0x00, 0x0A, 0x00, 0x16, 0x00, 0x12, 0x00, 0x04, 0x00, 0xF4, 0x00, 0xEE, 0x00, 0xF0, 0x00, 0xF8, 
	0x00, 0x0A, 0x00, 0x16, 0x00, 0x12, 0x00, 0x06, 0x00, 0xF2, 0x00, 0xEE, 0x00, 0xF2, 0x00, 0xF8, 
	0x00, 0x08, 0x00, 0x16, 0x00, 0x0E, 0x00, 0x08, 0x00, 0xF2, 0x00, 0xEE, 0x00, 0xF4, 0x00, 0xFC, 
	0x00, 0x12, 0x00, 0x12, 0x00, 0x0E, 0x00, 0xFC, 0x00, 0xEE, 0x00, 0xF2, 0x00, 0xF6, 0x00, 0x08, 
	0x00, 0x14, 0x00, 0x0E, 0x00, 0x04, 0x00, 0xF2, 0x00, 0xF2, 0x00, 0xF4, 0x00, 0xF8, 0x00, 0x08, 
	0x00, 0x14, 0x00, 0x0E, 0x00, 0x06, 0x00, 0xF0, 0x00, 0xF2, 0x00, 0xF6, 0x00, 0xFC, 0x00, 0x10, 
	0x00, 0x0E, 0x00, 0x0C, 0x00, 0xFA, 0x00, 0xF0, 0x00, 0xF4, 0x00, 0xF8, 0x00, 0x0A, 0x00, 0x0E, 
	0x00, 0x0E, 0x00, 0x06, 0x00, 0xF8, 0x00, 0xF0, 0x00, 0xF4, 0x00, 0xFA, 0x00, 0x0A, 0x00, 0x12, 
	0x00, 0x0E, 0x00, 0x02, 0x00, 0xF0, 0x00, 0xF2, 0x00, 0xF6, 0x00, 0xFA, 0x00, 0x08, 0x00, 0x12, 
	0x00, 0x10, 0x00, 0x04, 0x00, 0xF0, 0x00, 0xF0, 0x00, 0xF4, 0x00, 0x02, 0x00, 0x12, 0x00, 0x10, 
	0x00, 0x0A, 0x00, 0xF6, 0x00, 0xEE, 0x00, 0xF4, 0x00, 0xF6, 0x00, 0x04, 0x00, 0x12, 0x00, 0x12, 
	0x00, 0x0A, 0x00, 0xF6, 0x00, 0xEE, 0x00, 0xF2, 0x00, 0xF8, 0x00, 0x04, 0x00, 0x12, 0x00, 0x12, 
	0x00, 0x0A, 0x00, 0xF8, 0x00, 0xEE, 0x00, 0xF4, 0x00, 0xF6, 0x00, 0x04, 0x00, 0x12, 0x00, 0x12, 
	0x00, 0x04, 0x00, 0xF2, 0x00, 0xF0, 0x00, 0xF6, 0x00, 0xFA, 0x00, 0x00, 0x00, 0x12, 0x00, 0x12, 
	0x00, 0x0C, 0x00, 0xFA, 0x00, 0xEE, 0x00, 0xF4, 0x00, 0xF6, 0x00, 0x0C, 0x00, 0x12, 0x00, 0x0E, 
	0x00, 0x04, 0x00, 0xF0, 0x00, 0xF0, 0x00, 0xF6, 0x00, 0x00, 0x00, 0x12, 0x00, 0x0E, 0x00, 0x0C, 
	0x00, 0xFE, 0x00, 0xF2, 0x00, 0xF0, 0x00, 0xF4, 0x00, 0xF8, 0x00, 0x0A, 0x00, 0x14, 0x00, 0x0E, 
	0x00, 0x04, 0x00, 0xF2, 0x00, 0xF0, 0x00, 0xF6, 0x00, 0xF8, 0x00, 0x08, 0x00, 0x14, 0x00, 0x10, 
	0x00, 0x04, 0x00, 0xF2, 0x00, 0xF0, 0x00, 0xF2, 0x00, 0xF8, 0x00, 0x08, 0x00, 0x14, 0x00, 0x10, 
	0x00, 0x06, 0x00, 0xF0, 0x00, 0xF2, 0x00, 0xF2, 0x00, 0xFE, 0x00, 0x10, 0x00, 0x10, 0x00, 0x0C, 
	0x00, 0xF8, 0x00, 0xF0, 0x00, 0xF4, 0x00, 0xF6, 0x00, 0x00, 0x00, 0x12, 0x00, 0x12, 0x00, 0x0C, 
	0x00, 0xFA, 0x00, 0xF2, 0x00, 0xF4, 0x00, 0xF4, 0x00, 0x00, 0x00, 0x10, 0x00, 0x10, 0x00, 0x0A, 
	0x00, 0xFA, 0x00, 0xEE, 0x00, 0xF6, 0x00, 0xF6, 0x00, 0x0A, 0x00, 0x12, 0x00, 0x0E, 0x00, 0x02, 
	0x00, 0xF0, 0x00, 0xF0, 0x00, 0xF4, 0x00, 0xFA, 0x00, 0x0A, 0x00, 0x16, 0x00, 0x0C, 0x00, 0x04, 
	0x00, 0xF0, 0x00, 0xF0, 0x00, 0xF4, 0x00, 0x00, 0x00, 0x10, 0x00, 0x12, 0x00, 0x0C, 0x00, 0x00, 
	0x00, 0xF0, 0x00, 0xEE, 0x00, 0xF4, 0x00, 0xFE, 0x00, 0x12, 0x00, 0x12, 0x00, 0x0C, 0x00, 0xF8, 
	0x00, 0xEE, 0x00, 0xF2, 0x00, 0xF4, 0x00, 0x00, 0x00, 0x14, 0x00, 0x10, 0x00, 0x0C, 0x00, 0xFA, 
	0x00, 0xEE, 0x00, 0xF4, 0x00, 0xF6, 0x00, 0x0A, 0x00, 0x12, 0x00, 0x0E, 0x00, 0x04, 0x00, 0xF0, 
	0x00, 0xF2, 0x00, 0xF4, 0x00, 0x00, 0x00, 0x12, 0x00, 0x10, 0x00, 0x0A, 0x00, 0xF6, 0x00, 0xF2, 
	0x00, 0xF4, 0x00, 0xF8, 0x00, 0x02, 0x00, 0x10, 0x00, 0x12, 0x00, 0x08, 0x00, 0xF8, 0x00, 0xEE, 
	0x00, 0xF4, 0x00, 0xF8, 0x00, 0x0A, 0x00, 0x12, 0x00, 0x10, 0x00, 0x02, 0x00, 0xF2, 0x00, 0xF2, 
	0x00, 0xF4, 0x00, 0xFC, 0x00, 0x0A, 0x00, 0x14, 0x00, 0x10, 0x00, 0x04, 0x00, 0xEE, 0x00, 0xF0, 
	0x00, 0xF2, 0x00, 0x02, 0x00, 0x12, 0x00, 0x10, 0x00, 0x0E, 0x00, 0x00, 0x00, 0xF0, 0x00, 0xEE, 
	0x00, 0xF4, 0x00, 0x02, 0x00, 0x0E, 0x00, 0x12, 0x00, 0x0C, 0x00, 0x00, 0x00, 0xF0, 0x00, 0xEE, 
	0x00, 0xF4, 0x00, 0xFE, 0x00, 0x10, 0x00, 0x12, 0x00, 0x0C, 0x00, 0x02, 0x00, 0xF0, 0x00, 0xEE, 
	0x00, 0xF6, 0x00, 0xFE, 0x00, 0x12, 0x00, 0x10, 0x00, 0x0A, 0x00, 0xF8, 0x00, 0xEC, 0x00, 0xF2, 
	0x00, 0xFC, 0x00, 0x0A, 0x00, 0x14, 0x00, 0x0E, 0x00, 0x04, 0x00, 0xF6, 0x00, 0xEC, 0x00, 0xF4, 
	0x00, 0xFA, 0x00, 0x0C, 0x00, 0x14, 0x00, 0x0E, 0x00, 0x02, 0x00, 0xEE, 0x00, 0xF0, 0x00, 0xF6, 
	0x00, 0x02, 0x00, 0x12, 0x00, 0x12, 0x00, 0x0C, 0x00, 0xF8, 0x00, 0xEE, 0x00, 0xF2, 0x00, 0xF8, 
	0x00, 0x02, 0x00, 0x12, 0x00, 0x10, 0x00, 0x0A, 0x00, 0xFA, 0x00, 0xEE, 0x00, 0xF4, 0x00, 0xF4, 
	0x00, 0x02, 0x00, 0x12, 0x00, 0x12, 0x00, 0x04, 0x00, 0xF2, 0x00, 0xF0, 0x00, 0xF6, 0x00, 0xFA, 
	0x00, 0x0A, 0x00, 0x14, 0x00, 0x0E, 0x00, 0x04, 0x00, 0xF0, 0x00, 0xF2, 0x00, 0xF4, 0x00, 0x00, 
	0x00, 0x12, 0x00, 0x0E, 0x00, 0x0A, 0x00, 0xF8, 0x00, 0xF0, 0x00, 0xF4, 0x00, 0xF6, 0x00, 0x04, 
	0x00, 0x12, 0x00, 0x10, 0x00, 0x06, 0x00, 0xF0, 0x00, 0xF2, 0x00, 0xF6, 0x00, 0xFA, 0x00, 0x0C, 
	0x00, 0x12, 0x00, 0x0E, 0x00, 0x04, 0x00, 0xEE, 0x00, 0xF4, 0x00, 0xF4, 0x00, 0x00, 0x00, 0x12, 
	0x00, 0x0E, 0x00, 0x0C, 0x00, 0xF6, 0x00, 0xEE, 0x00, 0xF4, 0x00, 0xF6, 0x00, 0x02, 0x00, 0x12, 
	0x00, 0x10, 0x00, 0x0C, 0x00, 0xF8, 0x00, 0xF0, 0x00, 0xF4, 0x00, 0xF8, 0x00, 0x02, 0x00, 0x10, 
	0x00, 0x10, 0x00, 0x0A, 0x00, 0xFA, 0x00, 0xEE, 0x00, 0xF4, 0x00, 0xF8, 0x00, 0x04, 0x00, 0x10, 
	0x00, 0x10, 0x00, 0x04, 0x00, 0xF4, 0x00, 0xF0, 0x00, 0xF8, 0x00, 0xFC, 0x00, 0x0C, 0x00, 0x12, 
	0x00, 0x0E, 0x00, 0x00, 0x00, 0xF0, 0x00, 0xF0, 0x00, 0xF8, 0x00, 0xFC, 0x00, 0x0C, 0x00, 0x12, 
	0x00, 0x0E, 0x00, 0x02, 0x00, 0xF0, 0x00, 0xF0, 0x00, 0xF8, 0x00, 0xFC, 0x00, 0x0C, 0x00, 0x12, 
	0x00, 0x0C, 0x00, 0x02, 0x00, 0xF0, 0x00, 0xF2, 0x00, 0xF8, 0x00, 0xFC, 0x00, 0x0C, 0x00, 0x12, 
	0x00, 0x0A, 0x00, 0x06, 0x00, 0xEE, 0x00, 0xF2, 0x00, 0xF8, 0x00, 0x00, 0x00, 0x14, 0x00, 0x0E, 
	0x00, 0x08, 0x00, 0xF8, 0x00, 0xEC, 0x00, 0xF6, 0x00, 0xFA, 0x00, 0x0A, 0x00, 0x14, 0x00, 0x0C, 
	0x00, 0x04, 0x00, 0xF6, 0x00, 0xF0, 0x00, 0xF4, 0x00, 0xFA, 0x00, 0xFE, 0x00, 0x12, 0x00, 0x10, 
	0x00, 0x0A, 0x00, 0xFA, 0x00, 0xEC, 0x00, 0xF4, 0x00, 0xF8, 0x00, 0x0A, 0x00, 0x14, 0x00, 0x0C, 
	0x00, 0x02, 0x00, 0xF0, 0x00, 0xF0, 0x00, 0xF8, 0x00, 0x02, 0x00, 0x14, 0x00, 0x10, 0x00, 0x0A, 
	0x00, 0xF8, 0x00, 0xEC, 0x00, 0xF0, 0x00, 0xFA, 0x00, 0x0A, 0x00, 0x12, 0x00, 0x10, 0x00, 0x06, 
	0x00, 0xF8, 0x00, 0xEE, 0x00, 0xF2, 0x00, 0xF8, 0x00, 0x0C, 0x00, 0x12, 0x00, 0x0E, 0x00, 0xFA, 
	0x00, 0xF0, 0x00, 0xF2, 0x00, 0xF6, 0x00, 0x02, 0x00, 0x10, 0x00, 0x12, 0x00, 0x0C, 0x00, 0x02, 
	0x00, 0xF0, 0x00, 0xF0, 0x00, 0xF2, 0x00, 0x00, 0x00, 0x12, 0x00, 0x10, 0x00, 0x0A, 0x00, 0xF8, 
	0x00, 0xEE, 0x00, 0xF2, 0x00, 0xF6, 0x00, 0x0E, 0x00, 0x12, 0x00, 0x0E, 0x00, 0x02, 0x00, 0xF0, 
	0x00, 0xF2, 0x00, 0xF4, 0x00, 0xFC, 0x00, 0x0A, 0x00, 0x12, 0x00, 0x0E, 0x00, 0x08, 0x00, 0xF8, 
	0x00, 0xEE, 0x00, 0xF2, 0x00, 0xFA, 0x00, 0x08, 0x00, 0x10, 0x00, 0x0E, 0x00, 0x08, 0x00, 0xFA, 
	0x00, 0xF0, 0x00, 0xF2, 0x00, 0xF8, 0x00, 0xFE, 0x00, 0x10, 0x00, 0x10, 0x00, 0x0C, 0x00, 0xFA, 
	0x00, 0xEE, 0x00, 0xF4, 0x00, 0xF8, 0x00, 0x00, 0x00, 0x10, 0x00, 0x10, 0x00, 0x0A, 0x00, 0xFA, 
	0x00, 0xF0, 0x00, 0xF4, 0x00, 0xF6, 0x00, 0x00, 0x00, 0x10, 0x00, 0x10, 0x00, 0x0A, 0x00, 0xFA, 
	0x00, 0xF0, 0x00, 0xF4, 0x00, 0xF6, 0x00, 0x00, 0x00, 0x10, 0x00, 0x12, 0x00, 0x0A, 0x00, 0xFA, 
	0x00, 0xEE, 0x00, 0xF4, 0x00, 0xF6, 0x00, 0x00, 0x00, 0x10, 0x00, 0x10, 0x00, 0x0A, 0x00, 0xFC, 
	0x00, 0xEE, 0x00, 0xF4, 0x00, 0xF4, 0x00, 0x02, 0x00, 0x10, 0x00, 0x10, 0x00, 0x06, 0x00, 0xF4, 
	0x00, 0xF0, 0x00, 0xF6, 0x00, 0xF8, 0x00, 0x0A, 0x00, 0x12, 0x00, 0x10, 0x00, 0x04, 0x00, 0xF2, 
	0x00, 0xF0, 0x00, 0xF6, 0x00, 0xF8, 0x00, 0x0A, 0x00, 0x12, 0x00, 0x10, 0x00, 0x04, 0x00, 0xF2, 
	0x00, 0xF2, 0x00, 0xF4, 0x00, 0xF8, 0x00, 0x08, 0x00, 0x12, 0x00, 0x0E, 0x00, 0x04, 0x00, 0xF4, 
	0x00, 0xF2, 0x00, 0xF4, 0x00, 0xF8, 0x00, 0x08, 0x00, 0x14, 0x00, 0x0E, 0x00, 0x06, 0x00, 0xF2, 
	0x00, 0xF2, 0x00, 0xF4, 0x00, 0xFE, 0x00, 0x0E, 0x00, 0x10, 0x00, 0x0C, 0x00, 0x04, 0x00, 0xF2, 
	0x00, 0xF0, 0x00, 0xF2, 0x00, 0xFE, 0x00, 0x10, 0x00, 0x10, 0x00, 0x0A, 0x00, 0xFA, 0x00, 0xF2, 
	0x00, 0xF2, 0x00, 0xF6, 0x00, 0xFE, 0x00, 0x10, 0x00, 0x12, 0x00, 0x0A, 0x00, 0xFA, 0x00, 0xF2, 
	0x00, 0xF4, 0x00, 0xF6, 0x00, 0xFE, 0x00, 0x10, 0x00, 0x12, 0x00, 0x0C, 0x00, 0xFE, 0x00, 0xF0, 
	0x00, 0xF4, 0x00, 0xF4, 0x00, 0x08, 0x00, 0x10, 0x00, 0x0E, 0x00, 0x06, 0x00, 0xF4, 0x00, 0xF2, 
	0x00, 0xF4, 0x00, 0xFE, 0x00, 0x0C, 0x00, 0x10, 0x00, 0x0E, 0x00, 0x02, 0x00, 0xF6, 0x00, 0xF0, 
	0x00, 0xF4, 0x00, 0xF8, 0x00, 0x06, 0x00, 0x12, 0x00, 0x0C, 0x00, 0x08, 0x00, 0xF4, 0x00, 0xF2, 
	0x00, 0xF4, 0x00, 0xFE, 0x00, 0x0E, 0x00, 0x0E, 0x00, 0x0A, 0x00, 0xFC, 0x00, 0xF4, 0x00, 0xF4, 
	0x00, 0xF6, 0x00, 0xFE, 0x00, 0x0E, 0x00, 0x0E, 0x00, 0x0C, 0x00, 0xFC, 0x00, 0xF0, 0x00, 0xF6, 
	0x00, 0xF4, 0x00, 0x08, 0x00, 0x0E, 0x00, 0x0E, 0x00, 0x04, 0x00, 0xF4, 0x00, 0xF4, 0x00, 0xF6, 
	0x00, 0xF8, 0x00, 0x0A, 0x00, 0x10, 0x00, 0x0C, 0x00, 0xFE, 0x00, 0xF4, 0x00, 0xF6, 0x00, 0xF8, 
	0x00, 0xFE, 0x00, 0x0C, 0x00, 0x10, 0x00, 0x0A, 0x00, 0xFC, 0x00, 0xF4, 0x00, 0xF6, 0x00, 0xF6, 
	0x00, 0x00, 0x00, 0x0C, 0x00, 0x10, 0x00, 0x0A, 0x00, 0x04, 0x00, 0xF4, 0x00, 0xF4, 0x00, 0xF4, 
	0x00, 0xFE, 0x00, 0x0C, 0x00, 0x0E, 0x00, 0x0A, 0x00, 0xFC, 0x00, 0xF4, 0x00, 0xF6, 0x00, 0xF6, 
	0x00, 0x00, 0x00, 0x0A, 0x00, 0x0E, 0x00, 0x0A, 0x00, 0x02, 0x00, 0xF6, 0x00, 0xF2, 0x00, 0xF6, 
	0x00, 0xFC, 0x00, 0x0C, 0x00, 0x0E, 0x00, 0x0A, 0x00, 0xFC, 0x00, 0xF4, 0x00, 0xF6, 0x00, 0xF6, 
	0x00, 0xFE, 0x00, 0x0C, 0x00, 0x0E, 0x00, 0x0A, 0x00, 0xFE, 0x00, 0xF4, 0x00, 0xF6, 0x00, 0xF4, 
	0x00, 0xFE, 0x00, 0x0C, 0x00, 0x0E, 0x00, 0x06, 0x00, 0xFA, 0x00, 0xF4, 0x00, 0xF8, 0x00, 0xF8, 
	0x00, 0x08, 0x00, 0x0E, 0x00, 0x0C, 0x00, 0x04, 0x00, 0xF6, 0x00, 0xF4, 0x00, 0xF4, 0x00, 0xFA, 
	0x00, 0x08, 0x00, 0x0E, 0x00, 0x0C, 0x00, 0x08, 0x00, 0xFC, 0x00, 0xF2, 0x00, 0xF4, 0x00, 0xF8, 
	0x00, 0x06, 0x00, 0x0E, 0x00, 0x0A, 0x00, 0x06, 0x00, 0xFC, 0x00, 0xF2, 0x00, 0xF6, 0x00, 0xF8, 
	0x00, 0x08, 0x00, 0x0C, 0x00, 0x0C, 0x00, 0x02, 0x00, 0xF6, 0x00, 0xF4, 0x00, 0xF6, 0x00, 0xFE, 
	0x00, 0x06, 0x00, 0x10, 0x00, 0x0C, 0x00, 0x02, 0x00, 0xF6, 0x00, 0xF4, 0x00, 0xF6, 0x00, 0xFE, 
	0x00, 0x06, 0x00, 0x0E, 0x00, 0x0C, 0x00, 0x04, 0x00, 0xF6, 0x00, 0xF4, 0x00, 0xF8, 0x00, 0xFE, 
	0x00, 0x0A, 0x00, 0x0C, 0x00, 0x08, 0x00, 0x02, 0x00, 0xF6, 0x00, 0xF4, 0x00, 0xF6, 0x00, 0xFE, 
	0x00, 0x0C, 0x00, 0x0C, 0x00, 0x08, 0x00, 0xFC, 0x00, 0xF6, 0x00, 0xF6, 0x00, 0xFA, 0x00, 0x00, 
	0x00, 0x0A, 0x00, 0x0C, 0x00, 0x08, 0x00, 0xFC, 0x00, 0xF4, 0x00, 0xF8, 0x00, 0xF8, 0x00, 0x06, 
	0x00, 0x0C, 0x00, 0x0A, 0x00, 0x02, 0x00, 0xF8, 0x00, 0xF6, 0x00, 0xF8, 0x00, 0xFE, 0x00, 0x0A, 
	0x00, 0x0A, 0x00, 0x08, 0x00, 0xFC, 0x00, 0xF8, 0x00, 0xF8, 0x00, 0xFA, 0x00, 0x00, 0x00, 0x0A, 
	0x00, 0x0A, 0x00, 0x06, 0x00, 0xFC, 0x00, 0xF6, 0x00, 0xFA, 0x00, 0xFA, 0x00, 0x04, 0x00, 0x0A, 
	0x00, 0x08, 0x00, 0x04, 0x00, 0xF6, 0x00, 0xF8, 0x00, 0xF8, 0x00, 0xFE, 0x00, 0x0A, 0x00, 0x08, 
	0x00, 0x08, 0x00, 0xFC, 0x00, 0xF8, 0x00, 0xFA, 0x00, 0xFA, 0x00, 0x00, 0x00, 0x08, 0x00, 0x0A, 
	0x00, 0x06, 0x00, 0xFC, 0x00, 0xF8, 0x00, 0xFA, 0x00, 0xFA, 0x00, 0x00, 0x00, 0x08, 0x00, 0x08, 
	0x00, 0x06, 0x00, 0xFE, 0x00, 0xF8, 0x00, 0xFA, 0x00, 0xFA, 0x00, 0x06, 0x00, 0x08, 0x00, 0x08, 
	0x00, 0x02, 0x00, 0xFA, 0x00, 0xF8, 0x00, 0xFA, 0x00, 0xFC, 0x00, 0x06, 0x00, 0x08, 0x00, 0x08, 
	0x00, 0x02, 0x00, 0xFA, 0x00, 0xFA, 0x00, 0xFA, 0x00, 0xFC, 0x00, 0x04, 0x00, 0x0A, 0x00, 0x08, 
	0x00, 0x02, 0x00, 0xFA, 0x00, 0xFA, 0x00, 0xFA, 0x00, 0xFC, 0x00, 0x04, 0x00, 0x08, 0x00, 0x06, 
	0x00, 0x02, 0x00, 0xFA, 0x00, 0xFA, 0x00, 0xFA, 0x00, 0x00, 0x00, 0x08, 0x00, 0x06, 0x00, 0x06, 
	0x00, 0xFC, 0x00, 0xFA, 0x00, 0xFA, 0x00, 0xFC, 0x00, 0x04, 0x00, 0x06, 0x00, 0x06, 0x00, 0x04, 
	0x00, 0xFC, 0x00, 0xFA, 0x00, 0xF8, 0x00, 0xFC, 0x00, 0x04, 0x00, 0x08, 0x00, 0x06, 0x00, 0x00, 
	0x00, 0xF8, 0x00, 0xFA, 0x00, 0xFC, 0x00, 0xFE, 0x00, 0x04, 0x00, 0x08, 0x00, 0x06, 0x00, 0x00, 
	0x00, 0xFA, 0x00, 0xFA, 0x00, 0xFC, 0x00, 0x00, 0x00, 0x06, 0x00, 0x06, 0x00, 0x06, 0x00, 0x00, 
	0x00, 0xFA, 0x00, 0xFA, 0x00, 0xFA, 0x00, 0x00, 0x00, 0x06, 0x00, 0x06, 0x00, 0x04, 0x00, 0xFC, 
	0x00, 0xF8, 0x00, 0xFC, 0x00, 0xFC, 0x00, 0x04, 0x00, 0x08, 0x00, 0x06, 0x00, 0x02, 0x00, 0xFC, 
	0x00, 0xFA, 0x00, 0xFA, 0x00, 0xFC, 0x00, 0x00, 0x00, 0x06, 0x00, 0x08, 0x00, 0x04, 0x00, 0xFE, 
	0x00, 0xFA, 0x00, 0xFA, 0x00, 0xFC, 0x00, 0x02, 0x00, 0x06, 0x00, 0x06, 0x00, 0x04, 0x00, 0xFE, 
	0x00, 0xFA, 0x00, 0xFA, 0x00, 0xFC, 0x00, 0x04, 0x00, 0x06, 0x00, 0x04, 0x00, 0x02, 0x00, 0xFA, 
	0x00, 0xFC, 0x00, 0xFC, 0x00, 0x00, 0x00, 0x06, 0x00, 0x04, 0x00, 0x04, 0x00, 0xFE, 0x00, 0xFA, 
	0x00, 0xFC, 0x00, 0xFC, 0x00, 0x04, 0x00, 0x06, 0x00, 0x04, 0x00, 0x02, 0x00, 0xFA, 0x00, 0xFC, 
	0x00, 0xFE, 0x00, 0xFE, 0x00, 0x04, 0x00, 0x06, 0x00, 0x04, 0x00, 0x02, 0x00, 0xFA, 0x00, 0xFA, 
	0x00, 0xFC, 0x00, 0x00, 0x00, 0x06, 0x00, 0x04, 0x00, 0x04, 0x00, 0x00, 0x00, 0xFC, 0x00, 0xFA, 
	0x00, 0xFC, 0x00, 0xFE, 0x00, 0x04, 0x00, 0x06, 0x00, 0x04, 0x00, 0xFE, 0x00, 0xFA, 0x00, 0xFC, 
	0x00, 0xFE, 0x00, 0x00, 0x00, 0x06, 0x00, 0x04, 0x00, 0x04, 0x00, 0xFE, 0x00, 0xFA, 0x00, 0xFC, 
	0x00, 0xFE, 0x00, 0x04, 0x00, 0x06, 0x00, 0x04, 0x00, 0x00, 0x00, 0xFC, 0x00, 0xFA, 0x00, 0xFE, 
	0x00, 0x00, 0x00, 0x04, 0x00, 0x06, 0x00, 0x04, 0x00, 0x00, 0x00, 0xFC, 0x00, 0xFA, 0x00, 0xFC, 
	0x00, 0x00, 0x00, 0x04, 0x00, 0x04, 0x00, 0x02, 0x00, 0xFE, 0x00, 0xFC, 0x00, 0xFC, 0x00, 0xFE, 
	0x00, 0x04, 0x00, 0x04, 0x00, 0x04, 0x00, 0x00, 0x00, 0xFC, 0x00, 0xFC, 0x00, 0xFC, 0x00, 0xFE, 
	0x00, 0x02, 0x00, 0x04, 0x00, 0x04, 0x00, 0x00, 0x00, 0xFC, 0x00, 0xFC, 0x00, 0xFC, 0x00, 0xFE, 
	0x00, 0x02, 0x00, 0x04, 0x00, 0x04, 0x00, 0x00, 0x00, 0xFC, 0x00, 0xFC, 0x00, 0xFE, 0x00, 0x00, 
	0x00, 0x02, 0x00, 0x04, 0x00, 0x04, 0x00, 0x00, 0x00, 0xFC, 0x00, 0xFC, 0x00, 0xFE, 0x00, 0x00, 
	0x00, 0x04, 0x00, 0x04, 0x00, 0x02, 0x00, 0xFE, 0x00, 0xFC, 0x00, 0xFE, 0x00, 0xFE, 0x00, 0x02, 
	0x00, 0x04, 0x00, 0x04, 0x00, 0x02, 0x00, 0xFE, 0x00, 0xFC, 0x00, 0xFE, 0x00, 0xFE, 0x00, 0x00, 
	0x00, 0x04, 0x00, 0x02, 0x00, 0x02, 0x00, 0xFE, 0x00, 0xFC, 0x00, 0xFE, 0x00, 0x00, 0x00, 0x02, 
	0x00, 0x04, 0x00, 0x02, 0x00, 0x00, 0x00, 0xFC, 0x00, 0xFC, 0x00, 0xFE, 0x00, 0x00, 0x00, 0x04, 
	0x00, 0x02, 0x00, 0x02, 0x00, 0x00, 0x00, 0xFE, 0x00, 0xFE, 0x00, 0xFE, 0x00, 0x00, 0x00, 0x02, 
	0x00, 0x02, 0x00, 0x02, 0x00, 0x00, 0x00, 0xFE, 0x00, 0xFE, 0x00, 0xFE, 0x00, 0x00, 0x00, 0x02, 
	0x00, 0x02, 0x00, 0x02, 0x00, 0x00, 0x00, 0xFE, 0x00, 0xFE, 0x00, 0xFE, 0x00, 0x00, 0x00, 0x02, 
	0x00, 0x02, 0x00, 0x02, 0x00, 0xFE, 0x00, 0xFE, 0x00, 0xFE, 0x00, 0xFE, 0x00, 0x00, 0x00, 0x02, 
	0x00, 0x02, 0x00, 0x02, 0x00, 0xFE, 0x00, 0xFE, 0x00, 0xFE, 0x00, 0xFE, 0x00, 0x02, 0x00, 0x02, 
	0x00, 0x02, 0x00, 0x00, 0x00, 0xFE, 0x00, 0xFE, 0x00, 0x00, 0x00, 0x00, 0x00, 0x00, 0x00, 0x02, 
	0x00, 0x02, 0x00, 0x00, 0x00, 0xFE, 0x00, 0xFE, 0x00, 0xFE, 0x00, 0x00, 0x00, 0x02, 0x00, 0x02, 
	0x00, 0x02, 0x00, 0x00, 0x00, 0xFE, 0x00, 0xFE, 0x00, 0x00, 0x00, 0x00, 0x00, 0x00, 0x00, 0x02, 
	0x00, 0x02, 0x00, 0x00, 0x00, 0xFE, 0x00, 0x00, 0x00, 0x00, 0x00, 0x00, 0x00, 0x00, 0x00, 0x02, 
	0x00, 0x00, 0x00, 0x00, 0x00, 0xFE, 0x00, 0xFE, 0x00, 0x00, 0x00, 0x00, 0x00, 0x00, 0x00, 0x02, 
	0x00, 0x02, 0x00, 0x00, 0x00, 0xFE, 0x00, 0x00, 0x00, 0x00, 0x00, 0x00, 0x00, 0x02, 0x00, 0x00, 
	0x00, 0x02, 0x00, 0x00, 0x00, 0xFE, 0x00, 0x00, 0x00, 0x00, 0x00, 0x00, 0x00, 0x00, 0x00, 0x00, 
	0x00, 0x02, 0x00, 0x00, 0x00, 0xFE, 0x00, 0x00, 0x00, 0x00, 0x00, 0x00, 0x00, 0x00, 0x00, 0x00, 
	0x00, 0x00, 0x00, 0x00, 0x00, 0x00, 0x00, 0x00, 0x00, 0x00, 0x00, 0x00, 0x00, 0x00, 0x00, 0x00, 
	0x00, 0x00, 0x00, 0xFE, 0x00, 0x00, 0x00, 0x00, 0x00, 0x00, 0x00, 0x00, 0x00, 0x00, 0x00, 0x00, 
	0x00, 0x00, 0x00, 0x00, 0x00, 0x00, 0x00, 0x00, 0x00, 0x00, 0x00, 0x00, 0x00, 0x00, 0x00, 0x00, 
	0x00, 0x00, 0x00, 0x00, 0x00, 0x00, 0x00, 0x00, 0x00, 0x00, 0x00, 0x00, 0x00, 0x00, 0x00, 0x00, 
	0x00, 0x00, 0x00, 0x00, 0x00, 0x00, 0x00, 0x00, 0x00, 0x00, 0x00, 0x00, 0x00, 0x00, 0x00, 0x00, 
	0x00, 0x00, 0x00, 0x00, 0x00, 0x00, 0x00, 0x00, 0x00, 0x00, 0x00, 0x00, 0x00, 0x00, 0x00, 0x00, 
	0x00, 0x00, 0x00, 0x00, 0x00, 0x00, 0x00, 0x00, 0x00, 0x00, 0x00, 0x00, 0x00, 0x00, 0x00, 0x00, 
	0x00, 0x00, 0x00, 0x00, 0x00, 0x00, 0x00, 0x00, 0x00, 0x00, 0x00, 0x00, 0x00, 0x00, 0x00, 0x00, 
	0x00, 0xFE, 0x00, 0x00, 0x00, 0x00, 0x00, 0x00, 0x00, 0x00, 0x00, 0x00, 0x00, 0x00, 0x00, 0x00, 
	0x00, 0x00, 0x00, 0x00, 0x00, 0x00, 0x00, 0x00, 0x00, 0x00, 0x00, 0x00, 0x00, 0x00, 0x00, 0x00, 
	0x00, 0x00, 0x00, 0x00, 0x00, 0x00, 0x00, 0x00, 0x00, 0x00, 0x00, 0x00, 0x00, 0x00, 0x00, 0x00, 
	0x00, 0x00, 0x00, 0x00, 0x00, 0x00, 0x00, 0x00, 0x00, 0x00, 0x00, 0x00, 0x00, 0x00, 0x00, 0x00, 
	0x00, 0x00, 0x00, 0x00, 0x00, 0x00, 0x00, 0x00, 0x00, 0x00, 0x00, 0x00, 0x00, 0x00, 0x00, 0x00, 
	0x00, 0x00, 0x00, 0x00, 0x00, 0x00, 0x00, 0x00, 0x00, 0x00, 0x00, 0x00, 0x00, 0x00, 0x00, 0x00, 
	0x00, 0x00, 0x00, 0x00, 0x00, 0x00, 0x00, 0x00, 0x00, 0x00, 0x00, 0x00, 0x00, 0x00, 0x00, 0x00, 
	0x00, 0x00, 0x00, 0x00, 0x00, 0x00, 0x00, 0x00, 0x00, 0x00, 0x00, 0x00, 0x00, 0x00, 0x00, 0x00, 
	0x00, 0x00, 0x00, 0x00, 0x00, 0x00, 0x00, 0x00, 0x00, 0x00, 0x00, 0x00, 0x00, 0x00, 0x00, 0x00, 
	0x00, 0x00, 0x00, 0x00, 0x00, 0x00, 0x00, 0x00, 0x00, 0x00, 0x00, 0x00, 0x00, 0x00, 0x00, 0x00, 
	0x00, 0x00, 0x00, 0x00, 0x00, 0x00, 0x00, 0x00, 0x00, 0x00, 0x00, 0x00, 0x00, 0x00, 0x00, 0x00, 
	0x00, 0x00, 0x00, 0x00, 0x00, 0x00, 0x00, 0x00, 0x00, 0x00, 0x00, 0x00, 0x00, 0x00, 0x00, 0x00, 
	0x00, 0x00, 0x00, 0x00, 0x00, 0x00, 0x00, 0x00, 0x00, 0x00, 0x00, 0x00, 0x00, 0x00, 0x00, 0x00, 
	0x00, 0x00, 0x00, 0x00, 0x00, 0x00, 0x00, 0x00, 0x00, 0x00, 0x00, 0x00, 0x00, 0x00, 0x00, 0x00, 
	0x00, 0x00, 0x00, 0x00, 0x00, 0x00, 0x00, 0x00, 0x00, 0x00, 0x00, 0x00, 0x00, 0x00, 0x00, 0x00, 
	0x00, 0x00, 0x00, 0x00, 0x00, 0x00, 0x00, 0x00, 0x00, 0x00, 0x00, 0x00, 0x00, 0x00, 0x00, 0x00, 
	0x00, 0x00, 0x00, 0x00, 0x00, 0x00, 0x00, 0x00, 0x00, 0x00, 0x00, 0x00, 0x00, 0x00, 0x00, 0x00, 
	0x00, 0x00, 0x00, 0x00, 0x00, 0x00, 0x00, 0x00, 0x00, 0x00, 0x00, 0x00, 0x00, 0x00, 0x00, 0x00, 
	0x00, 0x00, 0x00, 0x00, 0x00, 0x00, 0x00, 0x00, 0x00, 0x00, 0x00, 0x00, 0x00, 0x00, 0x00, 0x00, 
	0x00, 0x00, 0x00, 0x00, 0x00, 0x00, 0x00, 0x00, 0x00, 0x00, 0x00, 0x00, 0x00, 0x00, 0x00, 0x00, 
	0x00, 0x00, 0x00, 0x00, 0x00, 0x00, 0x00, 0x00, 0x00, 0x00, 0x00, 0x00, 0x00, 0x00, 0x00, 0x00, 
	0x00, 0x00, 0x00, 0x00, 0x00, 0x00, 0x00, 0x00, 0x00, 0x00, 0x00, 0x00, 0x00, 0x00, 0x00, 0x00, 
	0x00, 0x00, 0x00, 0x00, 0x00, 0x00, 0x00, 0x00, 0x00, 0x00, 0x00, 0x00, 0x00, 0x00, 0x00, 0x00, 
	0x00, 0x00, 0x00, 0x00, 0x00, 0x00, 0x00, 0x00, 0x00, 0x00, 0x00, 0x00, 0x00, 0x00, 0x00, 0x00, 
	0x00, 0x00, 0x00, 0x00, 0x00, 0x00, 0x00, 0x00, 0x00, 0x00, 0x00, 0x00, 0x00, 0x00, 0x00, 0x00, 
	0x00, 0x00, 0x00, 0x00, 0x00, 0x00, 0x00, 0x00, 0x00, 0x00, 0x00, 0x00, 0x00, 0x00, 0x00, 0x00, 
	0x00, 0x00, 0x00, 0x00, 0x00, 0x00, 0x00, 0x00, 0x00, 0x00, 0x00, 0x00, 0x00, 0x00, 0x00, 0x00, 
	0x00, 0x00, 0x00, 0x00, 0x00, 0x00, 0x00, 0x00, 0x00, 0x00, 0x00, 0x00, 0x00, 0x00, 0x00, 0x00, 
	0x00, 0x00, 0x00, 0x00, 0x00, 0x00, 0x00, 0x00, 0x00, 0x00, 0x00, 0x00, 0x00, 0x00, 0x00, 0x00, 
	0x00, 0x00, 0x00, 0x00, 0x00, 0x00, 0x00, 0x00, 0x00, 0x00, 0x00, 0x00, 0x00, 0x00, 0x00, 0x00, 
	0x00, 0x00, 0x00, 0x00, 0x00, 0x00, 0x00, 0x00, 0x00, 0x00, 0x00, 0x00, 0x00, 0x00, 0x00, 0x00, 
	0x00, 0x00, 0x00, 0x00, 0x00, 0x00, 0x00, 0x00, 0x00, 0x00, 0x00, 0x00, 0x00, 0x00, 0x00, 0x00, 
	0x00, 0x00, 0x00, 0x00, 0x00, 0x00, 0x00, 0x00, 0x00, 0x00, 0x00, 0x00, 0x00, 0x00, 0x00, 0x00, 
	0x00, 0x00, 0x00, 0x00, 0x00, 0x00, 0x00, 0x00, 0x00, 0x00, 0x00, 0x00, 0x00, 0x00, 0x00, 0x00, 
	0x00, 0x00, 0x00, 0x00, 0x00, 0x00, 0x00, 0x00, 0x00, 0x00, 0x00, 0x00, 0x00, 0x00, 0x00, 0x00, 
	0x00, 0x00, 0x00, 0x00, 0x00, 0x00, 0x00, 0x00, 0x00, 0x00, 0x00, 0x00, 0x00, 0x00, 0x00, 0x00, 
	0x00, 0x00, 0x00, 0x00, 0x00, 0x00, 0x00, 0x00, 0x00, 0x00, 0x00, 0x00, 0x00, 0x00, 0x00, 0x00, 
	0x00, 0x00, 0x00, 0x00, 0x00, 0x00, 0x00, 0x00, 0x00, 0x00, 0x00, 0x00, 0x00, 0x00, 0x00, 0x00, 
	0x00, 0x02, 0x00, 0x00, 0x00, 0x00, 0x00, 0x00, 0x00, 0xFE, 0x00, 0x00, 0x00, 0x00, 0x00, 0x00, 
	0x00, 0x02, 0x00, 0x00, 0x00, 0x00, 0x00, 0x00, 0x00, 0xFE, 0x00, 0x00, 0x00, 0x00, 0x00, 0x00, 
	0x00, 0x00, 0x00, 0x00, 0x00, 0x00, 0x00, 0x00, 0x00, 0xFE, 0x00, 0x00, 0x00, 0x00, 0x00, 0x00, 
	0x00, 0x00, 0x00, 0x00, 0x00, 0x00, 0x00, 0x00, 0x00, 0x00, 0x00, 0x00, 0x00, 0x00, 0x00, 0x02, 
	0x00, 0x00, 0x00, 0x00, 0x00, 0x00, 0x00, 0xFE, 0x00, 0x00, 0x00, 0x00, 0x00, 0x00, 0x00, 0x02, 
	0x00, 0x00, 0x00, 0x00, 0x00, 0x00, 0x00, 0xFE, 0x00, 0x00, 0x00, 0x00, 0x00, 0x00, 0x00, 0x02, 
	0x00, 0x00, 0x00, 0x00, 0x00, 0x00, 0x00, 0xFE, 0x00, 0x00, 0x00, 0x00, 0x00, 0x00, 0x00, 0x00, 
	0x00, 0x00, 0x00, 0x00, 0x00, 0x00, 0x00, 0x00, 0x00, 0x00, 0x00, 0x00, 0x00, 0x00, 0x00, 0x00, 
	0x00, 0x00, 0x00, 0x00, 0x00, 0x00, 0x00, 0x00, 0x00, 0x00, 0x00, 0x00, 0x00, 0x00, 0x00, 0x00, 
	0x00, 0x00, 0x00, 0x00, 0x00, 0x00, 0x00, 0x00, 0x00, 0x00, 0x00, 0x00, 0x00, 0x00, 0x00, 0x00, 
	0x00, 0x00, 0x00, 0x00, 0x00, 0x00, 0x00, 0x00, 0x00, 0x00, 0x00, 0x00, 0x00, 0x00, 0x00, 0x00, 
	0x00, 0x00, 0x00, 0x00, 0x00, 0x00, 0x00, 0x00, 0x00, 0x00, 0x00, 0x00, 0x00, 0x00, 0x00, 0x00, 
	0x00, 0x00, 0x00, 0x00, 0x00, 0x00, 0x00, 0x00, 0x00, 0x00, 0x00, 0x00, 0x00, 0x00, 0x00, 0x00, 
	0x00, 0x00, 0x00, 0x00, 0x00, 0x00, 0x00, 0x00, 0x00, 0x00, 0x00, 0x00, 0x00, 0x00, 0x00, 0x00, 
	0x00, 0x00, 0x00, 0x00, 0x00, 0x00, 0x00, 0x00, 0x00, 0x00, 0x00, 0x00, 0x00, 0x00, 0x00, 0x00, 
	0x00, 0x00, 0x00, 0x00, 0x00, 0x00, 0x00, 0x00, 0x00, 0x00, 0x00, 0x00, 0x00, 0x00, 0x00, 0x00, 
	0x00, 0x00, 0x00, 0x00, 0x00, 0x00, 0x00, 0x00, 0x00, 0x00, 0x00, 0x00, 0x00, 0x00, 0x00, 0x00, 
	0x00, 0x00, 0x00, 0x00, 0x00, 0x00, 0x00, 0x00, 0x00, 0x00, 0x00, 0x00, 0x00, 0x00, 0x00, 0x00, 
	0x00, 0x00, 0x00, 0x00, 0x00, 0x00, 0x00, 0x00, 0x00, 0x00, 0x00, 0x00, 0x00, 0x00, 0x00, 0x00, 
	0x00, 0x00, 0x00, 0x00, 0x00, 0x00, 0x00, 0x00, 0x00, 0x00, 0x00, 0x00, 0x00, 0x00, 0x00, 0x00, 
	0x00, 0x00, 0x00, 0x00, 0x00, 0x00, 0x00, 0x00, 0x00, 0x00, 0x00, 0x00, 0x00, 0x00, 0x00, 0x00, 
	0x00, 0x00, 0x00, 0x00, 0x00, 0x00, 0x00, 0x00, 0x00, 0x00, 0x00, 0x00, 0x00, 0x00, 0x00, 0x00, 
	0x00, 0x00, 0x00, 0x00, 0x00, 0x00, 0x00, 0x00, 0x00, 0x00, 0x00, 0x00, 0x00, 0x00, 0x00, 0x00, 
	0x00, 0x00, 0x00, 0x00, 0x00, 0x00, 0x00, 0x00, 0x00, 0x00, 0x00, 0x00, 0x00, 0x00, 0x00, 0x00, 
	0x00, 0x00, 0x00, 0x00, 0x00, 0x00, 0x00, 0x00, 0x00, 0x00, 0x00, 0x00, 0x00, 0x00, 0x00, 0x00, 
	0x00, 0x00, 0x00, 0x00, 0x00, 0x00, 0x00, 0x00, 0x00, 0x00, 0x00, 0x00, 0x00, 0x00, 0x00, 0x00, 
	0x00, 0x00, 0x00, 0x00, 0x00, 0x00, 0x00, 0x00, 0x00, 0x00, 0x00, 0x00, 0x00, 0x00, 0x00, 0x00, 
	0x00, 0x00, 0x00, 0x00, 0x00, 0x00, 0x00, 0x00, 0x00, 0x00, 0x00, 0x00, 0x00, 0x00, 0x00, 0x00, 
	0x00, 0x00, 0x00, 0x00, 0x00, 0x00, 0x00, 0x00, 0x00, 0x00, 0x00, 0x00, 0x00, 0x00, 0x00, 0x00, 
	0x00, 0x00, 0x00, 0x00, 0x00, 0x00, 0x00, 0x00, 0x00, 0x00, 0x00, 0x00, 0x00, 0x00, 0x00, 0x00, 
	0x00, 0x00, 0x00, 0x00, 0x00, 0x00, 0x00, 0x00, 0x00, 0x00, 0x00, 0x00, 0x00, 0x00, 0x00, 0x00, 
	0x00, 0x00, 0x00, 0x00, 0x00, 0x00, 0x00, 0x00, 0x00, 0x00, 0x00, 0x00, 0x00, 0x00, 0x00, 0x00, 
	0x00, 0x00, 0x00, 0x00, 0x00, 0x00, 0x00, 0x00, 0x00, 0x00, 0x00, 0x00, 0x00, 0x00, 0x00, 0x00, 
	0x00, 0x00, 0x00, 0x00, 0x00, 0x00, 0x00, 0x00, 0x00, 0x00, 0x00, 0x00, 0x00, 0x00, 0x00, 0x00, 
	0x00, 0x00, 0x00, 0x00, 0x00, 0x00, 0x00, 0x00, 0x00, 0x00, 0x00, 0x00, 0x00, 0x00, 0x00, 0x00, 
	0x00, 0x00, 0x00, 0x00, 0x00, 0x00, 0x00, 0x00, 0x00, 0x00, 0x00, 0x00, 0x00, 0x00, 0x00, 0x00, 
	0x00, 0x00, 0x00, 0x00, 0x00, 0x00, 0x00, 0x00, 0x00, 0x00, 0x00, 0x00, 0x00, 0x00, 0x00, 0x00, 
	0x00, 0x00, 0x00, 0x00, 0x00, 0x00, 0x00, 0x00, 0x00, 0x00, 0x00, 0x00, 0x00, 0x00, 0x00, 0x00, 
	0x00, 0x00, 0x00, 0x00, 0x00, 0x00, 0x00, 0x00, 0x00, 0x00, 0x00, 0x00, 0x00, 0x00, 0x00, 0x00, 
	0x00, 0x00, 0x00, 0x00, 0x00, 0x00, 0x00, 0x00, 0x00, 0x00, 0x00, 0x00, 0x00, 0x00, 0x00, 0x00, 
	0x00, 0x00, 0x00, 0x00, 0x00, 0x00, 0x00, 0x00, 0x00, 0x00, 0x00, 0x00, 0x00, 0x00, 0x00, 0x00, 
	0x00, 0x00, 0x00, 0x00, 0x00, 0x00, 0x00, 0x00, 0x00, 0x00, 0x00, 0x00, 0x00, 0x00, 0x00, 0x00, 
	0x00, 0x00, 0x00, 0x00, 0x00, 0x00, 0x00, 0x00, 0x00, 0x00, 0x00, 0x00, 0x00, 0x00, 0x00, 0x00, 
	0x00, 0x00, 0x00, 0x00, 0x00, 0x00, 0x00, 0x00, 0x00, 0x00, 0x00, 0x00, 0x00, 0x00, 0x00, 0x00, 
	0x00, 0x00, 0x00, 0x00, 0x00, 0x00, 0x00, 0x00, 0x00, 0x00, 0x00, 0x00, 0x00, 0x00, 0x00, 0x00, 
	0x00, 0x00, 0x00, 0x00, 0x00, 0x00, 0x00, 0x00, 0x00, 0x00, 0x00, 0x00, 0x00, 0x00, 0x00, 0x00, 
	0x00, 0x00, 0x00, 0x00, 0x00, 0x00, 0x00, 0x00, 0x00, 0x00, 0x00, 0x00, 0x00, 0x00, 0x00, 0x00, 
	0x00, 0x00, 0x00, 0x00, 0x00, 0x00, 0x00, 0x00, 0x00, 0x00, 0x00, 0x00, 0x00, 0x00, 0x00, 0x00, 
	0x00, 0x00, 0x00, 0x00, 0x00, 0x00, 0x00, 0x00, 0x00, 0x00, 0x00, 0x00, 0x00, 0x00, 0x00, 0x00, 
	0x00, 0x00, 0x00, 0x00, 0x00, 0x00, 0x00, 0x00, 0x00, 0x00, 0x00, 0x00, 0x00, 0x00, 0x00, 0x00, 
	0x00, 0x00, 0x00, 0x00, 0x00, 0x00, 0x00, 0x00, 0x00, 0x00, 0x00, 0x00, 0x00, 0x00, 0x00, 0x00, 
	0x00, 0x00, 0x00, 0x00, 0x00, 0x00, 0x00, 0x00, 0x00, 0x00, 0x00, 0x00, 0x00, 0x00, 0x00, 0x00, 
	0x00, 0x00, 0x00, 0x00, 0x00, 0x00, 0x00, 0x00, 0x00, 0x00, 0x00, 0x00, 0x00, 0x00, 0x00, 0x00, 
	0x00, 0x00, 0x00, 0x00, 0x00, 0x00, 0x00, 0x00, 0x00, 0x00, 0x00, 0x00, 0x00, 0x00, 0x00, 0x00, 
	0x00, 0x00, 0x00, 0x00, 0x00, 0x00, 0x00, 0x00, 0x00, 0x00, 0x00, 0x00, 0x00, 0x00, 0x00, 0x00, 
	0x00, 0x00, 0x00, 0x00, 0x00, 0x00, 0x00, 0x00, 0x00, 0x00, 0x00, 0x00, 0x00, 0x00, 0x00, 0x00, 
	0x00, 0x00, 0x00, 0x00, 0x00, 0x00, 0x00, 0x00, 0x00, 0x00, 0x00, 0x00, 0x00, 0x00, 0x00, 0x00, 
	0x00, 0x00, 0x00, 0x00, 0x00, 0x00, 0x00, 0x00, 0x00, 0x00, 0x00, 0x00, 0x00, 0x00, 0x00, 0x00, 
	0x00, 0x00, 0x00, 0x00, 0x00, 0x00, 0x00, 0x00, 0x00, 0x00, 0x00, 0x00, 0x00, 0x00, 0x00, 0x00, 
	0x00, 0x00, 0x00, 0x00, 0x00, 0x00, 0x00, 0x00, 0x00, 0x00, 0x00, 0x00, 0x00, 0x00, 0x00, 0x00, 
	0x00, 0x00, 0x00, 0x00, 0x00, 0x00, 0x00, 0x00, 0x00, 0x00, 0x00, 0x00, 0x00, 0x00, 0x00, 0x00, 
	0x00, 0x00, 0x00, 0x00, 0x00, 0x00, 0x00, 0x00, 0x00, 0x00, 0x00, 0x00, 0x00, 0x00, 0x00, 0x00, 
	0x00, 0x00, 0x00, 0x00, 0x00, 0x00, 0x00, 0x00, 0x00, 0x00, 0x00, 0x00, 0x00, 0x00, 0x00, 0x00, 
	0x00, 0x00, 0x00, 0x00, 0x00, 0x00, 0x00, 0x00, 0x00, 0x00, 0x00, 0x00, 0x00, 0x00, 0x00, 0x00, 
	0x00, 0x00, 0x00, 0x00, 0x00, 0x00, 0x00, 0x00, 0x00, 0x00, 0x00, 0x00, 0x00, 0x00, 0x00, 0x00, 
	0x00, 0x00, 0x00, 0x00, 0x00, 0x00, 0x00, 0x00, 0x00, 0x00, 0x00, 0x00, 0x00, 0x00, 0x00, 0x00, 
	0x00, 0x00, 0x00, 0x00, 0x00, 0x00, 0x00, 0x00, 0x00, 0x00, 0x00, 0x00, 0x00, 0x00, 0x00, 0x00, 
	0x00, 0x00, 0x00, 0x00, 0x00, 0x00, 0x00, 0x00, 0x00, 0x00, 0x00, 0x00, 0x00, 0x00, 0x00, 0x00, 
	0x00, 0x00, 0x00, 0x00, 0x00, 0x00, 0x00, 0x00, 0x00, 0x00, 0x00, 0x00, 0x00, 0x00, 0x00, 0x00, 
	0x00, 0x00, 0x00, 0x00, 0x00, 0x00, 0x00, 0x00, 0x00, 0x00, 0x00, 0x00, 0x00, 0x00, 0x00, 0x00, 
	0x00, 0x00, 0x00, 0x00, 0x00, 0x00, 0x00, 0x00, 0x00, 0x00, 0x00, 0x00, 0x00, 0x00, 0x00, 0x00, 
	0x00, 0x00, 0x00, 0x00, 0x00, 0x00, 0x00, 0x00, 0x00, 0x00, 0x00, 0x00, 0x00, 0x00, 0x00, 0x00, 
	0x00, 0x00, 0x00, 0x00, 0x00, 0x00, 0x00, 0x00, 0x00, 0x00, 0x00, 0x00, 0x00, 0x00, 0x00, 0x00, 
	0x00, 0x00, 0x00, 0x00, 0x00, 0x00, 0x00, 0x00, 0x00, 0x00, 0x00, 0x00, 0x00, 0x00, 0x00, 0x00, 
	0x00, 0x00, 0x00, 0x00, 0x00, 0x00, 0x00, 0x00, 0x00, 0x00, 0x00, 0x00, 0x00, 0x00, 0x00, 0x00, 
	0x00, 0x00, 0x00, 0x00, 0x00, 0x00, 0x00, 0x00, 0x00, 0x00, 0x00, 0x00, 0x00, 0x00, 0x00, 0x00, 
	0x00, 0x00, 0x00, 0x00, 0x00, 0x00, 0x00, 0x00, 0x00, 0x00, 0x00, 0x00, 0x00, 0x00, 0x00, 0x00, 
	0x00, 0x00, 0x00, 0x00, 0x00, 0x00, 0x00, 0x00, 0x00, 0x00, 0x00, 0x00, 0x00, 0x00, 0x00, 0x00, 
	0x00, 0x00, 0x00, 0x00, 0x00, 0x00, 0x00, 0x00, 0x00, 0x00, 0x00, 0x00, 0x00, 0x00, 0x00, 0x00, 
	0x00, 0x00, 0x00, 0x00, 0x00, 0x00, 0x00, 0x00, 0x00, 0x00, 0x00, 0x00, 0x00, 0x00, 0x00, 0x00, 
	0x00, 0x00, 0x00, 0x00, 0x00, 0x00, 0x00, 0x00, 0x00, 0x00, 0x00, 0x00, 0x00, 0x00, 0x00, 0x00, 
	0x00, 0x00, 0x00, 0x00, 0x00, 0x00, 0x00, 0x00, 0x00, 0x00, 0x00, 0x00, 0x00, 0x00, 0x00, 0x00, 
	0x00, 0x00, 0x00, 0x00, 0x00, 0x00, 0x00, 0x00, 0x00, 0x00, 0x00, 0x00, 0x00, 0x00, 0x00, 0x00, 
	0x00, 0x00, 0x00, 0x00, 0x00, 0x00, 0x00, 0x00, 0x00, 0x00, 0x00, 0x00, 0x00, 0x00, 0x00, 0x00, 
	0x00, 0x00, 0x00, 0x00, 0x00, 0x00, 0x00, 0x00, 0x00, 0x00, 0x00, 0x00, 0x00, 0x00, 0x00, 0x00, 
	0x00, 0x00, 0x00, 0x00, 0x00, 0x00, 0x00, 0x00, 0x00, 0x00, 0x00, 0x00, 0x00, 0x00, 0x00, 0x00, 
	0x00, 0x00, 0x00, 0x00, 0x00, 0x00, 0x00, 0x00, 0x00, 0x00, 0x00, 0x00, 0x00, 0x00, 0x00, 0x00, 
	0x00, 0x00, 0x00, 0x00, 0x00, 0x00, 0x00, 0x00, 0x00, 0x00, 0x00, 0x00, 0x00, 0x00, 0x00, 0x00, 
	0x00, 0x00, 0x00, 0x00, 0x00, 0x00, 0x00, 0x00, 0x00, 0x00, 0x00, 0x00, 0x00, 0x00, 0x00, 0x00, 
	0x00, 0x00, 0x00, 0x00, 0x00, 0x00, 0x00, 0x00, 0x00, 0x00, 0x00, 0x00, 0x00, 0x00, 0x00, 0x00, 
	0x00, 0x00, 0x00, 0x00, 0x00, 0x00, 0x00, 0x00, 0x00, 0x00, 0x00, 0x00, 0x00, 0x00, 0x00, 0x00, 
	0x00, 0x00, 0x00, 0x00, 0x00, 0x00, 0x00, 0x00, 0x00, 0x00, 0x00, 0x00, 0x00, 0x00, 0x00, 0x00, 
	0x00, 0x00, 0x00, 0x00, 0x00, 0x00, 0x00, 0x00, 0x00, 0x00, 0x00, 0x00, 0x00, 0x00, 0x00, 0x00, 
	0x00, 0x00, 0x00, 0x00, 0x00, 0x00, 0x00, 0x00, 0x00, 0x00, 0x00, 0x00, 0x00, 0x00, 0x00, 0x00, 
	0x00, 0x00, 0x00, 0x00, 0x00, 0x00, 0x00, 0x00, 0x00, 0x00, 0x00, 0x00, 0x00, 0x00, 0x00, 0x00, 
	0x00, 0x00, 0x00, 0x00, 0x00, 0x00, 0x00, 0x00, 0x00, 0x00, 0x00, 0x00, 0x00, 0x00, 0x00, 0x00, 
	0x00, 0x00, 0x00, 0x00, 0x00, 0x00, 0x00, 0x00, 0x00, 0x00, 0x00, 0x00, 0x00, 0x00, 0x00, 0x00, 
	0x00, 0x00, 0x00, 0x00, 0x00, 0x00, 0x00, 0x00, 0x00, 0x00, 0x00, 0x00, 0x00, 0x00, 0x00, 0x00, 
	0x00, 0x00, 0x00, 0x00, 0x00, 0x00, 0x00, 0x00, 0x00, 0x00, 0x00, 0x00, 0x00, 0x00, 0x00, 0x00, 
	0x00, 0x00, 0x00, 0x00, 0x00, 0x00, 0x00, 0x00, 0x00, 0x00, 0x00, 0x00, 0x00, 0x00, 0x00, 0x00, 
	0x00, 0x00, 0x00, 0x00, 0x00, 0x00, 0x00, 0x00, 0x00, 0x00, 0x00, 0x00, 0x00, 0x00, 0x00, 0x00, 
	0x00, 0x00, 0x00, 0x00, 0x00, 0x00, 0x00, 0x00, 0x00, 0x00, 0x00, 0x00, 0x00, 0x00, 0x00, 0x00, 
	0x00, 0x00, 0x00, 0x00, 0x00, 0x00, 0x00, 0x00, 0x00, 0x00, 0x00, 0x00, 0x00, 0x00, 0x00, 0x00, 
	0x00, 0x00, 0x00, 0x00, 0x00, 0x00, 0x00, 0x00, 0x00, 0x00, 0x00, 0x00, 0x00, 0x00, 0x00, 0x00, 
	0x00, 0x00, 0x00, 0x00, 0x00, 0x00, 0x00, 0x00, 0x00, 0x00, 0x00, 0x00, 0x00, 0x00, 0x00, 0x00, 
	0x00, 0x00, 0x00, 0x00, 0x00, 0x00, 0x00, 0x00, 0x00, 0x00, 0x00, 0x00, 0x00, 0x00, 0x00, 0x00, 
	0x00, 0x00, 0x00, 0x00, 0x00, 0x00, 0x00, 0x00, 0x00, 0x00, 0x00, 0x00, 0x00, 0x00, 0x00, 0x00, 
	0x00, 0x00, 0x00, 0x00, 0x00, 0x00, 0x00, 0x00, 0x00, 0x00, 0x00, 0x00, 0x00, 0x00, 0x00, 0x00, 
	0x00, 0x00, 0x00, 0x00, 0x00, 0x00, 0x00, 0x00, 0x00, 0x00, 0x00, 0x00, 0x00, 0x00, 0x00, 0x00, 
	0x00, 0x00, 0x00, 0x00, 0x00, 0x00, 0x00, 0x00, 0x00, 0x00, 0x00, 0x00, 0x00, 0x00, 0x00, 0x00, 
	0x00, 0x00, 0x00, 0x00, 0x00, 0x00, 0x00, 0x00, 0x00, 0x00, 0x00, 0x00, 0x00, 0x00, 0x00, 0x00, 
	0x00, 0x00, 0x00, 0x00, 0x00, 0x00, 0x00, 0x00, 0x00, 0x00, 0x00, 0x00, 0x00, 0x00, 0x00, 0x00, 
	0x00, 0x00, 0x00, 0x00, 0x00, 0x00, 0x00, 0x00, 0x00, 0x00, 0x00, 0x00, 0x00, 0x00, 0x00, 0x00, 
	0x00, 0x00, 0x00, 0x00, 0x00, 0x00, 0x00, 0x00, 0x00, 0x00, 0x00, 0x00, 0x00, 0x00, 0x00, 0x00, 
	0x00, 0x00, 0x00, 0x00, 0x00, 0x00, 0x00, 0x00, 0x00, 0x00, 0x00, 0x00, 0x00, 0x00, 0x00, 0x00, 
	0x00, 0x00, 0x00, 0x00, 0x00, 0x00, 0x00, 0x00, 0x00, 0x00, 0x00, 0x00, 0x00, 0x00, 0x00, 0x00, 
	0x00, 0x00, 0x00, 0x00, 0x00, 0x00, 0x00, 0x00, 0x00, 0x00, 0x00, 0x00, 0x00, 0x00, 0x00, 0x00, 
	0x00, 0x00, 0x00, 0x00, 0x00, 0x00, 0x00, 0x00, 0x00, 0x00, 0x00, 0x00, 0x00, 0x00, 0x00, 0x00, 
	0x00, 0x00, 0x00, 0x00, 0x00, 0x00, 0x00, 0x00, 0x00, 0x00, 0x00, 0x00, 0x00, 0x00, 0x00, 0x00, 
	0x00, 0x00, 0x00, 0x00, 0x00, 0x00, 0x00, 0x00, 0x00, 0x00, 0x00, 0x00, 0x00, 0x00, 0x00, 0x00, 
	0x00, 0x00, 0x00, 0x00, 0x00, 0x00, 0x00, 0x00, 0x00, 0x00, 0x00, 0x00, 0x00, 0x00, 0x00, 0x00, 
	0x00, 0x00, 0x00, 0x00, 0x00, 0x00, 0x00, 0x00, 0x00, 0x00, 0x00, 0x00, 0x00, 0x00, 0x00, 0x00, 
	0x00, 0x00, 0x00, 0x00, 0x00, 0x00, 0x00, 0x00, 0x00, 0x00, 0x00, 0x00, 0x00, 0x00, 0x00, 0x00, 
	0x00, 0x00, 0x00, 0x00, 0x00, 0x00, 0x00, 0x00, 0x00, 0x00, 0x00, 0x00, 0x00, 0x00, 0x00, 0x00, 
	0x00, 0x00, 0x00, 0x00, 0x00, 0x00, 0x00, 0x00, 0x00, 0x00, 0x00, 0x00, 0x00, 0x00, 0x00, 0x00, 
	0x00, 0x00, 0x00, 0x00, 0x00, 0x00, 0x00, 0x00, 0x00, 0x00, 0x00, 0x00, 0x00, 0x00, 0x00, 0x00, 
	0x00, 0x00, 0x00, 0x00, 0x00, 0x00, 0x00, 0x00, 0x00, 0x00, 0x00, 0x00, 0x00, 0x00, 0x00, 0x00, 
	0x00, 0x00, 0x00, 0x00, 0x00, 0x00, 0x00, 0x00, 0x00, 0x00, 0x00, 0x00, 0x00, 0x00, 0x00, 0x00, 
	0x00, 0x00, 0x00, 0x00, 0x00, 0x00, 0x00, 0x00, 0x00, 0x00, 0x00, 0x00, 0x00, 0x00, 0x00, 0x00, 
	0x00, 0x00, 0x00, 0x00, 0x00, 0x00, 0x00, 0x00, 0x00, 0x00, 0x00, 0x00, 0x00, 0x00, 0x00, 0x00, 
	0x00, 0x00, 0x00, 0x00, 0x00, 0x00, 0x00, 0x00, 0x00, 0x00, 0x00, 0x00, 0x00, 0x00, 0x00, 0x00, 
	0x00, 0x00, 0x00, 0x00, 0x00, 0x00, 0x00, 0x00, 0x00, 0x00, 0x00, 0x00, 0x00, 0x00, 0x00, 0x00, 
	0x00, 0x00, 0x00, 0x00, 0x00, 0x00, 0x00, 0x00, 0x00, 0x00, 0x00, 0x00, 0x00, 0x00, 0x00, 0x00, 
	0x00, 0x00, 0x00, 0x00, 0x00, 0x00, 0x00, 0x00, 0x00, 0x00, 0x00, 0x00, 0x00, 0x00, 0x00, 0x00, 
	0x00, 0x00, 0x00, 0x00, 0x00, 0x00, 0x00, 0x00, 0x00, 0x00, 0x00, 0x00, 0x00, 0x00, 0x00, 0x00, 
	0x00, 0x00, 0x00, 0x00, 0x00, 0x00, 0x00, 0x00, 0x00, 0x00, 0x00, 0x00, 0x00, 0x00, 0x00, 0x00, 
	0x00, 0x00, 0x00, 0x00, 0x00, 0x00, 0x00, 0x00, 0x00, 0x00, 0x00, 0x00, 0x00, 0x00, 0x00, 0x00, 
	0x00, 0x00, 0x00, 0x00, 0x00, 0x00, 0x00, 0x00, 0x00, 0x00, 0x00, 0x00, 0x00, 0x00, 0x00, 0x00, 
	0x00, 0x00, 0x00, 0x00, 0x00, 0x00, 0x00, 0x00, 0x00, 0x00, 0x00, 0x00, 0x00, 0x00, 0x00, 0x00, 
	0x00, 0x00, 0x00, 0x00, 0x00, 0x00, 0x00, 0x00, 0x00, 0x00, 0x00, 0x00, 0x00, 0x00, 0x00, 0x00, 
	0x00, 0x00, 0x00, 0x00, 0x00, 0x00, 0x00, 0x00, 0x00, 0x00, 0x00, 0x00, 0x00, 0x00, 0x00, 0x00, 
	0x00, 0x00, 0x00, 0x00, 0x00, 0x00, 0x00, 0x00, 0x00, 0x00, 0x00, 0x00, 0x00, 0x00, 0x00, 0x00, 
	0x00, 0x00, 0x00, 0x00, 
};
