/* Do not modify, auto generated with guipic.exe! */

#include "../include.h"

const u8 TilesImg[32840] __attribute__ ((aligned(4))) = {
	200,1,
	24,0,
	88,5,
	CF_B8G8R8,
	24,
	0x00,0x00,0x00,0x00,0x00,0x00,0x00,0x00,0x00,0x00,0x00,0x00,0x00,0x00,0x00,0x00,
	0x00,0x00,0x00,0x00,0x00,0x00,0x00,0x00,0x00,0x00,0x00,0x00,0x00,0x00,0x00,0x00,
	0x00,0x00,0x00,0x00,0x00,0x00,0x00,0x00,0x00,0x00,0x00,0x00,0x00,0x00,0x00,0x00,
	0x00,0x00,0x00,0x00,0x00,0x00,0x00,0x00,0x00,0x00,0x00,0x00,0x00,0x00,0x00,0x00,
	0x00,0x00,0x00,0x00,0x00,0x00,0x00,0x00,0xff,0xff,0x6b,0xff,0xff,0x6b,0xff,0xff,
	0x6b,0xff,0xff,0x6b,0xff,0xff,0x6b,0xff,0xff,0x6b,0xff,0xff,0x6b,0xff,0xff,0x6b,
	0xff,0xff,0x6b,0xff,0xff,0x6b,0xff,0xff,0x6b,0xff,0xff,0x6b,0xff,0xff,0x6b,0xff,
	0xff,0x6b,0xff,0xff,0x6b,0xff,0xff,0x6b,0xff,0xff,0x6b,0xff,0xff,0x6b,0xff,0xff,
	0x6b,0xff,0xff,0x6b,0xff,0xff,0x6b,0xff,0xff,0x6b,0xff,0xff,0x6b,0xdf,0xdf,0x00,
	0xff,0xff,0xff,0xff,0xff,0xff,0xff,0xff,0xff,0xff,0xff,0xff,0xff,0xff,0xff,0xff,
	0xff,0xff,0xff,0xff,0xff,0xff,0xff,0xff,0xff,0xff,0xff,0xff,0xff,0xff,0xff,0xff,
	0xff,0xff,0xff,0xff,0xff,0xff,0xff,0xff,0xff,0xff,0xff,0xff,0xff,0xff,0xff,0xff,
	0xff,0xff,0xff,0xff,0xff,0xff,0xff,0xff,0xff,0xff,0xff,0xff,0xff,0xff,0xff,0xff,
	0xff,0xff,0xff,0xff,0xff,0xdd,0xdd,0xea,0x46,0xbe,0xff,0x46,0xbe,0xff,0x46,0xbe,
	0xff,0x46,0xbe,0xff,0x46,0xbe,0xff,0x46,0xbe,0xff,0x46,0xbe,0xff,0x46,0xbe,0xff,
	0x46,0xbe,0xff,0x46,0xbe,0xff,0x46,0xbe,0xff,0x46,0xbe,0xff,0x46,0xbe,0xff,0x46,
	0xbe,0xff,0x46,0xbe,0xff,0x46,0xbe,0xff,0x46,0xbe,0xff,0x46,0xbe,0xff,0x46,0xbe,
	0xff,0x46,0xbe,0xff,0x46,0xbe,0xff,0x46,0xbe,0xff,0x46,0xbe,0xff,0x01,0xa2,0xf9,
	0xf8,0x66,0x66,0xf8,0x66,0x66,0xf8,0x66,0x66,0xf8,0x66,0x66,0xf8,0x66,0x66,0xf8,
	0x66,0x66,0xf8,0x66,0x66,0xf8,0x66,0x66,0xf8,0x66,0x66,0xf8,0x66,0x66,0xf8,0x66,
	0x66,0xf8,0x66,0x66,0xf8,0x66,0x66,0xf8,0x66,0x66,0xf8,0x66,0x66,0xf8,0x66,0x66,
	0xf8,0x66,0x66,0xf8,0x66,0x66,0xf8,0x66,0x66,0xf8,0x66,0x66,0xf8,0x66,0x66,0xf8,
	0x66,0x66,0xf8,0x66,0x66,0xf1,0x32,0x32,0xa7,0x6d,0xfd,0xa7,0x6d,0xfd,0xa7,0x6d,
	0xfd,0xa7,0x6d,0xfd,0xa7,0x6d,0xfd,0xa7,0x6d,0xfd,0xa7,0x6d,0xfd,0xa7,0x6d,0xfd,
	0xa7,0x6d,0xfd,0xa7,0x6d,0xfd,0xa7,0x6d,0xfd,0xa7,0x6d,0xfd,0xa7,0x6d,0xfd,0xa7,
	0x6d,0xfd,0xa7,0x6d,0xfd,0xa7,0x6d,0xfd,0xa7,0x6d,0xfd,0xa7,0x6d,0xfd,0xa7,0x6d,
	0xfd,0xa7,0x6d,0xfd,0xa7,0x6d,0xfd,0xa7,0x6d,0xfd,0xa7,0x6d,0xfd,0x83,0x00,0xfd,
	0x9d,0xf9,0x85,0x9d,0xf9,0x85,0x9d,0xf9,0x85,0x9d,0xf9,0x85,0x9d,0xf9,0x85,0x9d,
	0xf9,0x85,0x9d,0xf9,0x85,0x9d,0xf9,0x85,0x9d,0xf9,0x85,0x9d,0xf9,0x85,0x9d,0xf9,
	0x85,0x9d,0xf9,0x85,0x9d,0xf9,0x85,0x9d,0xf9,0x85,0x9d,0xf9,0x85,0x9d,0xf9,0x85,
	0x9d,0xf9,0x85,0x9d,0xf9,0x85,0x9d,0xf9,0x85,0x9d,0xf9,0x85,0x9d,0xf9,0x85,0x9d,
	0xf9,0x85,0x9d,0xf9,0x85,0x45,0xe4,0x1a,0xff,0x9d,0x46,0xff,0x9d,0x46,0xff,0x9d,
	0x46,0xff,0x9d,0x46,0xff,0x9d,0x46,0xff,0x9d,0x46,0xff,0x9d,0x46,0xff,0x9d,0x46,
	0xff,0x9d,0x46,0xff,0x9d,0x46,0xff,0x9d,0x46,0xff,0x9d,0x46,0xff,0x9d,0x46,0xff,
	0x9d,0x46,0xff,0x9d,0x46,0xff,0x9d,0x46,0xff,0x9d,0x46,0xff,0x9d,0x46,0xff,0x9d,
	0x46,0xff,0x9d,0x46,0xff,0x9d,0x46,0xff,0x9d,0x46,0xff,0x9d,0x46,0xbb,0x58,0x00,
	0x00,0x00,0x40,0x00,0x00,0x40,0x00,0x00,0x40,0x00,0x00,0x40,0x00,0x00,0x40,0x00,
	0x00,0x40,0x00,0x00,0x40,0x00,0x00,0x40,0x00,0x00,0x40,0x00,0x00,0x40,0x00,0x00,
	0x40,0x00,0x00,0x40,0x00,0x00,0x40,0x00,0x00,0x40,0x00,0x00,0x40,0x00,0x00,0x40,
	0x00,0x00,0x40,0x00,0x00,0x40,0x00,0x00,0x40,0x00,0x00,0x40,0x00,0x00,0x40,0x00,
	0x00,0x40,0x00,0x00,0x40,0x00,0x00,0x40,0xf7,0xdc,0x6f,0xf7,0xdc,0x6f,0xf7,0xdc,
	0x6f,0xf7,0xdc,0x6f,0xf7,0xdc,0x6f,0xf7,0xdc,0x6f,0xf7,0xdc,0x6f,0xf7,0xdc,0x6f,
	0xf7,0xdc,0x6f,0xf7,0xdc,0x6f,0xf7,0xdc,0x6f,0xf7,0xdc,0x6f,0xf7,0xdc,0x6f,0xf7,
	0xdc,0x6f,0xf7,0xdc,0x6f,0xf7,0xdc,0x6f,0xf7,0xdc,0x6f,0xf7,0xdc,0x6f,0xf7,0xdc,
	0x6f,0xf7,0xdc,0x6f,0xf7,0xdc,0x6f,0xf7,0xdc,0x6f,0xf7,0xdc,0x6f,0xf7,0xdc,0x6f,
	0xf7,0xdc,0x6f,0xf7,0xdc,0x6f,0xf7,0xdc,0x6f,0xf7,0xdc,0x6f,0xf7,0xdc,0x6f,0xf7,
	0xdc,0x6f,0xf7,0xdc,0x6f,0xf7,0xdc,0x6f,0xf7,0xdc,0x6f,0xf7,0xdc,0x6f,0xf7,0xdc,
	0x6f,0xf7,0xdc,0x6f,0xf7,0xdc,0x6f,0xf7,0xdc,0x6f,0xf7,0xdc,0x6f,0xf7,0xdc,0x6f,
	0xf7,0xdc,0x6f,0xf7,0xdc,0x6f,0xf7,0xdc,0x6f,0xf7,0xdc,0x6f,0xf7,0xdc,0x6f,0xf7,
	0xdc,0x6f,0xf7,0xdc,0x6f,0xf7,0xdc,0x6f,0xf7,0xdc,0x6f,0xf7,0xdc,0x6f,0xf7,0xdc,
	0x6f,0xf7,0xdc,0x6f,0xf7,0xdc,0x6f,0xf7,0xdc,0x6f,0xf7,0xdc,0x6f,0xf7,0xdc,0x6f,
	0xf7,0xdc,0x6f,0xf7,0xdc,0x6f,0xf7,0xdc,0x6f,0xf7,0xdc,0x6f,0xf7,0xdc,0x6f,0xf7,
	0xdc,0x6f,0xf7,0xdc,0x6f,0xf7,0xdc,0x6f,0xf7,0xdc,0x6f,0xf7,0xdc,0x6f,0xf7,0xdc,
	0x6f,0xf7,0xdc,0x6f,0xf7,0xdc,0x6f,0xf7,0xdc,0x6f,0xf7,0xdc,0x6f,0xf7,0xdc,0x6f,
	0xf7,0xdc,0x6f,0xf7,0xdc,0x6f,0xf7,0xdc,0x6f,0xf7,0xdc,0x6f,0xf7,0xdc,0x6f,0xf7,
	0xdc,0x6f,0xf7,0xdc,0x6f,0xf7,0xdc,0x6f,0xf7,0xdc,0x6f,0xf7,0xdc,0x6f,0xf7,0xdc,
	0x6f,0xf7,0xdc,0x6f,0xf7,0xdc,0x6f,0xf7,0xdc,0x6f,0xf7,0xdc,0x6f,0xf7,0xdc,0x6f,
	0xf7,0xdc,0x6f,0xf7,0xdc,0x6f,0xf7,0xdc,0x6f,0xf7,0xdc,0x6f,0xf7,0xdc,0x6f,0xf7,
	0xdc,0x6f,0xf7,0xdc,0x6f,0xf7,0xdc,0x6f,0xf7,0xdc,0x6f,0xf7,0xdc,0x6f,0xf7,0xdc,
	0x6f,0xf7,0xdc,0x6f,0xf7,0xdc,0x6f,0xf7,0xdc,0x6f,0xf7,0xdc,0x6f,0xf7,0xdc,0x6f,
	0xf7,0xdc,0x6f,0xf7,0xdc,0x6f,0xf7,0xdc,0x6f,0xf7,0xdc,0x6f,0x90,0x6d,0x5a,0xae,
	0x88,0x74,0x99,0x7b,0x6b,0x7b,0x59,0x47,0x8c,0x66,0x51,0xa0,0x82,0x72,0x94,0x89,
	0x83,0x75,0x6b,0x66,0x96,0x74,0x61,0xa8,0x7d,0x67,0xd7,0xb4,0x9f,0xb5,0xa7,0x9c,
	0x8c,0x72,0x62,0x99,0x74,0x60,0x90,0x73,0x63,0x91,0x6e,0x5c,0x83,0x61,0x4e,0x73,
	0x59,0x4b,0x7b,0x61,0x52,0xbc,0x98,0x84,0x9e,0x84,0x75,0x81,0x61,0x4f,0x89,0x73,
	0x66,0x8b,0x70,0x61,0xf7,0xdc,0x6f,0xf7,0xdc,0x6f,0xf7,0xdc,0x6f,0xf7,0xdc,0x6f,
	0xf7,0xdc,0x6f,0xf7,0xdc,0x6f,0xf7,0xdc,0x6f,0xf7,0xdc,0x6f,0xf7,0xdc,0x6f,0xf7,
	0xdc,0x6f,0xf7,0xdc,0x6f,0xf7,0xdc,0x6f,0xf7,0xdc,0x6f,0xf7,0xdc,0x6f,0xf7,0xdc,
	0x6f,0xf7,0xdc,0x6f,0xf7,0xdc,0x6f,0xf7,0xdc,0x6f,0xf7,0xdc,0x6f,0xf7,0xdc,0x6f,
	0xf7,0xdc,0x6f,0xf7,0xdc,0x6f,0xf7,0xdc,0x6f,0xf7,0xdc,0x6f,0x90,0x6d,0x5a,0xae,
	0x88,0x74,0x99,0x7b,0x6b,0x7b,0x59,0x47,0x8c,0x66,0x51,0xa0,0x82,0x72,0x94,0x89,
	0x83,0x75,0x6b,0x66,0x96,0x74,0x61,0xa8,0x7d,0x67,0xd7,0xb4,0x9f,0xb5,0xa7,0x9c,
	0x8c,0x72,0x62,0x99,0x74,0x60,0x90,0x73,0x63,0x91,0x6e,0x5c,0x83,0x61,0x4e,0x73,
	0x59,0x4b,0x7b,0x61,0x52,0xbc,0x98,0x84,0x9e,0x84,0x75,0x81,0x61,0x4f,0x89,0x73,
	0x66,0x8b,0x70,0x61,0x90,0x6d,0x5a,0xae,0x88,0x74,0x99,0x7b,0x6b,0x7b,0x59,0x47,
	0x8c,0x66,0x51,0xa0,0x82,0x72,0x94,0x89,0x83,0x75,0x6b,0x66,0x96,0x74,0x61,0xa8,
	0x7d,0x67,0xd7,0xb4,0x9f,0xb5,0xa7,0x9c,0x8c,0x72,0x62,0x99,0x74,0x60,0x90,0x73,
	0x63,0x91,0x6e,0x5c,0x83,0x61,0x4e,0x73,0x59,0x4b,0x7b,0x61,0x52,0xbc,0x98,0x84,
	0x9e,0x84,0x75,0x81,0x61,0x4f,0x89,0x73,0x66,0x8b,0x70,0x61,0xf7,0xdc,0x6f,0xf7,
	0xdc,0x6f,0xf7,0xdc,0x6f,0xf7,0xdc,0x6f,0xf7,0xdc,0x6f,0xf7,0xdc,0x6f,0xf7,0xdc,
	0x6f,0xf7,0xdc,0x6f,0xf7,0xdc,0x6f,0xf7,0xdc,0x6f,0xf7,0xdc,0x6f,0xf7,0xdc,0x6f,
	0x8c,0x72,0x62,0x99,0x74,0x60,0x90,0x73,0x63,0x91,0x6e,0x5c,0x83,0x61,0x4e,0x73,
	0x59,0x4b,0x7b,0x61,0x52,0xbc,0x98,0x84,0x9e,0x84,0x75,0x81,0x61,0x4f,0x89,0x73,
	0x66,0x8b,0x70,0x61,0x90,0x6d,0x5a,0xae,0x88,0x74,0x99,0x7b,0x6b,0x7b,0x59,0x47,
	0x8c,0x66,0x51,0xa0,0x82,0x72,0x94,0x89,0x83,0x75,0x6b,0x66,0x96,0x74,0x61,0xa8,
	0x7d,0x67,0xd7,0xb4,0x9f,0xb5,0xa7,0x9c,0x00,0x00,0x00,0x00,0x00,0x00,0x00,0x00,
	0x00,0x00,0x00,0x00,0x00,0x00,0x00,0x00,0x00,0x00,0x00,0x00,0x00,0x00,0x00,0x00,
	0x00,0x00,0x00,0x00,0x00,0x00,0x00,0x00,0x00,0x00,0x00,0x00,0x00,0x00,0x00,0x00,
	0x00,0x00,0x00,0x00,0x00,0x00,0x00,0x00,0x00,0x00,0x00,0x00,0x00,0x00,0x00,0x00,
	0x00,0x00,0x00,0x00,0x00,0x00,0x00,0x00,0x00,0x00,0x00,0x00,0x00,0x00,0x00,0x00,
	0xff,0xff,0x6b,0xdf,0xdf,0x00,0xdf,0xdf,0x00,0xdf,0xdf,0x00,0xdf,0xdf,0x00,0xdf,
	0xdf,0x00,0xdf,0xdf,0x00,0xdf,0xdf,0x00,0xdf,0xdf,0x00,0xdf,0xdf,0x00,0xdf,0xdf,
	0x00,0xdf,0xdf,0x00,0xdf,0xdf,0x00,0xdf,0xdf,0x00,0xdf,0xdf,0x00,0xdf,0xdf,0x00,
	0xdf,0xdf,0x00,0xdf,0xdf,0x00,0xdf,0xdf,0x00,0xdf,0xdf,0x00,0xdf,0xdf,0x00,0xdf,
	0xdf,0x00,0xdf,0xdf,0x00,0xa4,0x97,0x00,0xff,0xff,0xff,0xdd,0xdd,0xea,0xdd,0xdd,
	0xea,0xdd,0xdd,0xea,0xdd,0xdd,0xea,0xdd,0xdd,0xea,0xdd,0xdd,0xea,0xdd,0xdd,0xea,
	0xdd,0xdd,0xea,0xdd,0xdd,0xea,0xdd,0xdd,0xea,0xdd,0xdd,0xea,0xdd,0xdd,0xea,0xdd,
	0xdd,0xea,0xdd,0xdd,0xea,0xdd,0xdd,0xea,0xdd,0xdd,0xea,0xdd,0xdd,0xea,0xdd,0xdd,
	0xea,0xdd,0xdd,0xea,0xdd,0xdd,0xea,0xdd,0xdd,0xea,0xdd,0xdd,0xea,0xa0,0xa0,0xa0,
	0x46,0xbe,0xff,0x01,0xa2,0xf9,0x01,0xa2,0xf9,0x01,0xa2,0xf9,0x01,0xa2,0xf9,0x01,
	0xa2,0xf9,0x01,0xa2,0xf9,0x01,0xa2,0xf9,0x01,0xa2,0xf9,0x01,0xa2,0xf9,0x01,0xa2,
	0xf9,0x01,0xa2,0xf9,0x01,0xa2,0xf9,0x01,0xa2,0xf9,0x01,0xa2,0xf9,0x01,0xa2,0xf9,
	0x01,0xa2,0xf9,0x01,0xa2,0xf9,0x01,0xa2,0xf9,0x01,0xa2,0xf9,0x01,0xa2,0xf9,0x01,
	0xa2,0xf9,0x01,0xa2,0xf9,0x02,0x82,0xc7,0xf8,0x66,0x66,0xf1,0x32,0x32,0xf1,0x32,
	0x32,0xf1,0x32,0x32,0xf1,0x32,0x32,0xf1,0x32,0x32,0xf1,0x32,0x32,0xf1,0x32,0x32,
	0xf1,0x32,0x32,0xf1,0x32,0x32,0xf1,0x32,0x32,0xf1,0x32,0x32,0xf1,0x32,0x32,0xf1,
	0x32,0x32,0xf1,0x32,0x32,0xf1,0x32,0x32,0xf1,0x32,0x32,0xf1,0x32,0x32,0xf1,0x32,
	0x32,0xf1,0x32,0x32,0xf1,0x32,0x32,0xf1,0x32,0x32,0xf1,0x32,0x32,0xcc,0x00,0x00,
	0xa7,0x6d,0xfd,0x83,0x00,0xfd,0x83,0x00,0xfd,0x83,0x00,0xfd,0x83,0x00,0xfd,0x83,
	0x00,0xfd,0x83,0x00,0xfd,0x83,0x00,0xfd,0x83,0x00,0xfd,0x83,0x00,0xfd,0x83,0x00,
	0xfd,0x83,0x00,0xfd,0x83,0x00,0xfd,0x83,0x00,0xfd,0x83,0x00,0xfd,0x83,0x00,0xfd,
	0x83,0x00,0xfd,0x83,0x00,0xfd,0x83,0x00,0xfd,0x83,0x00,0xfd,0x83,0x00,0xfd,0x83,
	0x00,0xfd,0x83,0x00,0xfd,0x3a,0x02,0x8f,0x9d,0xf9,0x85,0x45,0xe4,0x1a,0x45,0xe4,
	0x1a,0x45,0xe4,0x1a,0x45,0xe4,0x1a,0x45,0xe4,0x1a,0x45,0xe4,0x1a,0x45,0xe4,0x1a,
	0x45,0xe4,0x1a,0x45,0xe4,0x1a,0x45,0xe4,0x1a,0x45,0xe4,0x1a,0x45,0xe4,0x1a,0x45,
	0xe4,0x1a,0x45,0xe4,0x1a,0x45,0xe4,0x1a,0x45,0xe4,0x1a,0x45,0xe4,0x1a,0x45,0xe4,
	0x1a,0x45,0xe4,0x1a,0x45,0xe4,0x1a,0x45,0xe4,0x1a,0x45,0xe4,0x1a,0x1d,0x86,0x01,
	0xff,0x9d,0x46,0xbb,0x58,0x00,0xbb,0x58,0x00,0xbb,0x58,0x00,0xbb,0x58,0x00,0xbb,
	0x58,0x00,0xbb,0x58,0x00,0xbb,0x58,0x00,0xbb,0x58,0x00,0xbb,0x58,0x00,0xbb,0x58,
	0x00,0xbb,0x58,0x00,0xbb,0x58,0x00,0xbb,0x58,0x00,0xbb,0x58,0x00,0xbb,0x58,0x00,
	0xbb,0x58,0x00,0xbb,0x58,0x00,0xbb,0x58,0x00,0xbb,0x58,0x00,0xbb,0x58,0x00,0xbb,
	0x58,0x00,0xbb,0x58,0x00,0x84,0x3e,0x00,0x00,0x00,0x40,0x00,0x00,0x40,0x00,0x00,
	0x40,0x00,0x00,0x40,0x00,0x00,0x40,0x00,0x00,0x40,0x00,0x00,0x40,0x00,0x00,0x40,
	0x00,0x00,0x40,0x00,0x00,0x40,0x00,0x00,0x40,0x00,0x00,0x40,0x00,0x00,0x40,0x00,
	0x00,0x40,0x00,0x00,0x40,0x00,0x00,0x40,0x00,0x00,0x40,0x00,0x00,0x40,0x00,0x00,
	0x40,0x00,0x00,0x40,0x00,0x00,0x40,0x00,0x00,0x40,0x00,0x00,0x40,0x00,0x00,0x40,
	0xf7,0xdc,0x6f,0xf8,0x8b,0x3b,0xf8,0x8b,0x3b,0xf8,0x8b,0x3b,0xf8,0x8b,0x3b,0xf8,
	0x8b,0x3b,0xf8,0x8b,0x3b,0xf8,0x8b,0x3b,0xf8,0x8b,0x3b,0xf8,0x8b,0x3b,0xf8,0x8b,
	0x3b,0xf8,0x8b,0x3b,0xf8,0x8b,0x3b,0xf8,0x8b,0x3b,0xf8,0x8b,0x3b,0xf8,0x8b,0x3b,
	0xf8,0x8b,0x3b,0xf8,0x8b,0x3b,0xf8,0x8b,0x3b,0xf8,0x8b,0x3b,0xf8,0x8b,0x3b,0xf8,
	0x8b,0x3b,0xf8,0x8b,0x3b,0xf7,0xdc,0x6f,0xf7,0xdc,0x6f,0xf8,0x8b,0x3b,0xf8,0x8b,
	0x3b,0xf8,0x8b,0x3b,0xf8,0x8b,0x3b,0xf8,0x8b,0x3b,0xf8,0x8b,0x3b,0xf8,0x8b,0x3b,
	0xf8,0x8b,0x3b,0xf8,0x8b,0x3b,0xf8,0x8b,0x3b,0xf8,0x8b,0x3b,0xf8,0x8b,0x3b,0xf8,
	0x8b,0x3b,0xf8,0x8b,0x3b,0xf8,0x8b,0x3b,0xf8,0x8b,0x3b,0xf8,0x8b,0x3b,0xf8,0x8b,
	0x3b,0xf8,0x8b,0x3b,0xf8,0x8b,0x3b,0xf8,0x8b,0x3b,0xf8,0x8b,0x3b,0xf7,0xdc,0x6f,
	0xf7,0xdc,0x6f,0xf8,0x8b,0x3b,0xf8,0x8b,0x3b,0xf8,0x8b,0x3b,0xf8,0x8b,0x3b,0xf8,
	0x8b,0x3b,0xf8,0x8b,0x3b,0xf8,0x8b,0x3b,0xf8,0x8b,0x3b,0xf8,0x8b,0x3b,0xf8,0x8b,
	0x3b,0xf8,0x8b,0x3b,0xf8,0x8b,0x3b,0xf8,0x8b,0x3b,0xf8,0x8b,0x3b,0xf8,0x8b,0x3b,
	0xf8,0x8b,0x3b,0xf8,0x8b,0x3b,0xf8,0x8b,0x3b,0xf8,0x8b,0x3b,0xf8,0x8b,0x3b,0xf8,
	0x8b,0x3b,0xf8,0x8b,0x3b,0xf7,0xdc,0x6f,0xf7,0xdc,0x6f,0xf8,0x8b,0x3b,0xf8,0x8b,
	0x3b,0xf8,0x8b,0x3b,0xf8,0x8b,0x3b,0xf8,0x8b,0x3b,0xf8,0x8b,0x3b,0xf8,0x8b,0x3b,
	0xf8,0x8b,0x3b,0xf8,0x8b,0x3b,0xf8,0x8b,0x3b,0xf8,0x8b,0x3b,0xf8,0x8b,0x3b,0xf8,
	0x8b,0x3b,0xf8,0x8b,0x3b,0xf8,0x8b,0x3b,0xf8,0x8b,0x3b,0xf8,0x8b,0x3b,0xf8,0x8b,
	0x3b,0xf8,0x8b,0x3b,0xf8,0x8b,0x3b,0xf8,0x8b,0x3b,0xf8,0x8b,0x3b,0xf7,0xdc,0x6f,
	0xf7,0xdc,0x6f,0xf8,0x8b,0x3b,0xf8,0x8b,0x3b,0xf8,0x8b,0x3b,0xf8,0x8b,0x3b,0xf8,
	0x8b,0x3b,0xf8,0x8b,0x3b,0xf8,0x8b,0x3b,0xf8,0x8b,0x3b,0xf8,0x8b,0x3b,0xf8,0x8b,
	0x3b,0xf8,0x8b,0x3b,0xae,0x87,0x72,0xc7,0xa6,0x94,0x98,0x84,0x7a,0x7d,0x64,0x58,
	0xab,0x83,0x6e,0xb5,0x94,0x80,0x93,0x6f,0x5c,0xa7,0x83,0x70,0x86,0x6a,0x5b,0x94,
	0x75,0x64,0x8c,0x6e,0x5e,0x85,0x6f,0x63,0x94,0x85,0x7c,0x88,0x74,0x69,0xb4,0x89,
	0x72,0xda,0xb3,0x9e,0xc2,0x9e,0x8a,0xbf,0x99,0x81,0xa3,0x7c,0x66,0x7a,0x5e,0x4f,
	0x84,0x6a,0x5b,0xa3,0x82,0x70,0xa5,0x80,0x6c,0x9d,0x7d,0x6b,0xf8,0x8b,0x3b,0xf8,
	0x8b,0x3b,0xf8,0x8b,0x3b,0xf8,0x8b,0x3b,0xf8,0x8b,0x3b,0xf8,0x8b,0x3b,0xf8,0x8b,
	0x3b,0xf8,0x8b,0x3b,0xf8,0x8b,0x3b,0xf8,0x8b,0x3b,0xf8,0x8b,0x3b,0xf7,0xdc,0x6f,
	0xf7,0xdc,0x6f,0xf8,0x8b,0x3b,0xf8,0x8b,0x3b,0xf8,0x8b,0x3b,0xf8,0x8b,0x3b,0xf8,
	0x8b,0x3b,0xf8,0x8b,0x3b,0xf8,0x8b,0x3b,0xf8,0x8b,0x3b,0xf8,0x8b,0x3b,0xf8,0x8b,
	0x3b,0xf8,0x8b,0x3b,0xae,0x87,0x72,0xc7,0xa6,0x94,0x98,0x84,0x7a,0x7d,0x64,0x58,
	0xab,0x83,0x6e,0xb5,0x94,0x80,0x93,0x6f,0x5c,0xa7,0x83,0x70,0x86,0x6a,0x5b,0x94,
	0x75,0x64,0x8c,0x6e,0x5e,0x85,0x6f,0x63,0x94,0x85,0x7c,0x88,0x74,0x69,0xb4,0x89,
	0x72,0xda,0xb3,0x9e,0xc2,0x9e,0x8a,0xbf,0x99,0x81,0xa3,0x7c,0x66,0x7a,0x5e,0x4f,
	0x84,0x6a,0x5b,0xa3,0x82,0x70,0xa5,0x80,0x6c,0x9d,0x7d,0x6b,0xae,0x87,0x72,0xc7,
	0xa6,0x94,0x98,0x84,0x7a,0x7d,0x64,0x58,0xab,0x83,0x6e,0xb5,0x94,0x80,0x93,0x6f,
	0x5c,0xa7,0x83,0x70,0x86,0x6a,0x5b,0x94,0x75,0x64,0x8c,0x6e,0x5e,0x85,0x6f,0x63,
	0x94,0x85,0x7c,0x88,0x74,0x69,0xb4,0x89,0x72,0xda,0xb3,0x9e,0xc2,0x9e,0x8a,0xbf,
	0x99,0x81,0xa3,0x7c,0x66,0x7a,0x5e,0x4f,0x84,0x6a,0x5b,0xa3,0x82,0x70,0xa5,0x80,
	0x6c,0x9d,0x7d,0x6b,0xf8,0x8b,0x3b,0xf8,0x8b,0x3b,0xf8,0x8b,0x3b,0xf8,0x8b,0x3b,
	0xf8,0x8b,0x3b,0xf8,0x8b,0x3b,0xf8,0x8b,0x3b,0xf8,0x8b,0x3b,0xf8,0x8b,0x3b,0xf8,
	0x8b,0x3b,0xf8,0x8b,0x3b,0xf7,0xdc,0x6f,0x94,0x85,0x7c,0x88,0x74,0x69,0xb4,0x89,
	0x72,0xda,0xb3,0x9e,0xc2,0x9e,0x8a,0xbf,0x99,0x81,0xa3,0x7c,0x66,0x7a,0x5e,0x4f,
	0x84,0x6a,0x5b,0xa3,0x82,0x70,0xa5,0x80,0x6c,0x9d,0x7d,0x6b,0xae,0x87,0x72,0xc7,
	0xa6,0x94,0x98,0x84,0x7a,0x7d,0x64,0x58,0xab,0x83,0x6e,0xb5,0x94,0x80,0x93,0x6f,
	0x5c,0xa7,0x83,0x70,0x86,0x6a,0x5b,0x94,0x75,0x64,0x8c,0x6e,0x5e,0x85,0x6f,0x63,
	0x00,0x00,0x00,0x00,0x00,0x00,0x00,0x00,0x00,0x00,0x00,0x00,0x00,0x00,0x00,0x00,
	0x00,0x00,0x00,0x00,0x00,0x00,0x00,0x00,0x00,0x00,0x00,0x00,0x00,0x00,0x00,0x00,
	0x00,0x00,0x00,0x00,0x00,0x00,0x00,0x00,0x00,0x00,0x00,0x00,0x00,0x00,0x00,0x00,
	0x00,0x00,0x00,0x00,0x00,0x00,0x00,0x00,0x00,0x00,0x00,0x00,0x00,0x00,0x00,0x00,
	0x00,0x00,0x00,0x00,0x00,0x00,0x00,0x00,0xff,0xff,0x6b,0xdf,0xdf,0x00,0xdf,0xdf,
	0x00,0xdf,0xdf,0x00,0xdf,0xdf,0x00,0xdf,0xdf,0x00,0xdf,0xdf,0x00,0xdf,0xdf,0x00,
	0xdf,0xdf,0x00,0xdf,0xdf,0x00,0xdf,0xdf,0x00,0xdf,0xdf,0x00,0xdf,0xdf,0x00,0xdf,
	0xdf,0x00,0xdf,0xdf,0x00,0xdf,0xdf,0x00,0xdf,0xdf,0x00,0xdf,0xdf,0x00,0xdf,0xdf,
	0x00,0xdf,0xdf,0x00,0xdf,0xdf,0x00,0xdf,0xdf,0x00,0xdf,0xdf,0x00,0xa4,0x97,0x00,
	0xff,0xff,0xff,0xdd,0xdd,0xea,0xdd,0xdd,0xea,0xdd,0xdd,0xea,0xdd,0xdd,0xea,0xdd,
	0xdd,0xea,0xdd,0xdd,0xea,0xdd,0xdd,0xea,0xdd,0xdd,0xea,0xdd,0xdd,0xea,0xdd,0xdd,
	0xea,0xdd,0xdd,0xea,0xdd,0xdd,0xea,0xdd,0xdd,0xea,0xdd,0xdd,0xea,0xdd,0xdd,0xea,
	0xdd,0xdd,0xea,0xdd,0xdd,0xea,0xdd,0xdd,0xea,0xdd,0xdd,0xea,0xdd,0xdd,0xea,0xdd,
	0xdd,0xea,0xdd,0xdd,0xea,0xa0,0xa0,0xa0,0x46,0xbe,0xff,0x01,0xa2,0xf9,0x01,0xa2,
	0xf9,0x01,0xa2,0xf9,0x01,0xa2,0xf9,0x01,0xa2,0xf9,0x01,0xa2,0xf9,0x01,0xa2,0xf9,
	0x01,0xa2,0xf9,0x01,0xa2,0xf9,0x01,0xa2,0xf9,0x01,0xa2,0xf9,0x01,0xa2,0xf9,0x01,
	0xa2,0xf9,0x01,0xa2,0xf9,0x01,0xa2,0xf9,0x01,0xa2,0xf9,0x01,0xa2,0xf9,0x01,0xa2,
	0xf9,0x01,0xa2,0xf9,0x01,0xa2,0xf9,0x01,0xa2,0xf9,0x01,0xa2,0xf9,0x02,0x82,0xc7,
	0xf8,0x66,0x66,0xf1,0x32,0x32,0xf1,0x32,0x32,0xf1,0x32,0x32,0xf1,0x32,0x32,0xf1,
	0x32,0x32,0xf1,0x32,0x32,0xf1,0x32,0x32,0xf1,0x32,0x32,0xf1,0x32,0x32,0xf1,0x32,
	0x32,0xf1,0x32,0x32,0xf1,0x32,0x32,0xf1,0x32,0x32,0xf1,0x32,0x32,0xf1,0x32,0x32,
	0xf1,0x32,0x32,0xf1,0x32,0x32,0xf1,0x32,0x32,0xf1,0x32,0x32,0xf1,0x32,0x32,0xf1,
	0x32,0x32,0xf1,0x32,0x32,0xcc,0x00,0x00,0xa7,0x6d,0xfd,0x83,0x00,0xfd,0x83,0x00,
	0xfd,0x83,0x00,0xfd,0x83,0x00,0xfd,0x83,0x00,0xfd,0x83,0x00,0xfd,0x83,0x00,0xfd,
	0x83,0x00,0xfd,0x83,0x00,0xfd,0x83,0x00,0xfd,0x83,0x00,0xfd,0x83,0x00,0xfd,0x83,
	0x00,0xfd,0x83,0x00,0xfd,0x83,0x00,0xfd,0x83,0x00,0xfd,0x83,0x00,0xfd,0x83,0x00,
	0xfd,0x83,0x00,0xfd,0x83,0x00,0xfd,0x83,0x00,0xfd,0x83,0x00,0xfd,0x3a,0x02,0x8f,
	0x9d,0xf9,0x85,0x45,0xe4,0x1a,0x45,0xe4,0x1a,0x45,0xe4,0x1a,0x45,0xe4,0x1a,0x45,
	0xe4,0x1a,0x45,0xe4,0x1a,0x45,0xe4,0x1a,0x45,0xe4,0x1a,0x45,0xe4,0x1a,0x45,0xe4,
	0x1a,0x45,0xe4,0x1a,0x45,0xe4,0x1a,0x45,0xe4,0x1a,0x45,0xe4,0x1a,0x45,0xe4,0x1a,
	0x45,0xe4,0x1a,0x45,0xe4,0x1a,0x45,0xe4,0x1a,0x45,0xe4,0x1a,0x45,0xe4,0x1a,0x45,
	0xe4,0x1a,0x45,0xe4,0x1a,0x1d,0x86,0x01,0xff,0x9d,0x46,0xbb,0x58,0x00,0xbb,0x58,
	0x00,0xbb,0x58,0x00,0xbb,0x58,0x00,0xbb,0x58,0x00,0xbb,0x58,0x00,0xbb,0x58,0x00,
	0xbb,0x58,0x00,0xbb,0x58,0x00,0xbb,0x58,0x00,0xbb,0x58,0x00,0xbb,0x58,0x00,0xbb,
	0x58,0x00,0xbb,0x58,0x00,0xbb,0x58,0x00,0xbb,0x58,0x00,0xbb,0x58,0x00,0xbb,0x58,
	0x00,0xbb,0x58,0x00,0xbb,0x58,0x00,0xbb,0x58,0x00,0xbb,0x58,0x00,0x84,0x3e,0x00,
	0x00,0x00,0x40,0x00,0x00,0x40,0x00,0x00,0x40,0x00,0x00,0x40,0x00,0x00,0x40,0x00,
	0x00,0x40,0x00,0x00,0x40,0x00,0x00,0x40,0x00,0x00,0x40,0x00,0x00,0x40,0x00,0x00,
	0x40,0x00,0x00,0x40,0x00,0x00,0x40,0x00,0x00,0x40,0x00,0x00,0x40,0x00,0x00,0x40,
	0x00,0x00,0x40,0x00,0x00,0x40,0x00,0x00,0x40,0x00,0x00,0x40,0x00,0x00,0x40,0x00,
	0x00,0x40,0x00,0x00,0x40,0x00,0x00,0x40,0xf7,0xdc,0x6f,0xf8,0x8b,0x3b,0xc1,0x55,
	0x06,0xc1,0x55,0x06,0xc1,0x55,0x06,0xc1,0x55,0x06,0xc1,0x55,0x06,0xc1,0x55,0x06,
	0xc1,0x55,0x06,0xc1,0x55,0x06,0xc1,0x55,0x06,0xc1,0x55,0x06,0xc1,0x55,0x06,0xc1,
	0x55,0x06,0xc1,0x55,0x06,0xc1,0x55,0x06,0xc1,0x55,0x06,0xc1,0x55,0x06,0xc1,0x55,
	0x06,0xc1,0x55,0x06,0xc1,0x55,0x06,0xc1,0x55,0x06,0xc1,0x55,0x06,0x57,0x25,0x01,
	0xf7,0xdc,0x6f,0xf8,0x8b,0x3b,0xc1,0x55,0x06,0xc1,0x55,0x06,0xc1,0x55,0x06,0xc1,
	0x55,0x06,0xc1,0x55,0x06,0xc1,0x55,0x06,0xc1,0x55,0x06,0xc1,0x55,0x06,0xc1,0x55,
	0x06,0xc1,0x55,0x06,0xc1,0x55,0x06,0xc1,0x55,0x06,0xc1,0x55,0x06,0xc1,0x55,0x06,
	0xc1,0x55,0x06,0xc1,0x55,0x06,0xc1,0x55,0x06,0xc1,0x55,0x06,0xc1,0x55,0x06,0xc1,
	0x55,0x06,0xc1,0x55,0x06,0x57,0x25,0x01,0xf7,0xdc,0x6f,0xf8,0x8b,0x3b,0xc1,0x55,
	0x06,0xc1,0x55,0x06,0xc1,0x55,0x06,0xc1,0x55,0x06,0xc1,0x55,0x06,0xc1,0x55,0x06,
	0xc1,0x55,0x06,0xc1,0x55,0x06,0xc1,0x55,0x06,0xc1,0x55,0x06,0xc1,0x55,0x06,0xc1,
	0x55,0x06,0xc1,0x55,0x06,0xc1,0x55,0x06,0xc1,0x55,0x06,0xc1,0x55,0x06,0xc1,0x55,
	0x06,0xc1,0x55,0x06,0xc1,0x55,0x06,0xc1,0x55,0x06,0xc1,0x55,0x06,0x57,0x25,0x01,
	0xf7,0xdc,0x6f,0xf8,0x8b,0x3b,0xc1,0x55,0x06,0xc1,0x55,0x06,0xc1,0x55,0x06,0xc1,
	0x55,0x06,0xc1,0x55,0x06,0xc1,0x55,0x06,0xc1,0x55,0x06,0xc1,0x55,0x06,0xc1,0x55,
	0x06,0xc1,0x55,0x06,0xc1,0x55,0x06,0xc1,0x55,0x06,0xc1,0x55,0x06,0xc1,0x55,0x06,
	0xc1,0x55,0x06,0xc1,0x55,0x06,0xc1,0x55,0x06,0xc1,0x55,0x06,0xc1,0x55,0x06,0xc1,
	0x55,0x06,0xc1,0x55,0x06,0x57,0x25,0x01,0xf7,0xdc,0x6f,0xf8,0x8b,0x3b,0xc1,0x55,
	0x06,0xc1,0x55,0x06,0xc1,0x55,0x06,0xc1,0x55,0x06,0xc1,0x55,0x06,0xc1,0x55,0x06,
	0xc1,0x55,0x06,0xc1,0x55,0x06,0xc1,0x55,0x06,0xc1,0x55,0x06,0xa6,0x85,0x73,0xb9,
	0xa0,0x91,0x9b,0x87,0x7c,0x7d,0x6b,0x62,0xb8,0x95,0x81,0xa5,0x8e,0x81,0xba,0x92,
	0x7b,0xb9,0x99,0x86,0x67,0x4d,0x3e,0x8b,0x6a,0x58,0x77,0x57,0x47,0x7e,0x5c,0x49,
	0x9b,0x7a,0x68,0x8c,0x6c,0x5b,0xc4,0x9e,0x89,0xe8,0xd0,0xc0,0xec,0xe3,0xda,0xd5,
	0xcd,0xc6,0x6c,0x5d,0x55,0x7b,0x57,0x45,0xba,0x90,0x7a,0xb1,0x97,0x8a,0x9f,0x87,
	0x79,0x81,0x6b,0x5f,0xc1,0x55,0x06,0xc1,0x55,0x06,0xc1,0x55,0x06,0xc1,0x55,0x06,
	0xc1,0x55,0x06,0xc1,0x55,0x06,0xc1,0x55,0x06,0xc1,0x55,0x06,0xc1,0x55,0x06,0xc1,
	0x55,0x06,0xc1,0x55,0x06,0x57,0x25,0x01,0xf7,0xdc,0x6f,0xf8,0x8b,0x3b,0xc1,0x55,
	0x06,0xc1,0x55,0x06,0xc1,0x55,0x06,0xc1,0x55,0x06,0xc1,0x55,0x06,0xc1,0x55,0x06,
	0xc1,0x55,0x06,0xc1,0x55,0x06,0xc1,0x55,0x06,0xc1,0x55,0x06,0xa6,0x85,0x73,0xb9,
	0xa0,0x91,0x9b,0x87,0x7c,0x7d,0x6b,0x62,0xb8,0x95,0x81,0xa5,0x8e,0x81,0xba,0x92,
	0x7b,0xb9,0x99,0x86,0x67,0x4d,0x3e,0x8b,0x6a,0x58,0x77,0x57,0x47,0x7e,0x5c,0x49,
	0x9b,0x7a,0x68,0x8c,0x6c,0x5b,0xc4,0x9e,0x89,0xe8,0xd0,0xc0,0xec,0xe3,0xda,0xd5,
	0xcd,0xc6,0x6c,0x5d,0x55,0x7b,0x57,0x45,0xba,0x90,0x7a,0xb1,0x97,0x8a,0x9f,0x87,
	0x79,0x81,0x6b,0x5f,0xa6,0x85,0x73,0xb9,0xa0,0x91,0x9b,0x87,0x7c,0x7d,0x6b,0x62,
	0xb8,0x95,0x81,0xa5,0x8e,0x81,0xba,0x92,0x7b,0xb9,0x99,0x86,0x67,0x4d,0x3e,0x8b,
	0x6a,0x58,0x77,0x57,0x47,0x7e,0x5c,0x49,0x9b,0x7a,0x68,0x8c,0x6c,0x5b,0xc4,0x9e,
	0x89,0xe8,0xd0,0xc0,0xec,0xe3,0xda,0xd5,0xcd,0xc6,0x6c,0x5d,0x55,0x7b,0x57,0x45,
	0xba,0x90,0x7a,0xb1,0x97,0x8a,0x9f,0x87,0x79,0x81,0x6b,0x5f,0xc1,0x55,0x06,0xc1,
	0x55,0x06,0xc1,0x55,0x06,0xc1,0x55,0x06,0xc1,0x55,0x06,0xc1,0x55,0x06,0xc1,0x55,
	0x06,0xc1,0x55,0x06,0xc1,0x55,0x06,0xc1,0x55,0x06,0xc1,0x55,0x06,0x57,0x25,0x01,
	0x9b,0x7a,0x68,0x8c,0x6c,0x5b,0xc4,0x9e,0x89,0xe8,0xd0,0xc0,0xec,0xe3,0xda,0xd5,
	0xcd,0xc6,0x6c,0x5d,0x55,0x7b,0x57,0x45,0xba,0x90,0x7a,0xb1,0x97,0x8a,0x9f,0x87,
	0x79,0x81,0x6b,0x5f,0xa6,0x85,0x73,0xb9,0xa0,0x91,0x9b,0x87,0x7c,0x7d,0x6b,0x62,
	0xb8,0x95,0x81,0xa5,0x8e,0x81,0xba,0x92,0x7b,0xb9,0x99,0x86,0x67,0x4d,0x3e,0x8b,
	0x6a,0x58,0x77,0x57,0x47,0x7e,0x5c,0x49,0x00,0x00,0x00,0x00,0x00,0x00,0x00,0x00,
	0x00,0x00,0x00,0x00,0x00,0x00,0x00,0x00,0x00,0x00,0x00,0x00,0x00,0x00,0x00,0x00,
	0x00,0x00,0x00,0x00,0x00,0x00,0x00,0x00,0x00,0x00,0x00,0x00,0x00,0x00,0x00,0x00,
	0x00,0x00,0x00,0x00,0x00,0x00,0x00,0x00,0x00,0x00,0x00,0x00,0x00,0x00,0x00,0x00,
	0x00,0x00,0x00,0x00,0x00,0x00,0x00,0x00,0x00,0x00,0x00,0x00,0x00,0x00,0x00,0x00,
	0xff,0xff,0x6b,0xdf,0xdf,0x00,0xdf,0xdf,0x00,0xdf,0xdf,0x00,0xdf,0xdf,0x00,0xdf,
	0xdf,0x00,0xdf,0xdf,0x00,0xdf,0xdf,0x00,0xdf,0xdf,0x00,0xdf,0xdf,0x00,0xdf,0xdf,
	0x00,0xdf,0xdf,0x00,0xdf,0xdf,0x00,0xdf,0xdf,0x00,0xdf,0xdf,0x00,0xdf,0xdf,0x00,
	0xdf,0xdf,0x00,0xdf,0xdf,0x00,0xdf,0xdf,0x00,0xdf,0xdf,0x00,0xdf,0xdf,0x00,0xdf,
	0xdf,0x00,0xdf,0xdf,0x00,0xa4,0x97,0x00,0xff,0xff,0xff,0xdd,0xdd,0xea,0xdd,0xdd,
	0xea,0xdd,0xdd,0xea,0xdd,0xdd,0xea,0xdd,0xdd,0xea,0xdd,0xdd,0xea,0xdd,0xdd,0xea,
	0xdd,0xdd,0xea,0xdd,0xdd,0xea,0xdd,0xdd,0xea,0xdd,0xdd,0xea,0xdd,0xdd,0xea,0xdd,
	0xdd,0xea,0xdd,0xdd,0xea,0xdd,0xdd,0xea,0xdd,0xdd,0xea,0xdd,0xdd,0xea,0xdd,0xdd,
	0xea,0xdd,0xdd,0xea,0xdd,0xdd,0xea,0xdd,0xdd,0xea,0xdd,0xdd,0xea,0xa0,0xa0,0xa0,
	0x46,0xbe,0xff,0x01,0xa2,0xf9,0x01,0xa2,0xf9,0x01,0xa2,0xf9,0x01,0xa2,0xf9,0x01,
	0xa2,0xf9,0x01,0xa2,0xf9,0x01,0xa2,0xf9,0x01,0xa2,0xf9,0x01,0xa2,0xf9,0x01,0xa2,
	0xf9,0x01,0xa2,0xf9,0x01,0xa2,0xf9,0x01,0xa2,0xf9,0x01,0xa2,0xf9,0x01,0xa2,0xf9,
	0x01,0xa2,0xf9,0x01,0xa2,0xf9,0x01,0xa2,0xf9,0x01,0xa2,0xf9,0x01,0xa2,0xf9,0x01,
	0xa2,0xf9,0x01,0xa2,0xf9,0x02,0x82,0xc7,0xf8,0x66,0x66,0xf1,0x32,0x32,0xf1,0x32,
	0x32,0xf1,0x32,0x32,0xf1,0x32,0x32,0xf1,0x32,0x32,0xf1,0x32,0x32,0xf1,0x32,0x32,
	0xf1,0x32,0x32,0xf1,0x32,0x32,0xf1,0x32,0x32,0xf1,0x32,0x32,0xf1,0x32,0x32,0xf1,
	0x32,0x32,0xf1,0x32,0x32,0xf1,0x32,0x32,0xf1,0x32,0x32,0xf1,0x32,0x32,0xf1,0x32,
	0x32,0xf1,0x32,0x32,0xf1,0x32,0x32,0xf1,0x32,0x32,0xf1,0x32,0x32,0xcc,0x00,0x00,
	0xa7,0x6d,0xfd,0x83,0x00,0xfd,0x83,0x00,0xfd,0x83,0x00,0xfd,0x83,0x00,0xfd,0x83,
	0x00,0xfd,0x83,0x00,0xfd,0x83,0x00,0xfd,0x83,0x00,0xfd,0x83,0x00,0xfd,0x83,0x00,
	0xfd,0x83,0x00,0xfd,0x83,0x00,0xfd,0x83,0x00,0xfd,0x83,0x00,0xfd,0x83,0x00,0xfd,
	0x83,0x00,0xfd,0x83,0x00,0xfd,0x83,0x00,0xfd,0x83,0x00,0xfd,0x83,0x00,0xfd,0x83,
	0x00,0xfd,0x83,0x00,0xfd,0x3a,0x02,0x8f,0x9d,0xf9,0x85,0x45,0xe4,0x1a,0x45,0xe4,
	0x1a,0x45,0xe4,0x1a,0x45,0xe4,0x1a,0x45,0xe4,0x1a,0x45,0xe4,0x1a,0x45,0xe4,0x1a,
	0x45,0xe4,0x1a,0x45,0xe4,0x1a,0x45,0xe4,0x1a,0x45,0xe4,0x1a,0x45,0xe4,0x1a,0x45,
	0xe4,0x1a,0x45,0xe4,0x1a,0x45,0xe4,0x1a,0x45,0xe4,0x1a,0x45,0xe4,0x1a,0x45,0xe4,
	0x1a,0x45,0xe4,0x1a,0x45,0xe4,0x1a,0x45,0xe4,0x1a,0x45,0xe4,0x1a,0x1d,0x86,0x01,
	0xff,0x9d,0x46,0xbb,0x58,0x00,0xbb,0x58,0x00,0xbb,0x58,0x00,0xbb,0x58,0x00,0xbb,
	0x58,0x00,0xbb,0x58,0x00,0xbb,0x58,0x00,0xbb,0x58,0x00,0xbb,0x58,0x00,0xbb,0x58,
	0x00,0xbb,0x58,0x00,0xbb,0x58,0x00,0xbb,0x58,0x00,0xbb,0x58,0x00,0xbb,0x58,0x00,
	0xbb,0x58,0x00,0xbb,0x58,0x00,0xbb,0x58,0x00,0xbb,0x58,0x00,0xbb,0x58,0x00,0xbb,
	0x58,0x00,0xbb,0x58,0x00,0x84,0x3e,0x00,0x00,0x00,0x40,0x00,0x00,0x40,0x00,0x00,
	0x40,0x00,0x00,0x40,0x00,0x00,0x40,0x00,0x00,0x40,0x00,0x00,0x40,0x00,0x00,0x40,
	0x00,0x00,0x40,0x00,0x00,0x40,0x00,0x00,0x40,0x00,0x00,0x40,0x00,0x00,0x40,0x00,
	0x00,0x40,0x00,0x00,0x40,0x00,0x00,0x40,0x00,0x00,0x40,0x00,0x00,0x40,0x00,0x00,
	0x40,0x00,0x00,0x40,0x00,0x00,0x40,0x00,0x00,0x40,0x00,0x00,0x40,0x00,0x00,0x40,
	0xf7,0xdc,0x6f,0xf8,0x8b,0x3b,0xc1,0x55,0x06,0xc1,0x55,0x06,0xc1,0x55,0x06,0xc1,
	0x55,0x06,0xc1,0x55,0x06,0xc1,0x55,0x06,0xc1,0x55,0x06,0xc1,0x55,0x06,0xc1,0x55,
	0x06,0xc1,0x55,0x06,0xc1,0x55,0x06,0xc1,0x55,0x06,0xc1,0x55,0x06,0xc1,0x55,0x06,
	0xc1,0x55,0x06,0xc1,0x55,0x06,0xc1,0x55,0x06,0xc1,0x55,0x06,0xc1,0x55,0x06,0xc1,
	0x55,0x06,0xc1,0x55,0x06,0x57,0x25,0x01,0xf7,0xdc,0x6f,0xf8,0x8b,0x3b,0xc1,0x55,
	0x06,0xc1,0x55,0x06,0xc1,0x55,0x06,0xc1,0x55,0x06,0xc1,0x55,0x06,0xc1,0x55,0x06,
	0xc1,0x55,0x06,0xc1,0x55,0x06,0xc1,0x55,0x06,0xc1,0x55,0x06,0xc1,0x55,0x06,0xc1,
	0x55,0x06,0xc1,0x55,0x06,0xc1,0x55,0x06,0xc1,0x55,0x06,0xc1,0x55,0x06,0xc1,0x55,
	0x06,0xc1,0x55,0x06,0xc1,0x55,0x06,0xc1,0x55,0x06,0xc1,0x55,0x06,0x57,0x25,0x01,
	0xf7,0xdc,0x6f,0xf8,0x8b,0x3b,0xc1,0x55,0x06,0xc1,0x55,0x06,0xc1,0x55,0x06,0xc1,
	0x55,0x06,0xc1,0x55,0x06,0xc1,0x55,0x06,0xc1,0x55,0x06,0xc1,0x55,0x06,0xc1,0x55,
	0x06,0xc1,0x55,0x06,0xc1,0x55,0x06,0xc1,0x55,0x06,0xc1,0x55,0x06,0xc1,0x55,0x06,
	0xc1,0x55,0x06,0xc1,0x55,0x06,0xc1,0x55,0x06,0xc1,0x55,0x06,0xc1,0x55,0x06,0xc1,
	0x55,0x06,0xc1,0x55,0x06,0x57,0x25,0x01,0xf7,0xdc,0x6f,0xf8,0x8b,0x3b,0xc1,0x55,
	0x06,0xc1,0x55,0x06,0xc1,0x55,0x06,0xc1,0x55,0x06,0xc1,0x55,0x06,0xc1,0x55,0x06,
	0xc1,0x55,0x06,0xc1,0x55,0x06,0xc1,0x55,0x06,0xc1,0x55,0x06,0xc1,0x55,0x06,0xc1,
	0x55,0x06,0xc1,0x55,0x06,0xc1,0x55,0x06,0xc1,0x55,0x06,0xc1,0x55,0x06,0xc1,0x55,
	0x06,0xc1,0x55,0x06,0xc1,0x55,0x06,0xc1,0x55,0x06,0xc1,0x55,0x06,0x57,0x25,0x01,
	0xf7,0xdc,0x6f,0xf8,0x8b,0x3b,0xc1,0x55,0x06,0xc1,0x55,0x06,0xc1,0x55,0x06,0xc1,
	0x55,0x06,0xc1,0x55,0x06,0xc1,0x55,0x06,0xc1,0x55,0x06,0xc1,0x55,0x06,0xc1,0x55,
	0x06,0xc1,0x55,0x06,0x9b,0x76,0x61,0xa0,0x86,0x79,0x89,0x7b,0x74,0x80,0x6c,0x60,
	0x9f,0x7f,0x6d,0x8f,0x6c,0x5a,0xca,0xa9,0x97,0x8a,0x82,0x7c,0x59,0x3f,0x33,0x79,
	0x5a,0x4c,0x88,0x6c,0x5d,0x9e,0x77,0x61,0xc7,0x9e,0x88,0xad,0x8e,0x7e,0xa5,0x82,
	0x70,0xbd,0xa8,0x9b,0xa5,0xa2,0x9f,0x7e,0x7f,0x7f,0x69,0x60,0x5b,0x97,0x79,0x68,
	0xa4,0x83,0x71,0x8b,0x6b,0x5a,0x84,0x69,0x5b,0x73,0x5a,0x4d,0xc1,0x55,0x06,0xc1,
	0x55,0x06,0xc1,0x55,0x06,0xc1,0x55,0x06,0xc1,0x55,0x06,0xc1,0x55,0x06,0xc1,0x55,
	0x06,0xc1,0x55,0x06,0xc1,0x55,0x06,0xc1,0x55,0x06,0xc1,0x55,0x06,0x57,0x25,0x01,
	0xf7,0xdc,0x6f,0xf8,0x8b,0x3b,0xc1,0x55,0x06,0xc1,0x55,0x06,0xc1,0x55,0x06,0xc1,
	0x55,0x06,0xc1,0x55,0x06,0xc1,0x55,0x06,0xc1,0x55,0x06,0xc1,0x55,0x06,0xc1,0x55,
	0x06,0xc1,0x55,0x06,0x9b,0x76,0x61,0xa0,0x86,0x79,0x89,0x7b,0x74,0x80,0x6c,0x60,
	0x9f,0x7f,0x6d,0x8f,0x6c,0x5a,0xca,0xa9,0x97,0x8a,0x82,0x7c,0x59,0x3f,0x33,0x79,
	0x5a,0x4c,0x88,0x6c,0x5d,0x9e,0x77,0x61,0xc7,0x9e,0x88,0xad,0x8e,0x7e,0xa5,0x82,
	0x70,0xbd,0xa8,0x9b,0xa5,0xa2,0x9f,0x7e,0x7f,0x7f,0x69,0x60,0x5b,0x97,0x79,0x68,
	0xa4,0x83,0x71,0x8b,0x6b,0x5a,0x84,0x69,0x5b,0x73,0x5a,0x4d,0x9b,0x76,0x61,0xa0,
	0x86,0x79,0x89,0x7b,0x74,0x80,0x6c,0x60,0x9f,0x7f,0x6d,0x8f,0x6c,0x5a,0xca,0xa9,
	0x97,0x8a,0x82,0x7c,0x59,0x3f,0x33,0x79,0x5a,0x4c,0x88,0x6c,0x5d,0x9e,0x77,0x61,
	0xc7,0x9e,0x88,0xad,0x8e,0x7e,0xa5,0x82,0x70,0xbd,0xa8,0x9b,0xa5,0xa2,0x9f,0x7e,
	0x7f,0x7f,0x69,0x60,0x5b,0x97,0x79,0x68,0xa4,0x83,0x71,0x8b,0x6b,0x5a,0x84,0x69,
	0x5b,0x73,0x5a,0x4d,0xc1,0x55,0x06,0xc1,0x55,0x06,0xc1,0x55,0x06,0xc1,0x55,0x06,
	0xc1,0x55,0x06,0xc1,0x55,0x06,0xc1,0x55,0x06,0xc1,0x55,0x06,0xc1,0x55,0x06,0xc1,
	0x55,0x06,0xc1,0x55,0x06,0x57,0x25,0x01,0xc7,0x9e,0x88,0xad,0x8e,0x7e,0xa5,0x82,
	0x70,0xbd,0xa8,0x9b,0xa5,0xa2,0x9f,0x7e,0x7f,0x7f,0x69,0x60,0x5b,0x97,0x79,0x68,
	0xa4,0x83,0x71,0x8b,0x6b,0x5a,0x84,0x69,0x5b,0x73,0x5a,0x4d,0x9b,0x76,0x61,0xa0,
	0x86,0x79,0x89,0x7b,0x74,0x80,0x6c,0x60,0x9f,0x7f,0x6d,0x8f,0x6c,0x5a,0xca,0xa9,
	0x97,0x8a,0x82,0x7c,0x59,0x3f,0x33,0x79,0x5a,0x4c,0x88,0x6c,0x5d,0x9e,0x77,0x61,
	0x00,0x00,0x00,0x00,0x00,0x00,0x00,0x00,0x00,0x00,0x00,0x00,0x00,0x00,0x00,0x00,
	0x00,0x00,0x00,0x00,0x00,0x00,0x00,0x00,0x00,0x00,0x00,0x00,0x00,0x00,0x00,0x00,
	0x00,0x00,0x00,0x00,0x00,0x00,0x00,0x00,0x00,0x00,0x00,0x00,0x00,0x00,0x00,0x00,
	0x00,0x00,0x00,0x00,0x00,0x00,0x00,0x00,0x00,0x00,0x00,0x00,0x00,0x00,0x00,0x00,
	0x00,0x00,0x00,0x00,0x00,0x00,0x00,0x00,0xff,0xff,0x6b,0xdf,0xdf,0x00,0xdf,0xdf,
	0x00,0xdf,0xdf,0x00,0xdf,0xdf,0x00,0xdf,0xdf,0x00,0xdf,0xdf,0x00,0xdf,0xdf,0x00,
	0xdf,0xdf,0x00,0xdf,0xdf,0x00,0xdf,0xdf,0x00,0xdf,0xdf,0x00,0xdf,0xdf,0x00,0xdf,
	0xdf,0x00,0xdf,0xdf,0x00,0xdf,0xdf,0x00,0xdf,0xdf,0x00,0xdf,0xdf,0x00,0xdf,0xdf,
	0x00,0xdf,0xdf,0x00,0xdf,0xdf,0x00,0xdf,0xdf,0x00,0xdf,0xdf,0x00,0xa4,0x97,0x00,
	0xff,0xff,0xff,0xdd,0xdd,0xea,0xdd,0xdd,0xea,0xdd,0xdd,0xea,0xdd,0xdd,0xea,0xdd,
	0xdd,0xea,0xdd,0xdd,0xea,0xdd,0xdd,0xea,0xdd,0xdd,0xea,0xdd,0xdd,0xea,0xdd,0xdd,
	0xea,0xdd,0xdd,0xea,0xdd,0xdd,0xea,0xdd,0xdd,0xea,0xdd,0xdd,0xea,0xdd,0xdd,0xea,
	0xdd,0xdd,0xea,0xdd,0xdd,0xea,0xdd,0xdd,0xea,0xdd,0xdd,0xea,0xdd,0xdd,0xea,0xdd,
	0xdd,0xea,0xdd,0xdd,0xea,0xa0,0xa0,0xa0,0x46,0xbe,0xff,0x01,0xa2,0xf9,0x01,0xa2,
	0xf9,0x01,0xa2,0xf9,0x01,0xa2,0xf9,0x01,0xa2,0xf9,0x01,0xa2,0xf9,0x01,0xa2,0xf9,
	0x01,0xa2,0xf9,0x01,0xa2,0xf9,0x01,0xa2,0xf9,0x01,0xa2,0xf9,0x01,0xa2,0xf9,0x01,
	0xa2,0xf9,0x01,0xa2,0xf9,0x01,0xa2,0xf9,0x01,0xa2,0xf9,0x01,0xa2,0xf9,0x01,0xa2,
	0xf9,0x01,0xa2,0xf9,0x01,0xa2,0xf9,0x01,0xa2,0xf9,0x01,0xa2,0xf9,0x02,0x82,0xc7,
	0xf8,0x66,0x66,0xf1,0x32,0x32,0xf1,0x32,0x32,0xf1,0x32,0x32,0xf1,0x32,0x32,0xf1,
	0x32,0x32,0xf1,0x32,0x32,0xf1,0x32,0x32,0xf1,0x32,0x32,0xf1,0x32,0x32,0xf1,0x32,
	0x32,0xf1,0x32,0x32,0xf1,0x32,0x32,0xf1,0x32,0x32,0xf1,0x32,0x32,0xf1,0x32,0x32,
	0xf1,0x32,0x32,0xf1,0x32,0x32,0xf1,0x32,0x32,0xf1,0x32,0x32,0xf1,0x32,0x32,0xf1,
	0x32,0x32,0xf1,0x32,0x32,0xcc,0x00,0x00,0xa7,0x6d,0xfd,0x83,0x00,0xfd,0x83,0x00,
	0xfd,0x83,0x00,0xfd,0x83,0x00,0xfd,0x83,0x00,0xfd,0x83,0x00,0xfd,0x83,0x00,0xfd,
	0x83,0x00,0xfd,0x83,0x00,0xfd,0x83,0x00,0xfd,0x83,0x00,0xfd,0x83,0x00,0xfd,0x83,
	0x00,0xfd,0x83,0x00,0xfd,0x83,0x00,0xfd,0x83,0x00,0xfd,0x83,0x00,0xfd,0x83,0x00,
	0xfd,0x83,0x00,0xfd,0x83,0x00,0xfd,0x83,0x00,0xfd,0x83,0x00,0xfd,0x3a,0x02,0x8f,
	0x9d,0xf9,0x85,0x45,0xe4,0x1a,0x45,0xe4,0x1a,0x45,0xe4,0x1a,0x45,0xe4,0x1a,0x45,
	0xe4,0x1a,0x45,0xe4,0x1a,0x45,0xe4,0x1a,0x45,0xe4,0x1a,0x45,0xe4,0x1a,0x45,0xe4,
	0x1a,0x45,0xe4,0x1a,0x45,0xe4,0x1a,0x45,0xe4,0x1a,0x45,0xe4,0x1a,0x45,0xe4,0x1a,
	0x45,0xe4,0x1a,0x45,0xe4,0x1a,0x45,0xe4,0x1a,0x45,0xe4,0x1a,0x45,0xe4,0x1a,0x45,
	0xe4,0x1a,0x45,0xe4,0x1a,0x1d,0x86,0x01,0xff,0x9d,0x46,0xbb,0x58,0x00,0xbb,0x58,
	0x00,0xbb,0x58,0x00,0xbb,0x58,0x00,0xbb,0x58,0x00,0xbb,0x58,0x00,0xbb,0x58,0x00,
	0xbb,0x58,0x00,0xbb,0x58,0x00,0xbb,0x58,0x00,0xbb,0x58,0x00,0xbb,0x58,0x00,0xbb,
	0x58,0x00,0xbb,0x58,0x00,0xbb,0x58,0x00,0xbb,0x58,0x00,0xbb,0x58,0x00,0xbb,0x58,
	0x00,0xbb,0x58,0x00,0xbb,0x58,0x00,0xbb,0x58,0x00,0xbb,0x58,0x00,0x84,0x3e,0x00,
	0x00,0x00,0x40,0x00,0x00,0x40,0x00,0x00,0x40,0x00,0x00,0x40,0x00,0x00,0x40,0x00,
	0x00,0x40,0x00,0x00,0x40,0x00,0x00,0x40,0x00,0x00,0x40,0x00,0x00,0x40,0x00,0x00,
	0x40,0x00,0x00,0x40,0x00,0x00,0x40,0x00,0x00,0x40,0x00,0x00,0x40,0x00,0x00,0x40,
	0x00,0x00,0x40,0x00,0x00,0x40,0x00,0x00,0x40,0x00,0x00,0x40,0x00,0x00,0x40,0x00,
	0x00,0x40,0x00,0x00,0x40,0x00,0x00,0x40,0xf7,0xdc,0x6f,0xf8,0x8b,0x3b,0xc1,0x55,
	0x06,0xc1,0x55,0x06,0xc1,0x55,0x06,0xc1,0x55,0x06,0xc1,0x55,0x06,0xc1,0x55,0x06,
	0xc1,0x55,0x06,0xc1,0x55,0x06,0xc1,0x55,0x06,0xc1,0x55,0x06,0xc1,0x55,0x06,0xc1,
	0x55,0x06,0xc1,0x55,0x06,0xc1,0x55,0x06,0xc1,0x55,0x06,0xc1,0x55,0x06,0xc1,0x55,
	0x06,0xc1,0x55,0x06,0xc1,0x55,0x06,0xc1,0x55,0x06,0xc1,0x55,0x06,0x57,0x25,0x01,
	0xf7,0xdc,0x6f,0xf8,0x8b,0x3b,0xc1,0x55,0x06,0xc1,0x55,0x06,0xc1,0x55,0x06,0xc1,
	0x55,0x06,0xc1,0x55,0x06,0xc1,0x55,0x06,0xc1,0x55,0x06,0xc1,0x55,0x06,0xc1,0x55,
	0x06,0xc1,0x55,0x06,0xc1,0x55,0x06,0xc1,0x55,0x06,0xc1,0x55,0x06,0xc1,0x55,0x06,
	0xc1,0x55,0x06,0xc1,0x55,0x06,0xc1,0x55,0x06,0xc1,0x55,0x06,0xc1,0x55,0x06,0xc1,
	0x55,0x06,0xc1,0x55,0x06,0x57,0x25,0x01,0xf7,0xdc,0x6f,0xf8,0x8b,0x3b,0xc1,0x55,
	0x06,0xc1,0x55,0x06,0xc1,0x55,0x06,0xc1,0x55,0x06,0xc1,0x55,0x06,0xc1,0x55,0x06,
	0xc1,0x55,0x06,0xc1,0x55,0x06,0xc1,0x55,0x06,0xc1,0x55,0x06,0xc1,0x55,0x06,0xc1,
	0x55,0x06,0xc1,0x55,0x06,0xc1,0x55,0x06,0xc1,0x55,0x06,0xc1,0x55,0x06,0xc1,0x55,
	0x06,0xc1,0x55,0x06,0xc1,0x55,0x06,0xc1,0x55,0x06,0xc1,0x55,0x06,0x57,0x25,0x01,
	0xf7,0xdc,0x6f,0xf8,0x8b,0x3b,0xc1,0x55,0x06,0xc1,0x55,0x06,0xc1,0x55,0x06,0xc1,
	0x55,0x06,0xc1,0x55,0x06,0xc1,0x55,0x06,0xc1,0x55,0x06,0xc1,0x55,0x06,0xc1,0x55,
	0x06,0xc1,0x55,0x06,0xc1,0x55,0x06,0xc1,0x55,0x06,0xc1,0x55,0x06,0xc1,0x55,0x06,
	0xc1,0x55,0x06,0xc1,0x55,0x06,0xc1,0x55,0x06,0xc1,0x55,0x06,0xc1,0x55,0x06,0xc1,
	0x55,0x06,0xc1,0x55,0x06,0x57,0x25,0x01,0xf7,0xdc,0x6f,0xf8,0x8b,0x3b,0xc1,0x55,
	0x06,0xc1,0x55,0x06,0xc1,0x55,0x06,0xc1,0x55,0x06,0xc1,0x55,0x06,0xc1,0x55,0x06,
	0xc1,0x55,0x06,0xc1,0x55,0x06,0xc1,0x55,0x06,0xc1,0x55,0x06,0xc3,0x98,0x82,0xb0,
	0x88,0x71,0xb7,0x95,0x81,0x8e,0x77,0x6a,0x69,0x4a,0x3a,0x8a,0x62,0x4d,0xc0,0xa5,
	0x97,0x75,0x6c,0x66,0x6c,0x4e,0x3f,0xb1,0x8a,0x75,0x96,0x77,0x65,0xb2,0x8d,0x77,
	0xc2,0xa6,0x96,0x96,0x85,0x7c,0x85,0x6c,0x5e,0x8b,0x66,0x53,0x74,0x54,0x44,0x8b,
	0x71,0x62,0x96,0x7a,0x6b,0x8b,0x67,0x53,0x98,0x75,0x60,0xa6,0x86,0x74,0x90,0x74,
	0x65,0xa3,0x7b,0x65,0xc1,0x55,0x06,0xc1,0x55,0x06,0xc1,0x55,0x06,0xc1,0x55,0x06,
	0xc1,0x55,0x06,0xc1,0x55,0x06,0xc1,0x55,0x06,0xc1,0x55,0x06,0xc1,0x55,0x06,0xc1,
	0x55,0x06,0xc1,0x55,0x06,0x57,0x25,0x01,0xf7,0xdc,0x6f,0xf8,0x8b,0x3b,0xc1,0x55,
	0x06,0xc1,0x55,0x06,0xc1,0x55,0x06,0xc1,0x55,0x06,0xc1,0x55,0x06,0xc1,0x55,0x06,
	0xc1,0x55,0x06,0xc1,0x55,0x06,0xc1,0x55,0x06,0xc1,0x55,0x06,0xc3,0x98,0x82,0xb0,
	0x88,0x71,0xb7,0x95,0x81,0x8e,0x77,0x6a,0x69,0x4a,0x3a,0x8a,0x62,0x4d,0xc0,0xa5,
	0x97,0x75,0x6c,0x66,0x6c,0x4e,0x3f,0xb1,0x8a,0x75,0x96,0x77,0x65,0xb2,0x8d,0x77,
	0xc2,0xa6,0x96,0x96,0x85,0x7c,0x85,0x6c,0x5e,0x8b,0x66,0x53,0x74,0x54,0x44,0x8b,
	0x71,0x62,0x96,0x7a,0x6b,0x8b,0x67,0x53,0x98,0x75,0x60,0xa6,0x86,0x74,0x90,0x74,
	0x65,0xa3,0x7b,0x65,0xc3,0x98,0x82,0xb0,0x88,0x71,0xb7,0x95,0x81,0x8e,0x77,0x6a,
	0x69,0x4a,0x3a,0x8a,0x62,0x4d,0xc0,0xa5,0x97,0x75,0x6c,0x66,0x6c,0x4e,0x3f,0xb1,
	0x8a,0x75,0x96,0x77,0x65,0xb2,0x8d,0x77,0xc2,0xa6,0x96,0x96,0x85,0x7c,0x85,0x6c,
	0x5e,0x8b,0x66,0x53,0x74,0x54,0x44,0x8b,0x71,0x62,0x96,0x7a,0x6b,0x8b,0x67,0x53,
	0x98,0x75,0x60,0xa6,0x86,0x74,0x90,0x74,0x65,0xa3,0x7b,0x65,0xc1,0x55,0x06,0xc1,
	0x55,0x06,0xc1,0x55,0x06,0xc1,0x55,0x06,0xc1,0x55,0x06,0xc1,0x55,0x06,0xc1,0x55,
	0x06,0xc1,0x55,0x06,0xc1,0x55,0x06,0xc1,0x55,0x06,0xc1,0x55,0x06,0x57,0x25,0x01,
	0xc2,0xa6,0x96,0x96,0x85,0x7c,0x85,0x6c,0x5e,0x8b,0x66,0x53,0x74,0x54,0x44,0x8b,
	0x71,0x62,0x96,0x7a,0x6b,0x8b,0x67,0x53,0x98,0x75,0x60,0xa6,0x86,0x74,0x90,0x74,
	0x65,0xa3,0x7b,0x65,0xc3,0x98,0x82,0xb0,0x88,0x71,0xb7,0x95,0x81,0x8e,0x77,0x6a,
	0x69,0x4a,0x3a,0x8a,0x62,0x4d,0xc0,0xa5,0x97,0x75,0x6c,0x66,0x6c,0x4e,0x3f,0xb1,
	0x8a,0x75,0x96,0x77,0x65,0xb2,0x8d,0x77,0x00,0x00,0x00,0x00,0x00,0x00,0x00,0x00,
	0x00,0x00,0x00,0x00,0x00,0x00,0x00,0x00,0x00,0x00,0x00,0x00,0x00,0x00,0x00,0x00,
	0x00,0x00,0x00,0x00,0x00,0x00,0x00,0x00,0x00,0x00,0x00,0x00,0x00,0x00,0x00,0x00,
	0x00,0x00,0x00,0x00,0x00,0x00,0x00,0x00,0x00,0x00,0x00,0x00,0x00,0x00,0x00,0x00,
	0x00,0x00,0x00,0x00,0x00,0x00,0x00,0x00,0x00,0x00,0x00,0x00,0x00,0x00,0x00,0x00,
	0xff,0xff,0x6b,0xdf,0xdf,0x00,0xdf,0xdf,0x00,0xdf,0xdf,0x00,0xdf,0xdf,0x00,0xdf,
	0xdf,0x00,0xdf,0xdf,0x00,0xdf,0xdf,0x00,0xdf,0xdf,0x00,0xdf,0xdf,0x00,0xdf,0xdf,
	0x00,0xdf,0xdf,0x00,0xdf,0xdf,0x00,0xdf,0xdf,0x00,0xdf,0xdf,0x00,0xdf,0xdf,0x00,
	0xdf,0xdf,0x00,0xdf,0xdf,0x00,0xdf,0xdf,0x00,0xdf,0xdf,0x00,0xdf,0xdf,0x00,0xdf,
	0xdf,0x00,0xdf,0xdf,0x00,0xa4,0x97,0x00,0xff,0xff,0xff,0xdd,0xdd,0xea,0xdd,0xdd,
	0xea,0xdd,0xdd,0xea,0xdd,0xdd,0xea,0xdd,0xdd,0xea,0xdd,0xdd,0xea,0xdd,0xdd,0xea,
	0xdd,0xdd,0xea,0xdd,0xdd,0xea,0xdd,0xdd,0xea,0xdd,0xdd,0xea,0xdd,0xdd,0xea,0xdd,
	0xdd,0xea,0xdd,0xdd,0xea,0xdd,0xdd,0xea,0xdd,0xdd,0xea,0xdd,0xdd,0xea,0xdd,0xdd,
	0xea,0xdd,0xdd,0xea,0xdd,0xdd,0xea,0xdd,0xdd,0xea,0xdd,0xdd,0xea,0xa0,0xa0,0xa0,
	0x46,0xbe,0xff,0x01,0xa2,0xf9,0x01,0xa2,0xf9,0x01,0xa2,0xf9,0x01,0xa2,0xf9,0x01,
	0xa2,0xf9,0x01,0xa2,0xf9,0x01,0xa2,0xf9,0x01,0xa2,0xf9,0x01,0xa2,0xf9,0x01,0xa2,
	0xf9,0x01,0xa2,0xf9,0x01,0xa2,0xf9,0x01,0xa2,0xf9,0x01,0xa2,0xf9,0x01,0xa2,0xf9,
	0x01,0xa2,0xf9,0x01,0xa2,0xf9,0x01,0xa2,0xf9,0x01,0xa2,0xf9,0x01,0xa2,0xf9,0x01,
	0xa2,0xf9,0x01,0xa2,0xf9,0x02,0x82,0xc7,0xf8,0x66,0x66,0xf1,0x32,0x32,0xf1,0x32,
	0x32,0xf1,0x32,0x32,0xf1,0x32,0x32,0xf1,0x32,0x32,0xf1,0x32,0x32,0xf1,0x32,0x32,
	0xf1,0x32,0x32,0xf1,0x32,0x32,0xf1,0x32,0x32,0xf1,0x32,0x32,0xf1,0x32,0x32,0xf1,
	0x32,0x32,0xf1,0x32,0x32,0xf1,0x32,0x32,0xf1,0x32,0x32,0xf1,0x32,0x32,0xf1,0x32,
	0x32,0xf1,0x32,0x32,0xf1,0x32,0x32,0xf1,0x32,0x32,0xf1,0x32,0x32,0xcc,0x00,0x00,
	0xa7,0x6d,0xfd,0x83,0x00,0xfd,0x83,0x00,0xfd,0x83,0x00,0xfd,0x83,0x00,0xfd,0x83,
	0x00,0xfd,0x83,0x00,0xfd,0x83,0x00,0xfd,0x83,0x00,0xfd,0x83,0x00,0xfd,0x83,0x00,
	0xfd,0x83,0x00,0xfd,0x83,0x00,0xfd,0x83,0x00,0xfd,0x83,0x00,0xfd,0x83,0x00,0xfd,
	0x83,0x00,0xfd,0x83,0x00,0xfd,0x83,0x00,0xfd,0x83,0x00,0xfd,0x83,0x00,0xfd,0x83,
	0x00,0xfd,0x83,0x00,0xfd,0x3a,0x02,0x8f,0x9d,0xf9,0x85,0x45,0xe4,0x1a,0x45,0xe4,
	0x1a,0x45,0xe4,0x1a,0x45,0xe4,0x1a,0x45,0xe4,0x1a,0x45,0xe4,0x1a,0x45,0xe4,0x1a,
	0x45,0xe4,0x1a,0x45,0xe4,0x1a,0x45,0xe4,0x1a,0x45,0xe4,0x1a,0x45,0xe4,0x1a,0x45,
	0xe4,0x1a,0x45,0xe4,0x1a,0x45,0xe4,0x1a,0x45,0xe4,0x1a,0x45,0xe4,0x1a,0x45,0xe4,
	0x1a,0x45,0xe4,0x1a,0x45,0xe4,0x1a,0x45,0xe4,0x1a,0x45,0xe4,0x1a,0x1d,0x86,0x01,
	0xff,0x9d,0x46,0xbb,0x58,0x00,0xbb,0x58,0x00,0xbb,0x58,0x00,0xbb,0x58,0x00,0xbb,
	0x58,0x00,0xbb,0x58,0x00,0xbb,0x58,0x00,0xbb,0x58,0x00,0xbb,0x58,0x00,0xbb,0x58,
	0x00,0xbb,0x58,0x00,0xbb,0x58,0x00,0xbb,0x58,0x00,0xbb,0x58,0x00,0xbb,0x58,0x00,
	0xbb,0x58,0x00,0xbb,0x58,0x00,0xbb,0x58,0x00,0xbb,0x58,0x00,0xbb,0x58,0x00,0xbb,
	0x58,0x00,0xbb,0x58,0x00,0x84,0x3e,0x00,0x00,0x00,0x40,0x00,0x00,0x40,0x00,0x00,
	0x40,0x00,0x00,0x40,0x00,0x00,0x40,0x00,0x00,0x40,0x00,0x00,0x40,0x00,0x00,0x40,
	0x00,0x00,0x40,0x00,0x00,0x40,0x00,0x00,0x40,0x00,0x00,0x40,0x00,0x00,0x40,0x00,
	0x00,0x40,0x00,0x00,0x40,0x00,0x00,0x40,0x00,0x00,0x40,0x00,0x00,0x40,0x00,0x00,
	0x40,0x00,0x00,0x40,0x00,0x00,0x40,0x00,0x00,0x40,0x00,0x00,0x40,0x00,0x00,0x40,
	0xf7,0xdc,0x6f,0xf8,0x8b,0x3b,0xc1,0x55,0x06,0xc1,0x55,0x06,0xc1,0x55,0x06,0xc1,
	0x55,0x06,0xc1,0x55,0x06,0xc1,0x55,0x06,0xc1,0x55,0x06,0xc1,0x55,0x06,0xc1,0x55,
	0x06,0xc1,0x55,0x06,0xc1,0x55,0x06,0xc1,0x55,0x06,0xc1,0x55,0x06,0xc1,0x55,0x06,
	0xc1,0x55,0x06,0xc1,0x55,0x06,0xc1,0x55,0x06,0xc1,0x55,0x06,0xc1,0x55,0x06,0xc1,
	0x55,0x06,0xc1,0x55,0x06,0x57,0x25,0x01,0xf7,0xdc,0x6f,0xf8,0x8b,0x3b,0xc1,0x55,
	0x06,0xc1,0x55,0x06,0xc1,0x55,0x06,0xc1,0x55,0x06,0xc1,0x55,0x06,0xc1,0x55,0x06,
	0xc1,0x55,0x06,0xc1,0x55,0x06,0xc1,0x55,0x06,0xc1,0x55,0x06,0xc1,0x55,0x06,0xc1,
	0x55,0x06,0xc1,0x55,0x06,0xc1,0x55,0x06,0xc1,0x55,0x06,0xc1,0x55,0x06,0xc1,0x55,
	0x06,0xc1,0x55,0x06,0xc1,0x55,0x06,0xc1,0x55,0x06,0xc1,0x55,0x06,0x57,0x25,0x01,
	0xf7,0xdc,0x6f,0xf8,0x8b,0x3b,0xc1,0x55,0x06,0xc1,0x55,0x06,0xc1,0x55,0x06,0xc1,
	0x55,0x06,0xc1,0x55,0x06,0xc1,0x55,0x06,0xc1,0x55,0x06,0xc1,0x55,0x06,0xc1,0x55,
	0x06,0xc1,0x55,0x06,0xc1,0x55,0x06,0xc1,0x55,0x06,0xc1,0x55,0x06,0xc1,0x55,0x06,
	0xc1,0x55,0x06,0xc1,0x55,0x06,0xc1,0x55,0x06,0xc1,0x55,0x06,0xc1,0x55,0x06,0xc1,
	0x55,0x06,0xc1,0x55,0x06,0x57,0x25,0x01,0xf7,0xdc,0x6f,0xf8,0x8b,0x3b,0xc1,0x55,
	0x06,0xc1,0x55,0x06,0xc1,0x55,0x06,0xc1,0x55,0x06,0xc1,0x55,0x06,0xc1,0x55,0x06,
	0xc1,0x55,0x06,0xc1,0x55,0x06,0xc1,0x55,0x06,0xc1,0x55,0x06,0xc1,0x55,0x06,0xc1,
	0x55,0x06,0xc1,0x55,0x06,0xc1,0x55,0x06,0xc1,0x55,0x06,0xc1,0x55,0x06,0xc1,0x55,
	0x06,0xc1,0x55,0x06,0xc1,0x55,0x06,0xc1,0x55,0x06,0xc1,0x55,0x06,0x57,0x25,0x01,
	0xf7,0xdc,0x6f,0xf8,0x8b,0x3b,0xc1,0x55,0x06,0xc1,0x55,0x06,0xc1,0x55,0x06,0xc1,
	0x55,0x06,0xc1,0x55,0x06,0xc1,0x55,0x06,0xc1,0x55,0x06,0xc1,0x55,0x06,0xc1,0x55,
	0x06,0xc1,0x55,0x06,0xee,0xc9,0xb3,0xe7,0xcb,0xb8,0xa1,0x84,0x71,0xa9,0x83,0x70,
	0xab,0x84,0x71,0xa3,0x7c,0x66,0xa5,0x87,0x75,0x7c,0x62,0x54,0xb5,0x8e,0x78,0xc7,
	0xac,0x9d,0x78,0x63,0x57,0x9c,0x7c,0x6b,0xb5,0x9d,0x90,0x74,0x67,0x5f,0x9b,0x79,
	0x66,0xd8,0xae,0x97,0xc1,0x9f,0x8a,0xa6,0x80,0x6c,0xaf,0x88,0x73,0x93,0x73,0x62,
	0x9a,0x78,0x66,0xbd,0xa5,0x97,0x76,0x67,0x60,0x95,0x6f,0x5c,0xc1,0x55,0x06,0xc1,
	0x55,0x06,0xc1,0x55,0x06,0xc1,0x55,0x06,0xc1,0x55,0x06,0xc1,0x55,0x06,0xc1,0x55,
	0x06,0xc1,0x55,0x06,0xc1,0x55,0x06,0xc1,0x55,0x06,0xc1,0x55,0x06,0x57,0x25,0x01,
	0xf7,0xdc,0x6f,0xf8,0x8b,0x3b,0xc1,0x55,0x06,0xc1,0x55,0x06,0xc1,0x55,0x06,0xc1,
	0x55,0x06,0xc1,0x55,0x06,0xc1,0x55,0x06,0xc1,0x55,0x06,0xc1,0x55,0x06,0xc1,0x55,
	0x06,0xc1,0x55,0x06,0xee,0xc9,0xb3,0xe7,0xcb,0xb8,0xa1,0x84,0x71,0xa9,0x83,0x70,
	0xab,0x84,0x71,0xa3,0x7c,0x66,0xa5,0x87,0x75,0x7c,0x62,0x54,0xb5,0x8e,0x78,0xc7,
	0xac,0x9d,0x78,0x63,0x57,0x9c,0x7c,0x6b,0xb5,0x9d,0x90,0x74,0x67,0x5f,0x9b,0x79,
	0x66,0xd8,0xae,0x97,0xc1,0x9f,0x8a,0xa6,0x80,0x6c,0xaf,0x88,0x73,0x93,0x73,0x62,
	0x9a,0x78,0x66,0xbd,0xa5,0x97,0x76,0x67,0x60,0x95,0x6f,0x5c,0xee,0xc9,0xb3,0xe7,
	0xcb,0xb8,0xa1,0x84,0x71,0xa9,0x83,0x70,0xab,0x84,0x71,0xa3,0x7c,0x66,0xa5,0x87,
	0x75,0x7c,0x62,0x54,0xb5,0x8e,0x78,0xc7,0xac,0x9d,0x78,0x63,0x57,0x9c,0x7c,0x6b,
	0xb5,0x9d,0x90,0x74,0x67,0x5f,0x9b,0x79,0x66,0xd8,0xae,0x97,0xc1,0x9f,0x8a,0xa6,
	0x80,0x6c,0xaf,0x88,0x73,0x93,0x73,0x62,0x9a,0x78,0x66,0xbd,0xa5,0x97,0x76,0x67,
	0x60,0x95,0x6f,0x5c,0xc1,0x55,0x06,0xc1,0x55,0x06,0xc1,0x55,0x06,0xc1,0x55,0x06,
	0xc1,0x55,0x06,0xc1,0x55,0x06,0xc1,0x55,0x06,0xc1,0x55,0x06,0xc1,0x55,0x06,0xc1,
	0x55,0x06,0xc1,0x55,0x06,0x57,0x25,0x01,0xb5,0x9d,0x90,0x74,0x67,0x5f,0x9b,0x79,
	0x66,0xd8,0xae,0x97,0xc1,0x9f,0x8a,0xa6,0x80,0x6c,0xaf,0x88,0x73,0x93,0x73,0x62,
	0x9a,0x78,0x66,0xbd,0xa5,0x97,0x76,0x67,0x60,0x95,0x6f,0x5c,0xee,0xc9,0xb3,0xe7,
	0xcb,0xb8,0xa1,0x84,0x71,0xa9,0x83,0x70,0xab,0x84,0x71,0xa3,0x7c,0x66,0xa5,0x87,
	0x75,0x7c,0x62,0x54,0xb5,0x8e,0x78,0xc7,0xac,0x9d,0x78,0x63,0x57,0x9c,0x7c,0x6b,
	0x00,0x00,0x00,0x00,0x00,0x00,0x00,0x00,0x00,0x00,0x00,0x00,0x00,0x00,0x00,0x00,
	0x00,0x00,0x00,0x00,0x00,0x00,0x00,0x00,0x00,0x00,0x00,0x00,0x00,0x00,0x00,0x00,
	0x00,0x00,0x00,0x00,0x00,0x00,0x00,0x00,0x00,0x00,0x00,0x00,0x00,0x00,0x00,0x00,
	0x00,0x00,0x00,0x00,0x00,0x00,0x00,0x00,0x00,0x00,0x00,0x00,0x00,0x00,0x00,0x00,
	0x00,0x00,0x00,0x00,0x00,0x00,0x00,0x00,0xff,0xff,0x6b,0xdf,0xdf,0x00,0xdf,0xdf,
	0x00,0xdf,0xdf,0x00,0xdf,0xdf,0x00,0xdf,0xdf,0x00,0xdf,0xdf,0x00,0xdf,0xdf,0x00,
	0xdf,0xdf,0x00,0xdf,0xdf,0x00,0xdf,0xdf,0x00,0xdf,0xdf,0x00,0xdf,0xdf,0x00,0xdf,
	0xdf,0x00,0xdf,0xdf,0x00,0xdf,0xdf,0x00,0xdf,0xdf,0x00,0xdf,0xdf,0x00,0xdf,0xdf,
	0x00,0xdf,0xdf,0x00,0xdf,0xdf,0x00,0xdf,0xdf,0x00,0xdf,0xdf,0x00,0xa4,0x97,0x00,
	0xff,0xff,0xff,0xdd,0xdd,0xea,0xdd,0xdd,0xea,0xdd,0xdd,0xea,0xdd,0xdd,0xea,0xdd,
	0xdd,0xea,0xdd,0xdd,0xea,0xdd,0xdd,0xea,0xdd,0xdd,0xea,0xdd,0xdd,0xea,0xdd,0xdd,
	0xea,0xdd,0xdd,0xea,0xdd,0xdd,0xea,0xdd,0xdd,0xea,0xdd,0xdd,0xea,0xdd,0xdd,0xea,
	0xdd,0xdd,0xea,0xdd,0xdd,0xea,0xdd,0xdd,0xea,0xdd,0xdd,0xea,0xdd,0xdd,0xea,0xdd,
	0xdd,0xea,0xdd,0xdd,0xea,0xa0,0xa0,0xa0,0x46,0xbe,0xff,0x01,0xa2,0xf9,0x01,0xa2,
	0xf9,0x01,0xa2,0xf9,0x01,0xa2,0xf9,0x01,0xa2,0xf9,0x01,0xa2,0xf9,0x01,0xa2,0xf9,
	0x01,0xa2,0xf9,0x01,0xa2,0xf9,0x01,0xa2,0xf9,0x01,0xa2,0xf9,0x01,0xa2,0xf9,0x01,
	0xa2,0xf9,0x01,0xa2,0xf9,0x01,0xa2,0xf9,0x01,0xa2,0xf9,0x01,0xa2,0xf9,0x01,0xa2,
	0xf9,0x01,0xa2,0xf9,0x01,0xa2,0xf9,0x01,0xa2,0xf9,0x01,0xa2,0xf9,0x02,0x82,0xc7,
	0xf8,0x66,0x66,0xf1,0x32,0x32,0xf1,0x32,0x32,0xf1,0x32,0x32,0xf1,0x32,0x32,0xf1,
	0x32,0x32,0xf1,0x32,0x32,0xf1,0x32,0x32,0xf1,0x32,0x32,0xf1,0x32,0x32,0xf1,0x32,
	0x32,0xf1,0x32,0x32,0xf1,0x32,0x32,0xf1,0x32,0x32,0xf1,0x32,0x32,0xf1,0x32,0x32,
	0xf1,0x32,0x32,0xf1,0x32,0x32,0xf1,0x32,0x32,0xf1,0x32,0x32,0xf1,0x32,0x32,0xf1,
	0x32,0x32,0xf1,0x32,0x32,0xcc,0x00,0x00,0xa7,0x6d,0xfd,0x83,0x00,0xfd,0x83,0x00,
	0xfd,0x83,0x00,0xfd,0x83,0x00,0xfd,0x83,0x00,0xfd,0x83,0x00,0xfd,0x83,0x00,0xfd,
	0x83,0x00,0xfd,0x83,0x00,0xfd,0x83,0x00,0xfd,0x83,0x00,0xfd,0x83,0x00,0xfd,0x83,
	0x00,0xfd,0x83,0x00,0xfd,0x83,0x00,0xfd,0x83,0x00,0xfd,0x83,0x00,0xfd,0x83,0x00,
	0xfd,0x83,0x00,0xfd,0x83,0x00,0xfd,0x83,0x00,0xfd,0x83,0x00,0xfd,0x3a,0x02,0x8f,
	0x9d,0xf9,0x85,0x45,0xe4,0x1a,0x45,0xe4,0x1a,0x45,0xe4,0x1a,0x45,0xe4,0x1a,0x45,
	0xe4,0x1a,0x45,0xe4,0x1a,0x45,0xe4,0x1a,0x45,0xe4,0x1a,0x45,0xe4,0x1a,0x45,0xe4,
	0x1a,0x45,0xe4,0x1a,0x45,0xe4,0x1a,0x45,0xe4,0x1a,0x45,0xe4,0x1a,0x45,0xe4,0x1a,
	0x45,0xe4,0x1a,0x45,0xe4,0x1a,0x45,0xe4,0x1a,0x45,0xe4,0x1a,0x45,0xe4,0x1a,0x45,
	0xe4,0x1a,0x45,0xe4,0x1a,0x1d,0x86,0x01,0xff,0x9d,0x46,0xbb,0x58,0x00,0xbb,0x58,
	0x00,0xbb,0x58,0x00,0xbb,0x58,0x00,0xbb,0x58,0x00,0xbb,0x58,0x00,0xbb,0x58,0x00,
	0xbb,0x58,0x00,0xbb,0x58,0x00,0xbb,0x58,0x00,0xbb,0x58,0x00,0xbb,0x58,0x00,0xbb,
	0x58,0x00,0xbb,0x58,0x00,0xbb,0x58,0x00,0xbb,0x58,0x00,0xbb,0x58,0x00,0xbb,0x58,
	0x00,0xbb,0x58,0x00,0xbb,0x58,0x00,0xbb,0x58,0x00,0xbb,0x58,0x00,0x84,0x3e,0x00,
	0x00,0x00,0x40,0x00,0x00,0x40,0x00,0x00,0x40,0x00,0x00,0x40,0x00,0x00,0x40,0x00,
	0x00,0x40,0x00,0x00,0x40,0x00,0x00,0x40,0x00,0x00,0x40,0x00,0x00,0x40,0x00,0x00,
	0x40,0x00,0x00,0x40,0x00,0x00,0x40,0x00,0x00,0x40,0x00,0x00,0x40,0x00,0x00,0x40,
	0x00,0x00,0x40,0x00,0x00,0x40,0x00,0x00,0x40,0x00,0x00,0x40,0x00,0x00,0x40,0x00,
	0x00,0x40,0x00,0x00,0x40,0x00,0x00,0x40,0xf7,0xdc,0x6f,0xf8,0x8b,0x3b,0xc1,0x55,
	0x06,0xc1,0x55,0x06,0xc1,0x55,0x06,0xc1,0x55,0x06,0xc1,0x55,0x06,0xc1,0x55,0x06,
	0xc1,0x55,0x06,0xc1,0x55,0x06,0xc1,0x55,0x06,0xc1,0x55,0x06,0xc1,0x55,0x06,0xc1,
	0x55,0x06,0xc1,0x55,0x06,0xc1,0x55,0x06,0xc1,0x55,0x06,0xc1,0x55,0x06,0xc1,0x55,
	0x06,0xc1,0x55,0x06,0xc1,0x55,0x06,0xc1,0x55,0x06,0xc1,0x55,0x06,0x57,0x25,0x01,
	0xf7,0xdc,0x6f,0xf8,0x8b,0x3b,0xc1,0x55,0x06,0xc1,0x55,0x06,0xc1,0x55,0x06,0xc1,
	0x55,0x06,0xc1,0x55,0x06,0xc1,0x55,0x06,0xc1,0x55,0x06,0xc1,0x55,0x06,0xc1,0x55,
	0x06,0xc1,0x55,0x06,0xc1,0x55,0x06,0xc1,0x55,0x06,0xc1,0x55,0x06,0xc1,0x55,0x06,
	0xc1,0x55,0x06,0xc1,0x55,0x06,0xc1,0x55,0x06,0xc1,0x55,0x06,0xc1,0x55,0x06,0xc1,
	0x55,0x06,0xc1,0x55,0x06,0x57,0x25,0x01,0xf7,0xdc,0x6f,0xf8,0x8b,0x3b,0xc1,0x55,
	0x06,0xc1,0x55,0x06,0xc1,0x55,0x06,0xc1,0x55,0x06,0xc1,0x55,0x06,0xc1,0x55,0x06,
	0xc1,0x55,0x06,0xc1,0x55,0x06,0xc1,0x55,0x06,0xc1,0x55,0x06,0xc1,0x55,0x06,0xc1,
	0x55,0x06,0xc1,0x55,0x06,0xc1,0x55,0x06,0xc1,0x55,0x06,0xc1,0x55,0x06,0xc1,0x55,
	0x06,0xc1,0x55,0x06,0xc1,0x55,0x06,0xc1,0x55,0x06,0xc1,0x55,0x06,0x57,0x25,0x01,
	0xf7,0xdc,0x6f,0xf8,0x8b,0x3b,0xc1,0x55,0x06,0xc1,0x55,0x06,0xc1,0x55,0x06,0xc1,
	0x55,0x06,0xc1,0x55,0x06,0xc1,0x55,0x06,0xc1,0x55,0x06,0xc1,0x55,0x06,0xc1,0x55,
	0x06,0xc1,0x55,0x06,0xc1,0x55,0x06,0xc1,0x55,0x06,0xc1,0x55,0x06,0xc1,0x55,0x06,
	0xc1,0x55,0x06,0xc1,0x55,0x06,0xc1,0x55,0x06,0xc1,0x55,0x06,0xc1,0x55,0x06,0xc1,
	0x55,0x06,0xc1,0x55,0x06,0x57,0x25,0x01,0xf7,0xdc,0x6f,0xf8,0x8b,0x3b,0xc1,0x55,
	0x06,0xc1,0x55,0x06,0xc1,0x55,0x06,0xc1,0x55,0x06,0xc1,0x55,0x06,0xc1,0x55,0x06,
	0xc1,0x55,0x06,0xc1,0x55,0x06,0xc1,0x55,0x06,0xc1,0x55,0x06,0xf4,0xe5,0xd6,0x97,
	0x98,0x98,0x5e,0x4e,0x46,0xca,0x99,0x7e,0xf6,0xdb,0xc7,0xdc,0xc4,0xb5,0x9e,0x80,
	0x6e,0x92,0x6a,0x53,0xb5,0x98,0x88,0x80,0x75,0x6e,0x67,0x59,0x52,0x83,0x60,0x4d,
	0x9a,0x80,0x72,0x6e,0x5a,0x4f,0xaa,0x80,0x69,0xe2,0xcb,0xbc,0xd6,0xcb,0xc3,0x83,
	0x6e,0x62,0xb7,0x93,0x7f,0x97,0x85,0x7b,0x85,0x68,0x58,0x9e,0x86,0x78,0x6a,0x55,
	0x4b,0xb3,0x8a,0x74,0xc1,0x55,0x06,0xc1,0x55,0x06,0xc1,0x55,0x06,0xc1,0x55,0x06,
	0xc1,0x55,0x06,0xc1,0x55,0x06,0xc1,0x55,0x06,0xc1,0x55,0x06,0xc1,0x55,0x06,0xc1,
	0x55,0x06,0xc1,0x55,0x06,0x57,0x25,0x01,0xf7,0xdc,0x6f,0xf8,0x8b,0x3b,0xc1,0x55,
	0x06,0xc1,0x55,0x06,0xc1,0x55,0x06,0xc1,0x55,0x06,0xc1,0x55,0x06,0xc1,0x55,0x06,
	0xc1,0x55,0x06,0xc1,0x55,0x06,0xc1,0x55,0x06,0xc1,0x55,0x06,0xf4,0xe5,0xd6,0x97,
	0x98,0x98,0x5e,0x4e,0x46,0xca,0x99,0x7e,0xf6,0xdb,0xc7,0xdc,0xc4,0xb5,0x9e,0x80,
	0x6e,0x92,0x6a,0x53,0xb5,0x98,0x88,0x80,0x75,0x6e,0x67,0x59,0x52,0x83,0x60,0x4d,
	0x9a,0x80,0x72,0x6e,0x5a,0x4f,0xaa,0x80,0x69,0xe2,0xcb,0xbc,0xd6,0xcb,0xc3,0x83,
	0x6e,0x62,0xb7,0x93,0x7f,0x97,0x85,0x7b,0x85,0x68,0x58,0x9e,0x86,0x78,0x6a,0x55,
	0x4b,0xb3,0x8a,0x74,0xf4,0xe5,0xd6,0x97,0x98,0x98,0x5e,0x4e,0x46,0xca,0x99,0x7e,
	0xf6,0xdb,0xc7,0xdc,0xc4,0xb5,0x9e,0x80,0x6e,0x92,0x6a,0x53,0xb5,0x98,0x88,0x80,
	0x75,0x6e,0x67,0x59,0x52,0x83,0x60,0x4d,0x9a,0x80,0x72,0x6e,0x5a,0x4f,0xaa,0x80,
	0x69,0xe2,0xcb,0xbc,0xd6,0xcb,0xc3,0x83,0x6e,0x62,0xb7,0x93,0x7f,0x97,0x85,0x7b,
	0x85,0x68,0x58,0x9e,0x86,0x78,0x6a,0x55,0x4b,0xb3,0x8a,0x74,0xc1,0x55,0x06,0xc1,
	0x55,0x06,0xc1,0x55,0x06,0xc1,0x55,0x06,0xc1,0x55,0x06,0xc1,0x55,0x06,0xc1,0x55,
	0x06,0xc1,0x55,0x06,0xc1,0x55,0x06,0xc1,0x55,0x06,0xc1,0x55,0x06,0x57,0x25,0x01,
	0x9a,0x80,0x72,0x6e,0x5a,0x4f,0xaa,0x80,0x69,0xe2,0xcb,0xbc,0xd6,0xcb,0xc3,0x83,
	0x6e,0x62,0xb7,0x93,0x7f,0x97,0x85,0x7b,0x85,0x68,0x58,0x9e,0x86,0x78,0x6a,0x55,
	0x4b,0xb3,0x8a,0x74,0xf4,0xe5,0xd6,0x97,0x98,0x98,0x5e,0x4e,0x46,0xca,0x99,0x7e,
	0xf6,0xdb,0xc7,0xdc,0xc4,0xb5,0x9e,0x80,0x6e,0x92,0x6a,0x53,0xb5,0x98,0x88,0x80,
	0x75,0x6e,0x67,0x59,0x52,0x83,0x60,0x4d,0x00,0x00,0x00,0x00,0x00,0x00,0x00,0x00,
	0x00,0x00,0x00,0x00,0x00,0x00,0x00,0x00,0x00,0x00,0x00,0x00,0x00,0x00,0x00,0x00,
	0x00,0x00,0x00,0x00,0x00,0x00,0x00,0x00,0x00,0x00,0x00,0x00,0x00,0x00,0x00,0x00,
	0x00,0x00,0x00,0x00,0x00,0x00,0x00,0x00,0x00,0x00,0x00,0x00,0x00,0x00,0x00,0x00,
	0x00,0x00,0x00,0x00,0x00,0x00,0x00,0x00,0x00,0x00,0x00,0x00,0x00,0x00,0x00,0x00,
	0xff,0xff,0x6b,0xdf,0xdf,0x00,0xdf,0xdf,0x00,0xdf,0xdf,0x00,0xdf,0xdf,0x00,0xdf,
	0xdf,0x00,0xdf,0xdf,0x00,0xdf,0xdf,0x00,0xdf,0xdf,0x00,0xdf,0xdf,0x00,0xdf,0xdf,
	0x00,0xdf,0xdf,0x00,0xdf,0xdf,0x00,0xdf,0xdf,0x00,0xdf,0xdf,0x00,0xdf,0xdf,0x00,
	0xdf,0xdf,0x00,0xdf,0xdf,0x00,0xdf,0xdf,0x00,0xdf,0xdf,0x00,0xdf,0xdf,0x00,0xdf,
	0xdf,0x00,0xdf,0xdf,0x00,0xa4,0x97,0x00,0xff,0xff,0xff,0xdd,0xdd,0xea,0xdd,0xdd,
	0xea,0xdd,0xdd,0xea,0xdd,0xdd,0xea,0xdd,0xdd,0xea,0xdd,0xdd,0xea,0xdd,0xdd,0xea,
	0xdd,0xdd,0xea,0xdd,0xdd,0xea,0xdd,0xdd,0xea,0xdd,0xdd,0xea,0xdd,0xdd,0xea,0xdd,
	0xdd,0xea,0xdd,0xdd,0xea,0xdd,0xdd,0xea,0xdd,0xdd,0xea,0xdd,0xdd,0xea,0xdd,0xdd,
	0xea,0xdd,0xdd,0xea,0xdd,0xdd,0xea,0xdd,0xdd,0xea,0xdd,0xdd,0xea,0xa0,0xa0,0xa0,
	0x46,0xbe,0xff,0x01,0xa2,0xf9,0x01,0xa2,0xf9,0x01,0xa2,0xf9,0x01,0xa2,0xf9,0x01,
	0xa2,0xf9,0x01,0xa2,0xf9,0x01,0xa2,0xf9,0x01,0xa2,0xf9,0x01,0xa2,0xf9,0x01,0xa2,
	0xf9,0x01,0xa2,0xf9,0x01,0xa2,0xf9,0x01,0xa2,0xf9,0x01,0xa2,0xf9,0x01,0xa2,0xf9,
	0x01,0xa2,0xf9,0x01,0xa2,0xf9,0x01,0xa2,0xf9,0x01,0xa2,0xf9,0x01,0xa2,0xf9,0x01,
	0xa2,0xf9,0x01,0xa2,0xf9,0x02,0x82,0xc7,0xf8,0x66,0x66,0xf1,0x32,0x32,0xf1,0x32,
	0x32,0xf1,0x32,0x32,0xf1,0x32,0x32,0xf1,0x32,0x32,0xf1,0x32,0x32,0xf1,0x32,0x32,
	0xf1,0x32,0x32,0xf1,0x32,0x32,0xf1,0x32,0x32,0xf1,0x32,0x32,0xf1,0x32,0x32,0xf1,
	0x32,0x32,0xf1,0x32,0x32,0xf1,0x32,0x32,0xf1,0x32,0x32,0xf1,0x32,0x32,0xf1,0x32,
	0x32,0xf1,0x32,0x32,0xf1,0x32,0x32,0xf1,0x32,0x32,0xf1,0x32,0x32,0xcc,0x00,0x00,
	0xa7,0x6d,0xfd,0x83,0x00,0xfd,0x83,0x00,0xfd,0x83,0x00,0xfd,0x83,0x00,0xfd,0x83,
	0x00,0xfd,0x83,0x00,0xfd,0x83,0x00,0xfd,0x83,0x00,0xfd,0x83,0x00,0xfd,0x83,0x00,
	0xfd,0x83,0x00,0xfd,0x83,0x00,0xfd,0x83,0x00,0xfd,0x83,0x00,0xfd,0x83,0x00,0xfd,
	0x83,0x00,0xfd,0x83,0x00,0xfd,0x83,0x00,0xfd,0x83,0x00,0xfd,0x83,0x00,0xfd,0x83,
	0x00,0xfd,0x83,0x00,0xfd,0x3a,0x02,0x8f,0x9d,0xf9,0x85,0x45,0xe4,0x1a,0x45,0xe4,
	0x1a,0x45,0xe4,0x1a,0x45,0xe4,0x1a,0x45,0xe4,0x1a,0x45,0xe4,0x1a,0x45,0xe4,0x1a,
	0x45,0xe4,0x1a,0x45,0xe4,0x1a,0x45,0xe4,0x1a,0x45,0xe4,0x1a,0x45,0xe4,0x1a,0x45,
	0xe4,0x1a,0x45,0xe4,0x1a,0x45,0xe4,0x1a,0x45,0xe4,0x1a,0x45,0xe4,0x1a,0x45,0xe4,
	0x1a,0x45,0xe4,0x1a,0x45,0xe4,0x1a,0x45,0xe4,0x1a,0x45,0xe4,0x1a,0x1d,0x86,0x01,
	0xff,0x9d,0x46,0xbb,0x58,0x00,0xbb,0x58,0x00,0xbb,0x58,0x00,0xbb,0x58,0x00,0xbb,
	0x58,0x00,0xbb,0x58,0x00,0xbb,0x58,0x00,0xbb,0x58,0x00,0xbb,0x58,0x00,0xbb,0x58,
	0x00,0xbb,0x58,0x00,0xbb,0x58,0x00,0xbb,0x58,0x00,0xbb,0x58,0x00,0xbb,0x58,0x00,
	0xbb,0x58,0x00,0xbb,0x58,0x00,0xbb,0x58,0x00,0xbb,0x58,0x00,0xbb,0x58,0x00,0xbb,
	0x58,0x00,0xbb,0x58,0x00,0x84,0x3e,0x00,0x00,0x00,0x40,0x00,0x00,0x40,0x00,0x00,
	0x40,0x00,0x00,0x40,0x00,0x00,0x40,0x00,0x00,0x40,0x00,0x00,0x40,0x00,0x00,0x40,
	0x00,0x00,0x40,0x00,0x00,0x40,0x00,0x00,0x40,0x00,0x00,0x40,0x00,0x00,0x40,0x00,
	0x00,0x40,0x00,0x00,0x40,0x00,0x00,0x40,0x00,0x00,0x40,0x00,0x00,0x40,0x00,0x00,
	0x40,0x00,0x00,0x40,0x00,0x00,0x40,0x00,0x00,0x40,0x00,0x00,0x40,0x00,0x00,0x40,
	0xf7,0xdc,0x6f,0xf8,0x8b,0x3b,0xc1,0x55,0x06,0xc1,0x55,0x06,0xc1,0x55,0x06,0xc1,
	0x55,0x06,0xc1,0x55,0x06,0xc1,0x55,0x06,0xc1,0x55,0x06,0xc1,0x55,0x06,0xc1,0x55,
	0x06,0xc1,0x55,0x06,0xc1,0x55,0x06,0xc1,0x55,0x06,0xc1,0x55,0x06,0xc1,0x55,0x06,
	0xc1,0x55,0x06,0xc1,0x55,0x06,0xc1,0x55,0x06,0xc1,0x55,0x06,0xc1,0x55,0x06,0xc1,
	0x55,0x06,0xc1,0x55,0x06,0x57,0x25,0x01,0xf7,0xdc,0x6f,0xf8,0x8b,0x3b,0xc1,0x55,
	0x06,0xc1,0x55,0x06,0xc1,0x55,0x06,0xc1,0x55,0x06,0xc1,0x55,0x06,0xc1,0x55,0x06,
	0xc1,0x55,0x06,0xc1,0x55,0x06,0xc1,0x55,0x06,0xc1,0x55,0x06,0xc1,0x55,0x06,0xc1,
	0x55,0x06,0xc1,0x55,0x06,0xc1,0x55,0x06,0xc1,0x55,0x06,0xc1,0x55,0x06,0xc1,0x55,
	0x06,0xc1,0x55,0x06,0xc1,0x55,0x06,0xc1,0x55,0x06,0xc1,0x55,0x06,0x57,0x25,0x01,
	0xf7,0xdc,0x6f,0xf8,0x8b,0x3b,0xc1,0x55,0x06,0xc1,0x55,0x06,0xc1,0x55,0x06,0xc1,
	0x55,0x06,0xc1,0x55,0x06,0xc1,0x55,0x06,0xc1,0x55,0x06,0xc1,0x55,0x06,0xc1,0x55,
	0x06,0xc1,0x55,0x06,0xc1,0x55,0x06,0xc1,0x55,0x06,0xc1,0x55,0x06,0xc1,0x55,0x06,
	0xc1,0x55,0x06,0xc1,0x55,0x06,0xc1,0x55,0x06,0xc1,0x55,0x06,0xc1,0x55,0x06,0xc1,
	0x55,0x06,0xc1,0x55,0x06,0x57,0x25,0x01,0xf7,0xdc,0x6f,0xf8,0x8b,0x3b,0xc1,0x55,
	0x06,0xc1,0x55,0x06,0xc1,0x55,0x06,0xc1,0x55,0x06,0xc1,0x55,0x06,0xc1,0x55,0x06,
	0xc1,0x55,0x06,0xc1,0x55,0x06,0xc1,0x55,0x06,0xc1,0x55,0x06,0xc1,0x55,0x06,0xc1,
	0x55,0x06,0xc1,0x55,0x06,0xc1,0x55,0x06,0xc1,0x55,0x06,0xc1,0x55,0x06,0xc1,0x55,
	0x06,0xc1,0x55,0x06,0xc1,0x55,0x06,0xc1,0x55,0x06,0xc1,0x55,0x06,0x57,0x25,0x01,
	0xf7,0xdc,0x6f,0xf8,0x8b,0x3b,0xc1,0x55,0x06,0xc1,0x55,0x06,0xc1,0x55,0x06,0xc1,
	0x55,0x06,0xc1,0x55,0x06,0xc1,0x55,0x06,0xc1,0x55,0x06,0xc1,0x55,0x06,0xc1,0x55,
	0x06,0xc1,0x55,0x06,0xcb,0xc1,0xba,0x61,0x63,0x65,0x88,0x61,0x4e,0xf5,0xcd,0xb1,
	0xd8,0xdb,0xd4,0xb9,0xb0,0xab,0x88,0x7f,0x7b,0x6c,0x51,0x42,0x90,0x72,0x62,0x7f,
	0x6d,0x63,0x7a,0x62,0x55,0x81,0x5d,0x49,0x93,0x72,0x60,0xa0,0x7d,0x69,0xa0,0x7a,
	0x65,0xa9,0x8e,0x80,0xaf,0xa4,0x9e,0x76,0x6a,0x62,0x95,0x77,0x67,0x83,0x75,0x6f,
	0x61,0x49,0x3d,0x7b,0x5a,0x49,0x81,0x63,0x53,0xd7,0xae,0x96,0xc1,0x55,0x06,0xc1,
	0x55,0x06,0xc1,0x55,0x06,0xc1,0x55,0x06,0xc1,0x55,0x06,0xc1,0x55,0x06,0xc1,0x55,
	0x06,0xc1,0x55,0x06,0xc1,0x55,0x06,0xc1,0x55,0x06,0xc1,0x55,0x06,0x57,0x25,0x01,
	0xf7,0xdc,0x6f,0xf8,0x8b,0x3b,0xc1,0x55,0x06,0xc1,0x55,0x06,0xc1,0x55,0x06,0xc1,
	0x55,0x06,0xc1,0x55,0x06,0xc1,0x55,0x06,0xc1,0x55,0x06,0xc1,0x55,0x06,0xc1,0x55,
	0x06,0xc1,0x55,0x06,0xcb,0xc1,0xba,0x61,0x63,0x65,0x88,0x61,0x4e,0xf5,0xcd,0xb1,
	0xd8,0xdb,0xd4,0xb9,0xb0,0xab,0x88,0x7f,0x7b,0x6c,0x51,0x42,0x90,0x72,0x62,0x7f,
	0x6d,0x63,0x7a,0x62,0x55,0x81,0x5d,0x49,0x93,0x72,0x60,0xa0,0x7d,0x69,0xa0,0x7a,
	0x65,0xa9,0x8e,0x80,0xaf,0xa4,0x9e,0x76,0x6a,0x62,0x95,0x77,0x67,0x83,0x75,0x6f,
	0x61,0x49,0x3d,0x7b,0x5a,0x49,0x81,0x63,0x53,0xd7,0xae,0x96,0xcb,0xc1,0xba,0x61,
	0x63,0x65,0x88,0x61,0x4e,0xf5,0xcd,0xb1,0xd8,0xdb,0xd4,0xb9,0xb0,0xab,0x88,0x7f,
	0x7b,0x6c,0x51,0x42,0x90,0x72,0x62,0x7f,0x6d,0x63,0x7a,0x62,0x55,0x81,0x5d,0x49,
	0x93,0x72,0x60,0xa0,0x7d,0x69,0xa0,0x7a,0x65,0xa9,0x8e,0x80,0xaf,0xa4,0x9e,0x76,
	0x6a,0x62,0x95,0x77,0x67,0x83,0x75,0x6f,0x61,0x49,0x3d,0x7b,0x5a,0x49,0x81,0x63,
	0x53,0xd7,0xae,0x96,0xc1,0x55,0x06,0xc1,0x55,0x06,0xc1,0x55,0x06,0xc1,0x55,0x06,
	0xc1,0x55,0x06,0xc1,0x55,0x06,0xc1,0x55,0x06,0xc1,0x55,0x06,0xc1,0x55,0x06,0xc1,
	0x55,0x06,0xc1,0x55,0x06,0x57,0x25,0x01,0x93,0x72,0x60,0xa0,0x7d,0x69,0xa0,0x7a,
	0x65,0xa9,0x8e,0x80,0xaf,0xa4,0x9e,0x76,0x6a,0x62,0x95,0x77,0x67,0x83,0x75,0x6f,
	0x61,0x49,0x3d,0x7b,0x5a,0x49,0x81,0x63,0x53,0xd7,0xae,0x96,0xcb,0xc1,0xba,0x61,
	0x63,0x65,0x88,0x61,0x4e,0xf5,0xcd,0xb1,0xd8,0xdb,0xd4,0xb9,0xb0,0xab,0x88,0x7f,
	0x7b,0x6c,0x51,0x42,0x90,0x72,0x62,0x7f,0x6d,0x63,0x7a,0x62,0x55,0x81,0x5d,0x49,
	0x00,0x00,0x00,0x00,0x00,0x00,0x00,0x00,0x00,0x00,0x00,0x00,0x00,0x00,0x00,0x00,
	0x00,0x00,0x00,0x00,0x00,0x00,0x00,0x00,0x00,0x00,0x00,0x00,0x00,0x00,0x00,0x00,
	0x00,0x00,0x00,0x00,0x00,0x00,0x00,0x00,0x00,0x00,0x00,0x00,0x00,0x00,0x00,0x00,
	0x00,0x00,0x00,0x00,0x00,0x00,0x00,0x00,0x00,0x00,0x00,0x00,0x00,0x00,0x00,0x00,
	0x00,0x00,0x00,0x00,0x00,0x00,0x00,0x00,0xff,0xff,0x6b,0xdf,0xdf,0x00,0xdf,0xdf,
	0x00,0xdf,0xdf,0x00,0xdf,0xdf,0x00,0xdf,0xdf,0x00,0xdf,0xdf,0x00,0xdf,0xdf,0x00,
	0xdf,0xdf,0x00,0xdf,0xdf,0x00,0xdf,0xdf,0x00,0xdf,0xdf,0x00,0xdf,0xdf,0x00,0xdf,
	0xdf,0x00,0xdf,0xdf,0x00,0xdf,0xdf,0x00,0xdf,0xdf,0x00,0xdf,0xdf,0x00,0xdf,0xdf,
	0x00,0xdf,0xdf,0x00,0xdf,0xdf,0x00,0xdf,0xdf,0x00,0xdf,0xdf,0x00,0xa4,0x97,0x00,
	0xff,0xff,0xff,0xdd,0xdd,0xea,0xdd,0xdd,0xea,0xdd,0xdd,0xea,0xdd,0xdd,0xea,0xdd,
	0xdd,0xea,0xdd,0xdd,0xea,0xdd,0xdd,0xea,0xdd,0xdd,0xea,0xdd,0xdd,0xea,0xdd,0xdd,
	0xea,0xdd,0xdd,0xea,0xdd,0xdd,0xea,0xdd,0xdd,0xea,0xdd,0xdd,0xea,0xdd,0xdd,0xea,
	0xdd,0xdd,0xea,0xdd,0xdd,0xea,0xdd,0xdd,0xea,0xdd,0xdd,0xea,0xdd,0xdd,0xea,0xdd,
	0xdd,0xea,0xdd,0xdd,0xea,0xa0,0xa0,0xa0,0x46,0xbe,0xff,0x01,0xa2,0xf9,0x01,0xa2,
	0xf9,0x01,0xa2,0xf9,0x01,0xa2,0xf9,0x01,0xa2,0xf9,0x01,0xa2,0xf9,0x01,0xa2,0xf9,
	0x01,0xa2,0xf9,0x01,0xa2,0xf9,0x01,0xa2,0xf9,0x01,0xa2,0xf9,0x01,0xa2,0xf9,0x01,
	0xa2,0xf9,0x01,0xa2,0xf9,0x01,0xa2,0xf9,0x01,0xa2,0xf9,0x01,0xa2,0xf9,0x01,0xa2,
	0xf9,0x01,0xa2,0xf9,0x01,0xa2,0xf9,0x01,0xa2,0xf9,0x01,0xa2,0xf9,0x02,0x82,0xc7,
	0xf8,0x66,0x66,0xf1,0x32,0x32,0xf1,0x32,0x32,0xf1,0x32,0x32,0xf1,0x32,0x32,0xf1,
	0x32,0x32,0xf1,0x32,0x32,0xf1,0x32,0x32,0xf1,0x32,0x32,0xf1,0x32,0x32,0xf1,0x32,
	0x32,0xf1,0x32,0x32,0xf1,0x32,0x32,0xf1,0x32,0x32,0xf1,0x32,0x32,0xf1,0x32,0x32,
	0xf1,0x32,0x32,0xf1,0x32,0x32,0xf1,0x32,0x32,0xf1,0x32,0x32,0xf1,0x32,0x32,0xf1,
	0x32,0x32,0xf1,0x32,0x32,0xcc,0x00,0x00,0xa7,0x6d,0xfd,0x83,0x00,0xfd,0x83,0x00,
	0xfd,0x83,0x00,0xfd,0x83,0x00,0xfd,0x83,0x00,0xfd,0x83,0x00,0xfd,0x83,0x00,0xfd,
	0x83,0x00,0xfd,0x83,0x00,0xfd,0x83,0x00,0xfd,0x83,0x00,0xfd,0x83,0x00,0xfd,0x83,
	0x00,0xfd,0x83,0x00,0xfd,0x83,0x00,0xfd,0x83,0x00,0xfd,0x83,0x00,0xfd,0x83,0x00,
	0xfd,0x83,0x00,0xfd,0x83,0x00,0xfd,0x83,0x00,0xfd,0x83,0x00,0xfd,0x3a,0x02,0x8f,
	0x9d,0xf9,0x85,0x45,0xe4,0x1a,0x45,0xe4,0x1a,0x45,0xe4,0x1a,0x45,0xe4,0x1a,0x45,
	0xe4,0x1a,0x45,0xe4,0x1a,0x45,0xe4,0x1a,0x45,0xe4,0x1a,0x45,0xe4,0x1a,0x45,0xe4,
	0x1a,0x45,0xe4,0x1a,0x45,0xe4,0x1a,0x45,0xe4,0x1a,0x45,0xe4,0x1a,0x45,0xe4,0x1a,
	0x45,0xe4,0x1a,0x45,0xe4,0x1a,0x45,0xe4,0x1a,0x45,0xe4,0x1a,0x45,0xe4,0x1a,0x45,
	0xe4,0x1a,0x45,0xe4,0x1a,0x1d,0x86,0x01,0xff,0x9d,0x46,0xbb,0x58,0x00,0xbb,0x58,
	0x00,0xbb,0x58,0x00,0xbb,0x58,0x00,0xbb,0x58,0x00,0xbb,0x58,0x00,0xbb,0x58,0x00,
	0xbb,0x58,0x00,0xbb,0x58,0x00,0xbb,0x58,0x00,0xbb,0x58,0x00,0xbb,0x58,0x00,0xbb,
	0x58,0x00,0xbb,0x58,0x00,0xbb,0x58,0x00,0xbb,0x58,0x00,0xbb,0x58,0x00,0xbb,0x58,
	0x00,0xbb,0x58,0x00,0xbb,0x58,0x00,0xbb,0x58,0x00,0xbb,0x58,0x00,0x84,0x3e,0x00,
	0x00,0x00,0x40,0x00,0x00,0x40,0x00,0x00,0x40,0x00,0x00,0x40,0x00,0x00,0x40,0x00,
	0x00,0x40,0x00,0x00,0x40,0x00,0x00,0x40,0x00,0x00,0x40,0x00,0x00,0x40,0x00,0x00,
	0x40,0x00,0x00,0x40,0x00,0x00,0x40,0x00,0x00,0x40,0x00,0x00,0x40,0x00,0x00,0x40,
	0x00,0x00,0x40,0x00,0x00,0x40,0x00,0x00,0x40,0x00,0x00,0x40,0x00,0x00,0x40,0x00,
	0x00,0x40,0x00,0x00,0x40,0x00,0x00,0x40,0xf7,0xdc,0x6f,0xf8,0x8b,0x3b,0xc1,0x55,
	0x06,0xc1,0x55,0x06,0xc1,0x55,0x06,0xc1,0x55,0x06,0xc1,0x55,0x06,0xc1,0x55,0x06,
	0xc1,0x55,0x06,0xc1,0x55,0x06,0xc1,0x55,0x06,0xc1,0x55,0x06,0xc1,0x55,0x06,0xc1,
	0x55,0x06,0xc1,0x55,0x06,0xc1,0x55,0x06,0xc1,0x55,0x06,0xc1,0x55,0x06,0xc1,0x55,
	0x06,0xc1,0x55,0x06,0xc1,0x55,0x06,0xc1,0x55,0x06,0xc1,0x55,0x06,0x57,0x25,0x01,
	0xf7,0xdc,0x6f,0xf8,0x8b,0x3b,0xc1,0x55,0x06,0xc1,0x55,0x06,0xc1,0x55,0x06,0xc1,
	0x55,0x06,0xc1,0x55,0x06,0xc1,0x55,0x06,0xc1,0x55,0x06,0xc1,0x55,0x06,0xc1,0x55,
	0x06,0xc1,0x55,0x06,0xc1,0x55,0x06,0xc1,0x55,0x06,0xc1,0x55,0x06,0xc1,0x55,0x06,
	0xc1,0x55,0x06,0xc1,0x55,0x06,0xc1,0x55,0x06,0xc1,0x55,0x06,0xc1,0x55,0x06,0xc1,
	0x55,0x06,0xc1,0x55,0x06,0x57,0x25,0x01,0xf7,0xdc,0x6f,0xf8,0x8b,0x3b,0xc1,0x55,
	0x06,0xc1,0x55,0x06,0xc1,0x55,0x06,0xc1,0x55,0x06,0xc1,0x55,0x06,0xc1,0x55,0x06,
	0xc1,0x55,0x06,0xc1,0x55,0x06,0xc1,0x55,0x06,0xc1,0x55,0x06,0xc1,0x55,0x06,0xc1,
	0x55,0x06,0xc1,0x55,0x06,0xc1,0x55,0x06,0xc1,0x55,0x06,0xc1,0x55,0x06,0xc1,0x55,
	0x06,0xc1,0x55,0x06,0xc1,0x55,0x06,0xc1,0x55,0x06,0xc1,0x55,0x06,0x57,0x25,0x01,
	0xf7,0xdc,0x6f,0xf8,0x8b,0x3b,0xc1,0x55,0x06,0xc1,0x55,0x06,0xc1,0x55,0x06,0xc1,
	0x55,0x06,0xc1,0x55,0x06,0xc1,0x55,0x06,0xc1,0x55,0x06,0xc1,0x55,0x06,0xc1,0x55,
	0x06,0xc1,0x55,0x06,0xc1,0x55,0x06,0xc1,0x55,0x06,0xc1,0x55,0x06,0xc1,0x55,0x06,
	0xc1,0x55,0x06,0xc1,0x55,0x06,0xc1,0x55,0x06,0xc1,0x55,0x06,0xc1,0x55,0x06,0xc1,
	0x55,0x06,0xc1,0x55,0x06,0x57,0x25,0x01,0xf7,0xdc,0x6f,0xf8,0x8b,0x3b,0xc1,0x55,
	0x06,0xc1,0x55,0x06,0xc1,0x55,0x06,0xc1,0x55,0x06,0xc1,0x55,0x06,0xc1,0x55,0x06,
	0xc1,0x55,0x06,0xc1,0x55,0x06,0xc1,0x55,0x06,0xc1,0x55,0x06,0x86,0x6f,0x62,0x6d,
	0x59,0x4e,0xb8,0x8b,0x73,0xf8,0xd4,0xbd,0xbf,0xb8,0xb3,0x88,0x85,0x85,0x54,0x4b,
	0x45,0x91,0x6b,0x56,0x9a,0x75,0x61,0x99,0x72,0x5d,0xc7,0x9c,0x84,0xbc,0x9f,0x8f,
	0x89,0x6a,0x58,0xbc,0x96,0x81,0xd4,0xb1,0x9e,0xc3,0x9a,0x82,0xad,0x89,0x75,0x74,
	0x5b,0x4f,0x74,0x56,0x4a,0x83,0x6a,0x5e,0x7a,0x5c,0x4d,0x9e,0x75,0x5f,0xb0,0x89,
	0x72,0xb2,0x91,0x7f,0xc1,0x55,0x06,0xc1,0x55,0x06,0xc1,0x55,0x06,0xc1,0x55,0x06,
	0xc1,0x55,0x06,0xc1,0x55,0x06,0xc1,0x55,0x06,0xc1,0x55,0x06,0xc1,0x55,0x06,0xc1,
	0x55,0x06,0xc1,0x55,0x06,0x57,0x25,0x01,0xf7,0xdc,0x6f,0xf8,0x8b,0x3b,0xc1,0x55,
	0x06,0xc1,0x55,0x06,0xc1,0x55,0x06,0xc1,0x55,0x06,0xc1,0x55,0x06,0xc1,0x55,0x06,
	0xc1,0x55,0x06,0xc1,0x55,0x06,0xc1,0x55,0x06,0xc1,0x55,0x06,0x86,0x6f,0x62,0x6d,
	0x59,0x4e,0xb8,0x8b,0x73,0xf8,0xd4,0xbd,0xbf,0xb8,0xb3,0x88,0x85,0x85,0x54,0x4b,
	0x45,0x91,0x6b,0x56,0x9a,0x75,0x61,0x99,0x72,0x5d,0xc7,0x9c,0x84,0xbc,0x9f,0x8f,
	0x89,0x6a,0x58,0xbc,0x96,0x81,0xd4,0xb1,0x9e,0xc3,0x9a,0x82,0xad,0x89,0x75,0x74,
	0x5b,0x4f,0x74,0x56,0x4a,0x83,0x6a,0x5e,0x7a,0x5c,0x4d,0x9e,0x75,0x5f,0xb0,0x89,
	0x72,0xb2,0x91,0x7f,0x86,0x6f,0x62,0x6d,0x59,0x4e,0xb8,0x8b,0x73,0xf8,0xd4,0xbd,
	0xbf,0xb8,0xb3,0x88,0x85,0x85,0x54,0x4b,0x45,0x91,0x6b,0x56,0x9a,0x75,0x61,0x99,
	0x72,0x5d,0xc7,0x9c,0x84,0xbc,0x9f,0x8f,0x89,0x6a,0x58,0xbc,0x96,0x81,0xd4,0xb1,
	0x9e,0xc3,0x9a,0x82,0xad,0x89,0x75,0x74,0x5b,0x4f,0x74,0x56,0x4a,0x83,0x6a,0x5e,
	0x7a,0x5c,0x4d,0x9e,0x75,0x5f,0xb0,0x89,0x72,0xb2,0x91,0x7f,0xc1,0x55,0x06,0xc1,
	0x55,0x06,0xc1,0x55,0x06,0xc1,0x55,0x06,0xc1,0x55,0x06,0xc1,0x55,0x06,0xc1,0x55,
	0x06,0xc1,0x55,0x06,0xc1,0x55,0x06,0xc1,0x55,0x06,0xc1,0x55,0x06,0x57,0x25,0x01,
	0x89,0x6a,0x58,0xbc,0x96,0x81,0xd4,0xb1,0x9e,0xc3,0x9a,0x82,0xad,0x89,0x75,0x74,
	0x5b,0x4f,0x74,0x56,0x4a,0x83,0x6a,0x5e,0x7a,0x5c,0x4d,0x9e,0x75,0x5f,0xb0,0x89,
	0x72,0xb2,0x91,0x7f,0x86,0x6f,0x62,0x6d,0x59,0x4e,0xb8,0x8b,0x73,0xf8,0xd4,0xbd,
	0xbf,0xb8,0xb3,0x88,0x85,0x85,0x54,0x4b,0x45,0x91,0x6b,0x56,0x9a,0x75,0x61,0x99,
	0x72,0x5d,0xc7,0x9c,0x84,0xbc,0x9f,0x8f,0x00,0x00,0x00,0x00,0x00,0x00,0x00,0x00,
	0x00,0x00,0x00,0x00,0x00,0x00,0x00,0x00,0x00,0x00,0x00,0x00,0x00,0x00,0x00,0x00,
	0x00,0x00,0x00,0x00,0x00,0x00,0x00,0x00,0x00,0x00,0x00,0x00,0x00,0x00,0x00,0x00,
	0x00,0x00,0x00,0x00,0x00,0x00,0x00,0x00,0x00,0x00,0x00,0x00,0x00,0x00,0x00,0x00,
	0x00,0x00,0x00,0x00,0x00,0x00,0x00,0x00,0x00,0x00,0x00,0x00,0x00,0x00,0x00,0x00,
	0xff,0xff,0x6b,0xdf,0xdf,0x00,0xdf,0xdf,0x00,0xdf,0xdf,0x00,0xdf,0xdf,0x00,0xdf,
	0xdf,0x00,0xdf,0xdf,0x00,0xdf,0xdf,0x00,0xdf,0xdf,0x00,0xdf,0xdf,0x00,0xdf,0xdf,
	0x00,0xdf,0xdf,0x00,0xdf,0xdf,0x00,0xdf,0xdf,0x00,0xdf,0xdf,0x00,0xdf,0xdf,0x00,
	0xdf,0xdf,0x00,0xdf,0xdf,0x00,0xdf,0xdf,0x00,0xdf,0xdf,0x00,0xdf,0xdf,0x00,0xdf,
	0xdf,0x00,0xdf,0xdf,0x00,0xa4,0x97,0x00,0xff,0xff,0xff,0xdd,0xdd,0xea,0xdd,0xdd,
	0xea,0xdd,0xdd,0xea,0xdd,0xdd,0xea,0xdd,0xdd,0xea,0xdd,0xdd,0xea,0xdd,0xdd,0xea,
	0xdd,0xdd,0xea,0xdd,0xdd,0xea,0xdd,0xdd,0xea,0xdd,0xdd,0xea,0xdd,0xdd,0xea,0xdd,
	0xdd,0xea,0xdd,0xdd,0xea,0xdd,0xdd,0xea,0xdd,0xdd,0xea,0xdd,0xdd,0xea,0xdd,0xdd,
	0xea,0xdd,0xdd,0xea,0xdd,0xdd,0xea,0xdd,0xdd,0xea,0xdd,0xdd,0xea,0xa0,0xa0,0xa0,
	0x46,0xbe,0xff,0x01,0xa2,0xf9,0x01,0xa2,0xf9,0x01,0xa2,0xf9,0x01,0xa2,0xf9,0x01,
	0xa2,0xf9,0x01,0xa2,0xf9,0x01,0xa2,0xf9,0x01,0xa2,0xf9,0x01,0xa2,0xf9,0x01,0xa2,
	0xf9,0x01,0xa2,0xf9,0x01,0xa2,0xf9,0x01,0xa2,0xf9,0x01,0xa2,0xf9,0x01,0xa2,0xf9,
	0x01,0xa2,0xf9,0x01,0xa2,0xf9,0x01,0xa2,0xf9,0x01,0xa2,0xf9,0x01,0xa2,0xf9,0x01,
	0xa2,0xf9,0x01,0xa2,0xf9,0x02,0x82,0xc7,0xf8,0x66,0x66,0xf1,0x32,0x32,0xf1,0x32,
	0x32,0xf1,0x32,0x32,0xf1,0x32,0x32,0xf1,0x32,0x32,0xf1,0x32,0x32,0xf1,0x32,0x32,
	0xf1,0x32,0x32,0xf1,0x32,0x32,0xf1,0x32,0x32,0xf1,0x32,0x32,0xf1,0x32,0x32,0xf1,
	0x32,0x32,0xf1,0x32,0x32,0xf1,0x32,0x32,0xf1,0x32,0x32,0xf1,0x32,0x32,0xf1,0x32,
	0x32,0xf1,0x32,0x32,0xf1,0x32,0x32,0xf1,0x32,0x32,0xf1,0x32,0x32,0xcc,0x00,0x00,
	0xa7,0x6d,0xfd,0x83,0x00,0xfd,0x83,0x00,0xfd,0x83,0x00,0xfd,0x83,0x00,0xfd,0x83,
	0x00,0xfd,0x83,0x00,0xfd,0x83,0x00,0xfd,0x83,0x00,0xfd,0x83,0x00,0xfd,0x83,0x00,
	0xfd,0x83,0x00,0xfd,0x83,0x00,0xfd,0x83,0x00,0xfd,0x83,0x00,0xfd,0x83,0x00,0xfd,
	0x83,0x00,0xfd,0x83,0x00,0xfd,0x83,0x00,0xfd,0x83,0x00,0xfd,0x83,0x00,0xfd,0x83,
	0x00,0xfd,0x83,0x00,0xfd,0x3a,0x02,0x8f,0x9d,0xf9,0x85,0x45,0xe4,0x1a,0x45,0xe4,
	0x1a,0x45,0xe4,0x1a,0x45,0xe4,0x1a,0x45,0xe4,0x1a,0x45,0xe4,0x1a,0x45,0xe4,0x1a,
	0x45,0xe4,0x1a,0x45,0xe4,0x1a,0x45,0xe4,0x1a,0x45,0xe4,0x1a,0x45,0xe4,0x1a,0x45,
	0xe4,0x1a,0x45,0xe4,0x1a,0x45,0xe4,0x1a,0x45,0xe4,0x1a,0x45,0xe4,0x1a,0x45,0xe4,
	0x1a,0x45,0xe4,0x1a,0x45,0xe4,0x1a,0x45,0xe4,0x1a,0x45,0xe4,0x1a,0x1d,0x86,0x01,
	0xff,0x9d,0x46,0xbb,0x58,0x00,0xbb,0x58,0x00,0xbb,0x58,0x00,0xbb,0x58,0x00,0xbb,
	0x58,0x00,0xbb,0x58,0x00,0xbb,0x58,0x00,0xbb,0x58,0x00,0xbb,0x58,0x00,0xbb,0x58,
	0x00,0xbb,0x58,0x00,0xbb,0x58,0x00,0xbb,0x58,0x00,0xbb,0x58,0x00,0xbb,0x58,0x00,
	0xbb,0x58,0x00,0xbb,0x58,0x00,0xbb,0x58,0x00,0xbb,0x58,0x00,0xbb,0x58,0x00,0xbb,
	0x58,0x00,0xbb,0x58,0x00,0x84,0x3e,0x00,0x00,0x00,0x40,0x00,0x00,0x40,0x00,0x00,
	0x40,0x00,0x00,0x40,0x00,0x00,0x40,0x00,0x00,0x40,0x00,0x00,0x40,0x00,0x00,0x40,
	0x00,0x00,0x40,0x00,0x00,0x40,0x00,0x00,0x40,0x00,0x00,0x40,0x00,0x00,0x40,0x00,
	0x00,0x40,0x00,0x00,0x40,0x00,0x00,0x40,0x00,0x00,0x40,0x00,0x00,0x40,0x00,0x00,
	0x40,0x00,0x00,0x40,0x00,0x00,0x40,0x00,0x00,0x40,0x00,0x00,0x40,0x00,0x00,0x40,
	0xf7,0xdc,0x6f,0xf8,0x8b,0x3b,0xc1,0x55,0x06,0xc1,0x55,0x06,0xc1,0x55,0x06,0xc1,
	0x55,0x06,0xc1,0x55,0x06,0xc1,0x55,0x06,0xc1,0x55,0x06,0xc1,0x55,0x06,0xc1,0x55,
	0x06,0xc1,0x55,0x06,0xc1,0x55,0x06,0xc1,0x55,0x06,0xc1,0x55,0x06,0xc1,0x55,0x06,
	0xc1,0x55,0x06,0xc1,0x55,0x06,0xc1,0x55,0x06,0xc1,0x55,0x06,0xc1,0x55,0x06,0xc1,
	0x55,0x06,0xc1,0x55,0x06,0x57,0x25,0x01,0xf7,0xdc,0x6f,0xf8,0x8b,0x3b,0xc1,0x55,
	0x06,0xc1,0x55,0x06,0xc1,0x55,0x06,0xc1,0x55,0x06,0xc1,0x55,0x06,0xc1,0x55,0x06,
	0xc1,0x55,0x06,0xc1,0x55,0x06,0xc1,0x55,0x06,0xc1,0x55,0x06,0xc1,0x55,0x06,0xc1,
	0x55,0x06,0xc1,0x55,0x06,0xc1,0x55,0x06,0xc1,0x55,0x06,0xc1,0x55,0x06,0xc1,0x55,
	0x06,0xc1,0x55,0x06,0xc1,0x55,0x06,0xc1,0x55,0x06,0xc1,0x55,0x06,0x57,0x25,0x01,
	0xf7,0xdc,0x6f,0xf8,0x8b,0x3b,0xc1,0x55,0x06,0xc1,0x55,0x06,0xc1,0x55,0x06,0xc1,
	0x55,0x06,0xc1,0x55,0x06,0xc1,0x55,0x06,0xc1,0x55,0x06,0xc1,0x55,0x06,0xc1,0x55,
	0x06,0xc1,0x55,0x06,0xc1,0x55,0x06,0xc1,0x55,0x06,0xc1,0x55,0x06,0xc1,0x55,0x06,
	0xc1,0x55,0x06,0xc1,0x55,0x06,0xc1,0x55,0x06,0xc1,0x55,0x06,0xc1,0x55,0x06,0xc1,
	0x55,0x06,0xc1,0x55,0x06,0x57,0x25,0x01,0xf7,0xdc,0x6f,0xf8,0x8b,0x3b,0xc1,0x55,
	0x06,0xc1,0x55,0x06,0xc1,0x55,0x06,0xc1,0x55,0x06,0xc1,0x55,0x06,0xc1,0x55,0x06,
	0xc1,0x55,0x06,0xc1,0x55,0x06,0xc1,0x55,0x06,0xc1,0x55,0x06,0xc1,0x55,0x06,0xc1,
	0x55,0x06,0xc1,0x55,0x06,0xc1,0x55,0x06,0xc1,0x55,0x06,0xc1,0x55,0x06,0xc1,0x55,
	0x06,0xc1,0x55,0x06,0xc1,0x55,0x06,0xc1,0x55,0x06,0xc1,0x55,0x06,0x57,0x25,0x01,
	0xf7,0xdc,0x6f,0xf8,0x8b,0x3b,0xc1,0x55,0x06,0xc1,0x55,0x06,0xc1,0x55,0x06,0xc1,
	0x55,0x06,0xc1,0x55,0x06,0xc1,0x55,0x06,0xc1,0x55,0x06,0xc1,0x55,0x06,0xc1,0x55,
	0x06,0xc1,0x55,0x06,0xb8,0x93,0x7e,0xc6,0x9d,0x85,0xbb,0x93,0x7b,0x9e,0x88,0x7d,
	0x8d,0x7e,0x76,0x69,0x5e,0x57,0x84,0x63,0x50,0xdf,0xb4,0x9c,0x8e,0x7b,0x72,0x95,
	0x70,0x5c,0xef,0xc8,0xb3,0xbd,0xaf,0xa6,0x54,0x45,0x3a,0xa4,0x7d,0x69,0xf1,0xdd,
	0xce,0xcd,0xc1,0xb5,0x8f,0x74,0x66,0x6d,0x49,0x37,0x93,0x71,0x5f,0xbb,0x96,0x80,
	0xe8,0xbb,0x9e,0xc2,0xa4,0x92,0x88,0x6d,0x5d,0x9b,0x76,0x63,0xc1,0x55,0x06,0xc1,
	0x55,0x06,0xc1,0x55,0x06,0xc1,0x55,0x06,0xc1,0x55,0x06,0xc1,0x55,0x06,0xc1,0x55,
	0x06,0xc1,0x55,0x06,0xc1,0x55,0x06,0xc1,0x55,0x06,0xc1,0x55,0x06,0x57,0x25,0x01,
	0xf7,0xdc,0x6f,0xf8,0x8b,0x3b,0xc1,0x55,0x06,0xc1,0x55,0x06,0xc1,0x55,0x06,0xc1,
	0x55,0x06,0xc1,0x55,0x06,0xc1,0x55,0x06,0xc1,0x55,0x06,0xc1,0x55,0x06,0xc1,0x55,
	0x06,0xc1,0x55,0x06,0xb8,0x93,0x7e,0xc6,0x9d,0x85,0xbb,0x93,0x7b,0x9e,0x88,0x7d,
	0x8d,0x7e,0x76,0x69,0x5e,0x57,0x84,0x63,0x50,0xdf,0xb4,0x9c,0x8e,0x7b,0x72,0x95,
	0x70,0x5c,0xef,0xc8,0xb3,0xbd,0xaf,0xa6,0x54,0x45,0x3a,0xa4,0x7d,0x69,0xf1,0xdd,
	0xce,0xcd,0xc1,0xb5,0x8f,0x74,0x66,0x6d,0x49,0x37,0x93,0x71,0x5f,0xbb,0x96,0x80,
	0xe8,0xbb,0x9e,0xc2,0xa4,0x92,0x88,0x6d,0x5d,0x9b,0x76,0x63,0xb8,0x93,0x7e,0xc6,
	0x9d,0x85,0xbb,0x93,0x7b,0x9e,0x88,0x7d,0x8d,0x7e,0x76,0x69,0x5e,0x57,0x84,0x63,
	0x50,0xdf,0xb4,0x9c,0x8e,0x7b,0x72,0x95,0x70,0x5c,0xef,0xc8,0xb3,0xbd,0xaf,0xa6,
	0x54,0x45,0x3a,0xa4,0x7d,0x69,0xf1,0xdd,0xce,0xcd,0xc1,0xb5,0x8f,0x74,0x66,0x6d,
	0x49,0x37,0x93,0x71,0x5f,0xbb,0x96,0x80,0xe8,0xbb,0x9e,0xc2,0xa4,0x92,0x88,0x6d,
	0x5d,0x9b,0x76,0x63,0xc1,0x55,0x06,0xc1,0x55,0x06,0xc1,0x55,0x06,0xc1,0x55,0x06,
	0xc1,0x55,0x06,0xc1,0x55,0x06,0xc1,0x55,0x06,0xc1,0x55,0x06,0xc1,0x55,0x06,0xc1,
	0x55,0x06,0xc1,0x55,0x06,0x57,0x25,0x01,0x54,0x45,0x3a,0xa4,0x7d,0x69,0xf1,0xdd,
	0xce,0xcd,0xc1,0xb5,0x8f,0x74,0x66,0x6d,0x49,0x37,0x93,0x71,0x5f,0xbb,0x96,0x80,
	0xe8,0xbb,0x9e,0xc2,0xa4,0x92,0x88,0x6d,0x5d,0x9b,0x76,0x63,0xb8,0x93,0x7e,0xc6,
	0x9d,0x85,0xbb,0x93,0x7b,0x9e,0x88,0x7d,0x8d,0x7e,0x76,0x69,0x5e,0x57,0x84,0x63,
	0x50,0xdf,0xb4,0x9c,0x8e,0x7b,0x72,0x95,0x70,0x5c,0xef,0xc8,0xb3,0xbd,0xaf,0xa6,
	0x00,0x00,0x00,0x00,0x00,0x00,0x00,0x00,0x00,0x00,0x00,0x00,0x00,0x00,0x00,0x00,
	0x00,0x00,0x00,0x00,0x00,0x00,0x00,0x00,0x00,0x00,0x00,0x00,0x00,0x00,0x00,0x00,
	0x00,0x00,0x00,0x00,0x00,0x00,0x00,0x00,0x00,0x00,0x00,0x00,0x00,0x00,0x00,0x00,
	0x00,0x00,0x00,0x00,0x00,0x00,0x00,0x00,0x00,0x00,0x00,0x00,0x00,0x00,0x00,0x00,
	0x00,0x00,0x00,0x00,0x00,0x00,0x00,0x00,0xff,0xff,0x6b,0xdf,0xdf,0x00,0xdf,0xdf,
	0x00,0xdf,0xdf,0x00,0xdf,0xdf,0x00,0xdf,0xdf,0x00,0xdf,0xdf,0x00,0xdf,0xdf,0x00,
	0xdf,0xdf,0x00,0xdf,0xdf,0x00,0xdf,0xdf,0x00,0xdf,0xdf,0x00,0xdf,0xdf,0x00,0xdf,
	0xdf,0x00,0xdf,0xdf,0x00,0xdf,0xdf,0x00,0xdf,0xdf,0x00,0xdf,0xdf,0x00,0xdf,0xdf,
	0x00,0xdf,0xdf,0x00,0xdf,0xdf,0x00,0xdf,0xdf,0x00,0xdf,0xdf,0x00,0xa4,0x97,0x00,
	0xff,0xff,0xff,0xdd,0xdd,0xea,0xdd,0xdd,0xea,0xdd,0xdd,0xea,0xdd,0xdd,0xea,0xdd,
	0xdd,0xea,0xdd,0xdd,0xea,0xdd,0xdd,0xea,0xdd,0xdd,0xea,0xdd,0xdd,0xea,0xdd,0xdd,
	0xea,0xdd,0xdd,0xea,0xdd,0xdd,0xea,0xdd,0xdd,0xea,0xdd,0xdd,0xea,0xdd,0xdd,0xea,
	0xdd,0xdd,0xea,0xdd,0xdd,0xea,0xdd,0xdd,0xea,0xdd,0xdd,0xea,0xdd,0xdd,0xea,0xdd,
	0xdd,0xea,0xdd,0xdd,0xea,0xa0,0xa0,0xa0,0x46,0xbe,0xff,0x01,0xa2,0xf9,0x01,0xa2,
	0xf9,0x01,0xa2,0xf9,0x01,0xa2,0xf9,0x01,0xa2,0xf9,0x01,0xa2,0xf9,0x01,0xa2,0xf9,
	0x01,0xa2,0xf9,0x01,0xa2,0xf9,0x01,0xa2,0xf9,0x01,0xa2,0xf9,0x01,0xa2,0xf9,0x01,
	0xa2,0xf9,0x01,0xa2,0xf9,0x01,0xa2,0xf9,0x01,0xa2,0xf9,0x01,0xa2,0xf9,0x01,0xa2,
	0xf9,0x01,0xa2,0xf9,0x01,0xa2,0xf9,0x01,0xa2,0xf9,0x01,0xa2,0xf9,0x02,0x82,0xc7,
	0xf8,0x66,0x66,0xf1,0x32,0x32,0xf1,0x32,0x32,0xf1,0x32,0x32,0xf1,0x32,0x32,0xf1,
	0x32,0x32,0xf1,0x32,0x32,0xf1,0x32,0x32,0xf1,0x32,0x32,0xf1,0x32,0x32,0xf1,0x32,
	0x32,0xf1,0x32,0x32,0xf1,0x32,0x32,0xf1,0x32,0x32,0xf1,0x32,0x32,0xf1,0x32,0x32,
	0xf1,0x32,0x32,0xf1,0x32,0x32,0xf1,0x32,0x32,0xf1,0x32,0x32,0xf1,0x32,0x32,0xf1,
	0x32,0x32,0xf1,0x32,0x32,0xcc,0x00,0x00,0xa7,0x6d,0xfd,0x83,0x00,0xfd,0x83,0x00,
	0xfd,0x83,0x00,0xfd,0x83,0x00,0xfd,0x83,0x00,0xfd,0x83,0x00,0xfd,0x83,0x00,0xfd,
	0x83,0x00,0xfd,0x83,0x00,0xfd,0x83,0x00,0xfd,0x83,0x00,0xfd,0x83,0x00,0xfd,0x83,
	0x00,0xfd,0x83,0x00,0xfd,0x83,0x00,0xfd,0x83,0x00,0xfd,0x83,0x00,0xfd,0x83,0x00,
	0xfd,0x83,0x00,0xfd,0x83,0x00,0xfd,0x83,0x00,0xfd,0x83,0x00,0xfd,0x3a,0x02,0x8f,
	0x9d,0xf9,0x85,0x45,0xe4,0x1a,0x45,0xe4,0x1a,0x45,0xe4,0x1a,0x45,0xe4,0x1a,0x45,
	0xe4,0x1a,0x45,0xe4,0x1a,0x45,0xe4,0x1a,0x45,0xe4,0x1a,0x45,0xe4,0x1a,0x45,0xe4,
	0x1a,0x45,0xe4,0x1a,0x45,0xe4,0x1a,0x45,0xe4,0x1a,0x45,0xe4,0x1a,0x45,0xe4,0x1a,
	0x45,0xe4,0x1a,0x45,0xe4,0x1a,0x45,0xe4,0x1a,0x45,0xe4,0x1a,0x45,0xe4,0x1a,0x45,
	0xe4,0x1a,0x45,0xe4,0x1a,0x1d,0x86,0x01,0xff,0x9d,0x46,0xbb,0x58,0x00,0xbb,0x58,
	0x00,0xbb,0x58,0x00,0xbb,0x58,0x00,0xbb,0x58,0x00,0xbb,0x58,0x00,0xbb,0x58,0x00,
	0xbb,0x58,0x00,0xbb,0x58,0x00,0xbb,0x58,0x00,0xbb,0x58,0x00,0xbb,0x58,0x00,0xbb,
	0x58,0x00,0xbb,0x58,0x00,0xbb,0x58,0x00,0xbb,0x58,0x00,0xbb,0x58,0x00,0xbb,0x58,
	0x00,0xbb,0x58,0x00,0xbb,0x58,0x00,0xbb,0x58,0x00,0xbb,0x58,0x00,0x84,0x3e,0x00,
	0x00,0x00,0x40,0x00,0x00,0x40,0x00,0x00,0x40,0x00,0x00,0x40,0x00,0x00,0x40,0x00,
	0x00,0x40,0x00,0x00,0x40,0x00,0x00,0x40,0x00,0x00,0x40,0x00,0x00,0x40,0x00,0x00,
	0x40,0x00,0x00,0x40,0x00,0x00,0x40,0x00,0x00,0x40,0x00,0x00,0x40,0x00,0x00,0x40,
	0x00,0x00,0x40,0x00,0x00,0x40,0x00,0x00,0x40,0x00,0x00,0x40,0x00,0x00,0x40,0x00,
	0x00,0x40,0x00,0x00,0x40,0x00,0x00,0x40,0xf7,0xdc,0x6f,0xf8,0x8b,0x3b,0xc1,0x55,
	0x06,0xc1,0x55,0x06,0xc1,0x55,0x06,0xc1,0x55,0x06,0xc1,0x55,0x06,0xc1,0x55,0x06,
	0xc1,0x55,0x06,0xc1,0x55,0x06,0xc1,0x55,0x06,0xc1,0x55,0x06,0xc1,0x55,0x06,0xc1,
	0x55,0x06,0xc1,0x55,0x06,0xc1,0x55,0x06,0xc1,0x55,0x06,0xc1,0x55,0x06,0xc1,0x55,
	0x06,0xc1,0x55,0x06,0xc1,0x55,0x06,0xc1,0x55,0x06,0xc1,0x55,0x06,0x57,0x25,0x01,
	0xf7,0xdc,0x6f,0xf8,0x8b,0x3b,0xc1,0x55,0x06,0xc1,0x55,0x06,0xc1,0x55,0x06,0xc1,
	0x55,0x06,0xc1,0x55,0x06,0xc1,0x55,0x06,0xc1,0x55,0x06,0xc1,0x55,0x06,0xc1,0x55,
	0x06,0xc1,0x55,0x06,0xc1,0x55,0x06,0xc1,0x55,0x06,0xc1,0x55,0x06,0xc1,0x55,0x06,
	0xc1,0x55,0x06,0xc1,0x55,0x06,0xc1,0x55,0x06,0xc1,0x55,0x06,0xc1,0x55,0x06,0xc1,
	0x55,0x06,0xc1,0x55,0x06,0x57,0x25,0x01,0xf7,0xdc,0x6f,0xf8,0x8b,0x3b,0xc1,0x55,
	0x06,0xc1,0x55,0x06,0xc1,0x55,0x06,0xc1,0x55,0x06,0xc1,0x55,0x06,0xc1,0x55,0x06,
	0xc1,0x55,0x06,0xc1,0x55,0x06,0xc1,0x55,0x06,0xc1,0x55,0x06,0xc1,0x55,0x06,0xc1,
	0x55,0x06,0xc1,0x55,0x06,0xc1,0x55,0x06,0xc1,0x55,0x06,0xc1,0x55,0x06,0xc1,0x55,
	0x06,0xc1,0x55,0x06,0xc1,0x55,0x06,0xc1,0x55,0x06,0xc1,0x55,0x06,0x57,0x25,0x01,
	0xf7,0xdc,0x6f,0xf8,0x8b,0x3b,0xc1,0x55,0x06,0xc1,0x55,0x06,0xc1,0x55,0x06,0xc1,
	0x55,0x06,0xc1,0x55,0x06,0xc1,0x55,0x06,0xc1,0x55,0x06,0xc1,0x55,0x06,0xc1,0x55,
	0x06,0xc1,0x55,0x06,0xc1,0x55,0x06,0xc1,0x55,0x06,0xc1,0x55,0x06,0xc1,0x55,0x06,
	0xc1,0x55,0x06,0xc1,0x55,0x06,0xc1,0x55,0x06,0xc1,0x55,0x06,0xc1,0x55,0x06,0xc1,
	0x55,0x06,0xc1,0x55,0x06,0x57,0x25,0x01,0xf7,0xdc,0x6f,0xf8,0x8b,0x3b,0xc1,0x55,
	0x06,0xc1,0x55,0x06,0xc1,0x55,0x06,0xc1,0x55,0x06,0xc1,0x55,0x06,0xc1,0x55,0x06,
	0xc1,0x55,0x06,0xc1,0x55,0x06,0xc1,0x55,0x06,0xc1,0x55,0x06,0xc5,0xa8,0x99,0xaf,
	0x9b,0x90,0x87,0x72,0x66,0x9f,0x79,0x63,0x97,0x79,0x67,0x7e,0x5c,0x4c,0xb4,0x88,
	0x71,0xe1,0xc0,0xac,0xb0,0xa3,0x9a,0x8a,0x6d,0x5d,0xc2,0xa1,0x8e,0xad,0xa6,0xa0,
	0x5b,0x4f,0x48,0xae,0x84,0x6c,0xf0,0xd7,0xc8,0x73,0x73,0x73,0x6b,0x52,0x45,0xa5,
	0x7c,0x66,0xaa,0x82,0x6d,0xf6,0xd4,0xba,0xd6,0xcc,0xbe,0x77,0x66,0x5f,0x7f,0x5e,
	0x4d,0xab,0x84,0x6f,0xc1,0x55,0x06,0xc1,0x55,0x06,0xc1,0x55,0x06,0xc1,0x55,0x06,
	0xc1,0x55,0x06,0xc1,0x55,0x06,0xc1,0x55,0x06,0xc1,0x55,0x06,0xc1,0x55,0x06,0xc1,
	0x55,0x06,0xc1,0x55,0x06,0x57,0x25,0x01,0xf7,0xdc,0x6f,0xf8,0x8b,0x3b,0xc1,0x55,
	0x06,0xc1,0x55,0x06,0xc1,0x55,0x06,0xc1,0x55,0x06,0xc1,0x55,0x06,0xc1,0x55,0x06,
	0xc1,0x55,0x06,0xc1,0x55,0x06,0xc1,0x55,0x06,0xc1,0x55,0x06,0xc5,0xa8,0x99,0xaf,
	0x9b,0x90,0x87,0x72,0x66,0x9f,0x79,0x63,0x97,0x79,0x67,0x7e,0x5c,0x4c,0xb4,0x88,
	0x71,0xe1,0xc0,0xac,0xb0,0xa3,0x9a,0x8a,0x6d,0x5d,0xc2,0xa1,0x8e,0xad,0xa6,0xa0,
	0x5b,0x4f,0x48,0xae,0x84,0x6c,0xf0,0xd7,0xc8,0x73,0x73,0x73,0x6b,0x52,0x45,0xa5,
	0x7c,0x66,0xaa,0x82,0x6d,0xf6,0xd4,0xba,0xd6,0xcc,0xbe,0x77,0x66,0x5f,0x7f,0x5e,
	0x4d,0xab,0x84,0x6f,0xc5,0xa8,0x99,0xaf,0x9b,0x90,0x87,0x72,0x66,0x9f,0x79,0x63,
	0x97,0x79,0x67,0x7e,0x5c,0x4c,0xb4,0x88,0x71,0xe1,0xc0,0xac,0xb0,0xa3,0x9a,0x8a,
	0x6d,0x5d,0xc2,0xa1,0x8e,0xad,0xa6,0xa0,0x5b,0x4f,0x48,0xae,0x84,0x6c,0xf0,0xd7,
	0xc8,0x73,0x73,0x73,0x6b,0x52,0x45,0xa5,0x7c,0x66,0xaa,0x82,0x6d,0xf6,0xd4,0xba,
	0xd6,0xcc,0xbe,0x77,0x66,0x5f,0x7f,0x5e,0x4d,0xab,0x84,0x6f,0xc1,0x55,0x06,0xc1,
	0x55,0x06,0xc1,0x55,0x06,0xc1,0x55,0x06,0xc1,0x55,0x06,0xc1,0x55,0x06,0xc1,0x55,
	0x06,0xc1,0x55,0x06,0xc1,0x55,0x06,0xc1,0x55,0x06,0xc1,0x55,0x06,0x57,0x25,0x01,
	0x5b,0x4f,0x48,0xae,0x84,0x6c,0xf0,0xd7,0xc8,0x73,0x73,0x73,0x6b,0x52,0x45,0xa5,
	0x7c,0x66,0xaa,0x82,0x6d,0xf6,0xd4,0xba,0xd6,0xcc,0xbe,0x77,0x66,0x5f,0x7f,0x5e,
	0x4d,0xab,0x84,0x6f,0xc5,0xa8,0x99,0xaf,0x9b,0x90,0x87,0x72,0x66,0x9f,0x79,0x63,
	0x97,0x79,0x67,0x7e,0x5c,0x4c,0xb4,0x88,0x71,0xe1,0xc0,0xac,0xb0,0xa3,0x9a,0x8a,
	0x6d,0x5d,0xc2,0xa1,0x8e,0xad,0xa6,0xa0,0x00,0x00,0x00,0x00,0x00,0x00,0x00,0x00,
	0x00,0x00,0x00,0x00,0x00,0x00,0x00,0x00,0x00,0x00,0x00,0x00,0x00,0x00,0x00,0x00,
	0x00,0x00,0x00,0x00,0x00,0x00,0x00,0x00,0x00,0x00,0x00,0x00,0x00,0x00,0x00,0x00,
	0x00,0x00,0x00,0x00,0x00,0x00,0x00,0x00,0x00,0x00,0x00,0x00,0x00,0x00,0x00,0x00,
	0x00,0x00,0x00,0x00,0x00,0x00,0x00,0x00,0x00,0x00,0x00,0x00,0x00,0x00,0x00,0x00,
	0xff,0xff,0x6b,0xdf,0xdf,0x00,0xdf,0xdf,0x00,0xdf,0xdf,0x00,0xdf,0xdf,0x00,0xdf,
	0xdf,0x00,0xdf,0xdf,0x00,0xdf,0xdf,0x00,0xdf,0xdf,0x00,0xdf,0xdf,0x00,0xdf,0xdf,
	0x00,0xdf,0xdf,0x00,0xdf,0xdf,0x00,0xdf,0xdf,0x00,0xdf,0xdf,0x00,0xdf,0xdf,0x00,
	0xdf,0xdf,0x00,0xdf,0xdf,0x00,0xdf,0xdf,0x00,0xdf,0xdf,0x00,0xdf,0xdf,0x00,0xdf,
	0xdf,0x00,0xdf,0xdf,0x00,0xa4,0x97,0x00,0xff,0xff,0xff,0xdd,0xdd,0xea,0xdd,0xdd,
	0xea,0xdd,0xdd,0xea,0xdd,0xdd,0xea,0xdd,0xdd,0xea,0xdd,0xdd,0xea,0xdd,0xdd,0xea,
	0xdd,0xdd,0xea,0xdd,0xdd,0xea,0xdd,0xdd,0xea,0xdd,0xdd,0xea,0xdd,0xdd,0xea,0xdd,
	0xdd,0xea,0xdd,0xdd,0xea,0xdd,0xdd,0xea,0xdd,0xdd,0xea,0xdd,0xdd,0xea,0xdd,0xdd,
	0xea,0xdd,0xdd,0xea,0xdd,0xdd,0xea,0xdd,0xdd,0xea,0xdd,0xdd,0xea,0xa0,0xa0,0xa0,
	0x46,0xbe,0xff,0x01,0xa2,0xf9,0x01,0xa2,0xf9,0x01,0xa2,0xf9,0x01,0xa2,0xf9,0x01,
	0xa2,0xf9,0x01,0xa2,0xf9,0x01,0xa2,0xf9,0x01,0xa2,0xf9,0x01,0xa2,0xf9,0x01,0xa2,
	0xf9,0x01,0xa2,0xf9,0x01,0xa2,0xf9,0x01,0xa2,0xf9,0x01,0xa2,0xf9,0x01,0xa2,0xf9,
	0x01,0xa2,0xf9,0x01,0xa2,0xf9,0x01,0xa2,0xf9,0x01,0xa2,0xf9,0x01,0xa2,0xf9,0x01,
	0xa2,0xf9,0x01,0xa2,0xf9,0x02,0x82,0xc7,0xf8,0x66,0x66,0xf1,0x32,0x32,0xf1,0x32,
	0x32,0xf1,0x32,0x32,0xf1,0x32,0x32,0xf1,0x32,0x32,0xf1,0x32,0x32,0xf1,0x32,0x32,
	0xf1,0x32,0x32,0xf1,0x32,0x32,0xf1,0x32,0x32,0xf1,0x32,0x32,0xf1,0x32,0x32,0xf1,
	0x32,0x32,0xf1,0x32,0x32,0xf1,0x32,0x32,0xf1,0x32,0x32,0xf1,0x32,0x32,0xf1,0x32,
	0x32,0xf1,0x32,0x32,0xf1,0x32,0x32,0xf1,0x32,0x32,0xf1,0x32,0x32,0xcc,0x00,0x00,
	0xa7,0x6d,0xfd,0x83,0x00,0xfd,0x83,0x00,0xfd,0x83,0x00,0xfd,0x83,0x00,0xfd,0x83,
	0x00,0xfd,0x83,0x00,0xfd,0x83,0x00,0xfd,0x83,0x00,0xfd,0x83,0x00,0xfd,0x83,0x00,
	0xfd,0x83,0x00,0xfd,0x83,0x00,0xfd,0x83,0x00,0xfd,0x83,0x00,0xfd,0x83,0x00,0xfd,
	0x83,0x00,0xfd,0x83,0x00,0xfd,0x83,0x00,0xfd,0x83,0x00,0xfd,0x83,0x00,0xfd,0x83,
	0x00,0xfd,0x83,0x00,0xfd,0x3a,0x02,0x8f,0x9d,0xf9,0x85,0x45,0xe4,0x1a,0x45,0xe4,
	0x1a,0x45,0xe4,0x1a,0x45,0xe4,0x1a,0x45,0xe4,0x1a,0x45,0xe4,0x1a,0x45,0xe4,0x1a,
	0x45,0xe4,0x1a,0x45,0xe4,0x1a,0x45,0xe4,0x1a,0x45,0xe4,0x1a,0x45,0xe4,0x1a,0x45,
	0xe4,0x1a,0x45,0xe4,0x1a,0x45,0xe4,0x1a,0x45,0xe4,0x1a,0x45,0xe4,0x1a,0x45,0xe4,
	0x1a,0x45,0xe4,0x1a,0x45,0xe4,0x1a,0x45,0xe4,0x1a,0x45,0xe4,0x1a,0x1d,0x86,0x01,
	0xff,0x9d,0x46,0xbb,0x58,0x00,0xbb,0x58,0x00,0xbb,0x58,0x00,0xbb,0x58,0x00,0xbb,
	0x58,0x00,0xbb,0x58,0x00,0xbb,0x58,0x00,0xbb,0x58,0x00,0xbb,0x58,0x00,0xbb,0x58,
	0x00,0xbb,0x58,0x00,0xbb,0x58,0x00,0xbb,0x58,0x00,0xbb,0x58,0x00,0xbb,0x58,0x00,
	0xbb,0x58,0x00,0xbb,0x58,0x00,0xbb,0x58,0x00,0xbb,0x58,0x00,0xbb,0x58,0x00,0xbb,
	0x58,0x00,0xbb,0x58,0x00,0x84,0x3e,0x00,0x00,0x00,0x40,0x00,0x00,0x40,0x00,0x00,
	0x40,0x00,0x00,0x40,0x00,0x00,0x40,0x00,0x00,0x40,0x00,0x00,0x40,0x00,0x00,0x40,
	0x00,0x00,0x40,0x00,0x00,0x40,0x00,0x00,0x40,0x00,0x00,0x40,0x00,0x00,0x40,0x00,
	0x00,0x40,0x00,0x00,0x40,0x00,0x00,0x40,0x00,0x00,0x40,0x00,0x00,0x40,0x00,0x00,
	0x40,0x00,0x00,0x40,0x00,0x00,0x40,0x00,0x00,0x40,0x00,0x00,0x40,0x00,0x00,0x40,
	0xf7,0xdc,0x6f,0xc1,0x55,0x06,0x57,0x25,0x01,0x57,0x25,0x01,0x57,0x25,0x01,0x57,
	0x25,0x01,0x57,0x25,0x01,0x57,0x25,0x01,0x57,0x25,0x01,0x57,0x25,0x01,0x57,0x25,
	0x01,0x57,0x25,0x01,0x57,0x25,0x01,0x57,0x25,0x01,0x57,0x25,0x01,0x57,0x25,0x01,
	0x57,0x25,0x01,0x57,0x25,0x01,0x57,0x25,0x01,0x57,0x25,0x01,0x57,0x25,0x01,0x57,
	0x25,0x01,0x57,0x25,0x01,0x57,0x25,0x01,0xf7,0xdc,0x6f,0xc1,0x55,0x06,0x57,0x25,
	0x01,0x57,0x25,0x01,0x57,0x25,0x01,0x57,0x25,0x01,0x57,0x25,0x01,0x57,0x25,0x01,
	0x57,0x25,0x01,0x57,0x25,0x01,0x57,0x25,0x01,0x57,0x25,0x01,0x57,0x25,0x01,0x57,
	0x25,0x01,0x57,0x25,0x01,0x57,0x25,0x01,0x57,0x25,0x01,0x57,0x25,0x01,0x57,0x25,
	0x01,0x57,0x25,0x01,0x57,0x25,0x01,0x57,0x25,0x01,0x57,0x25,0x01,0x57,0x25,0x01,
	0xf7,0xdc,0x6f,0xc1,0x55,0x06,0x57,0x25,0x01,0x57,0x25,0x01,0x57,0x25,0x01,0x57,
	0x25,0x01,0x57,0x25,0x01,0x57,0x25,0x01,0x57,0x25,0x01,0x57,0x25,0x01,0x57,0x25,
	0x01,0x57,0x25,0x01,0x57,0x25,0x01,0x57,0x25,0x01,0x57,0x25,0x01,0x57,0x25,0x01,
	0x57,0x25,0x01,0x57,0x25,0x01,0x57,0x25,0x01,0x57,0x25,0x01,0x57,0x25,0x01,0x57,
	0x25,0x01,0x57,0x25,0x01,0x57,0x25,0x01,0xf7,0xdc,0x6f,0xc1,0x55,0x06,0x57,0x25,
	0x01,0x57,0x25,0x01,0x57,0x25,0x01,0x57,0x25,0x01,0x57,0x25,0x01,0x57,0x25,0x01,
	0x57,0x25,0x01,0x57,0x25,0x01,0x57,0x25,0x01,0x57,0x25,0x01,0x57,0x25,0x01,0x57,
	0x25,0x01,0x57,0x25,0x01,0x57,0x25,0x01,0x57,0x25,0x01,0x57,0x25,0x01,0x57,0x25,
	0x01,0x57,0x25,0x01,0x57,0x25,0x01,0x57,0x25,0x01,0x57,0x25,0x01,0x57,0x25,0x01,
	0xf7,0xdc,0x6f,0xc1,0x55,0x06,0x57,0x25,0x01,0x57,0x25,0x01,0x57,0x25,0x01,0x57,
	0x25,0x01,0x57,0x25,0x01,0x57,0x25,0x01,0x57,0x25,0x01,0x57,0x25,0x01,0x57,0x25,
	0x01,0x57,0x25,0x01,0x96,0x7a,0x6a,0x82,0x77,0x72,0x8d,0x76,0x67,0xd8,0xae,0x90,
	0xa4,0x87,0x78,0xbb,0x90,0x77,0xd4,0xaa,0x8f,0xd8,0xb0,0x9b,0xd1,0xbf,0xb3,0x64,
	0x55,0x4d,0x88,0x65,0x53,0xb6,0xa5,0x9c,0x62,0x5d,0x5a,0xa4,0x7d,0x69,0xb9,0x9a,
	0x89,0x77,0x5b,0x4c,0xd1,0xa0,0x84,0xd2,0xba,0xaa,0x98,0x79,0x68,0xff,0xdb,0xbd,
	0xa4,0xa3,0x9f,0x7a,0x61,0x53,0xd8,0xb1,0x94,0x9d,0x7a,0x67,0x57,0x25,0x01,0x57,
	0x25,0x01,0x57,0x25,0x01,0x57,0x25,0x01,0x57,0x25,0x01,0x57,0x25,0x01,0x57,0x25,
	0x01,0x57,0x25,0x01,0x57,0x25,0x01,0x57,0x25,0x01,0x57,0x25,0x01,0x57,0x25,0x01,
	0xf7,0xdc,0x6f,0xc1,0x55,0x06,0x57,0x25,0x01,0x57,0x25,0x01,0x57,0x25,0x01,0x57,
	0x25,0x01,0x57,0x25,0x01,0x57,0x25,0x01,0x57,0x25,0x01,0x57,0x25,0x01,0x57,0x25,
	0x01,0x57,0x25,0x01,0x96,0x7a,0x6a,0x82,0x77,0x72,0x8d,0x76,0x67,0xd8,0xae,0x90,
	0xa4,0x87,0x78,0xbb,0x90,0x77,0xd4,0xaa,0x8f,0xd8,0xb0,0x9b,0xd1,0xbf,0xb3,0x64,
	0x55,0x4d,0x88,0x65,0x53,0xb6,0xa5,0x9c,0x62,0x5d,0x5a,0xa4,0x7d,0x69,0xb9,0x9a,
	0x89,0x77,0x5b,0x4c,0xd1,0xa0,0x84,0xd2,0xba,0xaa,0x98,0x79,0x68,0xff,0xdb,0xbd,
	0xa4,0xa3,0x9f,0x7a,0x61,0x53,0xd8,0xb1,0x94,0x9d,0x7a,0x67,0x96,0x7a,0x6a,0x82,
	0x77,0x72,0x8d,0x76,0x67,0xd8,0xae,0x90,0xa4,0x87,0x78,0xbb,0x90,0x77,0xd4,0xaa,
	0x8f,0xd8,0xb0,0x9b,0xd1,0xbf,0xb3,0x64,0x55,0x4d,0x88,0x65,0x53,0xb6,0xa5,0x9c,
	0x62,0x5d,0x5a,0xa4,0x7d,0x69,0xb9,0x9a,0x89,0x77,0x5b,0x4c,0xd1,0xa0,0x84,0xd2,
	0xba,0xaa,0x98,0x79,0x68,0xff,0xdb,0xbd,0xa4,0xa3,0x9f,0x7a,0x61,0x53,0xd8,0xb1,
	0x94,0x9d,0x7a,0x67,0x57,0x25,0x01,0x57,0x25,0x01,0x57,0x25,0x01,0x57,0x25,0x01,
	0x57,0x25,0x01,0x57,0x25,0x01,0x57,0x25,0x01,0x57,0x25,0x01,0x57,0x25,0x01,0x57,
	0x25,0x01,0x57,0x25,0x01,0x57,0x25,0x01,0x62,0x5d,0x5a,0xa4,0x7d,0x69,0xb9,0x9a,
	0x89,0x77,0x5b,0x4c,0xd1,0xa0,0x84,0xd2,0xba,0xaa,0x98,0x79,0x68,0xff,0xdb,0xbd,
	0xa4,0xa3,0x9f,0x7a,0x61,0x53,0xd8,0xb1,0x94,0x9d,0x7a,0x67,0x96,0x7a,0x6a,0x82,
	0x77,0x72,0x8d,0x76,0x67,0xd8,0xae,0x90,0xa4,0x87,0x78,0xbb,0x90,0x77,0xd4,0xaa,
	0x8f,0xd8,0xb0,0x9b,0xd1,0xbf,0xb3,0x64,0x55,0x4d,0x88,0x65,0x53,0xb6,0xa5,0x9c,
	0x00,0x00,0x00,0x00,0x00,0x00,0x00,0x00,0x00,0x00,0x00,0x00,0x00,0x00,0x00,0x00,
	0x00,0x00,0x00,0x00,0x00,0x00,0x00,0x00,0x00,0x00,0x00,0x00,0x00,0x00,0x00,0x00,
	0x00,0x00,0x00,0x00,0x00,0x00,0x00,0x00,0x00,0x00,0x00,0x00,0x00,0x00,0x00,0x00,
	0x00,0x00,0x00,0x00,0x00,0x00,0x00,0x00,0x00,0x00,0x00,0x00,0x00,0x00,0x00,0x00,
	0x00,0x00,0x00,0x00,0x00,0x00,0x00,0x00,0xff,0xff,0x6b,0xdf,0xdf,0x00,0xdf,0xdf,
	0x00,0xdf,0xdf,0x00,0xdf,0xdf,0x00,0xdf,0xdf,0x00,0xdf,0xdf,0x00,0xdf,0xdf,0x00,
	0xdf,0xdf,0x00,0xdf,0xdf,0x00,0xdf,0xdf,0x00,0xdf,0xdf,0x00,0xdf,0xdf,0x00,0xdf,
	0xdf,0x00,0xdf,0xdf,0x00,0xdf,0xdf,0x00,0xdf,0xdf,0x00,0xdf,0xdf,0x00,0xdf,0xdf,
	0x00,0xdf,0xdf,0x00,0xdf,0xdf,0x00,0xdf,0xdf,0x00,0xdf,0xdf,0x00,0xa4,0x97,0x00,
	0xff,0xff,0xff,0xdd,0xdd,0xea,0xdd,0xdd,0xea,0xdd,0xdd,0xea,0xdd,0xdd,0xea,0xdd,
	0xdd,0xea,0xdd,0xdd,0xea,0xdd,0xdd,0xea,0xdd,0xdd,0xea,0xdd,0xdd,0xea,0xdd,0xdd,
	0xea,0xdd,0xdd,0xea,0xdd,0xdd,0xea,0xdd,0xdd,0xea,0xdd,0xdd,0xea,0xdd,0xdd,0xea,
	0xdd,0xdd,0xea,0xdd,0xdd,0xea,0xdd,0xdd,0xea,0xdd,0xdd,0xea,0xdd,0xdd,0xea,0xdd,
	0xdd,0xea,0xdd,0xdd,0xea,0xa0,0xa0,0xa0,0x46,0xbe,0xff,0x01,0xa2,0xf9,0x01,0xa2,
	0xf9,0x01,0xa2,0xf9,0x01,0xa2,0xf9,0x01,0xa2,0xf9,0x01,0xa2,0xf9,0x01,0xa2,0xf9,
	0x01,0xa2,0xf9,0x01,0xa2,0xf9,0x01,0xa2,0xf9,0x01,0xa2,0xf9,0x01,0xa2,0xf9,0x01,
	0xa2,0xf9,0x01,0xa2,0xf9,0x01,0xa2,0xf9,0x01,0xa2,0xf9,0x01,0xa2,0xf9,0x01,0xa2,
	0xf9,0x01,0xa2,0xf9,0x01,0xa2,0xf9,0x01,0xa2,0xf9,0x01,0xa2,0xf9,0x02,0x82,0xc7,
	0xf8,0x66,0x66,0xf1,0x32,0x32,0xf1,0x32,0x32,0xf1,0x32,0x32,0xf1,0x32,0x32,0xf1,
	0x32,0x32,0xf1,0x32,0x32,0xf1,0x32,0x32,0xf1,0x32,0x32,0xf1,0x32,0x32,0xf1,0x32,
	0x32,0xf1,0x32,0x32,0xf1,0x32,0x32,0xf1,0x32,0x32,0xf1,0x32,0x32,0xf1,0x32,0x32,
	0xf1,0x32,0x32,0xf1,0x32,0x32,0xf1,0x32,0x32,0xf1,0x32,0x32,0xf1,0x32,0x32,0xf1,
	0x32,0x32,0xf1,0x32,0x32,0xcc,0x00,0x00,0xa7,0x6d,0xfd,0x83,0x00,0xfd,0x83,0x00,
	0xfd,0x83,0x00,0xfd,0x83,0x00,0xfd,0x83,0x00,0xfd,0x83,0x00,0xfd,0x83,0x00,0xfd,
	0x83,0x00,0xfd,0x83,0x00,0xfd,0x83,0x00,0xfd,0x83,0x00,0xfd,0x83,0x00,0xfd,0x83,
	0x00,0xfd,0x83,0x00,0xfd,0x83,0x00,0xfd,0x83,0x00,0xfd,0x83,0x00,0xfd,0x83,0x00,
	0xfd,0x83,0x00,0xfd,0x83,0x00,0xfd,0x83,0x00,0xfd,0x83,0x00,0xfd,0x3a,0x02,0x8f,
	0x9d,0xf9,0x85,0x45,0xe4,0x1a,0x45,0xe4,0x1a,0x45,0xe4,0x1a,0x45,0xe4,0x1a,0x45,
	0xe4,0x1a,0x45,0xe4,0x1a,0x45,0xe4,0x1a,0x45,0xe4,0x1a,0x45,0xe4,0x1a,0x45,0xe4,
	0x1a,0x45,0xe4,0x1a,0x45,0xe4,0x1a,0x45,0xe4,0x1a,0x45,0xe4,0x1a,0x45,0xe4,0x1a,
	0x45,0xe4,0x1a,0x45,0xe4,0x1a,0x45,0xe4,0x1a,0x45,0xe4,0x1a,0x45,0xe4,0x1a,0x45,
	0xe4,0x1a,0x45,0xe4,0x1a,0x1d,0x86,0x01,0xff,0x9d,0x46,0xbb,0x58,0x00,0xbb,0x58,
	0x00,0xbb,0x58,0x00,0xbb,0x58,0x00,0xbb,0x58,0x00,0xbb,0x58,0x00,0xbb,0x58,0x00,
	0xbb,0x58,0x00,0xbb,0x58,0x00,0xbb,0x58,0x00,0xbb,0x58,0x00,0xbb,0x58,0x00,0xbb,
	0x58,0x00,0xbb,0x58,0x00,0xbb,0x58,0x00,0xbb,0x58,0x00,0xbb,0x58,0x00,0xbb,0x58,
	0x00,0xbb,0x58,0x00,0xbb,0x58,0x00,0xbb,0x58,0x00,0xbb,0x58,0x00,0x84,0x3e,0x00,
	0x00,0x00,0x40,0x00,0x00,0x40,0x00,0x00,0x40,0x00,0x00,0x40,0x00,0x00,0x40,0x00,
	0x00,0x40,0x00,0x00,0x40,0x00,0x00,0x40,0x00,0x00,0x40,0x00,0x00,0x40,0x00,0x00,
	0x40,0x00,0x00,0x40,0x00,0x00,0x40,0x00,0x00,0x40,0x00,0x00,0x40,0x00,0x00,0x40,
	0x00,0x00,0x40,0x00,0x00,0x40,0x00,0x00,0x40,0x00,0x00,0x40,0x00,0x00,0x40,0x00,
	0x00,0x40,0x00,0x00,0x40,0x00,0x00,0x40,0xf7,0xdc,0x6f,0xf7,0xdc,0x6f,0xf7,0xdc,
	0x6f,0xf7,0xdc,0x6f,0xf7,0xdc,0x6f,0xf7,0xdc,0x6f,0xf7,0xdc,0x6f,0xf7,0xdc,0x6f,
	0xf7,0xdc,0x6f,0xf7,0xdc,0x6f,0xf7,0xdc,0x6f,0xf7,0xdc,0x6f,0xf7,0xdc,0x6f,0xf7,
	0xdc,0x6f,0xf7,0xdc,0x6f,0xf7,0xdc,0x6f,0xf7,0xdc,0x6f,0xf7,0xdc,0x6f,0xf7,0xdc,
	0x6f,0xf7,0xdc,0x6f,0xf7,0xdc,0x6f,0xf7,0xdc,0x6f,0xf7,0xdc,0x6f,0xf7,0xdc,0x6f,
	0xf7,0xdc,0x6f,0xf7,0xdc,0x6f,0xf7,0xdc,0x6f,0xf7,0xdc,0x6f,0xf7,0xdc,0x6f,0xf7,
	0xdc,0x6f,0xf7,0xdc,0x6f,0xf7,0xdc,0x6f,0xf7,0xdc,0x6f,0xf7,0xdc,0x6f,0xf7,0xdc,
	0x6f,0xf7,0xdc,0x6f,0x71,0x50,0x3e,0x89,0x72,0x65,0x9a,0x78,0x64,0xd5,0xb1,0x9c,
	0x98,0x82,0x79,0xc9,0xab,0x90,0xc4,0xac,0x97,0x91,0x70,0x61,0xa4,0x87,0x77,0x5d,
	0x4f,0x47,0x7f,0x5c,0x4a,0x91,0x73,0x62,0x9c,0x7d,0x6b,0xc3,0x9c,0x85,0x92,0x6f,
	0x5c,0x9f,0x75,0x60,0xe8,0xce,0xbf,0xcf,0xcc,0xc8,0x72,0x63,0x5a,0xa9,0x85,0x71,
	0x90,0x80,0x78,0xa1,0x80,0x6b,0xdc,0xbe,0xa8,0x64,0x54,0x4c,0x71,0x50,0x3e,0x89,
	0x72,0x65,0x9a,0x78,0x64,0xd5,0xb1,0x9c,0x98,0x82,0x79,0xc9,0xab,0x90,0xc4,0xac,
	0x97,0x91,0x70,0x61,0xa4,0x87,0x77,0x5d,0x4f,0x47,0x7f,0x5c,0x4a,0x91,0x73,0x62,
	0x9c,0x7d,0x6b,0xc3,0x9c,0x85,0x92,0x6f,0x5c,0x9f,0x75,0x60,0xe8,0xce,0xbf,0xcf,
	0xcc,0xc8,0x72,0x63,0x5a,0xa9,0x85,0x71,0x90,0x80,0x78,0xa1,0x80,0x6b,0xdc,0xbe,
	0xa8,0x64,0x54,0x4c,0xf7,0xdc,0x6f,0xf7,0xdc,0x6f,0xf7,0xdc,0x6f,0xf7,0xdc,0x6f,
	0xf7,0xdc,0x6f,0xf7,0xdc,0x6f,0xf7,0xdc,0x6f,0xf7,0xdc,0x6f,0xf7,0xdc,0x6f,0xf7,
	0xdc,0x6f,0xf7,0xdc,0x6f,0xf7,0xdc,0x6f,0xf7,0xdc,0x6f,0xf7,0xdc,0x6f,0xf7,0xdc,
	0x6f,0xf7,0xdc,0x6f,0xf7,0xdc,0x6f,0xf7,0xdc,0x6f,0xf7,0xdc,0x6f,0xf7,0xdc,0x6f,
	0xf7,0xdc,0x6f,0xf7,0xdc,0x6f,0xf7,0xdc,0x6f,0xf7,0xdc,0x6f,0x71,0x50,0x3e,0x89,
	0x72,0x65,0x9a,0x78,0x64,0xd5,0xb1,0x9c,0x98,0x82,0x79,0xc9,0xab,0x90,0xc4,0xac,
	0x97,0x91,0x70,0x61,0xa4,0x87,0x77,0x5d,0x4f,0x47,0x7f,0x5c,0x4a,0x91,0x73,0x62,
	0x9c,0x7d,0x6b,0xc3,0x9c,0x85,0x92,0x6f,0x5c,0x9f,0x75,0x60,0xe8,0xce,0xbf,0xcf,
	0xcc,0xc8,0x72,0x63,0x5a,0xa9,0x85,0x71,0x90,0x80,0x78,0xa1,0x80,0x6b,0xdc,0xbe,
	0xa8,0x64,0x54,0x4c,0xf7,0xdc,0x6f,0xf7,0xdc,0x6f,0xf7,0xdc,0x6f,0xf7,0xdc,0x6f,
	0xf7,0xdc,0x6f,0xf7,0xdc,0x6f,0xf7,0xdc,0x6f,0xf7,0xdc,0x6f,0xf7,0xdc,0x6f,0xf7,
	0xdc,0x6f,0xf7,0xdc,0x6f,0xf7,0xdc,0x6f,0xf7,0xdc,0x6f,0xf7,0xdc,0x6f,0xf7,0xdc,
	0x6f,0xf7,0xdc,0x6f,0xf7,0xdc,0x6f,0xf7,0xdc,0x6f,0xf7,0xdc,0x6f,0xf7,0xdc,0x6f,
	0xf7,0xdc,0x6f,0xf7,0xdc,0x6f,0xf7,0xdc,0x6f,0xf7,0xdc,0x6f,0xf7,0xdc,0x6f,0xf7,
	0xdc,0x6f,0xf7,0xdc,0x6f,0xf7,0xdc,0x6f,0xf7,0xdc,0x6f,0xf7,0xdc,0x6f,0xf7,0xdc,
	0x6f,0xf7,0xdc,0x6f,0xf7,0xdc,0x6f,0xf7,0xdc,0x6f,0xf7,0xdc,0x6f,0xf7,0xdc,0x6f,
	0xf7,0xdc,0x6f,0xf7,0xdc,0x6f,0xf7,0xdc,0x6f,0xf7,0xdc,0x6f,0xf7,0xdc,0x6f,0xf7,
	0xdc,0x6f,0xf7,0xdc,0x6f,0xf7,0xdc,0x6f,0xf7,0xdc,0x6f,0xf7,0xdc,0x6f,0xf7,0xdc,
	0x6f,0xf7,0xdc,0x6f,0xf7,0xdc,0x6f,0xf7,0xdc,0x6f,0xf7,0xdc,0x6f,0xf7,0xdc,0x6f,
	0xf7,0xdc,0x6f,0xf7,0xdc,0x6f,0xf7,0xdc,0x6f,0xf7,0xdc,0x6f,0xf7,0xdc,0x6f,0xf7,
	0xdc,0x6f,0xf7,0xdc,0x6f,0xf7,0xdc,0x6f,0xf7,0xdc,0x6f,0xf7,0xdc,0x6f,0xf7,0xdc,
	0x6f,0xf7,0xdc,0x6f,0xf7,0xdc,0x6f,0xf7,0xdc,0x6f,0xf7,0xdc,0x6f,0xf7,0xdc,0x6f,
	0xf7,0xdc,0x6f,0xf7,0xdc,0x6f,0xf7,0xdc,0x6f,0xf7,0xdc,0x6f,0xf7,0xdc,0x6f,0xf7,
	0xdc,0x6f,0xf7,0xdc,0x6f,0xf7,0xdc,0x6f,0xf7,0xdc,0x6f,0xf7,0xdc,0x6f,0xf7,0xdc,
	0x6f,0xf7,0xdc,0x6f,0xf7,0xdc,0x6f,0xf7,0xdc,0x6f,0xf7,0xdc,0x6f,0xf7,0xdc,0x6f,
	0x9c,0x7d,0x6b,0xc3,0x9c,0x85,0x92,0x6f,0x5c,0x9f,0x75,0x60,0xe8,0xce,0xbf,0xcf,
	0xcc,0xc8,0x72,0x63,0x5a,0xa9,0x85,0x71,0x90,0x80,0x78,0xa1,0x80,0x6b,0xdc,0xbe,
	0xa8,0x64,0x54,0x4c,0x71,0x50,0x3e,0x89,0x72,0x65,0x9a,0x78,0x64,0xd5,0xb1,0x9c,
	0x98,0x82,0x79,0xc9,0xab,0x90,0xc4,0xac,0x97,0x91,0x70,0x61,0xa4,0x87,0x77,0x5d,
	0x4f,0x47,0x7f,0x5c,0x4a,0x91,0x73,0x62,0x00,0x00,0x00,0x00,0x00,0x00,0x00,0x00,
	0x00,0x00,0x00,0x00,0x00,0x00,0x00,0x00,0x00,0x00,0x00,0x00,0x00,0x00,0x00,0x00,
	0x00,0x00,0x00,0x00,0x00,0x00,0x00,0x00,0x00,0x00,0x00,0x00,0x00,0x00,0x00,0x00,
	0x00,0x00,0x00,0x00,0x00,0x00,0x00,0x00,0x00,0x00,0x00,0x00,0x00,0x00,0x00,0x00,
	0x00,0x00,0x00,0x00,0x00,0x00,0x00,0x00,0x00,0x00,0x00,0x00,0x00,0x00,0x00,0x00,
	0xff,0xff,0x6b,0xdf,0xdf,0x00,0xdf,0xdf,0x00,0xdf,0xdf,0x00,0xdf,0xdf,0x00,0xdf,
	0xdf,0x00,0xdf,0xdf,0x00,0xdf,0xdf,0x00,0xdf,0xdf,0x00,0xdf,0xdf,0x00,0xdf,0xdf,
	0x00,0xdf,0xdf,0x00,0xdf,0xdf,0x00,0xdf,0xdf,0x00,0xdf,0xdf,0x00,0xdf,0xdf,0x00,
	0xdf,0xdf,0x00,0xdf,0xdf,0x00,0xdf,0xdf,0x00,0xdf,0xdf,0x00,0xdf,0xdf,0x00,0xdf,
	0xdf,0x00,0xdf,0xdf,0x00,0xa4,0x97,0x00,0xff,0xff,0xff,0xdd,0xdd,0xea,0xdd,0xdd,
	0xea,0xdd,0xdd,0xea,0xdd,0xdd,0xea,0xdd,0xdd,0xea,0xdd,0xdd,0xea,0xdd,0xdd,0xea,
	0xdd,0xdd,0xea,0xdd,0xdd,0xea,0xdd,0xdd,0xea,0xdd,0xdd,0xea,0xdd,0xdd,0xea,0xdd,
	0xdd,0xea,0xdd,0xdd,0xea,0xdd,0xdd,0xea,0xdd,0xdd,0xea,0xdd,0xdd,0xea,0xdd,0xdd,
	0xea,0xdd,0xdd,0xea,0xdd,0xdd,0xea,0xdd,0xdd,0xea,0xdd,0xdd,0xea,0xa0,0xa0,0xa0,
	0x46,0xbe,0xff,0x01,0xa2,0xf9,0x01,0xa2,0xf9,0x01,0xa2,0xf9,0x01,0xa2,0xf9,0x01,
	0xa2,0xf9,0x01,0xa2,0xf9,0x01,0xa2,0xf9,0x01,0xa2,0xf9,0x01,0xa2,0xf9,0x01,0xa2,
	0xf9,0x01,0xa2,0xf9,0x01,0xa2,0xf9,0x01,0xa2,0xf9,0x01,0xa2,0xf9,0x01,0xa2,0xf9,
	0x01,0xa2,0xf9,0x01,0xa2,0xf9,0x01,0xa2,0xf9,0x01,0xa2,0xf9,0x01,0xa2,0xf9,0x01,
	0xa2,0xf9,0x01,0xa2,0xf9,0x02,0x82,0xc7,0xf8,0x66,0x66,0xf1,0x32,0x32,0xf1,0x32,
	0x32,0xf1,0x32,0x32,0xf1,0x32,0x32,0xf1,0x32,0x32,0xf1,0x32,0x32,0xf1,0x32,0x32,
	0xf1,0x32,0x32,0xf1,0x32,0x32,0xf1,0x32,0x32,0xf1,0x32,0x32,0xf1,0x32,0x32,0xf1,
	0x32,0x32,0xf1,0x32,0x32,0xf1,0x32,0x32,0xf1,0x32,0x32,0xf1,0x32,0x32,0xf1,0x32,
	0x32,0xf1,0x32,0x32,0xf1,0x32,0x32,0xf1,0x32,0x32,0xf1,0x32,0x32,0xcc,0x00,0x00,
	0xa7,0x6d,0xfd,0x83,0x00,0xfd,0x83,0x00,0xfd,0x83,0x00,0xfd,0x83,0x00,0xfd,0x83,
	0x00,0xfd,0x83,0x00,0xfd,0x83,0x00,0xfd,0x83,0x00,0xfd,0x83,0x00,0xfd,0x83,0x00,
	0xfd,0x83,0x00,0xfd,0x83,0x00,0xfd,0x83,0x00,0xfd,0x83,0x00,0xfd,0x83,0x00,0xfd,
	0x83,0x00,0xfd,0x83,0x00,0xfd,0x83,0x00,0xfd,0x83,0x00,0xfd,0x83,0x00,0xfd,0x83,
	0x00,0xfd,0x83,0x00,0xfd,0x3a,0x02,0x8f,0x9d,0xf9,0x85,0x45,0xe4,0x1a,0x45,0xe4,
	0x1a,0x45,0xe4,0x1a,0x45,0xe4,0x1a,0x45,0xe4,0x1a,0x45,0xe4,0x1a,0x45,0xe4,0x1a,
	0x45,0xe4,0x1a,0x45,0xe4,0x1a,0x45,0xe4,0x1a,0x45,0xe4,0x1a,0x45,0xe4,0x1a,0x45,
	0xe4,0x1a,0x45,0xe4,0x1a,0x45,0xe4,0x1a,0x45,0xe4,0x1a,0x45,0xe4,0x1a,0x45,0xe4,
	0x1a,0x45,0xe4,0x1a,0x45,0xe4,0x1a,0x45,0xe4,0x1a,0x45,0xe4,0x1a,0x1d,0x86,0x01,
	0xff,0x9d,0x46,0xbb,0x58,0x00,0xbb,0x58,0x00,0xbb,0x58,0x00,0xbb,0x58,0x00,0xbb,
	0x58,0x00,0xbb,0x58,0x00,0xbb,0x58,0x00,0xbb,0x58,0x00,0xbb,0x58,0x00,0xbb,0x58,
	0x00,0xbb,0x58,0x00,0xbb,0x58,0x00,0xbb,0x58,0x00,0xbb,0x58,0x00,0xbb,0x58,0x00,
	0xbb,0x58,0x00,0xbb,0x58,0x00,0xbb,0x58,0x00,0xbb,0x58,0x00,0xbb,0x58,0x00,0xbb,
	0x58,0x00,0xbb,0x58,0x00,0x84,0x3e,0x00,0x00,0x00,0x40,0x00,0x00,0x40,0x00,0x00,
	0x40,0x00,0x00,0x40,0x00,0x00,0x40,0x00,0x00,0x40,0x00,0x00,0x40,0x00,0x00,0x40,
	0x00,0x00,0x40,0x00,0x00,0x40,0x00,0x00,0x40,0x00,0x00,0x40,0x00,0x00,0x40,0x00,
	0x00,0x40,0x00,0x00,0x40,0x00,0x00,0x40,0x00,0x00,0x40,0x00,0x00,0x40,0x00,0x00,
	0x40,0x00,0x00,0x40,0x00,0x00,0x40,0x00,0x00,0x40,0x00,0x00,0x40,0x00,0x00,0x40,
	0xf8,0x8b,0x3b,0xf8,0x8b,0x3b,0xf8,0x8b,0x3b,0xf8,0x8b,0x3b,0xf8,0x8b,0x3b,0xf8,
	0x8b,0x3b,0xf8,0x8b,0x3b,0xf8,0x8b,0x3b,0xf8,0x8b,0x3b,0xf8,0x8b,0x3b,0xf8,0x8b,
	0x3b,0xc1,0x55,0x06,0xf7,0xdc,0x6f,0xf8,0x8b,0x3b,0xf8,0x8b,0x3b,0xf8,0x8b,0x3b,
	0xf8,0x8b,0x3b,0xf8,0x8b,0x3b,0xf8,0x8b,0x3b,0xf8,0x8b,0x3b,0xf8,0x8b,0x3b,0xf8,
	0x8b,0x3b,0xf8,0x8b,0x3b,0xf8,0x8b,0x3b,0xf8,0x8b,0x3b,0xf8,0x8b,0x3b,0xf8,0x8b,
	0x3b,0xf8,0x8b,0x3b,0xf8,0x8b,0x3b,0xf8,0x8b,0x3b,0xf8,0x8b,0x3b,0xf8,0x8b,0x3b,
	0xf8,0x8b,0x3b,0xf8,0x8b,0x3b,0xf8,0x8b,0x3b,0xc1,0x55,0x06,0x8e,0x6e,0x5d,0xc8,
	0x9a,0x7f,0xc1,0x99,0x82,0xac,0x89,0x76,0x82,0x71,0x67,0xa5,0x84,0x73,0xa9,0x86,
	0x74,0x98,0x7a,0x69,0x83,0x65,0x55,0x89,0x68,0x57,0x81,0x65,0x56,0x85,0x5e,0x4a,
	0xe4,0xb5,0x9b,0xb3,0x9a,0x8b,0x7c,0x61,0x52,0x95,0x70,0x5c,0xab,0x8b,0x7a,0x94,
	0x87,0x80,0x57,0x47,0x3e,0x92,0x6b,0x56,0x93,0x75,0x63,0x99,0x73,0x60,0x8d,0x74,
	0x67,0x5c,0x53,0x4e,0x8e,0x6e,0x5d,0xc8,0x9a,0x7f,0xc1,0x99,0x82,0xac,0x89,0x76,
	0x82,0x71,0x67,0xa5,0x84,0x73,0xa9,0x86,0x74,0x98,0x7a,0x69,0x83,0x65,0x55,0x89,
	0x68,0x57,0x81,0x65,0x56,0x85,0x5e,0x4a,0xe4,0xb5,0x9b,0xb3,0x9a,0x8b,0x7c,0x61,
	0x52,0x95,0x70,0x5c,0xab,0x8b,0x7a,0x94,0x87,0x80,0x57,0x47,0x3e,0x92,0x6b,0x56,
	0x93,0x75,0x63,0x99,0x73,0x60,0x8d,0x74,0x67,0x5c,0x53,0x4e,0xf7,0xdc,0x6f,0xf8,
	0x8b,0x3b,0xf8,0x8b,0x3b,0xf8,0x8b,0x3b,0xf8,0x8b,0x3b,0xf8,0x8b,0x3b,0xf8,0x8b,
	0x3b,0xf8,0x8b,0x3b,0xf8,0x8b,0x3b,0xf8,0x8b,0x3b,0xf8,0x8b,0x3b,0xf8,0x8b,0x3b,
	0xf8,0x8b,0x3b,0xf8,0x8b,0x3b,0xf8,0x8b,0x3b,0xf8,0x8b,0x3b,0xf8,0x8b,0x3b,0xf8,
	0x8b,0x3b,0xf8,0x8b,0x3b,0xf8,0x8b,0x3b,0xf8,0x8b,0x3b,0xf8,0x8b,0x3b,0xf8,0x8b,
	0x3b,0xc1,0x55,0x06,0x8e,0x6e,0x5d,0xc8,0x9a,0x7f,0xc1,0x99,0x82,0xac,0x89,0x76,
	0x82,0x71,0x67,0xa5,0x84,0x73,0xa9,0x86,0x74,0x98,0x7a,0x69,0x83,0x65,0x55,0x89,
	0x68,0x57,0x81,0x65,0x56,0x85,0x5e,0x4a,0xe4,0xb5,0x9b,0xb3,0x9a,0x8b,0x7c,0x61,
	0x52,0x95,0x70,0x5c,0xab,0x8b,0x7a,0x94,0x87,0x80,0x57,0x47,0x3e,0x92,0x6b,0x56,
	0x93,0x75,0x63,0x99,0x73,0x60,0x8d,0x74,0x67,0x5c,0x53,0x4e,0xf7,0xdc,0x6f,0xf8,
	0x8b,0x3b,0xf8,0x8b,0x3b,0xf8,0x8b,0x3b,0xf8,0x8b,0x3b,0xf8,0x8b,0x3b,0xf8,0x8b,
	0x3b,0xf8,0x8b,0x3b,0xf8,0x8b,0x3b,0xf8,0x8b,0x3b,0xf8,0x8b,0x3b,0xf8,0x8b,0x3b,
	0xf8,0x8b,0x3b,0xf8,0x8b,0x3b,0xf8,0x8b,0x3b,0xf8,0x8b,0x3b,0xf8,0x8b,0x3b,0xf8,
	0x8b,0x3b,0xf8,0x8b,0x3b,0xf8,0x8b,0x3b,0xf8,0x8b,0x3b,0xf8,0x8b,0x3b,0xf8,0x8b,
	0x3b,0xc1,0x55,0x06,0xf7,0xdc,0x6f,0xf8,0x8b,0x3b,0xf8,0x8b,0x3b,0xf8,0x8b,0x3b,
	0xf8,0x8b,0x3b,0xf8,0x8b,0x3b,0xf8,0x8b,0x3b,0xf8,0x8b,0x3b,0xf8,0x8b,0x3b,0xf8,
	0x8b,0x3b,0xf8,0x8b,0x3b,0xf8,0x8b,0x3b,0xf8,0x8b,0x3b,0xf8,0x8b,0x3b,0xf8,0x8b,
	0x3b,0xf8,0x8b,0x3b,0xf8,0x8b,0x3b,0xf8,0x8b,0x3b,0xf8,0x8b,0x3b,0xf8,0x8b,0x3b,
	0xf8,0x8b,0x3b,0xf8,0x8b,0x3b,0xf8,0x8b,0x3b,0xc1,0x55,0x06,0xf7,0xdc,0x6f,0xf8,
	0x8b,0x3b,0xf8,0x8b,0x3b,0xf8,0x8b,0x3b,0xf8,0x8b,0x3b,0xf8,0x8b,0x3b,0xf8,0x8b,
	0x3b,0xf8,0x8b,0x3b,0xf8,0x8b,0x3b,0xf8,0x8b,0x3b,0xf8,0x8b,0x3b,0xf8,0x8b,0x3b,
	0xf8,0x8b,0x3b,0xf8,0x8b,0x3b,0xf8,0x8b,0x3b,0xf8,0x8b,0x3b,0xf8,0x8b,0x3b,0xf8,
	0x8b,0x3b,0xf8,0x8b,0x3b,0xf8,0x8b,0x3b,0xf8,0x8b,0x3b,0xf8,0x8b,0x3b,0xf8,0x8b,
	0x3b,0xc1,0x55,0x06,0xf7,0xdc,0x6f,0xf8,0x8b,0x3b,0xf8,0x8b,0x3b,0xf8,0x8b,0x3b,
	0xf8,0x8b,0x3b,0xf8,0x8b,0x3b,0xf8,0x8b,0x3b,0xf8,0x8b,0x3b,0xf8,0x8b,0x3b,0xf8,
	0x8b,0x3b,0xf8,0x8b,0x3b,0xf8,0x8b,0x3b,0xe4,0xb5,0x9b,0xb3,0x9a,0x8b,0x7c,0x61,
	0x52,0x95,0x70,0x5c,0xab,0x8b,0x7a,0x94,0x87,0x80,0x57,0x47,0x3e,0x92,0x6b,0x56,
	0x93,0x75,0x63,0x99,0x73,0x60,0x8d,0x74,0x67,0x5c,0x53,0x4e,0x8e,0x6e,0x5d,0xc8,
	0x9a,0x7f,0xc1,0x99,0x82,0xac,0x89,0x76,0x82,0x71,0x67,0xa5,0x84,0x73,0xa9,0x86,
	0x74,0x98,0x7a,0x69,0x83,0x65,0x55,0x89,0x68,0x57,0x81,0x65,0x56,0x85,0x5e,0x4a,
	0x00,0x00,0x00,0x00,0x00,0x00,0x00,0x00,0x00,0x00,0x00,0x00,0x00,0x00,0x00,0x00,
	0x00,0x00,0x00,0x00,0x00,0x00,0x00,0x00,0x00,0x00,0x00,0x00,0x00,0x00,0x00,0x00,
	0x00,0x00,0x00,0x00,0x00,0x00,0x00,0x00,0x00,0x00,0x00,0x00,0x00,0x00,0x00,0x00,
	0x00,0x00,0x00,0x00,0x00,0x00,0x00,0x00,0x00,0x00,0x00,0x00,0x00,0x00,0x00,0x00,
	0x00,0x00,0x00,0x00,0x00,0x00,0x00,0x00,0xff,0xff,0x6b,0xdf,0xdf,0x00,0xdf,0xdf,
	0x00,0xdf,0xdf,0x00,0xdf,0xdf,0x00,0xdf,0xdf,0x00,0xdf,0xdf,0x00,0xdf,0xdf,0x00,
	0xdf,0xdf,0x00,0xdf,0xdf,0x00,0xdf,0xdf,0x00,0xdf,0xdf,0x00,0xdf,0xdf,0x00,0xdf,
	0xdf,0x00,0xdf,0xdf,0x00,0xdf,0xdf,0x00,0xdf,0xdf,0x00,0xdf,0xdf,0x00,0xdf,0xdf,
	0x00,0xdf,0xdf,0x00,0xdf,0xdf,0x00,0xdf,0xdf,0x00,0xdf,0xdf,0x00,0xa4,0x97,0x00,
	0xff,0xff,0xff,0xdd,0xdd,0xea,0xdd,0xdd,0xea,0xdd,0xdd,0xea,0xdd,0xdd,0xea,0xdd,
	0xdd,0xea,0xdd,0xdd,0xea,0xdd,0xdd,0xea,0xdd,0xdd,0xea,0xdd,0xdd,0xea,0xdd,0xdd,
	0xea,0xdd,0xdd,0xea,0xdd,0xdd,0xea,0xdd,0xdd,0xea,0xdd,0xdd,0xea,0xdd,0xdd,0xea,
	0xdd,0xdd,0xea,0xdd,0xdd,0xea,0xdd,0xdd,0xea,0xdd,0xdd,0xea,0xdd,0xdd,0xea,0xdd,
	0xdd,0xea,0xdd,0xdd,0xea,0xa0,0xa0,0xa0,0x46,0xbe,0xff,0x01,0xa2,0xf9,0x01,0xa2,
	0xf9,0x01,0xa2,0xf9,0x01,0xa2,0xf9,0x01,0xa2,0xf9,0x01,0xa2,0xf9,0x01,0xa2,0xf9,
	0x01,0xa2,0xf9,0x01,0xa2,0xf9,0x01,0xa2,0xf9,0x01,0xa2,0xf9,0x01,0xa2,0xf9,0x01,
	0xa2,0xf9,0x01,0xa2,0xf9,0x01,0xa2,0xf9,0x01,0xa2,0xf9,0x01,0xa2,0xf9,0x01,0xa2,
	0xf9,0x01,0xa2,0xf9,0x01,0xa2,0xf9,0x01,0xa2,0xf9,0x01,0xa2,0xf9,0x02,0x82,0xc7,
	0xf8,0x66,0x66,0xf1,0x32,0x32,0xf1,0x32,0x32,0xf1,0x32,0x32,0xf1,0x32,0x32,0xf1,
	0x32,0x32,0xf1,0x32,0x32,0xf1,0x32,0x32,0xf1,0x32,0x32,0xf1,0x32,0x32,0xf1,0x32,
	0x32,0xf1,0x32,0x32,0xf1,0x32,0x32,0xf1,0x32,0x32,0xf1,0x32,0x32,0xf1,0x32,0x32,
	0xf1,0x32,0x32,0xf1,0x32,0x32,0xf1,0x32,0x32,0xf1,0x32,0x32,0xf1,0x32,0x32,0xf1,
	0x32,0x32,0xf1,0x32,0x32,0xcc,0x00,0x00,0xa7,0x6d,0xfd,0x83,0x00,0xfd,0x83,0x00,
	0xfd,0x83,0x00,0xfd,0x83,0x00,0xfd,0x83,0x00,0xfd,0x83,0x00,0xfd,0x83,0x00,0xfd,
	0x83,0x00,0xfd,0x83,0x00,0xfd,0x83,0x00,0xfd,0x83,0x00,0xfd,0x83,0x00,0xfd,0x83,
	0x00,0xfd,0x83,0x00,0xfd,0x83,0x00,0xfd,0x83,0x00,0xfd,0x83,0x00,0xfd,0x83,0x00,
	0xfd,0x83,0x00,0xfd,0x83,0x00,0xfd,0x83,0x00,0xfd,0x83,0x00,0xfd,0x3a,0x02,0x8f,
	0x9d,0xf9,0x85,0x45,0xe4,0x1a,0x45,0xe4,0x1a,0x45,0xe4,0x1a,0x45,0xe4,0x1a,0x45,
	0xe4,0x1a,0x45,0xe4,0x1a,0x45,0xe4,0x1a,0x45,0xe4,0x1a,0x45,0xe4,0x1a,0x45,0xe4,
	0x1a,0x45,0xe4,0x1a,0x45,0xe4,0x1a,0x45,0xe4,0x1a,0x45,0xe4,0x1a,0x45,0xe4,0x1a,
	0x45,0xe4,0x1a,0x45,0xe4,0x1a,0x45,0xe4,0x1a,0x45,0xe4,0x1a,0x45,0xe4,0x1a,0x45,
	0xe4,0x1a,0x45,0xe4,0x1a,0x1d,0x86,0x01,0xff,0x9d,0x46,0xbb,0x58,0x00,0xbb,0x58,
	0x00,0xbb,0x58,0x00,0xbb,0x58,0x00,0xbb,0x58,0x00,0xbb,0x58,0x00,0xbb,0x58,0x00,
	0xbb,0x58,0x00,0xbb,0x58,0x00,0xbb,0x58,0x00,0xbb,0x58,0x00,0xbb,0x58,0x00,0xbb,
	0x58,0x00,0xbb,0x58,0x00,0xbb,0x58,0x00,0xbb,0x58,0x00,0xbb,0x58,0x00,0xbb,0x58,
	0x00,0xbb,0x58,0x00,0xbb,0x58,0x00,0xbb,0x58,0x00,0xbb,0x58,0x00,0x84,0x3e,0x00,
	0x00,0x00,0x40,0x00,0x00,0x40,0x00,0x00,0x40,0x00,0x00,0x40,0x00,0x00,0x40,0x00,
	0x00,0x40,0x00,0x00,0x40,0x00,0x00,0x40,0x00,0x00,0x40,0x00,0x00,0x40,0x00,0x00,
	0x40,0x00,0x00,0x40,0x00,0x00,0x40,0x00,0x00,0x40,0x00,0x00,0x40,0x00,0x00,0x40,
	0x00,0x00,0x40,0x00,0x00,0x40,0x00,0x00,0x40,0x00,0x00,0x40,0x00,0x00,0x40,0x00,
	0x00,0x40,0x00,0x00,0x40,0x00,0x00,0x40,0xc1,0x55,0x06,0xc1,0x55,0x06,0xc1,0x55,
	0x06,0xc1,0x55,0x06,0xc1,0x55,0x06,0xc1,0x55,0x06,0xc1,0x55,0x06,0xc1,0x55,0x06,
	0xc1,0x55,0x06,0xc1,0x55,0x06,0xc1,0x55,0x06,0x57,0x25,0x01,0xf7,0xdc,0x6f,0xf8,
	0x8b,0x3b,0xc1,0x55,0x06,0xc1,0x55,0x06,0xc1,0x55,0x06,0xc1,0x55,0x06,0xc1,0x55,
	0x06,0xc1,0x55,0x06,0xc1,0x55,0x06,0xc1,0x55,0x06,0xc1,0x55,0x06,0xc1,0x55,0x06,
	0xc1,0x55,0x06,0xc1,0x55,0x06,0xc1,0x55,0x06,0xc1,0x55,0x06,0xc1,0x55,0x06,0xc1,
	0x55,0x06,0xc1,0x55,0x06,0xc1,0x55,0x06,0xc1,0x55,0x06,0xc1,0x55,0x06,0xc1,0x55,
	0x06,0x57,0x25,0x01,0xa2,0x7b,0x68,0xd9,0xb5,0xa0,0xe8,0xd6,0xc6,0xa6,0x8c,0x7a,
	0xa1,0x7c,0x69,0x9e,0x7c,0x6a,0x9d,0x7f,0x6e,0x8f,0x75,0x67,0x66,0x4b,0x3f,0x97,
	0x76,0x69,0xa4,0x8d,0x80,0x97,0x74,0x61,0xdf,0xb4,0x9c,0x84,0x76,0x6e,0x6f,0x55,
	0x48,0xee,0xc7,0xb0,0xac,0x8f,0x7c,0x6a,0x4a,0x39,0xc9,0x9f,0x89,0xa1,0x87,0x78,
	0x70,0x53,0x45,0xa1,0x80,0x6f,0x79,0x5d,0x4d,0x9e,0x79,0x66,0xa2,0x7b,0x68,0xd9,
	0xb5,0xa0,0xe8,0xd6,0xc6,0xa6,0x8c,0x7a,0xa1,0x7c,0x69,0x9e,0x7c,0x6a,0x9d,0x7f,
	0x6e,0x8f,0x75,0x67,0x66,0x4b,0x3f,0x97,0x76,0x69,0xa4,0x8d,0x80,0x97,0x74,0x61,
	0xdf,0xb4,0x9c,0x84,0x76,0x6e,0x6f,0x55,0x48,0xee,0xc7,0xb0,0xac,0x8f,0x7c,0x6a,
	0x4a,0x39,0xc9,0x9f,0x89,0xa1,0x87,0x78,0x70,0x53,0x45,0xa1,0x80,0x6f,0x79,0x5d,
	0x4d,0x9e,0x79,0x66,0xf7,0xdc,0x6f,0xf8,0x8b,0x3b,0xc1,0x55,0x06,0xc1,0x55,0x06,
	0xc1,0x55,0x06,0xc1,0x55,0x06,0xc1,0x55,0x06,0xc1,0x55,0x06,0xc1,0x55,0x06,0xc1,
	0x55,0x06,0xc1,0x55,0x06,0xc1,0x55,0x06,0xc1,0x55,0x06,0xc1,0x55,0x06,0xc1,0x55,
	0x06,0xc1,0x55,0x06,0xc1,0x55,0x06,0xc1,0x55,0x06,0xc1,0x55,0x06,0xc1,0x55,0x06,
	0xc1,0x55,0x06,0xc1,0x55,0x06,0xc1,0x55,0x06,0x57,0x25,0x01,0xa2,0x7b,0x68,0xd9,
	0xb5,0xa0,0xe8,0xd6,0xc6,0xa6,0x8c,0x7a,0xa1,0x7c,0x69,0x9e,0x7c,0x6a,0x9d,0x7f,
	0x6e,0x8f,0x75,0x67,0x66,0x4b,0x3f,0x97,0x76,0x69,0xa4,0x8d,0x80,0x97,0x74,0x61,
	0xdf,0xb4,0x9c,0x84,0x76,0x6e,0x6f,0x55,0x48,0xee,0xc7,0xb0,0xac,0x8f,0x7c,0x6a,
	0x4a,0x39,0xc9,0x9f,0x89,0xa1,0x87,0x78,0x70,0x53,0x45,0xa1,0x80,0x6f,0x79,0x5d,
	0x4d,0x9e,0x79,0x66,0xf7,0xdc,0x6f,0xf8,0x8b,0x3b,0xc1,0x55,0x06,0xc1,0x55,0x06,
	0xc1,0x55,0x06,0xc1,0x55,0x06,0xc1,0x55,0x06,0xc1,0x55,0x06,0xc1,0x55,0x06,0xc1,
	0x55,0x06,0xc1,0x55,0x06,0xc1,0x55,0x06,0xc1,0x55,0x06,0xc1,0x55,0x06,0xc1,0x55,
	0x06,0xc1,0x55,0x06,0xc1,0x55,0x06,0xc1,0x55,0x06,0xc1,0x55,0x06,0xc1,0x55,0x06,
	0xc1,0x55,0x06,0xc1,0x55,0x06,0xc1,0x55,0x06,0x57,0x25,0x01,0xf7,0xdc,0x6f,0xf8,
	0x8b,0x3b,0xc1,0x55,0x06,0xc1,0x55,0x06,0xc1,0x55,0x06,0xc1,0x55,0x06,0xc1,0x55,
	0x06,0xc1,0x55,0x06,0xc1,0x55,0x06,0xc1,0x55,0x06,0xc1,0x55,0x06,0xc1,0x55,0x06,
	0xc1,0x55,0x06,0xc1,0x55,0x06,0xc1,0x55,0x06,0xc1,0x55,0x06,0xc1,0x55,0x06,0xc1,
	0x55,0x06,0xc1,0x55,0x06,0xc1,0x55,0x06,0xc1,0x55,0x06,0xc1,0x55,0x06,0xc1,0x55,
	0x06,0x57,0x25,0x01,0xf7,0xdc,0x6f,0xf8,0x8b,0x3b,0xc1,0x55,0x06,0xc1,0x55,0x06,
	0xc1,0x55,0x06,0xc1,0x55,0x06,0xc1,0x55,0x06,0xc1,0x55,0x06,0xc1,0x55,0x06,0xc1,
	0x55,0x06,0xc1,0x55,0x06,0xc1,0x55,0x06,0xc1,0x55,0x06,0xc1,0x55,0x06,0xc1,0x55,
	0x06,0xc1,0x55,0x06,0xc1,0x55,0x06,0xc1,0x55,0x06,0xc1,0x55,0x06,0xc1,0x55,0x06,
	0xc1,0x55,0x06,0xc1,0x55,0x06,0xc1,0x55,0x06,0x57,0x25,0x01,0xf7,0xdc,0x6f,0xf8,
	0x8b,0x3b,0xc1,0x55,0x06,0xc1,0x55,0x06,0xc1,0x55,0x06,0xc1,0x55,0x06,0xc1,0x55,
	0x06,0xc1,0x55,0x06,0xc1,0x55,0x06,0xc1,0x55,0x06,0xc1,0x55,0x06,0xc1,0x55,0x06,
	0xdf,0xb4,0x9c,0x84,0x76,0x6e,0x6f,0x55,0x48,0xee,0xc7,0xb0,0xac,0x8f,0x7c,0x6a,
	0x4a,0x39,0xc9,0x9f,0x89,0xa1,0x87,0x78,0x70,0x53,0x45,0xa1,0x80,0x6f,0x79,0x5d,
	0x4d,0x9e,0x79,0x66,0xa2,0x7b,0x68,0xd9,0xb5,0xa0,0xe8,0xd6,0xc6,0xa6,0x8c,0x7a,
	0xa1,0x7c,0x69,0x9e,0x7c,0x6a,0x9d,0x7f,0x6e,0x8f,0x75,0x67,0x66,0x4b,0x3f,0x97,
	0x76,0x69,0xa4,0x8d,0x80,0x97,0x74,0x61,0x00,0x00,0x00,0x00,0x00,0x00,0x00,0x00,
	0x00,0x00,0x00,0x00,0x00,0x00,0x00,0x00,0x00,0x00,0x00,0x00,0x00,0x00,0x00,0x00,
	0x00,0x00,0x00,0x00,0x00,0x00,0x00,0x00,0x00,0x00,0x00,0x00,0x00,0x00,0x00,0x00,
	0x00,0x00,0x00,0x00,0x00,0x00,0x00,0x00,0x00,0x00,0x00,0x00,0x00,0x00,0x00,0x00,
	0x00,0x00,0x00,0x00,0x00,0x00,0x00,0x00,0x00,0x00,0x00,0x00,0x00,0x00,0x00,0x00,
	0xff,0xff,0x6b,0xdf,0xdf,0x00,0xdf,0xdf,0x00,0xdf,0xdf,0x00,0xdf,0xdf,0x00,0xdf,
	0xdf,0x00,0xdf,0xdf,0x00,0xdf,0xdf,0x00,0xdf,0xdf,0x00,0xdf,0xdf,0x00,0xdf,0xdf,
	0x00,0xdf,0xdf,0x00,0xdf,0xdf,0x00,0xdf,0xdf,0x00,0xdf,0xdf,0x00,0xdf,0xdf,0x00,
	0xdf,0xdf,0x00,0xdf,0xdf,0x00,0xdf,0xdf,0x00,0xdf,0xdf,0x00,0xdf,0xdf,0x00,0xdf,
	0xdf,0x00,0xdf,0xdf,0x00,0xa4,0x97,0x00,0xff,0xff,0xff,0xdd,0xdd,0xea,0xdd,0xdd,
	0xea,0xdd,0xdd,0xea,0xdd,0xdd,0xea,0xdd,0xdd,0xea,0xdd,0xdd,0xea,0xdd,0xdd,0xea,
	0xdd,0xdd,0xea,0xdd,0xdd,0xea,0xdd,0xdd,0xea,0xdd,0xdd,0xea,0xdd,0xdd,0xea,0xdd,
	0xdd,0xea,0xdd,0xdd,0xea,0xdd,0xdd,0xea,0xdd,0xdd,0xea,0xdd,0xdd,0xea,0xdd,0xdd,
	0xea,0xdd,0xdd,0xea,0xdd,0xdd,0xea,0xdd,0xdd,0xea,0xdd,0xdd,0xea,0xa0,0xa0,0xa0,
	0x46,0xbe,0xff,0x01,0xa2,0xf9,0x01,0xa2,0xf9,0x01,0xa2,0xf9,0x01,0xa2,0xf9,0x01,
	0xa2,0xf9,0x01,0xa2,0xf9,0x01,0xa2,0xf9,0x01,0xa2,0xf9,0x01,0xa2,0xf9,0x01,0xa2,
	0xf9,0x01,0xa2,0xf9,0x01,0xa2,0xf9,0x01,0xa2,0xf9,0x01,0xa2,0xf9,0x01,0xa2,0xf9,
	0x01,0xa2,0xf9,0x01,0xa2,0xf9,0x01,0xa2,0xf9,0x01,0xa2,0xf9,0x01,0xa2,0xf9,0x01,
	0xa2,0xf9,0x01,0xa2,0xf9,0x02,0x82,0xc7,0xf8,0x66,0x66,0xf1,0x32,0x32,0xf1,0x32,
	0x32,0xf1,0x32,0x32,0xf1,0x32,0x32,0xf1,0x32,0x32,0xf1,0x32,0x32,0xf1,0x32,0x32,
	0xf1,0x32,0x32,0xf1,0x32,0x32,0xf1,0x32,0x32,0xf1,0x32,0x32,0xf1,0x32,0x32,0xf1,
	0x32,0x32,0xf1,0x32,0x32,0xf1,0x32,0x32,0xf1,0x32,0x32,0xf1,0x32,0x32,0xf1,0x32,
	0x32,0xf1,0x32,0x32,0xf1,0x32,0x32,0xf1,0x32,0x32,0xf1,0x32,0x32,0xcc,0x00,0x00,
	0xa7,0x6d,0xfd,0x83,0x00,0xfd,0x83,0x00,0xfd,0x83,0x00,0xfd,0x83,0x00,0xfd,0x83,
	0x00,0xfd,0x83,0x00,0xfd,0x83,0x00,0xfd,0x83,0x00,0xfd,0x83,0x00,0xfd,0x83,0x00,
	0xfd,0x83,0x00,0xfd,0x83,0x00,0xfd,0x83,0x00,0xfd,0x83,0x00,0xfd,0x83,0x00,0xfd,
	0x83,0x00,0xfd,0x83,0x00,0xfd,0x83,0x00,0xfd,0x83,0x00,0xfd,0x83,0x00,0xfd,0x83,
	0x00,0xfd,0x83,0x00,0xfd,0x3a,0x02,0x8f,0x9d,0xf9,0x85,0x45,0xe4,0x1a,0x45,0xe4,
	0x1a,0x45,0xe4,0x1a,0x45,0xe4,0x1a,0x45,0xe4,0x1a,0x45,0xe4,0x1a,0x45,0xe4,0x1a,
	0x45,0xe4,0x1a,0x45,0xe4,0x1a,0x45,0xe4,0x1a,0x45,0xe4,0x1a,0x45,0xe4,0x1a,0x45,
	0xe4,0x1a,0x45,0xe4,0x1a,0x45,0xe4,0x1a,0x45,0xe4,0x1a,0x45,0xe4,0x1a,0x45,0xe4,
	0x1a,0x45,0xe4,0x1a,0x45,0xe4,0x1a,0x45,0xe4,0x1a,0x45,0xe4,0x1a,0x1d,0x86,0x01,
	0xff,0x9d,0x46,0xbb,0x58,0x00,0xbb,0x58,0x00,0xbb,0x58,0x00,0xbb,0x58,0x00,0xbb,
	0x58,0x00,0xbb,0x58,0x00,0xbb,0x58,0x00,0xbb,0x58,0x00,0xbb,0x58,0x00,0xbb,0x58,
	0x00,0xbb,0x58,0x00,0xbb,0x58,0x00,0xbb,0x58,0x00,0xbb,0x58,0x00,0xbb,0x58,0x00,
	0xbb,0x58,0x00,0xbb,0x58,0x00,0xbb,0x58,0x00,0xbb,0x58,0x00,0xbb,0x58,0x00,0xbb,
	0x58,0x00,0xbb,0x58,0x00,0x84,0x3e,0x00,0x00,0x00,0x40,0x00,0x00,0x40,0x00,0x00,
	0x40,0x00,0x00,0x40,0x00,0x00,0x40,0x00,0x00,0x40,0x00,0x00,0x40,0x00,0x00,0x40,
	0x00,0x00,0x40,0x00,0x00,0x40,0x00,0x00,0x40,0x00,0x00,0x40,0x00,0x00,0x40,0x00,
	0x00,0x40,0x00,0x00,0x40,0x00,0x00,0x40,0x00,0x00,0x40,0x00,0x00,0x40,0x00,0x00,
	0x40,0x00,0x00,0x40,0x00,0x00,0x40,0x00,0x00,0x40,0x00,0x00,0x40,0x00,0x00,0x40,
	0xc1,0x55,0x06,0xc1,0x55,0x06,0xc1,0x55,0x06,0xc1,0x55,0x06,0xc1,0x55,0x06,0xc1,
	0x55,0x06,0xc1,0x55,0x06,0xc1,0x55,0x06,0xc1,0x55,0x06,0xc1,0x55,0x06,0xc1,0x55,
	0x06,0x57,0x25,0x01,0xf7,0xdc,0x6f,0xf8,0x8b,0x3b,0xc1,0x55,0x06,0xc1,0x55,0x06,
	0xc1,0x55,0x06,0xc1,0x55,0x06,0xc1,0x55,0x06,0xc1,0x55,0x06,0xc1,0x55,0x06,0xc1,
	0x55,0x06,0xc1,0x55,0x06,0xc1,0x55,0x06,0xc1,0x55,0x06,0xc1,0x55,0x06,0xc1,0x55,
	0x06,0xc1,0x55,0x06,0xc1,0x55,0x06,0xc1,0x55,0x06,0xc1,0x55,0x06,0xc1,0x55,0x06,
	0xc1,0x55,0x06,0xc1,0x55,0x06,0xc1,0x55,0x06,0x57,0x25,0x01,0xaa,0x8f,0x7f,0xa7,
	0x83,0x6f,0xc2,0xb4,0xab,0x97,0x92,0x8f,0x8e,0x74,0x66,0x85,0x63,0x51,0xa9,0x87,
	0x74,0x99,0x78,0x67,0x63,0x40,0x32,0xb7,0x94,0x83,0xcb,0xba,0xb0,0x8c,0x71,0x62,
	0xcf,0xa9,0x93,0x72,0x68,0x62,0x73,0x54,0x44,0xd9,0xc2,0xb3,0x70,0x6d,0x6a,0x76,
	0x54,0x43,0xe1,0xc7,0xb8,0x65,0x5d,0x59,0x93,0x6e,0x5c,0xb2,0x9c,0x90,0x6e,0x55,
	0x48,0xe4,0xb8,0x9e,0xaa,0x8f,0x7f,0xa7,0x83,0x6f,0xc2,0xb4,0xab,0x97,0x92,0x8f,
	0x8e,0x74,0x66,0x85,0x63,0x51,0xa9,0x87,0x74,0x99,0x78,0x67,0x63,0x40,0x32,0xb7,
	0x94,0x83,0xcb,0xba,0xb0,0x8c,0x71,0x62,0xcf,0xa9,0x93,0x72,0x68,0x62,0x73,0x54,
	0x44,0xd9,0xc2,0xb3,0x70,0x6d,0x6a,0x76,0x54,0x43,0xe1,0xc7,0xb8,0x65,0x5d,0x59,
	0x93,0x6e,0x5c,0xb2,0x9c,0x90,0x6e,0x55,0x48,0xe4,0xb8,0x9e,0xf7,0xdc,0x6f,0xf8,
	0x8b,0x3b,0xc1,0x55,0x06,0xc1,0x55,0x06,0xc1,0x55,0x06,0xc1,0x55,0x06,0xc1,0x55,
	0x06,0xc1,0x55,0x06,0xc1,0x55,0x06,0xc1,0x55,0x06,0xc1,0x55,0x06,0xc1,0x55,0x06,
	0xc1,0x55,0x06,0xc1,0x55,0x06,0xc1,0x55,0x06,0xc1,0x55,0x06,0xc1,0x55,0x06,0xc1,
	0x55,0x06,0xc1,0x55,0x06,0xc1,0x55,0x06,0xc1,0x55,0x06,0xc1,0x55,0x06,0xc1,0x55,
	0x06,0x57,0x25,0x01,0xaa,0x8f,0x7f,0xa7,0x83,0x6f,0xc2,0xb4,0xab,0x97,0x92,0x8f,
	0x8e,0x74,0x66,0x85,0x63,0x51,0xa9,0x87,0x74,0x99,0x78,0x67,0x63,0x40,0x32,0xb7,
	0x94,0x83,0xcb,0xba,0xb0,0x8c,0x71,0x62,0xcf,0xa9,0x93,0x72,0x68,0x62,0x73,0x54,
	0x44,0xd9,0xc2,0xb3,0x70,0x6d,0x6a,0x76,0x54,0x43,0xe1,0xc7,0xb8,0x65,0x5d,0x59,
	0x93,0x6e,0x5c,0xb2,0x9c,0x90,0x6e,0x55,0x48,0xe4,0xb8,0x9e,0xf7,0xdc,0x6f,0xf8,
	0x8b,0x3b,0xc1,0x55,0x06,0xc1,0x55,0x06,0xc1,0x55,0x06,0xc1,0x55,0x06,0xc1,0x55,
	0x06,0xc1,0x55,0x06,0xc1,0x55,0x06,0xc1,0x55,0x06,0xc1,0x55,0x06,0xc1,0x55,0x06,
	0xc1,0x55,0x06,0xc1,0x55,0x06,0xc1,0x55,0x06,0xc1,0x55,0x06,0xc1,0x55,0x06,0xc1,
	0x55,0x06,0xc1,0x55,0x06,0xc1,0x55,0x06,0xc1,0x55,0x06,0xc1,0x55,0x06,0xc1,0x55,
	0x06,0x57,0x25,0x01,0xf7,0xdc,0x6f,0xf8,0x8b,0x3b,0xc1,0x55,0x06,0xc1,0x55,0x06,
	0xc1,0x55,0x06,0xc1,0x55,0x06,0xc1,0x55,0x06,0xc1,0x55,0x06,0xc1,0x55,0x06,0xc1,
	0x55,0x06,0xc1,0x55,0x06,0xc1,0x55,0x06,0xc1,0x55,0x06,0xc1,0x55,0x06,0xc1,0x55,
	0x06,0xc1,0x55,0x06,0xc1,0x55,0x06,0xc1,0x55,0x06,0xc1,0x55,0x06,0xc1,0x55,0x06,
	0xc1,0x55,0x06,0xc1,0x55,0x06,0xc1,0x55,0x06,0x57,0x25,0x01,0xf7,0xdc,0x6f,0xf8,
	0x8b,0x3b,0xc1,0x55,0x06,0xc1,0x55,0x06,0xc1,0x55,0x06,0xc1,0x55,0x06,0xc1,0x55,
	0x06,0xc1,0x55,0x06,0xc1,0x55,0x06,0xc1,0x55,0x06,0xc1,0x55,0x06,0xc1,0x55,0x06,
	0xc1,0x55,0x06,0xc1,0x55,0x06,0xc1,0x55,0x06,0xc1,0x55,0x06,0xc1,0x55,0x06,0xc1,
	0x55,0x06,0xc1,0x55,0x06,0xc1,0x55,0x06,0xc1,0x55,0x06,0xc1,0x55,0x06,0xc1,0x55,
	0x06,0x57,0x25,0x01,0xf7,0xdc,0x6f,0xf8,0x8b,0x3b,0xc1,0x55,0x06,0xc1,0x55,0x06,
	0xc1,0x55,0x06,0xc1,0x55,0x06,0xc1,0x55,0x06,0xc1,0x55,0x06,0xc1,0x55,0x06,0xc1,
	0x55,0x06,0xc1,0x55,0x06,0xc1,0x55,0x06,0xcf,0xa9,0x93,0x72,0x68,0x62,0x73,0x54,
	0x44,0xd9,0xc2,0xb3,0x70,0x6d,0x6a,0x76,0x54,0x43,0xe1,0xc7,0xb8,0x65,0x5d,0x59,
	0x93,0x6e,0x5c,0xb2,0x9c,0x90,0x6e,0x55,0x48,0xe4,0xb8,0x9e,0xaa,0x8f,0x7f,0xa7,
	0x83,0x6f,0xc2,0xb4,0xab,0x97,0x92,0x8f,0x8e,0x74,0x66,0x85,0x63,0x51,0xa9,0x87,
	0x74,0x99,0x78,0x67,0x63,0x40,0x32,0xb7,0x94,0x83,0xcb,0xba,0xb0,0x8c,0x71,0x62,
	0x00,0x00,0x00,0x00,0x00,0x00,0x00,0x00,0x00,0x00,0x00,0x00,0x00,0x00,0x00,0x00,
	0x00,0x00,0x00,0x00,0x00,0x00,0x00,0x00,0x00,0x00,0x00,0x00,0x00,0x00,0x00,0x00,
	0x00,0x00,0x00,0x00,0x00,0x00,0x00,0x00,0x00,0x00,0x00,0x00,0x00,0x00,0x00,0x00,
	0x00,0x00,0x00,0x00,0x00,0x00,0x00,0x00,0x00,0x00,0x00,0x00,0x00,0x00,0x00,0x00,
	0x00,0x00,0x00,0x00,0x00,0x00,0x00,0x00,0xff,0xff,0x6b,0xdf,0xdf,0x00,0xdf,0xdf,
	0x00,0xdf,0xdf,0x00,0xdf,0xdf,0x00,0xdf,0xdf,0x00,0xdf,0xdf,0x00,0xdf,0xdf,0x00,
	0xdf,0xdf,0x00,0xdf,0xdf,0x00,0xdf,0xdf,0x00,0xdf,0xdf,0x00,0xdf,0xdf,0x00,0xdf,
	0xdf,0x00,0xdf,0xdf,0x00,0xdf,0xdf,0x00,0xdf,0xdf,0x00,0xdf,0xdf,0x00,0xdf,0xdf,
	0x00,0xdf,0xdf,0x00,0xdf,0xdf,0x00,0xdf,0xdf,0x00,0xdf,0xdf,0x00,0xa4,0x97,0x00,
	0xff,0xff,0xff,0xdd,0xdd,0xea,0xdd,0xdd,0xea,0xdd,0xdd,0xea,0xdd,0xdd,0xea,0xdd,
	0xdd,0xea,0xdd,0xdd,0xea,0xdd,0xdd,0xea,0xdd,0xdd,0xea,0xdd,0xdd,0xea,0xdd,0xdd,
	0xea,0xdd,0xdd,0xea,0xdd,0xdd,0xea,0xdd,0xdd,0xea,0xdd,0xdd,0xea,0xdd,0xdd,0xea,
	0xdd,0xdd,0xea,0xdd,0xdd,0xea,0xdd,0xdd,0xea,0xdd,0xdd,0xea,0xdd,0xdd,0xea,0xdd,
	0xdd,0xea,0xdd,0xdd,0xea,0xa0,0xa0,0xa0,0x46,0xbe,0xff,0x01,0xa2,0xf9,0x01,0xa2,
	0xf9,0x01,0xa2,0xf9,0x01,0xa2,0xf9,0x01,0xa2,0xf9,0x01,0xa2,0xf9,0x01,0xa2,0xf9,
	0x01,0xa2,0xf9,0x01,0xa2,0xf9,0x01,0xa2,0xf9,0x01,0xa2,0xf9,0x01,0xa2,0xf9,0x01,
	0xa2,0xf9,0x01,0xa2,0xf9,0x01,0xa2,0xf9,0x01,0xa2,0xf9,0x01,0xa2,0xf9,0x01,0xa2,
	0xf9,0x01,0xa2,0xf9,0x01,0xa2,0xf9,0x01,0xa2,0xf9,0x01,0xa2,0xf9,0x02,0x82,0xc7,
	0xf8,0x66,0x66,0xf1,0x32,0x32,0xf1,0x32,0x32,0xf1,0x32,0x32,0xf1,0x32,0x32,0xf1,
	0x32,0x32,0xf1,0x32,0x32,0xf1,0x32,0x32,0xf1,0x32,0x32,0xf1,0x32,0x32,0xf1,0x32,
	0x32,0xf1,0x32,0x32,0xf1,0x32,0x32,0xf1,0x32,0x32,0xf1,0x32,0x32,0xf1,0x32,0x32,
	0xf1,0x32,0x32,0xf1,0x32,0x32,0xf1,0x32,0x32,0xf1,0x32,0x32,0xf1,0x32,0x32,0xf1,
	0x32,0x32,0xf1,0x32,0x32,0xcc,0x00,0x00,0xa7,0x6d,0xfd,0x83,0x00,0xfd,0x83,0x00,
	0xfd,0x83,0x00,0xfd,0x83,0x00,0xfd,0x83,0x00,0xfd,0x83,0x00,0xfd,0x83,0x00,0xfd,
	0x83,0x00,0xfd,0x83,0x00,0xfd,0x83,0x00,0xfd,0x83,0x00,0xfd,0x83,0x00,0xfd,0x83,
	0x00,0xfd,0x83,0x00,0xfd,0x83,0x00,0xfd,0x83,0x00,0xfd,0x83,0x00,0xfd,0x83,0x00,
	0xfd,0x83,0x00,0xfd,0x83,0x00,0xfd,0x83,0x00,0xfd,0x83,0x00,0xfd,0x3a,0x02,0x8f,
	0x9d,0xf9,0x85,0x45,0xe4,0x1a,0x45,0xe4,0x1a,0x45,0xe4,0x1a,0x45,0xe4,0x1a,0x45,
	0xe4,0x1a,0x45,0xe4,0x1a,0x45,0xe4,0x1a,0x45,0xe4,0x1a,0x45,0xe4,0x1a,0x45,0xe4,
	0x1a,0x45,0xe4,0x1a,0x45,0xe4,0x1a,0x45,0xe4,0x1a,0x45,0xe4,0x1a,0x45,0xe4,0x1a,
	0x45,0xe4,0x1a,0x45,0xe4,0x1a,0x45,0xe4,0x1a,0x45,0xe4,0x1a,0x45,0xe4,0x1a,0x45,
	0xe4,0x1a,0x45,0xe4,0x1a,0x1d,0x86,0x01,0xff,0x9d,0x46,0xbb,0x58,0x00,0xbb,0x58,
	0x00,0xbb,0x58,0x00,0xbb,0x58,0x00,0xbb,0x58,0x00,0xbb,0x58,0x00,0xbb,0x58,0x00,
	0xbb,0x58,0x00,0xbb,0x58,0x00,0xbb,0x58,0x00,0xbb,0x58,0x00,0xbb,0x58,0x00,0xbb,
	0x58,0x00,0xbb,0x58,0x00,0xbb,0x58,0x00,0xbb,0x58,0x00,0xbb,0x58,0x00,0xbb,0x58,
	0x00,0xbb,0x58,0x00,0xbb,0x58,0x00,0xbb,0x58,0x00,0xbb,0x58,0x00,0x84,0x3e,0x00,
	0x00,0x00,0x40,0x00,0x00,0x40,0x00,0x00,0x40,0x00,0x00,0x40,0x00,0x00,0x40,0x00,
	0x00,0x40,0x00,0x00,0x40,0x00,0x00,0x40,0x00,0x00,0x40,0x00,0x00,0x40,0x00,0x00,
	0x40,0x00,0x00,0x40,0x00,0x00,0x40,0x00,0x00,0x40,0x00,0x00,0x40,0x00,0x00,0x40,
	0x00,0x00,0x40,0x00,0x00,0x40,0x00,0x00,0x40,0x00,0x00,0x40,0x00,0x00,0x40,0x00,
	0x00,0x40,0x00,0x00,0x40,0x00,0x00,0x40,0xc1,0x55,0x06,0xc1,0x55,0x06,0xc1,0x55,
	0x06,0xc1,0x55,0x06,0xc1,0x55,0x06,0xc1,0x55,0x06,0xc1,0x55,0x06,0xc1,0x55,0x06,
	0xc1,0x55,0x06,0xc1,0x55,0x06,0xc1,0x55,0x06,0x57,0x25,0x01,0xf7,0xdc,0x6f,0xf8,
	0x8b,0x3b,0xc1,0x55,0x06,0xc1,0x55,0x06,0xc1,0x55,0x06,0xc1,0x55,0x06,0xc1,0x55,
	0x06,0xc1,0x55,0x06,0xc1,0x55,0x06,0xc1,0x55,0x06,0xc1,0x55,0x06,0xc1,0x55,0x06,
	0xc1,0x55,0x06,0xc1,0x55,0x06,0xc1,0x55,0x06,0xc1,0x55,0x06,0xc1,0x55,0x06,0xc1,
	0x55,0x06,0xc1,0x55,0x06,0xc1,0x55,0x06,0xc1,0x55,0x06,0xc1,0x55,0x06,0xc1,0x55,
	0x06,0x57,0x25,0x01,0x98,0x97,0x93,0x6e,0x54,0x47,0xb2,0x91,0x7e,0xa6,0x98,0x91,
	0x7d,0x67,0x5c,0xb8,0x8c,0x73,0xc9,0xa3,0x8e,0x9c,0x84,0x77,0x79,0x5d,0x4e,0xb8,
	0x93,0x7e,0x9b,0x8f,0x88,0x5e,0x4a,0x40,0x74,0x54,0x46,0x7f,0x68,0x5c,0x92,0x6e,
	0x5a,0x82,0x63,0x53,0x80,0x64,0x57,0x9f,0x78,0x63,0x8e,0x70,0x61,0x63,0x4e,0x44,
	0xae,0x8c,0x7c,0x8b,0x82,0x7c,0x7c,0x58,0x46,0xf1,0xce,0xb6,0x98,0x97,0x93,0x6e,
	0x54,0x47,0xb2,0x91,0x7e,0xa6,0x98,0x91,0x7d,0x67,0x5c,0xb8,0x8c,0x73,0xc9,0xa3,
	0x8e,0x9c,0x84,0x77,0x79,0x5d,0x4e,0xb8,0x93,0x7e,0x9b,0x8f,0x88,0x5e,0x4a,0x40,
	0x74,0x54,0x46,0x7f,0x68,0x5c,0x92,0x6e,0x5a,0x82,0x63,0x53,0x80,0x64,0x57,0x9f,
	0x78,0x63,0x8e,0x70,0x61,0x63,0x4e,0x44,0xae,0x8c,0x7c,0x8b,0x82,0x7c,0x7c,0x58,
	0x46,0xf1,0xce,0xb6,0xf7,0xdc,0x6f,0xf8,0x8b,0x3b,0xc1,0x55,0x06,0xc1,0x55,0x06,
	0xc1,0x55,0x06,0xc1,0x55,0x06,0xc1,0x55,0x06,0xc1,0x55,0x06,0xc1,0x55,0x06,0xc1,
	0x55,0x06,0xc1,0x55,0x06,0xc1,0x55,0x06,0xc1,0x55,0x06,0xc1,0x55,0x06,0xc1,0x55,
	0x06,0xc1,0x55,0x06,0xc1,0x55,0x06,0xc1,0x55,0x06,0xc1,0x55,0x06,0xc1,0x55,0x06,
	0xc1,0x55,0x06,0xc1,0x55,0x06,0xc1,0x55,0x06,0x57,0x25,0x01,0x98,0x97,0x93,0x6e,
	0x54,0x47,0xb2,0x91,0x7e,0xa6,0x98,0x91,0x7d,0x67,0x5c,0xb8,0x8c,0x73,0xc9,0xa3,
	0x8e,0x9c,0x84,0x77,0x79,0x5d,0x4e,0xb8,0x93,0x7e,0x9b,0x8f,0x88,0x5e,0x4a,0x40,
	0x74,0x54,0x46,0x7f,0x68,0x5c,0x92,0x6e,0x5a,0x82,0x63,0x53,0x80,0x64,0x57,0x9f,
	0x78,0x63,0x8e,0x70,0x61,0x63,0x4e,0x44,0xae,0x8c,0x7c,0x8b,0x82,0x7c,0x7c,0x58,
	0x46,0xf1,0xce,0xb6,0xf7,0xdc,0x6f,0xf8,0x8b,0x3b,0xc1,0x55,0x06,0xc1,0x55,0x06,
	0xc1,0x55,0x06,0xc1,0x55,0x06,0xc1,0x55,0x06,0xc1,0x55,0x06,0xc1,0x55,0x06,0xc1,
	0x55,0x06,0xc1,0x55,0x06,0xc1,0x55,0x06,0xc1,0x55,0x06,0xc1,0x55,0x06,0xc1,0x55,
	0x06,0xc1,0x55,0x06,0xc1,0x55,0x06,0xc1,0x55,0x06,0xc1,0x55,0x06,0xc1,0x55,0x06,
	0xc1,0x55,0x06,0xc1,0x55,0x06,0xc1,0x55,0x06,0x57,0x25,0x01,0xf7,0xdc,0x6f,0xf8,
	0x8b,0x3b,0xc1,0x55,0x06,0xc1,0x55,0x06,0xc1,0x55,0x06,0xc1,0x55,0x06,0xc1,0x55,
	0x06,0xc1,0x55,0x06,0xc1,0x55,0x06,0xc1,0x55,0x06,0xc1,0x55,0x06,0xc1,0x55,0x06,
	0xc1,0x55,0x06,0xc1,0x55,0x06,0xc1,0x55,0x06,0xc1,0x55,0x06,0xc1,0x55,0x06,0xc1,
	0x55,0x06,0xc1,0x55,0x06,0xc1,0x55,0x06,0xc1,0x55,0x06,0xc1,0x55,0x06,0xc1,0x55,
	0x06,0x57,0x25,0x01,0xf7,0xdc,0x6f,0xf8,0x8b,0x3b,0xc1,0x55,0x06,0xc1,0x55,0x06,
	0xc1,0x55,0x06,0xc1,0x55,0x06,0xc1,0x55,0x06,0xc1,0x55,0x06,0xc1,0x55,0x06,0xc1,
	0x55,0x06,0xc1,0x55,0x06,0xc1,0x55,0x06,0xc1,0x55,0x06,0xc1,0x55,0x06,0xc1,0x55,
	0x06,0xc1,0x55,0x06,0xc1,0x55,0x06,0xc1,0x55,0x06,0xc1,0x55,0x06,0xc1,0x55,0x06,
	0xc1,0x55,0x06,0xc1,0x55,0x06,0xc1,0x55,0x06,0x57,0x25,0x01,0xf7,0xdc,0x6f,0xf8,
	0x8b,0x3b,0xc1,0x55,0x06,0xc1,0x55,0x06,0xc1,0x55,0x06,0xc1,0x55,0x06,0xc1,0x55,
	0x06,0xc1,0x55,0x06,0xc1,0x55,0x06,0xc1,0x55,0x06,0xc1,0x55,0x06,0xc1,0x55,0x06,
	0x74,0x54,0x46,0x7f,0x68,0x5c,0x92,0x6e,0x5a,0x82,0x63,0x53,0x80,0x64,0x57,0x9f,
	0x78,0x63,0x8e,0x70,0x61,0x63,0x4e,0x44,0xae,0x8c,0x7c,0x8b,0x82,0x7c,0x7c,0x58,
	0x46,0xf1,0xce,0xb6,0x98,0x97,0x93,0x6e,0x54,0x47,0xb2,0x91,0x7e,0xa6,0x98,0x91,
	0x7d,0x67,0x5c,0xb8,0x8c,0x73,0xc9,0xa3,0x8e,0x9c,0x84,0x77,0x79,0x5d,0x4e,0xb8,
	0x93,0x7e,0x9b,0x8f,0x88,0x5e,0x4a,0x40,0x00,0x00,0x00,0x00,0x00,0x00,0x00,0x00,
	0x00,0x00,0x00,0x00,0x00,0x00,0x00,0x00,0x00,0x00,0x00,0x00,0x00,0x00,0x00,0x00,
	0x00,0x00,0x00,0x00,0x00,0x00,0x00,0x00,0x00,0x00,0x00,0x00,0x00,0x00,0x00,0x00,
	0x00,0x00,0x00,0x00,0x00,0x00,0x00,0x00,0x00,0x00,0x00,0x00,0x00,0x00,0x00,0x00,
	0x00,0x00,0x00,0x00,0x00,0x00,0x00,0x00,0x00,0x00,0x00,0x00,0x00,0x00,0x00,0x00,
	0xff,0xff,0x6b,0xdf,0xdf,0x00,0xdf,0xdf,0x00,0xdf,0xdf,0x00,0xdf,0xdf,0x00,0xdf,
	0xdf,0x00,0xdf,0xdf,0x00,0xdf,0xdf,0x00,0xdf,0xdf,0x00,0xdf,0xdf,0x00,0xdf,0xdf,
	0x00,0xdf,0xdf,0x00,0xdf,0xdf,0x00,0xdf,0xdf,0x00,0xdf,0xdf,0x00,0xdf,0xdf,0x00,
	0xdf,0xdf,0x00,0xdf,0xdf,0x00,0xdf,0xdf,0x00,0xdf,0xdf,0x00,0xdf,0xdf,0x00,0xdf,
	0xdf,0x00,0xdf,0xdf,0x00,0xa4,0x97,0x00,0xff,0xff,0xff,0xdd,0xdd,0xea,0xdd,0xdd,
	0xea,0xdd,0xdd,0xea,0xdd,0xdd,0xea,0xdd,0xdd,0xea,0xdd,0xdd,0xea,0xdd,0xdd,0xea,
	0xdd,0xdd,0xea,0xdd,0xdd,0xea,0xdd,0xdd,0xea,0xdd,0xdd,0xea,0xdd,0xdd,0xea,0xdd,
	0xdd,0xea,0xdd,0xdd,0xea,0xdd,0xdd,0xea,0xdd,0xdd,0xea,0xdd,0xdd,0xea,0xdd,0xdd,
	0xea,0xdd,0xdd,0xea,0xdd,0xdd,0xea,0xdd,0xdd,0xea,0xdd,0xdd,0xea,0xa0,0xa0,0xa0,
	0x46,0xbe,0xff,0x01,0xa2,0xf9,0x01,0xa2,0xf9,0x01,0xa2,0xf9,0x01,0xa2,0xf9,0x01,
	0xa2,0xf9,0x01,0xa2,0xf9,0x01,0xa2,0xf9,0x01,0xa2,0xf9,0x01,0xa2,0xf9,0x01,0xa2,
	0xf9,0x01,0xa2,0xf9,0x01,0xa2,0xf9,0x01,0xa2,0xf9,0x01,0xa2,0xf9,0x01,0xa2,0xf9,
	0x01,0xa2,0xf9,0x01,0xa2,0xf9,0x01,0xa2,0xf9,0x01,0xa2,0xf9,0x01,0xa2,0xf9,0x01,
	0xa2,0xf9,0x01,0xa2,0xf9,0x02,0x82,0xc7,0xf8,0x66,0x66,0xf1,0x32,0x32,0xf1,0x32,
	0x32,0xf1,0x32,0x32,0xf1,0x32,0x32,0xf1,0x32,0x32,0xf1,0x32,0x32,0xf1,0x32,0x32,
	0xf1,0x32,0x32,0xf1,0x32,0x32,0xf1,0x32,0x32,0xf1,0x32,0x32,0xf1,0x32,0x32,0xf1,
	0x32,0x32,0xf1,0x32,0x32,0xf1,0x32,0x32,0xf1,0x32,0x32,0xf1,0x32,0x32,0xf1,0x32,
	0x32,0xf1,0x32,0x32,0xf1,0x32,0x32,0xf1,0x32,0x32,0xf1,0x32,0x32,0xcc,0x00,0x00,
	0xa7,0x6d,0xfd,0x83,0x00,0xfd,0x83,0x00,0xfd,0x83,0x00,0xfd,0x83,0x00,0xfd,0x83,
	0x00,0xfd,0x83,0x00,0xfd,0x83,0x00,0xfd,0x83,0x00,0xfd,0x83,0x00,0xfd,0x83,0x00,
	0xfd,0x83,0x00,0xfd,0x83,0x00,0xfd,0x83,0x00,0xfd,0x83,0x00,0xfd,0x83,0x00,0xfd,
	0x83,0x00,0xfd,0x83,0x00,0xfd,0x83,0x00,0xfd,0x83,0x00,0xfd,0x83,0x00,0xfd,0x83,
	0x00,0xfd,0x83,0x00,0xfd,0x3a,0x02,0x8f,0x9d,0xf9,0x85,0x45,0xe4,0x1a,0x45,0xe4,
	0x1a,0x45,0xe4,0x1a,0x45,0xe4,0x1a,0x45,0xe4,0x1a,0x45,0xe4,0x1a,0x45,0xe4,0x1a,
	0x45,0xe4,0x1a,0x45,0xe4,0x1a,0x45,0xe4,0x1a,0x45,0xe4,0x1a,0x45,0xe4,0x1a,0x45,
	0xe4,0x1a,0x45,0xe4,0x1a,0x45,0xe4,0x1a,0x45,0xe4,0x1a,0x45,0xe4,0x1a,0x45,0xe4,
	0x1a,0x45,0xe4,0x1a,0x45,0xe4,0x1a,0x45,0xe4,0x1a,0x45,0xe4,0x1a,0x1d,0x86,0x01,
	0xff,0x9d,0x46,0xbb,0x58,0x00,0xbb,0x58,0x00,0xbb,0x58,0x00,0xbb,0x58,0x00,0xbb,
	0x58,0x00,0xbb,0x58,0x00,0xbb,0x58,0x00,0xbb,0x58,0x00,0xbb,0x58,0x00,0xbb,0x58,
	0x00,0xbb,0x58,0x00,0xbb,0x58,0x00,0xbb,0x58,0x00,0xbb,0x58,0x00,0xbb,0x58,0x00,
	0xbb,0x58,0x00,0xbb,0x58,0x00,0xbb,0x58,0x00,0xbb,0x58,0x00,0xbb,0x58,0x00,0xbb,
	0x58,0x00,0xbb,0x58,0x00,0x84,0x3e,0x00,0x00,0x00,0x40,0x00,0x00,0x40,0x00,0x00,
	0x40,0x00,0x00,0x40,0x00,0x00,0x40,0x00,0x00,0x40,0x00,0x00,0x40,0x00,0x00,0x40,
	0x00,0x00,0x40,0x00,0x00,0x40,0x00,0x00,0x40,0x00,0x00,0x40,0x00,0x00,0x40,0x00,
	0x00,0x40,0x00,0x00,0x40,0x00,0x00,0x40,0x00,0x00,0x40,0x00,0x00,0x40,0x00,0x00,
	0x40,0x00,0x00,0x40,0x00,0x00,0x40,0x00,0x00,0x40,0x00,0x00,0x40,0x00,0x00,0x40,
	0xc1,0x55,0x06,0xc1,0x55,0x06,0xc1,0x55,0x06,0xc1,0x55,0x06,0xc1,0x55,0x06,0xc1,
	0x55,0x06,0xc1,0x55,0x06,0xc1,0x55,0x06,0xc1,0x55,0x06,0xc1,0x55,0x06,0xc1,0x55,
	0x06,0x57,0x25,0x01,0xf7,0xdc,0x6f,0xf8,0x8b,0x3b,0xc1,0x55,0x06,0xc1,0x55,0x06,
	0xc1,0x55,0x06,0xc1,0x55,0x06,0xc1,0x55,0x06,0xc1,0x55,0x06,0xc1,0x55,0x06,0xc1,
	0x55,0x06,0xc1,0x55,0x06,0xc1,0x55,0x06,0xc1,0x55,0x06,0xc1,0x55,0x06,0xc1,0x55,
	0x06,0xc1,0x55,0x06,0xc1,0x55,0x06,0xc1,0x55,0x06,0xc1,0x55,0x06,0xc1,0x55,0x06,
	0xc1,0x55,0x06,0xc1,0x55,0x06,0xc1,0x55,0x06,0x57,0x25,0x01,0x81,0x6c,0x61,0xa6,
	0x82,0x6d,0xd8,0xaa,0x90,0x93,0x7d,0x71,0x92,0x71,0x5f,0xc8,0xa1,0x8c,0x94,0x7a,
	0x6d,0x89,0x75,0x69,0x83,0x6d,0x60,0x90,0x6d,0x5a,0x99,0x75,0x60,0xa9,0x83,0x6f,
	0x91,0x6d,0x5c,0x97,0x73,0x5f,0xca,0xac,0x9c,0x92,0x7b,0x6f,0x9d,0x78,0x64,0xd1,
	0xb7,0xa9,0x76,0x60,0x53,0x74,0x4f,0x3e,0x8f,0x6c,0x5c,0x77,0x66,0x5b,0xa6,0x81,
	0x6d,0xb9,0x99,0x87,0x81,0x6c,0x61,0xa6,0x82,0x6d,0xd8,0xaa,0x90,0x93,0x7d,0x71,
	0x92,0x71,0x5f,0xc8,0xa1,0x8c,0x94,0x7a,0x6d,0x89,0x75,0x69,0x83,0x6d,0x60,0x90,
	0x6d,0x5a,0x99,0x75,0x60,0xa9,0x83,0x6f,0x91,0x6d,0x5c,0x97,0x73,0x5f,0xca,0xac,
	0x9c,0x92,0x7b,0x6f,0x9d,0x78,0x64,0xd1,0xb7,0xa9,0x76,0x60,0x53,0x74,0x4f,0x3e,
	0x8f,0x6c,0x5c,0x77,0x66,0x5b,0xa6,0x81,0x6d,0xb9,0x99,0x87,0xf7,0xdc,0x6f,0xf8,
	0x8b,0x3b,0xc1,0x55,0x06,0xc1,0x55,0x06,0xc1,0x55,0x06,0xc1,0x55,0x06,0xc1,0x55,
	0x06,0xc1,0x55,0x06,0xc1,0x55,0x06,0xc1,0x55,0x06,0xc1,0x55,0x06,0xc1,0x55,0x06,
	0xc1,0x55,0x06,0xc1,0x55,0x06,0xc1,0x55,0x06,0xc1,0x55,0x06,0xc1,0x55,0x06,0xc1,
	0x55,0x06,0xc1,0x55,0x06,0xc1,0x55,0x06,0xc1,0x55,0x06,0xc1,0x55,0x06,0xc1,0x55,
	0x06,0x57,0x25,0x01,0x81,0x6c,0x61,0xa6,0x82,0x6d,0xd8,0xaa,0x90,0x93,0x7d,0x71,
	0x92,0x71,0x5f,0xc8,0xa1,0x8c,0x94,0x7a,0x6d,0x89,0x75,0x69,0x83,0x6d,0x60,0x90,
	0x6d,0x5a,0x99,0x75,0x60,0xa9,0x83,0x6f,0x91,0x6d,0x5c,0x97,0x73,0x5f,0xca,0xac,
	0x9c,0x92,0x7b,0x6f,0x9d,0x78,0x64,0xd1,0xb7,0xa9,0x76,0x60,0x53,0x74,0x4f,0x3e,
	0x8f,0x6c,0x5c,0x77,0x66,0x5b,0xa6,0x81,0x6d,0xb9,0x99,0x87,0xf7,0xdc,0x6f,0xf8,
	0x8b,0x3b,0xc1,0x55,0x06,0xc1,0x55,0x06,0xc1,0x55,0x06,0xc1,0x55,0x06,0xc1,0x55,
	0x06,0xc1,0x55,0x06,0xc1,0x55,0x06,0xc1,0x55,0x06,0xc1,0x55,0x06,0xc1,0x55,0x06,
	0xc1,0x55,0x06,0xc1,0x55,0x06,0xc1,0x55,0x06,0xc1,0x55,0x06,0xc1,0x55,0x06,0xc1,
	0x55,0x06,0xc1,0x55,0x06,0xc1,0x55,0x06,0xc1,0x55,0x06,0xc1,0x55,0x06,0xc1,0x55,
	0x06,0x57,0x25,0x01,0xf7,0xdc,0x6f,0xf8,0x8b,0x3b,0xc1,0x55,0x06,0xc1,0x55,0x06,
	0xc1,0x55,0x06,0xc1,0x55,0x06,0xc1,0x55,0x06,0xc1,0x55,0x06,0xc1,0x55,0x06,0xc1,
	0x55,0x06,0xc1,0x55,0x06,0xc1,0x55,0x06,0xc1,0x55,0x06,0xc1,0x55,0x06,0xc1,0x55,
	0x06,0xc1,0x55,0x06,0xc1,0x55,0x06,0xc1,0x55,0x06,0xc1,0x55,0x06,0xc1,0x55,0x06,
	0xc1,0x55,0x06,0xc1,0x55,0x06,0xc1,0x55,0x06,0x57,0x25,0x01,0xf7,0xdc,0x6f,0xf8,
	0x8b,0x3b,0xc1,0x55,0x06,0xc1,0x55,0x06,0xc1,0x55,0x06,0xc1,0x55,0x06,0xc1,0x55,
	0x06,0xc1,0x55,0x06,0xc1,0x55,0x06,0xc1,0x55,0x06,0xc1,0x55,0x06,0xc1,0x55,0x06,
	0xc1,0x55,0x06,0xc1,0x55,0x06,0xc1,0x55,0x06,0xc1,0x55,0x06,0xc1,0x55,0x06,0xc1,
	0x55,0x06,0xc1,0x55,0x06,0xc1,0x55,0x06,0xc1,0x55,0x06,0xc1,0x55,0x06,0xc1,0x55,
	0x06,0x57,0x25,0x01,0xf7,0xdc,0x6f,0xf8,0x8b,0x3b,0xc1,0x55,0x06,0xc1,0x55,0x06,
	0xc1,0x55,0x06,0xc1,0x55,0x06,0xc1,0x55,0x06,0xc1,0x55,0x06,0xc1,0x55,0x06,0xc1,
	0x55,0x06,0xc1,0x55,0x06,0xc1,0x55,0x06,0x91,0x6d,0x5c,0x97,0x73,0x5f,0xca,0xac,
	0x9c,0x92,0x7b,0x6f,0x9d,0x78,0x64,0xd1,0xb7,0xa9,0x76,0x60,0x53,0x74,0x4f,0x3e,
	0x8f,0x6c,0x5c,0x77,0x66,0x5b,0xa6,0x81,0x6d,0xb9,0x99,0x87,0x81,0x6c,0x61,0xa6,
	0x82,0x6d,0xd8,0xaa,0x90,0x93,0x7d,0x71,0x92,0x71,0x5f,0xc8,0xa1,0x8c,0x94,0x7a,
	0x6d,0x89,0x75,0x69,0x83,0x6d,0x60,0x90,0x6d,0x5a,0x99,0x75,0x60,0xa9,0x83,0x6f,
	0x00,0x00,0x00,0x00,0x00,0x00,0x00,0x00,0x00,0x00,0x00,0x00,0x00,0x00,0x00,0x00,
	0x00,0x00,0x00,0x00,0x00,0x00,0x00,0x00,0x00,0x00,0x00,0x00,0x00,0x00,0x00,0x00,
	0x00,0x00,0x00,0x00,0x00,0x00,0x00,0x00,0x00,0x00,0x00,0x00,0x00,0x00,0x00,0x00,
	0x00,0x00,0x00,0x00,0x00,0x00,0x00,0x00,0x00,0x00,0x00,0x00,0x00,0x00,0x00,0x00,
	0x00,0x00,0x00,0x00,0x00,0x00,0x00,0x00,0xff,0xff,0x6b,0xdf,0xdf,0x00,0xdf,0xdf,
	0x00,0xdf,0xdf,0x00,0xdf,0xdf,0x00,0xdf,0xdf,0x00,0xdf,0xdf,0x00,0xdf,0xdf,0x00,
	0xdf,0xdf,0x00,0xdf,0xdf,0x00,0xdf,0xdf,0x00,0xdf,0xdf,0x00,0xdf,0xdf,0x00,0xdf,
	0xdf,0x00,0xdf,0xdf,0x00,0xdf,0xdf,0x00,0xdf,0xdf,0x00,0xdf,0xdf,0x00,0xdf,0xdf,
	0x00,0xdf,0xdf,0x00,0xdf,0xdf,0x00,0xdf,0xdf,0x00,0xdf,0xdf,0x00,0xa4,0x97,0x00,
	0xff,0xff,0xff,0xdd,0xdd,0xea,0xdd,0xdd,0xea,0xdd,0xdd,0xea,0xdd,0xdd,0xea,0xdd,
	0xdd,0xea,0xdd,0xdd,0xea,0xdd,0xdd,0xea,0xdd,0xdd,0xea,0xdd,0xdd,0xea,0xdd,0xdd,
	0xea,0xdd,0xdd,0xea,0xdd,0xdd,0xea,0xdd,0xdd,0xea,0xdd,0xdd,0xea,0xdd,0xdd,0xea,
	0xdd,0xdd,0xea,0xdd,0xdd,0xea,0xdd,0xdd,0xea,0xdd,0xdd,0xea,0xdd,0xdd,0xea,0xdd,
	0xdd,0xea,0xdd,0xdd,0xea,0xa0,0xa0,0xa0,0x46,0xbe,0xff,0x01,0xa2,0xf9,0x01,0xa2,
	0xf9,0x01,0xa2,0xf9,0x01,0xa2,0xf9,0x01,0xa2,0xf9,0x01,0xa2,0xf9,0x01,0xa2,0xf9,
	0x01,0xa2,0xf9,0x01,0xa2,0xf9,0x01,0xa2,0xf9,0x01,0xa2,0xf9,0x01,0xa2,0xf9,0x01,
	0xa2,0xf9,0x01,0xa2,0xf9,0x01,0xa2,0xf9,0x01,0xa2,0xf9,0x01,0xa2,0xf9,0x01,0xa2,
	0xf9,0x01,0xa2,0xf9,0x01,0xa2,0xf9,0x01,0xa2,0xf9,0x01,0xa2,0xf9,0x02,0x82,0xc7,
	0xf8,0x66,0x66,0xf1,0x32,0x32,0xf1,0x32,0x32,0xf1,0x32,0x32,0xf1,0x32,0x32,0xf1,
	0x32,0x32,0xf1,0x32,0x32,0xf1,0x32,0x32,0xf1,0x32,0x32,0xf1,0x32,0x32,0xf1,0x32,
	0x32,0xf1,0x32,0x32,0xf1,0x32,0x32,0xf1,0x32,0x32,0xf1,0x32,0x32,0xf1,0x32,0x32,
	0xf1,0x32,0x32,0xf1,0x32,0x32,0xf1,0x32,0x32,0xf1,0x32,0x32,0xf1,0x32,0x32,0xf1,
	0x32,0x32,0xf1,0x32,0x32,0xcc,0x00,0x00,0xa7,0x6d,0xfd,0x83,0x00,0xfd,0x83,0x00,
	0xfd,0x83,0x00,0xfd,0x83,0x00,0xfd,0x83,0x00,0xfd,0x83,0x00,0xfd,0x83,0x00,0xfd,
	0x83,0x00,0xfd,0x83,0x00,0xfd,0x83,0x00,0xfd,0x83,0x00,0xfd,0x83,0x00,0xfd,0x83,
	0x00,0xfd,0x83,0x00,0xfd,0x83,0x00,0xfd,0x83,0x00,0xfd,0x83,0x00,0xfd,0x83,0x00,
	0xfd,0x83,0x00,0xfd,0x83,0x00,0xfd,0x83,0x00,0xfd,0x83,0x00,0xfd,0x3a,0x02,0x8f,
	0x9d,0xf9,0x85,0x45,0xe4,0x1a,0x45,0xe4,0x1a,0x45,0xe4,0x1a,0x45,0xe4,0x1a,0x45,
	0xe4,0x1a,0x45,0xe4,0x1a,0x45,0xe4,0x1a,0x45,0xe4,0x1a,0x45,0xe4,0x1a,0x45,0xe4,
	0x1a,0x45,0xe4,0x1a,0x45,0xe4,0x1a,0x45,0xe4,0x1a,0x45,0xe4,0x1a,0x45,0xe4,0x1a,
	0x45,0xe4,0x1a,0x45,0xe4,0x1a,0x45,0xe4,0x1a,0x45,0xe4,0x1a,0x45,0xe4,0x1a,0x45,
	0xe4,0x1a,0x45,0xe4,0x1a,0x1d,0x86,0x01,0xff,0x9d,0x46,0xbb,0x58,0x00,0xbb,0x58,
	0x00,0xbb,0x58,0x00,0xbb,0x58,0x00,0xbb,0x58,0x00,0xbb,0x58,0x00,0xbb,0x58,0x00,
	0xbb,0x58,0x00,0xbb,0x58,0x00,0xbb,0x58,0x00,0xbb,0x58,0x00,0xbb,0x58,0x00,0xbb,
	0x58,0x00,0xbb,0x58,0x00,0xbb,0x58,0x00,0xbb,0x58,0x00,0xbb,0x58,0x00,0xbb,0x58,
	0x00,0xbb,0x58,0x00,0xbb,0x58,0x00,0xbb,0x58,0x00,0xbb,0x58,0x00,0x84,0x3e,0x00,
	0x00,0x00,0x40,0x00,0x00,0x40,0x00,0x00,0x40,0x00,0x00,0x40,0x00,0x00,0x40,0x00,
	0x00,0x40,0x00,0x00,0x40,0x00,0x00,0x40,0x00,0x00,0x40,0x00,0x00,0x40,0x00,0x00,
	0x40,0x00,0x00,0x40,0x00,0x00,0x40,0x00,0x00,0x40,0x00,0x00,0x40,0x00,0x00,0x40,
	0x00,0x00,0x40,0x00,0x00,0x40,0x00,0x00,0x40,0x00,0x00,0x40,0x00,0x00,0x40,0x00,
	0x00,0x40,0x00,0x00,0x40,0x00,0x00,0x40,0xc1,0x55,0x06,0xc1,0x55,0x06,0xc1,0x55,
	0x06,0xc1,0x55,0x06,0xc1,0x55,0x06,0xc1,0x55,0x06,0xc1,0x55,0x06,0xc1,0x55,0x06,
	0xc1,0x55,0x06,0xc1,0x55,0x06,0xc1,0x55,0x06,0x57,0x25,0x01,0xf7,0xdc,0x6f,0xf8,
	0x8b,0x3b,0xc1,0x55,0x06,0xc1,0x55,0x06,0xc1,0x55,0x06,0xc1,0x55,0x06,0xc1,0x55,
	0x06,0xc1,0x55,0x06,0xc1,0x55,0x06,0xc1,0x55,0x06,0xc1,0x55,0x06,0xc1,0x55,0x06,
	0xc1,0x55,0x06,0xc1,0x55,0x06,0xc1,0x55,0x06,0xc1,0x55,0x06,0xc1,0x55,0x06,0xc1,
	0x55,0x06,0xc1,0x55,0x06,0xc1,0x55,0x06,0xc1,0x55,0x06,0xc1,0x55,0x06,0xc1,0x55,
	0x06,0x57,0x25,0x01,0xbc,0x95,0x7f,0xd6,0xae,0x97,0xad,0x8d,0x7b,0x9b,0x76,0x63,
	0xb9,0x8d,0x76,0xa3,0x80,0x6c,0x98,0x80,0x73,0x84,0x71,0x67,0x8a,0x6d,0x5e,0x91,
	0x6d,0x59,0xc2,0x9f,0x8c,0xe6,0xd0,0xc1,0xa2,0x95,0x8c,0x73,0x56,0x47,0xa3,0x83,
	0x72,0x78,0x69,0x60,0x86,0x67,0x56,0x93,0x7d,0x72,0x7a,0x60,0x52,0xd0,0xa9,0x95,
	0xbe,0xa1,0x8f,0x8d,0x6a,0x56,0x8b,0x6a,0x5a,0x96,0x78,0x67,0xbc,0x95,0x7f,0xd6,
	0xae,0x97,0xad,0x8d,0x7b,0x9b,0x76,0x63,0xb9,0x8d,0x76,0xa3,0x80,0x6c,0x98,0x80,
	0x73,0x84,0x71,0x67,0x8a,0x6d,0x5e,0x91,0x6d,0x59,0xc2,0x9f,0x8c,0xe6,0xd0,0xc1,
	0xa2,0x95,0x8c,0x73,0x56,0x47,0xa3,0x83,0x72,0x78,0x69,0x60,0x86,0x67,0x56,0x93,
	0x7d,0x72,0x7a,0x60,0x52,0xd0,0xa9,0x95,0xbe,0xa1,0x8f,0x8d,0x6a,0x56,0x8b,0x6a,
	0x5a,0x96,0x78,0x67,0xf7,0xdc,0x6f,0xf8,0x8b,0x3b,0xc1,0x55,0x06,0xc1,0x55,0x06,
	0xc1,0x55,0x06,0xc1,0x55,0x06,0xc1,0x55,0x06,0xc1,0x55,0x06,0xc1,0x55,0x06,0xc1,
	0x55,0x06,0xc1,0x55,0x06,0xc1,0x55,0x06,0xc1,0x55,0x06,0xc1,0x55,0x06,0xc1,0x55,
	0x06,0xc1,0x55,0x06,0xc1,0x55,0x06,0xc1,0x55,0x06,0xc1,0x55,0x06,0xc1,0x55,0x06,
	0xc1,0x55,0x06,0xc1,0x55,0x06,0xc1,0x55,0x06,0x57,0x25,0x01,0xbc,0x95,0x7f,0xd6,
	0xae,0x97,0xad,0x8d,0x7b,0x9b,0x76,0x63,0xb9,0x8d,0x76,0xa3,0x80,0x6c,0x98,0x80,
	0x73,0x84,0x71,0x67,0x8a,0x6d,0x5e,0x91,0x6d,0x59,0xc2,0x9f,0x8c,0xe6,0xd0,0xc1,
	0xa2,0x95,0x8c,0x73,0x56,0x47,0xa3,0x83,0x72,0x78,0x69,0x60,0x86,0x67,0x56,0x93,
	0x7d,0x72,0x7a,0x60,0x52,0xd0,0xa9,0x95,0xbe,0xa1,0x8f,0x8d,0x6a,0x56,0x8b,0x6a,
	0x5a,0x96,0x78,0x67,0xf7,0xdc,0x6f,0xf8,0x8b,0x3b,0xc1,0x55,0x06,0xc1,0x55,0x06,
	0xc1,0x55,0x06,0xc1,0x55,0x06,0xc1,0x55,0x06,0xc1,0x55,0x06,0xc1,0x55,0x06,0xc1,
	0x55,0x06,0xc1,0x55,0x06,0xc1,0x55,0x06,0xc1,0x55,0x06,0xc1,0x55,0x06,0xc1,0x55,
	0x06,0xc1,0x55,0x06,0xc1,0x55,0x06,0xc1,0x55,0x06,0xc1,0x55,0x06,0xc1,0x55,0x06,
	0xc1,0x55,0x06,0xc1,0x55,0x06,0xc1,0x55,0x06,0x57,0x25,0x01,0xf7,0xdc,0x6f,0xf8,
	0x8b,0x3b,0xc1,0x55,0x06,0xc1,0x55,0x06,0xc1,0x55,0x06,0xc1,0x55,0x06,0xc1,0x55,
	0x06,0xc1,0x55,0x06,0xc1,0x55,0x06,0xc1,0x55,0x06,0xc1,0x55,0x06,0xc1,0x55,0x06,
	0xc1,0x55,0x06,0xc1,0x55,0x06,0xc1,0x55,0x06,0xc1,0x55,0x06,0xc1,0x55,0x06,0xc1,
	0x55,0x06,0xc1,0x55,0x06,0xc1,0x55,0x06,0xc1,0x55,0x06,0xc1,0x55,0x06,0xc1,0x55,
	0x06,0x57,0x25,0x01,0xf7,0xdc,0x6f,0xf8,0x8b,0x3b,0xc1,0x55,0x06,0xc1,0x55,0x06,
	0xc1,0x55,0x06,0xc1,0x55,0x06,0xc1,0x55,0x06,0xc1,0x55,0x06,0xc1,0x55,0x06,0xc1,
	0x55,0x06,0xc1,0x55,0x06,0xc1,0x55,0x06,0xc1,0x55,0x06,0xc1,0x55,0x06,0xc1,0x55,
	0x06,0xc1,0x55,0x06,0xc1,0x55,0x06,0xc1,0x55,0x06,0xc1,0x55,0x06,0xc1,0x55,0x06,
	0xc1,0x55,0x06,0xc1,0x55,0x06,0xc1,0x55,0x06,0x57,0x25,0x01,0xf7,0xdc,0x6f,0xf8,
	0x8b,0x3b,0xc1,0x55,0x06,0xc1,0x55,0x06,0xc1,0x55,0x06,0xc1,0x55,0x06,0xc1,0x55,
	0x06,0xc1,0x55,0x06,0xc1,0x55,0x06,0xc1,0x55,0x06,0xc1,0x55,0x06,0xc1,0x55,0x06,
	0xa2,0x95,0x8c,0x73,0x56,0x47,0xa3,0x83,0x72,0x78,0x69,0x60,0x86,0x67,0x56,0x93,
	0x7d,0x72,0x7a,0x60,0x52,0xd0,0xa9,0x95,0xbe,0xa1,0x8f,0x8d,0x6a,0x56,0x8b,0x6a,
	0x5a,0x96,0x78,0x67,0xbc,0x95,0x7f,0xd6,0xae,0x97,0xad,0x8d,0x7b,0x9b,0x76,0x63,
	0xb9,0x8d,0x76,0xa3,0x80,0x6c,0x98,0x80,0x73,0x84,0x71,0x67,0x8a,0x6d,0x5e,0x91,
	0x6d,0x59,0xc2,0x9f,0x8c,0xe6,0xd0,0xc1,0x00,0x00,0x00,0x00,0x00,0x00,0x00,0x00,
	0x00,0x00,0x00,0x00,0x00,0x00,0x00,0x00,0x00,0x00,0x00,0x00,0x00,0x00,0x00,0x00,
	0x00,0x00,0x00,0x00,0x00,0x00,0x00,0x00,0x00,0x00,0x00,0x00,0x00,0x00,0x00,0x00,
	0x00,0x00,0x00,0x00,0x00,0x00,0x00,0x00,0x00,0x00,0x00,0x00,0x00,0x00,0x00,0x00,
	0x00,0x00,0x00,0x00,0x00,0x00,0x00,0x00,0x00,0x00,0x00,0x00,0x00,0x00,0x00,0x00,
	0xff,0xff,0x6b,0xdf,0xdf,0x00,0xdf,0xdf,0x00,0xdf,0xdf,0x00,0xdf,0xdf,0x00,0xdf,
	0xdf,0x00,0xdf,0xdf,0x00,0xdf,0xdf,0x00,0xdf,0xdf,0x00,0xdf,0xdf,0x00,0xdf,0xdf,
	0x00,0xdf,0xdf,0x00,0xdf,0xdf,0x00,0xdf,0xdf,0x00,0xdf,0xdf,0x00,0xdf,0xdf,0x00,
	0xdf,0xdf,0x00,0xdf,0xdf,0x00,0xdf,0xdf,0x00,0xdf,0xdf,0x00,0xdf,0xdf,0x00,0xdf,
	0xdf,0x00,0xdf,0xdf,0x00,0xa4,0x97,0x00,0xff,0xff,0xff,0xdd,0xdd,0xea,0xdd,0xdd,
	0xea,0xdd,0xdd,0xea,0xdd,0xdd,0xea,0xdd,0xdd,0xea,0xdd,0xdd,0xea,0xdd,0xdd,0xea,
	0xdd,0xdd,0xea,0xdd,0xdd,0xea,0xdd,0xdd,0xea,0xdd,0xdd,0xea,0xdd,0xdd,0xea,0xdd,
	0xdd,0xea,0xdd,0xdd,0xea,0xdd,0xdd,0xea,0xdd,0xdd,0xea,0xdd,0xdd,0xea,0xdd,0xdd,
	0xea,0xdd,0xdd,0xea,0xdd,0xdd,0xea,0xdd,0xdd,0xea,0xdd,0xdd,0xea,0xa0,0xa0,0xa0,
	0x46,0xbe,0xff,0x01,0xa2,0xf9,0x01,0xa2,0xf9,0x01,0xa2,0xf9,0x01,0xa2,0xf9,0x01,
	0xa2,0xf9,0x01,0xa2,0xf9,0x01,0xa2,0xf9,0x01,0xa2,0xf9,0x01,0xa2,0xf9,0x01,0xa2,
	0xf9,0x01,0xa2,0xf9,0x01,0xa2,0xf9,0x01,0xa2,0xf9,0x01,0xa2,0xf9,0x01,0xa2,0xf9,
	0x01,0xa2,0xf9,0x01,0xa2,0xf9,0x01,0xa2,0xf9,0x01,0xa2,0xf9,0x01,0xa2,0xf9,0x01,
	0xa2,0xf9,0x01,0xa2,0xf9,0x02,0x82,0xc7,0xf8,0x66,0x66,0xf1,0x32,0x32,0xf1,0x32,
	0x32,0xf1,0x32,0x32,0xf1,0x32,0x32,0xf1,0x32,0x32,0xf1,0x32,0x32,0xf1,0x32,0x32,
	0xf1,0x32,0x32,0xf1,0x32,0x32,0xf1,0x32,0x32,0xf1,0x32,0x32,0xf1,0x32,0x32,0xf1,
	0x32,0x32,0xf1,0x32,0x32,0xf1,0x32,0x32,0xf1,0x32,0x32,0xf1,0x32,0x32,0xf1,0x32,
	0x32,0xf1,0x32,0x32,0xf1,0x32,0x32,0xf1,0x32,0x32,0xf1,0x32,0x32,0xcc,0x00,0x00,
	0xa7,0x6d,0xfd,0x83,0x00,0xfd,0x83,0x00,0xfd,0x83,0x00,0xfd,0x83,0x00,0xfd,0x83,
	0x00,0xfd,0x83,0x00,0xfd,0x83,0x00,0xfd,0x83,0x00,0xfd,0x83,0x00,0xfd,0x83,0x00,
	0xfd,0x83,0x00,0xfd,0x83,0x00,0xfd,0x83,0x00,0xfd,0x83,0x00,0xfd,0x83,0x00,0xfd,
	0x83,0x00,0xfd,0x83,0x00,0xfd,0x83,0x00,0xfd,0x83,0x00,0xfd,0x83,0x00,0xfd,0x83,
	0x00,0xfd,0x83,0x00,0xfd,0x3a,0x02,0x8f,0x9d,0xf9,0x85,0x45,0xe4,0x1a,0x45,0xe4,
	0x1a,0x45,0xe4,0x1a,0x45,0xe4,0x1a,0x45,0xe4,0x1a,0x45,0xe4,0x1a,0x45,0xe4,0x1a,
	0x45,0xe4,0x1a,0x45,0xe4,0x1a,0x45,0xe4,0x1a,0x45,0xe4,0x1a,0x45,0xe4,0x1a,0x45,
	0xe4,0x1a,0x45,0xe4,0x1a,0x45,0xe4,0x1a,0x45,0xe4,0x1a,0x45,0xe4,0x1a,0x45,0xe4,
	0x1a,0x45,0xe4,0x1a,0x45,0xe4,0x1a,0x45,0xe4,0x1a,0x45,0xe4,0x1a,0x1d,0x86,0x01,
	0xff,0x9d,0x46,0xbb,0x58,0x00,0xbb,0x58,0x00,0xbb,0x58,0x00,0xbb,0x58,0x00,0xbb,
	0x58,0x00,0xbb,0x58,0x00,0xbb,0x58,0x00,0xbb,0x58,0x00,0xbb,0x58,0x00,0xbb,0x58,
	0x00,0xbb,0x58,0x00,0xbb,0x58,0x00,0xbb,0x58,0x00,0xbb,0x58,0x00,0xbb,0x58,0x00,
	0xbb,0x58,0x00,0xbb,0x58,0x00,0xbb,0x58,0x00,0xbb,0x58,0x00,0xbb,0x58,0x00,0xbb,
	0x58,0x00,0xbb,0x58,0x00,0x84,0x3e,0x00,0x00,0x00,0x40,0x00,0x00,0x40,0x00,0x00,
	0x40,0x00,0x00,0x40,0x00,0x00,0x40,0x00,0x00,0x40,0x00,0x00,0x40,0x00,0x00,0x40,
	0x00,0x00,0x40,0x00,0x00,0x40,0x00,0x00,0x40,0x00,0x00,0x40,0x00,0x00,0x40,0x00,
	0x00,0x40,0x00,0x00,0x40,0x00,0x00,0x40,0x00,0x00,0x40,0x00,0x00,0x40,0x00,0x00,
	0x40,0x00,0x00,0x40,0x00,0x00,0x40,0x00,0x00,0x40,0x00,0x00,0x40,0x00,0x00,0x40,
	0xc1,0x55,0x06,0xc1,0x55,0x06,0xc1,0x55,0x06,0xc1,0x55,0x06,0xc1,0x55,0x06,0xc1,
	0x55,0x06,0xc1,0x55,0x06,0xc1,0x55,0x06,0xc1,0x55,0x06,0xc1,0x55,0x06,0xc1,0x55,
	0x06,0x57,0x25,0x01,0xf7,0xdc,0x6f,0xf8,0x8b,0x3b,0xc1,0x55,0x06,0xc1,0x55,0x06,
	0xc1,0x55,0x06,0xc1,0x55,0x06,0xc1,0x55,0x06,0xc1,0x55,0x06,0xc1,0x55,0x06,0xc1,
	0x55,0x06,0xc1,0x55,0x06,0xc1,0x55,0x06,0xc1,0x55,0x06,0xc1,0x55,0x06,0xc1,0x55,
	0x06,0xc1,0x55,0x06,0xc1,0x55,0x06,0xc1,0x55,0x06,0xc1,0x55,0x06,0xc1,0x55,0x06,
	0xc1,0x55,0x06,0xc1,0x55,0x06,0xc1,0x55,0x06,0x57,0x25,0x01,0xa1,0x86,0x76,0x7d,
	0x6c,0x65,0x7a,0x5c,0x4e,0xed,0xb4,0x91,0xea,0xc5,0xac,0xa3,0x85,0x75,0x98,0x7a,
	0x68,0x95,0x78,0x68,0x92,0x6e,0x5b,0x91,0x6f,0x5d,0x8b,0x70,0x62,0x98,0x87,0x7d,
	0x68,0x61,0x5e,0x9a,0x77,0x64,0xea,0xbc,0xa1,0xae,0x8b,0x78,0x89,0x66,0x53,0x80,
	0x5c,0x49,0xcc,0xa4,0x8e,0xef,0xd6,0xc7,0x96,0x8f,0x8b,0x87,0x6b,0x5c,0xa1,0x7c,
	0x69,0x9d,0x7c,0x69,0xa1,0x86,0x76,0x7d,0x6c,0x65,0x7a,0x5c,0x4e,0xed,0xb4,0x91,
	0xea,0xc5,0xac,0xa3,0x85,0x75,0x98,0x7a,0x68,0x95,0x78,0x68,0x92,0x6e,0x5b,0x91,
	0x6f,0x5d,0x8b,0x70,0x62,0x98,0x87,0x7d,0x68,0x61,0x5e,0x9a,0x77,0x64,0xea,0xbc,
	0xa1,0xae,0x8b,0x78,0x89,0x66,0x53,0x80,0x5c,0x49,0xcc,0xa4,0x8e,0xef,0xd6,0xc7,
	0x96,0x8f,0x8b,0x87,0x6b,0x5c,0xa1,0x7c,0x69,0x9d,0x7c,0x69,0xf7,0xdc,0x6f,0xf8,
	0x8b,0x3b,0xc1,0x55,0x06,0xc1,0x55,0x06,0xc1,0x55,0x06,0xc1,0x55,0x06,0xc1,0x55,
	0x06,0xc1,0x55,0x06,0xc1,0x55,0x06,0xc1,0x55,0x06,0xc1,0x55,0x06,0xc1,0x55,0x06,
	0xc1,0x55,0x06,0xc1,0x55,0x06,0xc1,0x55,0x06,0xc1,0x55,0x06,0xc1,0x55,0x06,0xc1,
	0x55,0x06,0xc1,0x55,0x06,0xc1,0x55,0x06,0xc1,0x55,0x06,0xc1,0x55,0x06,0xc1,0x55,
	0x06,0x57,0x25,0x01,0xa1,0x86,0x76,0x7d,0x6c,0x65,0x7a,0x5c,0x4e,0xed,0xb4,0x91,
	0xea,0xc5,0xac,0xa3,0x85,0x75,0x98,0x7a,0x68,0x95,0x78,0x68,0x92,0x6e,0x5b,0x91,
	0x6f,0x5d,0x8b,0x70,0x62,0x98,0x87,0x7d,0x68,0x61,0x5e,0x9a,0x77,0x64,0xea,0xbc,
	0xa1,0xae,0x8b,0x78,0x89,0x66,0x53,0x80,0x5c,0x49,0xcc,0xa4,0x8e,0xef,0xd6,0xc7,
	0x96,0x8f,0x8b,0x87,0x6b,0x5c,0xa1,0x7c,0x69,0x9d,0x7c,0x69,0xf7,0xdc,0x6f,0xf8,
	0x8b,0x3b,0xc1,0x55,0x06,0xc1,0x55,0x06,0xc1,0x55,0x06,0xc1,0x55,0x06,0xc1,0x55,
	0x06,0xc1,0x55,0x06,0xc1,0x55,0x06,0xc1,0x55,0x06,0xc1,0x55,0x06,0xc1,0x55,0x06,
	0xc1,0x55,0x06,0xc1,0x55,0x06,0xc1,0x55,0x06,0xc1,0x55,0x06,0xc1,0x55,0x06,0xc1,
	0x55,0x06,0xc1,0x55,0x06,0xc1,0x55,0x06,0xc1,0x55,0x06,0xc1,0x55,0x06,0xc1,0x55,
	0x06,0x57,0x25,0x01,0xf7,0xdc,0x6f,0xf8,0x8b,0x3b,0xc1,0x55,0x06,0xc1,0x55,0x06,
	0xc1,0x55,0x06,0xc1,0x55,0x06,0xc1,0x55,0x06,0xc1,0x55,0x06,0xc1,0x55,0x06,0xc1,
	0x55,0x06,0xc1,0x55,0x06,0xc1,0x55,0x06,0xc1,0x55,0x06,0xc1,0x55,0x06,0xc1,0x55,
	0x06,0xc1,0x55,0x06,0xc1,0x55,0x06,0xc1,0x55,0x06,0xc1,0x55,0x06,0xc1,0x55,0x06,
	0xc1,0x55,0x06,0xc1,0x55,0x06,0xc1,0x55,0x06,0x57,0x25,0x01,0xf7,0xdc,0x6f,0xf8,
	0x8b,0x3b,0xc1,0x55,0x06,0xc1,0x55,0x06,0xc1,0x55,0x06,0xc1,0x55,0x06,0xc1,0x55,
	0x06,0xc1,0x55,0x06,0xc1,0x55,0x06,0xc1,0x55,0x06,0xc1,0x55,0x06,0xc1,0x55,0x06,
	0xc1,0x55,0x06,0xc1,0x55,0x06,0xc1,0x55,0x06,0xc1,0x55,0x06,0xc1,0x55,0x06,0xc1,
	0x55,0x06,0xc1,0x55,0x06,0xc1,0x55,0x06,0xc1,0x55,0x06,0xc1,0x55,0x06,0xc1,0x55,
	0x06,0x57,0x25,0x01,0xf7,0xdc,0x6f,0xf8,0x8b,0x3b,0xc1,0x55,0x06,0xc1,0x55,0x06,
	0xc1,0x55,0x06,0xc1,0x55,0x06,0xc1,0x55,0x06,0xc1,0x55,0x06,0xc1,0x55,0x06,0xc1,
	0x55,0x06,0xc1,0x55,0x06,0xc1,0x55,0x06,0x68,0x61,0x5e,0x9a,0x77,0x64,0xea,0xbc,
	0xa1,0xae,0x8b,0x78,0x89,0x66,0x53,0x80,0x5c,0x49,0xcc,0xa4,0x8e,0xef,0xd6,0xc7,
	0x96,0x8f,0x8b,0x87,0x6b,0x5c,0xa1,0x7c,0x69,0x9d,0x7c,0x69,0xa1,0x86,0x76,0x7d,
	0x6c,0x65,0x7a,0x5c,0x4e,0xed,0xb4,0x91,0xea,0xc5,0xac,0xa3,0x85,0x75,0x98,0x7a,
	0x68,0x95,0x78,0x68,0x92,0x6e,0x5b,0x91,0x6f,0x5d,0x8b,0x70,0x62,0x98,0x87,0x7d,
	0x00,0x00,0x00,0x00,0x00,0x00,0x00,0x00,0x00,0x00,0x00,0x00,0x00,0x00,0x00,0x00,
	0x00,0x00,0x00,0x00,0x00,0x00,0x00,0x00,0x00,0x00,0x00,0x00,0x00,0x00,0x00,0x00,
	0x00,0x00,0x00,0x00,0x00,0x00,0x00,0x00,0x00,0x00,0x00,0x00,0x00,0x00,0x00,0x00,
	0x00,0x00,0x00,0x00,0x00,0x00,0x00,0x00,0x00,0x00,0x00,0x00,0x00,0x00,0x00,0x00,
	0x00,0x00,0x00,0x00,0x00,0x00,0x00,0x00,0xff,0xff,0x6b,0xdf,0xdf,0x00,0xdf,0xdf,
	0x00,0xdf,0xdf,0x00,0xdf,0xdf,0x00,0xdf,0xdf,0x00,0xdf,0xdf,0x00,0xdf,0xdf,0x00,
	0xdf,0xdf,0x00,0xdf,0xdf,0x00,0xdf,0xdf,0x00,0xdf,0xdf,0x00,0xdf,0xdf,0x00,0xdf,
	0xdf,0x00,0xdf,0xdf,0x00,0xdf,0xdf,0x00,0xdf,0xdf,0x00,0xdf,0xdf,0x00,0xdf,0xdf,
	0x00,0xdf,0xdf,0x00,0xdf,0xdf,0x00,0xdf,0xdf,0x00,0xdf,0xdf,0x00,0xa4,0x97,0x00,
	0xff,0xff,0xff,0xdd,0xdd,0xea,0xdd,0xdd,0xea,0xdd,0xdd,0xea,0xdd,0xdd,0xea,0xdd,
	0xdd,0xea,0xdd,0xdd,0xea,0xdd,0xdd,0xea,0xdd,0xdd,0xea,0xdd,0xdd,0xea,0xdd,0xdd,
	0xea,0xdd,0xdd,0xea,0xdd,0xdd,0xea,0xdd,0xdd,0xea,0xdd,0xdd,0xea,0xdd,0xdd,0xea,
	0xdd,0xdd,0xea,0xdd,0xdd,0xea,0xdd,0xdd,0xea,0xdd,0xdd,0xea,0xdd,0xdd,0xea,0xdd,
	0xdd,0xea,0xdd,0xdd,0xea,0xa0,0xa0,0xa0,0x46,0xbe,0xff,0x01,0xa2,0xf9,0x01,0xa2,
	0xf9,0x01,0xa2,0xf9,0x01,0xa2,0xf9,0x01,0xa2,0xf9,0x01,0xa2,0xf9,0x01,0xa2,0xf9,
	0x01,0xa2,0xf9,0x01,0xa2,0xf9,0x01,0xa2,0xf9,0x01,0xa2,0xf9,0x01,0xa2,0xf9,0x01,
	0xa2,0xf9,0x01,0xa2,0xf9,0x01,0xa2,0xf9,0x01,0xa2,0xf9,0x01,0xa2,0xf9,0x01,0xa2,
	0xf9,0x01,0xa2,0xf9,0x01,0xa2,0xf9,0x01,0xa2,0xf9,0x01,0xa2,0xf9,0x02,0x82,0xc7,
	0xf8,0x66,0x66,0xf1,0x32,0x32,0xf1,0x32,0x32,0xf1,0x32,0x32,0xf1,0x32,0x32,0xf1,
	0x32,0x32,0xf1,0x32,0x32,0xf1,0x32,0x32,0xf1,0x32,0x32,0xf1,0x32,0x32,0xf1,0x32,
	0x32,0xf1,0x32,0x32,0xf1,0x32,0x32,0xf1,0x32,0x32,0xf1,0x32,0x32,0xf1,0x32,0x32,
	0xf1,0x32,0x32,0xf1,0x32,0x32,0xf1,0x32,0x32,0xf1,0x32,0x32,0xf1,0x32,0x32,0xf1,
	0x32,0x32,0xf1,0x32,0x32,0xcc,0x00,0x00,0xa7,0x6d,0xfd,0x83,0x00,0xfd,0x83,0x00,
	0xfd,0x83,0x00,0xfd,0x83,0x00,0xfd,0x83,0x00,0xfd,0x83,0x00,0xfd,0x83,0x00,0xfd,
	0x83,0x00,0xfd,0x83,0x00,0xfd,0x83,0x00,0xfd,0x83,0x00,0xfd,0x83,0x00,0xfd,0x83,
	0x00,0xfd,0x83,0x00,0xfd,0x83,0x00,0xfd,0x83,0x00,0xfd,0x83,0x00,0xfd,0x83,0x00,
	0xfd,0x83,0x00,0xfd,0x83,0x00,0xfd,0x83,0x00,0xfd,0x83,0x00,0xfd,0x3a,0x02,0x8f,
	0x9d,0xf9,0x85,0x45,0xe4,0x1a,0x45,0xe4,0x1a,0x45,0xe4,0x1a,0x45,0xe4,0x1a,0x45,
	0xe4,0x1a,0x45,0xe4,0x1a,0x45,0xe4,0x1a,0x45,0xe4,0x1a,0x45,0xe4,0x1a,0x45,0xe4,
	0x1a,0x45,0xe4,0x1a,0x45,0xe4,0x1a,0x45,0xe4,0x1a,0x45,0xe4,0x1a,0x45,0xe4,0x1a,
	0x45,0xe4,0x1a,0x45,0xe4,0x1a,0x45,0xe4,0x1a,0x45,0xe4,0x1a,0x45,0xe4,0x1a,0x45,
	0xe4,0x1a,0x45,0xe4,0x1a,0x1d,0x86,0x01,0xff,0x9d,0x46,0xbb,0x58,0x00,0xbb,0x58,
	0x00,0xbb,0x58,0x00,0xbb,0x58,0x00,0xbb,0x58,0x00,0xbb,0x58,0x00,0xbb,0x58,0x00,
	0xbb,0x58,0x00,0xbb,0x58,0x00,0xbb,0x58,0x00,0xbb,0x58,0x00,0xbb,0x58,0x00,0xbb,
	0x58,0x00,0xbb,0x58,0x00,0xbb,0x58,0x00,0xbb,0x58,0x00,0xbb,0x58,0x00,0xbb,0x58,
	0x00,0xbb,0x58,0x00,0xbb,0x58,0x00,0xbb,0x58,0x00,0xbb,0x58,0x00,0x84,0x3e,0x00,
	0x00,0x00,0x40,0x00,0x00,0x40,0x00,0x00,0x40,0x00,0x00,0x40,0x00,0x00,0x40,0x00,
	0x00,0x40,0x00,0x00,0x40,0x00,0x00,0x40,0x00,0x00,0x40,0x00,0x00,0x40,0x00,0x00,
	0x40,0x00,0x00,0x40,0x00,0x00,0x40,0x00,0x00,0x40,0x00,0x00,0x40,0x00,0x00,0x40,
	0x00,0x00,0x40,0x00,0x00,0x40,0x00,0x00,0x40,0x00,0x00,0x40,0x00,0x00,0x40,0x00,
	0x00,0x40,0x00,0x00,0x40,0x00,0x00,0x40,0xc1,0x55,0x06,0xc1,0x55,0x06,0xc1,0x55,
	0x06,0xc1,0x55,0x06,0xc1,0x55,0x06,0xc1,0x55,0x06,0xc1,0x55,0x06,0xc1,0x55,0x06,
	0xc1,0x55,0x06,0xc1,0x55,0x06,0xc1,0x55,0x06,0x57,0x25,0x01,0xf7,0xdc,0x6f,0xf8,
	0x8b,0x3b,0xc1,0x55,0x06,0xc1,0x55,0x06,0xc1,0x55,0x06,0xc1,0x55,0x06,0xc1,0x55,
	0x06,0xc1,0x55,0x06,0xc1,0x55,0x06,0xc1,0x55,0x06,0xc1,0x55,0x06,0xc1,0x55,0x06,
	0xc1,0x55,0x06,0xc1,0x55,0x06,0xc1,0x55,0x06,0xc1,0x55,0x06,0xc1,0x55,0x06,0xc1,
	0x55,0x06,0xc1,0x55,0x06,0xc1,0x55,0x06,0xc1,0x55,0x06,0xc1,0x55,0x06,0xc1,0x55,
	0x06,0x57,0x25,0x01,0x78,0x5a,0x4a,0x91,0x6c,0x59,0xd8,0xab,0x90,0xfb,0xe7,0xce,
	0xa3,0x9a,0x91,0x6a,0x5f,0x5a,0x96,0x71,0x5c,0xcb,0xa6,0x92,0x84,0x6c,0x60,0x94,
	0x73,0x61,0xc7,0x9f,0x88,0xa7,0x84,0x6f,0x85,0x66,0x55,0xab,0x84,0x6f,0xd1,0xb8,
	0xa9,0xb4,0xa5,0x9c,0x90,0x7c,0x71,0x7e,0x5d,0x49,0x9c,0x78,0x65,0xa0,0x93,0x8c,
	0x60,0x59,0x56,0x79,0x59,0x48,0xb0,0x8d,0x7a,0x90,0x75,0x66,0x78,0x5a,0x4a,0x91,
	0x6c,0x59,0xd8,0xab,0x90,0xfb,0xe7,0xce,0xa3,0x9a,0x91,0x6a,0x5f,0x5a,0x96,0x71,
	0x5c,0xcb,0xa6,0x92,0x84,0x6c,0x60,0x94,0x73,0x61,0xc7,0x9f,0x88,0xa7,0x84,0x6f,
	0x85,0x66,0x55,0xab,0x84,0x6f,0xd1,0xb8,0xa9,0xb4,0xa5,0x9c,0x90,0x7c,0x71,0x7e,
	0x5d,0x49,0x9c,0x78,0x65,0xa0,0x93,0x8c,0x60,0x59,0x56,0x79,0x59,0x48,0xb0,0x8d,
	0x7a,0x90,0x75,0x66,0xf7,0xdc,0x6f,0xf8,0x8b,0x3b,0xc1,0x55,0x06,0xc1,0x55,0x06,
	0xc1,0x55,0x06,0xc1,0x55,0x06,0xc1,0x55,0x06,0xc1,0x55,0x06,0xc1,0x55,0x06,0xc1,
	0x55,0x06,0xc1,0x55,0x06,0xc1,0x55,0x06,0xc1,0x55,0x06,0xc1,0x55,0x06,0xc1,0x55,
	0x06,0xc1,0x55,0x06,0xc1,0x55,0x06,0xc1,0x55,0x06,0xc1,0x55,0x06,0xc1,0x55,0x06,
	0xc1,0x55,0x06,0xc1,0x55,0x06,0xc1,0x55,0x06,0x57,0x25,0x01,0x78,0x5a,0x4a,0x91,
	0x6c,0x59,0xd8,0xab,0x90,0xfb,0xe7,0xce,0xa3,0x9a,0x91,0x6a,0x5f,0x5a,0x96,0x71,
	0x5c,0xcb,0xa6,0x92,0x84,0x6c,0x60,0x94,0x73,0x61,0xc7,0x9f,0x88,0xa7,0x84,0x6f,
	0x85,0x66,0x55,0xab,0x84,0x6f,0xd1,0xb8,0xa9,0xb4,0xa5,0x9c,0x90,0x7c,0x71,0x7e,
	0x5d,0x49,0x9c,0x78,0x65,0xa0,0x93,0x8c,0x60,0x59,0x56,0x79,0x59,0x48,0xb0,0x8d,
	0x7a,0x90,0x75,0x66,0xf7,0xdc,0x6f,0xf8,0x8b,0x3b,0xc1,0x55,0x06,0xc1,0x55,0x06,
	0xc1,0x55,0x06,0xc1,0x55,0x06,0xc1,0x55,0x06,0xc1,0x55,0x06,0xc1,0x55,0x06,0xc1,
	0x55,0x06,0xc1,0x55,0x06,0xc1,0x55,0x06,0xc1,0x55,0x06,0xc1,0x55,0x06,0xc1,0x55,
	0x06,0xc1,0x55,0x06,0xc1,0x55,0x06,0xc1,0x55,0x06,0xc1,0x55,0x06,0xc1,0x55,0x06,
	0xc1,0x55,0x06,0xc1,0x55,0x06,0xc1,0x55,0x06,0x57,0x25,0x01,0xf7,0xdc,0x6f,0xf8,
	0x8b,0x3b,0xc1,0x55,0x06,0xc1,0x55,0x06,0xc1,0x55,0x06,0xc1,0x55,0x06,0xc1,0x55,
	0x06,0xc1,0x55,0x06,0xc1,0x55,0x06,0xc1,0x55,0x06,0xc1,0x55,0x06,0xc1,0x55,0x06,
	0xc1,0x55,0x06,0xc1,0x55,0x06,0xc1,0x55,0x06,0xc1,0x55,0x06,0xc1,0x55,0x06,0xc1,
	0x55,0x06,0xc1,0x55,0x06,0xc1,0x55,0x06,0xc1,0x55,0x06,0xc1,0x55,0x06,0xc1,0x55,
	0x06,0x57,0x25,0x01,0xf7,0xdc,0x6f,0xf8,0x8b,0x3b,0xc1,0x55,0x06,0xc1,0x55,0x06,
	0xc1,0x55,0x06,0xc1,0x55,0x06,0xc1,0x55,0x06,0xc1,0x55,0x06,0xc1,0x55,0x06,0xc1,
	0x55,0x06,0xc1,0x55,0x06,0xc1,0x55,0x06,0xc1,0x55,0x06,0xc1,0x55,0x06,0xc1,0x55,
	0x06,0xc1,0x55,0x06,0xc1,0x55,0x06,0xc1,0x55,0x06,0xc1,0x55,0x06,0xc1,0x55,0x06,
	0xc1,0x55,0x06,0xc1,0x55,0x06,0xc1,0x55,0x06,0x57,0x25,0x01,0xf7,0xdc,0x6f,0xf8,
	0x8b,0x3b,0xc1,0x55,0x06,0xc1,0x55,0x06,0xc1,0x55,0x06,0xc1,0x55,0x06,0xc1,0x55,
	0x06,0xc1,0x55,0x06,0xc1,0x55,0x06,0xc1,0x55,0x06,0xc1,0x55,0x06,0xc1,0x55,0x06,
	0x85,0x66,0x55,0xab,0x84,0x6f,0xd1,0xb8,0xa9,0xb4,0xa5,0x9c,0x90,0x7c,0x71,0x7e,
	0x5d,0x49,0x9c,0x78,0x65,0xa0,0x93,0x8c,0x60,0x59,0x56,0x79,0x59,0x48,0xb0,0x8d,
	0x7a,0x90,0x75,0x66,0x78,0x5a,0x4a,0x91,0x6c,0x59,0xd8,0xab,0x90,0xfb,0xe7,0xce,
	0xa3,0x9a,0x91,0x6a,0x5f,0x5a,0x96,0x71,0x5c,0xcb,0xa6,0x92,0x84,0x6c,0x60,0x94,
	0x73,0x61,0xc7,0x9f,0x88,0xa7,0x84,0x6f,0x00,0x00,0x00,0x00,0x00,0x00,0x00,0x00,
	0x00,0x00,0x00,0x00,0x00,0x00,0x00,0x00,0x00,0x00,0x00,0x00,0x00,0x00,0x00,0x00,
	0x00,0x00,0x00,0x00,0x00,0x00,0x00,0x00,0x00,0x00,0x00,0x00,0x00,0x00,0x00,0x00,
	0x00,0x00,0x00,0x00,0x00,0x00,0x00,0x00,0x00,0x00,0x00,0x00,0x00,0x00,0x00,0x00,
	0x00,0x00,0x00,0x00,0x00,0x00,0x00,0x00,0x00,0x00,0x00,0x00,0x00,0x00,0x00,0x00,
	0xff,0xff,0x6b,0xdf,0xdf,0x00,0xdf,0xdf,0x00,0xdf,0xdf,0x00,0xdf,0xdf,0x00,0xdf,
	0xdf,0x00,0xdf,0xdf,0x00,0xdf,0xdf,0x00,0xdf,0xdf,0x00,0xdf,0xdf,0x00,0xdf,0xdf,
	0x00,0xdf,0xdf,0x00,0xdf,0xdf,0x00,0xdf,0xdf,0x00,0xdf,0xdf,0x00,0xdf,0xdf,0x00,
	0xdf,0xdf,0x00,0xdf,0xdf,0x00,0xdf,0xdf,0x00,0xdf,0xdf,0x00,0xdf,0xdf,0x00,0xdf,
	0xdf,0x00,0xdf,0xdf,0x00,0xa4,0x97,0x00,0xff,0xff,0xff,0xdd,0xdd,0xea,0xdd,0xdd,
	0xea,0xdd,0xdd,0xea,0xdd,0xdd,0xea,0xdd,0xdd,0xea,0xdd,0xdd,0xea,0xdd,0xdd,0xea,
	0xdd,0xdd,0xea,0xdd,0xdd,0xea,0xdd,0xdd,0xea,0xdd,0xdd,0xea,0xdd,0xdd,0xea,0xdd,
	0xdd,0xea,0xdd,0xdd,0xea,0xdd,0xdd,0xea,0xdd,0xdd,0xea,0xdd,0xdd,0xea,0xdd,0xdd,
	0xea,0xdd,0xdd,0xea,0xdd,0xdd,0xea,0xdd,0xdd,0xea,0xdd,0xdd,0xea,0xa0,0xa0,0xa0,
	0x46,0xbe,0xff,0x01,0xa2,0xf9,0x01,0xa2,0xf9,0x01,0xa2,0xf9,0x01,0xa2,0xf9,0x01,
	0xa2,0xf9,0x01,0xa2,0xf9,0x01,0xa2,0xf9,0x01,0xa2,0xf9,0x01,0xa2,0xf9,0x01,0xa2,
	0xf9,0x01,0xa2,0xf9,0x01,0xa2,0xf9,0x01,0xa2,0xf9,0x01,0xa2,0xf9,0x01,0xa2,0xf9,
	0x01,0xa2,0xf9,0x01,0xa2,0xf9,0x01,0xa2,0xf9,0x01,0xa2,0xf9,0x01,0xa2,0xf9,0x01,
	0xa2,0xf9,0x01,0xa2,0xf9,0x02,0x82,0xc7,0xf8,0x66,0x66,0xf1,0x32,0x32,0xf1,0x32,
	0x32,0xf1,0x32,0x32,0xf1,0x32,0x32,0xf1,0x32,0x32,0xf1,0x32,0x32,0xf1,0x32,0x32,
	0xf1,0x32,0x32,0xf1,0x32,0x32,0xf1,0x32,0x32,0xf1,0x32,0x32,0xf1,0x32,0x32,0xf1,
	0x32,0x32,0xf1,0x32,0x32,0xf1,0x32,0x32,0xf1,0x32,0x32,0xf1,0x32,0x32,0xf1,0x32,
	0x32,0xf1,0x32,0x32,0xf1,0x32,0x32,0xf1,0x32,0x32,0xf1,0x32,0x32,0xcc,0x00,0x00,
	0xa7,0x6d,0xfd,0x83,0x00,0xfd,0x83,0x00,0xfd,0x83,0x00,0xfd,0x83,0x00,0xfd,0x83,
	0x00,0xfd,0x83,0x00,0xfd,0x83,0x00,0xfd,0x83,0x00,0xfd,0x83,0x00,0xfd,0x83,0x00,
	0xfd,0x83,0x00,0xfd,0x83,0x00,0xfd,0x83,0x00,0xfd,0x83,0x00,0xfd,0x83,0x00,0xfd,
	0x83,0x00,0xfd,0x83,0x00,0xfd,0x83,0x00,0xfd,0x83,0x00,0xfd,0x83,0x00,0xfd,0x83,
	0x00,0xfd,0x83,0x00,0xfd,0x3a,0x02,0x8f,0x9d,0xf9,0x85,0x45,0xe4,0x1a,0x45,0xe4,
	0x1a,0x45,0xe4,0x1a,0x45,0xe4,0x1a,0x45,0xe4,0x1a,0x45,0xe4,0x1a,0x45,0xe4,0x1a,
	0x45,0xe4,0x1a,0x45,0xe4,0x1a,0x45,0xe4,0x1a,0x45,0xe4,0x1a,0x45,0xe4,0x1a,0x45,
	0xe4,0x1a,0x45,0xe4,0x1a,0x45,0xe4,0x1a,0x45,0xe4,0x1a,0x45,0xe4,0x1a,0x45,0xe4,
	0x1a,0x45,0xe4,0x1a,0x45,0xe4,0x1a,0x45,0xe4,0x1a,0x45,0xe4,0x1a,0x1d,0x86,0x01,
	0xff,0x9d,0x46,0xbb,0x58,0x00,0xbb,0x58,0x00,0xbb,0x58,0x00,0xbb,0x58,0x00,0xbb,
	0x58,0x00,0xbb,0x58,0x00,0xbb,0x58,0x00,0xbb,0x58,0x00,0xbb,0x58,0x00,0xbb,0x58,
	0x00,0xbb,0x58,0x00,0xbb,0x58,0x00,0xbb,0x58,0x00,0xbb,0x58,0x00,0xbb,0x58,0x00,
	0xbb,0x58,0x00,0xbb,0x58,0x00,0xbb,0x58,0x00,0xbb,0x58,0x00,0xbb,0x58,0x00,0xbb,
	0x58,0x00,0xbb,0x58,0x00,0x84,0x3e,0x00,0x00,0x00,0x40,0x00,0x00,0x40,0x00,0x00,
	0x40,0x00,0x00,0x40,0x00,0x00,0x40,0x00,0x00,0x40,0x00,0x00,0x40,0x00,0x00,0x40,
	0x00,0x00,0x40,0x00,0x00,0x40,0x00,0x00,0x40,0x00,0x00,0x40,0x00,0x00,0x40,0x00,
	0x00,0x40,0x00,0x00,0x40,0x00,0x00,0x40,0x00,0x00,0x40,0x00,0x00,0x40,0x00,0x00,
	0x40,0x00,0x00,0x40,0x00,0x00,0x40,0x00,0x00,0x40,0x00,0x00,0x40,0x00,0x00,0x40,
	0xc1,0x55,0x06,0xc1,0x55,0x06,0xc1,0x55,0x06,0xc1,0x55,0x06,0xc1,0x55,0x06,0xc1,
	0x55,0x06,0xc1,0x55,0x06,0xc1,0x55,0x06,0xc1,0x55,0x06,0xc1,0x55,0x06,0xc1,0x55,
	0x06,0x57,0x25,0x01,0xf7,0xdc,0x6f,0xf8,0x8b,0x3b,0xc1,0x55,0x06,0xc1,0x55,0x06,
	0xc1,0x55,0x06,0xc1,0x55,0x06,0xc1,0x55,0x06,0xc1,0x55,0x06,0xc1,0x55,0x06,0xc1,
	0x55,0x06,0xc1,0x55,0x06,0xc1,0x55,0x06,0xc1,0x55,0x06,0xc1,0x55,0x06,0xc1,0x55,
	0x06,0xc1,0x55,0x06,0xc1,0x55,0x06,0xc1,0x55,0x06,0xc1,0x55,0x06,0xc1,0x55,0x06,
	0xc1,0x55,0x06,0xc1,0x55,0x06,0xc1,0x55,0x06,0x57,0x25,0x01,0x8c,0x6c,0x5b,0xb1,
	0x81,0x67,0xff,0xee,0xd4,0xc1,0xcb,0xcc,0x69,0x63,0x61,0x7a,0x5f,0x51,0xa8,0x7d,
	0x66,0xb1,0x90,0x7d,0xb5,0x9c,0x8e,0xa1,0x80,0x6e,0xbe,0x9e,0x8c,0x8b,0x77,0x6c,
	0xb5,0x8f,0x7b,0xba,0x9c,0x8a,0x7b,0x56,0x44,0x78,0x64,0x5a,0x71,0x5c,0x50,0xa4,
	0x80,0x6e,0xb3,0x8b,0x73,0x87,0x66,0x54,0x76,0x5a,0x4e,0x84,0x5f,0x4c,0xc7,0xa2,
	0x8d,0xb8,0x9b,0x89,0x8c,0x6c,0x5b,0xb1,0x81,0x67,0xff,0xee,0xd4,0xc1,0xcb,0xcc,
	0x69,0x63,0x61,0x7a,0x5f,0x51,0xa8,0x7d,0x66,0xb1,0x90,0x7d,0xb5,0x9c,0x8e,0xa1,
	0x80,0x6e,0xbe,0x9e,0x8c,0x8b,0x77,0x6c,0xb5,0x8f,0x7b,0xba,0x9c,0x8a,0x7b,0x56,
	0x44,0x78,0x64,0x5a,0x71,0x5c,0x50,0xa4,0x80,0x6e,0xb3,0x8b,0x73,0x87,0x66,0x54,
	0x76,0x5a,0x4e,0x84,0x5f,0x4c,0xc7,0xa2,0x8d,0xb8,0x9b,0x89,0xf7,0xdc,0x6f,0xf8,
	0x8b,0x3b,0xc1,0x55,0x06,0xc1,0x55,0x06,0xc1,0x55,0x06,0xc1,0x55,0x06,0xc1,0x55,
	0x06,0xc1,0x55,0x06,0xc1,0x55,0x06,0xc1,0x55,0x06,0xc1,0x55,0x06,0xc1,0x55,0x06,
	0xc1,0x55,0x06,0xc1,0x55,0x06,0xc1,0x55,0x06,0xc1,0x55,0x06,0xc1,0x55,0x06,0xc1,
	0x55,0x06,0xc1,0x55,0x06,0xc1,0x55,0x06,0xc1,0x55,0x06,0xc1,0x55,0x06,0xc1,0x55,
	0x06,0x57,0x25,0x01,0x8c,0x6c,0x5b,0xb1,0x81,0x67,0xff,0xee,0xd4,0xc1,0xcb,0xcc,
	0x69,0x63,0x61,0x7a,0x5f,0x51,0xa8,0x7d,0x66,0xb1,0x90,0x7d,0xb5,0x9c,0x8e,0xa1,
	0x80,0x6e,0xbe,0x9e,0x8c,0x8b,0x77,0x6c,0xb5,0x8f,0x7b,0xba,0x9c,0x8a,0x7b,0x56,
	0x44,0x78,0x64,0x5a,0x71,0x5c,0x50,0xa4,0x80,0x6e,0xb3,0x8b,0x73,0x87,0x66,0x54,
	0x76,0x5a,0x4e,0x84,0x5f,0x4c,0xc7,0xa2,0x8d,0xb8,0x9b,0x89,0xf7,0xdc,0x6f,0xf8,
	0x8b,0x3b,0xc1,0x55,0x06,0xc1,0x55,0x06,0xc1,0x55,0x06,0xc1,0x55,0x06,0xc1,0x55,
	0x06,0xc1,0x55,0x06,0xc1,0x55,0x06,0xc1,0x55,0x06,0xc1,0x55,0x06,0xc1,0x55,0x06,
	0xc1,0x55,0x06,0xc1,0x55,0x06,0xc1,0x55,0x06,0xc1,0x55,0x06,0xc1,0x55,0x06,0xc1,
	0x55,0x06,0xc1,0x55,0x06,0xc1,0x55,0x06,0xc1,0x55,0x06,0xc1,0x55,0x06,0xc1,0x55,
	0x06,0x57,0x25,0x01,0xf7,0xdc,0x6f,0xf8,0x8b,0x3b,0xc1,0x55,0x06,0xc1,0x55,0x06,
	0xc1,0x55,0x06,0xc1,0x55,0x06,0xc1,0x55,0x06,0xc1,0x55,0x06,0xc1,0x55,0x06,0xc1,
	0x55,0x06,0xc1,0x55,0x06,0xc1,0x55,0x06,0xc1,0x55,0x06,0xc1,0x55,0x06,0xc1,0x55,
	0x06,0xc1,0x55,0x06,0xc1,0x55,0x06,0xc1,0x55,0x06,0xc1,0x55,0x06,0xc1,0x55,0x06,
	0xc1,0x55,0x06,0xc1,0x55,0x06,0xc1,0x55,0x06,0x57,0x25,0x01,0xf7,0xdc,0x6f,0xf8,
	0x8b,0x3b,0xc1,0x55,0x06,0xc1,0x55,0x06,0xc1,0x55,0x06,0xc1,0x55,0x06,0xc1,0x55,
	0x06,0xc1,0x55,0x06,0xc1,0x55,0x06,0xc1,0x55,0x06,0xc1,0x55,0x06,0xc1,0x55,0x06,
	0xc1,0x55,0x06,0xc1,0x55,0x06,0xc1,0x55,0x06,0xc1,0x55,0x06,0xc1,0x55,0x06,0xc1,
	0x55,0x06,0xc1,0x55,0x06,0xc1,0x55,0x06,0xc1,0x55,0x06,0xc1,0x55,0x06,0xc1,0x55,
	0x06,0x57,0x25,0x01,0xf7,0xdc,0x6f,0xf8,0x8b,0x3b,0xc1,0x55,0x06,0xc1,0x55,0x06,
	0xc1,0x55,0x06,0xc1,0x55,0x06,0xc1,0x55,0x06,0xc1,0x55,0x06,0xc1,0x55,0x06,0xc1,
	0x55,0x06,0xc1,0x55,0x06,0xc1,0x55,0x06,0xb5,0x8f,0x7b,0xba,0x9c,0x8a,0x7b,0x56,
	0x44,0x78,0x64,0x5a,0x71,0x5c,0x50,0xa4,0x80,0x6e,0xb3,0x8b,0x73,0x87,0x66,0x54,
	0x76,0x5a,0x4e,0x84,0x5f,0x4c,0xc7,0xa2,0x8d,0xb8,0x9b,0x89,0x8c,0x6c,0x5b,0xb1,
	0x81,0x67,0xff,0xee,0xd4,0xc1,0xcb,0xcc,0x69,0x63,0x61,0x7a,0x5f,0x51,0xa8,0x7d,
	0x66,0xb1,0x90,0x7d,0xb5,0x9c,0x8e,0xa1,0x80,0x6e,0xbe,0x9e,0x8c,0x8b,0x77,0x6c,
	0x00,0x00,0x00,0x00,0x00,0x00,0x00,0x00,0x00,0x00,0x00,0x00,0x00,0x00,0x00,0x00,
	0x00,0x00,0x00,0x00,0x00,0x00,0x00,0x00,0x00,0x00,0x00,0x00,0x00,0x00,0x00,0x00,
	0x00,0x00,0x00,0x00,0x00,0x00,0x00,0x00,0x00,0x00,0x00,0x00,0x00,0x00,0x00,0x00,
	0x00,0x00,0x00,0x00,0x00,0x00,0x00,0x00,0x00,0x00,0x00,0x00,0x00,0x00,0x00,0x00,
	0x00,0x00,0x00,0x00,0x00,0x00,0x00,0x00,0xff,0xff,0x6b,0xdf,0xdf,0x00,0xdf,0xdf,
	0x00,0xdf,0xdf,0x00,0xdf,0xdf,0x00,0xdf,0xdf,0x00,0xdf,0xdf,0x00,0xdf,0xdf,0x00,
	0xdf,0xdf,0x00,0xdf,0xdf,0x00,0xdf,0xdf,0x00,0xdf,0xdf,0x00,0xdf,0xdf,0x00,0xdf,
	0xdf,0x00,0xdf,0xdf,0x00,0xdf,0xdf,0x00,0xdf,0xdf,0x00,0xdf,0xdf,0x00,0xdf,0xdf,
	0x00,0xdf,0xdf,0x00,0xdf,0xdf,0x00,0xdf,0xdf,0x00,0xdf,0xdf,0x00,0xa4,0x97,0x00,
	0xff,0xff,0xff,0xdd,0xdd,0xea,0xdd,0xdd,0xea,0xdd,0xdd,0xea,0xdd,0xdd,0xea,0xdd,
	0xdd,0xea,0xdd,0xdd,0xea,0xdd,0xdd,0xea,0xdd,0xdd,0xea,0xdd,0xdd,0xea,0xdd,0xdd,
	0xea,0xdd,0xdd,0xea,0xdd,0xdd,0xea,0xdd,0xdd,0xea,0xdd,0xdd,0xea,0xdd,0xdd,0xea,
	0xdd,0xdd,0xea,0xdd,0xdd,0xea,0xdd,0xdd,0xea,0xdd,0xdd,0xea,0xdd,0xdd,0xea,0xdd,
	0xdd,0xea,0xdd,0xdd,0xea,0xa0,0xa0,0xa0,0x46,0xbe,0xff,0x01,0xa2,0xf9,0x01,0xa2,
	0xf9,0x01,0xa2,0xf9,0x01,0xa2,0xf9,0x01,0xa2,0xf9,0x01,0xa2,0xf9,0x01,0xa2,0xf9,
	0x01,0xa2,0xf9,0x01,0xa2,0xf9,0x01,0xa2,0xf9,0x01,0xa2,0xf9,0x01,0xa2,0xf9,0x01,
	0xa2,0xf9,0x01,0xa2,0xf9,0x01,0xa2,0xf9,0x01,0xa2,0xf9,0x01,0xa2,0xf9,0x01,0xa2,
	0xf9,0x01,0xa2,0xf9,0x01,0xa2,0xf9,0x01,0xa2,0xf9,0x01,0xa2,0xf9,0x02,0x82,0xc7,
	0xf8,0x66,0x66,0xf1,0x32,0x32,0xf1,0x32,0x32,0xf1,0x32,0x32,0xf1,0x32,0x32,0xf1,
	0x32,0x32,0xf1,0x32,0x32,0xf1,0x32,0x32,0xf1,0x32,0x32,0xf1,0x32,0x32,0xf1,0x32,
	0x32,0xf1,0x32,0x32,0xf1,0x32,0x32,0xf1,0x32,0x32,0xf1,0x32,0x32,0xf1,0x32,0x32,
	0xf1,0x32,0x32,0xf1,0x32,0x32,0xf1,0x32,0x32,0xf1,0x32,0x32,0xf1,0x32,0x32,0xf1,
	0x32,0x32,0xf1,0x32,0x32,0xcc,0x00,0x00,0xa7,0x6d,0xfd,0x83,0x00,0xfd,0x83,0x00,
	0xfd,0x83,0x00,0xfd,0x83,0x00,0xfd,0x83,0x00,0xfd,0x83,0x00,0xfd,0x83,0x00,0xfd,
	0x83,0x00,0xfd,0x83,0x00,0xfd,0x83,0x00,0xfd,0x83,0x00,0xfd,0x83,0x00,0xfd,0x83,
	0x00,0xfd,0x83,0x00,0xfd,0x83,0x00,0xfd,0x83,0x00,0xfd,0x83,0x00,0xfd,0x83,0x00,
	0xfd,0x83,0x00,0xfd,0x83,0x00,0xfd,0x83,0x00,0xfd,0x83,0x00,0xfd,0x3a,0x02,0x8f,
	0x9d,0xf9,0x85,0x45,0xe4,0x1a,0x45,0xe4,0x1a,0x45,0xe4,0x1a,0x45,0xe4,0x1a,0x45,
	0xe4,0x1a,0x45,0xe4,0x1a,0x45,0xe4,0x1a,0x45,0xe4,0x1a,0x45,0xe4,0x1a,0x45,0xe4,
	0x1a,0x45,0xe4,0x1a,0x45,0xe4,0x1a,0x45,0xe4,0x1a,0x45,0xe4,0x1a,0x45,0xe4,0x1a,
	0x45,0xe4,0x1a,0x45,0xe4,0x1a,0x45,0xe4,0x1a,0x45,0xe4,0x1a,0x45,0xe4,0x1a,0x45,
	0xe4,0x1a,0x45,0xe4,0x1a,0x1d,0x86,0x01,0xff,0x9d,0x46,0xbb,0x58,0x00,0xbb,0x58,
	0x00,0xbb,0x58,0x00,0xbb,0x58,0x00,0xbb,0x58,0x00,0xbb,0x58,0x00,0xbb,0x58,0x00,
	0xbb,0x58,0x00,0xbb,0x58,0x00,0xbb,0x58,0x00,0xbb,0x58,0x00,0xbb,0x58,0x00,0xbb,
	0x58,0x00,0xbb,0x58,0x00,0xbb,0x58,0x00,0xbb,0x58,0x00,0xbb,0x58,0x00,0xbb,0x58,
	0x00,0xbb,0x58,0x00,0xbb,0x58,0x00,0xbb,0x58,0x00,0xbb,0x58,0x00,0x84,0x3e,0x00,
	0x00,0x00,0x40,0x00,0x00,0x40,0x00,0x00,0x40,0x00,0x00,0x40,0x00,0x00,0x40,0x00,
	0x00,0x40,0x00,0x00,0x40,0x00,0x00,0x40,0x00,0x00,0x40,0x00,0x00,0x40,0x00,0x00,
	0x40,0x00,0x00,0x40,0x00,0x00,0x40,0x00,0x00,0x40,0x00,0x00,0x40,0x00,0x00,0x40,
	0x00,0x00,0x40,0x00,0x00,0x40,0x00,0x00,0x40,0x00,0x00,0x40,0x00,0x00,0x40,0x00,
	0x00,0x40,0x00,0x00,0x40,0x00,0x00,0x40,0xc1,0x55,0x06,0xc1,0x55,0x06,0xc1,0x55,
	0x06,0xc1,0x55,0x06,0xc1,0x55,0x06,0xc1,0x55,0x06,0xc1,0x55,0x06,0xc1,0x55,0x06,
	0xc1,0x55,0x06,0xc1,0x55,0x06,0xc1,0x55,0x06,0x57,0x25,0x01,0xf7,0xdc,0x6f,0xf8,
	0x8b,0x3b,0xc1,0x55,0x06,0xc1,0x55,0x06,0xc1,0x55,0x06,0xc1,0x55,0x06,0xc1,0x55,
	0x06,0xc1,0x55,0x06,0xc1,0x55,0x06,0xc1,0x55,0x06,0xc1,0x55,0x06,0xc1,0x55,0x06,
	0xc1,0x55,0x06,0xc1,0x55,0x06,0xc1,0x55,0x06,0xc1,0x55,0x06,0xc1,0x55,0x06,0xc1,
	0x55,0x06,0xc1,0x55,0x06,0xc1,0x55,0x06,0xc1,0x55,0x06,0xc1,0x55,0x06,0xc1,0x55,
	0x06,0x57,0x25,0x01,0x96,0x89,0x82,0x9c,0x78,0x64,0xf0,0xcd,0xb8,0x98,0x95,0x93,
	0x69,0x59,0x50,0xce,0x9c,0x81,0xc6,0xa5,0x93,0x94,0x74,0x63,0xd5,0xb5,0xa4,0x8a,
	0x7d,0x75,0x6d,0x55,0x49,0x84,0x60,0x4e,0xcd,0xaa,0x96,0xa5,0x9b,0x94,0x67,0x4d,
	0x42,0x7d,0x57,0x43,0xbd,0x91,0x7a,0xf9,0xe1,0xd0,0xcc,0xc3,0xbb,0x6c,0x55,0x48,
	0x95,0x76,0x67,0xae,0x8f,0x7d,0xa6,0x80,0x6b,0xa2,0x8d,0x83,0x96,0x89,0x82,0x9c,
	0x78,0x64,0xf0,0xcd,0xb8,0x98,0x95,0x93,0x69,0x59,0x50,0xce,0x9c,0x81,0xc6,0xa5,
	0x93,0x94,0x74,0x63,0xd5,0xb5,0xa4,0x8a,0x7d,0x75,0x6d,0x55,0x49,0x84,0x60,0x4e,
	0xcd,0xaa,0x96,0xa5,0x9b,0x94,0x67,0x4d,0x42,0x7d,0x57,0x43,0xbd,0x91,0x7a,0xf9,
	0xe1,0xd0,0xcc,0xc3,0xbb,0x6c,0x55,0x48,0x95,0x76,0x67,0xae,0x8f,0x7d,0xa6,0x80,
	0x6b,0xa2,0x8d,0x83,0xf7,0xdc,0x6f,0xf8,0x8b,0x3b,0xc1,0x55,0x06,0xc1,0x55,0x06,
	0xc1,0x55,0x06,0xc1,0x55,0x06,0xc1,0x55,0x06,0xc1,0x55,0x06,0xc1,0x55,0x06,0xc1,
	0x55,0x06,0xc1,0x55,0x06,0xc1,0x55,0x06,0xc1,0x55,0x06,0xc1,0x55,0x06,0xc1,0x55,
	0x06,0xc1,0x55,0x06,0xc1,0x55,0x06,0xc1,0x55,0x06,0xc1,0x55,0x06,0xc1,0x55,0x06,
	0xc1,0x55,0x06,0xc1,0x55,0x06,0xc1,0x55,0x06,0x57,0x25,0x01,0x96,0x89,0x82,0x9c,
	0x78,0x64,0xf0,0xcd,0xb8,0x98,0x95,0x93,0x69,0x59,0x50,0xce,0x9c,0x81,0xc6,0xa5,
	0x93,0x94,0x74,0x63,0xd5,0xb5,0xa4,0x8a,0x7d,0x75,0x6d,0x55,0x49,0x84,0x60,0x4e,
	0xcd,0xaa,0x96,0xa5,0x9b,0x94,0x67,0x4d,0x42,0x7d,0x57,0x43,0xbd,0x91,0x7a,0xf9,
	0xe1,0xd0,0xcc,0xc3,0xbb,0x6c,0x55,0x48,0x95,0x76,0x67,0xae,0x8f,0x7d,0xa6,0x80,
	0x6b,0xa2,0x8d,0x83,0xf7,0xdc,0x6f,0xf8,0x8b,0x3b,0xc1,0x55,0x06,0xc1,0x55,0x06,
	0xc1,0x55,0x06,0xc1,0x55,0x06,0xc1,0x55,0x06,0xc1,0x55,0x06,0xc1,0x55,0x06,0xc1,
	0x55,0x06,0xc1,0x55,0x06,0xc1,0x55,0x06,0xc1,0x55,0x06,0xc1,0x55,0x06,0xc1,0x55,
	0x06,0xc1,0x55,0x06,0xc1,0x55,0x06,0xc1,0x55,0x06,0xc1,0x55,0x06,0xc1,0x55,0x06,
	0xc1,0x55,0x06,0xc1,0x55,0x06,0xc1,0x55,0x06,0x57,0x25,0x01,0xf7,0xdc,0x6f,0xf8,
	0x8b,0x3b,0xc1,0x55,0x06,0xc1,0x55,0x06,0xc1,0x55,0x06,0xc1,0x55,0x06,0xc1,0x55,
	0x06,0xc1,0x55,0x06,0xc1,0x55,0x06,0xc1,0x55,0x06,0xc1,0x55,0x06,0xc1,0x55,0x06,
	0xc1,0x55,0x06,0xc1,0x55,0x06,0xc1,0x55,0x06,0xc1,0x55,0x06,0xc1,0x55,0x06,0xc1,
	0x55,0x06,0xc1,0x55,0x06,0xc1,0x55,0x06,0xc1,0x55,0x06,0xc1,0x55,0x06,0xc1,0x55,
	0x06,0x57,0x25,0x01,0xf7,0xdc,0x6f,0xf8,0x8b,0x3b,0xc1,0x55,0x06,0xc1,0x55,0x06,
	0xc1,0x55,0x06,0xc1,0x55,0x06,0xc1,0x55,0x06,0xc1,0x55,0x06,0xc1,0x55,0x06,0xc1,
	0x55,0x06,0xc1,0x55,0x06,0xc1,0x55,0x06,0xc1,0x55,0x06,0xc1,0x55,0x06,0xc1,0x55,
	0x06,0xc1,0x55,0x06,0xc1,0x55,0x06,0xc1,0x55,0x06,0xc1,0x55,0x06,0xc1,0x55,0x06,
	0xc1,0x55,0x06,0xc1,0x55,0x06,0xc1,0x55,0x06,0x57,0x25,0x01,0xf7,0xdc,0x6f,0xf8,
	0x8b,0x3b,0xc1,0x55,0x06,0xc1,0x55,0x06,0xc1,0x55,0x06,0xc1,0x55,0x06,0xc1,0x55,
	0x06,0xc1,0x55,0x06,0xc1,0x55,0x06,0xc1,0x55,0x06,0xc1,0x55,0x06,0xc1,0x55,0x06,
	0xcd,0xaa,0x96,0xa5,0x9b,0x94,0x67,0x4d,0x42,0x7d,0x57,0x43,0xbd,0x91,0x7a,0xf9,
	0xe1,0xd0,0xcc,0xc3,0xbb,0x6c,0x55,0x48,0x95,0x76,0x67,0xae,0x8f,0x7d,0xa6,0x80,
	0x6b,0xa2,0x8d,0x83,0x96,0x89,0x82,0x9c,0x78,0x64,0xf0,0xcd,0xb8,0x98,0x95,0x93,
	0x69,0x59,0x50,0xce,0x9c,0x81,0xc6,0xa5,0x93,0x94,0x74,0x63,0xd5,0xb5,0xa4,0x8a,
	0x7d,0x75,0x6d,0x55,0x49,0x84,0x60,0x4e,0x00,0x00,0x00,0x00,0x00,0x00,0x00,0x00,
	0x00,0x00,0x00,0x00,0x00,0x00,0x00,0x00,0x00,0x00,0x00,0x00,0x00,0x00,0x00,0x00,
	0x00,0x00,0x00,0x00,0x00,0x00,0x00,0x00,0x00,0x00,0x00,0x00,0x00,0x00,0x00,0x00,
	0x00,0x00,0x00,0x00,0x00,0x00,0x00,0x00,0x00,0x00,0x00,0x00,0x00,0x00,0x00,0x00,
	0x00,0x00,0x00,0x00,0x00,0x00,0x00,0x00,0x00,0x00,0x00,0x00,0x00,0x00,0x00,0x00,
	0xdf,0xdf,0x00,0xa4,0x97,0x00,0xa4,0x97,0x00,0xa4,0x97,0x00,0xa4,0x97,0x00,0xa4,
	0x97,0x00,0xa4,0x97,0x00,0xa4,0x97,0x00,0xa4,0x97,0x00,0xa4,0x97,0x00,0xa4,0x97,
	0x00,0xa4,0x97,0x00,0xa4,0x97,0x00,0xa4,0x97,0x00,0xa4,0x97,0x00,0xa4,0x97,0x00,
	0xa4,0x97,0x00,0xa4,0x97,0x00,0xa4,0x97,0x00,0xa4,0x97,0x00,0xa4,0x97,0x00,0xa4,
	0x97,0x00,0xa4,0x97,0x00,0xa4,0x97,0x00,0xdd,0xdd,0xea,0xa0,0xa0,0xa0,0xa0,0xa0,
	0xa0,0xa0,0xa0,0xa0,0xa0,0xa0,0xa0,0xa0,0xa0,0xa0,0xa0,0xa0,0xa0,0xa0,0xa0,0xa0,
	0xa0,0xa0,0xa0,0xa0,0xa0,0xa0,0xa0,0xa0,0xa0,0xa0,0xa0,0xa0,0xa0,0xa0,0xa0,0xa0,
	0xa0,0xa0,0xa0,0xa0,0xa0,0xa0,0xa0,0xa0,0xa0,0xa0,0xa0,0xa0,0xa0,0xa0,0xa0,0xa0,
	0xa0,0xa0,0xa0,0xa0,0xa0,0xa0,0xa0,0xa0,0xa0,0xa0,0xa0,0xa0,0xa0,0xa0,0xa0,0xa0,
	0x01,0xa2,0xf9,0x02,0x82,0xc7,0x02,0x82,0xc7,0x02,0x82,0xc7,0x02,0x82,0xc7,0x02,
	0x82,0xc7,0x02,0x82,0xc7,0x02,0x82,0xc7,0x02,0x82,0xc7,0x02,0x82,0xc7,0x02,0x82,
	0xc7,0x02,0x82,0xc7,0x02,0x82,0xc7,0x02,0x82,0xc7,0x02,0x82,0xc7,0x02,0x82,0xc7,
	0x02,0x82,0xc7,0x02,0x82,0xc7,0x02,0x82,0xc7,0x02,0x82,0xc7,0x02,0x82,0xc7,0x02,
	0x82,0xc7,0x02,0x82,0xc7,0x02,0x82,0xc7,0xf1,0x32,0x32,0xcc,0x00,0x00,0xcc,0x00,
	0x00,0xcc,0x00,0x00,0xcc,0x00,0x00,0xcc,0x00,0x00,0xcc,0x00,0x00,0xcc,0x00,0x00,
	0xcc,0x00,0x00,0xcc,0x00,0x00,0xcc,0x00,0x00,0xcc,0x00,0x00,0xcc,0x00,0x00,0xcc,
	0x00,0x00,0xcc,0x00,0x00,0xcc,0x00,0x00,0xcc,0x00,0x00,0xcc,0x00,0x00,0xcc,0x00,
	0x00,0xcc,0x00,0x00,0xcc,0x00,0x00,0xcc,0x00,0x00,0xcc,0x00,0x00,0xcc,0x00,0x00,
	0x83,0x00,0xfd,0x3a,0x02,0x8f,0x3a,0x02,0x8f,0x3a,0x02,0x8f,0x3a,0x02,0x8f,0x3a,
	0x02,0x8f,0x3a,0x02,0x8f,0x3a,0x02,0x8f,0x3a,0x02,0x8f,0x3a,0x02,0x8f,0x3a,0x02,
	0x8f,0x3a,0x02,0x8f,0x3a,0x02,0x8f,0x3a,0x02,0x8f,0x3a,0x02,0x8f,0x3a,0x02,0x8f,
	0x3a,0x02,0x8f,0x3a,0x02,0x8f,0x3a,0x02,0x8f,0x3a,0x02,0x8f,0x3a,0x02,0x8f,0x3a,
	0x02,0x8f,0x3a,0x02,0x8f,0x3a,0x02,0x8f,0x45,0xe4,0x1a,0x1d,0x86,0x01,0x1d,0x86,
	0x01,0x1d,0x86,0x01,0x1d,0x86,0x01,0x1d,0x86,0x01,0x1d,0x86,0x01,0x1d,0x86,0x01,
	0x1d,0x86,0x01,0x1d,0x86,0x01,0x1d,0x86,0x01,0x1d,0x86,0x01,0x1d,0x86,0x01,0x1d,
	0x86,0x01,0x1d,0x86,0x01,0x1d,0x86,0x01,0x1d,0x86,0x01,0x1d,0x86,0x01,0x1d,0x86,
	0x01,0x1d,0x86,0x01,0x1d,0x86,0x01,0x1d,0x86,0x01,0x1d,0x86,0x01,0x1d,0x86,0x01,
	0xbb,0x58,0x00,0x84,0x3e,0x00,0x84,0x3e,0x00,0x84,0x3e,0x00,0x84,0x3e,0x00,0x84,
	0x3e,0x00,0x84,0x3e,0x00,0x84,0x3e,0x00,0x84,0x3e,0x00,0x84,0x3e,0x00,0x84,0x3e,
	0x00,0x84,0x3e,0x00,0x84,0x3e,0x00,0x84,0x3e,0x00,0x84,0x3e,0x00,0x84,0x3e,0x00,
	0x84,0x3e,0x00,0x84,0x3e,0x00,0x84,0x3e,0x00,0x84,0x3e,0x00,0x84,0x3e,0x00,0x84,
	0x3e,0x00,0x84,0x3e,0x00,0x84,0x3e,0x00,0x00,0x00,0x40,0x00,0x00,0x40,0x00,0x00,
	0x40,0x00,0x00,0x40,0x00,0x00,0x40,0x00,0x00,0x40,0x00,0x00,0x40,0x00,0x00,0x40,
	0x00,0x00,0x40,0x00,0x00,0x40,0x00,0x00,0x40,0x00,0x00,0x40,0x00,0x00,0x40,0x00,
	0x00,0x40,0x00,0x00,0x40,0x00,0x00,0x40,0x00,0x00,0x40,0x00,0x00,0x40,0x00,0x00,
	0x40,0x00,0x00,0x40,0x00,0x00,0x40,0x00,0x00,0x40,0x00,0x00,0x40,0x00,0x00,0x40,
	0x57,0x25,0x01,0x57,0x25,0x01,0x57,0x25,0x01,0x57,0x25,0x01,0x57,0x25,0x01,0x57,
	0x25,0x01,0x57,0x25,0x01,0x57,0x25,0x01,0x57,0x25,0x01,0x57,0x25,0x01,0x57,0x25,
	0x01,0x57,0x25,0x01,0xf7,0xdc,0x6f,0xc1,0x55,0x06,0x57,0x25,0x01,0x57,0x25,0x01,
	0x57,0x25,0x01,0x57,0x25,0x01,0x57,0x25,0x01,0x57,0x25,0x01,0x57,0x25,0x01,0x57,
	0x25,0x01,0x57,0x25,0x01,0x57,0x25,0x01,0x57,0x25,0x01,0x57,0x25,0x01,0x57,0x25,
	0x01,0x57,0x25,0x01,0x57,0x25,0x01,0x57,0x25,0x01,0x57,0x25,0x01,0x57,0x25,0x01,
	0x57,0x25,0x01,0x57,0x25,0x01,0x57,0x25,0x01,0x57,0x25,0x01,0x8b,0x7a,0x70,0x83,
	0x67,0x58,0xa6,0x82,0x70,0x7b,0x67,0x5c,0x90,0x6d,0x5b,0xe0,0xbb,0xa6,0xc7,0xbb,
	0xb3,0x7f,0x6b,0x61,0x97,0x7b,0x6c,0x87,0x71,0x66,0xb1,0x8c,0x75,0xbe,0x95,0x7c,
	0x8f,0x6c,0x59,0x88,0x75,0x6b,0x73,0x68,0x63,0x89,0x67,0x56,0xc4,0xa5,0x94,0xb7,
	0xb2,0xad,0x6c,0x6d,0x6e,0x70,0x56,0x48,0xa6,0x7d,0x66,0xb7,0x9f,0x90,0x82,0x6b,
	0x5f,0x82,0x5e,0x4c,0x8b,0x7a,0x70,0x83,0x67,0x58,0xa6,0x82,0x70,0x7b,0x67,0x5c,
	0x90,0x6d,0x5b,0xe0,0xbb,0xa6,0xc7,0xbb,0xb3,0x7f,0x6b,0x61,0x97,0x7b,0x6c,0x87,
	0x71,0x66,0xb1,0x8c,0x75,0xbe,0x95,0x7c,0x8f,0x6c,0x59,0x88,0x75,0x6b,0x73,0x68,
	0x63,0x89,0x67,0x56,0xc4,0xa5,0x94,0xb7,0xb2,0xad,0x6c,0x6d,0x6e,0x70,0x56,0x48,
	0xa6,0x7d,0x66,0xb7,0x9f,0x90,0x82,0x6b,0x5f,0x82,0x5e,0x4c,0xf7,0xdc,0x6f,0xc1,
	0x55,0x06,0x57,0x25,0x01,0x57,0x25,0x01,0x57,0x25,0x01,0x57,0x25,0x01,0x57,0x25,
	0x01,0x57,0x25,0x01,0x57,0x25,0x01,0x57,0x25,0x01,0x57,0x25,0x01,0x57,0x25,0x01,
	0x57,0x25,0x01,0x57,0x25,0x01,0x57,0x25,0x01,0x57,0x25,0x01,0x57,0x25,0x01,0x57,
	0x25,0x01,0x57,0x25,0x01,0x57,0x25,0x01,0x57,0x25,0x01,0x57,0x25,0x01,0x57,0x25,
	0x01,0x57,0x25,0x01,0x8b,0x7a,0x70,0x83,0x67,0x58,0xa6,0x82,0x70,0x7b,0x67,0x5c,
	0x90,0x6d,0x5b,0xe0,0xbb,0xa6,0xc7,0xbb,0xb3,0x7f,0x6b,0x61,0x97,0x7b,0x6c,0x87,
	0x71,0x66,0xb1,0x8c,0x75,0xbe,0x95,0x7c,0x8f,0x6c,0x59,0x88,0x75,0x6b,0x73,0x68,
	0x63,0x89,0x67,0x56,0xc4,0xa5,0x94,0xb7,0xb2,0xad,0x6c,0x6d,0x6e,0x70,0x56,0x48,
	0xa6,0x7d,0x66,0xb7,0x9f,0x90,0x82,0x6b,0x5f,0x82,0x5e,0x4c,0xf7,0xdc,0x6f,0xc1,
	0x55,0x06,0x57,0x25,0x01,0x57,0x25,0x01,0x57,0x25,0x01,0x57,0x25,0x01,0x57,0x25,
	0x01,0x57,0x25,0x01,0x57,0x25,0x01,0x57,0x25,0x01,0x57,0x25,0x01,0x57,0x25,0x01,
	0x57,0x25,0x01,0x57,0x25,0x01,0x57,0x25,0x01,0x57,0x25,0x01,0x57,0x25,0x01,0x57,
	0x25,0x01,0x57,0x25,0x01,0x57,0x25,0x01,0x57,0x25,0x01,0x57,0x25,0x01,0x57,0x25,
	0x01,0x57,0x25,0x01,0xf7,0xdc,0x6f,0xc1,0x55,0x06,0x57,0x25,0x01,0x57,0x25,0x01,
	0x57,0x25,0x01,0x57,0x25,0x01,0x57,0x25,0x01,0x57,0x25,0x01,0x57,0x25,0x01,0x57,
	0x25,0x01,0x57,0x25,0x01,0x57,0x25,0x01,0x57,0x25,0x01,0x57,0x25,0x01,0x57,0x25,
	0x01,0x57,0x25,0x01,0x57,0x25,0x01,0x57,0x25,0x01,0x57,0x25,0x01,0x57,0x25,0x01,
	0x57,0x25,0x01,0x57,0x25,0x01,0x57,0x25,0x01,0x57,0x25,0x01,0xf7,0xdc,0x6f,0xc1,
	0x55,0x06,0x57,0x25,0x01,0x57,0x25,0x01,0x57,0x25,0x01,0x57,0x25,0x01,0x57,0x25,
	0x01,0x57,0x25,0x01,0x57,0x25,0x01,0x57,0x25,0x01,0x57,0x25,0x01,0x57,0x25,0x01,
	0x57,0x25,0x01,0x57,0x25,0x01,0x57,0x25,0x01,0x57,0x25,0x01,0x57,0x25,0x01,0x57,
	0x25,0x01,0x57,0x25,0x01,0x57,0x25,0x01,0x57,0x25,0x01,0x57,0x25,0x01,0x57,0x25,
	0x01,0x57,0x25,0x01,0xf7,0xdc,0x6f,0xc1,0x55,0x06,0x57,0x25,0x01,0x57,0x25,0x01,
	0x57,0x25,0x01,0x57,0x25,0x01,0x57,0x25,0x01,0x57,0x25,0x01,0x57,0x25,0x01,0x57,
	0x25,0x01,0x57,0x25,0x01,0x57,0x25,0x01,0x8f,0x6c,0x59,0x88,0x75,0x6b,0x73,0x68,
	0x63,0x89,0x67,0x56,0xc4,0xa5,0x94,0xb7,0xb2,0xad,0x6c,0x6d,0x6e,0x70,0x56,0x48,
	0xa6,0x7d,0x66,0xb7,0x9f,0x90,0x82,0x6b,0x5f,0x82,0x5e,0x4c,0x8b,0x7a,0x70,0x83,
	0x67,0x58,0xa6,0x82,0x70,0x7b,0x67,0x5c,0x90,0x6d,0x5b,0xe0,0xbb,0xa6,0xc7,0xbb,
	0xb3,0x7f,0x6b,0x61,0x97,0x7b,0x6c,0x87,0x71,0x66,0xb1,0x8c,0x75,0xbe,0x95,0x7c,
	};
