/* Do not modify, auto generated with guipic.exe! */

#include "../include.h"

const u8 TilesImg[67592] __attribute__ ((aligned(4))) = {
	128,0,
	176,0,
	128,1,
	CF_B8G8R8,
	24,
	0x00,0x00,0x00,0x00,0x00,0x00,0x00,0x00,0x00,0x00,0x00,0x00,0x00,0x00,0x00,0x00,
	0x00,0x00,0x00,0x00,0x00,0x00,0x00,0x00,0x00,0x00,0x00,0x00,0x00,0x00,0x00,0x00,
	0x00,0x00,0x00,0x00,0x00,0x00,0x00,0x00,0x00,0x00,0x00,0x00,0x00,0x00,0x00,0x00,
	0x00,0x00,0x00,0x00,0x00,0x00,0x00,0x00,0x00,0x00,0x00,0x00,0x00,0x00,0x00,0x00,
	0x00,0x00,0xff,0xff,0x00,0xff,0xff,0x00,0xff,0xff,0x00,0xff,0xff,0x00,0x00,0x00,
	0x00,0x00,0x00,0x00,0x00,0x00,0x00,0x00,0x00,0x00,0x00,0x00,0x00,0x00,0x00,0x00,
	0x00,0x00,0x00,0x00,0x00,0x00,0x00,0x00,0x00,0x00,0x00,0x00,0x00,0x00,0x00,0x00,
	0x00,0x00,0xff,0xff,0x00,0xff,0xff,0x00,0xff,0xff,0x00,0xff,0xff,0x00,0x00,0x00,
	0x00,0x00,0x00,0x00,0x00,0x00,0x00,0x00,0x00,0x00,0x00,0x00,0x00,0x00,0x00,0x00,
	0x00,0x00,0x00,0x00,0x00,0x00,0x00,0x00,0x00,0x00,0x00,0x00,0x00,0x00,0x00,0x00,
	0x00,0x00,0x00,0x00,0x00,0x00,0x00,0x00,0x00,0x00,0x00,0x00,0x00,0x00,0x00,0x00,
	0x00,0x00,0x00,0x00,0x00,0x00,0x00,0x00,0x00,0x00,0x00,0x00,0x00,0x00,0x00,0x00,
	0x00,0x00,0x00,0x00,0x00,0x00,0x00,0x00,0x00,0x00,0x00,0x00,0x00,0x00,0x00,0x00,
	0x00,0x00,0x00,0x00,0x00,0x00,0x00,0x00,0x00,0x00,0x00,0x00,0x00,0x00,0x00,0x00,
	0x00,0x00,0x00,0x00,0x00,0x00,0x00,0x00,0x00,0x00,0x00,0x00,0x00,0x00,0x00,0x00,
	0x00,0x00,0x00,0x00,0x00,0x00,0x00,0x00,0x00,0x00,0x00,0x00,0x00,0x00,0x00,0x00,
	0x00,0x00,0xff,0xff,0x00,0xff,0xff,0x00,0xff,0xff,0x00,0xff,0xff,0x00,0x00,0x00,
	0x00,0x00,0x00,0x00,0x00,0x00,0x00,0x00,0x00,0x00,0x00,0x00,0x00,0x00,0x00,0x00,
	0x00,0x00,0x00,0x00,0x00,0x00,0x00,0x00,0x00,0x00,0x00,0x00,0x00,0x00,0x00,0x00,
	0x00,0x00,0x00,0x00,0x00,0x00,0x00,0x00,0x00,0x00,0x00,0x00,0x00,0x00,0x00,0x00,
	0x00,0x00,0x00,0x00,0x00,0x00,0x00,0x00,0x00,0x00,0x00,0x00,0x00,0x00,0x00,0x00,
	0x00,0x00,0x00,0x00,0x00,0x00,0x00,0x00,0x00,0x00,0x00,0x00,0x00,0x00,0x00,0xff,
	0xff,0x00,0xff,0xff,0x00,0xff,0xff,0x00,0xff,0xff,0x00,0xff,0xff,0x00,0xff,0xff,
	0x00,0x00,0x00,0x00,0x00,0x00,0x00,0x00,0x00,0x00,0x00,0x00,0x00,0x00,0x00,0x00,
	0x00,0x00,0x00,0x00,0x00,0x00,0x00,0x00,0x00,0x00,0x00,0x00,0x00,0x00,0x00,0x00,
	0x00,0x00,0x00,0x00,0x00,0x00,0x00,0x00,0x00,0x00,0x00,0x00,0x00,0x00,0x00,0x00,
	0x00,0x00,0x00,0x00,0x00,0x00,0x00,0x00,0x00,0x00,0x00,0x00,0x00,0x00,0x00,0x00,
	0x00,0x00,0x00,0x00,0x00,0x00,0x00,0x00,0x00,0x00,0x00,0x00,0xff,0xff,0x00,0xff,
	0xff,0x00,0xff,0xff,0x00,0xff,0xff,0x00,0xff,0xff,0x00,0xff,0xff,0x00,0xff,0xff,
	0x00,0xff,0xff,0x00,0x00,0x00,0x00,0x00,0x00,0x00,0x00,0x00,0x00,0x00,0x00,0x00,
	0x00,0x00,0x00,0x00,0x00,0x00,0x00,0x00,0x00,0x00,0x00,0x00,0xff,0xff,0x00,0xff,
	0xff,0x00,0xff,0xff,0x00,0xff,0xff,0x00,0xff,0xff,0x00,0xff,0xff,0x00,0xff,0xff,
	0x00,0xff,0xff,0x00,0x00,0x00,0x00,0x00,0x00,0x00,0x00,0x00,0x00,0x00,0x00,0x00,
	0x00,0x00,0x00,0x00,0x00,0x00,0x00,0x00,0x00,0x00,0x00,0x00,0x00,0x00,0x00,0x00,
	0x00,0x00,0x00,0x00,0x00,0x00,0x00,0x00,0x00,0x00,0x00,0x00,0x00,0x00,0x00,0x00,
	0x00,0x00,0x00,0x00,0x00,0x00,0x00,0x00,0x00,0x00,0x00,0x00,0x00,0x00,0x00,0x00,
	0x00,0x00,0x00,0x00,0x00,0x00,0x00,0x00,0x00,0x00,0x00,0x00,0x00,0x00,0x00,0x00,
	0x00,0x00,0x00,0x00,0x00,0x00,0x00,0x00,0x00,0x00,0x00,0x00,0x00,0x00,0x00,0x00,
	0x00,0x00,0x00,0x00,0x00,0x00,0x00,0x00,0x00,0x00,0x00,0x00,0x00,0x00,0x00,0x00,
	0x00,0x00,0x00,0x00,0x00,0x00,0x00,0x00,0x00,0x00,0x00,0x00,0xff,0xff,0x00,0xff,
	0xff,0x00,0xff,0xff,0x00,0xff,0xff,0x00,0xff,0xff,0x00,0xff,0xff,0x00,0xff,0xff,
	0x00,0xff,0xff,0x00,0x00,0x00,0x00,0x00,0x00,0x00,0x00,0x00,0x00,0x00,0x00,0x00,
	0x00,0x00,0x00,0x00,0x00,0x00,0x00,0x00,0x00,0x00,0x00,0x00,0x00,0x00,0x00,0x00,
	0x00,0x00,0x00,0x00,0x00,0x00,0x00,0x00,0x00,0x00,0x00,0x00,0x00,0x00,0x00,0x00,
	0x00,0x00,0x00,0x00,0x00,0x00,0x00,0x00,0x00,0x00,0x00,0x00,0x00,0x00,0x00,0x00,
	0x00,0x00,0x00,0x00,0x00,0x00,0x00,0x00,0x00,0xff,0xff,0x00,0xff,0xff,0x00,0xff,
	0xff,0x00,0xff,0xff,0x00,0xff,0xff,0x00,0xff,0xff,0x00,0xff,0xff,0x00,0xff,0xff,
	0x00,0xff,0xff,0x00,0xff,0xff,0x00,0x00,0x00,0x00,0x00,0x00,0x00,0x00,0x00,0x00,
	0x00,0x00,0x00,0x00,0x00,0x00,0x00,0x00,0x00,0x00,0x00,0x00,0x00,0x00,0x00,0x00,
	0x00,0x00,0x00,0x00,0x00,0x00,0x00,0x00,0x00,0x00,0x00,0x00,0x00,0x00,0x00,0x00,
	0x00,0x00,0x00,0x00,0x00,0x00,0x00,0x00,0x00,0x00,0x00,0x00,0x00,0x00,0x00,0x00,
	0x00,0x00,0x00,0x00,0x00,0x00,0x00,0x00,0x00,0xff,0xff,0x00,0xff,0xff,0x00,0xff,
	0xff,0x00,0xff,0xff,0x00,0xff,0xff,0x00,0xff,0xff,0x00,0xff,0xff,0x00,0xff,0xff,
	0x00,0xff,0xff,0x00,0xff,0xff,0x00,0x00,0x00,0x00,0x00,0x00,0x00,0x00,0x00,0x00,
	0x00,0x00,0x00,0x00,0x00,0x00,0x00,0x00,0x00,0xff,0xff,0x00,0xff,0xff,0x00,0xff,
	0xff,0x00,0xff,0xff,0x00,0xff,0xff,0x00,0xff,0xff,0x00,0xff,0xff,0x00,0xff,0xff,
	0x00,0xff,0xff,0x00,0xff,0xff,0x00,0x00,0x00,0x00,0x00,0x00,0x00,0x00,0x00,0x00,
	0x00,0x00,0x00,0x00,0x00,0x00,0x00,0x00,0x00,0x00,0x00,0x00,0x00,0x00,0x00,0x00,
	0x00,0x00,0x00,0x00,0x00,0x00,0x00,0x00,0x00,0x00,0x00,0x00,0x00,0x00,0x00,0x00,
	0x00,0x00,0x00,0x00,0x00,0x00,0x00,0x00,0x00,0x00,0x00,0x00,0x00,0x00,0x00,0x00,
	0x00,0x00,0x00,0x00,0x00,0x00,0x00,0x00,0x00,0x00,0x00,0x00,0x00,0x00,0x00,0x00,
	0x00,0x00,0x00,0x00,0x00,0x00,0x00,0x00,0x00,0x00,0x00,0x00,0x00,0x00,0x00,0x00,
	0x00,0x00,0x00,0x00,0x00,0x00,0x00,0x00,0x00,0x00,0x00,0x00,0x00,0x00,0x00,0x00,
	0x00,0x00,0x00,0x00,0x00,0x00,0x00,0x00,0x00,0xff,0xff,0x00,0xff,0xff,0x00,0xff,
	0xff,0x00,0xff,0xff,0x00,0xff,0xff,0x00,0xff,0xff,0x00,0xff,0xff,0x00,0xff,0xff,
	0x00,0xff,0xff,0x00,0xff,0xff,0x00,0x00,0x00,0x00,0x00,0x00,0x00,0x00,0x00,0x00,
	0x00,0x00,0x00,0x00,0x00,0x00,0x00,0x00,0x00,0x00,0x00,0x00,0x00,0x00,0x00,0x00,
	0x00,0x00,0x00,0x00,0x00,0x00,0x00,0x00,0x00,0x00,0x00,0x00,0x00,0x00,0x00,0x00,
	0x00,0x00,0x00,0x00,0x00,0x00,0x00,0x00,0x00,0x00,0x00,0x00,0x00,0x00,0x00,0x00,
	0x00,0x00,0x00,0x00,0x00,0x00,0xff,0xff,0x00,0xff,0xff,0x00,0xff,0xff,0x00,0xff,
	0xff,0x00,0xff,0xff,0x00,0xff,0xff,0x00,0xff,0xff,0x00,0xff,0xff,0x00,0xff,0xff,
	0x00,0xff,0xff,0x00,0xff,0xff,0x00,0xff,0xff,0x00,0x00,0x00,0x00,0x00,0x00,0x00,
	0x00,0x00,0x00,0x00,0x00,0x00,0x00,0x00,0x00,0x00,0x00,0x00,0x00,0x00,0x00,0x00,
	0x00,0x00,0x00,0x00,0x00,0x00,0x00,0x00,0x00,0x00,0x00,0x00,0x00,0x00,0x00,0x00,
	0x00,0x00,0x00,0x00,0x00,0x00,0x00,0x00,0x00,0x00,0x00,0x00,0x00,0x00,0x00,0x00,
	0x00,0x00,0x00,0x00,0x00,0x00,0x00,0x00,0x00,0xff,0xff,0x00,0x00,0x00,0x00,0xff,
	0xff,0x00,0xff,0xff,0x00,0xff,0xff,0x00,0xff,0xff,0x00,0xff,0xff,0x00,0xff,0xff,
	0x00,0x00,0x00,0x00,0xff,0xff,0x00,0xff,0xff,0x00,0x00,0x00,0x00,0x00,0x00,0x00,
	0x00,0x00,0x00,0x00,0x00,0x00,0xff,0xff,0x00,0xff,0xff,0x00,0x00,0x00,0x00,0xff,
	0xff,0x00,0xff,0xff,0x00,0xff,0xff,0x00,0xff,0xff,0x00,0xff,0xff,0x00,0xff,0xff,
	0x00,0x00,0x00,0x00,0xff,0xff,0x00,0x00,0x00,0x00,0x00,0x00,0x00,0x00,0x00,0x00,
	0x00,0x00,0x00,0x00,0x00,0x00,0x00,0x00,0x00,0x00,0x00,0x00,0x00,0x00,0x00,0x00,
	0x00,0x00,0x00,0x00,0x00,0x00,0x00,0x00,0x00,0x00,0x00,0x00,0x00,0x00,0x00,0x00,
	0x00,0x00,0x00,0x00,0x00,0x00,0x00,0x00,0x00,0x00,0x00,0x00,0x00,0x00,0x00,0x00,
	0x00,0x00,0x00,0x00,0x00,0x00,0x00,0x00,0x00,0x00,0x00,0x00,0x00,0x00,0x00,0x00,
	0x00,0x00,0x00,0x00,0x00,0x00,0x00,0x00,0x00,0x00,0x00,0x00,0x00,0x00,0x00,0x00,
	0x00,0x00,0x00,0x00,0x00,0x00,0x00,0x00,0x00,0x00,0x00,0x00,0x00,0x00,0x00,0x00,
	0x00,0x00,0x00,0x00,0x00,0x00,0x00,0x00,0x00,0xff,0xff,0x00,0x00,0x00,0x00,0xff,
	0xff,0x00,0xff,0xff,0x00,0xff,0xff,0x00,0xff,0xff,0x00,0xff,0xff,0x00,0xff,0xff,
	0x00,0x00,0x00,0x00,0xff,0xff,0x00,0x00,0x00,0x00,0x00,0x00,0x00,0x00,0x00,0x00,
	0x00,0x00,0x00,0x00,0x00,0x00,0x00,0x00,0x00,0x00,0x00,0x00,0x00,0x00,0x00,0x00,
	0x00,0x00,0x00,0x00,0x00,0x00,0x00,0x00,0x00,0x00,0x00,0x00,0x00,0x00,0x00,0x00,
	0x00,0x00,0x00,0x00,0x00,0x00,0x00,0x00,0x00,0x00,0x00,0x00,0x00,0x00,0x00,0x00,
	0x00,0x00,0x00,0xff,0xff,0x00,0xff,0xff,0x00,0xff,0xff,0x00,0xff,0xff,0x00,0xff,
	0xff,0x00,0xff,0xff,0x00,0xff,0xff,0x00,0xff,0xff,0x00,0xff,0xff,0x00,0xff,0xff,
	0x00,0xff,0xff,0x00,0xff,0xff,0x00,0xff,0xff,0x00,0xff,0xff,0x00,0x00,0x00,0x00,
	0x00,0x00,0x00,0x00,0x00,0x00,0x00,0x00,0x00,0x00,0x00,0x00,0x00,0x00,0x00,0x00,
	0x00,0x00,0xff,0xff,0x00,0xff,0xff,0x00,0xff,0xff,0x00,0xff,0xff,0x00,0x00,0x00,
	0x00,0x00,0x00,0x00,0x00,0x00,0x00,0x00,0x00,0x00,0x00,0x00,0x00,0x00,0x00,0x00,
	0x00,0x00,0x00,0x00,0x00,0x00,0x00,0x00,0x00,0xff,0xff,0x00,0x00,0x00,0x00,0xff,
	0xff,0x00,0xff,0xff,0x00,0xff,0xff,0x00,0xff,0xff,0x00,0xff,0xff,0x00,0xff,0xff,
	0x00,0x00,0x00,0x00,0xff,0xff,0x00,0xff,0xff,0x00,0x00,0x00,0x00,0x00,0x00,0x00,
	0x00,0x00,0x00,0x00,0x00,0x00,0xff,0xff,0x00,0xff,0xff,0x00,0x00,0x00,0x00,0xff,
	0xff,0x00,0xff,0xff,0x00,0xff,0xff,0x00,0xff,0xff,0x00,0xff,0xff,0x00,0xff,0xff,
	0x00,0x00,0x00,0x00,0xff,0xff,0x00,0x00,0x00,0x00,0x00,0x00,0x00,0x00,0x00,0x00,
	0x00,0x00,0x00,0x00,0x00,0x00,0x00,0x00,0x00,0x00,0x00,0x00,0x00,0x00,0x00,0xff,
	0xff,0x00,0xff,0xff,0x00,0xff,0xff,0x00,0xff,0xff,0x00,0x00,0x00,0x00,0x00,0x00,
	0x00,0x00,0x00,0x00,0x00,0x00,0x00,0x00,0x00,0x00,0x00,0x00,0x00,0x00,0x00,0x00,
	0x00,0x00,0x00,0x00,0x00,0x00,0x00,0x00,0x00,0x00,0x00,0x00,0x00,0x00,0x00,0x00,
	0x00,0x00,0x00,0x00,0x00,0x00,0x00,0x00,0x00,0x00,0x00,0x00,0x00,0x00,0x00,0x00,
	0x00,0x00,0x00,0x00,0x00,0x00,0x00,0x00,0x00,0x00,0x00,0x00,0x00,0x00,0x00,0x00,
	0x00,0x00,0x00,0x00,0x00,0x00,0xff,0xff,0x00,0xff,0xff,0x00,0x00,0x00,0x00,0xff,
	0xff,0x00,0xff,0xff,0x00,0xff,0xff,0x00,0xff,0xff,0x00,0xff,0xff,0x00,0xff,0xff,
	0x00,0x00,0x00,0x00,0xff,0xff,0x00,0xff,0xff,0x00,0x00,0x00,0x00,0x00,0x00,0x00,
	0x00,0x00,0x00,0x00,0x00,0x00,0x00,0x00,0x00,0x00,0x00,0x00,0x00,0x00,0x00,0x00,
	0x00,0x00,0x00,0x00,0x00,0x00,0x00,0x00,0x00,0x00,0x00,0x00,0x00,0x00,0x00,0x00,
	0x00,0x00,0x00,0x00,0x00,0x00,0x00,0x00,0x00,0x00,0x00,0x00,0x00,0x00,0x00,0x00,
	0x00,0x00,0x00,0xff,0xff,0x00,0xff,0xff,0x00,0xff,0xff,0x00,0xff,0xff,0x00,0xff,
	0xff,0x00,0xff,0xff,0x00,0xff,0xff,0x00,0xff,0xff,0x00,0xff,0xff,0x00,0xff,0xff,
	0x00,0xff,0xff,0x00,0xff,0xff,0x00,0xff,0xff,0x00,0xff,0xff,0x00,0x00,0x00,0x00,
	0x00,0x00,0x00,0x00,0x00,0x00,0x00,0x00,0x00,0x00,0x00,0x00,0xff,0xff,0x00,0xff,
	0xff,0x00,0xff,0xff,0x00,0xff,0xff,0x00,0xff,0xff,0x00,0xff,0xff,0x00,0xff,0xff,
	0x00,0xff,0xff,0x00,0x00,0x00,0x00,0x00,0x00,0x00,0x00,0x00,0x00,0x00,0x00,0x00,
	0x00,0x00,0x00,0x00,0x00,0x00,0xff,0xff,0x00,0xff,0xff,0x00,0x00,0x00,0x00,0xff,
	0xff,0x00,0xff,0xff,0x00,0xff,0x00,0x00,0xff,0x00,0x00,0xff,0xff,0x00,0xff,0xff,
	0x00,0x00,0x00,0x00,0xff,0xff,0x00,0xff,0xff,0x00,0x00,0x00,0x00,0x00,0x00,0x00,
	0x00,0x00,0x00,0x00,0x00,0x00,0xff,0xff,0x00,0xff,0xff,0x00,0x00,0x00,0x00,0xff,
	0xff,0x00,0xff,0xff,0x00,0xff,0x00,0x00,0xff,0x00,0x00,0xff,0xff,0x00,0xff,0xff,
	0x00,0x00,0x00,0x00,0xff,0xff,0x00,0xff,0xff,0x00,0x00,0x00,0x00,0x00,0x00,0x00,
	0x00,0x00,0x00,0x00,0x00,0x00,0x00,0x00,0x00,0xff,0xff,0x00,0xff,0xff,0x00,0xff,
	0xff,0x00,0xff,0xff,0x00,0xff,0xff,0x00,0xff,0xff,0x00,0xff,0xff,0x00,0xff,0xff,
	0x00,0x00,0x00,0x00,0x00,0x00,0x00,0x00,0x00,0x00,0x00,0x00,0x00,0x00,0x00,0x00,
	0x00,0x00,0x00,0x00,0x00,0x00,0x00,0x00,0x00,0x00,0x00,0x00,0x00,0x00,0x00,0x00,
	0x00,0x00,0x00,0x00,0x00,0x00,0x00,0x00,0x00,0x00,0x00,0x00,0x00,0x00,0x00,0x00,
	0x00,0x00,0x00,0x00,0x00,0x00,0x00,0x00,0x00,0x00,0x00,0x00,0x00,0x00,0x00,0x00,
	0x00,0x00,0x00,0x00,0x00,0x00,0xff,0xff,0x00,0xff,0xff,0x00,0x00,0x00,0x00,0xff,
	0xff,0x00,0xff,0xff,0x00,0xff,0x00,0x00,0xff,0x00,0x00,0xff,0xff,0x00,0xff,0xff,
	0x00,0x00,0x00,0x00,0xff,0xff,0x00,0xff,0xff,0x00,0x00,0x00,0x00,0x00,0x00,0x00,
	0x00,0x00,0x00,0x00,0x00,0x00,0x00,0x00,0x00,0x00,0x00,0x00,0x00,0x00,0x00,0xff,
	0x00,0x00,0xff,0x00,0x00,0x00,0x00,0x00,0x00,0x00,0x00,0xff,0x00,0x00,0xff,0x00,
	0x00,0x00,0x00,0x00,0x00,0x00,0x00,0x00,0x00,0x00,0x00,0x00,0x00,0x00,0x00,0x00,
	0xff,0xff,0x00,0xff,0xff,0x00,0xff,0xff,0x00,0xff,0xff,0x00,0xff,0xff,0x00,0xff,
	0xff,0x00,0xff,0xff,0x00,0xff,0xff,0x00,0xff,0xff,0x00,0xff,0xff,0x00,0xff,0xff,
	0x00,0xff,0xff,0x00,0xff,0xff,0x00,0xff,0xff,0x00,0xff,0xff,0x00,0xff,0xff,0x00,
	0x00,0x00,0x00,0x00,0x00,0x00,0x00,0x00,0x00,0xff,0xff,0x00,0xff,0xff,0x00,0xff,
	0xff,0x00,0xff,0xff,0x00,0xff,0xff,0x00,0xff,0xff,0x00,0xff,0xff,0x00,0xff,0xff,
	0x00,0xff,0xff,0x00,0xff,0xff,0x00,0x00,0x00,0x00,0x00,0x00,0x00,0x00,0x00,0x00,
	0x00,0x00,0x00,0x00,0x00,0x00,0xff,0xff,0x00,0xff,0xff,0x00,0xff,0xff,0x00,0xff,
	0xff,0x00,0xff,0xff,0x00,0xff,0xff,0x00,0xff,0xff,0x00,0xff,0xff,0x00,0xff,0xff,
	0x00,0xff,0xff,0x00,0xff,0xff,0x00,0x00,0x00,0x00,0x00,0x00,0x00,0x00,0x00,0x00,
	0x00,0x00,0x00,0x00,0x00,0x00,0x00,0x00,0x00,0xff,0xff,0x00,0xff,0xff,0x00,0xff,
	0xff,0x00,0xff,0xff,0x00,0xff,0xff,0x00,0xff,0xff,0x00,0xff,0xff,0x00,0xff,0xff,
	0x00,0xff,0xff,0x00,0xff,0xff,0x00,0xff,0xff,0x00,0x00,0x00,0x00,0x00,0x00,0x00,
	0x00,0x00,0x00,0xff,0x00,0x00,0xff,0xff,0x00,0xff,0xff,0x00,0xff,0xff,0x00,0xff,
	0xff,0x00,0xff,0xff,0x00,0xff,0xff,0x00,0xff,0xff,0x00,0xff,0xff,0x00,0xff,0xff,
	0x00,0xff,0xff,0x00,0x00,0x00,0x00,0x00,0x00,0x00,0x00,0x00,0x00,0x00,0x00,0x00,
	0x00,0x00,0x00,0x00,0x00,0x00,0x00,0x00,0x00,0x00,0x00,0x00,0x00,0x00,0x00,0x00,
	0x00,0x00,0x00,0x00,0x00,0xff,0xff,0x00,0xff,0xff,0x00,0xff,0xff,0x00,0xff,0xff,
	0x00,0x00,0x00,0x00,0x00,0x00,0x00,0x00,0x00,0x00,0x00,0x00,0x00,0x00,0x00,0x00,
	0x00,0x00,0x00,0x00,0x00,0x00,0xff,0xff,0x00,0xff,0xff,0x00,0xff,0xff,0x00,0xff,
	0xff,0x00,0xff,0xff,0x00,0xff,0xff,0x00,0xff,0xff,0x00,0xff,0xff,0x00,0xff,0xff,
	0x00,0xff,0xff,0x00,0xff,0xff,0x00,0xff,0xff,0x00,0x00,0x00,0x00,0x00,0x00,0x00,
	0x00,0x00,0x00,0x00,0x00,0x00,0xff,0xff,0x00,0xff,0xff,0x00,0x00,0x00,0x00,0x00,
	0x00,0x00,0xff,0x00,0x00,0xff,0x00,0x00,0xff,0x00,0x00,0xff,0x00,0x00,0x00,0x00,
	0x00,0x00,0x00,0x00,0xff,0xff,0x00,0xff,0xff,0x00,0x00,0x00,0x00,0x00,0x00,0x00,
	0xff,0xff,0x00,0xff,0xff,0x00,0xff,0xff,0x00,0xff,0xff,0x00,0xff,0xff,0x00,0xff,
	0xff,0x00,0xff,0xff,0x00,0xff,0xff,0x00,0xff,0xff,0x00,0xff,0xff,0x00,0xff,0xff,
	0x00,0xff,0xff,0x00,0xff,0xff,0x00,0xff,0xff,0x00,0xff,0xff,0x00,0xff,0xff,0x00,
	0x00,0x00,0x00,0x00,0x00,0x00,0x00,0x00,0x00,0xff,0xff,0x00,0x00,0x00,0x00,0xff,
	0xff,0x00,0xff,0xff,0x00,0xff,0xff,0x00,0xff,0xff,0x00,0xff,0xff,0x00,0xff,0xff,
	0x00,0x00,0x00,0x00,0xff,0xff,0x00,0x00,0x00,0x00,0x00,0x00,0x00,0x00,0x00,0x00,
	0x00,0x00,0x00,0x00,0x00,0x00,0xff,0xff,0x00,0xff,0xff,0x00,0xff,0xff,0x00,0xff,
	0xff,0x00,0xff,0xff,0x00,0xff,0xff,0x00,0xff,0xff,0x00,0xff,0xff,0x00,0xff,0xff,
	0x00,0xff,0xff,0x00,0xff,0xff,0x00,0x00,0x00,0x00,0x00,0x00,0x00,0x00,0x00,0x00,
	0x00,0x00,0x00,0x00,0x00,0x00,0x00,0x00,0x00,0xff,0xff,0x00,0xff,0xff,0x00,0xff,
	0xff,0x00,0xff,0xff,0x00,0xff,0xff,0x00,0xff,0xff,0x00,0xff,0xff,0x00,0xff,0xff,
	0x00,0xff,0xff,0x00,0xff,0xff,0x00,0xff,0xff,0x00,0x00,0x00,0x00,0x00,0x00,0x00,
	0xff,0x00,0x00,0xff,0x00,0x00,0xff,0xff,0x00,0x00,0x00,0x00,0xff,0xff,0x00,0xff,
	0xff,0x00,0xff,0xff,0x00,0xff,0xff,0x00,0xff,0xff,0x00,0xff,0xff,0x00,0x00,0x00,
	0x00,0xff,0xff,0x00,0x00,0x00,0x00,0x00,0x00,0x00,0x00,0x00,0x00,0x00,0x00,0x00,
	0x00,0x00,0x00,0x00,0x00,0x00,0x00,0x00,0x00,0x00,0x00,0x00,0x00,0x00,0x00,0xff,
	0xff,0x00,0xff,0xff,0x00,0xff,0xff,0x00,0xff,0xff,0x00,0xff,0xff,0x00,0xff,0xff,
	0x00,0xff,0xff,0x00,0xff,0xff,0x00,0x00,0x00,0x00,0x00,0x00,0x00,0x00,0x00,0x00,
	0x00,0x00,0x00,0x00,0x00,0x00,0x00,0x00,0x00,0xff,0xff,0x00,0xff,0xff,0x00,0xff,
	0xff,0x00,0xff,0xff,0x00,0xff,0xff,0x00,0xff,0xff,0x00,0xff,0xff,0x00,0xff,0xff,
	0x00,0xff,0xff,0x00,0xff,0xff,0x00,0x00,0x00,0x00,0x00,0x00,0x00,0x00,0x00,0x00,
	0x00,0x00,0x00,0xff,0xff,0x00,0x00,0x00,0x00,0x00,0x00,0x00,0xff,0xff,0x00,0xff,
	0x00,0x00,0xff,0x00,0x00,0xff,0x00,0x00,0xff,0x00,0x00,0xff,0x00,0x00,0xff,0x00,
	0x00,0xff,0xff,0x00,0x00,0x00,0x00,0x00,0x00,0x00,0xff,0xff,0x00,0x00,0x00,0x00,
	0xff,0xff,0x00,0xff,0xff,0x00,0xff,0xff,0x00,0xff,0xff,0x00,0xff,0xff,0x00,0xff,
	0xff,0x00,0xff,0xff,0x00,0xff,0xff,0x00,0xff,0xff,0x00,0xff,0xff,0x00,0xff,0xff,
	0x00,0xff,0xff,0x00,0xff,0xff,0x00,0xff,0xff,0x00,0xff,0xff,0x00,0xff,0xff,0x00,
	0x00,0x00,0x00,0x00,0x00,0x00,0x00,0x00,0x00,0xff,0xff,0x00,0x00,0x00,0x00,0xff,
	0xff,0x00,0xff,0xff,0x00,0xff,0xff,0x00,0xff,0xff,0x00,0xff,0xff,0x00,0xff,0xff,
	0x00,0x00,0x00,0x00,0xff,0xff,0x00,0x00,0x00,0x00,0x00,0x00,0x00,0x00,0x00,0x00,
	0x00,0x00,0x00,0x00,0x00,0x00,0x00,0x00,0x00,0xff,0xff,0x00,0xff,0xff,0x00,0xff,
	0xff,0x00,0xff,0xff,0x00,0xff,0xff,0x00,0xff,0xff,0x00,0xff,0xff,0x00,0xff,0xff,
	0x00,0xff,0xff,0x00,0xff,0xff,0x00,0x00,0x00,0x00,0x00,0x00,0x00,0x00,0x00,0x00,
	0x00,0x00,0x00,0x00,0x00,0x00,0x00,0x00,0x00,0xff,0xff,0x00,0xff,0xff,0x00,0xff,
	0xff,0x00,0xff,0xff,0x00,0xff,0xff,0x00,0xff,0xff,0x00,0xff,0xff,0x00,0xff,0xff,
	0x00,0xff,0xff,0x00,0xff,0xff,0x00,0x00,0x00,0x00,0x00,0x00,0x00,0x00,0x00,0x00,
	0xff,0x00,0x00,0xff,0xff,0x00,0xff,0xff,0x00,0x00,0x00,0x00,0xff,0xff,0x00,0xff,
	0xff,0x00,0xff,0xff,0x00,0xff,0xff,0x00,0xff,0xff,0x00,0xff,0xff,0x00,0x00,0x00,
	0x00,0xff,0xff,0x00,0x00,0x00,0x00,0x00,0x00,0x00,0x00,0x00,0x00,0x00,0x00,0x00,
	0x00,0x00,0x00,0x00,0x00,0x00,0x00,0x00,0x00,0x00,0x00,0x00,0xff,0xff,0x00,0xff,
	0xff,0x00,0xff,0xff,0x00,0xff,0xff,0x00,0xff,0xff,0x00,0xff,0xff,0x00,0xff,0xff,
	0x00,0xff,0xff,0x00,0xff,0xff,0x00,0xff,0xff,0x00,0x00,0x00,0x00,0x00,0x00,0x00,
	0x00,0x00,0x00,0x00,0x00,0x00,0xff,0xff,0x00,0xff,0xff,0x00,0xff,0xff,0x00,0xff,
	0xff,0x00,0xff,0xff,0x00,0xff,0xff,0x00,0xff,0xff,0x00,0xff,0xff,0x00,0xff,0xff,
	0x00,0xff,0xff,0x00,0xff,0xff,0x00,0xff,0xff,0x00,0x00,0x00,0x00,0x00,0x00,0x00,
	0x00,0x00,0x00,0xff,0xff,0x00,0x00,0x00,0x00,0x00,0x00,0x00,0xff,0xff,0x00,0xff,
	0x00,0x00,0xff,0x00,0x00,0xff,0x00,0x00,0xff,0x00,0x00,0xff,0x00,0x00,0xff,0x00,
	0x00,0xff,0xff,0x00,0x00,0x00,0x00,0x00,0x00,0x00,0xff,0xff,0x00,0x00,0x00,0x00,
	0xff,0xff,0x00,0xff,0xff,0x00,0xff,0xff,0x00,0xff,0xff,0x00,0xff,0xff,0x00,0xff,
	0xff,0x00,0xff,0xff,0x00,0xff,0xff,0x00,0xff,0xff,0x00,0xff,0xff,0x00,0xff,0xff,
	0x00,0xff,0xff,0x00,0xff,0xff,0x00,0xff,0xff,0x00,0xff,0xff,0x00,0xff,0xff,0x00,
	0x00,0x00,0x00,0x00,0x00,0x00,0xff,0xff,0x00,0xff,0xff,0x00,0x00,0x00,0x00,0xff,
	0xff,0x00,0xff,0xff,0x00,0xff,0x00,0x00,0xff,0x00,0x00,0xff,0xff,0x00,0xff,0xff,
	0x00,0x00,0x00,0x00,0xff,0xff,0x00,0xff,0xff,0x00,0x00,0x00,0x00,0x00,0x00,0x00,
	0x00,0x00,0x00,0x00,0x00,0x00,0x00,0x00,0x00,0xff,0xff,0x00,0xff,0xff,0x00,0xff,
	0xff,0x00,0xff,0xff,0x00,0xff,0xff,0x00,0xff,0xff,0x00,0xff,0xff,0x00,0xff,0xff,
	0x00,0xff,0xff,0x00,0xff,0xff,0x00,0x00,0x00,0x00,0x00,0x00,0x00,0x00,0x00,0x00,
	0x00,0x00,0x00,0x00,0x00,0x00,0x00,0x00,0x00,0xff,0xff,0x00,0xff,0xff,0x00,0xff,
	0xff,0x00,0xff,0xff,0x00,0xff,0xff,0x00,0xff,0xff,0x00,0xff,0xff,0x00,0xff,0xff,
	0x00,0xff,0xff,0x00,0xff,0xff,0x00,0x00,0x00,0x00,0x00,0x00,0x00,0x00,0x00,0x00,
	0x00,0x00,0x00,0xff,0xff,0x00,0xff,0xff,0x00,0x00,0x00,0x00,0xff,0xff,0x00,0xff,
	0xff,0x00,0xff,0x00,0x00,0xff,0x00,0x00,0xff,0xff,0x00,0xff,0xff,0x00,0x00,0x00,
	0x00,0xff,0xff,0x00,0x00,0x00,0x00,0x00,0x00,0x00,0x00,0x00,0x00,0x00,0x00,0x00,
	0x00,0x00,0x00,0x00,0x00,0x00,0x00,0x00,0x00,0x00,0x00,0x00,0xff,0xff,0x00,0x00,
	0x00,0x00,0xff,0xff,0x00,0xff,0xff,0x00,0xff,0xff,0x00,0xff,0xff,0x00,0xff,0xff,
	0x00,0xff,0xff,0x00,0x00,0x00,0x00,0xff,0xff,0x00,0xff,0xff,0x00,0x00,0x00,0x00,
	0x00,0x00,0x00,0x00,0x00,0x00,0xff,0xff,0x00,0xff,0xff,0x00,0xff,0xff,0x00,0xff,
	0xff,0x00,0xff,0xff,0x00,0xff,0xff,0x00,0xff,0xff,0x00,0xff,0xff,0x00,0xff,0xff,
	0x00,0xff,0xff,0x00,0xff,0xff,0x00,0xff,0xff,0x00,0x00,0x00,0x00,0x00,0x00,0x00,
	0x00,0x00,0x00,0x00,0x00,0x00,0xff,0xff,0x00,0xff,0xff,0x00,0xff,0x00,0x00,0xff,
	0x00,0x00,0xff,0x00,0x00,0x00,0x00,0x00,0x00,0x00,0x00,0xff,0x00,0x00,0xff,0x00,
	0x00,0xff,0x00,0x00,0xff,0xff,0x00,0xff,0xff,0x00,0x00,0x00,0x00,0x00,0x00,0x00,
	0xff,0xff,0x00,0xff,0xff,0x00,0xff,0xff,0x00,0xff,0xff,0x00,0xff,0xff,0x00,0xff,
	0xff,0x00,0xff,0xff,0x00,0xff,0xff,0x00,0xff,0xff,0x00,0xff,0xff,0x00,0xff,0xff,
	0x00,0xff,0xff,0x00,0xff,0xff,0x00,0xff,0xff,0x00,0xff,0xff,0x00,0xff,0xff,0x00,
	0x00,0x00,0x00,0x00,0x00,0x00,0xff,0xff,0x00,0xff,0xff,0x00,0xff,0xff,0x00,0xff,
	0xff,0x00,0xff,0xff,0x00,0xff,0xff,0x00,0xff,0xff,0x00,0xff,0xff,0x00,0xff,0xff,
	0x00,0xff,0xff,0x00,0xff,0xff,0x00,0xff,0xff,0x00,0x00,0x00,0x00,0x00,0x00,0x00,
	0x00,0x00,0x00,0x00,0x00,0x00,0x00,0x00,0x00,0x00,0x00,0x00,0xff,0xff,0x00,0xff,
	0xff,0x00,0xff,0xff,0x00,0xff,0xff,0x00,0xff,0xff,0x00,0xff,0xff,0x00,0xff,0xff,
	0x00,0xff,0xff,0x00,0x00,0x00,0x00,0x00,0x00,0x00,0x00,0x00,0x00,0x00,0x00,0x00,
	0x00,0x00,0x00,0x00,0x00,0x00,0x00,0x00,0x00,0x00,0x00,0x00,0xff,0xff,0x00,0xff,
	0xff,0x00,0xff,0xff,0x00,0xff,0xff,0x00,0xff,0xff,0x00,0xff,0xff,0x00,0xff,0xff,
	0x00,0xff,0xff,0x00,0x00,0x00,0x00,0x00,0x00,0x00,0x00,0x00,0x00,0x00,0x00,0x00,
	0x00,0x00,0x00,0xff,0xff,0x00,0xff,0xff,0x00,0xff,0xff,0x00,0xff,0xff,0x00,0xff,
	0xff,0x00,0xff,0xff,0x00,0xff,0xff,0x00,0xff,0xff,0x00,0xff,0xff,0x00,0xff,0xff,
	0x00,0xff,0xff,0x00,0xff,0xff,0x00,0x00,0x00,0x00,0x00,0x00,0x00,0x00,0x00,0x00,
	0x00,0x00,0x00,0x00,0x00,0x00,0x00,0x00,0x00,0x00,0x00,0x00,0xff,0xff,0x00,0x00,
	0x00,0x00,0xff,0xff,0x00,0xff,0xff,0x00,0xff,0xff,0x00,0xff,0xff,0x00,0xff,0xff,
	0x00,0xff,0xff,0x00,0x00,0x00,0x00,0xff,0xff,0x00,0xff,0xff,0x00,0x00,0x00,0x00,
	0x00,0x00,0x00,0x00,0x00,0x00,0xff,0xff,0x00,0xff,0xff,0x00,0xff,0xff,0x00,0xff,
	0xff,0x00,0xff,0xff,0x00,0xff,0xff,0x00,0xff,0xff,0x00,0xff,0xff,0x00,0xff,0xff,
	0x00,0xff,0xff,0x00,0xff,0xff,0x00,0xff,0xff,0x00,0x00,0x00,0x00,0x00,0x00,0x00,
	0x00,0x00,0x00,0x00,0x00,0x00,0xff,0x00,0x00,0xff,0x00,0x00,0xff,0x00,0x00,0xff,
	0x00,0x00,0xff,0x00,0x00,0xff,0x00,0x00,0xff,0x00,0x00,0xff,0x00,0x00,0xff,0x00,
	0x00,0xff,0x00,0x00,0xff,0x00,0x00,0xff,0x00,0x00,0x00,0x00,0x00,0x00,0x00,0x00,
	0xff,0xff,0x00,0xff,0xff,0x00,0xff,0xff,0x00,0xff,0xff,0x00,0xff,0xff,0x00,0xff,
	0xff,0x00,0xff,0xff,0x00,0xff,0xff,0x00,0xff,0xff,0x00,0xff,0xff,0x00,0xff,0xff,
	0x00,0xff,0xff,0x00,0xff,0xff,0x00,0xff,0xff,0x00,0xff,0xff,0x00,0xff,0xff,0x00,
	0x00,0x00,0x00,0x00,0x00,0x00,0xff,0xff,0x00,0xff,0xff,0x00,0xff,0xff,0x00,0xff,
	0xff,0x00,0xff,0xff,0x00,0xff,0xff,0x00,0xff,0xff,0x00,0xff,0xff,0x00,0xff,0xff,
	0x00,0xff,0xff,0x00,0xff,0xff,0x00,0xff,0xff,0x00,0x00,0x00,0x00,0x00,0x00,0x00,
	0x00,0x00,0x00,0x00,0x00,0x00,0x00,0x00,0x00,0x00,0x00,0x00,0x00,0x00,0x00,0x00,
	0x00,0x00,0x00,0x00,0x00,0xff,0xff,0x00,0xff,0xff,0x00,0xff,0xff,0x00,0xff,0xff,
	0x00,0xff,0xff,0x00,0x00,0x00,0x00,0x00,0x00,0x00,0x00,0x00,0x00,0x00,0x00,0x00,
	0x00,0x00,0x00,0x00,0x00,0x00,0x00,0x00,0x00,0x00,0x00,0x00,0xff,0xff,0x00,0xff,
	0xff,0x00,0xff,0xff,0x00,0xff,0xff,0x00,0xff,0xff,0x00,0x00,0x00,0x00,0x00,0x00,
	0x00,0x00,0x00,0x00,0x00,0x00,0x00,0x00,0x00,0x00,0x00,0x00,0x00,0x00,0x00,0x00,
	0x00,0x00,0x00,0x00,0x00,0x00,0xff,0xff,0x00,0xff,0xff,0x00,0xff,0xff,0x00,0xff,
	0xff,0x00,0xff,0xff,0x00,0xff,0xff,0x00,0xff,0xff,0x00,0xff,0xff,0x00,0xff,0xff,
	0x00,0xff,0xff,0x00,0xff,0xff,0x00,0x00,0x00,0x00,0x00,0x00,0x00,0x00,0x00,0x00,
	0x00,0x00,0x00,0x00,0x00,0x00,0x00,0x00,0x00,0xff,0xff,0x00,0xff,0xff,0x00,0x00,
	0x00,0x00,0xff,0xff,0x00,0xff,0xff,0x00,0xff,0x00,0x00,0xff,0x00,0x00,0xff,0xff,
	0x00,0xff,0xff,0x00,0x00,0x00,0x00,0xff,0xff,0x00,0xff,0xff,0x00,0x00,0x00,0x00,
	0x00,0x00,0x00,0x00,0x00,0x00,0x00,0x00,0x00,0x00,0x00,0x00,0x00,0x00,0x00,0x00,
	0x00,0x00,0x00,0x00,0x00,0x00,0x00,0x00,0x00,0x00,0x00,0x00,0x00,0x00,0x00,0x00,
	0x00,0x00,0x00,0x00,0x00,0x00,0x00,0x00,0x00,0x00,0x00,0x00,0x00,0x00,0x00,0x00,
	0x00,0x00,0x00,0x00,0x00,0xff,0x00,0x00,0xff,0x00,0x00,0xff,0x00,0x00,0xff,0xff,
	0x00,0x00,0xff,0x00,0x00,0xff,0x00,0x00,0xff,0x00,0x00,0xff,0x00,0x00,0xff,0x00,
	0x00,0xff,0x00,0x00,0xff,0x00,0x00,0xff,0x00,0x00,0xff,0x00,0x00,0x00,0x00,0x00,
	0x00,0x00,0x00,0xff,0xff,0x00,0xff,0xff,0x00,0xff,0xff,0x00,0xff,0xff,0x00,0xff,
	0xff,0x00,0xff,0xff,0x00,0xff,0xff,0x00,0xff,0xff,0x00,0xff,0xff,0x00,0xff,0xff,
	0x00,0xff,0xff,0x00,0xff,0xff,0x00,0xff,0xff,0x00,0xff,0xff,0x00,0x00,0x00,0x00,
	0x00,0x00,0x00,0x00,0x00,0x00,0x00,0x00,0x00,0xff,0xff,0x00,0xff,0xff,0x00,0xff,
	0xff,0x00,0xff,0xff,0x00,0xff,0xff,0x00,0xff,0xff,0x00,0xff,0xff,0x00,0xff,0xff,
	0x00,0xff,0xff,0x00,0xff,0xff,0x00,0x00,0x00,0x00,0x00,0x00,0x00,0x00,0x00,0x00,
	0x00,0x00,0x00,0x00,0x00,0x00,0x00,0x00,0x00,0x00,0x00,0x00,0x00,0x00,0x00,0x00,
	0x00,0x00,0x00,0x00,0x00,0x00,0x00,0x00,0xff,0xff,0x00,0xff,0xff,0x00,0xff,0xff,
	0x00,0x00,0x00,0x00,0x00,0x00,0x00,0x00,0x00,0x00,0x00,0x00,0x00,0x00,0x00,0x00,
	0x00,0x00,0x00,0x00,0x00,0x00,0x00,0x00,0x00,0x00,0x00,0x00,0x00,0x00,0x00,0xff,
	0xff,0x00,0xff,0xff,0x00,0xff,0xff,0x00,0x00,0x00,0x00,0x00,0x00,0x00,0x00,0x00,
	0x00,0x00,0x00,0x00,0x00,0x00,0x00,0x00,0x00,0x00,0x00,0x00,0x00,0x00,0x00,0x00,
	0x00,0x00,0x00,0x00,0x00,0x00,0xff,0xff,0x00,0xff,0xff,0x00,0xff,0xff,0x00,0xff,
	0xff,0x00,0xff,0xff,0x00,0x00,0x00,0x00,0xff,0xff,0x00,0xff,0xff,0x00,0xff,0xff,
	0x00,0xff,0xff,0x00,0xff,0xff,0x00,0x00,0x00,0x00,0x00,0x00,0x00,0x00,0x00,0x00,
	0x00,0x00,0x00,0x00,0x00,0x00,0x00,0x00,0x00,0xff,0xff,0x00,0xff,0xff,0x00,0xff,
	0xff,0x00,0xff,0xff,0x00,0xff,0xff,0x00,0xff,0xff,0x00,0xff,0xff,0x00,0xff,0xff,
	0x00,0xff,0xff,0x00,0xff,0xff,0x00,0xff,0xff,0x00,0x00,0x00,0x00,0x00,0x00,0x00,
	0x00,0x00,0x00,0x00,0x00,0x00,0x00,0x00,0x00,0x00,0x00,0x00,0x00,0x00,0x00,0x00,
	0x00,0x00,0x00,0x00,0x00,0x00,0x00,0x00,0x00,0x00,0x00,0x00,0x00,0x00,0x00,0x00,
	0x00,0x00,0x00,0x00,0x00,0x00,0x00,0x00,0x00,0x00,0x00,0x00,0x00,0x00,0x00,0x00,
	0x00,0x00,0xff,0x00,0x00,0xff,0x00,0x00,0xff,0x00,0x00,0xff,0x00,0x00,0xff,0xff,
	0x00,0x00,0xff,0x00,0x00,0xff,0x00,0x00,0xff,0x00,0x00,0xff,0x00,0x00,0xff,0x00,
	0x00,0xff,0x00,0x00,0xff,0x00,0x00,0xff,0x00,0x00,0xff,0x00,0x00,0x00,0x00,0x00,
	0x00,0x00,0x00,0xff,0xff,0x00,0xff,0xff,0x00,0xff,0xff,0x00,0xff,0xff,0x00,0xff,
	0xff,0x00,0xff,0xff,0x00,0xff,0xff,0x00,0xff,0xff,0x00,0xff,0xff,0x00,0xff,0xff,
	0x00,0xff,0xff,0x00,0xff,0xff,0x00,0xff,0xff,0x00,0xff,0xff,0x00,0x00,0x00,0x00,
	0x00,0x00,0x00,0x00,0x00,0x00,0x00,0x00,0x00,0xff,0xff,0x00,0xff,0xff,0x00,0xff,
	0xff,0x00,0xff,0xff,0x00,0xff,0xff,0x00,0xff,0xff,0x00,0xff,0xff,0x00,0xff,0xff,
	0x00,0xff,0xff,0x00,0xff,0xff,0x00,0x00,0x00,0x00,0x00,0x00,0x00,0x00,0x00,0x00,
	0x00,0x00,0x00,0x00,0x00,0x00,0x00,0x00,0x00,0x00,0x00,0x00,0x00,0x00,0x00,0x00,
	0x00,0x00,0x00,0x00,0x00,0x00,0x00,0x00,0x00,0x00,0x00,0x00,0x00,0x00,0x00,0x00,
	0x00,0x00,0x00,0x00,0x00,0x00,0x00,0x00,0x00,0x00,0x00,0x00,0x00,0x00,0x00,0x00,
	0x00,0x00,0x00,0x00,0x00,0x00,0x00,0x00,0x00,0x00,0x00,0x00,0x00,0x00,0x00,0x00,
	0x00,0x00,0x00,0x00,0x00,0x00,0x00,0x00,0x00,0x00,0x00,0x00,0x00,0x00,0x00,0x00,
	0x00,0x00,0x00,0x00,0x00,0x00,0x00,0x00,0x00,0x00,0x00,0x00,0x00,0x00,0x00,0x00,
	0x00,0x00,0x00,0x00,0x00,0x00,0xff,0xff,0x00,0xff,0xff,0x00,0xff,0xff,0x00,0xff,
	0xff,0x00,0x00,0x00,0x00,0xff,0xff,0x00,0xff,0xff,0x00,0xff,0xff,0x00,0xff,0xff,
	0x00,0xff,0xff,0x00,0x00,0x00,0x00,0x00,0x00,0x00,0x00,0x00,0x00,0x00,0x00,0x00,
	0x00,0x00,0x00,0x00,0x00,0x00,0x00,0x00,0x00,0xff,0xff,0x00,0xff,0xff,0x00,0xff,
	0xff,0x00,0xff,0xff,0x00,0xff,0xff,0x00,0xff,0xff,0x00,0xff,0xff,0x00,0xff,0xff,
	0x00,0xff,0xff,0x00,0xff,0xff,0x00,0xff,0xff,0x00,0x00,0x00,0x00,0x00,0x00,0x00,
	0x00,0x00,0x00,0x00,0x00,0x00,0x00,0x00,0x00,0x00,0x00,0x00,0x00,0x00,0x00,0x00,
	0x00,0x00,0x00,0x00,0x00,0x00,0x00,0x00,0x00,0x00,0x00,0x00,0x00,0x00,0x00,0x00,
	0x00,0x00,0x00,0x00,0x00,0x00,0x00,0x00,0x00,0x00,0x00,0x00,0x00,0x00,0x00,0x00,
	0x00,0x00,0xff,0x00,0x00,0xff,0x00,0x00,0xff,0xff,0x00,0x00,0xff,0x00,0x00,0xff,
	0x00,0x00,0x00,0x00,0x00,0x00,0x00,0x00,0x00,0x00,0x00,0x00,0x00,0x00,0xff,0x00,
	0x00,0x00,0x00,0xff,0x00,0x00,0xff,0x00,0x00,0xff,0x00,0x00,0xff,0x00,0x00,0x00,
	0x00,0x00,0x00,0xff,0x00,0x00,0xff,0xff,0x00,0xff,0xff,0x00,0xff,0xff,0x00,0xff,
	0xff,0x00,0xff,0xff,0x00,0xff,0xff,0x00,0xff,0xff,0x00,0xff,0xff,0x00,0xff,0xff,
	0x00,0xff,0xff,0x00,0xff,0xff,0x00,0xff,0xff,0x00,0xff,0x00,0x00,0x00,0x00,0x00,
	0x00,0x00,0x00,0x00,0x00,0x00,0x00,0x00,0x00,0xff,0xff,0x00,0xff,0xff,0x00,0xff,
	0xff,0x00,0xff,0xff,0x00,0xff,0xff,0x00,0xff,0xff,0x00,0xff,0xff,0x00,0xff,0xff,
	0x00,0xff,0xff,0x00,0xff,0xff,0x00,0x00,0x00,0x00,0x00,0x00,0x00,0x00,0x00,0x00,
	0x00,0x00,0x00,0x00,0x00,0x00,0x00,0x00,0x00,0x00,0x00,0x00,0x00,0x00,0x00,0x00,
	0x00,0x00,0x00,0x00,0x00,0x00,0x00,0x00,0x00,0x00,0x00,0x00,0x00,0x00,0x00,0x00,
	0x00,0x00,0x00,0x00,0x00,0x00,0x00,0x00,0x00,0x00,0x00,0x00,0x00,0x00,0x00,0x00,
	0x00,0x00,0x00,0x00,0x00,0x00,0x00,0x00,0x00,0x00,0x00,0x00,0x00,0x00,0x00,0x00,
	0x00,0x00,0x00,0x00,0x00,0x00,0x00,0x00,0x00,0x00,0x00,0x00,0x00,0x00,0x00,0x00,
	0x00,0x00,0x00,0x00,0x00,0x00,0x00,0x00,0x00,0x00,0x00,0x00,0x00,0x00,0x00,0x00,
	0x00,0x00,0x00,0x00,0x00,0x00,0x00,0x00,0x00,0xff,0xff,0x00,0xff,0xff,0x00,0xff,
	0xff,0x00,0x00,0x00,0x00,0xff,0xff,0x00,0xff,0xff,0x00,0xff,0xff,0x00,0xff,0xff,
	0x00,0x00,0x00,0x00,0x00,0x00,0x00,0x00,0x00,0x00,0x00,0x00,0x00,0x00,0x00,0x00,
	0x00,0x00,0x00,0x00,0x00,0x00,0x00,0x00,0x00,0x00,0x00,0x00,0xff,0xff,0x00,0xff,
	0xff,0x00,0xff,0xff,0x00,0x00,0x00,0x00,0xff,0xff,0x00,0xff,0xff,0x00,0xff,0xff,
	0x00,0xff,0xff,0x00,0xff,0xff,0x00,0xff,0xff,0x00,0x00,0x00,0x00,0x00,0x00,0x00,
	0x00,0x00,0x00,0x00,0x00,0x00,0x00,0x00,0x00,0x00,0x00,0x00,0x00,0x00,0x00,0x00,
	0x00,0x00,0x00,0x00,0x00,0x00,0x00,0x00,0x00,0x00,0x00,0x00,0x00,0x00,0x00,0x00,
	0x00,0x00,0x00,0x00,0x00,0x00,0x00,0x00,0x00,0x00,0x00,0x00,0x00,0x00,0x00,0x00,
	0x00,0x00,0x00,0x00,0x00,0xff,0x00,0x00,0xff,0xff,0x00,0x00,0xff,0x00,0x00,0x00,
	0x00,0x00,0x00,0x00,0x00,0x00,0x00,0x00,0x00,0x00,0x00,0x00,0x00,0x00,0x00,0x00,
	0x00,0x00,0x00,0xff,0x00,0x00,0xff,0x00,0x00,0xff,0x00,0x00,0xff,0x00,0x00,0xff,
	0x00,0x00,0x00,0xff,0x00,0x00,0xff,0x00,0x00,0xff,0xff,0x00,0xff,0xff,0x00,0xff,
	0xff,0x00,0xff,0xff,0x00,0xff,0xff,0x00,0xff,0xff,0x00,0xff,0xff,0x00,0xff,0xff,
	0x00,0xff,0xff,0x00,0xff,0xff,0x00,0xff,0x00,0x00,0xff,0x00,0x00,0x00,0x00,0x00,
	0x00,0x00,0x00,0x00,0x00,0x00,0x00,0x00,0x00,0xff,0xff,0x00,0xff,0xff,0x00,0xff,
	0xff,0x00,0xff,0xff,0x00,0x00,0x00,0x00,0x00,0x00,0x00,0xff,0xff,0x00,0xff,0xff,
	0x00,0xff,0xff,0x00,0xff,0xff,0x00,0x00,0x00,0x00,0x00,0x00,0x00,0x00,0x00,0x00,
	0x00,0x00,0x00,0x00,0x00,0x00,0x00,0x00,0x00,0x00,0x00,0x00,0x00,0x00,0x00,0x00,
	0x00,0x00,0x00,0x00,0x00,0x00,0x00,0x00,0x00,0x00,0x00,0x00,0x00,0x00,0x00,0x00,
	0x00,0x00,0x00,0x00,0x00,0x00,0x00,0x00,0x00,0x00,0x00,0x00,0x00,0x00,0x00,0x00,
	0x00,0x00,0x00,0x00,0x00,0x00,0x00,0x00,0x00,0x00,0x00,0x00,0x00,0x00,0x00,0x00,
	0x00,0x00,0x00,0x00,0x00,0x00,0x00,0x00,0x00,0x00,0x00,0x00,0x00,0x00,0x00,0x00,
	0x00,0x00,0x00,0x00,0x00,0x00,0x00,0x00,0x00,0x00,0x00,0x00,0x00,0x00,0x00,0x00,
	0x00,0x00,0x00,0x00,0x00,0x00,0x00,0x00,0x00,0xff,0xff,0x00,0xff,0xff,0x00,0xff,
	0xff,0x00,0xff,0xff,0x00,0x00,0x00,0x00,0x00,0x00,0x00,0x00,0x00,0x00,0x00,0x00,
	0x00,0x00,0x00,0x00,0x00,0x00,0x00,0x00,0x00,0x00,0x00,0x00,0x00,0x00,0x00,0x00,
	0x00,0x00,0x00,0x00,0x00,0x00,0x00,0x00,0x00,0x00,0x00,0x00,0x00,0x00,0x00,0x00,
	0x00,0x00,0x00,0x00,0x00,0x00,0x00,0x00,0x00,0x00,0x00,0xff,0xff,0x00,0xff,0xff,
	0x00,0xff,0xff,0x00,0xff,0xff,0x00,0x00,0x00,0x00,0x00,0x00,0x00,0x00,0x00,0x00,
	0x00,0x00,0x00,0x00,0x00,0x00,0x00,0x00,0x00,0x00,0x00,0x00,0x00,0x00,0x00,0x00,
	0x00,0x00,0x00,0x00,0x00,0x00,0x00,0x00,0x00,0x00,0x00,0x00,0x00,0x00,0x00,0x00,
	0x00,0x00,0x00,0x00,0x00,0x00,0x00,0x00,0x00,0x00,0x00,0x00,0x00,0x00,0x00,0x00,
	0x00,0x00,0x00,0x00,0x00,0x00,0x00,0x00,0x00,0x00,0x00,0x00,0x00,0x00,0x00,0x00,
	0x00,0x00,0x00,0x00,0x00,0x00,0x00,0x00,0x00,0x00,0x00,0x00,0x00,0x00,0x00,0x00,
	0x00,0x00,0x00,0x00,0x00,0x00,0x00,0x00,0x00,0xff,0x00,0x00,0xff,0x00,0x00,0xff,
	0x00,0x00,0x00,0x00,0x00,0x00,0xff,0x00,0x00,0xff,0x00,0x00,0xff,0x00,0x00,0xff,
	0xff,0x00,0xff,0xff,0x00,0xff,0xff,0x00,0xff,0xff,0x00,0xff,0xff,0x00,0xff,0xff,
	0x00,0xff,0x00,0x00,0xff,0x00,0x00,0xff,0x00,0x00,0x00,0x00,0x00,0x00,0x00,0x00,
	0x00,0x00,0x00,0x00,0x00,0x00,0x00,0x00,0x00,0x00,0x00,0x00,0x00,0x00,0x00,0x00,
	0x00,0x00,0x00,0x00,0x00,0x00,0x00,0x00,0x00,0x00,0x00,0x00,0x00,0x00,0x00,0x00,
	0x00,0x00,0x00,0x00,0x00,0x00,0x00,0x00,0x00,0x00,0x00,0x00,0x00,0x00,0x00,0x00,
	0x00,0x00,0x00,0x00,0x00,0x00,0x00,0x00,0x00,0x00,0x00,0x00,0x00,0x00,0x00,0x00,
	0x00,0x00,0xff,0xff,0x00,0xff,0xff,0x00,0xff,0xff,0x00,0xff,0xff,0x00,0x00,0x00,
	0x00,0x00,0x00,0x00,0x00,0x00,0x00,0x00,0x00,0x00,0x00,0x00,0x00,0x00,0x00,0x00,
	0x00,0x00,0x00,0x00,0x00,0x00,0x00,0x00,0x00,0x00,0x00,0x00,0x00,0x00,0x00,0x00,
	0x00,0x00,0xff,0xff,0x00,0xff,0xff,0x00,0xff,0xff,0x00,0xff,0xff,0x00,0x00,0x00,
	0x00,0x00,0x00,0x00,0x00,0x00,0x00,0x00,0x00,0x00,0x00,0x00,0x00,0x00,0x00,0x00,
	0x00,0x00,0x00,0x00,0x00,0x00,0x00,0x00,0x00,0x00,0x00,0x00,0x00,0x00,0x00,0x00,
	0x00,0x00,0x00,0x00,0x00,0x00,0x00,0x00,0x00,0x00,0x00,0x00,0x00,0x00,0x00,0x00,
	0x00,0x00,0x00,0x00,0x00,0x00,0x00,0x00,0x00,0x00,0x00,0x00,0x00,0x00,0x00,0x00,
	0x00,0x00,0x00,0x00,0x00,0x00,0x00,0x00,0x00,0x00,0x00,0x00,0x00,0x00,0x00,0x00,
	0x00,0x00,0x00,0x00,0x00,0x00,0x00,0x00,0x00,0x00,0x00,0x00,0x00,0x00,0x00,0x00,
	0x00,0x00,0x00,0x00,0x00,0x00,0x00,0x00,0x00,0x00,0x00,0x00,0x00,0x00,0x00,0x00,
	0x00,0x00,0x00,0x00,0x00,0x00,0x00,0x00,0x00,0x00,0x00,0x00,0x00,0x00,0x00,0x00,
	0x00,0x00,0x00,0x00,0x00,0x00,0x00,0x00,0x00,0x00,0x00,0x00,0x00,0x00,0x00,0x00,
	0x00,0x00,0x00,0x00,0x00,0x00,0x00,0x00,0x00,0x00,0x00,0x00,0x00,0x00,0x00,0x00,
	0x00,0x00,0x00,0x00,0x00,0x00,0x00,0x00,0x00,0x00,0x00,0x00,0x00,0x00,0x00,0x00,
	0x00,0x00,0x00,0x00,0x00,0x00,0x00,0x00,0x00,0x00,0x00,0x00,0x00,0x00,0x00,0x00,
	0x00,0x00,0x00,0x00,0x00,0x00,0x00,0x00,0x00,0x00,0x00,0x00,0x00,0x00,0x00,0x00,
	0x00,0x00,0x00,0x00,0x00,0x00,0x00,0x00,0x00,0xff,0xff,0x00,0xff,0xff,0x00,0x00,
	0x00,0x00,0x00,0x00,0x00,0x00,0x00,0x00,0x00,0x00,0x00,0xff,0xff,0x00,0xff,0xff,
	0x00,0xff,0xff,0x00,0x00,0x00,0x00,0x00,0x00,0x00,0x00,0x00,0x00,0x00,0x00,0x00,
	0x00,0x00,0x00,0x00,0x00,0x00,0x00,0x00,0x00,0x00,0x00,0x00,0x00,0x00,0x00,0x00,
	0x00,0x00,0x00,0x00,0x00,0x00,0x00,0x00,0x00,0x00,0x00,0x00,0x00,0x00,0x00,0x00,
	0x00,0x00,0x00,0x00,0x00,0x00,0x00,0x00,0x00,0x00,0x00,0x00,0x00,0x00,0x00,0x00,
	0x00,0x00,0x00,0x00,0x00,0x00,0x00,0x00,0x00,0x00,0x00,0x00,0xff,0xff,0x00,0xff,
	0xff,0x00,0xff,0xff,0x00,0xff,0xff,0x00,0xff,0xff,0x00,0xff,0xff,0x00,0xff,0xff,
	0x00,0xff,0xff,0x00,0x00,0x00,0x00,0x00,0x00,0x00,0x00,0x00,0x00,0x00,0x00,0x00,
	0x00,0x00,0x00,0x00,0x00,0x00,0x00,0x00,0x00,0x00,0x00,0x00,0xff,0xff,0x00,0xff,
	0xff,0x00,0xff,0xff,0x00,0xff,0xff,0x00,0xff,0xff,0x00,0xff,0xff,0x00,0xff,0xff,
	0x00,0xff,0xff,0x00,0x00,0x00,0x00,0x00,0x00,0x00,0x00,0x00,0x00,0x00,0x00,0x00,
	0x00,0x00,0x00,0x00,0x00,0x00,0x00,0x00,0x00,0x00,0x00,0x00,0x00,0x00,0x00,0x00,
	0x00,0x00,0x00,0x00,0x00,0x00,0x00,0x00,0x00,0x00,0x00,0x00,0x00,0x00,0x00,0x00,
	0x00,0x00,0x00,0x00,0x00,0x00,0x00,0x00,0x00,0x00,0x00,0x00,0x00,0x00,0x00,0x00,
	0x00,0x00,0x00,0x00,0x00,0x00,0x00,0x00,0x00,0x00,0x00,0x00,0x00,0x00,0x00,0x00,
	0x00,0x00,0x00,0x00,0x00,0x00,0x00,0x00,0x00,0x00,0x00,0x00,0x00,0x00,0x00,0x00,
	0x00,0x00,0x00,0x00,0x00,0x00,0x00,0x00,0x00,0x00,0x00,0x00,0x00,0x00,0x00,0x00,
	0x00,0x00,0x00,0x00,0x00,0x00,0x00,0x00,0x00,0x00,0x00,0x00,0x00,0x00,0x00,0x00,
	0x00,0x00,0x00,0x00,0x00,0x00,0x00,0x00,0x00,0x00,0x00,0x00,0x00,0x00,0x00,0x00,
	0x00,0x00,0x00,0x00,0x00,0x00,0x00,0x00,0x00,0x00,0x00,0x00,0x00,0x00,0x00,0x00,
	0x00,0x00,0x00,0x00,0x00,0x00,0x00,0x00,0x00,0xff,0x00,0x00,0xff,0x00,0x00,0xff,
	0x00,0x00,0xff,0x00,0x00,0x00,0x00,0x00,0x00,0x00,0x00,0xff,0x00,0x00,0xff,0x00,
	0x00,0xff,0x00,0x00,0x00,0x00,0x00,0x00,0x00,0x00,0x00,0x00,0x00,0x00,0x00,0x00,
	0x00,0x00,0x00,0x00,0x00,0x00,0xff,0xff,0x00,0x00,0x00,0x00,0x00,0x00,0x00,0xff,
	0x00,0x00,0xff,0x00,0x00,0x00,0x00,0x00,0xff,0xff,0x00,0xff,0xff,0x00,0xff,0x00,
	0x00,0xff,0xff,0x00,0xff,0xff,0x00,0xff,0xff,0x00,0x00,0x00,0x00,0x00,0x00,0x00,
	0x00,0x00,0x00,0x00,0x00,0x00,0x00,0x00,0x00,0x00,0x00,0x00,0x00,0x00,0x00,0x00,
	0x00,0x00,0x00,0x00,0x00,0x00,0x00,0x00,0x00,0x00,0x00,0x00,0x00,0x00,0x00,0x00,
	0x00,0x00,0x00,0x00,0x00,0x00,0x00,0x00,0x00,0x00,0x00,0x00,0x00,0x00,0x00,0x00,
	0x00,0x00,0x00,0x00,0x00,0x00,0x00,0x00,0x00,0xff,0xff,0x00,0xff,0xff,0x00,0xff,
	0xff,0x00,0xff,0xff,0x00,0xff,0xff,0x00,0xff,0xff,0x00,0xff,0xff,0x00,0xff,0xff,
	0x00,0xff,0xff,0x00,0xff,0xff,0x00,0x00,0x00,0x00,0x00,0x00,0x00,0x00,0x00,0x00,
	0x00,0x00,0x00,0x00,0x00,0x00,0x00,0x00,0x00,0xff,0xff,0x00,0xff,0xff,0x00,0xff,
	0xff,0x00,0xff,0xff,0x00,0xff,0xff,0x00,0xff,0xff,0x00,0xff,0xff,0x00,0xff,0xff,
	0x00,0xff,0xff,0x00,0xff,0xff,0x00,0x00,0x00,0x00,0x00,0x00,0x00,0x00,0x00,0x00,
	0x00,0x00,0x00,0x00,0x00,0x00,0x00,0x00,0x00,0x00,0x00,0x00,0x00,0x00,0x00,0x00,
	0x00,0x00,0x00,0x00,0x00,0x00,0x00,0x00,0x00,0x00,0x00,0x00,0x00,0x00,0x00,0x00,
	0x00,0x00,0x00,0x00,0x00,0x00,0x00,0x00,0x00,0x00,0x00,0x00,0x00,0x00,0x00,0x00,
	0x00,0x00,0x00,0x00,0x00,0x00,0x00,0x00,0x00,0x00,0x00,0x00,0x00,0x00,0x00,0x00,
	0x00,0x00,0x00,0x00,0x00,0x00,0x00,0x00,0x00,0x00,0x00,0x00,0x00,0x00,0x00,0x00,
	0x00,0x00,0x00,0x00,0x00,0x00,0x00,0x00,0x00,0x00,0x00,0x00,0x00,0x00,0x00,0x00,
	0x00,0x00,0x00,0x00,0x00,0x00,0x00,0x00,0x00,0x00,0x00,0x00,0x00,0x00,0x00,0x00,
	0x00,0x00,0x00,0x00,0x00,0x00,0x00,0x00,0x00,0x00,0x00,0x00,0x00,0x00,0x00,0x00,
	0x00,0x00,0x00,0x00,0x00,0x00,0x00,0x00,0x00,0x00,0x00,0x00,0x00,0x00,0x00,0x00,
	0x00,0x00,0x00,0x00,0x00,0x00,0xff,0x00,0x00,0xff,0x00,0x00,0xff,0x00,0x00,0xff,
	0x00,0x00,0xff,0x00,0x00,0xff,0x00,0x00,0x00,0x00,0x00,0x00,0x00,0x00,0x00,0x00,
	0x00,0x00,0x00,0x00,0x00,0x00,0x00,0x00,0x00,0x00,0x00,0x00,0x00,0x00,0x00,0x00,
	0x00,0x00,0x00,0x00,0x00,0x00,0xff,0xff,0x00,0xff,0xff,0x00,0x00,0x00,0x00,0xff,
	0xff,0x00,0xff,0xff,0x00,0xff,0xff,0x00,0xff,0x00,0x00,0xff,0x00,0x00,0x00,0x00,
	0x00,0x00,0x00,0x00,0xff,0xff,0x00,0xff,0xff,0x00,0xff,0xff,0x00,0x00,0x00,0x00,
	0x00,0x00,0x00,0x00,0x00,0x00,0x00,0x00,0x00,0x00,0x00,0x00,0x00,0x00,0x00,0x00,
	0x00,0x00,0x00,0x00,0x00,0x00,0x00,0x00,0x00,0x00,0x00,0x00,0x00,0x00,0x00,0x00,
	0x00,0x00,0x00,0x00,0x00,0x00,0x00,0x00,0x00,0x00,0x00,0x00,0x00,0x00,0x00,0x00,
	0x00,0x00,0x00,0x00,0x00,0x00,0x00,0x00,0x00,0xff,0xff,0x00,0xff,0xff,0x00,0xff,
	0xff,0x00,0xff,0xff,0x00,0xff,0xff,0x00,0xff,0xff,0x00,0xff,0xff,0x00,0xff,0xff,
	0x00,0xff,0xff,0x00,0xff,0xff,0x00,0xff,0xff,0x00,0x00,0x00,0x00,0x00,0x00,0x00,
	0x00,0x00,0x00,0x00,0x00,0x00,0xff,0xff,0x00,0xff,0xff,0x00,0xff,0xff,0x00,0xff,
	0xff,0x00,0xff,0xff,0x00,0xff,0xff,0x00,0xff,0xff,0x00,0xff,0xff,0x00,0xff,0xff,
	0x00,0xff,0xff,0x00,0xff,0xff,0x00,0x00,0x00,0x00,0x00,0x00,0x00,0x00,0x00,0x00,
	0x00,0x00,0x00,0x00,0x00,0x00,0x00,0x00,0x00,0x00,0x00,0x00,0x00,0x00,0x00,0x00,
	0x00,0x00,0x00,0x00,0x00,0x00,0x00,0x00,0x00,0x00,0x00,0x00,0x00,0x00,0x00,0x00,
	0x00,0x00,0x00,0x00,0x00,0x00,0x00,0x00,0x00,0x00,0x00,0x00,0x00,0x00,0x00,0x00,
	0x00,0x00,0x00,0x00,0x00,0x00,0x00,0x00,0x00,0x00,0x00,0x00,0x00,0x00,0x00,0x00,
	0x00,0x00,0x00,0x00,0x00,0x00,0x00,0x00,0x00,0x00,0x00,0x00,0x00,0x00,0x00,0x00,
	0x00,0x00,0x00,0x00,0x00,0x00,0x00,0x00,0x00,0x00,0x00,0x00,0x00,0x00,0x00,0x00,
	0x00,0x00,0x00,0x00,0x00,0x00,0x00,0x00,0x00,0x00,0x00,0x00,0x00,0x00,0x00,0x00,
	0x00,0x00,0x00,0x00,0x00,0x00,0x00,0x00,0x00,0x00,0x00,0x00,0x00,0x00,0x00,0x00,
	0x00,0x00,0x00,0x00,0x00,0x00,0x00,0x00,0x00,0x00,0x00,0x00,0x00,0x00,0x00,0x00,
	0x00,0x00,0x00,0x00,0x00,0x00,0xff,0x00,0x00,0xff,0x00,0x00,0xff,0x00,0x00,0xff,
	0x00,0x00,0xff,0x00,0x00,0xff,0x00,0x00,0x00,0x00,0x00,0x00,0x00,0x00,0x00,0x00,
	0x00,0x00,0x00,0x00,0x00,0x00,0x00,0x00,0x00,0x00,0x00,0x00,0x00,0x00,0x00,0x00,
	0x00,0x00,0x00,0xff,0xff,0x00,0xff,0xff,0x00,0xff,0xff,0x00,0xff,0xff,0x00,0xff,
	0xff,0x00,0xff,0xff,0x00,0xff,0x00,0x00,0xff,0xff,0x00,0xff,0xff,0x00,0xff,0xff,
	0x00,0xff,0xff,0x00,0x00,0x00,0x00,0xff,0xff,0x00,0xff,0xff,0x00,0x00,0x00,0x00,
	0x00,0x00,0x00,0x00,0x00,0x00,0x00,0x00,0x00,0x00,0x00,0x00,0x00,0x00,0x00,0x00,
	0x00,0x00,0xff,0xff,0x00,0xff,0xff,0x00,0xff,0xff,0x00,0xff,0xff,0x00,0x00,0x00,
	0x00,0x00,0x00,0x00,0x00,0x00,0x00,0x00,0x00,0x00,0x00,0x00,0x00,0x00,0x00,0x00,
	0x00,0x00,0x00,0x00,0x00,0x00,0x00,0x00,0x00,0xff,0xff,0x00,0xff,0xff,0x00,0xff,
	0xff,0x00,0xff,0xff,0x00,0xff,0xff,0x00,0xff,0xff,0x00,0xff,0xff,0x00,0xff,0xff,
	0x00,0xff,0xff,0x00,0xff,0xff,0x00,0xff,0xff,0x00,0x00,0x00,0x00,0x00,0x00,0x00,
	0x00,0x00,0x00,0x00,0x00,0x00,0xff,0xff,0x00,0xff,0xff,0x00,0xff,0xff,0x00,0xff,
	0xff,0x00,0xff,0xff,0x00,0xff,0xff,0x00,0xff,0xff,0x00,0xff,0xff,0x00,0xff,0xff,
	0x00,0xff,0xff,0x00,0xff,0xff,0x00,0x00,0x00,0x00,0x00,0x00,0x00,0x00,0x00,0x00,
	0x00,0x00,0x00,0x00,0x00,0x00,0x00,0x00,0x00,0x00,0x00,0x00,0x00,0x00,0x00,0x00,
	0x00,0x00,0x00,0x00,0x00,0xff,0xff,0x00,0xff,0xff,0x00,0xff,0xff,0x00,0xff,0xff,
	0x00,0x00,0x00,0x00,0x00,0x00,0x00,0x00,0x00,0x00,0x00,0x00,0x00,0x00,0x00,0x00,
	0x00,0x00,0x00,0x00,0x00,0x00,0x00,0x00,0x00,0x00,0x00,0x00,0x00,0x00,0x00,0xff,
	0xff,0x00,0xff,0xff,0x00,0xff,0xff,0x00,0xff,0xff,0x00,0x00,0x00,0x00,0xff,0xff,
	0x00,0xff,0xff,0x00,0x00,0x00,0x00,0x00,0x00,0x00,0x00,0x00,0x00,0x00,0x00,0x00,
	0x00,0x00,0x00,0x00,0x00,0x00,0x00,0x00,0x00,0x00,0x00,0x00,0x00,0x00,0x00,0x00,
	0x00,0x00,0xff,0xff,0x00,0xff,0xff,0x00,0xff,0xff,0x00,0xff,0xff,0x00,0x00,0x00,
	0x00,0x00,0x00,0x00,0x00,0x00,0x00,0x00,0x00,0x00,0x00,0x00,0x00,0x00,0x00,0x00,
	0x00,0x00,0x00,0x00,0x00,0x00,0x00,0x00,0x00,0xff,0x00,0x00,0xff,0x00,0x00,0xff,
	0x00,0x00,0xff,0x00,0x00,0x00,0x00,0x00,0x00,0x00,0x00,0x00,0x00,0x00,0x00,0x00,
	0x00,0x00,0x00,0x00,0x00,0x00,0x00,0x00,0x00,0x00,0x00,0x00,0x00,0x00,0x00,0x00,
	0x00,0x00,0x00,0xff,0xff,0x00,0xff,0xff,0x00,0x00,0x00,0x00,0xff,0xff,0x00,0xff,
	0xff,0x00,0xff,0x00,0x00,0xff,0x00,0x00,0xff,0x00,0x00,0xff,0xff,0x00,0xff,0xff,
	0x00,0xff,0xff,0x00,0xff,0xff,0x00,0x00,0x00,0x00,0xff,0xff,0x00,0xff,0xff,0x00,
	0x00,0x00,0x00,0x00,0x00,0x00,0x00,0x00,0x00,0x00,0x00,0x00,0xff,0xff,0x00,0xff,
	0xff,0x00,0xff,0xff,0x00,0xff,0xff,0x00,0xff,0xff,0x00,0xff,0xff,0x00,0xff,0xff,
	0x00,0xff,0xff,0x00,0x00,0x00,0x00,0x00,0x00,0x00,0x00,0x00,0x00,0x00,0x00,0x00,
	0x00,0x00,0x00,0x00,0x00,0x00,0xff,0xff,0x00,0xff,0xff,0x00,0xff,0xff,0x00,0xff,
	0xff,0x00,0xff,0xff,0x00,0xff,0xff,0x00,0xff,0xff,0x00,0xff,0xff,0x00,0xff,0xff,
	0x00,0xff,0xff,0x00,0xff,0xff,0x00,0xff,0xff,0x00,0x00,0x00,0x00,0x00,0x00,0x00,
	0x00,0x00,0x00,0x00,0x00,0x00,0xff,0xff,0x00,0xff,0xff,0x00,0xff,0xff,0x00,0xff,
	0xff,0x00,0xff,0xff,0x00,0xff,0xff,0x00,0xff,0xff,0x00,0xff,0xff,0x00,0xff,0xff,
	0x00,0xff,0xff,0x00,0xff,0xff,0x00,0xff,0xff,0x00,0x00,0x00,0x00,0x00,0x00,0x00,
	0x00,0x00,0x00,0x00,0x00,0x00,0x00,0x00,0x00,0x00,0x00,0x00,0x00,0x00,0x00,0xff,
	0xff,0x00,0xff,0xff,0x00,0xff,0xff,0x00,0xff,0xff,0x00,0xff,0xff,0x00,0xff,0xff,
	0x00,0xff,0xff,0x00,0xff,0xff,0x00,0x00,0x00,0x00,0x00,0x00,0x00,0x00,0x00,0x00,
	0x00,0x00,0x00,0x00,0x00,0x00,0x00,0x00,0x00,0xff,0xff,0x00,0xff,0xff,0x00,0xff,
	0xff,0x00,0xff,0xff,0x00,0xff,0xff,0x00,0xff,0xff,0x00,0xff,0xff,0x00,0xff,0xff,
	0x00,0xff,0xff,0x00,0xff,0xff,0x00,0x00,0x00,0x00,0x00,0x00,0x00,0x00,0x00,0x00,
	0x00,0x00,0x00,0x00,0x00,0x00,0x00,0x00,0x00,0x00,0x00,0x00,0xff,0xff,0x00,0xff,
	0xff,0x00,0xff,0xff,0x00,0xff,0xff,0x00,0xff,0xff,0x00,0xff,0xff,0x00,0xff,0xff,
	0x00,0xff,0xff,0x00,0x00,0x00,0x00,0x00,0x00,0x00,0x00,0x00,0x00,0x00,0x00,0x00,
	0x00,0x00,0x00,0x00,0x00,0x00,0x00,0x00,0x00,0x00,0x00,0x00,0x00,0x00,0x00,0x00,
	0x00,0x00,0x00,0x00,0x00,0x00,0x00,0x00,0x00,0x00,0x00,0x00,0x00,0x00,0x00,0x00,
	0x00,0x00,0x00,0x00,0x00,0x00,0x00,0x00,0x00,0x00,0x00,0x00,0x00,0x00,0x00,0x00,
	0x00,0x00,0x00,0x00,0x00,0x00,0xff,0xff,0x00,0xff,0xff,0x00,0xff,0x00,0x00,0xff,
	0xff,0x00,0xff,0x00,0x00,0xff,0xff,0x00,0xff,0xff,0x00,0xff,0xff,0x00,0xff,0x00,
	0x00,0xff,0xff,0x00,0xff,0xff,0x00,0xff,0x00,0x00,0x00,0x00,0xff,0xff,0xff,0x00,
	0x00,0x00,0x00,0x00,0x00,0x00,0x00,0x00,0x00,0xff,0xff,0x00,0xff,0xff,0x00,0xff,
	0xff,0x00,0xff,0xff,0x00,0xff,0xff,0x00,0xff,0xff,0x00,0xff,0xff,0x00,0xff,0xff,
	0x00,0xff,0xff,0x00,0xff,0xff,0x00,0x00,0x00,0x00,0x00,0x00,0x00,0x00,0x00,0x00,
	0x00,0x00,0x00,0x00,0x00,0x00,0xff,0xff,0x00,0xff,0xff,0x00,0xff,0xff,0x00,0xff,
	0xff,0x00,0xff,0xff,0x00,0xff,0xff,0x00,0xff,0xff,0x00,0xff,0xff,0x00,0xff,0xff,
	0x00,0xff,0xff,0x00,0xff,0xff,0x00,0x00,0x00,0x00,0x00,0x00,0x00,0x00,0x00,0x00,
	0x00,0x00,0x00,0x00,0x00,0x00,0x00,0x00,0x00,0xff,0xff,0x00,0xff,0xff,0x00,0xff,
	0xff,0x00,0xff,0xff,0x00,0xff,0xff,0x00,0xff,0xff,0x00,0xff,0xff,0x00,0xff,0xff,
	0x00,0xff,0xff,0x00,0xff,0xff,0x00,0xff,0xff,0x00,0x00,0x00,0x00,0x00,0x00,0x00,
	0x00,0x00,0x00,0x00,0x00,0x00,0x00,0x00,0x00,0x00,0x00,0x00,0xff,0xff,0x00,0xff,
	0xff,0x00,0xff,0xff,0x00,0xff,0xff,0x00,0xff,0xff,0x00,0xff,0xff,0x00,0xff,0xff,
	0x00,0xff,0xff,0x00,0xff,0xff,0x00,0xff,0xff,0x00,0x00,0x00,0x00,0x00,0x00,0x00,
	0x00,0x00,0x00,0x00,0x00,0x00,0xff,0xff,0x00,0xff,0xff,0x00,0xff,0xff,0x00,0xff,
	0xff,0x00,0xff,0xff,0x00,0xff,0xff,0x00,0xff,0xff,0x00,0xff,0xff,0x00,0xff,0xff,
	0x00,0xff,0xff,0x00,0xff,0xff,0x00,0x00,0x00,0x00,0x00,0x00,0x00,0x00,0x00,0x00,
	0x00,0x00,0x00,0x00,0x00,0x00,0x00,0x00,0x00,0xff,0xff,0x00,0xff,0xff,0x00,0xff,
	0xff,0x00,0xff,0xff,0x00,0xff,0xff,0x00,0xff,0xff,0x00,0xff,0xff,0x00,0xff,0xff,
	0x00,0xff,0xff,0x00,0xff,0xff,0x00,0x00,0x00,0x00,0x00,0x00,0x00,0x00,0x00,0x00,
	0x00,0x00,0x00,0x00,0x00,0x00,0x00,0x00,0x00,0x00,0x00,0x00,0x00,0x00,0x00,0x00,
	0x00,0x00,0x00,0x00,0x00,0x00,0x00,0x00,0x00,0x00,0x00,0x00,0x00,0x00,0x00,0x00,
	0x00,0x00,0x00,0x00,0x00,0x00,0x00,0x00,0x00,0x00,0x00,0x00,0x00,0x00,0x00,0x00,
	0x00,0x00,0x00,0xff,0xff,0x00,0xff,0xff,0x00,0xff,0x00,0x00,0xff,0x00,0x00,0xff,
	0x00,0x00,0xff,0xff,0x00,0xff,0xff,0x00,0xff,0xff,0x00,0xff,0xff,0x00,0xff,0x00,
	0x00,0xff,0x00,0x00,0xff,0xff,0x00,0xff,0xff,0x00,0xff,0xff,0x00,0x00,0x00,0x00,
	0x00,0x00,0x00,0x00,0x00,0x00,0x00,0x00,0x00,0xff,0xff,0x00,0xff,0xff,0x00,0xff,
	0xff,0x00,0xff,0xff,0x00,0xff,0xff,0x00,0xff,0xff,0x00,0xff,0xff,0x00,0xff,0xff,
	0x00,0xff,0xff,0x00,0xff,0xff,0x00,0x00,0x00,0x00,0x00,0x00,0x00,0x00,0x00,0x00,
	0x00,0x00,0x00,0x00,0x00,0x00,0xff,0xff,0x00,0xff,0xff,0x00,0xff,0xff,0x00,0xff,
	0xff,0x00,0xff,0xff,0x00,0xff,0xff,0x00,0xff,0xff,0x00,0xff,0xff,0x00,0xff,0xff,
	0x00,0xff,0xff,0x00,0xff,0xff,0x00,0x00,0x00,0x00,0x00,0x00,0x00,0x00,0x00,0x00,
	0x00,0x00,0x00,0x00,0x00,0x00,0x00,0x00,0x00,0xff,0xff,0x00,0xff,0xff,0x00,0xff,
	0xff,0x00,0xff,0xff,0x00,0xff,0xff,0x00,0xff,0xff,0x00,0xff,0xff,0x00,0xff,0xff,
	0x00,0xff,0xff,0x00,0xff,0xff,0x00,0xff,0xff,0x00,0x00,0x00,0x00,0x00,0x00,0x00,
	0x00,0x00,0x00,0x00,0x00,0x00,0x00,0x00,0x00,0xff,0xff,0x00,0xff,0xff,0x00,0xff,
	0xff,0x00,0xff,0xff,0x00,0xff,0xff,0x00,0xff,0xff,0x00,0xff,0xff,0x00,0xff,0xff,
	0x00,0xff,0xff,0x00,0xff,0xff,0x00,0xff,0xff,0x00,0x00,0x00,0x00,0x00,0x00,0x00,
	0x00,0x00,0x00,0x00,0x00,0x00,0xff,0xff,0x00,0xff,0xff,0x00,0xff,0xff,0x00,0xff,
	0xff,0x00,0xff,0xff,0x00,0xff,0xff,0x00,0xff,0xff,0x00,0xff,0xff,0x00,0xff,0xff,
	0x00,0xff,0xff,0x00,0xff,0xff,0x00,0x00,0x00,0x00,0x00,0x00,0x00,0x00,0x00,0x00,
	0x00,0x00,0x00,0x00,0x00,0x00,0x00,0x00,0x00,0xff,0xff,0x00,0x00,0x00,0x00,0xff,
	0xff,0x00,0xff,0xff,0x00,0xff,0xff,0x00,0xff,0xff,0x00,0xff,0xff,0x00,0xff,0xff,
	0x00,0x00,0x00,0x00,0xff,0xff,0x00,0x00,0x00,0x00,0x00,0x00,0x00,0x00,0x00,0x00,
	0x00,0x00,0x00,0x00,0x00,0x00,0x00,0x00,0x00,0x00,0x00,0x00,0x00,0x00,0x00,0x00,
	0x00,0x00,0x00,0x00,0x00,0x00,0x00,0x00,0x00,0x00,0x00,0x00,0x00,0x00,0x00,0x00,
	0x00,0x00,0x00,0x00,0x00,0x00,0x00,0x00,0x00,0x00,0x00,0x00,0x00,0x00,0x00,0x00,
	0xff,0xff,0x00,0xff,0xff,0x00,0xff,0x00,0x00,0x00,0x00,0xff,0x00,0x00,0xff,0xff,
	0xff,0x00,0xff,0xff,0x00,0xff,0xff,0x00,0xff,0x00,0x00,0xff,0xff,0x00,0xff,0xff,
	0x00,0x00,0x00,0xff,0x00,0x00,0xff,0xff,0xff,0x00,0xff,0xff,0x00,0x00,0x00,0x00,
	0x00,0x00,0x00,0x00,0x00,0x00,0x00,0x00,0x00,0xff,0xff,0x00,0xff,0xff,0x00,0xff,
	0xff,0x00,0xff,0xff,0x00,0xff,0xff,0x00,0xff,0xff,0x00,0xff,0xff,0x00,0xff,0xff,
	0x00,0xff,0xff,0x00,0xff,0xff,0x00,0x00,0x00,0x00,0x00,0x00,0x00,0x00,0x00,0x00,
	0x00,0x00,0x00,0x00,0x00,0x00,0x00,0x00,0x00,0xff,0xff,0x00,0xff,0xff,0x00,0xff,
	0xff,0x00,0xff,0xff,0x00,0xff,0xff,0x00,0xff,0xff,0x00,0xff,0xff,0x00,0xff,0xff,
	0x00,0xff,0xff,0x00,0xff,0xff,0x00,0x00,0x00,0x00,0x00,0x00,0x00,0x00,0x00,0x00,
	0x00,0x00,0x00,0x00,0x00,0x00,0x00,0x00,0x00,0xff,0xff,0x00,0xff,0xff,0x00,0xff,
	0xff,0x00,0xff,0xff,0x00,0xff,0xff,0x00,0xff,0xff,0x00,0xff,0xff,0x00,0xff,0xff,
	0x00,0xff,0xff,0x00,0xff,0xff,0x00,0x00,0x00,0x00,0x00,0x00,0x00,0x00,0x00,0x00,
	0x00,0x00,0x00,0x00,0x00,0x00,0x00,0x00,0x00,0xff,0xff,0x00,0xff,0xff,0x00,0xff,
	0xff,0x00,0xff,0xff,0x00,0xff,0xff,0x00,0xff,0xff,0x00,0xff,0xff,0x00,0xff,0xff,
	0x00,0xff,0xff,0x00,0xff,0xff,0x00,0xff,0x00,0x00,0xff,0x00,0x00,0x00,0x00,0x00,
	0x00,0x00,0x00,0x00,0x00,0x00,0xff,0xff,0x00,0xff,0xff,0x00,0xff,0xff,0x00,0xff,
	0xff,0x00,0xff,0xff,0x00,0xff,0xff,0x00,0xff,0xff,0x00,0xff,0xff,0x00,0xff,0xff,
	0x00,0xff,0xff,0x00,0xff,0xff,0x00,0x00,0x00,0x00,0x00,0x00,0x00,0x00,0x00,0x00,
	0x00,0x00,0x00,0x00,0x00,0x00,0xff,0xff,0x00,0xff,0xff,0x00,0x00,0x00,0x00,0xff,
	0xff,0x00,0xff,0xff,0x00,0xff,0xff,0x00,0xff,0xff,0x00,0xff,0xff,0x00,0xff,0xff,
	0x00,0x00,0x00,0x00,0xff,0xff,0x00,0xff,0xff,0x00,0x00,0x00,0x00,0x00,0x00,0x00,
	0x00,0x00,0x00,0x00,0x00,0x00,0x00,0x00,0x00,0x00,0x00,0x00,0x00,0x00,0x00,0x00,
	0x00,0x00,0x00,0x00,0x00,0x00,0x00,0x00,0x00,0x00,0x00,0x00,0x00,0x00,0x00,0x00,
	0x00,0x00,0x00,0x00,0x00,0x00,0x00,0x00,0x00,0x00,0x00,0x00,0x00,0x00,0x00,0x00,
	0xff,0xff,0x00,0xff,0xff,0x00,0xff,0xff,0x00,0xff,0x00,0x00,0xff,0xff,0x00,0xff,
	0xff,0x00,0xff,0x00,0x00,0xff,0x00,0x00,0xff,0x00,0x00,0xff,0x00,0x00,0xff,0x00,
	0x00,0xff,0xff,0x00,0xff,0x00,0x00,0xff,0xff,0x00,0x00,0x00,0xff,0x00,0x00,0x00,
	0x00,0x00,0x00,0x00,0x00,0x00,0xff,0xff,0x00,0xff,0xff,0x00,0xff,0xff,0x00,0xff,
	0xff,0x00,0xff,0xff,0x00,0xff,0xff,0x00,0xff,0xff,0x00,0xff,0xff,0x00,0xff,0xff,
	0x00,0xff,0xff,0x00,0xff,0xff,0x00,0xff,0xff,0x00,0x00,0x00,0x00,0x00,0x00,0x00,
	0x00,0x00,0x00,0x00,0x00,0x00,0x00,0x00,0x00,0xff,0xff,0x00,0xff,0xff,0x00,0xff,
	0xff,0x00,0xff,0xff,0x00,0xff,0xff,0x00,0xff,0xff,0x00,0xff,0xff,0x00,0xff,0xff,
	0x00,0xff,0xff,0x00,0xff,0xff,0x00,0x00,0x00,0x00,0x00,0x00,0x00,0x00,0x00,0x00,
	0x00,0x00,0x00,0x00,0x00,0x00,0x00,0x00,0x00,0xff,0xff,0x00,0xff,0xff,0x00,0xff,
	0xff,0x00,0xff,0xff,0x00,0xff,0xff,0x00,0xff,0xff,0x00,0xff,0xff,0x00,0xff,0xff,
	0x00,0xff,0xff,0x00,0xff,0xff,0x00,0x00,0x00,0x00,0x00,0x00,0x00,0x00,0x00,0x00,
	0x00,0x00,0x00,0x00,0x00,0x00,0x00,0x00,0x00,0xff,0xff,0x00,0xff,0xff,0x00,0xff,
	0xff,0x00,0xff,0xff,0x00,0xff,0xff,0x00,0xff,0xff,0x00,0xff,0xff,0x00,0xff,0xff,
	0x00,0xff,0xff,0x00,0xff,0x00,0x00,0xff,0x00,0x00,0xff,0x00,0x00,0xff,0x00,0x00,
	0x00,0x00,0x00,0xff,0xff,0x00,0xff,0xff,0x00,0xff,0xff,0x00,0xff,0xff,0x00,0xff,
	0xff,0x00,0xff,0xff,0x00,0xff,0xff,0x00,0xff,0xff,0x00,0xff,0xff,0x00,0xff,0xff,
	0x00,0xff,0xff,0x00,0x00,0x00,0x00,0x00,0x00,0x00,0x00,0x00,0x00,0x00,0x00,0x00,
	0x00,0x00,0x00,0x00,0x00,0x00,0xff,0xff,0x00,0xff,0xff,0x00,0x00,0x00,0x00,0xff,
	0xff,0x00,0xff,0xff,0x00,0xff,0x00,0x00,0xff,0x00,0x00,0xff,0xff,0x00,0xff,0xff,
	0x00,0x00,0x00,0x00,0xff,0xff,0x00,0xff,0xff,0x00,0x00,0x00,0x00,0x00,0x00,0x00,
	0x00,0x00,0x00,0x00,0x00,0x00,0x00,0x00,0x00,0x00,0x00,0x00,0x00,0x00,0x00,0x00,
	0x00,0x00,0x00,0x00,0x00,0x00,0x00,0x00,0x00,0x00,0x00,0x00,0x00,0x00,0x00,0x00,
	0x00,0x00,0x00,0x00,0x00,0x00,0x00,0x00,0x00,0x00,0x00,0x00,0x00,0x00,0x00,0x00,
	0xff,0xff,0x00,0x00,0x00,0xff,0xff,0xff,0x00,0xff,0x00,0x00,0xff,0xff,0x00,0xff,
	0xff,0x00,0xff,0xff,0x00,0xff,0x00,0x00,0xff,0x00,0x00,0xff,0xff,0x00,0xff,0xff,
	0x00,0xff,0xff,0x00,0xff,0xff,0x00,0xff,0xff,0x00,0x00,0x00,0xff,0xff,0xff,0x00,
	0x00,0x00,0x00,0x00,0x00,0x00,0xff,0xff,0x00,0xff,0xff,0x00,0xff,0xff,0x00,0xff,
	0xff,0x00,0xff,0xff,0x00,0xff,0xff,0x00,0xff,0xff,0x00,0xff,0xff,0x00,0xff,0xff,
	0x00,0xff,0xff,0x00,0xff,0xff,0x00,0xff,0xff,0x00,0x00,0x00,0x00,0x00,0x00,0x00,
	0x00,0x00,0x00,0x00,0x00,0x00,0x00,0x00,0x00,0x00,0x00,0x00,0xff,0xff,0x00,0xff,
	0xff,0x00,0xff,0xff,0x00,0xff,0xff,0x00,0xff,0xff,0x00,0xff,0xff,0x00,0xff,0xff,
	0x00,0xff,0xff,0x00,0x00,0x00,0x00,0x00,0x00,0x00,0x00,0x00,0x00,0x00,0x00,0x00,
	0x00,0x00,0x00,0x00,0x00,0x00,0x00,0x00,0x00,0x00,0x00,0x00,0xff,0xff,0x00,0xff,
	0xff,0x00,0xff,0xff,0x00,0xff,0xff,0x00,0xff,0xff,0x00,0xff,0xff,0x00,0xff,0xff,
	0x00,0xff,0xff,0x00,0x00,0x00,0x00,0x00,0x00,0x00,0x00,0x00,0x00,0x00,0x00,0x00,
	0x00,0x00,0x00,0x00,0x00,0x00,0x00,0x00,0x00,0x00,0x00,0x00,0xff,0xff,0x00,0xff,
	0xff,0x00,0xff,0xff,0x00,0xff,0xff,0x00,0xff,0xff,0x00,0xff,0xff,0x00,0xff,0xff,
	0x00,0xff,0xff,0x00,0xff,0xff,0x00,0xff,0xff,0x00,0xff,0xff,0x00,0xff,0x00,0x00,
	0x00,0x00,0x00,0xff,0xff,0x00,0xff,0xff,0x00,0xff,0xff,0x00,0xff,0xff,0x00,0xff,
	0xff,0x00,0xff,0xff,0x00,0xff,0xff,0x00,0xff,0xff,0x00,0xff,0xff,0x00,0xff,0xff,
	0x00,0xff,0xff,0x00,0x00,0x00,0x00,0x00,0x00,0x00,0x00,0x00,0x00,0x00,0x00,0x00,
	0x00,0x00,0x00,0x00,0x00,0x00,0xff,0xff,0x00,0xff,0xff,0x00,0xff,0xff,0x00,0xff,
	0xff,0x00,0xff,0xff,0x00,0xff,0xff,0x00,0xff,0xff,0x00,0xff,0xff,0x00,0xff,0xff,
	0x00,0xff,0xff,0x00,0xff,0xff,0x00,0xff,0xff,0x00,0x00,0x00,0x00,0x00,0x00,0x00,
	0x00,0x00,0x00,0x00,0x00,0x00,0x00,0x00,0x00,0x00,0x00,0x00,0x00,0x00,0x00,0x00,
	0x00,0x00,0x00,0x00,0x00,0x00,0x00,0x00,0x00,0x00,0x00,0x00,0x00,0x00,0x00,0x00,
	0x00,0x00,0x00,0x00,0x00,0x00,0x00,0x00,0x00,0x00,0x00,0x00,0x00,0x00,0x00,0x00,
	0x00,0x00,0xff,0x00,0x00,0xff,0xff,0xff,0x00,0xff,0xff,0x00,0x00,0x00,0xff,0xff,
	0xff,0x00,0xff,0xff,0x00,0xff,0xff,0x00,0xff,0xff,0x00,0xff,0xff,0x00,0xff,0xff,
	0x00,0xff,0xff,0x00,0xff,0xff,0x00,0x00,0x00,0xff,0x00,0x00,0xff,0xff,0xff,0x00,
	0x00,0x00,0x00,0x00,0x00,0x00,0xff,0xff,0x00,0xff,0xff,0x00,0xff,0xff,0x00,0xff,
	0xff,0x00,0xff,0xff,0x00,0xff,0xff,0x00,0xff,0xff,0x00,0xff,0xff,0x00,0xff,0xff,
	0x00,0xff,0xff,0x00,0xff,0xff,0x00,0xff,0xff,0x00,0x00,0x00,0x00,0x00,0x00,0x00,
	0x00,0x00,0x00,0x00,0x00,0x00,0x00,0x00,0x00,0x00,0x00,0x00,0x00,0x00,0x00,0x00,
	0x00,0x00,0x00,0x00,0x00,0xff,0xff,0x00,0xff,0xff,0x00,0xff,0xff,0x00,0xff,0xff,
	0x00,0xff,0xff,0x00,0x00,0x00,0x00,0x00,0x00,0x00,0x00,0x00,0x00,0x00,0x00,0x00,
	0x00,0x00,0x00,0x00,0x00,0x00,0x00,0x00,0x00,0x00,0x00,0x00,0xff,0xff,0x00,0xff,
	0xff,0x00,0xff,0xff,0x00,0xff,0xff,0x00,0xff,0xff,0x00,0x00,0x00,0x00,0x00,0x00,
	0x00,0x00,0x00,0x00,0x00,0x00,0x00,0x00,0x00,0x00,0x00,0x00,0x00,0x00,0x00,0x00,
	0x00,0x00,0x00,0x00,0x00,0x00,0x00,0x00,0x00,0x00,0x00,0x00,0xff,0xff,0x00,0xff,
	0xff,0x00,0xff,0xff,0x00,0xff,0xff,0x00,0xff,0xff,0x00,0xff,0xff,0x00,0xff,0xff,
	0x00,0xff,0xff,0x00,0xff,0xff,0x00,0xff,0xff,0x00,0xff,0xff,0x00,0x00,0x00,0x00,
	0x00,0x00,0x00,0xff,0xff,0x00,0xff,0xff,0x00,0xff,0xff,0x00,0xff,0xff,0x00,0xff,
	0xff,0x00,0xff,0xff,0x00,0xff,0xff,0x00,0xff,0xff,0x00,0xff,0xff,0x00,0xff,0xff,
	0x00,0xff,0xff,0x00,0x00,0x00,0x00,0x00,0x00,0x00,0x00,0x00,0x00,0x00,0x00,0x00,
	0x00,0x00,0x00,0x00,0x00,0x00,0x00,0x00,0x00,0xff,0xff,0x00,0xff,0xff,0x00,0xff,
	0xff,0x00,0xff,0xff,0x00,0xff,0xff,0x00,0xff,0xff,0x00,0xff,0xff,0x00,0xff,0xff,
	0x00,0xff,0xff,0x00,0xff,0xff,0x00,0x00,0x00,0x00,0x00,0x00,0x00,0x00,0x00,0x00,
	0x00,0x00,0x00,0x00,0x00,0x00,0x00,0x00,0x00,0x00,0x00,0x00,0x00,0x00,0x00,0x00,
	0x00,0x00,0x00,0x00,0x00,0x00,0x00,0x00,0x00,0x00,0x00,0x00,0x00,0x00,0x00,0x00,
	0x00,0x00,0x00,0x00,0x00,0x00,0x00,0x00,0x00,0x00,0x00,0x00,0x00,0x00,0x00,0x00,
	0xff,0xff,0x00,0x00,0x00,0xff,0x00,0x00,0xff,0xff,0xff,0x00,0xff,0xff,0x00,0x00,
	0x00,0x00,0xff,0xff,0x00,0x00,0x00,0x00,0xff,0xff,0x00,0xff,0xff,0x00,0xff,0xff,
	0x00,0x00,0x00,0x00,0x00,0x00,0x00,0x00,0x00,0xff,0xff,0xff,0x00,0xff,0xff,0x00,
	0x00,0x00,0x00,0x00,0x00,0x00,0x00,0x00,0x00,0xff,0xff,0x00,0xff,0xff,0x00,0xff,
	0xff,0x00,0xff,0xff,0x00,0xff,0xff,0x00,0xff,0xff,0x00,0xff,0xff,0x00,0xff,0xff,
	0x00,0xff,0xff,0x00,0xff,0xff,0x00,0x00,0x00,0x00,0x00,0x00,0x00,0x00,0x00,0x00,
	0x00,0x00,0x00,0x00,0x00,0x00,0x00,0x00,0x00,0x00,0x00,0x00,0x00,0x00,0x00,0x00,
	0x00,0x00,0x00,0x00,0x00,0x00,0x00,0x00,0xff,0xff,0x00,0xff,0xff,0x00,0xff,0xff,
	0x00,0x00,0x00,0x00,0x00,0x00,0x00,0x00,0x00,0x00,0x00,0x00,0x00,0x00,0x00,0x00,
	0x00,0x00,0x00,0x00,0x00,0x00,0x00,0x00,0x00,0x00,0x00,0x00,0x00,0x00,0x00,0xff,
	0xff,0x00,0xff,0xff,0x00,0xff,0xff,0x00,0x00,0x00,0x00,0x00,0x00,0x00,0x00,0x00,
	0x00,0x00,0x00,0x00,0x00,0x00,0x00,0x00,0x00,0x00,0x00,0x00,0x00,0x00,0x00,0x00,
	0x00,0x00,0x00,0x00,0x00,0x00,0x00,0x00,0x00,0x00,0x00,0x00,0xff,0xff,0x00,0xff,
	0xff,0x00,0xff,0xff,0x00,0xff,0xff,0x00,0xff,0xff,0x00,0xff,0xff,0x00,0xff,0xff,
	0x00,0xff,0xff,0x00,0xff,0xff,0x00,0xff,0xff,0x00,0xff,0xff,0x00,0x00,0x00,0x00,
	0x00,0x00,0x00,0x00,0x00,0x00,0xff,0xff,0x00,0xff,0xff,0x00,0xff,0xff,0x00,0xff,
	0xff,0x00,0xff,0xff,0x00,0xff,0xff,0x00,0xff,0xff,0x00,0xff,0xff,0x00,0xff,0xff,
	0x00,0xff,0xff,0x00,0x00,0x00,0x00,0x00,0x00,0x00,0x00,0x00,0x00,0x00,0x00,0x00,
	0x00,0x00,0x00,0x00,0x00,0x00,0xff,0xff,0x00,0xff,0xff,0x00,0xff,0xff,0x00,0xff,
	0xff,0x00,0xff,0xff,0x00,0xff,0xff,0x00,0xff,0xff,0x00,0xff,0xff,0x00,0xff,0xff,
	0x00,0xff,0xff,0x00,0xff,0xff,0x00,0xff,0xff,0x00,0x00,0x00,0x00,0x00,0x00,0x00,
	0x00,0x00,0x00,0x00,0x00,0x00,0x00,0x00,0x00,0x00,0x00,0x00,0x00,0x00,0x00,0x00,
	0x00,0x00,0x00,0x00,0x00,0x00,0x00,0x00,0x00,0x00,0x00,0x00,0x00,0x00,0x00,0x00,
	0x00,0x00,0x00,0x00,0x00,0x00,0x00,0x00,0x00,0x00,0x00,0x00,0x00,0x00,0x00,0x00,
	0x00,0x00,0x00,0xff,0xff,0x00,0xff,0xff,0x00,0xff,0xff,0x00,0xff,0xff,0x00,0xff,
	0xff,0x00,0xff,0xff,0x00,0xff,0xff,0x00,0x00,0x00,0x00,0x00,0x00,0x00,0xff,0x00,
	0x00,0xff,0xff,0x00,0x00,0x00,0x00,0xff,0xff,0x00,0xff,0xff,0x00,0x00,0x00,0x00,
	0x00,0x00,0x00,0x00,0x00,0x00,0x00,0x00,0x00,0xff,0xff,0x00,0xff,0xff,0x00,0xff,
	0xff,0x00,0xff,0xff,0x00,0xff,0xff,0x00,0xff,0xff,0x00,0xff,0xff,0x00,0xff,0xff,
	0x00,0xff,0xff,0x00,0xff,0xff,0x00,0x00,0x00,0x00,0x00,0x00,0x00,0x00,0x00,0x00,
	0x00,0x00,0x00,0x00,0x00,0x00,0x00,0x00,0x00,0x00,0x00,0x00,0x00,0x00,0x00,0x00,
	0x00,0x00,0x00,0x00,0x00,0x00,0x00,0x00,0x00,0x00,0x00,0x00,0x00,0x00,0x00,0x00,
	0x00,0x00,0x00,0x00,0x00,0x00,0x00,0x00,0x00,0x00,0x00,0x00,0x00,0x00,0x00,0x00,
	0x00,0x00,0x00,0x00,0x00,0x00,0x00,0x00,0x00,0x00,0x00,0x00,0x00,0x00,0x00,0x00,
	0x00,0x00,0x00,0x00,0x00,0x00,0x00,0x00,0x00,0x00,0x00,0x00,0x00,0x00,0x00,0x00,
	0x00,0x00,0x00,0x00,0x00,0x00,0x00,0x00,0x00,0x00,0x00,0x00,0x00,0x00,0x00,0x00,
	0x00,0x00,0x00,0x00,0x00,0x00,0x00,0x00,0x00,0x00,0x00,0x00,0xff,0xff,0x00,0xff,
	0xff,0x00,0xff,0xff,0x00,0xff,0xff,0x00,0xff,0xff,0x00,0xff,0xff,0x00,0xff,0xff,
	0x00,0xff,0xff,0x00,0xff,0xff,0x00,0xff,0xff,0x00,0x00,0x00,0x00,0x00,0x00,0x00,
	0x00,0x00,0x00,0x00,0x00,0x00,0xff,0xff,0x00,0xff,0xff,0x00,0xff,0xff,0x00,0xff,
	0xff,0x00,0xff,0xff,0x00,0xff,0xff,0x00,0xff,0xff,0x00,0xff,0xff,0x00,0xff,0xff,
	0x00,0xff,0xff,0x00,0x00,0x00,0x00,0x00,0x00,0x00,0x00,0x00,0x00,0x00,0x00,0x00,
	0x00,0x00,0x00,0x00,0x00,0x00,0xff,0xff,0x00,0xff,0xff,0x00,0xff,0xff,0x00,0xff,
	0xff,0x00,0xff,0xff,0x00,0xff,0xff,0x00,0xff,0xff,0x00,0xff,0xff,0x00,0xff,0xff,
	0x00,0xff,0xff,0x00,0xff,0xff,0x00,0xff,0xff,0x00,0x00,0x00,0x00,0x00,0x00,0x00,
	0x00,0x00,0x00,0x00,0x00,0x00,0x00,0x00,0x00,0x00,0x00,0x00,0x00,0x00,0x00,0xff,
	0x00,0x00,0xff,0x00,0x00,0x00,0x00,0x00,0x00,0x00,0x00,0xff,0x00,0x00,0xff,0x00,
	0x00,0x00,0x00,0x00,0x00,0x00,0x00,0x00,0x00,0x00,0x00,0x00,0x00,0x00,0x00,0x00,
	0x00,0x00,0x00,0xff,0xff,0x00,0xff,0xff,0x00,0xff,0xff,0x00,0xff,0x00,0x00,0xff,
	0x00,0x00,0xff,0xff,0x00,0xff,0xff,0x00,0xff,0xff,0x00,0xff,0xff,0x00,0xff,0xff,
	0x00,0xff,0x00,0x00,0xff,0x00,0x00,0xff,0xff,0x00,0xff,0xff,0x00,0x00,0x00,0x00,
	0x00,0x00,0x00,0x00,0x00,0x00,0x00,0x00,0x00,0xff,0xff,0x00,0xff,0xff,0x00,0xff,
	0xff,0x00,0xff,0xff,0x00,0xff,0xff,0x00,0xff,0xff,0x00,0xff,0xff,0x00,0xff,0xff,
	0x00,0xff,0xff,0x00,0xff,0xff,0x00,0x00,0x00,0x00,0x00,0x00,0x00,0x00,0x00,0x00,
	0x00,0x00,0x00,0x00,0x00,0x00,0x00,0x00,0x00,0x00,0x00,0x00,0x00,0x00,0x00,0x00,
	0x00,0x00,0x00,0x00,0x00,0x00,0x00,0x00,0x00,0x00,0x00,0x00,0x00,0x00,0x00,0x00,
	0x00,0x00,0x00,0x00,0x00,0x00,0x00,0x00,0x00,0x00,0x00,0x00,0x00,0x00,0x00,0x00,
	0x00,0x00,0x00,0x00,0x00,0x00,0x00,0x00,0x00,0x00,0x00,0x00,0x00,0x00,0x00,0x00,
	0x00,0x00,0x00,0x00,0x00,0x00,0x00,0x00,0x00,0x00,0x00,0x00,0x00,0x00,0x00,0x00,
	0x00,0x00,0x00,0x00,0x00,0x00,0x00,0x00,0x00,0x00,0x00,0x00,0x00,0x00,0x00,0x00,
	0x00,0x00,0x00,0x00,0x00,0x00,0x00,0x00,0x00,0x00,0x00,0x00,0x00,0x00,0x00,0xff,
	0xff,0x00,0xff,0xff,0x00,0xff,0xff,0x00,0x00,0x00,0x00,0xff,0xff,0x00,0xff,0xff,
	0x00,0xff,0xff,0x00,0xff,0xff,0x00,0xff,0xff,0x00,0x00,0x00,0x00,0x00,0x00,0x00,
	0x00,0x00,0x00,0x00,0x00,0x00,0xff,0xff,0x00,0xff,0xff,0x00,0xff,0xff,0x00,0xff,
	0xff,0x00,0xff,0xff,0x00,0xff,0xff,0x00,0xff,0xff,0x00,0xff,0xff,0x00,0xff,0xff,
	0x00,0x00,0x00,0x00,0x00,0x00,0x00,0x00,0x00,0x00,0x00,0x00,0x00,0x00,0x00,0x00,
	0x00,0x00,0x00,0x00,0x00,0x00,0xff,0xff,0x00,0xff,0xff,0x00,0xff,0xff,0x00,0xff,
	0xff,0x00,0xff,0xff,0x00,0xff,0xff,0x00,0xff,0xff,0x00,0xff,0xff,0x00,0xff,0xff,
	0x00,0xff,0xff,0x00,0xff,0xff,0x00,0xff,0xff,0x00,0x00,0x00,0x00,0x00,0x00,0x00,
	0x00,0x00,0x00,0x00,0x00,0x00,0xff,0xff,0x00,0xff,0xff,0x00,0x00,0x00,0x00,0x00,
	0x00,0x00,0xff,0x00,0x00,0xff,0x00,0x00,0xff,0x00,0x00,0xff,0x00,0x00,0x00,0x00,
	0x00,0x00,0x00,0x00,0xff,0xff,0x00,0xff,0xff,0x00,0x00,0x00,0x00,0x00,0x00,0x00,
	0x00,0x00,0x00,0xff,0x00,0x00,0xff,0xff,0x00,0xff,0xff,0x00,0xff,0xff,0x00,0xff,
	0x00,0x00,0xff,0x00,0x00,0xff,0xff,0x00,0xff,0xff,0x00,0xff,0xff,0x00,0xff,0x00,
	0x00,0xff,0xff,0x00,0xff,0xff,0x00,0xff,0xff,0x00,0xff,0x00,0x00,0x00,0x00,0x00,
	0x00,0x00,0x00,0x00,0x00,0x00,0x00,0x00,0x00,0xff,0xff,0x00,0xff,0xff,0x00,0xff,
	0xff,0x00,0xff,0xff,0x00,0x00,0x00,0x00,0x00,0x00,0x00,0xff,0xff,0x00,0xff,0xff,
	0x00,0xff,0xff,0x00,0xff,0xff,0x00,0x00,0x00,0x00,0x00,0x00,0x00,0x00,0x00,0x00,
	0x00,0x00,0x00,0x00,0x00,0x00,0x00,0x00,0x00,0x00,0x00,0x00,0x00,0x00,0x00,0x00,
	0x00,0x00,0x00,0x00,0x00,0x00,0x00,0x00,0x00,0x00,0x00,0x00,0x00,0x00,0x00,0x00,
	0x00,0x00,0x00,0x00,0x00,0x00,0x00,0x00,0x00,0x00,0x00,0x00,0x00,0x00,0x00,0x00,
	0x00,0x00,0x00,0x00,0x00,0x00,0x00,0x00,0x00,0x00,0x00,0x00,0x00,0x00,0x00,0x00,
	0x00,0x00,0x00,0x00,0x00,0x00,0x00,0x00,0x00,0x00,0x00,0x00,0x00,0x00,0x00,0x00,
	0x00,0x00,0x00,0x00,0x00,0x00,0x00,0x00,0x00,0x00,0x00,0x00,0x00,0x00,0x00,0x00,
	0x00,0x00,0x00,0x00,0x00,0x00,0x00,0x00,0x00,0x00,0x00,0x00,0x00,0x00,0x00,0x00,
	0x00,0x00,0x00,0x00,0x00,0x00,0x00,0x00,0x00,0x00,0x00,0xff,0xff,0x00,0xff,0xff,
	0x00,0xff,0xff,0x00,0xff,0xff,0x00,0x00,0x00,0x00,0x00,0x00,0x00,0x00,0x00,0x00,
	0x00,0x00,0x00,0x00,0x00,0x00,0x00,0x00,0x00,0xff,0xff,0x00,0xff,0xff,0x00,0xff,
	0xff,0x00,0xff,0xff,0x00,0x00,0x00,0x00,0x00,0x00,0x00,0x00,0x00,0x00,0x00,0x00,
	0x00,0x00,0x00,0x00,0x00,0x00,0x00,0x00,0x00,0x00,0x00,0x00,0x00,0x00,0x00,0x00,
	0x00,0x00,0x00,0x00,0x00,0x00,0x00,0x00,0x00,0x00,0x00,0x00,0x00,0x00,0x00,0x00,
	0x00,0x00,0x00,0x00,0x00,0x00,0x00,0x00,0x00,0x00,0x00,0x00,0x00,0x00,0x00,0x00,
	0x00,0x00,0x00,0x00,0x00,0x00,0x00,0x00,0x00,0x00,0x00,0x00,0x00,0x00,0x00,0x00,
	0x00,0x00,0x00,0xff,0xff,0x00,0x00,0x00,0x00,0x00,0x00,0x00,0xff,0xff,0x00,0xff,
	0x00,0x00,0xff,0x00,0x00,0xff,0x00,0x00,0xff,0x00,0x00,0xff,0x00,0x00,0xff,0x00,
	0x00,0xff,0xff,0x00,0x00,0x00,0x00,0x00,0x00,0x00,0xff,0xff,0x00,0x00,0x00,0x00,
	0x00,0x00,0x00,0x00,0x00,0x00,0xff,0x00,0x00,0xff,0xff,0x00,0xff,0xff,0x00,0xff,
	0xff,0x00,0xff,0xff,0x00,0x00,0x00,0x00,0x00,0x00,0x00,0x00,0x00,0x00,0xff,0xff,
	0x00,0xff,0xff,0x00,0xff,0xff,0x00,0xff,0x00,0x00,0x00,0x00,0x00,0x00,0x00,0x00,
	0x00,0x00,0x00,0x00,0x00,0x00,0x00,0x00,0x00,0x00,0x00,0x00,0x00,0x00,0x00,0x00,
	0x00,0x00,0x00,0x00,0x00,0x00,0x00,0x00,0x00,0x00,0x00,0x00,0x00,0x00,0x00,0x00,
	0x00,0x00,0x00,0x00,0x00,0x00,0x00,0x00,0x00,0x00,0x00,0x00,0x00,0x00,0x00,0x00,
	0x00,0x00,0x00,0x00,0x00,0x00,0x00,0x00,0x00,0x00,0x00,0x00,0x00,0x00,0x00,0x00,
	0x00,0x00,0x00,0x00,0x00,0x00,0x00,0x00,0x00,0x00,0x00,0x00,0x00,0x00,0x00,0x00,
	0x00,0x00,0x00,0x00,0x00,0x00,0x00,0x00,0x00,0x00,0x00,0x00,0x00,0x00,0x00,0x00,
	0x00,0x00,0x00,0x00,0x00,0x00,0x00,0x00,0x00,0x00,0x00,0x00,0x00,0x00,0x00,0x00,
	0x00,0x00,0x00,0x00,0x00,0x00,0x00,0x00,0x00,0x00,0x00,0x00,0x00,0x00,0x00,0x00,
	0x00,0x00,0x00,0x00,0x00,0x00,0x00,0x00,0x00,0x00,0x00,0x00,0x00,0x00,0x00,0x00,
	0x00,0x00,0x00,0x00,0x00,0x00,0x00,0x00,0x00,0x00,0x00,0x00,0x00,0x00,0x00,0x00,
	0x00,0x00,0x00,0x00,0x00,0x00,0x00,0x00,0x00,0x00,0x00,0x00,0x00,0x00,0x00,0x00,
	0x00,0x00,0x00,0x00,0x00,0x00,0x00,0x00,0x00,0x00,0x00,0x00,0x00,0x00,0x00,0x00,
	0x00,0x00,0x00,0x00,0x00,0x00,0x00,0x00,0x00,0x00,0x00,0x00,0x00,0x00,0x00,0x00,
	0x00,0x00,0x00,0x00,0x00,0x00,0x00,0x00,0x00,0x00,0x00,0x00,0x00,0x00,0x00,0x00,
	0x00,0x00,0x00,0x00,0x00,0x00,0x00,0x00,0x00,0x00,0x00,0x00,0x00,0x00,0x00,0x00,
	0x00,0x00,0x00,0x00,0x00,0x00,0x00,0x00,0x00,0x00,0x00,0x00,0x00,0x00,0xff,0x00,
	0x00,0x00,0x00,0x00,0xff,0x00,0x00,0x00,0x00,0x00,0xff,0x00,0x00,0x00,0x00,0x00,
	0xff,0x00,0x00,0x00,0x00,0x00,0xff,0x00,0x00,0x00,0x00,0x00,0x00,0x00,0x00,0x00,
	0x00,0x00,0x00,0xff,0xff,0x00,0x00,0x00,0x00,0x00,0x00,0x00,0xff,0xff,0x00,0xff,
	0x00,0x00,0xff,0x00,0x00,0xff,0x00,0x00,0xff,0x00,0x00,0xff,0x00,0x00,0xff,0x00,
	0x00,0xff,0xff,0x00,0x00,0x00,0x00,0x00,0x00,0x00,0xff,0xff,0x00,0x00,0x00,0x00,
	0x00,0x00,0x00,0x00,0x00,0x00,0xff,0xff,0x00,0x00,0x00,0x00,0xff,0xff,0x00,0x00,
	0x00,0x00,0x00,0x00,0x00,0x00,0x00,0x00,0x00,0x00,0x00,0xff,0xff,0x00,0x00,0x00,
	0x00,0xff,0xff,0x00,0xff,0xff,0x00,0x00,0x00,0x00,0x00,0x00,0x00,0x00,0x00,0x00,
	0x00,0x00,0x00,0x00,0x00,0x00,0x00,0x00,0x00,0x00,0x00,0x00,0x00,0x00,0x00,0x00,
	0x00,0x00,0x00,0x00,0x00,0x00,0x00,0x00,0x00,0x00,0x00,0x00,0x00,0x00,0x00,0x00,
	0x00,0x00,0x00,0x00,0x00,0x00,0x00,0x00,0x00,0x00,0x00,0x00,0x00,0x00,0x00,0x00,
	0x00,0x00,0x00,0x00,0x00,0x00,0x00,0x00,0x00,0x00,0x00,0x00,0x00,0x00,0x00,0x00,
	0x00,0x00,0x00,0x00,0x00,0x00,0x00,0x00,0x00,0x00,0x00,0x00,0x00,0x00,0x00,0x00,
	0x00,0x00,0x00,0x00,0x00,0x00,0x00,0x00,0x00,0x00,0x00,0x00,0x00,0x00,0x00,0x00,
	0x00,0x00,0x00,0x00,0x00,0x00,0x00,0x00,0x00,0x00,0x00,0x00,0x00,0x00,0x00,0x00,
	0x00,0x00,0x00,0x00,0x00,0x00,0x00,0x00,0x00,0x00,0x00,0x00,0x00,0x00,0x00,0x00,
	0x00,0x00,0x00,0x00,0x00,0x00,0x00,0x00,0x00,0x00,0x00,0x00,0x00,0x00,0x00,0x00,
	0x00,0x00,0x00,0x00,0x00,0x00,0x00,0x00,0x00,0x00,0x00,0x00,0x00,0x00,0x00,0x00,
	0x00,0x00,0x00,0x00,0x00,0x00,0x00,0x00,0x00,0x00,0x00,0x00,0x00,0x00,0x00,0x00,
	0x00,0x00,0x00,0x00,0x00,0x00,0x00,0x00,0x00,0x00,0x00,0x00,0x00,0x00,0x00,0x00,
	0x00,0x00,0x00,0x00,0x00,0x00,0x00,0x00,0x00,0x00,0x00,0x00,0xff,0xff,0x00,0xff,
	0xff,0x00,0xff,0xff,0x00,0x00,0x00,0x00,0x00,0x00,0x00,0x00,0x00,0x00,0x00,0x00,
	0x00,0x00,0x00,0x00,0x00,0x00,0x00,0x00,0x00,0x00,0x00,0x00,0x00,0x00,0x00,0x00,
	0x00,0x00,0x00,0x00,0x00,0x00,0x00,0x00,0x00,0x00,0x00,0xff,0x00,0x00,0x00,0x00,
	0x00,0xff,0x00,0x00,0x00,0x00,0x00,0xff,0x00,0x00,0x00,0xff,0xff,0x00,0x00,0x00,
	0x00,0xff,0xff,0x00,0x00,0x00,0x00,0x00,0x00,0xff,0x00,0x00,0x00,0x00,0x00,0x00,
	0x00,0x00,0x00,0x00,0x00,0x00,0xff,0xff,0x00,0xff,0xff,0x00,0xff,0x00,0x00,0xff,
	0x00,0x00,0xff,0x00,0x00,0x00,0x00,0x00,0x00,0x00,0x00,0xff,0x00,0x00,0xff,0x00,
	0x00,0xff,0x00,0x00,0xff,0xff,0x00,0xff,0xff,0x00,0x00,0x00,0x00,0x00,0x00,0x00,
	0x00,0x00,0x00,0xff,0xff,0x00,0x00,0x00,0x00,0x00,0x00,0x00,0x00,0x00,0x00,0xff,
	0x00,0x00,0xff,0xff,0x00,0x00,0x00,0x00,0xff,0xff,0x00,0xff,0x00,0x00,0xff,0x00,
	0x00,0x00,0x00,0x00,0x00,0x00,0x00,0xff,0xff,0x00,0xff,0xff,0x00,0x00,0x00,0x00,
	0x00,0x00,0x00,0x00,0x00,0x00,0x00,0x00,0x00,0x00,0x00,0x00,0x00,0x00,0x00,0x00,
	0x00,0x00,0x00,0x00,0x00,0x00,0x00,0x00,0x00,0x00,0x00,0x00,0x00,0x00,0x00,0x00,
	0x00,0x00,0x00,0x00,0x00,0x00,0x00,0x00,0x00,0x00,0x00,0x00,0x00,0x00,0x00,0x00,
	0x00,0x00,0x00,0x00,0x00,0x00,0x00,0x00,0x00,0x00,0x00,0x00,0x00,0x00,0x00,0x00,
	0x00,0x00,0x00,0x00,0x00,0x00,0x00,0x00,0x00,0x00,0x00,0x00,0x00,0x00,0x00,0x00,
	0x00,0x00,0x00,0x00,0x00,0x00,0x00,0x00,0x00,0x00,0x00,0x00,0x00,0x00,0x00,0x00,
	0x00,0x00,0x00,0x00,0x00,0x00,0x00,0x00,0x00,0x00,0x00,0x00,0x00,0x00,0x00,0x00,
	0x00,0x00,0x00,0x00,0x00,0x00,0x00,0x00,0x00,0x00,0x00,0x00,0x00,0x00,0x00,0x00,
	0x00,0x00,0x00,0x00,0x00,0x00,0x00,0x00,0x00,0x00,0x00,0x00,0x00,0x00,0x00,0x00,
	0x00,0x00,0x00,0x00,0x00,0x00,0x00,0x00,0x00,0x00,0x00,0x00,0x00,0x00,0x00,0x00,
	0x00,0x00,0x00,0x00,0x00,0x00,0x00,0x00,0x00,0x00,0x00,0x00,0x00,0x00,0x00,0x00,
	0x00,0x00,0x00,0x00,0x00,0x00,0x00,0x00,0x00,0x00,0x00,0x00,0x00,0x00,0x00,0x00,
	0x00,0x00,0x00,0x00,0x00,0x00,0x00,0x00,0x00,0xff,0xff,0x00,0xff,0xff,0x00,0xff,
	0xff,0x00,0xff,0xff,0x00,0xff,0xff,0x00,0xff,0xff,0x00,0xff,0xff,0x00,0xff,0xff,
	0x00,0xff,0xff,0x00,0x00,0x00,0x00,0x00,0x00,0x00,0x00,0x00,0x00,0x00,0x00,0x00,
	0x00,0x00,0x00,0x00,0x00,0x00,0x00,0x00,0xff,0x00,0x00,0x00,0x00,0x00,0xff,0x00,
	0x00,0x00,0x00,0x00,0xff,0x00,0x00,0x00,0x00,0x00,0xff,0x00,0x00,0x00,0x00,0x00,
	0xff,0x00,0x00,0x00,0xff,0xff,0x00,0x00,0x00,0x00,0x00,0x00,0xff,0x00,0x00,0x00,
	0x00,0x00,0x00,0x00,0x00,0x00,0xff,0x00,0x00,0xff,0x00,0x00,0xff,0x00,0x00,0xff,
	0x00,0x00,0xff,0x00,0x00,0xff,0x00,0x00,0xff,0x00,0x00,0xff,0x00,0x00,0xff,0x00,
	0x00,0xff,0x00,0x00,0xff,0x00,0x00,0xff,0x00,0x00,0x00,0x00,0x00,0x00,0x00,0x00,
	0x00,0x00,0x00,0x00,0x00,0x00,0xff,0xff,0x00,0xff,0xff,0x00,0xff,0xff,0x00,0xff,
	0xff,0x00,0xff,0x00,0x00,0xff,0x00,0x00,0xff,0x00,0x00,0xff,0x00,0x00,0x00,0x00,
	0x00,0x00,0x00,0x00,0xff,0xff,0x00,0xff,0xff,0x00,0x00,0x00,0x00,0xff,0xff,0x00,
	0x00,0x00,0x00,0x00,0x00,0x00,0x00,0x00,0x00,0x00,0x00,0x00,0x00,0x00,0x00,0x00,
	0x00,0x00,0x00,0x00,0x00,0x00,0x00,0x00,0x00,0x00,0x00,0x00,0x00,0x00,0x00,0x00,
	0x00,0x00,0x00,0x00,0x00,0x00,0x00,0x00,0x00,0x00,0x00,0x00,0x00,0x00,0x00,0x00,
	0x00,0x00,0x00,0x00,0x00,0x00,0x00,0x00,0x00,0x00,0x00,0x00,0x00,0x00,0x00,0x00,
	0x00,0x00,0x00,0x00,0x00,0x00,0x00,0x00,0xff,0xff,0x00,0xff,0xff,0x00,0xff,0xff,
	0x00,0xff,0xff,0x00,0xff,0xff,0x00,0x00,0x00,0x00,0x00,0x00,0x00,0x00,0x00,0x00,
	0x00,0x00,0x00,0x00,0x00,0x00,0x00,0x00,0x00,0x00,0x00,0x00,0x00,0x00,0x00,0x00,
	0x00,0x00,0x00,0x00,0x00,0xff,0xff,0x00,0xff,0xff,0x00,0xff,0xff,0x00,0xff,0xff,
	0x00,0xff,0xff,0x00,0x00,0x00,0x00,0x00,0x00,0x00,0x00,0x00,0x00,0x00,0x00,0x00,
	0x00,0x00,0x00,0x00,0x00,0x00,0x00,0x00,0x00,0x00,0x00,0x00,0x00,0x00,0x00,0x00,
	0x00,0x00,0x00,0x00,0x00,0x00,0x00,0x00,0x00,0x00,0x00,0x00,0x00,0x00,0x00,0x00,
	0x00,0x00,0x00,0x00,0x00,0x00,0x00,0x00,0x00,0x00,0x00,0x00,0x00,0x00,0x00,0x00,
	0x00,0x00,0x00,0x00,0x00,0x00,0x00,0x00,0x00,0xff,0xff,0x00,0xff,0xff,0x00,0xff,
	0xff,0x00,0xff,0xff,0x00,0xff,0xff,0x00,0xff,0xff,0x00,0xff,0xff,0x00,0xff,0xff,
	0x00,0xff,0xff,0x00,0xff,0xff,0x00,0xff,0xff,0x00,0x00,0x00,0x00,0x00,0x00,0x00,
	0x00,0x00,0x00,0x00,0x00,0xff,0x00,0x00,0x00,0x00,0x00,0x00,0x00,0x00,0x00,0x00,
	0x00,0xff,0x00,0x00,0x00,0x00,0x00,0xff,0x00,0x00,0x00,0x00,0x00,0xff,0x00,0x00,
	0x00,0xff,0xff,0x00,0x00,0x00,0x00,0xff,0xff,0x00,0x00,0x00,0x00,0x00,0x00,0xff,
	0x00,0x00,0x00,0xff,0x00,0x00,0xff,0x00,0x00,0xff,0x00,0x00,0xff,0x00,0x00,0xff,
	0x00,0x00,0xff,0x00,0x00,0xff,0x00,0x00,0xff,0x00,0x00,0xff,0x00,0x00,0xff,0x00,
	0x00,0x00,0x00,0xff,0x00,0x00,0xff,0x00,0x00,0xff,0x00,0x00,0xff,0x00,0x00,0x00,
	0xff,0xff,0x00,0xff,0xff,0x00,0xff,0xff,0x00,0xff,0xff,0x00,0xff,0xff,0x00,0xff,
	0x00,0x00,0xff,0x00,0x00,0xff,0x00,0x00,0xff,0x00,0x00,0xff,0xff,0x00,0xff,0x00,
	0x00,0xff,0xff,0x00,0xff,0xff,0x00,0xff,0xff,0x00,0xff,0xff,0x00,0xff,0xff,0x00,
	0x00,0x00,0x00,0x00,0x00,0x00,0x00,0x00,0x00,0x00,0x00,0x00,0x00,0x00,0x00,0xff,
	0xff,0x00,0xff,0xff,0x00,0xff,0xff,0x00,0xff,0xff,0x00,0xff,0xff,0x00,0x00,0x00,
	0x00,0x00,0x00,0x00,0x00,0x00,0x00,0x00,0x00,0x00,0x00,0x00,0x00,0x00,0x00,0x00,
	0x00,0x00,0x00,0x00,0x00,0x00,0x00,0x00,0x00,0x00,0x00,0x00,0x00,0x00,0x00,0x00,
	0x00,0x00,0xff,0xff,0x00,0xff,0xff,0x00,0xff,0xff,0x00,0xff,0xff,0x00,0xff,0xff,
	0x00,0xff,0xff,0x00,0xff,0xff,0x00,0xff,0xff,0x00,0xff,0xff,0x00,0x00,0x00,0x00,
	0x00,0x00,0x00,0x00,0x00,0x00,0x00,0x00,0x00,0x00,0x00,0x00,0x00,0x00,0x00,0xff,
	0xff,0x00,0xff,0xff,0x00,0xff,0xff,0x00,0xff,0xff,0x00,0xff,0xff,0x00,0xff,0xff,
	0x00,0xff,0xff,0x00,0xff,0xff,0x00,0xff,0xff,0x00,0x00,0x00,0x00,0x00,0x00,0x00,
	0x00,0x00,0x00,0x00,0x00,0x00,0x00,0x00,0x00,0xff,0xff,0x00,0xff,0xff,0x00,0xff,
	0xff,0x00,0xff,0xff,0x00,0xff,0xff,0x00,0x00,0x00,0x00,0x00,0x00,0x00,0x00,0x00,
	0x00,0x00,0x00,0x00,0x00,0x00,0x00,0x00,0x00,0x00,0x00,0x00,0x00,0x00,0x00,0x00,
	0x00,0x00,0x00,0x00,0x00,0x00,0xff,0xff,0x00,0xff,0xff,0x00,0xff,0xff,0x00,0xff,
	0xff,0x00,0xff,0xff,0x00,0xff,0xff,0x00,0xff,0xff,0x00,0xff,0xff,0x00,0xff,0xff,
	0x00,0xff,0xff,0x00,0xff,0xff,0x00,0xff,0xff,0x00,0x00,0x00,0x00,0x00,0x00,0x00,
	0x00,0x00,0xff,0x00,0x00,0x00,0x00,0x00,0x00,0x00,0x00,0x00,0x00,0x00,0xff,0x00,
	0x00,0x00,0x00,0x00,0xff,0x00,0x00,0x00,0x00,0x00,0xff,0x00,0x00,0x00,0x00,0x00,
	0xff,0x00,0x00,0x00,0x00,0x00,0xff,0x00,0x00,0x00,0xff,0xff,0x00,0x00,0x00,0x00,
	0x00,0x00,0x00,0xff,0x00,0x00,0xff,0x00,0x00,0xff,0x00,0x00,0xff,0x00,0x00,0xff,
	0x00,0x00,0xff,0x00,0x00,0xff,0x00,0x00,0xff,0x00,0x00,0xff,0x00,0x00,0xff,0x00,
	0x00,0x00,0x00,0xff,0x00,0x00,0xff,0x00,0x00,0xff,0x00,0x00,0xff,0x00,0x00,0xff,
	0xff,0xff,0x00,0x00,0x00,0x00,0x00,0x00,0x00,0xff,0xff,0x00,0x00,0x00,0x00,0xff,
	0x00,0x00,0xff,0x00,0x00,0xff,0xff,0x00,0xff,0xff,0x00,0xff,0x00,0x00,0xff,0xff,
	0x00,0xff,0xff,0x00,0x00,0x00,0x00,0x00,0x00,0x00,0xff,0xff,0x00,0x00,0x00,0x00,
	0x00,0x00,0x00,0x00,0x00,0x00,0x00,0x00,0x00,0xff,0xff,0x00,0xff,0xff,0x00,0xff,
	0xff,0x00,0xff,0xff,0x00,0xff,0xff,0x00,0xff,0xff,0x00,0xff,0xff,0x00,0xff,0xff,
	0x00,0xff,0xff,0x00,0x00,0x00,0x00,0x00,0x00,0x00,0x00,0x00,0x00,0x00,0x00,0x00,
	0x00,0x00,0x00,0x00,0x00,0x00,0x00,0x00,0x00,0x00,0x00,0x00,0x00,0x00,0x00,0x00,
	0x00,0x00,0xff,0xff,0x00,0x00,0x00,0x00,0xff,0xff,0x00,0xff,0xff,0x00,0xff,0xff,
	0x00,0xff,0xff,0x00,0xff,0xff,0x00,0xff,0xff,0x00,0xff,0xff,0x00,0xff,0xff,0x00,
	0x00,0x00,0x00,0x00,0x00,0x00,0x00,0x00,0x00,0x00,0x00,0x00,0x00,0x00,0x00,0xff,
	0xff,0x00,0x00,0x00,0x00,0xff,0xff,0x00,0xff,0xff,0x00,0xff,0xff,0x00,0xff,0xff,
	0x00,0xff,0xff,0x00,0xff,0xff,0x00,0xff,0xff,0x00,0xff,0xff,0x00,0x00,0x00,0x00,
	0x00,0x00,0x00,0xff,0xff,0x00,0xff,0xff,0x00,0xff,0xff,0x00,0xff,0xff,0x00,0xff,
	0xff,0x00,0xff,0xff,0x00,0xff,0xff,0x00,0xff,0xff,0x00,0xff,0xff,0x00,0x00,0x00,
	0x00,0x00,0x00,0x00,0x00,0x00,0x00,0x00,0x00,0x00,0x00,0x00,0x00,0x00,0x00,0x00,
	0x00,0x00,0x00,0x00,0x00,0x00,0xff,0xff,0x00,0xff,0xff,0x00,0xff,0xff,0x00,0xff,
	0xff,0x00,0xff,0xff,0x00,0xff,0xff,0x00,0xff,0xff,0x00,0xff,0xff,0x00,0xff,0xff,
	0x00,0xff,0xff,0x00,0xff,0xff,0x00,0xff,0xff,0x00,0x00,0x00,0x00,0x00,0x00,0x00,
	0x00,0x00,0x00,0x00,0x00,0xff,0x00,0x00,0x00,0x00,0x00,0xff,0x00,0x00,0x00,0x00,
	0x00,0xff,0x00,0x00,0x00,0x00,0x00,0xff,0x00,0x00,0x00,0x00,0x00,0xff,0x00,0x00,
	0x00,0x00,0x00,0xff,0x00,0x00,0x00,0xff,0xff,0x00,0x00,0x00,0x00,0x00,0x00,0xff,
	0x00,0x00,0x00,0x00,0x00,0xff,0x00,0x00,0xff,0x00,0x00,0xff,0x00,0x00,0xff,0xff,
	0x00,0x00,0x00,0x00,0x00,0x00,0x00,0x00,0x00,0x00,0x00,0x00,0x00,0x00,0xff,0x00,
	0x00,0xff,0x00,0x00,0xff,0x00,0x00,0x00,0x00,0xff,0x00,0x00,0xff,0x00,0x00,0xff,
	0x00,0x00,0x00,0xff,0xff,0x00,0xff,0xff,0x00,0xff,0xff,0x00,0xff,0x00,0x00,0xff,
	0xff,0x00,0xff,0x00,0x00,0x00,0x00,0x00,0x00,0x00,0x00,0xff,0x00,0x00,0xff,0x00,
	0x00,0xff,0xff,0x00,0xff,0xff,0x00,0xff,0xff,0x00,0x00,0x00,0x00,0xff,0xff,0x00,
	0x00,0x00,0x00,0x00,0x00,0x00,0x00,0x00,0x00,0xff,0xff,0x00,0x00,0x00,0x00,0xff,
	0xff,0x00,0xff,0xff,0x00,0xff,0xff,0x00,0xff,0xff,0x00,0xff,0xff,0x00,0xff,0xff,
	0x00,0xff,0xff,0x00,0xff,0xff,0x00,0x00,0x00,0x00,0x00,0x00,0x00,0x00,0x00,0x00,
	0x00,0x00,0x00,0x00,0x00,0x00,0x00,0x00,0x00,0x00,0x00,0x00,0x00,0x00,0x00,0xff,
	0x00,0x00,0xff,0xff,0x00,0x00,0x00,0x00,0xff,0xff,0x00,0xff,0xff,0x00,0xff,0xff,
	0x00,0xff,0xff,0x00,0xff,0xff,0x00,0xff,0xff,0x00,0xff,0xff,0x00,0xff,0xff,0x00,
	0x00,0x00,0x00,0x00,0x00,0x00,0x00,0x00,0x00,0x00,0x00,0x00,0xff,0x00,0x00,0xff,
	0xff,0x00,0x00,0x00,0x00,0xff,0xff,0x00,0xff,0xff,0x00,0xff,0xff,0x00,0xff,0xff,
	0x00,0xff,0xff,0x00,0xff,0xff,0x00,0xff,0xff,0x00,0xff,0xff,0x00,0x00,0x00,0x00,
	0x00,0x00,0x00,0xff,0xff,0x00,0x00,0x00,0x00,0xff,0xff,0x00,0xff,0xff,0x00,0xff,
	0xff,0x00,0xff,0xff,0x00,0xff,0xff,0x00,0xff,0xff,0x00,0xff,0xff,0x00,0xff,0xff,
	0x00,0x00,0x00,0x00,0x00,0x00,0x00,0x00,0x00,0x00,0x00,0x00,0x00,0x00,0x00,0x00,
	0x00,0x00,0x00,0x00,0x00,0x00,0xff,0xff,0x00,0xff,0xff,0x00,0xff,0xff,0x00,0xff,
	0xff,0x00,0xff,0xff,0x00,0xff,0xff,0x00,0xff,0xff,0x00,0xff,0xff,0x00,0xff,0xff,
	0x00,0xff,0xff,0x00,0xff,0xff,0x00,0x00,0x00,0x00,0x00,0x00,0x00,0x00,0x00,0x00,
	0x00,0x00,0xff,0x00,0x00,0x00,0x00,0x00,0xff,0x00,0x00,0x00,0x00,0x00,0xff,0x00,
	0x00,0x00,0x00,0x00,0xff,0x00,0x00,0x00,0x00,0x00,0xff,0x00,0x00,0x00,0x00,0x00,
	0xff,0x00,0x00,0x00,0x00,0x00,0xff,0x00,0x00,0x00,0xff,0xff,0x00,0x00,0x00,0x00,
	0x00,0x00,0xff,0x00,0x00,0xff,0x00,0x00,0xff,0x00,0x00,0xff,0x00,0x00,0xff,0x00,
	0x00,0x00,0x00,0x00,0x00,0x00,0x00,0x00,0x00,0x00,0x00,0x00,0x00,0x00,0x00,0x00,
	0x00,0xff,0x00,0x00,0xff,0x00,0x00,0x00,0x00,0xff,0x00,0x00,0xff,0x00,0x00,0x00,
	0x00,0x00,0x00,0x00,0x00,0x00,0xff,0xff,0x00,0xff,0x00,0x00,0xff,0x00,0x00,0xff,
	0x00,0x00,0xff,0xff,0x00,0xff,0xff,0x00,0xff,0xff,0x00,0xff,0x00,0x00,0xff,0x00,
	0x00,0xff,0x00,0x00,0xff,0xff,0x00,0xff,0x00,0x00,0x00,0x00,0x00,0x00,0x00,0x00,
	0x00,0x00,0x00,0x00,0x00,0x00,0xff,0x00,0x00,0xff,0xff,0x00,0x00,0x00,0x00,0xff,
	0xff,0x00,0xff,0xff,0x00,0xff,0xff,0x00,0xff,0xff,0x00,0xff,0xff,0x00,0xff,0xff,
	0x00,0xff,0xff,0x00,0xff,0xff,0x00,0x00,0x00,0x00,0x00,0x00,0x00,0x00,0x00,0x00,
	0x00,0x00,0x00,0x00,0x00,0x00,0x00,0x00,0x00,0x00,0x00,0x00,0x00,0x00,0x00,0xff,
	0xff,0x00,0xff,0xff,0x00,0x00,0x00,0x00,0xff,0xff,0x00,0xff,0xff,0x00,0xff,0xff,
	0x00,0xff,0xff,0x00,0xff,0xff,0x00,0xff,0xff,0x00,0xff,0xff,0x00,0xff,0xff,0x00,
	0x00,0x00,0x00,0x00,0x00,0x00,0x00,0x00,0x00,0x00,0x00,0x00,0xff,0xff,0x00,0xff,
	0xff,0x00,0x00,0x00,0x00,0xff,0xff,0x00,0xff,0xff,0x00,0x00,0x00,0x00,0x00,0x00,
	0x00,0xff,0xff,0x00,0xff,0xff,0x00,0xff,0xff,0x00,0xff,0xff,0x00,0xff,0x00,0x00,
	0xff,0x00,0x00,0xff,0xff,0x00,0x00,0x00,0x00,0xff,0xff,0x00,0xff,0xff,0x00,0xff,
	0xff,0x00,0xff,0xff,0x00,0xff,0xff,0x00,0xff,0xff,0x00,0xff,0xff,0x00,0xff,0xff,
	0x00,0x00,0x00,0x00,0x00,0x00,0x00,0x00,0x00,0x00,0x00,0x00,0x00,0x00,0x00,0x00,
	0x00,0x00,0x00,0x00,0x00,0x00,0x00,0x00,0x00,0xff,0xff,0x00,0xff,0xff,0x00,0xff,
	0xff,0x00,0xff,0xff,0x00,0xff,0xff,0x00,0xff,0xff,0x00,0xff,0xff,0x00,0xff,0xff,
	0x00,0xff,0xff,0x00,0xff,0xff,0x00,0x00,0x00,0x00,0x00,0x00,0x00,0x00,0x00,0x00,
	0x00,0x00,0x00,0x00,0x00,0xff,0x00,0x00,0x00,0x00,0x00,0xff,0x00,0x00,0x00,0x00,
	0x00,0xff,0x00,0x00,0x00,0x00,0x00,0xff,0x00,0x00,0x00,0x00,0x00,0xff,0x00,0x00,
	0x00,0x00,0x00,0xff,0x00,0x00,0x00,0xff,0xff,0x00,0x00,0x00,0x00,0x00,0x00,0xff,
	0x00,0x00,0xff,0x00,0x00,0xff,0x00,0x00,0xff,0x00,0x00,0x00,0x00,0x00,0x00,0x00,
	0x00,0x00,0x00,0x00,0x00,0x00,0x00,0x00,0x00,0x00,0x00,0x00,0x00,0x00,0x00,0x00,
	0x00,0x00,0x00,0x00,0x00,0x00,0x00,0x00,0x00,0x00,0x00,0x00,0x00,0x00,0x00,0x00,
	0x00,0x00,0x00,0xff,0x00,0x00,0xff,0x00,0x00,0xff,0xff,0x00,0x00,0x00,0xff,0xff,
	0xff,0x00,0xff,0x00,0x00,0xff,0x00,0x00,0xff,0x00,0x00,0xff,0xff,0x00,0xff,0x00,
	0x00,0x00,0x00,0xff,0xff,0xff,0x00,0xff,0xff,0x00,0xff,0x00,0x00,0x00,0x00,0x00,
	0x00,0x00,0x00,0x00,0x00,0x00,0xff,0xff,0x00,0xff,0xff,0x00,0x00,0x00,0x00,0xff,
	0xff,0x00,0xff,0xff,0x00,0xff,0xff,0x00,0xff,0xff,0x00,0x00,0x00,0x00,0x00,0x00,
	0x00,0xff,0xff,0x00,0xff,0xff,0x00,0x00,0x00,0x00,0x00,0x00,0x00,0x00,0x00,0x00,
	0x00,0x00,0x00,0x00,0x00,0x00,0x00,0x00,0x00,0x00,0x00,0x00,0x00,0x00,0x00,0x00,
	0x00,0x00,0xff,0xff,0x00,0xff,0xff,0x00,0xff,0xff,0x00,0xff,0xff,0x00,0xff,0xff,
	0x00,0xff,0xff,0x00,0xff,0xff,0x00,0xff,0xff,0x00,0xff,0xff,0x00,0xff,0xff,0x00,
	0x00,0x00,0x00,0x00,0x00,0x00,0x00,0x00,0x00,0x00,0x00,0x00,0xff,0xff,0x00,0xff,
	0xff,0x00,0xff,0xff,0x00,0xff,0xff,0x00,0x00,0x00,0x00,0xff,0xff,0x00,0xff,0xff,
	0x00,0xff,0xff,0x00,0xff,0xff,0x00,0xff,0xff,0x00,0xff,0xff,0x00,0xff,0x00,0x00,
	0xff,0xff,0x00,0xff,0xff,0x00,0x00,0x00,0x00,0xff,0xff,0x00,0xff,0xff,0x00,0xff,
	0xff,0x00,0xff,0xff,0x00,0x00,0x00,0x00,0x00,0x00,0x00,0xff,0xff,0x00,0xff,0xff,
	0x00,0x00,0x00,0x00,0x00,0x00,0x00,0x00,0x00,0x00,0x00,0x00,0x00,0x00,0x00,0x00,
	0x00,0x00,0x00,0x00,0x00,0x00,0x00,0x00,0x00,0x00,0x00,0x00,0x00,0x00,0x00,0x00,
	0x00,0x00,0x00,0x00,0x00,0x00,0x00,0x00,0x00,0x00,0x00,0x00,0x00,0x00,0x00,0x00,
	0x00,0x00,0x00,0x00,0x00,0x00,0x00,0x00,0x00,0x00,0x00,0x00,0x00,0x00,0x00,0x00,
	0x00,0x00,0xff,0x00,0x00,0x00,0x00,0x00,0xff,0x00,0x00,0x00,0x00,0x00,0xff,0x00,
	0x00,0x00,0x00,0x00,0xff,0x00,0x00,0x00,0x00,0x00,0xff,0x00,0x00,0x00,0x00,0x00,
	0xff,0x00,0x00,0x00,0x00,0x00,0xff,0x00,0x00,0x00,0x00,0x00,0xff,0x00,0x00,0x00,
	0x00,0x00,0x00,0x00,0x00,0x00,0x00,0x00,0x00,0x00,0x00,0x00,0x00,0x00,0x00,0x00,
	0x00,0x00,0x00,0x00,0x00,0x00,0x00,0x00,0x00,0x00,0x00,0x00,0x00,0x00,0x00,0x00,
	0x00,0x00,0x00,0x00,0x00,0x00,0x00,0x00,0x00,0x00,0x00,0x00,0x00,0x00,0x00,0x00,
	0xff,0xff,0x00,0xff,0xff,0x00,0x00,0x00,0xff,0xff,0x00,0x00,0xff,0x00,0x00,0xff,
	0xff,0x00,0xff,0x00,0x00,0xff,0x00,0x00,0xff,0x00,0x00,0xff,0x00,0x00,0xff,0x00,
	0x00,0xff,0x00,0x00,0xff,0x00,0x00,0x00,0x00,0xff,0xff,0xff,0x00,0x00,0x00,0x00,
	0x00,0x00,0x00,0x00,0x00,0x00,0x00,0x00,0x00,0xff,0xff,0x00,0xff,0xff,0x00,0xff,
	0xff,0x00,0xff,0xff,0x00,0xff,0xff,0x00,0xff,0xff,0x00,0xff,0xff,0x00,0xff,0xff,
	0x00,0x00,0x00,0x00,0xff,0xff,0x00,0x00,0x00,0x00,0x00,0x00,0x00,0x00,0x00,0x00,
	0x00,0x00,0x00,0x00,0x00,0x00,0x00,0x00,0x00,0x00,0x00,0x00,0x00,0x00,0x00,0x00,
	0x00,0x00,0xff,0xff,0x00,0xff,0xff,0x00,0xff,0xff,0x00,0xff,0xff,0x00,0xff,0xff,
	0x00,0xff,0xff,0x00,0xff,0xff,0x00,0x00,0x00,0x00,0xff,0xff,0x00,0xff,0xff,0x00,
	0x00,0x00,0x00,0x00,0x00,0x00,0x00,0x00,0x00,0x00,0x00,0x00,0xff,0xff,0x00,0xff,
	0xff,0x00,0xff,0xff,0x00,0xff,0xff,0x00,0x00,0x00,0x00,0xff,0xff,0x00,0xff,0xff,
	0x00,0xff,0xff,0x00,0xff,0xff,0x00,0xff,0xff,0x00,0xff,0xff,0x00,0xff,0xff,0x00,
	0x00,0x00,0x00,0xff,0xff,0x00,0xff,0xff,0x00,0xff,0xff,0x00,0xff,0xff,0x00,0xff,
	0xff,0x00,0x00,0x00,0x00,0xff,0xff,0x00,0xff,0xff,0x00,0x00,0x00,0x00,0xff,0xff,
	0x00,0x00,0x00,0x00,0x00,0x00,0x00,0x00,0x00,0x00,0x00,0x00,0x00,0x00,0x00,0x00,
	0x00,0x00,0x00,0x00,0x00,0x00,0x00,0x00,0x00,0x00,0x00,0x00,0x00,0x00,0x00,0x00,
	0x00,0x00,0x00,0x00,0x00,0x00,0x00,0x00,0x00,0x00,0x00,0xff,0xff,0x00,0xff,0xff,
	0x00,0xff,0xff,0x00,0x00,0x00,0x00,0x00,0x00,0x00,0x00,0x00,0x00,0x00,0x00,0x00,
	0x00,0x00,0x00,0x00,0x00,0x00,0x00,0x00,0x00,0x00,0x00,0xff,0x00,0x00,0x00,0x00,
	0x00,0x00,0x00,0x00,0x00,0x00,0x00,0xff,0x00,0x00,0x00,0x00,0x00,0xff,0x00,0x00,
	0x00,0x00,0x00,0xff,0x00,0x00,0x00,0x00,0x00,0xff,0x00,0x00,0x00,0x00,0x00,0xff,
	0x00,0x00,0x00,0x00,0x00,0x00,0x00,0x00,0x00,0x00,0x00,0x00,0xff,0x00,0x00,0xff,
	0x00,0x00,0xff,0x00,0x00,0x00,0x00,0x00,0x00,0x00,0x00,0xff,0x00,0x00,0xff,0x00,
	0x00,0xff,0x00,0x00,0xff,0x00,0x00,0x00,0x00,0x00,0x00,0x00,0x00,0x00,0x00,0x00,
	0xff,0xff,0x00,0x00,0x00,0xff,0x00,0x00,0xff,0xff,0xff,0x00,0xff,0x00,0x00,0xff,
	0x00,0x00,0xff,0x00,0x00,0xff,0x00,0x00,0xff,0x00,0x00,0xff,0x00,0x00,0xff,0xff,
	0x00,0xff,0xff,0x00,0xff,0x00,0x00,0xff,0xff,0x00,0x00,0x00,0xff,0x00,0x00,0xff,
	0x00,0x00,0x00,0x00,0x00,0x00,0x00,0x00,0x00,0xff,0xff,0x00,0xff,0xff,0x00,0xff,
	0xff,0x00,0xff,0xff,0x00,0xff,0xff,0x00,0xff,0xff,0x00,0xff,0xff,0x00,0xff,0xff,
	0x00,0x00,0x00,0x00,0xff,0xff,0x00,0x00,0x00,0x00,0x00,0x00,0x00,0x00,0x00,0x00,
	0x00,0x00,0x00,0x00,0x00,0x00,0x00,0x00,0x00,0x00,0x00,0x00,0x00,0x00,0x00,0x00,
	0x00,0x00,0xff,0xff,0x00,0xff,0xff,0x00,0xff,0xff,0x00,0xff,0xff,0x00,0xff,0xff,
	0x00,0xff,0xff,0x00,0xff,0xff,0x00,0xff,0xff,0x00,0x00,0x00,0x00,0xff,0xff,0x00,
	0x00,0x00,0x00,0x00,0x00,0x00,0x00,0x00,0x00,0x00,0x00,0x00,0xff,0xff,0x00,0xff,
	0xff,0x00,0xff,0xff,0x00,0xff,0xff,0x00,0xff,0xff,0x00,0x00,0x00,0x00,0xff,0xff,
	0x00,0xff,0xff,0x00,0xff,0xff,0x00,0xff,0xff,0x00,0xff,0xff,0x00,0xff,0xff,0x00,
	0x00,0x00,0x00,0xff,0xff,0x00,0xff,0xff,0x00,0xff,0xff,0x00,0xff,0xff,0x00,0xff,
	0xff,0x00,0xff,0xff,0x00,0xff,0xff,0x00,0xff,0xff,0x00,0x00,0x00,0x00,0xff,0xff,
	0x00,0x00,0x00,0x00,0x00,0x00,0x00,0x00,0x00,0x00,0x00,0x00,0x00,0x00,0x00,0x00,
	0x00,0x00,0x00,0x00,0x00,0x00,0x00,0x00,0x00,0x00,0x00,0x00,0xff,0xff,0x00,0xff,
	0xff,0x00,0xff,0xff,0x00,0xff,0xff,0x00,0xff,0xff,0x00,0xff,0xff,0x00,0xff,0xff,
	0x00,0xff,0xff,0x00,0xff,0xff,0x00,0x00,0x00,0x00,0x00,0x00,0x00,0x00,0x00,0x00,
	0x00,0x00,0xff,0x00,0x00,0x00,0x00,0x00,0x00,0x00,0x00,0x00,0x00,0x00,0xff,0x00,
	0x00,0x00,0x00,0x00,0x00,0x00,0x00,0x00,0x00,0x00,0xff,0x00,0x00,0x00,0x00,0x00,
	0xff,0x00,0x00,0x00,0x00,0x00,0xff,0x00,0x00,0x00,0x00,0x00,0xff,0x00,0x00,0x00,
	0x00,0x00,0x00,0x00,0x00,0x00,0x00,0x00,0x00,0x00,0x00,0x00,0x00,0x00,0x00,0x00,
	0x00,0x00,0x00,0x00,0x00,0x00,0x00,0x00,0xff,0x00,0x00,0xff,0x00,0x00,0xff,0x00,
	0x00,0xff,0x00,0x00,0xff,0x00,0x00,0xff,0x00,0x00,0x00,0x00,0x00,0x00,0x00,0x00,
	0x00,0x00,0xff,0xff,0xff,0x00,0x00,0x00,0xff,0x00,0x00,0xff,0xff,0xff,0x00,0xff,
	0xff,0x00,0x00,0x00,0x00,0x00,0x00,0x00,0x00,0x00,0x00,0xff,0xff,0x00,0xff,0xff,
	0x00,0x00,0x00,0xff,0x00,0x00,0xff,0xff,0xff,0x00,0x00,0x00,0xff,0xff,0xff,0x00,
	0x00,0x00,0x00,0x00,0x00,0x00,0x00,0x00,0x00,0xff,0xff,0x00,0xff,0xff,0x00,0xff,
	0xff,0x00,0xff,0xff,0x00,0xff,0xff,0x00,0xff,0xff,0x00,0x00,0x00,0x00,0x00,0x00,
	0x00,0xff,0xff,0x00,0xff,0xff,0x00,0x00,0x00,0x00,0x00,0x00,0x00,0x00,0x00,0x00,
	0x00,0x00,0x00,0x00,0x00,0x00,0x00,0x00,0x00,0x00,0x00,0x00,0x00,0x00,0x00,0x00,
	0x00,0x00,0xff,0xff,0x00,0xff,0xff,0x00,0xff,0xff,0x00,0xff,0xff,0x00,0xff,0xff,
	0x00,0xff,0xff,0x00,0xff,0xff,0x00,0xff,0xff,0x00,0x00,0x00,0x00,0xff,0xff,0x00,
	0x00,0x00,0x00,0x00,0x00,0x00,0x00,0x00,0x00,0x00,0x00,0x00,0x00,0x00,0x00,0xff,
	0xff,0x00,0xff,0xff,0x00,0xff,0xff,0x00,0xff,0xff,0x00,0xff,0xff,0x00,0xff,0xff,
	0x00,0xff,0xff,0x00,0xff,0xff,0x00,0xff,0xff,0x00,0xff,0xff,0x00,0xff,0xff,0x00,
	0x00,0x00,0x00,0xff,0xff,0x00,0xff,0xff,0x00,0xff,0xff,0x00,0xff,0xff,0x00,0xff,
	0xff,0x00,0xff,0xff,0x00,0xff,0xff,0x00,0xff,0xff,0x00,0xff,0xff,0x00,0xff,0xff,
	0x00,0x00,0x00,0x00,0x00,0x00,0x00,0x00,0x00,0x00,0x00,0x00,0x00,0x00,0x00,0x00,
	0x00,0x00,0x00,0x00,0x00,0x00,0xff,0xff,0x00,0xff,0xff,0x00,0xff,0xff,0x00,0xff,
	0xff,0x00,0xff,0xff,0x00,0xff,0xff,0x00,0xff,0xff,0x00,0xff,0xff,0x00,0xff,0xff,
	0x00,0xff,0xff,0x00,0xff,0xff,0x00,0x00,0x00,0x00,0x00,0x00,0x00,0x00,0x00,0x00,
	0x00,0x00,0x00,0x00,0x00,0x00,0x00,0x00,0x00,0x00,0x00,0xff,0x00,0x00,0x00,0x00,
	0x00,0xff,0x00,0x00,0x00,0x00,0x00,0x00,0x00,0x00,0x00,0x00,0x00,0x00,0x00,0x00,
	0x00,0x00,0x00,0xff,0x00,0x00,0x00,0x00,0x00,0xff,0x00,0x00,0x00,0x00,0x00,0xff,
	0x00,0x00,0x00,0x00,0x00,0x00,0x00,0x00,0x00,0x00,0x00,0x00,0x00,0x00,0x00,0x00,
	0x00,0x00,0x00,0x00,0x00,0x00,0x00,0x00,0xff,0x00,0x00,0xff,0x00,0x00,0xff,0x00,
	0x00,0xff,0x00,0x00,0xff,0x00,0x00,0xff,0x00,0x00,0x00,0x00,0x00,0x00,0x00,0x00,
	0x00,0x00,0x00,0x00,0x00,0xff,0xff,0xff,0x00,0x00,0x00,0x00,0xff,0xff,0x00,0x00,
	0x00,0x00,0x00,0x00,0x00,0x00,0x00,0x00,0xff,0xff,0x00,0xff,0xff,0x00,0x00,0x00,
	0x00,0x00,0x00,0x00,0x00,0x00,0x00,0x00,0x00,0xff,0xff,0xff,0x00,0xff,0xff,0x00,
	0x00,0x00,0x00,0x00,0x00,0x00,0x00,0x00,0x00,0xff,0xff,0x00,0xff,0xff,0x00,0xff,
	0xff,0x00,0xff,0xff,0x00,0xff,0xff,0x00,0xff,0xff,0x00,0xff,0xff,0x00,0xff,0xff,
	0x00,0xff,0xff,0x00,0xff,0xff,0x00,0x00,0x00,0x00,0x00,0x00,0x00,0x00,0x00,0x00,
	0x00,0x00,0x00,0x00,0x00,0x00,0x00,0x00,0x00,0x00,0x00,0x00,0x00,0x00,0x00,0x00,
	0x00,0x00,0xff,0xff,0x00,0xff,0xff,0x00,0xff,0xff,0x00,0xff,0xff,0x00,0xff,0xff,
	0x00,0x00,0x00,0x00,0x00,0x00,0x00,0x00,0x00,0x00,0xff,0xff,0x00,0xff,0xff,0x00,
	0x00,0x00,0x00,0x00,0x00,0x00,0x00,0x00,0x00,0x00,0x00,0x00,0xff,0xff,0x00,0xff,
	0xff,0x00,0xff,0xff,0x00,0xff,0xff,0x00,0xff,0xff,0x00,0xff,0xff,0x00,0xff,0xff,
	0x00,0xff,0xff,0x00,0xff,0xff,0x00,0xff,0xff,0x00,0xff,0xff,0x00,0x00,0x00,0x00,
	0x00,0x00,0x00,0xff,0xff,0x00,0xff,0xff,0x00,0xff,0xff,0x00,0xff,0xff,0x00,0xff,
	0xff,0x00,0xff,0xff,0x00,0xff,0xff,0x00,0xff,0xff,0x00,0xff,0xff,0x00,0xff,0xff,
	0x00,0xff,0xff,0x00,0x00,0x00,0x00,0x00,0x00,0x00,0x00,0x00,0x00,0x00,0x00,0x00,
	0x00,0x00,0x00,0x00,0x00,0x00,0xff,0xff,0x00,0xff,0xff,0x00,0xff,0xff,0x00,0xff,
	0xff,0x00,0xff,0xff,0x00,0xff,0xff,0x00,0xff,0xff,0x00,0xff,0xff,0x00,0xff,0xff,
	0x00,0xff,0xff,0x00,0xff,0xff,0x00,0xff,0xff,0x00,0x00,0x00,0x00,0x00,0x00,0x00,
	0x00,0x00,0xff,0x00,0x00,0x00,0x00,0x00,0x00,0x00,0x00,0x00,0x00,0x00,0xff,0x00,
	0x00,0x00,0x00,0x00,0xff,0x00,0x00,0x00,0x00,0x00,0x00,0x00,0x00,0x00,0x00,0x00,
	0xff,0x00,0x00,0x00,0x00,0x00,0xff,0x00,0x00,0x00,0x00,0x00,0xff,0x00,0x00,0x00,
	0x00,0x00,0x00,0x00,0x00,0x00,0x00,0x00,0x00,0x00,0x00,0x00,0x00,0x00,0x00,0x00,
	0x00,0x00,0x00,0x00,0x00,0x00,0x00,0x00,0x00,0x00,0x00,0xff,0x00,0x00,0xff,0x00,
	0x00,0xff,0x00,0x00,0xff,0x00,0x00,0x00,0x00,0x00,0x00,0x00,0x00,0x00,0x00,0x00,
	0xff,0xff,0x00,0xff,0xff,0x00,0x00,0x00,0x00,0x00,0x00,0x00,0xff,0x00,0x00,0xff,
	0xff,0x00,0x00,0x00,0x00,0x00,0x00,0x00,0x00,0x00,0x00,0x00,0x00,0x00,0xff,0x00,
	0x00,0xff,0x00,0x00,0x00,0x00,0x00,0x00,0x00,0x00,0xff,0xff,0x00,0x00,0x00,0x00,
	0x00,0x00,0x00,0x00,0x00,0x00,0x00,0x00,0x00,0xff,0xff,0x00,0xff,0xff,0x00,0xff,
	0xff,0x00,0xff,0xff,0x00,0xff,0xff,0x00,0xff,0xff,0x00,0xff,0xff,0x00,0xff,0xff,
	0x00,0xff,0xff,0x00,0xff,0xff,0x00,0x00,0x00,0x00,0x00,0x00,0x00,0x00,0x00,0x00,
	0x00,0x00,0x00,0x00,0x00,0x00,0x00,0x00,0x00,0x00,0x00,0x00,0x00,0x00,0x00,0x00,
	0x00,0x00,0x00,0x00,0x00,0xff,0xff,0x00,0xff,0xff,0x00,0xff,0xff,0x00,0xff,0xff,
	0x00,0xff,0xff,0x00,0xff,0xff,0x00,0xff,0xff,0x00,0xff,0xff,0x00,0x00,0x00,0x00,
	0x00,0x00,0x00,0x00,0x00,0x00,0x00,0x00,0x00,0x00,0x00,0x00,0xff,0xff,0x00,0xff,
	0xff,0x00,0xff,0xff,0x00,0xff,0xff,0x00,0xff,0xff,0x00,0xff,0xff,0x00,0xff,0xff,
	0x00,0xff,0xff,0x00,0xff,0xff,0x00,0xff,0xff,0x00,0x00,0x00,0x00,0x00,0x00,0x00,
	0x00,0x00,0x00,0xff,0xff,0x00,0xff,0xff,0x00,0xff,0xff,0x00,0xff,0xff,0x00,0xff,
	0xff,0x00,0xff,0xff,0x00,0xff,0xff,0x00,0xff,0xff,0x00,0xff,0xff,0x00,0xff,0xff,
	0x00,0xff,0xff,0x00,0x00,0x00,0x00,0x00,0x00,0x00,0x00,0x00,0x00,0x00,0x00,0x00,
	0x00,0x00,0x00,0x00,0x00,0x00,0xff,0xff,0x00,0xff,0xff,0x00,0xff,0xff,0x00,0xff,
	0xff,0x00,0xff,0xff,0x00,0xff,0xff,0x00,0xff,0xff,0x00,0xff,0xff,0x00,0xff,0xff,
	0x00,0xff,0xff,0x00,0xff,0xff,0x00,0xff,0xff,0x00,0x00,0x00,0x00,0x00,0x00,0x00,
	0x00,0x00,0x00,0x00,0x00,0xff,0x00,0x00,0x00,0x00,0x00,0x00,0x00,0x00,0x00,0x00,
	0x00,0x00,0x00,0x00,0x00,0x00,0x00,0xff,0x00,0x00,0x00,0x00,0x00,0xff,0x00,0x00,
	0x00,0x00,0x00,0xff,0x00,0x00,0x00,0x00,0x00,0xff,0x00,0x00,0x00,0x00,0x00,0x00,
	0x00,0x00,0x00,0x00,0x00,0x00,0x00,0x00,0x00,0x00,0x00,0x00,0x00,0x00,0x00,0x00,
	0x00,0x00,0x00,0x00,0x00,0x00,0x00,0x00,0x00,0x00,0x00,0x00,0x00,0x00,0x00,0x00,
	0x00,0x00,0x00,0x00,0x00,0x00,0x00,0x00,0x00,0x00,0x00,0x00,0x00,0x00,0x00,0x00,
	0x00,0x00,0x00,0xff,0xff,0x00,0xff,0x00,0x00,0xff,0x00,0x00,0xff,0x00,0x00,0xff,
	0x00,0x00,0xff,0xff,0x00,0xff,0xff,0x00,0xff,0xff,0x00,0xff,0x00,0x00,0xff,0x00,
	0x00,0xff,0x00,0x00,0xff,0xff,0x00,0xff,0xff,0x00,0xff,0x00,0x00,0x00,0x00,0x00,
	0x00,0x00,0x00,0x00,0x00,0x00,0xff,0xff,0x00,0xff,0xff,0x00,0xff,0xff,0x00,0xff,
	0xff,0x00,0xff,0xff,0x00,0xff,0xff,0x00,0xff,0xff,0x00,0xff,0xff,0x00,0xff,0xff,
	0x00,0xff,0xff,0x00,0xff,0xff,0x00,0xff,0xff,0x00,0x00,0x00,0x00,0x00,0x00,0x00,
	0x00,0x00,0x00,0x00,0x00,0x00,0x00,0x00,0x00,0x00,0x00,0x00,0x00,0x00,0x00,0x00,
	0x00,0x00,0x00,0x00,0x00,0x00,0x00,0x00,0x00,0x00,0x00,0xff,0xff,0x00,0xff,0xff,
	0x00,0xff,0xff,0x00,0xff,0xff,0x00,0x00,0x00,0x00,0x00,0x00,0x00,0x00,0x00,0x00,
	0x00,0x00,0x00,0x00,0x00,0x00,0x00,0x00,0x00,0x00,0x00,0x00,0x00,0x00,0x00,0xff,
	0xff,0x00,0xff,0xff,0x00,0xff,0xff,0x00,0x00,0x00,0x00,0x00,0x00,0x00,0xff,0xff,
	0x00,0xff,0xff,0x00,0xff,0xff,0x00,0xff,0xff,0x00,0x00,0x00,0x00,0x00,0x00,0x00,
	0x00,0x00,0x00,0xff,0xff,0x00,0xff,0xff,0x00,0xff,0xff,0x00,0xff,0xff,0x00,0xff,
	0xff,0x00,0xff,0xff,0x00,0xff,0xff,0x00,0xff,0xff,0x00,0xff,0xff,0x00,0xff,0xff,
	0x00,0xff,0xff,0x00,0x00,0x00,0x00,0x00,0x00,0x00,0x00,0x00,0x00,0x00,0x00,0x00,
	0x00,0x00,0x00,0x00,0x00,0x00,0x00,0x00,0x00,0xff,0xff,0x00,0xff,0xff,0x00,0xff,
	0xff,0x00,0xff,0xff,0x00,0xff,0xff,0x00,0xff,0xff,0x00,0xff,0xff,0x00,0xff,0xff,
	0x00,0xff,0xff,0x00,0xff,0xff,0x00,0xff,0xff,0x00,0x00,0x00,0x00,0x00,0x00,0x00,
	0x00,0x00,0x00,0x00,0x00,0x00,0x00,0x00,0xff,0x00,0x00,0x00,0x00,0x00,0x00,0x00,
	0x00,0x00,0x00,0x00,0x00,0x00,0x00,0x00,0x00,0x00,0xff,0x00,0x00,0x00,0x00,0x00,
	0x00,0x00,0x00,0x00,0x00,0x00,0xff,0x00,0x00,0x00,0x00,0x00,0x00,0x00,0x00,0x00,
	0x00,0x00,0x00,0x00,0x00,0x00,0x00,0x00,0x00,0x00,0x00,0x00,0x00,0x00,0x00,0x00,
	0x00,0x00,0x00,0x00,0x00,0x00,0x00,0x00,0x00,0x00,0x00,0x00,0x00,0x00,0x00,0x00,
	0x00,0x00,0x00,0x00,0x00,0x00,0x00,0x00,0x00,0x00,0x00,0x00,0x00,0x00,0x00,0x00,
	0x00,0x00,0x00,0xff,0x00,0x00,0xff,0xff,0x00,0xff,0x00,0x00,0xff,0x00,0x00,0xff,
	0xff,0x00,0xff,0x00,0x00,0x00,0x00,0x00,0x00,0x00,0x00,0xff,0x00,0x00,0xff,0x00,
	0x00,0xff,0xff,0x00,0xff,0xff,0x00,0xff,0x00,0x00,0xff,0x00,0x00,0x00,0x00,0x00,
	0x00,0x00,0x00,0x00,0x00,0x00,0x00,0x00,0x00,0xff,0xff,0x00,0xff,0xff,0x00,0xff,
	0xff,0x00,0x00,0x00,0x00,0x00,0x00,0x00,0x00,0x00,0x00,0x00,0x00,0x00,0xff,0xff,
	0x00,0xff,0xff,0x00,0xff,0xff,0x00,0x00,0x00,0x00,0x00,0x00,0x00,0x00,0x00,0x00,
	0x00,0x00,0x00,0x00,0x00,0x00,0x00,0x00,0x00,0x00,0x00,0x00,0x00,0x00,0x00,0x00,
	0x00,0x00,0x00,0x00,0x00,0x00,0x00,0x00,0xff,0xff,0x00,0xff,0xff,0x00,0xff,0xff,
	0x00,0xff,0xff,0x00,0x00,0x00,0x00,0x00,0x00,0x00,0x00,0x00,0x00,0x00,0x00,0x00,
	0x00,0x00,0x00,0x00,0x00,0x00,0x00,0x00,0x00,0x00,0x00,0x00,0x00,0x00,0x00,0x00,
	0x00,0x00,0x00,0x00,0x00,0x00,0x00,0x00,0x00,0x00,0x00,0x00,0x00,0x00,0xff,0xff,
	0x00,0xff,0xff,0x00,0xff,0xff,0x00,0x00,0x00,0x00,0x00,0x00,0x00,0x00,0x00,0x00,
	0xff,0xff,0x00,0xff,0xff,0x00,0xff,0xff,0x00,0xff,0xff,0x00,0x00,0x00,0x00,0x00,
	0x00,0x00,0x00,0x00,0x00,0x00,0x00,0x00,0x00,0x00,0x00,0xff,0xff,0x00,0xff,0xff,
	0x00,0x00,0x00,0x00,0x00,0x00,0x00,0x00,0x00,0x00,0x00,0x00,0x00,0x00,0x00,0x00,
	0x00,0x00,0x00,0x00,0x00,0x00,0x00,0x00,0x00,0xff,0xff,0x00,0xff,0xff,0x00,0xff,
	0xff,0x00,0xff,0xff,0x00,0xff,0xff,0x00,0xff,0xff,0x00,0xff,0xff,0x00,0xff,0xff,
	0x00,0xff,0xff,0x00,0xff,0xff,0x00,0x00,0x00,0x00,0x00,0x00,0x00,0x00,0x00,0x00,
	0x00,0x00,0x00,0x00,0x00,0x00,0x00,0x00,0x00,0x00,0x00,0xff,0x00,0x00,0x00,0x00,
	0x00,0xff,0x00,0x00,0x00,0x00,0x00,0xff,0x00,0x00,0x00,0x00,0x00,0xff,0x00,0x00,
	0x00,0x00,0x00,0xff,0x00,0x00,0x00,0x00,0x00,0x00,0x00,0x00,0x00,0x00,0x00,0x00,
	0x00,0x00,0x00,0x00,0x00,0x00,0x00,0x00,0x00,0x00,0x00,0x00,0x00,0x00,0x00,0x00,
	0x00,0x00,0x00,0x00,0x00,0x00,0x00,0x00,0x00,0x00,0x00,0x00,0x00,0x00,0x00,0x00,
	0x00,0x00,0x00,0x00,0x00,0x00,0x00,0x00,0x00,0x00,0x00,0x00,0x00,0x00,0x00,0x00,
	0x00,0x00,0x00,0x00,0x00,0x00,0xff,0x00,0x00,0xff,0xff,0x00,0xff,0xff,0x00,0xff,
	0x00,0x00,0x00,0x00,0x00,0x00,0x00,0x00,0xff,0xff,0x00,0x00,0x00,0x00,0xff,0xff,
	0x00,0xff,0xff,0x00,0xff,0x00,0x00,0xff,0x00,0x00,0x00,0x00,0x00,0x00,0x00,0x00,
	0x00,0x00,0x00,0x00,0x00,0x00,0x00,0x00,0x00,0x00,0x00,0x00,0x00,0x00,0x00,0x00,
	0x00,0x00,0x00,0x00,0x00,0x00,0x00,0x00,0x00,0x00,0x00,0x00,0x00,0x00,0x00,0x00,
	0x00,0x00,0x00,0x00,0x00,0x00,0x00,0x00,0x00,0x00,0x00,0x00,0x00,0x00,0x00,0x00,
	0x00,0x00,0x00,0x00,0x00,0x00,0x00,0x00,0x00,0x00,0x00,0x00,0x00,0x00,0x00,0x00,
	0x00,0x00,0x00,0x00,0x00,0x00,0x00,0x00,0x00,0x00,0x00,0x00,0x00,0x00,0x00,0x00,
	0x00,0x00,0x00,0x00,0x00,0x00,0x00,0x00,0x00,0x00,0x00,0x00,0x00,0x00,0x00,0x00,
	0x00,0x00,0x00,0x00,0x00,0x00,0x00,0x00,0x00,0x00,0x00,0x00,0x00,0x00,0x00,0x00,
	0x00,0x00,0x00,0x00,0x00,0x00,0x00,0x00,0x00,0x00,0x00,0x00,0x00,0x00,0x00,0x00,
	0x00,0x00,0x00,0x00,0x00,0x00,0x00,0x00,0x00,0x00,0x00,0x00,0x00,0x00,0x00,0x00,
	0x00,0x00,0x00,0x00,0x00,0x00,0x00,0x00,0x00,0x00,0x00,0x00,0x00,0x00,0x00,0x00,
	0x00,0x00,0x00,0x00,0x00,0x00,0x00,0x00,0x00,0x00,0x00,0x00,0x00,0x00,0x00,0x00,
	0x00,0x00,0x00,0x00,0x00,0x00,0x00,0x00,0x00,0x00,0x00,0x00,0x00,0x00,0x00,0x00,
	0x00,0x00,0x00,0x00,0x00,0x00,0x00,0x00,0x00,0x00,0x00,0x00,0x00,0x00,0x00,0xff,
	0xff,0x00,0xff,0xff,0x00,0xff,0xff,0x00,0xff,0xff,0x00,0xff,0xff,0x00,0xff,0xff,
	0x00,0x00,0x00,0x00,0x00,0x00,0x00,0x00,0x00,0x00,0x00,0x00,0x00,0x00,0x00,0x00,
	0x00,0x00,0x00,0x00,0x00,0x00,0x00,0x00,0x00,0x00,0x00,0x00,0x00,0x00,0x00,0x00,
	0x00,0x00,0x00,0x00,0x00,0x00,0x00,0x00,0x00,0x00,0x00,0x00,0x00,0x00,0x00,0x00,
	0x00,0x00,0x00,0x00,0x00,0x00,0x00,0x00,0x00,0x00,0x00,0x00,0x00,0x00,0x00,0x00,
	0x00,0x00,0x00,0x00,0x00,0x00,0x00,0x00,0x00,0x00,0x00,0x00,0x00,0x00,0x00,0x00,
	0x00,0x00,0x00,0x00,0x00,0x00,0x00,0x00,0x00,0x00,0x00,0x00,0x00,0x00,0x00,0x00,
	0x00,0x00,0x00,0x00,0x00,0x00,0x00,0x00,0x00,0x00,0x00,0x00,0x00,0x00,0x00,0x00,
	0x00,0x00,0x00,0x00,0x00,0x00,0xff,0xff,0x00,0x00,0x00,0x00,0x00,0x00,0x00,0x00,
	0x00,0x00,0x00,0x00,0x00,0x00,0x00,0x00,0x00,0x00,0x00,0x00,0x00,0x00,0x00,0x00,
	0x00,0xff,0xff,0x00,0x00,0x00,0x00,0x00,0x00,0x00,0x00,0x00,0x00,0x00,0x00,0x00,
	0x00,0x00,0x00,0x00,0x00,0x00,0x00,0x00,0x00,0x00,0x00,0x00,0x00,0x00,0x00,0x00,
	0x00,0x00,0x00,0x00,0x00,0x00,0x00,0x00,0x00,0x00,0x00,0x00,0x00,0x00,0x00,0x00,
	0x00,0x00,0x00,0x00,0x00,0x00,0x00,0x00,0x00,0x00,0x00,0x00,0x00,0x00,0x00,0x00,
	0x00,0x00,0x00,0x00,0x00,0x00,0x00,0x00,0x00,0x00,0x00,0x00,0x00,0x00,0x00,0x00,
	0x00,0x00,0x00,0x00,0x00,0x00,0x00,0x00,0x00,0x00,0x00,0x00,0x00,0x00,0x00,0x00,
	0x00,0x00,0x00,0x00,0x00,0x00,0x00,0x00,0x00,0x00,0x00,0x00,0x00,0x00,0x00,0x00,
	0x00,0x00,0x00,0x00,0x00,0x00,0x00,0x00,0x00,0x00,0x00,0x00,0x00,0x00,0x00,0x00,
	0x00,0x00,0x00,0x00,0x00,0x00,0x00,0x00,0x00,0x00,0x00,0x00,0x00,0x00,0x00,0x00,
	0x00,0x00,0x00,0x00,0x00,0x00,0x00,0x00,0x00,0x00,0x00,0x00,0x00,0x00,0x00,0x00,
	0x00,0x00,0x00,0x00,0x00,0x00,0x00,0x00,0x00,0x00,0x00,0x00,0x00,0x00,0x00,0x00,
	0x00,0x00,0x00,0x00,0x00,0x00,0x00,0x00,0x00,0x00,0x00,0x00,0x00,0x00,0x00,0x00,
	0x00,0x00,0x00,0x00,0x00,0x00,0x00,0x00,0x00,0x00,0x00,0x00,0x00,0x00,0x00,0x00,
	0x00,0x00,0x00,0x00,0x00,0x00,0x00,0x00,0x00,0xff,0xff,0x00,0xff,0xff,0x00,0xff,
	0xff,0x00,0xff,0xff,0x00,0xff,0xff,0x00,0xff,0xff,0x00,0xff,0xff,0x00,0xff,0xff,
	0x00,0xff,0xff,0x00,0xff,0xff,0x00,0x00,0x00,0x00,0x00,0x00,0x00,0x00,0x00,0x00,
	0x00,0x00,0x00,0x00,0x00,0x00,0x00,0x00,0x00,0x00,0x00,0x00,0x00,0x00,0x00,0xff,
	0x00,0x00,0xff,0x00,0x00,0x00,0x00,0x00,0x00,0x00,0x00,0xff,0x00,0x00,0xff,0x00,
	0x00,0x00,0x00,0x00,0x00,0x00,0x00,0x00,0x00,0x00,0x00,0x00,0x00,0x00,0x00,0x00,
	0x00,0x00,0x00,0x00,0x00,0x00,0x00,0x00,0x00,0x00,0x00,0x00,0x00,0x00,0x00,0x00,
	0x00,0x00,0x00,0x00,0x00,0x00,0x00,0x00,0x00,0x00,0x00,0x00,0x00,0x00,0x00,0x00,
	0x00,0x00,0x00,0x00,0x00,0x00,0x00,0x00,0x00,0x00,0x00,0x00,0x00,0x00,0x00,0x00,
	0x00,0x00,0x00,0xff,0xff,0x00,0x00,0x00,0x00,0x00,0x00,0x00,0x00,0x00,0x00,0xff,
	0x00,0x00,0xff,0x00,0x00,0x00,0x00,0x00,0xff,0xff,0x00,0xff,0x00,0x00,0xff,0x00,
	0x00,0x00,0x00,0x00,0x00,0x00,0x00,0x00,0x00,0x00,0xff,0xff,0x00,0x00,0x00,0x00,
	0x00,0x00,0x00,0x00,0x00,0x00,0x00,0x00,0x00,0x00,0x00,0x00,0x00,0x00,0x00,0x00,
	0x00,0x00,0x00,0x00,0x00,0x00,0x00,0x00,0x00,0x00,0x00,0x00,0x00,0x00,0x00,0x00,
	0x00,0x00,0x00,0x00,0x00,0x00,0x00,0x00,0x00,0x00,0x00,0x00,0x00,0x00,0x00,0x00,
	0x00,0x00,0x00,0x00,0x00,0x00,0x00,0x00,0x00,0x00,0x00,0x00,0x00,0x00,0x00,0x00,
	0x00,0x00,0x00,0x00,0x00,0x00,0x00,0x00,0x00,0x00,0x00,0x00,0x00,0x00,0x00,0x00,
	0x00,0x00,0x00,0x00,0x00,0x00,0x00,0x00,0x00,0x00,0x00,0x00,0x00,0x00,0x00,0x00,
	0x00,0x00,0x00,0x00,0x00,0x00,0x00,0x00,0x00,0x00,0x00,0x00,0x00,0x00,0x00,0x00,
	0x00,0x00,0x00,0x00,0x00,0x00,0x00,0x00,0x00,0x00,0x00,0x00,0x00,0x00,0x00,0x00,
	0x00,0x00,0x00,0x00,0x00,0x00,0x00,0x00,0x00,0x00,0x00,0x00,0x00,0x00,0x00,0x00,
	0x00,0x00,0x00,0x00,0x00,0x00,0x00,0x00,0x00,0x00,0x00,0x00,0x00,0x00,0x00,0x00,
	0x00,0x00,0x00,0x00,0x00,0x00,0x00,0x00,0x00,0x00,0x00,0x00,0x00,0x00,0x00,0x00,
	0x00,0x00,0x00,0x00,0x00,0x00,0x00,0x00,0x00,0x00,0x00,0x00,0x00,0x00,0x00,0x00,
	0x00,0x00,0x00,0x00,0x00,0x00,0x00,0x00,0x00,0xff,0xff,0x00,0x00,0x00,0x00,0xff,
	0xff,0x00,0xff,0xff,0x00,0xff,0xff,0x00,0xff,0xff,0x00,0xff,0xff,0x00,0xff,0xff,
	0x00,0x00,0x00,0x00,0xff,0xff,0x00,0x00,0x00,0x00,0x00,0x00,0x00,0x00,0x00,0x00,
	0x00,0x00,0x00,0x00,0x00,0x00,0xff,0xff,0x00,0xff,0xff,0x00,0x00,0x00,0x00,0x00,
	0x00,0x00,0xff,0x00,0x00,0xff,0x00,0x00,0xff,0x00,0x00,0xff,0x00,0x00,0x00,0x00,
	0x00,0x00,0x00,0x00,0xff,0xff,0x00,0xff,0xff,0x00,0x00,0x00,0x00,0x00,0x00,0x00,
	0x00,0x00,0x00,0x00,0x00,0x00,0x00,0x00,0x00,0x00,0x00,0x00,0x00,0x00,0x00,0x00,
	0x00,0x00,0x00,0x00,0x00,0x00,0x00,0x00,0x00,0x00,0x00,0x00,0x00,0x00,0x00,0x00,
	0x00,0x00,0x00,0x00,0x00,0x00,0x00,0x00,0x00,0x00,0x00,0x00,0x00,0x00,0x00,0x00,
	0x00,0x00,0x00,0x00,0x00,0x00,0xff,0xff,0x00,0xff,0xff,0x00,0x00,0x00,0x00,0x00,
	0x00,0x00,0xff,0x00,0x00,0xff,0x00,0x00,0xff,0x00,0x00,0xff,0x00,0x00,0x00,0x00,
	0x00,0x00,0x00,0x00,0xff,0xff,0x00,0xff,0xff,0x00,0x00,0x00,0x00,0x00,0x00,0x00,
	0x00,0x00,0x00,0x00,0x00,0x00,0x00,0x00,0x00,0x00,0x00,0x00,0x00,0x00,0x00,0x00,
	0x00,0x00,0x00,0x00,0x00,0x00,0x00,0x00,0x00,0x00,0x00,0x00,0x00,0x00,0x00,0x00,
	0x00,0x00,0x00,0x00,0x00,0x00,0x00,0x00,0x00,0x00,0x00,0x00,0x00,0x00,0x00,0x00,
	0x00,0x00,0x00,0x00,0x00,0x00,0x00,0x00,0x00,0xff,0xff,0x00,0xff,0xff,0x00,0xff,
	0xff,0x00,0xff,0xff,0x00,0xff,0xff,0x00,0x00,0x00,0x00,0x00,0x00,0x00,0x00,0x00,
	0x00,0x00,0x00,0x00,0x00,0x00,0x00,0x00,0x00,0x00,0x00,0x00,0x00,0x00,0x00,0x00,
	0x00,0x00,0x00,0x00,0x00,0x00,0x00,0x00,0x00,0x00,0x00,0x00,0xff,0xff,0x00,0xff,
	0xff,0x00,0xff,0xff,0x00,0xff,0xff,0x00,0xff,0xff,0x00,0x00,0x00,0x00,0x00,0x00,
	0x00,0x00,0x00,0x00,0x00,0x00,0x00,0x00,0x00,0x00,0x00,0x00,0x00,0x00,0x00,0x00,
	0x00,0x00,0x00,0x00,0x00,0x00,0x00,0x00,0x00,0x00,0x00,0x00,0x00,0x00,0x00,0x00,
	0x00,0x00,0x00,0x00,0x00,0x00,0x00,0x00,0x00,0x00,0x00,0x00,0x00,0x00,0x00,0x00,
	0x00,0x00,0x00,0x00,0x00,0x00,0x00,0x00,0x00,0x00,0x00,0x00,0x00,0x00,0x00,0x00,
	0x00,0x00,0x00,0x00,0x00,0x00,0xff,0xff,0x00,0xff,0xff,0x00,0x00,0x00,0x00,0xff,
	0xff,0x00,0xff,0xff,0x00,0xff,0xff,0x00,0xff,0xff,0x00,0xff,0xff,0x00,0xff,0xff,
	0x00,0x00,0x00,0x00,0xff,0xff,0x00,0xff,0xff,0x00,0x00,0x00,0x00,0x00,0x00,0x00,
	0x00,0x00,0x00,0xff,0xff,0x00,0xff,0xff,0x00,0xff,0x00,0x00,0xff,0x00,0x00,0xff,
	0x00,0x00,0xff,0x00,0x00,0xff,0x00,0x00,0xff,0x00,0x00,0xff,0x00,0x00,0xff,0xff,
	0x00,0xff,0x00,0x00,0xff,0x00,0x00,0xff,0xff,0x00,0xff,0xff,0x00,0x00,0x00,0x00,
	0x00,0x00,0x00,0x00,0x00,0x00,0x00,0x00,0x00,0x00,0x00,0x00,0x00,0x00,0x00,0x00,
	0x00,0x00,0x00,0x00,0x00,0x00,0x00,0x00,0x00,0x00,0x00,0x00,0x00,0x00,0x00,0x00,
	0x00,0x00,0x00,0x00,0x00,0x00,0x00,0x00,0x00,0x00,0x00,0x00,0x00,0x00,0x00,0x00,
	0x00,0x00,0x00,0xff,0xff,0x00,0x00,0x00,0x00,0x00,0x00,0x00,0xff,0xff,0x00,0xff,
	0x00,0x00,0xff,0x00,0x00,0xff,0x00,0x00,0xff,0xff,0x00,0xff,0x00,0x00,0xff,0x00,
	0x00,0xff,0xff,0x00,0x00,0x00,0x00,0x00,0x00,0x00,0xff,0xff,0x00,0xff,0xff,0x00,
	0x00,0x00,0x00,0x00,0x00,0x00,0x00,0x00,0x00,0x00,0x00,0x00,0x00,0x00,0x00,0x00,
	0x00,0x00,0xff,0xff,0x00,0xff,0xff,0x00,0xff,0xff,0x00,0xff,0xff,0x00,0xff,0xff,
	0x00,0x00,0x00,0x00,0x00,0x00,0x00,0x00,0x00,0x00,0x00,0x00,0x00,0x00,0x00,0x00,
	0x00,0x00,0x00,0xff,0xff,0x00,0xff,0xff,0x00,0xff,0xff,0x00,0xff,0xff,0x00,0xff,
	0xff,0x00,0xff,0xff,0x00,0xff,0xff,0x00,0xff,0xff,0x00,0xff,0xff,0x00,0x00,0x00,
	0x00,0x00,0x00,0x00,0x00,0x00,0x00,0x00,0x00,0x00,0x00,0x00,0x00,0x00,0x00,0x00,
	0x00,0x00,0x00,0x00,0x00,0x00,0xff,0xff,0x00,0xff,0xff,0x00,0xff,0xff,0x00,0xff,
	0xff,0x00,0xff,0xff,0x00,0xff,0xff,0x00,0xff,0xff,0x00,0xff,0xff,0x00,0xff,0xff,
	0x00,0x00,0x00,0x00,0x00,0x00,0x00,0x00,0x00,0x00,0x00,0x00,0x00,0x00,0x00,0x00,
	0x00,0x00,0x00,0x00,0x00,0x00,0x00,0x00,0x00,0x00,0x00,0x00,0x00,0x00,0x00,0x00,
	0x00,0x00,0x00,0x00,0x00,0x00,0x00,0x00,0xff,0xff,0x00,0xff,0xff,0x00,0xff,0xff,
	0x00,0xff,0xff,0x00,0xff,0xff,0x00,0x00,0x00,0x00,0x00,0x00,0x00,0x00,0x00,0x00,
	0x00,0x00,0x00,0x00,0x00,0x00,0xff,0xff,0x00,0xff,0xff,0x00,0x00,0x00,0x00,0xff,
	0xff,0x00,0xff,0xff,0x00,0xff,0x00,0x00,0xff,0x00,0x00,0xff,0xff,0x00,0xff,0xff,
	0x00,0x00,0x00,0x00,0xff,0xff,0x00,0xff,0xff,0x00,0x00,0x00,0x00,0x00,0x00,0x00,
	0x00,0x00,0x00,0xff,0xff,0x00,0xff,0x00,0x00,0xff,0x00,0x00,0xff,0x00,0x00,0xff,
	0x00,0x00,0xff,0x00,0x00,0xff,0x00,0x00,0xff,0x00,0x00,0xff,0x00,0x00,0xff,0x00,
	0x00,0xff,0xff,0x00,0xff,0x00,0x00,0xff,0x00,0x00,0xff,0xff,0x00,0x00,0x00,0x00,
	0x00,0x00,0x00,0x00,0x00,0x00,0x00,0x00,0x00,0x00,0x00,0x00,0x00,0x00,0x00,0x00,
	0x00,0x00,0x00,0x00,0x00,0x00,0x00,0x00,0x00,0x00,0x00,0x00,0x00,0x00,0x00,0x00,
	0x00,0x00,0x00,0x00,0x00,0x00,0x00,0x00,0x00,0x00,0x00,0x00,0x00,0x00,0x00,0x00,
	0xff,0xff,0x00,0xff,0xff,0x00,0x00,0x00,0x00,0x00,0x00,0x00,0xff,0xff,0x00,0xff,
	0x00,0x00,0xff,0x00,0x00,0xff,0x00,0x00,0xff,0x00,0x00,0xff,0xff,0x00,0xff,0x00,
	0x00,0xff,0xff,0x00,0x00,0x00,0x00,0x00,0x00,0x00,0xff,0xff,0x00,0x00,0x00,0x00,
	0x00,0x00,0x00,0x00,0x00,0x00,0x00,0x00,0x00,0x00,0x00,0x00,0xff,0xff,0x00,0xff,
	0xff,0x00,0xff,0xff,0x00,0xff,0xff,0x00,0xff,0xff,0x00,0xff,0xff,0x00,0xff,0xff,
	0x00,0xff,0xff,0x00,0xff,0xff,0x00,0x00,0x00,0x00,0x00,0x00,0x00,0x00,0x00,0x00,
	0xff,0xff,0x00,0xff,0xff,0x00,0xff,0xff,0x00,0xff,0xff,0x00,0xff,0xff,0x00,0xff,
	0xff,0x00,0xff,0xff,0x00,0xff,0xff,0x00,0x00,0x00,0x00,0xff,0xff,0x00,0x00,0x00,
	0x00,0x00,0x00,0x00,0x00,0x00,0x00,0x00,0x00,0x00,0x00,0x00,0x00,0x00,0x00,0x00,
	0x00,0x00,0x00,0xff,0xff,0x00,0xff,0xff,0x00,0xff,0xff,0x00,0xff,0xff,0x00,0xff,
	0xff,0x00,0xff,0xff,0x00,0xff,0xff,0x00,0xff,0xff,0x00,0x00,0x00,0x00,0xff,0xff,
	0x00,0x00,0x00,0x00,0x00,0x00,0x00,0x00,0x00,0x00,0x00,0x00,0x00,0x00,0x00,0x00,
	0x00,0x00,0x00,0x00,0x00,0x00,0x00,0x00,0x00,0x00,0x00,0x00,0x00,0x00,0x00,0x00,
	0x00,0x00,0xff,0xff,0x00,0xff,0xff,0x00,0xff,0xff,0x00,0xff,0xff,0x00,0xff,0xff,
	0x00,0xff,0xff,0x00,0xff,0xff,0x00,0xff,0xff,0x00,0xff,0xff,0x00,0x00,0x00,0x00,
	0x00,0x00,0x00,0x00,0x00,0x00,0xff,0xff,0x00,0xff,0xff,0x00,0xff,0xff,0x00,0xff,
	0xff,0x00,0xff,0xff,0x00,0xff,0xff,0x00,0xff,0xff,0x00,0xff,0xff,0x00,0xff,0xff,
	0x00,0xff,0xff,0x00,0xff,0xff,0x00,0xff,0xff,0x00,0x00,0x00,0x00,0x00,0x00,0x00,
	0x00,0x00,0x00,0x00,0x00,0x00,0xff,0x00,0x00,0xff,0x00,0x00,0xff,0x00,0x00,0xff,
	0x00,0x00,0xff,0x00,0x00,0xff,0x00,0x00,0xff,0x00,0x00,0xff,0x00,0x00,0xff,0x00,
	0x00,0xff,0x00,0x00,0xff,0x00,0x00,0xff,0x00,0x00,0x00,0x00,0x00,0x00,0x00,0x00,
	0x00,0x00,0x00,0x00,0x00,0x00,0x00,0x00,0x00,0x00,0x00,0x00,0x00,0x00,0x00,0xff,
	0x00,0x00,0xff,0x00,0x00,0x00,0x00,0x00,0x00,0x00,0x00,0xff,0x00,0x00,0xff,0x00,
	0x00,0x00,0x00,0x00,0x00,0x00,0x00,0x00,0x00,0x00,0x00,0x00,0x00,0x00,0x00,0x00,
	0x00,0x00,0x00,0x00,0x00,0x00,0xff,0xff,0x00,0xff,0xff,0x00,0xff,0x00,0x00,0xff,
	0xff,0x00,0xff,0x00,0x00,0x00,0x00,0x00,0x00,0x00,0x00,0xff,0x00,0x00,0xff,0x00,
	0x00,0xff,0x00,0x00,0xff,0xff,0x00,0xff,0xff,0x00,0x00,0x00,0x00,0x00,0x00,0x00,
	0x00,0x00,0x00,0x00,0x00,0x00,0x00,0x00,0x00,0xff,0xff,0x00,0xff,0xff,0x00,0xff,
	0xff,0x00,0xff,0xff,0x00,0xff,0xff,0x00,0xff,0xff,0x00,0xff,0xff,0x00,0xff,0xff,
	0x00,0x00,0x00,0x00,0xff,0xff,0x00,0x00,0x00,0x00,0x00,0x00,0x00,0x00,0x00,0x00,
	0xff,0xff,0x00,0xff,0xff,0x00,0xff,0xff,0x00,0xff,0xff,0x00,0xff,0xff,0x00,0xff,
	0xff,0x00,0xff,0xff,0x00,0xff,0xff,0x00,0x00,0x00,0x00,0xff,0xff,0x00,0xff,0x00,
	0x00,0x00,0x00,0x00,0x00,0x00,0x00,0x00,0x00,0x00,0x00,0x00,0x00,0x00,0x00,0x00,
	0x00,0x00,0x00,0xff,0xff,0x00,0xff,0xff,0x00,0xff,0xff,0x00,0xff,0xff,0x00,0xff,
	0xff,0x00,0xff,0xff,0x00,0xff,0xff,0x00,0xff,0xff,0x00,0x00,0x00,0x00,0xff,0xff,
	0x00,0xff,0x00,0x00,0x00,0x00,0x00,0x00,0x00,0x00,0x00,0x00,0x00,0x00,0x00,0x00,
	0x00,0x00,0x00,0x00,0x00,0x00,0x00,0x00,0x00,0x00,0x00,0x00,0x00,0x00,0x00,0xff,
	0xff,0x00,0xff,0xff,0x00,0xff,0xff,0x00,0xff,0xff,0x00,0xff,0xff,0x00,0xff,0xff,
	0x00,0xff,0xff,0x00,0xff,0xff,0x00,0x00,0x00,0x00,0xff,0xff,0x00,0x00,0x00,0x00,
	0x00,0x00,0x00,0x00,0x00,0x00,0x00,0x00,0x00,0xff,0xff,0x00,0xff,0xff,0x00,0xff,
	0xff,0x00,0xff,0xff,0x00,0xff,0xff,0x00,0xff,0xff,0x00,0xff,0xff,0x00,0xff,0xff,
	0x00,0xff,0xff,0x00,0xff,0xff,0x00,0x00,0x00,0x00,0x00,0x00,0x00,0x00,0x00,0x00,
	0x00,0x00,0x00,0x00,0x00,0x00,0xff,0x00,0x00,0xff,0x00,0x00,0xff,0x00,0x00,0xff,
	0x00,0x00,0xff,0x00,0x00,0xff,0x00,0x00,0xff,0x00,0x00,0xff,0x00,0x00,0xff,0x00,
	0x00,0xff,0x00,0x00,0xff,0x00,0x00,0xff,0x00,0x00,0x00,0x00,0x00,0x00,0x00,0x00,
	0x00,0x00,0x00,0x00,0x00,0x00,0xff,0xff,0x00,0xff,0xff,0x00,0x00,0x00,0x00,0x00,
	0x00,0x00,0xff,0x00,0x00,0xff,0x00,0x00,0xff,0x00,0x00,0xff,0x00,0x00,0x00,0x00,
	0x00,0x00,0x00,0x00,0xff,0xff,0x00,0xff,0xff,0x00,0x00,0x00,0x00,0x00,0x00,0x00,
	0x00,0x00,0x00,0x00,0x00,0x00,0xff,0x00,0x00,0xff,0x00,0x00,0xff,0xff,0x00,0xff,
	0x00,0x00,0xff,0x00,0x00,0xff,0x00,0x00,0xff,0x00,0x00,0xff,0x00,0x00,0xff,0x00,
	0x00,0xff,0x00,0x00,0xff,0x00,0x00,0xff,0x00,0x00,0x00,0x00,0x00,0x00,0x00,0x00,
	0x00,0x00,0x00,0x00,0x00,0x00,0x00,0x00,0x00,0xff,0xff,0x00,0xff,0xff,0x00,0xff,
	0xff,0x00,0xff,0xff,0x00,0xff,0xff,0x00,0xff,0xff,0x00,0xff,0xff,0x00,0xff,0xff,
	0x00,0x00,0x00,0x00,0xff,0xff,0x00,0xff,0x00,0x00,0x00,0x00,0x00,0x00,0x00,0x00,
	0xff,0xff,0x00,0xff,0xff,0x00,0xff,0xff,0x00,0xff,0xff,0x00,0xff,0xff,0x00,0xff,
	0xff,0x00,0xff,0xff,0x00,0xff,0xff,0x00,0x00,0x00,0x00,0xff,0xff,0x00,0xff,0xff,
	0x00,0x00,0x00,0x00,0x00,0x00,0x00,0x00,0x00,0x00,0x00,0x00,0x00,0x00,0x00,0x00,
	0xff,0x00,0x00,0xff,0xff,0x00,0xff,0xff,0x00,0xff,0xff,0x00,0xff,0xff,0x00,0x00,
	0x00,0x00,0x00,0x00,0x00,0xff,0xff,0x00,0xff,0xff,0x00,0x00,0x00,0x00,0xff,0xff,
	0x00,0xff,0xff,0x00,0x00,0x00,0x00,0x00,0x00,0x00,0x00,0x00,0x00,0x00,0x00,0x00,
	0x00,0x00,0x00,0x00,0x00,0x00,0x00,0x00,0x00,0x00,0x00,0x00,0x00,0x00,0x00,0xff,
	0xff,0x00,0xff,0xff,0x00,0xff,0xff,0x00,0xff,0xff,0x00,0xff,0xff,0x00,0xff,0xff,
	0x00,0xff,0xff,0x00,0xff,0xff,0x00,0x00,0x00,0x00,0xff,0xff,0x00,0xff,0x00,0x00,
	0x00,0x00,0x00,0x00,0x00,0x00,0x00,0x00,0x00,0xff,0xff,0x00,0xff,0xff,0x00,0xff,
	0xff,0x00,0xff,0xff,0x00,0x00,0x00,0x00,0x00,0x00,0x00,0xff,0xff,0x00,0xff,0xff,
	0x00,0xff,0xff,0x00,0xff,0xff,0x00,0x00,0x00,0x00,0x00,0x00,0x00,0x00,0x00,0x00,
	0x00,0x00,0x00,0xff,0x00,0x00,0xff,0x00,0x00,0xff,0x00,0x00,0xff,0x00,0x00,0xff,
	0x00,0x00,0xff,0x00,0x00,0xff,0x00,0x00,0xff,0x00,0x00,0xff,0x00,0x00,0xff,0x00,
	0x00,0xff,0x00,0x00,0xff,0x00,0x00,0xff,0x00,0x00,0xff,0x00,0x00,0x00,0x00,0x00,
	0x00,0x00,0x00,0xff,0xff,0x00,0xff,0xff,0x00,0xff,0x00,0x00,0xff,0x00,0x00,0xff,
	0x00,0x00,0xff,0x00,0x00,0xff,0x00,0x00,0xff,0x00,0x00,0xff,0x00,0x00,0xff,0xff,
	0x00,0xff,0x00,0x00,0xff,0x00,0x00,0xff,0xff,0x00,0xff,0xff,0x00,0x00,0x00,0x00,
	0xff,0xff,0x00,0xff,0x00,0x00,0xff,0x00,0x00,0x00,0x00,0xff,0x00,0x00,0xff,0xff,
	0x00,0x00,0xff,0x00,0x00,0xff,0x00,0x00,0xff,0xff,0x00,0xff,0x00,0x00,0xff,0x00,
	0x00,0x00,0x00,0xff,0x00,0x00,0xff,0xff,0x00,0x00,0xff,0x00,0x00,0x00,0x00,0x00,
	0x00,0x00,0x00,0x00,0x00,0x00,0x00,0x00,0x00,0xff,0xff,0x00,0xff,0xff,0x00,0x00,
	0x00,0x00,0x00,0x00,0x00,0xff,0xff,0x00,0xff,0xff,0x00,0xff,0xff,0x00,0xff,0xff,
	0x00,0x00,0x00,0x00,0xff,0xff,0x00,0xff,0xff,0x00,0x00,0x00,0x00,0x00,0x00,0x00,
	0xff,0xff,0x00,0xff,0xff,0x00,0xff,0xff,0x00,0xff,0xff,0x00,0xff,0xff,0x00,0xff,
	0xff,0x00,0xff,0xff,0x00,0xff,0xff,0x00,0xff,0xff,0x00,0xff,0xff,0x00,0x00,0x00,
	0x00,0x00,0x00,0x00,0x00,0x00,0x00,0x00,0x00,0x00,0x00,0x00,0x00,0x00,0x00,0x00,
	0xff,0x00,0x00,0xff,0xff,0x00,0xff,0xff,0x00,0xff,0xff,0x00,0xff,0xff,0x00,0xff,
	0xff,0x00,0xff,0xff,0x00,0x00,0x00,0x00,0xff,0xff,0x00,0xff,0xff,0x00,0xff,0xff,
	0x00,0xff,0xff,0x00,0x00,0x00,0x00,0x00,0x00,0x00,0x00,0x00,0x00,0x00,0x00,0x00,
	0x00,0x00,0x00,0x00,0x00,0x00,0x00,0x00,0x00,0x00,0x00,0x00,0x00,0x00,0x00,0xff,
	0xff,0x00,0xff,0xff,0x00,0x00,0x00,0x00,0x00,0x00,0x00,0xff,0xff,0x00,0xff,0xff,
	0x00,0xff,0xff,0x00,0xff,0xff,0x00,0x00,0x00,0x00,0xff,0xff,0x00,0xff,0xff,0x00,
	0x00,0x00,0x00,0x00,0x00,0x00,0x00,0x00,0x00,0x00,0x00,0x00,0x00,0x00,0x00,0x00,
	0x00,0x00,0x00,0x00,0x00,0x00,0x00,0x00,0x00,0x00,0x00,0x00,0x00,0x00,0x00,0x00,
	0x00,0x00,0x00,0x00,0x00,0x00,0x00,0x00,0x00,0x00,0x00,0x00,0x00,0x00,0x00,0x00,
	0x00,0x00,0xff,0xff,0x00,0x00,0xff,0x00,0x00,0xff,0x00,0x00,0xff,0x00,0x00,0xff,
	0x00,0x00,0xff,0x00,0x00,0xff,0x00,0x00,0xff,0x00,0x00,0xff,0x00,0x00,0xff,0x00,
	0x00,0xff,0x00,0x00,0xff,0x00,0x00,0xff,0x00,0x00,0xff,0x00,0x00,0x00,0x00,0xff,
	0x00,0x00,0x00,0xff,0xff,0x00,0xff,0x00,0x00,0xff,0x00,0x00,0xff,0x00,0x00,0xff,
	0x00,0x00,0xff,0x00,0x00,0xff,0x00,0x00,0xff,0x00,0x00,0xff,0x00,0x00,0xff,0x00,
	0x00,0xff,0xff,0x00,0xff,0x00,0x00,0xff,0x00,0x00,0xff,0xff,0x00,0x00,0x00,0x00,
	0x00,0x00,0x00,0x00,0x00,0xff,0x00,0x00,0xff,0xff,0x00,0x00,0xff,0x00,0x00,0xff,
	0x00,0x00,0xff,0x00,0x00,0xff,0x00,0x00,0xff,0x00,0x00,0xff,0x00,0x00,0xff,0x00,
	0x00,0xff,0x00,0x00,0xff,0x00,0x00,0x00,0x00,0xff,0x00,0x00,0xff,0x00,0x00,0x00,
	0x00,0x00,0x00,0x00,0x00,0x00,0x00,0x00,0x00,0xff,0xff,0x00,0x00,0x00,0x00,0xff,
	0xff,0x00,0xff,0xff,0x00,0xff,0xff,0x00,0xff,0xff,0x00,0xff,0xff,0x00,0xff,0xff,
	0x00,0xff,0xff,0x00,0xff,0xff,0x00,0x00,0x00,0x00,0x00,0x00,0x00,0x00,0x00,0x00,
	0xff,0xff,0x00,0xff,0xff,0x00,0x00,0x00,0x00,0xff,0xff,0x00,0xff,0xff,0x00,0xff,
	0xff,0x00,0xff,0xff,0x00,0xff,0xff,0x00,0xff,0xff,0x00,0xff,0xff,0x00,0x00,0x00,
	0x00,0x00,0x00,0x00,0x00,0x00,0x00,0x00,0x00,0x00,0x00,0x00,0x00,0x00,0x00,0x00,
	0xff,0xff,0x00,0xff,0xff,0x00,0xff,0xff,0x00,0xff,0xff,0x00,0xff,0xff,0x00,0xff,
	0xff,0x00,0xff,0xff,0x00,0x00,0x00,0x00,0xff,0xff,0x00,0xff,0xff,0x00,0xff,0xff,
	0x00,0xff,0xff,0x00,0x00,0x00,0x00,0x00,0x00,0x00,0x00,0x00,0x00,0x00,0x00,0x00,
	0x00,0x00,0x00,0x00,0x00,0x00,0x00,0x00,0x00,0x00,0x00,0x00,0x00,0x00,0x00,0xff,
	0xff,0x00,0x00,0x00,0x00,0xff,0xff,0x00,0xff,0xff,0x00,0x00,0x00,0x00,0xff,0xff,
	0x00,0xff,0xff,0x00,0xff,0xff,0x00,0xff,0xff,0x00,0xff,0xff,0x00,0x00,0x00,0x00,
	0x00,0x00,0x00,0x00,0x00,0x00,0x00,0x00,0x00,0xff,0xff,0x00,0xff,0xff,0x00,0xff,
	0xff,0x00,0x00,0x00,0x00,0x00,0x00,0x00,0x00,0x00,0x00,0x00,0x00,0x00,0x00,0x00,
	0x00,0x00,0x00,0x00,0x00,0x00,0x00,0x00,0x00,0x00,0x00,0x00,0x00,0x00,0x00,0x00,
	0x00,0x00,0xff,0xff,0x00,0x00,0xff,0x00,0x00,0xff,0x00,0x00,0xff,0x00,0x00,0xff,
	0x00,0x00,0xff,0x00,0x00,0xff,0x00,0x00,0xff,0x00,0x00,0xff,0x00,0x00,0xff,0x00,
	0x00,0xff,0x00,0x00,0xff,0x00,0x00,0xff,0x00,0x00,0xff,0x00,0x00,0x00,0x00,0xff,
	0x00,0x00,0x00,0x00,0x00,0x00,0xff,0x00,0x00,0xff,0x00,0x00,0xff,0x00,0x00,0xff,
	0x00,0x00,0xff,0x00,0x00,0xff,0x00,0x00,0xff,0x00,0x00,0xff,0x00,0x00,0xff,0x00,
	0x00,0xff,0x00,0x00,0xff,0x00,0x00,0xff,0x00,0x00,0x00,0x00,0x00,0x00,0x00,0x00,
	0x00,0x00,0xff,0x00,0x00,0xff,0x00,0x00,0xff,0xff,0xff,0x00,0xff,0x00,0x00,0xff,
	0x00,0x00,0xff,0x00,0x00,0xff,0x00,0x00,0xff,0x00,0x00,0xff,0x00,0x00,0xff,0x00,
	0x00,0xff,0xff,0x00,0xff,0x00,0x00,0x00,0x00,0xff,0xff,0xff,0x00,0x00,0x00,0xff,
	0x00,0x00,0x00,0x00,0x00,0x00,0x00,0x00,0x00,0xff,0xff,0x00,0x00,0x00,0x00,0xff,
	0xff,0x00,0xff,0xff,0x00,0xff,0xff,0x00,0xff,0xff,0x00,0xff,0xff,0x00,0xff,0xff,
	0x00,0xff,0xff,0x00,0xff,0xff,0x00,0x00,0x00,0x00,0x00,0x00,0x00,0x00,0x00,0x00,
	0xff,0xff,0x00,0x00,0x00,0x00,0xff,0xff,0x00,0xff,0xff,0x00,0xff,0xff,0x00,0xff,
	0xff,0x00,0xff,0xff,0x00,0xff,0xff,0x00,0xff,0xff,0x00,0xff,0xff,0x00,0x00,0x00,
	0x00,0x00,0x00,0x00,0x00,0x00,0x00,0x00,0x00,0x00,0x00,0x00,0x00,0x00,0x00,0x00,
	0xff,0xff,0x00,0xff,0xff,0x00,0xff,0xff,0x00,0xff,0xff,0x00,0xff,0xff,0x00,0xff,
	0xff,0x00,0x00,0x00,0x00,0xff,0xff,0x00,0xff,0xff,0x00,0xff,0xff,0x00,0xff,0xff,
	0x00,0xff,0xff,0x00,0x00,0x00,0x00,0x00,0x00,0x00,0x00,0x00,0x00,0x00,0x00,0x00,
	0x00,0x00,0x00,0x00,0x00,0x00,0x00,0x00,0x00,0x00,0x00,0x00,0x00,0x00,0x00,0xff,
	0xff,0x00,0x00,0x00,0x00,0xff,0xff,0x00,0xff,0xff,0x00,0xff,0xff,0x00,0xff,0xff,
	0x00,0xff,0xff,0x00,0xff,0xff,0x00,0xff,0xff,0x00,0xff,0xff,0x00,0x00,0x00,0x00,
	0x00,0x00,0x00,0x00,0x00,0x00,0xff,0xff,0x00,0xff,0xff,0x00,0xff,0xff,0x00,0xff,
	0xff,0x00,0xff,0xff,0x00,0x00,0x00,0x00,0x00,0x00,0x00,0x00,0x00,0x00,0x00,0x00,
	0x00,0x00,0x00,0x00,0x00,0x00,0x00,0x00,0x00,0x00,0x00,0x00,0x00,0x00,0x00,0x00,
	0x00,0x00,0xff,0xff,0x00,0x00,0xff,0x00,0x00,0xff,0x00,0x00,0xff,0x00,0x00,0xff,
	0x00,0x00,0xff,0x00,0x00,0xff,0x00,0x00,0xff,0x00,0x00,0xff,0x00,0x00,0xff,0x00,
	0x00,0xff,0x00,0x00,0xff,0x00,0x00,0xff,0x00,0x00,0xff,0x00,0x00,0x00,0x00,0xff,
	0x00,0x00,0x00,0x00,0x00,0x00,0xff,0x00,0x00,0xff,0x00,0x00,0xff,0x00,0x00,0xff,
	0x00,0x00,0xff,0x00,0x00,0xff,0x00,0x00,0xff,0x00,0x00,0xff,0x00,0x00,0xff,0x00,
	0x00,0xff,0x00,0x00,0xff,0x00,0x00,0xff,0x00,0x00,0x00,0x00,0x00,0x00,0x00,0x00,
	0x00,0x00,0xff,0xff,0xff,0x00,0x00,0x00,0xff,0x00,0x00,0xff,0x00,0x00,0xff,0xff,
	0x00,0x00,0x00,0x00,0x00,0x00,0x00,0x00,0x00,0x00,0x00,0x00,0x00,0x00,0xff,0x00,
	0x00,0x00,0x00,0xff,0x00,0x00,0xff,0x00,0x00,0xff,0x00,0x00,0xff,0x00,0x00,0xff,
	0x00,0x00,0x00,0x00,0x00,0x00,0x00,0x00,0x00,0xff,0xff,0x00,0xff,0xff,0x00,0x00,
	0x00,0x00,0x00,0x00,0x00,0xff,0xff,0x00,0xff,0xff,0x00,0xff,0xff,0x00,0xff,0xff,
	0x00,0xff,0xff,0x00,0xff,0xff,0x00,0x00,0x00,0x00,0x00,0x00,0x00,0x00,0x00,0x00,
	0xff,0xff,0x00,0x00,0x00,0x00,0xff,0xff,0x00,0xff,0xff,0x00,0xff,0xff,0x00,0xff,
	0xff,0x00,0xff,0xff,0x00,0xff,0xff,0x00,0xff,0xff,0x00,0xff,0xff,0x00,0x00,0x00,
	0x00,0x00,0x00,0x00,0x00,0x00,0x00,0x00,0x00,0x00,0x00,0x00,0x00,0x00,0x00,0x00,
	0xff,0xff,0x00,0xff,0xff,0x00,0xff,0xff,0x00,0xff,0xff,0x00,0xff,0xff,0x00,0xff,
	0xff,0x00,0xff,0xff,0x00,0xff,0xff,0x00,0xff,0xff,0x00,0xff,0xff,0x00,0xff,0xff,
	0x00,0x00,0x00,0x00,0x00,0x00,0x00,0x00,0x00,0x00,0x00,0x00,0x00,0x00,0x00,0x00,
	0x00,0x00,0x00,0x00,0x00,0x00,0x00,0x00,0x00,0x00,0x00,0x00,0x00,0x00,0x00,0xff,
	0xff,0x00,0xff,0xff,0x00,0xff,0xff,0x00,0xff,0xff,0x00,0xff,0xff,0x00,0xff,0xff,
	0x00,0xff,0xff,0x00,0xff,0xff,0x00,0xff,0xff,0x00,0xff,0xff,0x00,0x00,0x00,0x00,
	0x00,0x00,0x00,0xff,0xff,0x00,0xff,0xff,0x00,0xff,0xff,0x00,0xff,0xff,0x00,0xff,
	0xff,0x00,0xff,0xff,0x00,0xff,0xff,0x00,0x00,0x00,0x00,0x00,0x00,0x00,0x00,0x00,
	0x00,0xff,0x00,0x00,0xff,0x00,0x00,0x00,0x00,0x00,0x00,0x00,0x00,0x00,0x00,0x00,
	0x00,0x00,0x00,0x00,0x00,0xff,0xff,0x00,0x00,0xff,0x00,0x00,0xff,0x00,0x00,0xff,
	0x00,0x00,0xff,0x00,0x00,0xff,0x00,0x00,0xff,0x00,0x00,0xff,0x00,0x00,0xff,0x00,
	0x00,0xff,0x00,0x00,0xff,0x00,0x00,0xff,0x00,0x00,0x00,0x00,0xff,0x00,0x00,0x00,
	0x00,0x00,0xff,0xff,0x00,0x00,0xff,0x00,0x00,0xff,0x00,0x00,0xff,0x00,0x00,0xff,
	0x00,0x00,0xff,0x00,0x00,0xff,0x00,0x00,0xff,0x00,0x00,0xff,0x00,0x00,0xff,0x00,
	0x00,0xff,0x00,0x00,0xff,0x00,0x00,0xff,0x00,0x00,0xff,0x00,0x00,0x00,0x00,0x00,
	0x00,0x00,0x00,0x00,0x00,0xff,0x00,0x00,0xff,0x00,0x00,0x00,0x00,0x00,0x00,0x00,
	0x00,0x00,0x00,0x00,0x00,0x00,0x00,0x00,0x00,0x00,0x00,0xff,0xff,0x00,0x00,0x00,
	0x00,0x00,0x00,0x00,0x00,0x00,0x00,0x00,0x00,0xff,0x00,0x00,0xff,0x00,0x00,0x00,
	0x00,0x00,0x00,0x00,0x00,0x00,0x00,0x00,0x00,0xff,0xff,0x00,0xff,0xff,0x00,0xff,
	0xff,0x00,0xff,0xff,0x00,0xff,0xff,0x00,0xff,0xff,0x00,0xff,0xff,0x00,0xff,0xff,
	0x00,0xff,0xff,0x00,0xff,0xff,0x00,0x00,0x00,0x00,0x00,0x00,0x00,0x00,0x00,0x00,
	0xff,0xff,0x00,0xff,0xff,0x00,0x00,0x00,0x00,0x00,0x00,0x00,0x00,0x00,0x00,0xff,
	0xff,0x00,0xff,0xff,0x00,0xff,0xff,0x00,0xff,0xff,0x00,0xff,0xff,0x00,0x00,0x00,
	0x00,0x00,0x00,0x00,0x00,0x00,0x00,0x00,0x00,0x00,0x00,0x00,0x00,0x00,0x00,0x00,
	0x00,0x00,0x00,0xff,0xff,0x00,0xff,0xff,0x00,0xff,0xff,0x00,0xff,0xff,0x00,0xff,
	0xff,0x00,0xff,0xff,0x00,0xff,0xff,0x00,0xff,0xff,0x00,0xff,0xff,0x00,0xff,0xff,
	0x00,0xff,0xff,0x00,0x00,0x00,0x00,0x00,0x00,0x00,0x00,0x00,0x00,0x00,0x00,0x00,
	0x00,0x00,0x00,0x00,0x00,0x00,0x00,0x00,0x00,0x00,0x00,0x00,0xff,0xff,0x00,0xff,
	0xff,0x00,0xff,0xff,0x00,0xff,0xff,0x00,0xff,0xff,0x00,0xff,0xff,0x00,0xff,0xff,
	0x00,0xff,0xff,0x00,0xff,0xff,0x00,0xff,0xff,0x00,0xff,0xff,0x00,0x00,0x00,0x00,
	0x00,0x00,0x00,0xff,0xff,0x00,0xff,0xff,0x00,0xff,0xff,0x00,0xff,0xff,0x00,0xff,
	0xff,0x00,0xff,0xff,0x00,0xff,0xff,0x00,0x00,0x00,0x00,0x00,0x00,0x00,0xff,0x00,
	0x00,0xff,0x00,0x00,0xff,0x00,0x00,0xff,0x00,0x00,0x00,0x00,0x00,0x00,0x00,0x00,
	0x00,0x00,0x00,0x00,0x00,0x00,0x00,0x00,0x00,0x00,0x00,0x00,0x00,0x00,0x00,0x00,
	0x00,0x00,0xff,0x00,0x00,0xff,0x00,0x00,0xff,0x00,0x00,0xff,0x00,0x00,0x00,0x00,
	0x00,0x00,0x00,0x00,0x00,0x00,0x00,0x00,0x00,0x00,0x00,0x00,0x00,0x00,0x00,0x00,
	0x00,0x00,0xff,0xff,0x00,0x00,0xff,0x00,0x00,0xff,0x00,0x00,0xff,0x00,0x00,0xff,
	0x00,0x00,0xff,0x00,0x00,0xff,0x00,0x00,0xff,0x00,0x00,0xff,0x00,0x00,0xff,0x00,
	0x00,0xff,0x00,0x00,0xff,0x00,0x00,0xff,0x00,0x00,0xff,0x00,0x00,0x00,0x00,0x00,
	0xff,0xff,0x00,0x00,0x00,0x00,0x00,0x00,0x00,0x00,0x00,0x00,0xff,0x00,0x00,0xff,
	0x00,0x00,0x00,0x00,0x00,0x00,0x00,0x00,0x00,0x00,0x00,0x00,0x00,0x00,0xff,0x00,
	0x00,0xff,0x00,0x00,0x00,0x00,0x00,0x00,0x00,0x00,0x00,0x00,0x00,0x00,0x00,0x00,
	0x00,0x00,0x00,0x00,0x00,0x00,0x00,0x00,0x00,0xff,0xff,0x00,0xff,0xff,0x00,0xff,
	0xff,0x00,0xff,0xff,0x00,0xff,0xff,0x00,0xff,0xff,0x00,0xff,0xff,0x00,0xff,0xff,
	0x00,0xff,0xff,0x00,0xff,0xff,0x00,0x00,0x00,0x00,0x00,0x00,0x00,0x00,0x00,0x00,
	0x00,0x00,0x00,0xff,0xff,0x00,0xff,0xff,0x00,0xff,0xff,0x00,0xff,0xff,0x00,0xff,
	0xff,0x00,0xff,0xff,0x00,0xff,0xff,0x00,0xff,0xff,0x00,0x00,0x00,0x00,0x00,0x00,
	0x00,0x00,0x00,0x00,0x00,0x00,0x00,0x00,0x00,0x00,0x00,0x00,0x00,0x00,0x00,0x00,
	0x00,0x00,0x00,0x00,0x00,0x00,0xff,0xff,0x00,0xff,0xff,0x00,0xff,0xff,0x00,0xff,
	0xff,0x00,0xff,0xff,0x00,0xff,0xff,0x00,0xff,0xff,0x00,0xff,0xff,0x00,0xff,0xff,
	0x00,0xff,0xff,0x00,0x00,0x00,0x00,0x00,0x00,0x00,0x00,0x00,0x00,0x00,0x00,0x00,
	0x00,0x00,0x00,0x00,0x00,0x00,0x00,0x00,0x00,0x00,0x00,0x00,0xff,0xff,0x00,0xff,
	0xff,0x00,0xff,0xff,0x00,0xff,0xff,0x00,0xff,0xff,0x00,0xff,0xff,0x00,0xff,0xff,
	0x00,0xff,0xff,0x00,0xff,0xff,0x00,0xff,0xff,0x00,0xff,0xff,0x00,0x00,0x00,0x00,
	0x00,0x00,0x00,0xff,0xff,0x00,0xff,0xff,0x00,0xff,0xff,0x00,0xff,0xff,0x00,0xff,
	0xff,0x00,0xff,0xff,0x00,0xff,0xff,0x00,0x00,0x00,0x00,0xff,0x00,0x00,0xff,0x00,
	0x00,0xff,0x00,0x00,0xff,0x00,0x00,0xff,0x00,0x00,0xff,0x00,0x00,0x00,0x00,0x00,
	0x00,0x00,0x00,0xff,0x00,0x00,0xff,0x00,0x00,0xff,0x00,0x00,0xff,0x00,0x00,0x00,
	0x00,0x00,0x00,0x00,0x00,0x00,0x00,0x00,0x00,0x00,0x00,0x00,0x00,0x00,0x00,0x00,
	0x00,0xff,0x00,0x00,0xff,0x00,0x00,0xff,0x00,0x00,0xff,0x00,0x00,0x00,0x00,0x00,
	0x00,0x00,0xff,0xff,0x00,0x00,0xff,0x00,0x00,0xff,0x00,0x00,0xff,0x00,0x00,0xff,
	0x00,0x00,0xff,0x00,0x00,0xff,0x00,0x00,0xff,0x00,0x00,0xff,0x00,0x00,0xff,0x00,
	0x00,0xff,0x00,0x00,0xff,0x00,0x00,0xff,0x00,0x00,0xff,0x00,0x00,0x00,0x00,0x00,
	0x00,0x00,0x00,0xff,0x00,0x00,0xff,0x00,0x00,0xff,0x00,0x00,0xff,0x00,0x00,0xff,
	0xff,0x00,0xff,0x00,0x00,0x00,0x00,0x00,0x00,0x00,0x00,0xff,0x00,0x00,0xff,0x00,
	0x00,0xff,0x00,0x00,0xff,0x00,0x00,0xff,0xff,0x00,0xff,0x00,0x00,0x00,0x00,0x00,
	0x00,0x00,0x00,0x00,0x00,0x00,0xff,0xff,0x00,0xff,0xff,0x00,0xff,0xff,0x00,0xff,
	0xff,0x00,0xff,0xff,0x00,0xff,0xff,0x00,0xff,0xff,0x00,0xff,0xff,0x00,0xff,0xff,
	0x00,0xff,0xff,0x00,0xff,0xff,0x00,0xff,0xff,0x00,0x00,0x00,0x00,0x00,0x00,0x00,
	0x00,0x00,0x00,0x00,0x00,0x00,0x00,0x00,0x00,0xff,0xff,0x00,0xff,0xff,0x00,0xff,
	0xff,0x00,0xff,0xff,0x00,0x00,0x00,0x00,0x00,0x00,0x00,0x00,0x00,0x00,0x00,0x00,
	0x00,0x00,0x00,0x00,0x00,0x00,0x00,0x00,0x00,0x00,0x00,0x00,0x00,0x00,0x00,0x00,
	0x00,0x00,0x00,0x00,0x00,0x00,0xff,0xff,0x00,0xff,0xff,0x00,0xff,0xff,0x00,0xff,
	0xff,0x00,0x00,0x00,0x00,0x00,0x00,0x00,0xff,0xff,0x00,0xff,0xff,0x00,0xff,0xff,
	0x00,0x00,0x00,0x00,0x00,0x00,0x00,0x00,0x00,0x00,0x00,0x00,0x00,0x00,0x00,0x00,
	0x00,0x00,0x00,0x00,0x00,0x00,0x00,0x00,0x00,0x00,0x00,0x00,0xff,0xff,0x00,0xff,
	0xff,0x00,0xff,0xff,0x00,0xff,0xff,0x00,0xff,0xff,0x00,0xff,0xff,0x00,0xff,0xff,
	0x00,0xff,0xff,0x00,0xff,0xff,0x00,0xff,0xff,0x00,0xff,0xff,0x00,0x00,0x00,0x00,
	0x00,0x00,0x00,0x00,0x00,0x00,0xff,0xff,0x00,0xff,0xff,0x00,0xff,0xff,0x00,0xff,
	0xff,0x00,0xff,0xff,0x00,0x00,0x00,0x00,0x00,0x00,0x00,0x00,0x00,0x00,0x00,0x00,
	0x00,0xff,0xff,0x00,0xff,0xff,0x00,0x00,0x00,0x00,0x00,0x00,0x00,0x00,0x00,0x00,
	0x00,0x00,0x00,0xff,0x00,0x00,0xff,0x00,0x00,0xff,0x00,0x00,0xff,0x00,0x00,0xff,
	0x00,0x00,0xff,0x00,0x00,0x00,0x00,0x00,0x00,0x00,0x00,0xff,0x00,0x00,0xff,0x00,
	0x00,0xff,0x00,0x00,0xff,0x00,0x00,0xff,0x00,0x00,0xff,0x00,0x00,0x00,0x00,0x00,
	0x00,0x00,0x00,0x00,0x00,0xff,0xff,0x00,0x00,0xff,0x00,0x00,0xff,0x00,0x00,0xff,
	0x00,0x00,0xff,0x00,0x00,0xff,0x00,0x00,0xff,0x00,0x00,0xff,0x00,0x00,0xff,0x00,
	0x00,0xff,0x00,0x00,0xff,0x00,0x00,0xff,0x00,0x00,0x00,0x00,0xff,0x00,0x00,0xff,
	0x00,0x00,0x00,0xff,0x00,0x00,0xff,0xff,0x00,0xff,0x00,0x00,0xff,0x00,0x00,0xff,
	0x00,0x00,0xff,0x00,0x00,0x00,0x00,0x00,0x00,0x00,0x00,0xff,0x00,0x00,0xff,0x00,
	0x00,0xff,0x00,0x00,0xff,0x00,0x00,0xff,0x00,0x00,0xff,0x00,0x00,0x00,0x00,0x00,
	0x00,0x00,0x00,0x00,0x00,0x00,0x00,0x00,0x00,0xff,0xff,0x00,0xff,0xff,0x00,0xff,
	0xff,0x00,0x00,0x00,0x00,0x00,0x00,0x00,0x00,0x00,0x00,0x00,0x00,0x00,0xff,0xff,
	0x00,0xff,0xff,0x00,0xff,0xff,0x00,0x00,0x00,0x00,0x00,0x00,0x00,0x00,0x00,0x00,
	0x00,0x00,0x00,0x00,0x00,0x00,0x00,0x00,0x00,0x00,0x00,0x00,0xff,0xff,0x00,0xff,
	0xff,0x00,0xff,0xff,0x00,0xff,0xff,0x00,0x00,0x00,0x00,0x00,0x00,0x00,0x00,0x00,
	0x00,0x00,0x00,0x00,0x00,0x00,0x00,0x00,0x00,0x00,0x00,0x00,0x00,0x00,0x00,0x00,
	0x00,0x00,0x00,0x00,0x00,0x00,0x00,0x00,0x00,0xff,0xff,0x00,0xff,0xff,0x00,0xff,
	0xff,0x00,0x00,0x00,0x00,0x00,0x00,0x00,0x00,0x00,0x00,0x00,0x00,0x00,0x00,0x00,
	0x00,0x00,0x00,0x00,0x00,0x00,0x00,0x00,0x00,0x00,0x00,0x00,0x00,0x00,0x00,0x00,
	0x00,0x00,0x00,0x00,0x00,0x00,0x00,0x00,0x00,0x00,0x00,0x00,0x00,0x00,0x00,0xff,
	0xff,0x00,0xff,0xff,0x00,0x00,0x00,0x00,0x00,0x00,0x00,0x00,0x00,0x00,0x00,0x00,
	0x00,0x00,0x00,0x00,0xff,0xff,0x00,0xff,0xff,0x00,0xff,0xff,0x00,0xff,0xff,0x00,
	0x00,0x00,0x00,0x00,0x00,0x00,0x00,0x00,0x00,0xff,0xff,0x00,0xff,0xff,0x00,0xff,
	0xff,0x00,0x00,0x00,0x00,0x00,0x00,0x00,0x00,0x00,0x00,0x00,0x00,0x00,0xff,0xff,
	0x00,0xff,0xff,0x00,0x00,0x00,0x00,0x00,0x00,0x00,0x00,0x00,0x00,0x00,0x00,0x00,
	0x00,0x00,0x00,0x00,0x00,0x00,0xff,0x00,0x00,0xff,0x00,0x00,0xff,0x00,0x00,0xff,
	0x00,0x00,0x00,0x00,0x00,0x00,0x00,0x00,0x00,0x00,0x00,0x00,0x00,0x00,0xff,0x00,
	0x00,0xff,0x00,0x00,0xff,0x00,0x00,0xff,0x00,0x00,0x00,0x00,0x00,0x00,0x00,0x00,
	0x00,0x00,0x00,0x00,0x00,0x00,0x00,0x00,0x00,0x00,0x00,0x00,0x00,0x00,0x00,0x00,
	0x00,0x00,0xff,0x00,0x00,0xff,0x00,0x00,0xff,0x00,0x00,0xff,0x00,0x00,0x00,0x00,
	0x00,0x00,0x00,0x00,0x00,0x00,0x00,0x00,0x00,0xff,0x00,0x00,0xff,0x00,0x00,0xff,
	0x00,0x00,0x00,0x00,0x00,0x00,0xff,0x00,0x00,0xff,0x00,0x00,0xff,0x00,0x00,0xff,
	0x00,0x00,0x00,0x00,0x00,0x00,0x00,0x00,0x00,0x00,0x00,0x00,0x00,0x00,0xff,0xff,
	0x00,0xff,0x00,0x00,0xff,0x00,0x00,0xff,0x00,0x00,0x00,0x00,0x00,0x00,0x00,0x00,
	0x00,0x00,0x00,0x00,0x00,0x00,0x00,0x00,0x00,0x00,0x00,0x00,0x00,0x00,0x00,0x00,
	0x00,0x00,0x00,0x00,0x00,0x00,0x00,0x00,0x00,0x00,0x00,0x00,0x00,0x00,0x00,0x00,
	0x00,0x00,0x00,0x00,0x00,0x00,0x00,0x00,0x00,0x00,0x00,0x00,0x00,0x00,0x00,0x00,
	0x00,0x00,0x00,0x00,0x00,0x00,0x00,0x00,0x00,0x00,0x00,0x00,0x00,0x00,0x00,0x00,
	0x00,0x00,0x00,0x00,0x00,0x00,0x00,0x00,0xff,0x00,0x00,0x00,0x00,0x00,0x00,0x00,
	0x00,0x00,0x00,0x00,0x00,0x00,0x00,0x00,0x00,0x00,0x00,0x00,0x00,0x00,0x00,0x00,
	0x00,0x00,0x00,0x00,0x00,0x00,0x00,0x00,0x00,0x00,0x00,0x00,0x00,0x00,0x00,0xff,
	0xff,0x00,0xff,0xff,0x00,0xff,0xff,0x00,0xff,0xff,0x00,0xff,0xff,0x00,0xff,0xff,
	0x00,0x00,0x00,0x00,0x00,0x00,0x00,0x00,0x00,0x00,0x00,0x00,0x00,0x00,0x00,0x00,
	0x00,0x00,0x00,0x00,0x00,0x00,0x00,0x00,0x00,0x00,0x00,0x00,0x00,0x00,0x00,0x00,
	0x00,0x00,0xff,0xff,0x00,0xff,0xff,0x00,0xff,0xff,0x00,0x00,0x00,0x00,0x00,0x00,
	0x00,0x00,0x00,0x00,0x00,0x00,0x00,0x00,0x00,0x00,0x00,0x00,0x00,0x00,0x00,0x00,
	0x00,0x00,0x00,0x00,0x00,0x00,0x00,0x00,0x00,0x00,0x00,0x00,0x00,0x00,0x00,0x00,
	0x00,0x00,0xff,0xff,0x00,0xff,0xff,0x00,0x00,0x00,0x00,0xff,0xff,0x00,0xff,0xff,
	0x00,0x00,0x00,0x00,0x00,0x00,0x00,0x00,0x00,0x00,0x00,0x00,0x00,0x00,0x00,0x00,
	0x00,0x00,0x00,0x00,0x00,0x00,0x00,0x00,0x00,0x00,0x00,0x00,0x00,0x00,0x00,0xff,
	0xff,0x00,0xff,0xff,0x00,0xff,0xff,0x00,0xff,0xff,0x00,0xff,0xff,0x00,0xff,0xff,
	0x00,0x00,0x00,0x00,0x00,0x00,0x00,0x00,0x00,0x00,0x00,0x00,0x00,0x00,0x00,0x00,
	0x00,0x00,0x00,0x00,0x00,0x00,0x00,0x00,0x00,0xff,0x00,0x00,0xff,0x00,0x00,0xff,
	0x00,0x00,0x00,0x00,0x00,0x00,0x00,0x00,0x00,0x00,0x00,0x00,0x00,0x00,0x00,0x00,
	0x00,0x00,0x00,0x00,0x00,0x00,0x00,0x00,0x00,0xff,0x00,0x00,0xff,0x00,0x00,0x00,
	0x00,0x00,0x00,0x00,0x00,0x00,0x00,0x00,0x00,0x00,0x00,0x00,0x00,0x00,0x00,0x00,
	0x00,0x00,0x00,0x00,0x00,0x00,0x00,0x00,0x00,0x00,0x00,0x00,0x00,0x00,0x00,0x00,
	0x00,0x00,0x00,0x00,0x00,0x00,0x00,0x00,0x00,0x00,0x00,0x00,0x00,0x00,0x00,0x00,
	0x00,0x00,0x00,0x00,0x00,0x00,0x00,0x00,0x00,0x00,0x00,0x00,0x00,0x00,0x00,0x00,
	0x00,0x00,0x00,0x00,0x00,0x00,0x00,0x00,0x00,0x00,0x00,0x00,0x00,0x00,0x00,0x00,
	0x00,0x00,0x00,0x00,0x00,0x00,0x00,0x00,0x00,0x00,0x00,0x00,0x00,0x00,0x00,0x00,
	0x00,0x00,0x00,0x00,0x00,0x00,0x00,0x00,0x00,0x00,0x00,0x00,0x00,0x00,0x00,0x00,
	0x00,0x00,0x00,0x00,0x00,0x00,0x00,0x00,0xff,0x00,0x00,0xff,0x00,0x00,0x00,0x00,
	0x00,0x00,0x00,0x00,0x00,0x00,0x00,0x00,0x00,0x00,0x00,0x00,0x00,0x00,0x00,0x00,
	0x00,0x00,0x00,0x00,0x00,0x00,0x00,0x00,0x00,0xff,0xff,0x00,0xff,0xff,0x00,0xff,
	0xff,0x00,0xff,0xff,0x00,0xff,0xff,0x00,0xff,0xff,0x00,0xff,0xff,0x00,0xff,0xff,
	0x00,0xff,0xff,0x00,0xff,0xff,0x00,0x00,0x00,0x00,0x00,0x00,0x00,0x00,0x00,0x00,
	0x00,0x00,0x00,0x00,0x00,0x00,0x00,0x00,0x00,0x00,0x00,0x00,0xff,0xff,0x00,0xff,
	0xff,0x00,0xff,0xff,0x00,0xff,0xff,0x00,0x00,0x00,0x00,0xff,0xff,0x00,0xff,0xff,
	0x00,0x00,0x00,0x00,0xff,0xff,0x00,0x00,0x00,0x00,0x00,0x00,0x00,0x00,0x00,0x00,
	0x00,0x00,0x00,0x00,0x00,0x00,0x00,0x00,0x00,0x00,0x00,0x00,0x00,0x00,0x00,0xff,
	0xff,0x00,0x00,0x00,0x00,0x00,0x00,0x00,0x00,0x00,0x00,0x00,0x00,0x00,0x00,0x00,
	0x00,0xff,0xff,0x00,0x00,0x00,0x00,0x00,0x00,0x00,0x00,0x00,0x00,0x00,0x00,0x00,
	0x00,0x00,0x00,0x00,0x00,0x00,0x00,0x00,0x00,0xff,0xff,0x00,0xff,0xff,0x00,0xff,
	0xff,0x00,0xff,0xff,0x00,0xff,0xff,0x00,0xff,0xff,0x00,0xff,0xff,0x00,0xff,0xff,
	0x00,0xff,0xff,0x00,0xff,0xff,0x00,0x00,0x00,0x00,0x00,0x00,0x00,0x00,0x00,0x00,
	0x00,0x00,0x00,0x00,0x00,0x00,0xff,0x00,0x00,0xff,0x00,0x00,0xff,0x00,0x00,0xff,
	0x00,0x00,0xff,0x00,0x00,0x00,0x00,0x00,0x00,0x00,0x00,0x00,0x00,0x00,0xff,0x00,
	0x00,0xff,0x00,0x00,0x00,0x00,0x00,0x00,0x00,0x00,0x00,0x00,0x00,0x00,0x00,0x00,
	0x00,0x00,0x00,0x00,0x00,0x00,0x00,0x00,0x00,0x00,0x00,0x00,0x00,0x00,0x00,0x00,
	0x00,0x00,0x00,0x00,0x00,0x00,0x00,0x00,0x00,0x00,0x00,0x00,0x00,0x00,0x00,0x00,
	0x00,0x00,0x00,0x00,0x00,0x00,0x00,0x00,0x00,0x00,0x00,0x00,0x00,0x00,0x00,0x00,
	0x00,0x00,0x00,0x00,0x00,0x00,0x00,0x00,0x00,0x00,0x00,0x00,0x00,0x00,0x00,0x00,
	0x00,0x00,0x00,0x00,0x00,0x00,0x00,0x00,0x00,0x00,0x00,0x00,0x00,0x00,0x00,0x00,
	0x00,0x00,0x00,0x00,0x00,0x00,0x00,0x00,0x00,0x00,0x00,0x00,0x00,0x00,0x00,0x00,
	0x00,0x00,0x00,0x00,0x00,0x00,0x00,0x00,0x00,0x00,0x00,0x00,0x00,0x00,0x00,0x00,
	0x00,0x00,0x00,0x00,0x00,0x00,0x00,0xff,0x00,0x00,0xff,0x00,0x00,0xff,0x00,0x00,
	0xff,0x00,0x00,0xff,0x00,0x00,0xff,0x00,0x00,0x00,0x00,0x00,0x00,0x00,0x00,0x00,
	0x00,0x00,0x00,0x00,0x00,0x00,0xff,0xff,0x00,0xff,0xff,0x00,0xff,0xff,0x00,0xff,
	0xff,0x00,0xff,0xff,0x00,0xff,0xff,0x00,0xff,0xff,0x00,0xff,0xff,0x00,0xff,0xff,
	0x00,0xff,0xff,0x00,0xff,0xff,0x00,0xff,0xff,0x00,0x00,0x00,0x00,0x00,0x00,0x00,
	0x00,0x00,0x00,0x00,0x00,0x00,0x00,0x00,0x00,0xff,0xff,0x00,0xff,0xff,0x00,0xff,
	0xff,0x00,0xff,0xff,0x00,0xff,0xff,0x00,0x00,0x00,0x00,0xff,0xff,0x00,0xff,0xff,
	0x00,0xff,0xff,0x00,0xff,0xff,0x00,0xff,0xff,0x00,0x00,0x00,0x00,0x00,0x00,0x00,
	0x00,0x00,0x00,0x00,0x00,0x00,0x00,0x00,0x00,0xff,0xff,0x00,0x00,0x00,0x00,0xff,
	0xff,0x00,0xff,0xff,0x00,0x00,0x00,0x00,0x00,0x00,0x00,0x00,0x00,0x00,0x00,0x00,
	0x00,0xff,0xff,0x00,0xff,0xff,0x00,0x00,0x00,0x00,0x00,0x00,0x00,0x00,0x00,0x00,
	0x00,0x00,0x00,0x00,0x00,0x00,0xff,0xff,0x00,0xff,0xff,0x00,0xff,0xff,0x00,0xff,
	0xff,0x00,0xff,0xff,0x00,0xff,0xff,0x00,0xff,0xff,0x00,0xff,0xff,0x00,0xff,0xff,
	0x00,0xff,0xff,0x00,0xff,0xff,0x00,0xff,0xff,0x00,0x00,0x00,0x00,0x00,0x00,0x00,
	0x00,0x00,0x00,0x00,0x00,0x00,0xff,0x00,0x00,0xff,0x00,0x00,0xff,0x00,0x00,0xff,
	0x00,0x00,0xff,0x00,0x00,0xff,0x00,0x00,0x00,0x00,0x00,0x00,0x00,0x00,0x00,0x00,
	0x00,0x00,0x00,0x00,0x00,0x00,0x00,0x00,0x00,0x00,0x00,0x00,0x00,0x00,0x00,0x00,
	0x00,0x00,0x00,0x00,0x00,0x00,0x00,0x00,0x00,0x00,0x00,0x00,0x00,0x00,0x00,0x00,
	0x00,0x00,0x00,0x00,0x00,0x00,0x00,0x00,0x00,0x00,0x00,0x00,0x00,0x00,0x00,0x00,
	0x00,0x00,0x00,0x00,0x00,0x00,0x00,0x00,0x00,0x00,0x00,0x00,0x00,0x00,0x00,0x00,
	0x00,0x00,0x00,0x00,0x00,0x00,0x00,0x00,0x00,0x00,0x00,0x00,0x00,0x00,0x00,0x00,
	0x00,0x00,0xff,0x00,0x00,0x00,0x00,0x00,0x00,0x00,0x00,0x00,0x00,0x00,0x00,0x00,
	0x00,0x00,0x00,0x00,0x00,0x00,0x00,0x00,0x00,0x00,0x00,0x00,0x00,0x00,0x00,0x00,
	0x00,0x00,0x00,0x00,0x00,0x00,0x00,0x00,0x00,0x00,0x00,0x00,0x00,0x00,0x00,0x00,
	0x00,0x00,0x00,0x00,0xff,0x00,0x00,0xff,0xff,0xff,0x00,0xff,0xff,0x00,0x00,0x00,
	0xff,0x00,0x00,0xff,0x00,0x00,0xff,0x00,0x00,0xff,0x00,0x00,0x00,0x00,0x00,0x00,
	0x00,0x00,0x00,0xff,0xff,0x00,0xff,0xff,0x00,0xff,0xff,0x00,0xff,0xff,0x00,0xff,
	0xff,0x00,0xff,0xff,0x00,0xff,0xff,0x00,0xff,0xff,0x00,0xff,0xff,0x00,0xff,0xff,
	0x00,0xff,0xff,0x00,0xff,0xff,0x00,0xff,0xff,0x00,0xff,0xff,0x00,0x00,0x00,0x00,
	0x00,0x00,0x00,0x00,0x00,0x00,0xff,0xff,0x00,0xff,0xff,0x00,0xff,0xff,0x00,0xff,
	0xff,0x00,0xff,0xff,0x00,0x00,0x00,0x00,0x00,0x00,0x00,0xff,0xff,0x00,0x00,0x00,
	0x00,0xff,0xff,0x00,0xff,0xff,0x00,0xff,0xff,0x00,0xff,0xff,0x00,0x00,0x00,0x00,
	0x00,0x00,0x00,0x00,0x00,0x00,0xff,0xff,0x00,0xff,0xff,0x00,0x00,0x00,0x00,0x00,
	0x00,0x00,0xff,0x00,0x00,0xff,0xff,0x00,0x00,0x00,0x00,0xff,0xff,0x00,0x00,0x00,
	0x00,0x00,0x00,0x00,0x00,0x00,0x00,0xff,0xff,0x00,0x00,0x00,0x00,0x00,0x00,0x00,
	0x00,0x00,0x00,0xff,0xff,0x00,0xff,0xff,0x00,0xff,0xff,0x00,0xff,0xff,0x00,0xff,
	0xff,0x00,0xff,0xff,0x00,0xff,0xff,0x00,0xff,0xff,0x00,0xff,0xff,0x00,0xff,0xff,
	0x00,0xff,0xff,0x00,0xff,0xff,0x00,0xff,0xff,0x00,0xff,0xff,0x00,0x00,0x00,0x00,
	0x00,0x00,0x00,0x00,0x00,0x00,0xff,0x00,0x00,0xff,0x00,0x00,0xff,0x00,0x00,0xff,
	0x00,0x00,0xff,0x00,0x00,0xff,0x00,0x00,0x00,0x00,0x00,0x00,0x00,0x00,0x00,0x00,
	0x00,0x00,0x00,0x00,0x00,0x00,0x00,0x00,0x00,0x00,0x00,0x00,0x00,0x00,0x00,0x00,
	0x00,0x00,0x00,0x00,0x00,0x00,0x00,0x00,0x00,0x00,0x00,0x00,0x00,0x00,0x00,0x00,
	0x00,0x00,0x00,0x00,0x00,0x00,0x00,0x00,0x00,0x00,0x00,0x00,0x00,0x00,0x00,0x00,
	0x00,0x00,0x00,0x00,0x00,0x00,0x00,0x00,0x00,0x00,0x00,0x00,0x00,0x00,0x00,0x00,
	0x00,0x00,0x00,0x00,0x00,0x00,0x00,0x00,0x00,0x00,0x00,0x00,0x00,0x00,0x00,0x00,
	0x00,0x00,0xff,0x00,0x00,0xff,0x00,0x00,0x00,0x00,0x00,0x00,0x00,0x00,0x00,0x00,
	0x00,0x00,0x00,0x00,0x00,0x00,0x00,0x00,0x00,0x00,0x00,0x00,0x00,0x00,0x00,0x00,
	0x00,0x00,0x00,0x00,0x00,0x00,0x00,0x00,0x00,0x00,0x00,0x00,0x00,0x00,0x00,0x00,
	0x00,0xff,0x00,0x00,0xff,0xff,0xff,0x00,0x00,0x00,0x00,0x00,0x00,0x00,0xff,0xff,
	0x00,0x00,0x00,0xff,0x00,0x00,0xff,0x00,0x00,0xff,0x00,0x00,0xff,0x00,0x00,0x00,
	0x00,0x00,0x00,0xff,0xff,0x00,0xff,0xff,0x00,0xff,0xff,0x00,0xff,0xff,0x00,0xff,
	0xff,0x00,0xff,0xff,0x00,0xff,0xff,0x00,0xff,0xff,0x00,0xff,0xff,0x00,0xff,0xff,
	0x00,0xff,0xff,0x00,0xff,0xff,0x00,0xff,0xff,0x00,0xff,0xff,0x00,0x00,0x00,0x00,
	0x00,0x00,0x00,0x00,0x00,0x00,0x00,0x00,0x00,0xff,0xff,0x00,0x00,0x00,0x00,0x00,
	0x00,0x00,0xff,0x00,0x00,0xff,0xff,0x00,0xff,0xff,0x00,0x00,0x00,0x00,0x00,0x00,
	0x00,0x00,0x00,0x00,0xff,0xff,0x00,0xff,0xff,0x00,0xff,0xff,0x00,0x00,0x00,0x00,
	0x00,0x00,0x00,0xff,0xff,0x00,0xff,0xff,0x00,0x00,0x00,0x00,0x00,0x00,0x00,0xff,
	0xff,0x00,0xff,0xff,0x00,0xff,0x00,0x00,0x00,0x00,0x00,0x00,0x00,0x00,0xff,0xff,
	0x00,0xff,0xff,0x00,0x00,0x00,0x00,0x00,0x00,0x00,0x00,0x00,0x00,0x00,0x00,0x00,
	0x00,0x00,0x00,0xff,0xff,0x00,0xff,0xff,0x00,0xff,0xff,0x00,0xff,0xff,0x00,0xff,
	0xff,0x00,0xff,0xff,0x00,0xff,0xff,0x00,0xff,0xff,0x00,0xff,0xff,0x00,0xff,0xff,
	0x00,0xff,0xff,0x00,0xff,0xff,0x00,0xff,0xff,0x00,0xff,0xff,0x00,0x00,0x00,0x00,
	0x00,0x00,0x00,0x00,0x00,0x00,0x00,0x00,0x00,0xff,0x00,0x00,0xff,0x00,0x00,0xff,
	0x00,0x00,0xff,0x00,0x00,0x00,0x00,0x00,0x00,0x00,0x00,0x00,0x00,0x00,0x00,0x00,
	0x00,0x00,0x00,0x00,0x00,0x00,0x00,0x00,0x00,0x00,0x00,0x00,0x00,0x00,0x00,0x00,
	0x00,0x00,0x00,0x00,0x00,0x00,0x00,0x00,0x00,0x00,0x00,0x00,0x00,0x00,0x00,0x00,
	0x00,0x00,0x00,0x00,0x00,0x00,0x00,0x00,0x00,0x00,0x00,0x00,0x00,0x00,0x00,0x00,
	0x00,0x00,0x00,0x00,0x00,0x00,0x00,0x00,0x00,0x00,0x00,0x00,0x00,0x00,0x00,0x00,
	0x00,0x00,0x00,0x00,0x00,0x00,0x00,0x00,0x00,0x00,0x00,0x00,0x00,0x00,0x00,0x00,
	0x00,0xff,0x00,0x00,0xff,0x00,0x00,0xff,0x00,0x00,0xff,0x00,0x00,0xff,0x00,0x00,
	0xff,0x00,0x00,0x00,0x00,0x00,0x00,0x00,0x00,0x00,0x00,0x00,0x00,0x00,0x00,0x00,
	0x00,0x00,0x00,0x00,0x00,0x00,0x00,0x00,0x00,0x00,0x00,0x00,0x00,0x00,0x00,0x00,
	0x00,0xff,0x00,0x00,0xff,0xff,0xff,0x00,0x00,0x00,0x00,0x00,0x00,0x00,0xff,0xff,
	0x00,0x00,0x00,0xff,0x00,0x00,0xff,0x00,0x00,0xff,0x00,0x00,0xff,0x00,0x00,0x00,
	0xff,0xff,0x00,0xff,0xff,0x00,0xff,0xff,0x00,0xff,0xff,0x00,0xff,0xff,0x00,0xff,
	0xff,0x00,0xff,0xff,0x00,0xff,0xff,0x00,0xff,0xff,0x00,0xff,0xff,0x00,0xff,0xff,
	0x00,0xff,0xff,0x00,0xff,0xff,0x00,0xff,0xff,0x00,0xff,0xff,0x00,0xff,0xff,0x00,
	0x00,0x00,0x00,0xff,0xff,0x00,0xff,0xff,0x00,0x00,0x00,0x00,0x00,0x00,0x00,0x00,
	0x00,0xff,0xff,0xff,0x00,0xff,0xff,0x00,0x00,0x00,0xff,0xff,0xff,0x00,0xff,0xff,
	0x00,0xff,0xff,0x00,0x00,0x00,0x00,0x00,0x00,0x00,0xff,0xff,0x00,0xff,0xff,0x00,
	0xff,0xff,0x00,0x00,0x00,0x00,0x00,0x00,0x00,0x00,0x00,0x00,0xff,0xff,0x00,0xff,
	0xff,0x00,0x00,0x00,0xff,0x00,0x00,0xff,0x00,0x00,0xff,0x00,0x00,0xff,0x00,0x00,
	0xff,0xff,0xff,0x00,0xff,0xff,0x00,0x00,0x00,0x00,0xff,0xff,0x00,0xff,0xff,0x00,
	0xff,0xff,0x00,0xff,0xff,0x00,0xff,0xff,0x00,0xff,0xff,0x00,0xff,0xff,0x00,0xff,
	0xff,0x00,0xff,0xff,0x00,0xff,0xff,0x00,0xff,0xff,0x00,0xff,0xff,0x00,0xff,0xff,
	0x00,0xff,0xff,0x00,0xff,0xff,0x00,0xff,0xff,0x00,0xff,0xff,0x00,0xff,0xff,0x00,
	0x00,0x00,0x00,0x00,0x00,0x00,0x00,0x00,0x00,0x00,0x00,0x00,0x00,0x00,0x00,0x00,
	0x00,0x00,0x00,0x00,0x00,0x00,0x00,0x00,0x00,0x00,0x00,0x00,0x00,0x00,0x00,0x00,
	0x00,0x00,0x00,0x00,0x00,0x00,0x00,0x00,0x00,0x00,0x00,0x00,0x00,0x00,0x00,0x00,
	0x00,0x00,0x00,0x00,0x00,0x00,0x00,0x00,0x00,0x00,0x00,0x00,0x00,0x00,0x00,0xff,
	0x00,0x00,0xff,0x00,0x00,0x00,0x00,0xff,0xff,0x00,0x00,0xff,0x00,0x00,0xff,0x00,
	0x00,0x00,0x00,0x00,0x00,0x00,0x00,0x00,0x00,0x00,0x00,0x00,0x00,0x00,0x00,0x00,
	0x00,0x00,0x00,0x00,0x00,0x00,0x00,0x00,0x00,0x00,0x00,0x00,0x00,0x00,0xff,0x00,
	0x00,0xff,0xff,0xff,0x00,0xff,0xff,0x00,0x00,0x00,0xff,0x00,0x00,0xff,0x00,0x00,
	0xff,0x00,0x00,0xff,0x00,0x00,0x00,0x00,0x00,0x00,0x00,0x00,0x00,0x00,0x00,0x00,
	0x00,0x00,0x00,0x00,0x00,0x00,0x00,0x00,0x00,0x00,0x00,0x00,0x00,0x00,0x00,0x00,
	0x00,0xff,0x00,0x00,0xff,0x00,0x00,0xff,0xff,0xff,0x00,0xff,0xff,0x00,0x00,0x00,
	0xff,0x00,0x00,0xff,0x00,0x00,0xff,0x00,0x00,0xff,0x00,0x00,0xff,0x00,0x00,0x00,
	0xff,0xff,0x00,0xff,0xff,0x00,0xff,0xff,0x00,0xff,0xff,0x00,0xff,0xff,0x00,0xff,
	0xff,0x00,0xff,0xff,0x00,0xff,0xff,0x00,0xff,0xff,0x00,0xff,0xff,0x00,0xff,0xff,
	0x00,0xff,0xff,0x00,0xff,0xff,0x00,0xff,0xff,0x00,0xff,0xff,0x00,0xff,0xff,0x00,
	0x00,0x00,0x00,0xff,0xff,0x00,0xff,0xff,0x00,0xff,0xff,0x00,0x00,0x00,0xff,0xff,
	0xff,0x00,0xff,0xff,0x00,0xff,0xff,0x00,0x00,0x00,0xff,0x00,0x00,0xff,0xff,0xff,
	0x00,0xff,0xff,0x00,0xff,0xff,0x00,0x00,0x00,0x00,0x00,0x00,0x00,0x00,0x00,0x00,
	0x00,0x00,0x00,0xff,0xff,0x00,0xff,0xff,0x00,0x00,0x00,0x00,0x00,0x00,0xff,0x00,
	0x00,0xff,0xff,0xff,0x00,0xff,0xff,0x00,0x00,0x00,0xff,0xff,0xff,0x00,0x00,0x00,
	0xff,0x00,0x00,0xff,0xff,0xff,0x00,0xff,0xff,0x00,0xff,0xff,0x00,0x00,0x00,0x00,
	0xff,0xff,0x00,0xff,0xff,0x00,0xff,0xff,0x00,0xff,0xff,0x00,0xff,0xff,0x00,0xff,
	0xff,0x00,0xff,0xff,0x00,0xff,0xff,0x00,0xff,0xff,0x00,0xff,0xff,0x00,0xff,0xff,
	0x00,0xff,0xff,0x00,0xff,0xff,0x00,0xff,0xff,0x00,0xff,0xff,0x00,0xff,0xff,0x00,
	0x00,0x00,0x00,0x00,0x00,0x00,0x00,0x00,0x00,0x00,0x00,0x00,0x00,0x00,0x00,0x00,
	0x00,0x00,0x00,0x00,0x00,0x00,0x00,0x00,0x00,0x00,0x00,0x00,0x00,0x00,0x00,0x00,
	0x00,0x00,0x00,0x00,0x00,0x00,0x00,0x00,0x00,0x00,0x00,0x00,0x00,0x00,0x00,0x00,
	0x00,0x00,0x00,0x00,0x00,0x00,0x00,0x00,0x00,0xff,0x00,0x00,0xff,0x00,0x00,0x00,
	0x00,0xff,0x00,0x00,0xff,0xff,0x00,0x00,0xff,0x00,0x00,0x00,0x00,0xff,0x00,0x00,
	0xff,0xff,0x00,0x00,0xff,0x00,0x00,0x00,0x00,0x00,0x00,0x00,0x00,0x00,0x00,0x00,
	0x00,0x00,0x00,0x00,0x00,0x00,0x00,0x00,0x00,0x00,0x00,0xff,0x00,0x00,0xff,0xff,
	0xff,0x00,0x00,0x00,0x00,0x00,0x00,0x00,0xff,0xff,0x00,0x00,0x00,0xff,0x00,0x00,
	0xff,0x00,0x00,0xff,0x00,0x00,0xff,0x00,0x00,0x00,0x00,0x00,0x00,0x00,0x00,0x00,
	0x00,0x00,0x00,0x00,0x00,0x00,0x00,0x00,0x00,0x00,0x00,0x00,0x00,0x00,0x00,0x00,
	0x00,0x00,0x00,0x00,0xff,0x00,0x00,0xff,0x00,0x00,0xff,0x00,0x00,0xff,0x00,0x00,
	0xff,0x00,0x00,0xff,0x00,0x00,0xff,0x00,0x00,0xff,0x00,0x00,0xff,0x00,0x00,0x00,
	0xff,0xff,0x00,0xff,0xff,0x00,0xff,0xff,0x00,0xff,0xff,0x00,0xff,0xff,0x00,0xff,
	0xff,0x00,0xff,0xff,0x00,0xff,0xff,0x00,0xff,0xff,0x00,0xff,0xff,0x00,0xff,0xff,
	0x00,0xff,0xff,0x00,0xff,0xff,0x00,0xff,0xff,0x00,0xff,0xff,0x00,0xff,0xff,0x00,
	0xff,0xff,0x00,0x00,0x00,0x00,0xff,0xff,0x00,0xff,0xff,0x00,0xff,0xff,0x00,0xff,
	0xff,0x00,0xff,0xff,0x00,0xff,0xff,0x00,0xff,0xff,0x00,0xff,0xff,0x00,0xff,0xff,
	0x00,0x00,0x00,0xff,0x00,0x00,0x00,0xff,0x00,0x00,0x00,0x00,0x00,0xff,0xff,0x00,
	0xff,0xff,0x00,0x00,0x00,0x00,0xff,0xff,0x00,0x00,0x00,0xff,0xff,0xff,0x00,0xff,
	0xff,0x00,0x00,0x00,0x00,0xff,0xff,0x00,0xff,0xff,0x00,0x00,0x00,0xff,0xff,0xff,
	0x00,0x00,0x00,0xff,0xff,0xff,0x00,0x00,0x00,0x00,0x00,0x00,0x00,0x00,0x00,0x00,
	0xff,0xff,0x00,0xff,0xff,0x00,0xff,0xff,0x00,0xff,0xff,0x00,0xff,0xff,0x00,0xff,
	0xff,0x00,0xff,0xff,0x00,0xff,0xff,0x00,0xff,0xff,0x00,0xff,0xff,0x00,0xff,0xff,
	0x00,0xff,0xff,0x00,0xff,0xff,0x00,0xff,0xff,0x00,0xff,0xff,0x00,0xff,0xff,0x00,
	0x00,0x00,0x00,0x00,0x00,0x00,0x00,0x00,0x00,0x00,0x00,0x00,0x00,0x00,0x00,0x00,
	0x00,0x00,0x00,0x00,0x00,0x00,0x00,0x00,0x00,0x00,0x00,0x00,0x00,0x00,0x00,0x00,
	0x00,0x00,0x00,0x00,0x00,0x00,0x00,0x00,0x00,0x00,0x00,0x00,0x00,0x00,0x00,0x00,
	0x00,0x00,0x00,0x00,0x00,0x00,0xff,0xff,0x00,0xff,0xff,0x00,0xff,0x00,0x00,0xff,
	0x00,0x00,0xff,0x00,0x00,0xff,0x00,0x00,0xff,0x00,0x00,0xff,0x00,0x00,0xff,0x00,
	0x00,0xff,0x00,0x00,0xff,0xff,0x00,0xff,0xff,0x00,0x00,0x00,0x00,0x00,0x00,0x00,
	0x00,0x00,0x00,0x00,0x00,0x00,0x00,0x00,0x00,0x00,0x00,0xff,0x00,0x00,0xff,0xff,
	0xff,0x00,0x00,0x00,0x00,0x00,0x00,0x00,0xff,0xff,0x00,0x00,0x00,0xff,0x00,0x00,
	0xff,0x00,0x00,0xff,0x00,0x00,0xff,0x00,0x00,0x00,0x00,0x00,0x00,0x00,0x00,0x00,
	0x00,0x00,0x00,0x00,0x00,0x00,0x00,0x00,0x00,0x00,0x00,0x00,0x00,0x00,0x00,0x00,
	0x00,0x00,0x00,0x00,0x00,0x00,0x00,0xff,0x00,0x00,0xff,0x00,0x00,0xff,0x00,0x00,
	0xff,0x00,0x00,0xff,0x00,0x00,0xff,0x00,0x00,0xff,0x00,0x00,0xff,0x00,0x00,0xff,
	0xff,0xff,0x00,0xff,0xff,0x00,0xff,0xff,0x00,0xff,0xff,0x00,0xff,0xff,0x00,0xff,
	0xff,0x00,0xff,0xff,0x00,0xff,0xff,0x00,0xff,0xff,0x00,0xff,0xff,0x00,0xff,0xff,
	0x00,0xff,0xff,0x00,0xff,0xff,0x00,0xff,0xff,0x00,0xff,0xff,0x00,0xff,0xff,0x00,
	0xff,0xff,0x00,0xff,0xff,0x00,0x00,0x00,0x00,0x00,0x00,0xff,0x00,0x00,0xff,0xff,
	0xff,0x00,0x00,0x00,0x00,0xff,0xff,0x00,0xff,0xff,0x00,0x00,0x00,0xff,0xff,0xff,
	0x00,0xff,0xff,0x00,0x00,0x00,0xff,0xff,0xff,0x00,0xff,0xff,0x00,0x00,0x00,0x00,
	0xff,0xff,0x00,0x00,0x00,0x00,0x00,0x00,0x00,0xff,0xff,0x00,0x00,0x00,0xff,0xff,
	0xff,0x00,0xff,0xff,0x00,0x00,0x00,0x00,0xff,0xff,0x00,0x00,0x00,0xff,0x00,0x00,
	0xff,0x00,0x00,0xff,0xff,0xff,0x00,0xff,0xff,0x00,0x00,0x00,0x00,0xff,0xff,0x00,
	0xff,0xff,0x00,0xff,0xff,0x00,0xff,0xff,0x00,0xff,0xff,0x00,0xff,0xff,0x00,0xff,
	0xff,0x00,0xff,0xff,0x00,0xff,0xff,0x00,0xff,0xff,0x00,0xff,0xff,0x00,0xff,0xff,
	0x00,0xff,0xff,0x00,0xff,0xff,0x00,0xff,0xff,0x00,0xff,0xff,0x00,0xff,0xff,0x00,
	0x00,0x00,0x00,0x00,0x00,0x00,0x00,0x00,0x00,0x00,0x00,0x00,0x00,0x00,0x00,0x00,
	0x00,0x00,0x00,0x00,0x00,0x00,0x00,0x00,0x00,0x00,0x00,0x00,0x00,0x00,0x00,0x00,
	0x00,0x00,0x00,0x00,0x00,0x00,0x00,0x00,0x00,0x00,0x00,0x00,0x00,0x00,0x00,0x00,
	0x00,0x00,0x00,0xff,0xff,0x00,0xff,0xff,0x00,0xff,0xff,0x00,0xff,0xff,0x00,0xff,
	0x00,0x00,0xff,0x00,0x00,0xff,0x00,0x00,0xff,0x00,0x00,0xff,0x00,0x00,0xff,0x00,
	0x00,0xff,0xff,0x00,0xff,0xff,0x00,0xff,0xff,0x00,0xff,0xff,0x00,0x00,0x00,0x00,
	0x00,0x00,0x00,0x00,0x00,0x00,0x00,0x00,0x00,0x00,0x00,0xff,0x00,0x00,0xff,0x00,
	0x00,0xff,0xff,0xff,0x00,0xff,0xff,0x00,0x00,0x00,0xff,0x00,0x00,0xff,0x00,0x00,
	0xff,0x00,0x00,0xff,0x00,0x00,0xff,0x00,0x00,0x00,0x00,0x00,0x00,0x00,0x00,0x00,
	0x00,0x00,0x00,0x00,0x00,0x00,0x00,0x00,0x00,0x00,0x00,0x00,0x00,0x00,0x00,0x00,
	0x00,0x00,0x00,0x00,0x00,0x00,0x00,0xff,0x00,0x00,0xff,0x00,0x00,0xff,0x00,0x00,
	0xff,0x00,0x00,0xff,0x00,0x00,0xff,0x00,0x00,0xff,0x00,0x00,0xff,0x00,0x00,0xff,
	0xff,0xff,0x00,0xff,0xff,0x00,0xff,0xff,0x00,0xff,0xff,0x00,0xff,0xff,0x00,0xff,
	0xff,0x00,0xff,0xff,0x00,0xff,0xff,0x00,0xff,0xff,0x00,0xff,0xff,0x00,0xff,0xff,
	0x00,0xff,0xff,0x00,0xff,0xff,0x00,0xff,0xff,0x00,0xff,0xff,0x00,0xff,0xff,0x00,
	0xff,0xff,0x00,0xff,0xff,0x00,0xff,0xff,0x00,0xff,0xff,0x00,0x00,0x00,0xff,0x00,
	0x00,0xff,0xff,0xff,0x00,0xff,0xff,0x00,0x00,0x00,0xff,0xff,0xff,0x00,0xff,0xff,
	0x00,0x00,0x00,0xff,0x00,0x00,0xff,0x00,0x00,0x00,0xff,0xff,0x00,0xff,0xff,0x00,
	0x00,0x00,0x00,0xff,0xff,0x00,0xff,0xff,0x00,0x00,0x00,0xff,0x00,0x00,0xff,0x00,
	0x00,0xff,0xff,0xff,0x00,0xff,0xff,0x00,0x00,0x00,0xff,0xff,0xff,0x00,0x00,0x00,
	0xff,0x00,0x00,0xff,0x00,0x00,0xff,0xff,0xff,0x00,0x00,0x00,0x00,0x00,0x00,0x00,
	0xff,0xff,0x00,0xff,0xff,0x00,0xff,0xff,0x00,0xff,0xff,0x00,0xff,0xff,0x00,0xff,
	0xff,0x00,0xff,0xff,0x00,0xff,0xff,0x00,0xff,0xff,0x00,0xff,0xff,0x00,0xff,0xff,
	0x00,0xff,0xff,0x00,0xff,0xff,0x00,0xff,0xff,0x00,0xff,0xff,0x00,0xff,0xff,0x00,
	0x00,0x00,0x00,0x00,0x00,0x00,0x00,0x00,0x00,0x00,0x00,0x00,0x00,0x00,0x00,0x00,
	0x00,0x00,0x00,0x00,0x00,0x00,0x00,0x00,0x00,0x00,0x00,0x00,0x00,0x00,0x00,0x00,
	0x00,0x00,0x00,0x00,0x00,0x00,0x00,0x00,0x00,0x00,0x00,0x00,0x00,0x00,0x00,0x00,
	0x00,0x00,0x00,0x00,0x00,0x00,0x00,0x00,0x00,0x00,0x00,0x00,0x00,0x00,0x00,0xff,
	0x00,0x00,0xff,0x00,0x00,0xff,0x00,0x00,0xff,0x00,0x00,0xff,0x00,0x00,0xff,0x00,
	0x00,0x00,0x00,0x00,0x00,0x00,0x00,0x00,0x00,0x00,0x00,0x00,0x00,0x00,0x00,0x00,
	0x00,0x00,0x00,0x00,0x00,0x00,0x00,0x00,0x00,0x00,0x00,0x00,0x00,0x00,0xff,0x00,
	0x00,0xff,0x00,0x00,0xff,0x00,0x00,0xff,0x00,0x00,0xff,0x00,0x00,0xff,0x00,0x00,
	0xff,0x00,0x00,0xff,0x00,0x00,0xff,0x00,0x00,0x00,0x00,0x00,0x00,0x00,0x00,0x00,
	0x00,0x00,0x00,0x00,0x00,0x00,0x00,0x00,0x00,0x00,0x00,0x00,0x00,0x00,0x00,0x00,
	0x00,0x00,0x00,0x00,0x00,0x00,0x00,0x00,0x00,0x00,0xff,0x00,0x00,0xff,0x00,0x00,
	0xff,0x00,0x00,0xff,0x00,0x00,0xff,0x00,0x00,0xff,0x00,0x00,0xff,0x00,0x00,0x00,
	0xff,0xff,0x00,0xff,0xff,0x00,0xff,0xff,0x00,0xff,0xff,0x00,0xff,0xff,0x00,0xff,
	0xff,0x00,0xff,0xff,0x00,0xff,0xff,0x00,0xff,0xff,0x00,0xff,0xff,0x00,0xff,0xff,
	0x00,0xff,0xff,0x00,0xff,0xff,0x00,0xff,0xff,0x00,0xff,0xff,0x00,0xff,0xff,0x00,
	0x00,0x00,0x00,0xff,0xff,0x00,0xff,0xff,0x00,0xff,0xff,0x00,0xff,0xff,0x00,0xff,
	0xff,0x00,0xff,0xff,0x00,0xff,0xff,0x00,0xff,0xff,0x00,0x00,0x00,0xff,0xff,0xff,
	0x00,0xff,0xff,0x00,0x00,0x00,0xff,0x00,0x00,0x00,0xff,0xff,0x00,0xff,0xff,0x00,
	0x00,0x00,0x00,0x00,0x00,0x00,0xff,0xff,0x00,0x00,0x00,0x00,0xff,0xff,0x00,0xff,
	0xff,0x00,0xff,0xff,0x00,0x00,0x00,0xff,0x00,0x00,0xff,0x00,0x00,0xff,0xff,0xff,
	0x00,0x00,0x00,0xff,0x00,0x00,0xff,0x00,0x00,0x00,0x00,0x00,0x00,0xff,0xff,0x00,
	0xff,0xff,0x00,0xff,0xff,0x00,0xff,0xff,0x00,0xff,0xff,0x00,0xff,0xff,0x00,0xff,
	0xff,0x00,0xff,0xff,0x00,0xff,0xff,0x00,0xff,0xff,0x00,0xff,0xff,0x00,0xff,0xff,
	0x00,0xff,0xff,0x00,0xff,0xff,0x00,0xff,0xff,0x00,0xff,0xff,0x00,0xff,0xff,0x00,
	0x00,0x00,0x00,0x00,0x00,0x00,0x00,0x00,0x00,0x00,0x00,0x00,0x00,0x00,0x00,0x00,
	0x00,0x00,0x00,0x00,0x00,0x00,0x00,0x00,0x00,0x00,0x00,0x00,0x00,0x00,0x00,0x00,
	0x00,0x00,0x00,0x00,0x00,0x00,0x00,0x00,0x00,0x00,0x00,0x00,0x00,0x00,0x00,0x00,
	0x00,0x00,0x00,0xff,0x00,0x00,0xff,0xff,0x00,0xff,0xff,0x00,0xff,0x00,0x00,0xff,
	0x00,0x00,0xff,0x00,0x00,0xff,0x00,0x00,0xff,0x00,0x00,0xff,0x00,0x00,0xff,0x00,
	0x00,0xff,0x00,0x00,0xff,0xff,0x00,0xff,0xff,0x00,0xff,0x00,0x00,0x00,0x00,0x00,
	0x00,0x00,0x00,0x00,0x00,0x00,0x00,0x00,0x00,0x00,0x00,0x00,0x00,0x00,0x00,0x00,
	0x00,0xff,0x00,0x00,0xff,0x00,0x00,0xff,0x00,0x00,0xff,0x00,0x00,0xff,0x00,0x00,
	0xff,0x00,0x00,0xff,0x00,0x00,0xff,0x00,0x00,0x00,0x00,0x00,0x00,0x00,0x00,0x00,
	0x00,0x00,0x00,0x00,0x00,0x00,0x00,0x00,0x00,0x00,0x00,0x00,0x00,0x00,0x00,0x00,
	0x00,0x00,0x00,0x00,0x00,0x00,0x00,0x00,0x00,0x00,0xff,0x00,0x00,0xff,0x00,0x00,
	0xff,0x00,0x00,0xff,0x00,0x00,0xff,0x00,0x00,0x00,0x00,0x00,0x00,0x00,0x00,0x00,
	0x00,0x00,0x00,0xff,0xff,0x00,0xff,0xff,0x00,0xff,0xff,0x00,0xff,0xff,0x00,0xff,
	0xff,0x00,0xff,0xff,0x00,0xff,0xff,0x00,0xff,0xff,0x00,0xff,0xff,0x00,0xff,0xff,
	0x00,0xff,0xff,0x00,0xff,0xff,0x00,0xff,0xff,0x00,0xff,0xff,0x00,0x00,0x00,0x00,
	0x00,0x00,0x00,0xff,0xff,0x00,0xff,0xff,0x00,0xff,0xff,0x00,0xff,0xff,0x00,0x00,
	0x00,0xff,0xff,0xff,0x00,0xff,0xff,0x00,0x00,0x00,0xff,0x00,0x00,0xff,0x00,0x00,
	0xff,0xff,0xff,0x00,0xff,0xff,0x00,0xff,0xff,0x00,0xff,0xff,0x00,0xff,0xff,0x00,
	0xff,0xff,0x00,0xff,0xff,0x00,0x00,0x00,0x00,0xff,0xff,0x00,0x00,0x00,0x00,0xff,
	0xff,0x00,0x00,0x00,0xff,0xff,0xff,0x00,0xff,0xff,0x00,0x00,0x00,0xff,0xff,0xff,
	0x00,0xff,0xff,0x00,0x00,0x00,0xff,0x00,0x00,0x00,0xff,0xff,0x00,0x00,0x00,0x00,
	0x00,0x00,0x00,0xff,0xff,0x00,0xff,0xff,0x00,0xff,0xff,0x00,0xff,0xff,0x00,0xff,
	0xff,0x00,0xff,0xff,0x00,0xff,0xff,0x00,0xff,0xff,0x00,0xff,0xff,0x00,0xff,0xff,
	0x00,0xff,0xff,0x00,0xff,0xff,0x00,0xff,0xff,0x00,0xff,0xff,0x00,0x00,0x00,0x00,
	0x00,0x00,0x00,0x00,0x00,0x00,0x00,0x00,0x00,0x00,0x00,0x00,0x00,0x00,0x00,0x00,
	0x00,0x00,0x00,0x00,0x00,0x00,0x00,0x00,0x00,0x00,0x00,0x00,0x00,0x00,0x00,0x00,
	0x00,0x00,0x00,0x00,0x00,0x00,0x00,0x00,0x00,0x00,0x00,0x00,0x00,0x00,0x00,0x00,
	0x00,0x00,0x00,0x00,0x00,0xff,0x00,0x00,0xff,0xff,0x00,0x00,0xff,0x00,0x00,0xff,
	0x00,0x00,0xff,0x00,0x00,0x00,0x00,0x00,0x00,0x00,0x00,0xff,0x00,0x00,0xff,0x00,
	0x00,0xff,0x00,0x00,0xff,0x00,0x00,0x00,0x00,0xff,0x00,0x00,0xff,0x00,0x00,0x00,
	0x00,0x00,0x00,0x00,0x00,0x00,0x00,0x00,0x00,0x00,0x00,0x00,0x00,0x00,0x00,0x00,
	0x00,0xff,0x00,0x00,0xff,0x00,0x00,0xff,0x00,0x00,0xff,0x00,0x00,0xff,0x00,0x00,
	0xff,0x00,0x00,0xff,0x00,0x00,0xff,0x00,0x00,0x00,0x00,0x00,0x00,0x00,0x00,0x00,
	0x00,0x00,0x00,0x00,0x00,0x00,0x00,0x00,0x00,0x00,0x00,0x00,0x00,0x00,0x00,0x00,
	0x00,0x00,0x00,0x00,0x00,0x00,0x00,0x00,0x00,0x00,0x00,0x00,0x00,0xff,0x00,0x00,
	0xff,0x00,0x00,0x00,0x00,0x00,0x00,0x00,0x00,0x00,0x00,0x00,0x00,0x00,0x00,0x00,
	0x00,0x00,0x00,0xff,0xff,0x00,0xff,0xff,0x00,0xff,0xff,0x00,0xff,0xff,0x00,0xff,
	0xff,0x00,0xff,0xff,0x00,0xff,0xff,0x00,0xff,0xff,0x00,0xff,0xff,0x00,0xff,0xff,
	0x00,0xff,0xff,0x00,0xff,0xff,0x00,0xff,0xff,0x00,0xff,0xff,0x00,0x00,0x00,0x00,
	0x00,0x00,0x00,0x00,0x00,0x00,0xff,0xff,0x00,0xff,0xff,0x00,0xff,0xff,0x00,0x00,
	0x00,0xff,0x00,0x00,0xff,0x00,0x00,0xff,0xff,0xff,0x00,0xff,0xff,0x00,0x00,0x00,
	0xff,0x00,0x00,0xff,0xff,0xff,0x00,0xff,0xff,0x00,0xff,0xff,0x00,0x00,0x00,0x00,
	0x00,0x00,0x00,0xff,0xff,0x00,0xff,0xff,0x00,0xff,0xff,0x00,0x00,0x00,0x00,0x00,
	0x00,0xff,0x00,0x00,0xff,0x00,0x00,0xff,0x00,0x00,0xff,0xff,0xff,0x00,0x00,0x00,
	0xff,0x00,0x00,0xff,0x00,0x00,0xff,0xff,0xff,0x00,0xff,0xff,0x00,0x00,0x00,0x00,
	0x00,0x00,0x00,0xff,0xff,0x00,0xff,0xff,0x00,0xff,0xff,0x00,0xff,0xff,0x00,0xff,
	0xff,0x00,0xff,0xff,0x00,0xff,0xff,0x00,0xff,0xff,0x00,0xff,0xff,0x00,0xff,0xff,
	0x00,0xff,0xff,0x00,0xff,0xff,0x00,0xff,0xff,0x00,0xff,0xff,0x00,0x00,0x00,0x00,
	0x00,0x00,0x00,0x00,0x00,0x00,0x00,0x00,0x00,0x00,0x00,0x00,0x00,0x00,0x00,0x00,
	0x00,0x00,0x00,0x00,0x00,0x00,0x00,0x00,0x00,0x00,0x00,0x00,0x00,0x00,0x00,0x00,
	0x00,0x00,0x00,0x00,0x00,0x00,0x00,0x00,0x00,0x00,0x00,0x00,0x00,0x00,0x00,0x00,
	0x00,0x00,0xff,0x00,0x00,0xff,0x00,0x00,0xff,0x00,0x00,0xff,0x00,0x00,0xff,0xff,
	0x00,0x00,0xff,0x00,0x00,0xff,0x00,0x00,0xff,0x00,0x00,0xff,0x00,0x00,0xff,0x00,
	0x00,0x00,0x00,0xff,0x00,0x00,0xff,0x00,0x00,0xff,0x00,0x00,0xff,0x00,0x00,0xff,
	0x00,0x00,0x00,0x00,0x00,0x00,0x00,0x00,0x00,0x00,0x00,0x00,0x00,0x00,0x00,0x00,
	0x00,0xff,0x00,0x00,0xff,0x00,0x00,0xff,0x00,0x00,0xff,0x00,0x00,0xff,0x00,0x00,
	0xff,0x00,0x00,0xff,0x00,0x00,0xff,0x00,0x00,0x00,0x00,0x00,0x00,0x00,0x00,0x00,
	0x00,0x00,0x00,0x00,0x00,0x00,0x00,0x00,0x00,0x00,0x00,0x00,0x00,0x00,0x00,0x00,
	0x00,0x00,0x00,0x00,0x00,0x00,0x00,0x00,0x00,0x00,0x00,0x00,0x00,0x00,0x00,0x00,
	0x00,0x00,0x00,0x00,0x00,0x00,0x00,0x00,0x00,0x00,0x00,0x00,0x00,0x00,0x00,0x00,
	0x00,0x00,0x00,0x00,0x00,0x00,0xff,0xff,0x00,0xff,0xff,0x00,0xff,0xff,0x00,0xff,
	0xff,0x00,0xff,0xff,0x00,0xff,0xff,0x00,0xff,0xff,0x00,0xff,0xff,0x00,0xff,0xff,
	0x00,0xff,0xff,0x00,0xff,0xff,0x00,0xff,0xff,0x00,0x00,0x00,0x00,0x00,0x00,0x00,
	0x00,0x00,0x00,0x00,0x00,0x00,0x00,0x00,0x00,0xff,0xff,0x00,0x00,0x00,0x00,0x00,
	0x00,0xff,0xff,0xff,0x00,0xff,0xff,0x00,0xff,0xff,0x00,0xff,0xff,0x00,0xff,0xff,
	0x00,0x00,0x00,0xff,0xff,0xff,0x00,0xff,0xff,0x00,0xff,0xff,0x00,0x00,0x00,0x00,
	0x00,0x00,0x00,0xff,0xff,0x00,0x00,0x00,0x00,0x00,0x00,0x00,0xff,0xff,0x00,0x00,
	0x00,0xff,0xff,0xff,0x00,0x00,0x00,0xff,0xff,0xff,0x00,0xff,0xff,0x00,0x00,0x00,
	0xff,0x00,0x00,0xff,0xff,0xff,0x00,0xff,0xff,0x00,0x00,0x00,0x00,0x00,0x00,0x00,
	0x00,0x00,0x00,0x00,0x00,0x00,0xff,0xff,0x00,0xff,0xff,0x00,0xff,0xff,0x00,0xff,
	0xff,0x00,0xff,0xff,0x00,0xff,0xff,0x00,0xff,0xff,0x00,0xff,0xff,0x00,0xff,0xff,
	0x00,0xff,0xff,0x00,0xff,0xff,0x00,0xff,0xff,0x00,0x00,0x00,0x00,0x00,0x00,0x00,
	0x00,0x00,0x00,0x00,0x00,0x00,0x00,0x00,0x00,0x00,0x00,0x00,0x00,0x00,0x00,0xff,
	0x00,0x00,0xff,0x00,0x00,0x00,0x00,0x00,0x00,0x00,0x00,0xff,0x00,0x00,0xff,0x00,
	0x00,0x00,0x00,0x00,0x00,0x00,0x00,0x00,0x00,0x00,0x00,0x00,0x00,0x00,0x00,0x00,
	0x00,0x00,0xff,0x00,0x00,0xff,0x00,0x00,0xff,0x00,0x00,0xff,0xff,0x00,0x00,0x00,
	0x00,0xff,0xff,0x00,0x00,0xff,0x00,0x00,0xff,0x00,0x00,0xff,0x00,0x00,0x00,0x00,
	0xff,0xff,0x00,0x00,0x00,0x00,0xff,0x00,0x00,0xff,0x00,0x00,0xff,0x00,0x00,0xff,
	0x00,0x00,0x00,0x00,0x00,0x00,0x00,0x00,0x00,0x00,0x00,0x00,0x00,0x00,0x00,0x00,
	0x00,0xff,0x00,0x00,0xff,0x00,0x00,0xff,0x00,0x00,0xff,0x00,0x00,0xff,0x00,0x00,
	0xff,0x00,0x00,0xff,0x00,0x00,0xff,0x00,0x00,0x00,0x00,0x00,0x00,0x00,0x00,0x00,
	0x00,0x00,0x00,0x00,0x00,0x00,0x00,0x00,0x00,0x00,0x00,0x00,0x00,0x00,0x00,0x00,
	0x00,0x00,0x00,0x00,0x00,0x00,0x00,0x00,0x00,0x00,0x00,0x00,0x00,0x00,0x00,0x00,
	0x00,0x00,0x00,0x00,0x00,0x00,0x00,0x00,0x00,0x00,0x00,0x00,0x00,0x00,0x00,0x00,
	0x00,0x00,0x00,0x00,0x00,0x00,0x00,0x00,0x00,0xff,0xff,0x00,0xff,0xff,0x00,0xff,
	0xff,0x00,0xff,0xff,0x00,0xff,0xff,0x00,0xff,0xff,0x00,0xff,0xff,0x00,0xff,0xff,
	0x00,0xff,0xff,0x00,0xff,0xff,0x00,0x00,0x00,0x00,0x00,0x00,0x00,0x00,0x00,0x00,
	0x00,0x00,0x00,0x00,0x00,0x00,0x00,0x00,0x00,0xff,0xff,0x00,0x00,0x00,0x00,0xff,
	0xff,0x00,0xff,0xff,0x00,0xff,0xff,0x00,0xff,0xff,0x00,0xff,0xff,0x00,0x00,0x00,
	0xff,0xff,0xff,0x00,0xff,0xff,0x00,0xff,0xff,0x00,0x00,0x00,0x00,0x00,0x00,0x00,
	0x00,0x00,0x00,0x00,0x00,0x00,0x00,0x00,0x00,0xff,0xff,0x00,0x00,0x00,0x00,0xff,
	0xff,0x00,0xff,0xff,0x00,0x00,0x00,0xff,0x00,0x00,0xff,0xff,0xff,0x00,0x00,0x00,
	0xff,0xff,0xff,0x00,0xff,0xff,0x00,0xff,0xff,0x00,0x00,0x00,0x00,0x00,0x00,0x00,
	0x00,0x00,0x00,0x00,0x00,0x00,0x00,0x00,0x00,0xff,0xff,0x00,0xff,0xff,0x00,0xff,
	0xff,0x00,0xff,0xff,0x00,0xff,0xff,0x00,0xff,0xff,0x00,0xff,0xff,0x00,0xff,0xff,
	0x00,0xff,0xff,0x00,0xff,0xff,0x00,0x00,0x00,0x00,0x00,0x00,0x00,0x00,0x00,0x00,
	0x00,0x00,0x00,0x00,0x00,0x00,0xff,0xff,0x00,0xff,0xff,0x00,0x00,0x00,0x00,0x00,
	0x00,0x00,0xff,0x00,0x00,0xff,0x00,0x00,0xff,0x00,0x00,0xff,0x00,0x00,0x00,0x00,
	0x00,0x00,0x00,0x00,0xff,0xff,0x00,0xff,0xff,0x00,0x00,0x00,0x00,0x00,0x00,0x00,
	0x00,0x00,0x00,0x00,0x00,0xff,0x00,0x00,0xff,0x00,0x00,0xff,0xff,0x00,0x00,0xff,
	0x00,0x00,0x00,0x00,0x00,0x00,0x00,0x00,0x00,0x00,0x00,0x00,0x00,0x00,0xff,0x00,
	0x00,0xff,0x00,0x00,0x00,0x00,0xff,0x00,0x00,0xff,0x00,0x00,0xff,0x00,0x00,0x00,
	0x00,0x00,0x00,0x00,0x00,0x00,0x00,0x00,0x00,0x00,0x00,0x00,0x00,0x00,0x00,0x00,
	0x00,0xff,0x00,0x00,0xff,0x00,0x00,0xff,0x00,0x00,0xff,0x00,0x00,0xff,0x00,0x00,
	0xff,0x00,0x00,0xff,0x00,0x00,0xff,0x00,0x00,0x00,0x00,0x00,0x00,0x00,0x00,0x00,
	0x00,0x00,0x00,0x00,0x00,0x00,0x00,0x00,0x00,0x00,0x00,0x00,0x00,0x00,0x00,0x00,
	0x00,0x00,0x00,0x00,0x00,0x00,0x00,0x00,0x00,0x00,0x00,0x00,0x00,0x00,0x00,0x00,
	0x00,0x00,0x00,0x00,0x00,0x00,0x00,0x00,0x00,0x00,0x00,0x00,0x00,0x00,0x00,0x00,
	0x00,0x00,0x00,0x00,0x00,0x00,0x00,0x00,0x00,0x00,0x00,0x00,0x00,0x00,0x00,0xff,
	0xff,0x00,0xff,0xff,0x00,0xff,0xff,0x00,0xff,0xff,0x00,0xff,0xff,0x00,0xff,0xff,
	0x00,0x00,0x00,0x00,0x00,0x00,0x00,0x00,0x00,0x00,0x00,0x00,0x00,0x00,0x00,0x00,
	0x00,0x00,0x00,0x00,0x00,0x00,0x00,0x00,0x00,0x00,0x00,0x00,0xff,0xff,0x00,0xff,
	0xff,0x00,0xff,0xff,0x00,0xff,0xff,0x00,0xff,0xff,0x00,0x00,0x00,0xff,0xff,0xff,
	0x00,0xff,0xff,0x00,0xff,0xff,0x00,0x00,0x00,0x00,0x00,0x00,0x00,0x00,0x00,0x00,
	0x00,0x00,0x00,0x00,0x00,0x00,0x00,0x00,0x00,0x00,0x00,0x00,0x00,0x00,0x00,0x00,
	0x00,0xff,0xff,0xff,0x00,0xff,0xff,0x00,0x00,0x00,0xff,0x00,0x00,0xff,0xff,0xff,
	0x00,0xff,0xff,0x00,0x00,0x00,0xff,0x00,0x00,0x00,0x00,0x00,0x00,0x00,0x00,0x00,
	0x00,0x00,0x00,0x00,0x00,0x00,0x00,0x00,0x00,0x00,0x00,0x00,0x00,0x00,0x00,0xff,
	0xff,0x00,0xff,0xff,0x00,0xff,0xff,0x00,0xff,0xff,0x00,0xff,0xff,0x00,0xff,0xff,
	0x00,0x00,0x00,0x00,0x00,0x00,0x00,0x00,0x00,0x00,0x00,0x00,0x00,0x00,0x00,0x00,
	0x00,0x00,0x00,0xff,0xff,0x00,0xff,0xff,0x00,0xff,0x00,0x00,0xff,0x00,0x00,0xff,
	0xff,0x00,0xff,0x00,0x00,0xff,0x00,0x00,0xff,0x00,0x00,0xff,0x00,0x00,0xff,0x00,
	0x00,0xff,0x00,0x00,0xff,0x00,0x00,0xff,0xff,0x00,0xff,0xff,0x00,0x00,0x00,0x00,
	0x00,0x00,0x00,0x00,0x00,0x00,0xff,0x00,0x00,0x00,0x00,0xff,0x00,0x00,0xff,0x00,
	0x00,0x00,0x00,0x00,0x00,0x00,0x00,0x00,0x00,0x00,0x00,0x00,0x00,0x00,0x00,0x00,
	0x00,0x00,0x00,0xff,0x00,0x00,0xff,0xff,0x00,0x00,0x00,0x00,0x00,0x00,0x00,0x00,
	0x00,0x00,0x00,0x00,0x00,0x00,0x00,0x00,0x00,0x00,0x00,0x00,0x00,0x00,0x00,0x00,
	0x00,0x00,0x00,0x00,0x00,0x00,0x00,0x00,0x00,0x00,0x00,0x00,0x00,0x00,0x00,0x00,
	0x00,0x00,0x00,0x00,0x00,0x00,0x00,0x00,0x00,0x00,0x00,0x00,0x00,0x00,0x00,0x00,
	0x00,0x00,0x00,0x00,0x00,0x00,0x00,0x00,0x00,0x00,0x00,0x00,0x00,0x00,0x00,0x00,
	0x00,0x00,0x00,0x00,0x00,0xff,0x00,0x00,0x00,0x00,0x00,0x00,0x00,0x00,0x00,0x00,
	0x00,0x00,0x00,0x00,0x00,0x00,0x00,0x00,0x00,0x00,0x00,0x00,0x00,0x00,0x00,0x00,
	0x00,0x00,0x00,0x00,0x00,0x00,0x00,0x00,0x00,0x00,0x00,0x00,0x00,0x00,0x00,0x00,
	0x00,0x00,0xff,0xff,0x00,0x00,0x00,0x00,0x00,0x00,0x00,0x00,0x00,0x00,0x00,0x00,
	0x00,0xff,0xff,0x00,0x00,0x00,0x00,0x00,0x00,0x00,0x00,0x00,0x00,0x00,0x00,0x00,
	0x00,0x00,0x00,0x00,0x00,0x00,0x00,0x00,0x00,0x00,0x00,0x00,0x00,0x00,0x00,0x00,
	0x00,0x00,0x00,0x00,0x00,0x00,0x00,0x00,0x00,0x00,0x00,0x00,0x00,0x00,0x00,0x00,
	0x00,0x00,0x00,0x00,0x00,0x00,0x00,0x00,0x00,0x00,0x00,0x00,0x00,0x00,0x00,0x00,
	0x00,0x00,0x00,0x00,0x00,0x00,0x00,0x00,0x00,0x00,0x00,0x00,0x00,0x00,0x00,0x00,
	0x00,0x00,0x00,0x00,0x00,0x00,0x00,0x00,0x00,0x00,0x00,0x00,0x00,0x00,0x00,0x00,
	0x00,0x00,0x00,0x00,0x00,0x00,0x00,0x00,0x00,0x00,0x00,0x00,0x00,0x00,0x00,0x00,
	0x00,0x00,0x00,0x00,0x00,0x00,0x00,0x00,0x00,0xff,0xff,0x00,0xff,0xff,0x00,0x00,
	0x00,0x00,0x00,0x00,0x00,0x00,0x00,0x00,0x00,0x00,0x00,0xff,0xff,0x00,0xff,0xff,
	0x00,0xff,0xff,0x00,0x00,0x00,0x00,0x00,0x00,0x00,0x00,0x00,0x00,0x00,0x00,0x00,
	0x00,0x00,0x00,0xff,0xff,0x00,0xff,0x00,0x00,0xff,0x00,0x00,0xff,0xff,0x00,0xff,
	0x00,0x00,0xff,0x00,0x00,0xff,0x00,0x00,0xff,0x00,0x00,0xff,0x00,0x00,0xff,0x00,
	0x00,0xff,0x00,0x00,0xff,0x00,0x00,0xff,0x00,0x00,0xff,0xff,0x00,0x00,0x00,0x00,
	0x00,0x00,0x00,0x00,0x00,0x00,0x00,0x00,0x00,0x00,0x00,0x00,0x00,0x00,0x00,0x00,
	0x00,0x00,0x00,0x00,0x00,0x00,0x00,0x00,0x00,0x00,0x00,0x00,0x00,0x00,0x00,0x00,
	0x00,0x00,0x00,0x00,0x00,0x00,0x00,0x00,0x00,0x00,0x00,0x00,0x00,0x00,0x00,0x00,
	0x00,0x00,0x00,0x00,0x00,0x00,0x00,0x00,0x00,0x00,0x00,0x00,0x00,0x00,0x00,0x00,
	0x00,0x00,0x00,0x00,0x00,0x00,0x00,0x00,0x00,0x00,0x00,0x00,0x00,0x00,0x00,0x00,
	0x00,0x00,0x00,0x00,0x00,0x00,0x00,0x00,0x00,0x00,0x00,0x00,0x00,0x00,0x00,0x00,
	0x00,0x00,0x00,0x00,0x00,0x00,0x00,0x00,0x00,0x00,0x00,0x00,0x00,0x00,0x00,0x00,
	0x00,0x00,0xff,0x00,0x00,0xff,0x00,0x00,0x00,0x00,0x00,0x00,0x00,0x00,0x00,0x00,
	0x00,0x00,0x00,0x00,0x00,0x00,0x00,0x00,0x00,0x00,0x00,0x00,0x00,0x00,0x00,0x00,
	0x00,0x00,0x00,0x00,0x00,0x00,0x00,0x00,0x00,0xff,0xff,0x00,0x00,0x00,0x00,0x00,
	0x00,0x00,0x00,0x00,0x00,0x00,0x00,0x00,0x00,0x00,0x00,0x00,0x00,0x00,0x00,0x00,
	0x00,0x00,0x00,0x00,0x00,0x00,0x00,0x00,0x00,0x00,0xff,0xff,0x00,0x00,0x00,0x00,
	0x00,0x00,0x00,0x00,0x00,0x00,0x00,0x00,0x00,0x00,0x00,0x00,0x00,0x00,0x00,0x00,
	0x00,0x00,0x00,0x00,0x00,0x00,0x00,0x00,0x00,0x00,0x00,0x00,0x00,0x00,0x00,0x00,
	0x00,0x00,0x00,0x00,0x00,0x00,0x00,0x00,0x00,0x00,0x00,0x00,0x00,0x00,0x00,0x00,
	0x00,0x00,0x00,0x00,0x00,0x00,0x00,0x00,0x00,0x00,0x00,0x00,0x00,0x00,0x00,0x00,
	0x00,0x00,0x00,0x00,0x00,0x00,0x00,0x00,0x00,0x00,0x00,0x00,0x00,0x00,0x00,0x00,
	0x00,0x00,0x00,0x00,0x00,0x00,0x00,0x00,0x00,0x00,0x00,0x00,0x00,0x00,0x00,0x00,
	0x00,0x00,0x00,0x00,0x00,0x00,0xff,0xff,0x00,0x00,0x00,0x00,0x00,0x00,0x00,0x00,
	0x00,0x00,0x00,0x00,0x00,0x00,0x00,0x00,0xff,0xff,0x00,0xff,0xff,0x00,0x00,0x00,
	0x00,0xff,0xff,0x00,0xff,0xff,0x00,0xff,0xff,0x00,0x00,0x00,0x00,0x00,0x00,0x00,
	0x00,0x00,0x00,0x00,0x00,0x00,0xff,0x00,0x00,0xff,0x00,0x00,0xff,0x00,0x00,0xff,
	0x00,0x00,0xff,0x00,0x00,0xff,0x00,0x00,0xff,0x00,0x00,0xff,0x00,0x00,0xff,0x00,
	0x00,0xff,0x00,0x00,0xff,0x00,0x00,0xff,0x00,0x00,0x00,0x00,0x00,0x00,0x00,0x00,
	0x00,0x00,0x00,0x00,0x00,0x00,0x00,0x00,0x00,0x00,0x00,0x00,0x00,0x00,0x00,0x00,
	0x00,0x00,0x00,0x00,0x00,0x00,0x00,0x00,0x00,0x00,0x00,0x00,0x00,0x00,0x00,0x00,
	0x00,0x00,0x00,0x00,0x00,0x00,0x00,0x00,0x00,0x00,0x00,0x00,0x00,0x00,0x00,0x00,
	0x00,0x00,0x00,0x00,0x00,0x00,0x00,0x00,0x00,0x00,0x00,0x00,0x00,0x00,0x00,0x00,
	0x00,0x00,0x00,0x00,0x00,0x00,0x00,0x00,0x00,0x00,0x00,0x00,0x00,0x00,0x00,0x00,
	0x00,0x00,0x00,0x00,0x00,0x00,0x00,0x00,0x00,0x00,0x00,0x00,0x00,0x00,0x00,0x00,
	0x00,0x00,0x00,0x00,0x00,0x00,0x00,0x00,0x00,0x00,0x00,0xff,0x00,0x00,0xff,0x00,
	0x00,0xff,0x00,0x00,0xff,0x00,0x00,0xff,0x00,0x00,0xff,0x00,0x00,0x00,0x00,0x00,
	0x00,0x00,0x00,0x00,0x00,0x00,0x00,0x00,0x00,0x00,0x00,0x00,0x00,0x00,0x00,0x00,
	0x00,0x00,0x00,0x00,0x00,0x00,0x00,0x00,0x00,0x00,0x00,0x00,0x00,0x00,0x00,0x00,
	0x00,0x00,0x00,0x00,0x00,0x00,0x00,0x00,0xff,0xff,0x00,0x00,0x00,0x00,0x00,0x00,
	0x00,0x00,0x00,0x00,0x00,0x00,0x00,0x00,0x00,0x00,0x00,0x00,0x00,0x00,0x00,0x00,
	0x00,0x00,0x00,0x00,0x00,0x00,0x00,0x00,0x00,0x00,0x00,0x00,0x00,0x00,0x00,0x00,
	0x00,0x00,0x00,0x00,0x00,0x00,0x00,0x00,0x00,0x00,0x00,0x00,0x00,0x00,0x00,0x00,
	0x00,0x00,0x00,0x00,0x00,0x00,0x00,0x00,0x00,0x00,0x00,0x00,0x00,0x00,0x00,0x00,
	0x00,0x00,0x00,0x00,0x00,0x00,0x00,0x00,0x00,0x00,0x00,0x00,0x00,0x00,0x00,0x00,
	0x00,0x00,0x00,0x00,0x00,0x00,0x00,0x00,0x00,0x00,0x00,0x00,0x00,0x00,0x00,0x00,
	0x00,0x00,0x00,0x00,0x00,0x00,0x00,0x00,0x00,0x00,0x00,0x00,0x00,0x00,0x00,0x00,
	0x00,0x00,0x00,0x00,0x00,0x00,0xff,0xff,0x00,0xff,0xff,0x00,0x00,0x00,0x00,0xff,
	0xff,0x00,0xff,0xff,0x00,0xff,0xff,0x00,0x00,0x00,0x00,0x00,0x00,0x00,0x00,0x00,
	0x00,0x00,0x00,0x00,0xff,0xff,0x00,0xff,0xff,0x00,0xff,0xff,0x00,0x00,0x00,0x00,
	0x00,0x00,0x00,0x00,0x00,0x00,0xff,0x00,0x00,0xff,0x00,0x00,0xff,0x00,0x00,0xff,
	0x00,0x00,0xff,0x00,0x00,0xff,0x00,0x00,0xff,0x00,0x00,0xff,0x00,0x00,0xff,0x00,
	0x00,0xff,0x00,0x00,0xff,0x00,0x00,0xff,0x00,0x00,0x00,0x00,0x00,0x00,0x00,0x00,
	0x00,0x00,0x00,0x00,0x00,0x00,0x00,0x00,0x00,0x00,0x00,0x00,0x00,0x00,0x00,0x00,
	0x00,0x00,0x00,0x00,0x00,0x00,0x00,0x00,0x00,0x00,0x00,0x00,0x00,0x00,0x00,0x00,
	0x00,0x00,0x00,0x00,0x00,0x00,0x00,0x00,0x00,0x00,0x00,0x00,0x00,0x00,0x00,0x00,
	0x00,0x00,0x00,0x00,0x00,0x00,0x00,0x00,0x00,0x00,0x00,0x00,0x00,0x00,0x00,0x00,
	0x00,0x00,0x00,0x00,0x00,0x00,0x00,0x00,0x00,0x00,0x00,0xff,0x00,0x00,0x00,0x00,
	0x00,0x00,0x00,0x00,0x00,0x00,0x00,0x00,0x00,0x00,0x00,0x00,0x00,0x00,0x00,0x00,
	0x00,0x00,0x00,0x00,0x00,0x00,0x00,0x00,0xff,0x00,0x00,0xff,0x00,0x00,0xff,0x00,
	0x00,0xff,0xff,0xff,0x00,0xff,0xff,0x00,0x00,0x00,0xff,0x00,0x00,0xff,0x00,0x00,
	0x00,0x00,0x00,0x00,0x00,0x00,0x00,0x00,0x00,0x00,0x00,0x00,0x00,0x00,0x00,0x00,
	0x00,0x00,0x00,0xff,0xff,0x00,0x00,0x00,0x00,0x00,0x00,0x00,0x00,0x00,0x00,0x00,
	0x00,0x00,0xff,0x00,0x00,0x00,0x00,0x00,0x00,0x00,0x00,0x00,0x00,0x00,0x00,0x00,
	0x00,0x00,0x00,0x00,0x00,0x00,0x00,0x00,0x00,0x00,0x00,0x00,0x00,0x00,0x00,0x00,
	0x00,0x00,0x00,0x00,0x00,0x00,0x00,0x00,0x00,0x00,0x00,0x00,0x00,0x00,0x00,0x00,
	0x00,0x00,0xff,0x00,0x00,0x00,0x00,0x00,0x00,0x00,0x00,0x00,0x00,0x00,0x00,0x00,
	0x00,0x00,0x00,0x00,0x00,0x00,0x00,0x00,0x00,0x00,0x00,0x00,0x00,0x00,0x00,0x00,
	0x00,0x00,0x00,0x00,0x00,0x00,0x00,0x00,0x00,0x00,0x00,0x00,0x00,0x00,0x00,0x00,
	0x00,0x00,0x00,0x00,0x00,0x00,0x00,0x00,0x00,0x00,0x00,0x00,0x00,0x00,0x00,0x00,
	0x00,0x00,0x00,0x00,0x00,0x00,0x00,0x00,0x00,0x00,0x00,0x00,0x00,0x00,0x00,0x00,
	0x00,0x00,0x00,0xff,0xff,0x00,0xff,0xff,0x00,0xff,0xff,0x00,0xff,0xff,0x00,0xff,
	0xff,0x00,0xff,0xff,0x00,0x00,0x00,0x00,0xff,0xff,0x00,0xff,0xff,0x00,0xff,0xff,
	0x00,0xff,0xff,0x00,0x00,0x00,0x00,0xff,0xff,0x00,0xff,0xff,0x00,0x00,0x00,0x00,
	0x00,0x00,0x00,0xff,0x00,0x00,0xff,0x00,0x00,0xff,0x00,0x00,0xff,0x00,0x00,0xff,
	0x00,0x00,0xff,0x00,0x00,0xff,0x00,0x00,0xff,0x00,0x00,0xff,0x00,0x00,0xff,0x00,
	0x00,0xff,0x00,0x00,0xff,0x00,0x00,0xff,0x00,0x00,0xff,0x00,0x00,0x00,0x00,0xff,
	0x00,0x00,0x00,0x00,0x00,0x00,0x00,0x00,0x00,0x00,0x00,0x00,0x00,0x00,0x00,0x00,
	0x00,0x00,0x00,0x00,0x00,0x00,0x00,0x00,0x00,0x00,0x00,0x00,0x00,0x00,0x00,0x00,
	0x00,0x00,0x00,0x00,0x00,0x00,0x00,0x00,0x00,0x00,0x00,0x00,0x00,0x00,0x00,0x00,
	0x00,0x00,0x00,0x00,0x00,0x00,0x00,0x00,0x00,0x00,0x00,0x00,0x00,0x00,0x00,0x00,
	0x00,0x00,0x00,0x00,0x00,0x00,0x00,0x00,0xff,0x00,0x00,0xff,0x00,0x00,0x00,0x00,
	0x00,0x00,0x00,0x00,0x00,0x00,0x00,0x00,0x00,0x00,0x00,0x00,0x00,0x00,0x00,0x00,
	0x00,0x00,0x00,0x00,0x00,0xff,0x00,0x00,0xff,0x00,0x00,0xff,0x00,0x00,0xff,0xff,
	0xff,0x00,0x00,0x00,0x00,0x00,0x00,0x00,0xff,0xff,0x00,0x00,0x00,0xff,0x00,0x00,
	0xff,0x00,0x00,0x00,0x00,0x00,0x00,0x00,0x00,0x00,0x00,0x00,0x00,0x00,0x00,0x00,
	0x00,0x00,0x00,0x00,0x00,0x00,0x00,0x00,0x00,0x00,0x00,0x00,0xff,0xff,0x00,0x00,
	0x00,0x00,0xff,0x00,0x00,0xff,0x00,0x00,0x00,0x00,0x00,0x00,0x00,0x00,0x00,0x00,
	0x00,0xff,0xff,0x00,0x00,0x00,0x00,0x00,0x00,0x00,0x00,0x00,0x00,0xff,0xff,0x00,
	0x00,0x00,0x00,0x00,0x00,0x00,0x00,0x00,0x00,0x00,0x00,0x00,0x00,0x00,0x00,0x00,
	0x00,0x00,0xff,0x00,0x00,0xff,0x00,0x00,0x00,0x00,0x00,0x00,0x00,0x00,0x00,0x00,
	0x00,0x00,0x00,0x00,0x00,0x00,0x00,0x00,0x00,0x00,0x00,0x00,0x00,0x00,0x00,0x00,
	0x00,0x00,0x00,0x00,0x00,0x00,0x00,0x00,0x00,0x00,0x00,0x00,0x00,0x00,0x00,0x00,
	0x00,0x00,0xff,0xff,0x00,0x00,0x00,0x00,0x00,0x00,0x00,0x00,0x00,0x00,0x00,0x00,
	0x00,0x00,0x00,0x00,0x00,0x00,0x00,0xff,0x00,0x00,0x00,0x00,0x00,0x00,0x00,0x00,
	0x00,0x00,0x00,0xff,0xff,0x00,0xff,0xff,0x00,0x00,0x00,0x00,0xff,0xff,0x00,0xff,
	0xff,0x00,0x00,0x00,0x00,0x00,0x00,0x00,0x00,0x00,0x00,0xff,0xff,0x00,0xff,0xff,
	0x00,0xff,0xff,0x00,0xff,0xff,0x00,0x00,0x00,0x00,0xff,0xff,0x00,0xff,0xff,0x00,
	0x00,0x00,0x00,0xff,0x00,0x00,0xff,0x00,0x00,0xff,0x00,0x00,0xff,0x00,0x00,0xff,
	0x00,0x00,0xff,0x00,0x00,0xff,0x00,0x00,0xff,0x00,0x00,0xff,0x00,0x00,0xff,0x00,
	0x00,0xff,0x00,0x00,0xff,0x00,0x00,0xff,0x00,0x00,0xff,0x00,0x00,0x00,0x00,0xff,
	0x00,0x00,0x00,0x00,0x00,0x00,0x00,0x00,0x00,0x00,0x00,0x00,0x00,0x00,0x00,0x00,
	0x00,0x00,0x00,0x00,0x00,0x00,0x00,0x00,0x00,0x00,0x00,0x00,0x00,0x00,0x00,0x00,
	0x00,0x00,0x00,0x00,0x00,0x00,0x00,0x00,0x00,0x00,0x00,0x00,0x00,0x00,0x00,0x00,
	0x00,0x00,0x00,0x00,0x00,0x00,0x00,0x00,0x00,0x00,0x00,0x00,0x00,0x00,0x00,0x00,
	0x00,0xff,0x00,0x00,0xff,0x00,0x00,0xff,0x00,0x00,0xff,0x00,0x00,0xff,0x00,0x00,
	0xff,0x00,0x00,0x00,0x00,0x00,0x00,0x00,0x00,0x00,0x00,0x00,0x00,0x00,0x00,0x00,
	0x00,0x00,0x00,0x00,0x00,0xff,0x00,0x00,0xff,0x00,0x00,0xff,0x00,0x00,0xff,0xff,
	0xff,0x00,0x00,0x00,0x00,0x00,0x00,0x00,0xff,0xff,0x00,0x00,0x00,0xff,0x00,0x00,
	0xff,0x00,0x00,0x00,0x00,0x00,0x00,0x00,0x00,0x00,0x00,0x00,0x00,0x00,0x00,0x00,
	0xff,0xff,0x00,0x00,0x00,0x00,0x00,0x00,0x00,0x00,0x00,0x00,0x00,0x00,0x00,0x00,
	0x00,0xff,0x00,0x00,0xff,0x00,0x00,0xff,0x00,0x00,0xff,0xff,0xff,0x00,0x00,0x00,
	0xff,0x00,0x00,0x00,0x00,0x00,0x00,0x00,0x00,0x00,0x00,0x00,0x00,0x00,0x00,0x00,
	0x00,0x00,0x00,0xff,0xff,0x00,0xff,0xff,0x00,0x00,0x00,0x00,0x00,0x00,0x00,0x00,
	0x00,0xff,0x00,0x00,0xff,0x00,0x00,0xff,0x00,0x00,0xff,0x00,0x00,0xff,0x00,0x00,
	0xff,0x00,0x00,0x00,0x00,0x00,0x00,0x00,0x00,0x00,0x00,0x00,0x00,0x00,0x00,0x00,
	0x00,0x00,0x00,0x00,0x00,0x00,0x00,0x00,0x00,0x00,0x00,0x00,0x00,0x00,0x00,0x00,
	0x00,0x00,0x00,0x00,0x00,0x00,0x00,0xff,0x00,0x00,0xff,0x00,0x00,0xff,0x00,0x00,
	0xff,0x00,0x00,0x00,0xff,0x00,0x00,0xff,0x00,0x00,0x00,0x00,0x00,0x00,0x00,0x00,
	0x00,0x00,0x00,0x00,0x00,0x00,0xff,0xff,0x00,0xff,0xff,0x00,0x00,0x00,0x00,0xff,
	0xff,0x00,0x00,0x00,0x00,0xff,0xff,0x00,0xff,0xff,0x00,0xff,0xff,0x00,0x00,0x00,
	0x00,0xff,0xff,0x00,0xff,0xff,0x00,0x00,0x00,0x00,0x00,0x00,0x00,0xff,0xff,0x00,
	0x00,0x00,0x00,0xff,0x00,0x00,0xff,0x00,0x00,0xff,0x00,0x00,0xff,0x00,0x00,0xff,
	0x00,0x00,0xff,0x00,0x00,0xff,0x00,0x00,0xff,0x00,0x00,0xff,0x00,0x00,0xff,0x00,
	0x00,0xff,0x00,0x00,0xff,0x00,0x00,0xff,0x00,0x00,0xff,0x00,0x00,0x00,0x00,0xff,
	0x00,0x00,0x00,0x00,0x00,0x00,0x00,0x00,0x00,0x00,0x00,0x00,0x00,0x00,0x00,0x00,
	0x00,0x00,0x00,0x00,0x00,0x00,0x00,0x00,0x00,0x00,0x00,0x00,0x00,0x00,0x00,0x00,
	0x00,0x00,0x00,0x00,0x00,0x00,0x00,0x00,0x00,0x00,0x00,0x00,0x00,0x00,0x00,0x00,
	0x00,0x00,0x00,0x00,0x00,0x00,0x00,0x00,0x00,0x00,0x00,0x00,0x00,0x00,0xff,0x00,
	0x00,0xff,0x00,0x00,0xff,0x00,0x00,0xff,0xff,0xff,0x00,0xff,0xff,0x00,0x00,0x00,
	0xff,0x00,0x00,0xff,0x00,0x00,0x00,0x00,0x00,0x00,0x00,0x00,0x00,0x00,0x00,0x00,
	0x00,0x00,0x00,0x00,0x00,0xff,0x00,0x00,0xff,0x00,0x00,0xff,0x00,0x00,0xff,0x00,
	0x00,0xff,0xff,0xff,0x00,0xff,0xff,0x00,0x00,0x00,0xff,0x00,0x00,0xff,0x00,0x00,
	0xff,0x00,0x00,0x00,0x00,0x00,0x00,0x00,0x00,0x00,0x00,0x00,0x00,0x00,0x00,0x00,
	0x00,0x00,0x00,0x00,0x00,0x00,0x00,0x00,0x00,0x00,0x00,0x00,0x00,0x00,0xff,0x00,
	0x00,0xff,0xff,0xff,0x00,0xff,0xff,0x00,0x00,0x00,0xff,0x00,0x00,0xff,0x00,0x00,
	0xff,0x00,0x00,0xff,0x00,0x00,0x00,0x00,0x00,0x00,0x00,0x00,0x00,0x00,0x00,0x00,
	0xff,0xff,0x00,0xff,0xff,0x00,0xff,0xff,0x00,0xff,0xff,0x00,0x00,0x00,0xff,0x00,
	0x00,0xff,0xff,0xff,0x00,0xff,0xff,0x00,0x00,0x00,0xff,0x00,0x00,0xff,0x00,0x00,
	0xff,0x00,0x00,0xff,0x00,0x00,0x00,0x00,0x00,0x00,0x00,0x00,0x00,0x00,0x00,0x00,
	0x00,0x00,0x00,0x00,0x00,0x00,0x00,0x00,0x00,0x00,0x00,0x00,0x00,0x00,0x00,0x00,
	0x00,0x00,0x00,0x00,0xff,0x00,0x00,0xff,0x00,0x00,0xff,0x00,0x00,0xff,0x00,0x00,
	0xff,0x00,0x00,0xff,0x00,0x00,0xff,0x00,0x00,0x00,0x00,0x00,0x00,0x00,0x00,0x00,
	0x00,0x00,0x00,0xff,0xff,0x00,0xff,0xff,0x00,0x00,0x00,0x00,0x00,0x00,0x00,0x00,
	0x00,0x00,0xff,0xff,0x00,0xff,0xff,0x00,0xff,0xff,0x00,0xff,0xff,0x00,0x00,0x00,
	0x00,0x00,0x00,0x00,0xff,0xff,0x00,0xff,0xff,0x00,0xff,0xff,0x00,0x00,0x00,0x00,
	0x00,0x00,0xff,0x00,0x00,0xff,0xff,0x00,0x00,0xff,0x00,0x00,0xff,0x00,0x00,0xff,
	0x00,0x00,0xff,0x00,0x00,0xff,0x00,0x00,0xff,0x00,0x00,0xff,0x00,0x00,0xff,0x00,
	0x00,0xff,0x00,0x00,0xff,0x00,0x00,0xff,0x00,0x00,0x00,0x00,0xff,0x00,0x00,0x00,
	0x00,0x00,0x00,0x00,0x00,0x00,0x00,0x00,0x00,0x00,0x00,0x00,0x00,0x00,0x00,0xff,
	0x00,0x00,0xff,0x00,0x00,0xff,0x00,0x00,0xff,0x00,0x00,0xff,0x00,0x00,0xff,0x00,
	0x00,0x00,0x00,0x00,0x00,0x00,0x00,0x00,0x00,0x00,0x00,0x00,0x00,0x00,0x00,0x00,
	0x00,0x00,0x00,0x00,0x00,0x00,0x00,0x00,0x00,0x00,0x00,0xff,0x00,0x00,0xff,0x00,
	0x00,0xff,0x00,0x00,0xff,0xff,0xff,0x00,0x00,0x00,0x00,0x00,0x00,0x00,0xff,0xff,
	0x00,0x00,0x00,0xff,0x00,0x00,0xff,0x00,0x00,0x00,0x00,0x00,0x00,0x00,0x00,0x00,
	0x00,0x00,0x00,0x00,0x00,0xff,0x00,0x00,0xff,0x00,0x00,0xff,0x00,0x00,0xff,0x00,
	0x00,0xff,0x00,0x00,0xff,0x00,0x00,0xff,0x00,0x00,0xff,0x00,0x00,0xff,0x00,0x00,
	0x00,0x00,0x00,0x00,0x00,0x00,0x00,0x00,0x00,0x00,0x00,0x00,0x00,0x00,0x00,0x00,
	0x00,0x00,0x00,0x00,0x00,0x00,0x00,0x00,0x00,0x00,0x00,0xff,0x00,0x00,0xff,0xff,
	0xff,0x00,0x00,0x00,0x00,0x00,0x00,0x00,0xff,0xff,0x00,0x00,0x00,0xff,0x00,0x00,
	0xff,0x00,0x00,0xff,0x00,0x00,0xff,0xff,0xff,0x00,0x00,0x00,0x00,0x00,0x00,0x00,
	0xff,0xff,0x00,0xff,0xff,0x00,0xff,0xff,0x00,0x00,0x00,0xff,0x00,0x00,0xff,0xff,
	0xff,0x00,0xff,0xff,0x00,0xff,0xff,0x00,0xff,0xff,0x00,0x00,0x00,0xff,0x00,0x00,
	0xff,0x00,0x00,0xff,0x00,0x00,0xff,0x00,0x00,0x00,0x00,0x00,0x00,0x00,0x00,0x00,
	0x00,0x00,0x00,0x00,0x00,0x00,0x00,0x00,0x00,0x00,0x00,0x00,0x00,0x00,0x00,0x00,
	0x00,0x00,0x00,0x00,0xff,0x00,0x00,0xff,0x00,0x00,0xff,0xff,0xff,0x00,0xff,0xff,
	0x00,0x00,0x00,0xff,0x00,0x00,0xff,0x00,0x00,0xff,0x00,0x00,0x00,0x00,0x00,0x00,
	0xff,0xff,0x00,0xff,0xff,0x00,0x00,0x00,0x00,0x00,0x00,0x00,0x00,0x00,0x00,0xff,
	0xff,0x00,0xff,0xff,0x00,0xff,0xff,0x00,0x00,0x00,0x00,0xff,0xff,0x00,0xff,0xff,
	0x00,0x00,0x00,0x00,0x00,0x00,0x00,0xff,0xff,0x00,0xff,0xff,0x00,0x00,0x00,0x00,
	0x00,0x00,0xff,0x00,0x00,0xff,0x00,0x00,0xff,0x00,0x00,0x00,0x00,0x00,0x00,0x00,
	0x00,0x00,0xff,0x00,0x00,0xff,0x00,0x00,0xff,0x00,0x00,0xff,0x00,0x00,0x00,0x00,
	0x00,0x00,0x00,0x00,0x00,0x00,0x00,0x00,0x00,0x00,0x00,0x00,0x00,0x00,0x00,0x00,
	0x00,0x00,0x00,0x00,0x00,0x00,0x00,0x00,0x00,0xff,0x00,0x00,0xff,0x00,0x00,0xff,
	0x00,0x00,0xff,0x00,0x00,0x00,0x00,0xff,0xff,0x00,0x00,0xff,0x00,0x00,0xff,0x00,
	0x00,0x00,0x00,0xff,0xff,0x00,0x00,0x00,0x00,0x00,0x00,0x00,0x00,0x00,0x00,0x00,
	0x00,0x00,0x00,0x00,0x00,0x00,0x00,0x00,0x00,0x00,0x00,0xff,0x00,0x00,0xff,0x00,
	0x00,0xff,0x00,0x00,0xff,0xff,0xff,0x00,0x00,0x00,0x00,0x00,0x00,0x00,0xff,0xff,
	0x00,0x00,0x00,0xff,0x00,0x00,0xff,0x00,0x00,0x00,0x00,0x00,0x00,0x00,0x00,0x00,
	0x00,0x00,0xff,0x00,0x00,0xff,0x00,0x00,0xff,0x00,0x00,0xff,0x00,0x00,0xff,0x00,
	0x00,0xff,0x00,0x00,0xff,0x00,0x00,0xff,0x00,0x00,0xff,0x00,0x00,0x00,0x00,0x00,
	0x00,0x00,0x00,0x00,0x00,0x00,0x00,0x00,0x00,0x00,0x00,0x00,0x00,0x00,0x00,0x00,
	0x00,0x00,0x00,0x00,0x00,0x00,0xff,0xff,0x00,0x00,0x00,0xff,0x00,0x00,0xff,0xff,
	0xff,0x00,0x00,0x00,0x00,0x00,0x00,0x00,0xff,0xff,0x00,0x00,0x00,0xff,0x00,0x00,
	0xff,0xff,0xff,0x00,0x00,0x00,0xff,0x00,0x00,0x00,0x00,0x00,0x00,0x00,0x00,0x00,
	0x00,0x00,0x00,0xff,0xff,0x00,0xff,0xff,0x00,0x00,0x00,0xff,0x00,0x00,0xff,0x00,
	0x00,0x00,0x00,0x00,0x00,0x00,0x00,0x00,0x00,0x00,0x00,0x00,0x00,0xff,0x00,0x00,
	0xff,0x00,0x00,0xff,0x00,0x00,0xff,0x00,0x00,0x00,0x00,0x00,0x00,0x00,0x00,0x00,
	0x00,0x00,0x00,0x00,0x00,0x00,0x00,0x00,0x00,0x00,0x00,0x00,0x00,0x00,0x00,0x00,
	0x00,0x00,0x00,0x00,0xff,0x00,0x00,0xff,0x00,0x00,0x00,0xff,0xff,0x00,0xff,0xff,
	0x00,0xff,0xff,0x00,0x00,0x00,0xff,0x00,0x00,0xff,0x00,0x00,0x00,0x00,0x00,0x00,
	0xff,0xff,0x00,0xff,0xff,0x00,0xff,0xff,0x00,0x00,0x00,0x00,0xff,0xff,0x00,0xff,
	0xff,0x00,0x00,0x00,0x00,0x00,0x00,0x00,0x00,0x00,0x00,0x00,0x00,0x00,0x00,0x00,
	0x00,0xff,0xff,0x00,0x00,0x00,0x00,0xff,0xff,0x00,0x00,0x00,0x00,0x00,0x00,0x00,
	0x00,0x00,0x00,0x00,0x00,0xff,0x00,0x00,0xff,0x00,0x00,0x00,0x00,0x00,0x00,0x00,
	0x00,0x00,0x00,0x00,0x00,0x00,0x00,0x00,0x00,0x00,0x00,0x00,0x00,0x00,0xff,0x00,
	0x00,0xff,0x00,0x00,0xff,0x00,0x00,0x00,0x00,0x00,0x00,0x00,0x00,0x00,0x00,0x00,
	0x00,0x00,0x00,0x00,0x00,0x00,0xff,0x00,0x00,0xff,0x00,0x00,0xff,0x00,0x00,0x00,
	0x00,0xff,0x00,0x00,0xff,0xff,0x00,0x00,0xff,0x00,0x00,0x00,0x00,0xff,0x00,0x00,
	0xff,0xff,0x00,0x00,0xff,0x00,0x00,0xff,0x00,0x00,0x00,0x00,0x00,0x00,0x00,0x00,
	0x00,0x00,0x00,0x00,0x00,0x00,0x00,0x00,0x00,0x00,0x00,0xff,0x00,0x00,0xff,0x00,
	0x00,0xff,0x00,0x00,0xff,0x00,0x00,0xff,0xff,0xff,0x00,0xff,0xff,0x00,0x00,0x00,
	0xff,0x00,0x00,0xff,0x00,0x00,0xff,0x00,0x00,0x00,0x00,0x00,0x00,0x00,0x00,0x00,
	0x00,0x00,0xff,0x00,0x00,0xff,0x00,0x00,0xff,0x00,0x00,0xff,0x00,0x00,0xff,0x00,
	0x00,0xff,0x00,0x00,0xff,0x00,0x00,0xff,0x00,0x00,0xff,0x00,0x00,0x00,0x00,0x00,
	0x00,0x00,0x00,0x00,0x00,0x00,0x00,0x00,0x00,0x00,0x00,0x00,0x00,0x00,0x00,0x00,
	0x00,0x00,0x00,0x00,0x00,0x00,0x00,0x00,0x00,0x00,0x00,0xff,0x00,0x00,0xff,0x00,
	0x00,0xff,0xff,0xff,0x00,0xff,0xff,0x00,0x00,0x00,0xff,0x00,0x00,0xff,0x00,0x00,
	0xff,0x00,0x00,0xff,0x00,0x00,0xff,0x00,0x00,0x00,0x00,0x00,0x00,0xff,0xff,0x00,
	0x00,0x00,0x00,0x00,0x00,0x00,0x00,0x00,0x00,0x00,0x00,0xff,0x00,0x00,0xff,0x00,
	0x00,0xff,0xff,0xff,0x00,0xff,0xff,0x00,0x00,0x00,0xff,0x00,0x00,0xff,0x00,0x00,
	0xff,0x00,0x00,0xff,0x00,0x00,0xff,0x00,0x00,0x00,0x00,0x00,0x00,0x00,0x00,0x00,
	0x00,0x00,0x00,0x00,0x00,0x00,0x00,0x00,0x00,0x00,0x00,0x00,0x00,0x00,0x00,0x00,
	0x00,0x00,0x00,0x00,0xff,0x00,0x00,0xff,0xff,0xff,0x00,0x00,0x00,0x00,0xff,0xff,
	0x00,0xff,0xff,0x00,0x00,0x00,0xff,0x00,0x00,0xff,0x00,0x00,0xff,0x00,0x00,0x00,
	0xff,0xff,0x00,0x00,0x00,0x00,0xff,0xff,0x00,0x00,0x00,0x00,0xff,0xff,0x00,0xff,
	0xff,0x00,0xff,0xff,0x00,0x00,0x00,0x00,0x00,0x00,0x00,0xff,0xff,0x00,0xff,0xff,
	0x00,0xff,0xff,0x00,0xff,0xff,0x00,0xff,0xff,0x00,0x00,0x00,0x00,0xff,0xff,0x00,
	0x00,0x00,0x00,0x00,0x00,0x00,0x00,0x00,0x00,0x00,0x00,0x00,0xff,0x00,0x00,0xff,
	0x00,0x00,0x00,0x00,0x00,0x00,0x00,0x00,0x00,0x00,0x00,0xff,0x00,0x00,0xff,0x00,
	0x00,0xff,0x00,0x00,0xff,0x00,0x00,0xff,0x00,0x00,0x00,0x00,0x00,0x00,0x00,0x00,
	0x00,0x00,0x00,0xff,0x00,0x00,0xff,0xff,0x00,0xff,0xff,0x00,0xff,0x00,0x00,0xff,
	0x00,0x00,0xff,0x00,0x00,0xff,0x00,0x00,0xff,0x00,0x00,0xff,0x00,0x00,0xff,0x00,
	0x00,0xff,0x00,0x00,0xff,0xff,0x00,0xff,0xff,0x00,0xff,0x00,0x00,0x00,0x00,0x00,
	0x00,0x00,0x00,0x00,0x00,0x00,0x00,0x00,0x00,0x00,0x00,0xff,0x00,0x00,0xff,0x00,
	0x00,0xff,0x00,0x00,0xff,0x00,0x00,0xff,0x00,0x00,0xff,0x00,0x00,0xff,0x00,0x00,
	0xff,0x00,0x00,0xff,0x00,0x00,0x00,0x00,0x00,0x00,0x00,0x00,0x00,0x00,0x00,0x00,
	0x00,0x00,0x00,0x00,0x00,0xff,0x00,0x00,0xff,0x00,0x00,0xff,0x00,0x00,0xff,0x00,
	0x00,0xff,0x00,0x00,0xff,0x00,0x00,0xff,0x00,0x00,0x00,0x00,0x00,0x00,0x00,0x00,
	0x00,0x00,0x00,0x00,0x00,0x00,0x00,0x00,0x00,0x00,0x00,0x00,0x00,0x00,0x00,0x00,
	0xff,0xff,0x00,0x00,0x00,0x00,0x00,0x00,0x00,0x00,0x00,0x00,0x00,0x00,0xff,0x00,
	0x00,0xff,0x00,0x00,0xff,0x00,0x00,0xff,0x00,0x00,0xff,0x00,0x00,0xff,0x00,0x00,
	0xff,0x00,0x00,0xff,0x00,0x00,0xff,0x00,0x00,0x00,0x00,0x00,0x00,0x00,0x00,0x00,
	0x00,0x00,0x00,0x00,0x00,0x00,0x00,0x00,0x00,0x00,0x00,0x00,0x00,0x00,0xff,0x00,
	0x00,0xff,0x00,0x00,0xff,0x00,0x00,0xff,0x00,0x00,0xff,0x00,0x00,0xff,0x00,0x00,
	0xff,0x00,0x00,0xff,0x00,0x00,0xff,0x00,0x00,0x00,0x00,0x00,0x00,0x00,0x00,0x00,
	0x00,0x00,0x00,0x00,0x00,0x00,0x00,0x00,0x00,0x00,0x00,0x00,0x00,0x00,0x00,0x00,
	0x00,0x00,0x00,0x00,0x00,0x00,0x00,0xff,0x00,0x00,0xff,0xff,0xff,0x00,0x00,0x00,
	0x00,0x00,0x00,0xff,0x00,0x00,0xff,0x00,0x00,0xff,0x00,0x00,0xff,0x00,0x00,0x00,
	0x00,0x00,0x00,0x00,0x00,0x00,0xff,0xff,0x00,0xff,0xff,0x00,0x00,0x00,0x00,0xff,
	0xff,0x00,0xff,0xff,0x00,0xff,0xff,0x00,0xff,0xff,0x00,0xff,0xff,0x00,0xff,0xff,
	0x00,0xff,0xff,0x00,0xff,0xff,0x00,0x00,0x00,0x00,0x00,0x00,0x00,0xff,0xff,0x00,
	0x00,0x00,0x00,0x00,0x00,0x00,0x00,0x00,0x00,0x00,0x00,0x00,0x00,0x00,0x00,0x00,
	0x00,0x00,0x00,0x00,0x00,0x00,0x00,0x00,0xff,0x00,0x00,0xff,0x00,0x00,0xff,0x00,
	0x00,0xff,0x00,0x00,0xff,0x00,0x00,0xff,0x00,0x00,0x00,0x00,0x00,0x00,0x00,0x00,
	0x00,0x00,0x00,0xff,0xff,0x00,0xff,0xff,0x00,0xff,0xff,0x00,0xff,0xff,0x00,0xff,
	0x00,0x00,0xff,0x00,0x00,0xff,0x00,0x00,0xff,0x00,0x00,0xff,0x00,0x00,0xff,0x00,
	0x00,0xff,0xff,0x00,0xff,0xff,0x00,0xff,0xff,0x00,0xff,0xff,0x00,0x00,0x00,0x00,
	0x00,0x00,0x00,0x00,0x00,0x00,0x00,0x00,0x00,0x00,0x00,0xff,0x00,0x00,0xff,0x00,
	0x00,0xff,0x00,0x00,0xff,0x00,0x00,0xff,0x00,0x00,0xff,0x00,0x00,0xff,0x00,0x00,
	0xff,0x00,0x00,0x00,0x00,0x00,0x00,0x00,0x00,0x00,0x00,0x00,0x00,0x00,0x00,0x00,
	0x00,0x00,0x00,0x00,0x00,0x00,0x00,0x00,0x00,0x00,0x00,0xff,0x00,0x00,0xff,0x00,
	0x00,0xff,0x00,0x00,0xff,0x00,0x00,0xff,0x00,0x00,0x00,0x00,0x00,0x00,0x00,0x00,
	0x00,0x00,0x00,0x00,0x00,0x00,0x00,0x00,0x00,0x00,0x00,0x00,0x00,0x00,0x00,0x00,
	0x00,0x00,0x00,0x00,0x00,0x00,0x00,0x00,0x00,0x00,0x00,0x00,0x00,0x00,0x00,0x00,
	0x00,0xff,0x00,0x00,0xff,0xff,0xff,0x00,0x00,0x00,0xff,0x00,0x00,0xff,0x00,0x00,
	0xff,0xff,0xff,0x00,0x00,0x00,0xff,0x00,0x00,0x00,0x00,0x00,0x00,0x00,0x00,0x00,
	0x00,0x00,0x00,0x00,0x00,0x00,0x00,0x00,0x00,0x00,0x00,0x00,0x00,0x00,0x00,0x00,
	0x00,0xff,0x00,0x00,0xff,0x00,0x00,0xff,0x00,0x00,0xff,0x00,0x00,0xff,0x00,0x00,
	0xff,0x00,0x00,0xff,0x00,0x00,0xff,0x00,0x00,0x00,0x00,0x00,0x00,0x00,0x00,0x00,
	0x00,0x00,0x00,0x00,0x00,0x00,0x00,0x00,0x00,0x00,0x00,0x00,0x00,0x00,0x00,0x00,
	0x00,0x00,0x00,0x00,0x00,0x00,0x00,0xff,0x00,0x00,0xff,0x00,0x00,0xff,0x00,0x00,
	0xff,0x00,0x00,0xff,0x00,0x00,0xff,0x00,0x00,0xff,0x00,0x00,0x00,0x00,0x00,0x00,
	0xff,0xff,0x00,0x00,0x00,0x00,0x00,0x00,0x00,0xff,0xff,0x00,0xff,0xff,0x00,0x00,
	0x00,0x00,0xff,0xff,0x00,0x00,0x00,0x00,0xff,0xff,0x00,0xff,0xff,0x00,0xff,0xff,
	0x00,0x00,0x00,0x00,0x00,0x00,0x00,0x00,0x00,0x00,0xff,0xff,0x00,0xff,0xff,0x00,
	0x00,0x00,0x00,0x00,0x00,0x00,0x00,0x00,0x00,0x00,0x00,0x00,0x00,0x00,0x00,0x00,
	0x00,0x00,0x00,0x00,0x00,0x00,0x00,0x00,0xff,0x00,0x00,0xff,0x00,0x00,0xff,0x00,
	0x00,0xff,0x00,0x00,0xff,0x00,0x00,0xff,0x00,0x00,0x00,0x00,0x00,0x00,0x00,0x00,
	0x00,0x00,0x00,0x00,0x00,0x00,0x00,0x00,0x00,0x00,0x00,0x00,0x00,0x00,0x00,0xff,
	0x00,0x00,0xff,0x00,0x00,0xff,0x00,0x00,0xff,0x00,0x00,0xff,0x00,0x00,0xff,0x00,
	0x00,0x00,0x00,0x00,0x00,0x00,0x00,0x00,0x00,0x00,0x00,0x00,0x00,0x00,0x00,0x00,
	0x00,0x00,0x00,0x00,0x00,0x00,0x00,0x00,0x00,0x00,0x00,0xff,0x00,0x00,0xff,0x00,
	0x00,0xff,0x00,0x00,0xff,0x00,0x00,0xff,0x00,0x00,0xff,0x00,0x00,0xff,0x00,0x00,
	0xff,0x00,0x00,0x00,0x00,0x00,0x00,0x00,0x00,0x00,0x00,0x00,0x00,0x00,0x00,0x00,
	0x00,0x00,0x00,0x00,0x00,0x00,0x00,0x00,0x00,0x00,0x00,0x00,0x00,0x00,0x00,0x00,
	0x00,0xff,0x00,0x00,0xff,0x00,0x00,0x00,0x00,0x00,0x00,0x00,0x00,0x00,0x00,0x00,
	0x00,0x00,0x00,0x00,0x00,0x00,0x00,0x00,0x00,0x00,0x00,0x00,0x00,0x00,0x00,0x00,
	0x00,0x00,0x00,0x00,0x00,0x00,0x00,0x00,0x00,0x00,0x00,0x00,0xff,0xff,0x00,0x00,
	0x00,0xff,0x00,0x00,0xff,0x00,0x00,0xff,0x00,0x00,0xff,0x00,0x00,0xff,0x00,0x00,
	0xff,0x00,0x00,0xff,0x00,0x00,0xff,0x00,0x00,0x00,0xff,0xff,0x00,0x00,0x00,0x00,
	0x00,0x00,0x00,0x00,0x00,0x00,0x00,0x00,0x00,0x00,0x00,0x00,0x00,0x00,0x00,0x00,
	0x00,0xff,0x00,0x00,0xff,0x00,0x00,0xff,0x00,0x00,0xff,0x00,0x00,0xff,0x00,0x00,
	0xff,0x00,0x00,0xff,0x00,0x00,0xff,0x00,0x00,0x00,0x00,0x00,0x00,0x00,0x00,0x00,
	0x00,0x00,0x00,0x00,0x00,0x00,0x00,0x00,0x00,0x00,0x00,0x00,0x00,0x00,0x00,0x00,
	0x00,0x00,0x00,0x00,0xff,0x00,0x00,0xff,0x00,0x00,0xff,0x00,0x00,0xff,0x00,0x00,
	0xff,0x00,0x00,0xff,0x00,0x00,0xff,0x00,0x00,0xff,0x00,0x00,0x00,0x00,0x00,0x00,
	0x00,0x00,0x00,0xff,0xff,0x00,0xff,0xff,0x00,0xff,0xff,0x00,0xff,0xff,0x00,0xff,
	0xff,0x00,0xff,0xff,0x00,0xff,0xff,0x00,0x00,0x00,0x00,0x00,0x00,0x00,0x00,0x00,
	0x00,0xff,0xff,0x00,0x00,0x00,0x00,0xff,0xff,0x00,0xff,0xff,0x00,0x00,0x00,0x00,
	0x00,0x00,0x00,0x00,0x00,0x00,0x00,0x00,0x00,0x00,0x00,0x00,0x00,0x00,0x00,0x00,
	0x00,0x00,0x00,0x00,0x00,0x00,0x00,0x00,0x00,0x00,0x00,0xff,0x00,0x00,0xff,0x00,
	0x00,0xff,0x00,0x00,0xff,0x00,0x00,0x00,0x00,0x00,0x00,0x00,0x00,0x00,0x00,0x00,
	0x00,0x00,0x00,0x00,0x00,0xff,0x00,0x00,0xff,0x00,0x00,0xff,0xff,0x00,0x00,0xff,
	0x00,0x00,0xff,0x00,0x00,0xff,0x00,0x00,0xff,0x00,0x00,0xff,0x00,0x00,0xff,0x00,
	0x00,0xff,0x00,0x00,0x00,0x00,0xff,0x00,0x00,0xff,0x00,0x00,0xff,0x00,0x00,0x00,
	0x00,0x00,0x00,0x00,0x00,0x00,0x00,0x00,0x00,0x00,0x00,0xff,0x00,0x00,0xff,0x00,
	0x00,0xff,0x00,0x00,0xff,0x00,0x00,0xff,0x00,0x00,0xff,0x00,0x00,0xff,0x00,0x00,
	0xff,0x00,0x00,0x00,0x00,0x00,0x00,0x00,0x00,0x00,0x00,0x00,0x00,0x00,0x00,0x00,
	0x00,0x00,0x00,0x00,0x00,0x00,0x00,0x00,0x00,0x00,0x00,0x00,0x00,0x00,0x00,0x00,
	0x00,0x00,0x00,0x00,0x00,0x00,0x00,0x00,0x00,0x00,0x00,0x00,0x00,0x00,0x00,0x00,
	0x00,0x00,0x00,0x00,0x00,0x00,0x00,0x00,0x00,0x00,0x00,0x00,0x00,0x00,0x00,0x00,
	0x00,0x00,0x00,0xff,0xff,0x00,0x00,0x00,0x00,0x00,0x00,0x00,0x00,0x00,0x00,0x00,
	0x00,0xff,0x00,0x00,0xff,0x00,0x00,0xff,0x00,0x00,0xff,0x00,0x00,0xff,0x00,0x00,
	0xff,0x00,0x00,0xff,0x00,0x00,0xff,0x00,0x00,0x00,0x00,0x00,0x00,0x00,0x00,0x00,
	0x00,0x00,0x00,0x00,0x00,0x00,0x00,0x00,0x00,0x00,0x00,0x00,0x00,0x00,0x00,0x00,
	0x00,0xff,0x00,0x00,0xff,0x00,0x00,0xff,0x00,0x00,0xff,0x00,0x00,0xff,0x00,0x00,
	0xff,0x00,0x00,0xff,0x00,0x00,0xff,0x00,0x00,0x00,0x00,0x00,0x00,0x00,0x00,0x00,
	0x00,0x00,0x00,0x00,0x00,0x00,0x00,0x00,0x00,0x00,0x00,0x00,0x00,0x00,0x00,0x00,
	0x00,0x00,0x00,0x00,0xff,0x00,0x00,0xff,0x00,0x00,0xff,0x00,0x00,0xff,0x00,0x00,
	0xff,0x00,0x00,0xff,0x00,0x00,0xff,0x00,0x00,0x00,0x00,0x00,0x00,0x00,0x00,0x00,
	0x00,0x00,0x00,0xff,0xff,0x00,0xff,0xff,0x00,0xff,0xff,0x00,0x00,0x00,0x00,0x00,
	0x00,0x00,0xff,0xff,0x00,0xff,0xff,0x00,0xff,0xff,0x00,0xff,0xff,0x00,0xff,0xff,
	0x00,0x00,0x00,0x00,0x00,0x00,0x00,0xff,0xff,0x00,0xff,0xff,0x00,0x00,0x00,0x00,
	0x00,0x00,0x00,0x00,0x00,0x00,0x00,0x00,0x00,0x00,0x00,0x00,0x00,0x00,0x00,0x00,
	0x00,0x00,0x00,0x00,0x00,0x00,0x00,0x00,0x00,0x00,0x00,0x00,0x00,0x00,0x00,0x00,
	0x00,0x00,0x00,0x00,0x00,0x00,0x00,0x00,0x00,0x00,0x00,0x00,0x00,0x00,0x00,0x00,
	0x00,0x00,0xff,0x00,0x00,0xff,0x00,0x00,0xff,0x00,0x00,0xff,0x00,0x00,0xff,0x00,
	0x00,0xff,0xff,0x00,0x00,0x00,0x00,0x00,0x00,0x00,0x00,0xff,0x00,0x00,0x00,0x00,
	0xff,0x00,0x00,0xff,0x00,0x00,0xff,0x00,0x00,0xff,0x00,0x00,0xff,0x00,0x00,0xff,
	0x00,0x00,0x00,0x00,0x00,0x00,0x00,0x00,0x00,0x00,0x00,0xff,0x00,0x00,0xff,0x00,
	0x00,0xff,0x00,0x00,0xff,0x00,0x00,0xff,0x00,0x00,0xff,0x00,0x00,0xff,0x00,0x00,
	0xff,0x00,0x00,0x00,0x00,0x00,0x00,0x00,0x00,0x00,0x00,0x00,0x00,0x00,0x00,0x00,
	0x00,0x00,0x00,0x00,0x00,0x00,0x00,0x00,0x00,0x00,0x00,0x00,0x00,0x00,0x00,0x00,
	0x00,0x00,0x00,0x00,0x00,0x00,0x00,0x00,0x00,0x00,0x00,0x00,0x00,0x00,0x00,0x00,
	0x00,0x00,0x00,0x00,0x00,0x00,0x00,0x00,0x00,0x00,0x00,0x00,0x00,0x00,0x00,0x00,
	0x00,0x00,0x00,0x00,0x00,0x00,0x00,0x00,0x00,0x00,0x00,0x00,0x00,0x00,0x00,0x00,
	0x00,0xff,0x00,0x00,0xff,0x00,0x00,0xff,0xff,0xff,0x00,0x00,0x00,0xff,0x00,0x00,
	0xff,0x00,0x00,0xff,0x00,0x00,0xff,0xff,0xff,0x00,0x00,0x00,0x00,0x00,0x00,0x00,
	0x00,0x00,0x00,0x00,0x00,0x00,0x00,0x00,0x00,0x00,0x00,0x00,0x00,0x00,0x00,0x00,
	0x00,0xff,0x00,0x00,0xff,0x00,0x00,0xff,0x00,0x00,0xff,0x00,0x00,0xff,0x00,0x00,
	0xff,0x00,0x00,0xff,0x00,0x00,0xff,0x00,0x00,0x00,0x00,0x00,0x00,0x00,0x00,0x00,
	0x00,0x00,0x00,0x00,0x00,0x00,0x00,0x00,0x00,0x00,0x00,0x00,0x00,0x00,0x00,0x00,
	0x00,0xff,0x00,0x00,0xff,0x00,0x00,0xff,0x00,0x00,0xff,0x00,0x00,0xff,0x00,0x00,
	0xff,0x00,0x00,0xff,0x00,0x00,0xff,0x00,0x00,0x00,0x00,0x00,0x00,0x00,0x00,0x00,
	0x00,0x00,0x00,0x00,0x00,0x00,0xff,0xff,0x00,0xff,0xff,0x00,0xff,0xff,0x00,0x00,
	0x00,0x00,0x00,0x00,0x00,0xff,0xff,0x00,0xff,0xff,0x00,0xff,0xff,0x00,0x00,0x00,
	0x00,0xff,0xff,0x00,0xff,0xff,0x00,0xff,0xff,0x00,0x00,0x00,0x00,0x00,0x00,0x00,
	0x00,0x00,0x00,0x00,0x00,0x00,0x00,0x00,0x00,0x00,0x00,0x00,0x00,0x00,0x00,0x00,
	0x00,0x00,0x00,0x00,0x00,0x00,0x00,0x00,0x00,0x00,0x00,0x00,0x00,0x00,0x00,0x00,
	0x00,0x00,0x00,0x00,0x00,0x00,0x00,0x00,0x00,0x00,0x00,0x00,0x00,0x00,0x00,0x00,
	0x00,0x00,0xff,0x00,0x00,0xff,0x00,0x00,0xff,0x00,0x00,0xff,0xff,0x00,0x00,0xff,
	0x00,0x00,0xff,0x00,0x00,0xff,0x00,0x00,0xff,0x00,0x00,0xff,0x00,0x00,0xff,0x00,
	0x00,0xff,0x00,0x00,0x00,0x00,0xff,0x00,0x00,0xff,0x00,0x00,0xff,0x00,0x00,0xff,
	0x00,0x00,0x00,0x00,0x00,0x00,0x00,0x00,0x00,0x00,0x00,0xff,0x00,0x00,0xff,0x00,
	0x00,0xff,0x00,0x00,0xff,0x00,0x00,0xff,0x00,0x00,0xff,0x00,0x00,0xff,0x00,0x00,
	0xff,0x00,0x00,0x00,0x00,0x00,0x00,0x00,0x00,0x00,0x00,0x00,0x00,0x00,0x00,0x00,
	0x00,0x00,0x00,0x00,0x00,0x00,0x00,0x00,0x00,0x00,0x00,0x00,0x00,0x00,0x00,0x00,
	0x00,0x00,0x00,0x00,0x00,0x00,0x00,0x00,0x00,0x00,0x00,0x00,0x00,0x00,0x00,0x00,
	0x00,0x00,0x00,0x00,0x00,0x00,0x00,0x00,0x00,0x00,0x00,0x00,0x00,0x00,0x00,0x00,
	0x00,0x00,0x00,0x00,0x00,0x00,0x00,0x00,0x00,0x00,0x00,0x00,0xff,0xff,0x00,0x00,
	0x00,0xff,0x00,0x00,0xff,0x00,0x00,0xff,0x00,0x00,0xff,0x00,0x00,0xff,0xff,0xff,
	0x00,0x00,0x00,0xff,0x00,0x00,0xff,0x00,0x00,0x00,0x00,0x00,0x00,0x00,0x00,0x00,
	0x00,0x00,0x00,0x00,0x00,0x00,0x00,0x00,0x00,0x00,0x00,0x00,0x00,0x00,0x00,0x00,
	0x00,0xff,0x00,0x00,0xff,0x00,0x00,0xff,0x00,0x00,0xff,0x00,0x00,0xff,0x00,0x00,
	0xff,0x00,0x00,0xff,0x00,0x00,0xff,0x00,0x00,0x00,0x00,0x00,0x00,0x00,0x00,0x00,
	0x00,0x00,0x00,0x00,0x00,0x00,0x00,0x00,0x00,0x00,0x00,0x00,0x00,0x00,0x00,0x00,
	0x00,0xff,0x00,0x00,0xff,0x00,0x00,0xff,0x00,0x00,0xff,0x00,0x00,0xff,0x00,0x00,
	0xff,0x00,0x00,0xff,0x00,0x00,0xff,0x00,0x00,0x00,0x00,0x00,0x00,0x00,0x00,0x00,
	0x00,0x00,0x00,0x00,0x00,0x00,0x00,0x00,0x00,0xff,0xff,0x00,0xff,0xff,0x00,0xff,
	0xff,0x00,0xff,0xff,0x00,0x00,0x00,0x00,0x00,0x00,0x00,0x00,0x00,0x00,0xff,0xff,
	0x00,0xff,0xff,0x00,0xff,0xff,0x00,0x00,0x00,0x00,0x00,0x00,0x00,0x00,0x00,0x00,
	0x00,0x00,0x00,0x00,0x00,0x00,0x00,0x00,0x00,0x00,0x00,0x00,0x00,0x00,0x00,0x00,
	0x00,0x00,0x00,0x00,0x00,0x00,0x00,0x00,0x00,0x00,0x00,0x00,0x00,0x00,0x00,0x00,
	0x00,0x00,0x00,0x00,0x00,0x00,0x00,0x00,0x00,0x00,0x00,0x00,0x00,0x00,0x00,0x00,
	0x00,0x00,0x00,0x00,0x00,0xff,0x00,0x00,0xff,0x00,0x00,0xff,0x00,0x00,0xff,0x00,
	0x00,0xff,0x00,0x00,0x00,0x00,0x00,0x00,0x00,0x00,0x00,0x00,0x00,0x00,0x00,0x00,
	0xff,0x00,0x00,0xff,0x00,0x00,0xff,0x00,0x00,0xff,0x00,0x00,0xff,0x00,0x00,0x00,
	0x00,0x00,0x00,0x00,0x00,0x00,0x00,0x00,0x00,0x00,0x00,0x00,0x00,0x00,0x00,0x00,
	0x00,0x00,0x00,0x00,0x00,0x00,0x00,0x00,0x00,0x00,0x00,0x00,0x00,0x00,0x00,0x00,
	0x00,0x00,0x00,0x00,0x00,0x00,0x00,0x00,0x00,0x00,0x00,0x00,0x00,0x00,0x00,0x00,
	0x00,0x00,0x00,0x00,0x00,0x00,0x00,0x00,0x00,0x00,0x00,0x00,0x00,0x00,0x00,0x00,
	0x00,0x00,0x00,0x00,0x00,0x00,0x00,0x00,0x00,0x00,0x00,0x00,0x00,0x00,0x00,0x00,
	0x00,0x00,0x00,0x00,0x00,0x00,0x00,0x00,0x00,0x00,0x00,0x00,0x00,0x00,0x00,0x00,
	0x00,0x00,0x00,0x00,0x00,0x00,0x00,0x00,0x00,0x00,0x00,0x00,0x00,0x00,0x00,0x00,
	0x00,0x00,0x00,0x00,0x00,0x00,0x00,0x00,0x00,0x00,0x00,0x00,0x00,0x00,0x00,0x00,
	0x00,0x00,0x00,0x00,0x00,0x00,0x00,0x00,0x00,0x00,0x00,0x00,0x00,0x00,0x00,0x00,
	0x00,0x00,0x00,0x00,0x00,0x00,0x00,0x00,0x00,0x00,0x00,0x00,0xff,0x00,0x00,0xff,
	0x00,0x00,0x00,0x00,0x00,0x00,0x00,0x00,0x00,0x00,0x00,0x00,0x00,0x00,0x00,0x00,
	0x00,0x00,0x00,0x00,0x00,0x00,0x00,0x00,0x00,0x00,0x00,0x00,0x00,0x00,0x00,0x00,
	0x00,0x00,0x00,0x00,0x00,0x00,0x00,0x00,0x00,0x00,0x00,0x00,0x00,0x00,0x00,0x00,
	0x00,0x00,0x00,0x00,0x00,0x00,0x00,0x00,0x00,0x00,0x00,0x00,0x00,0x00,0x00,0x00,
	0x00,0x00,0x00,0x00,0x00,0x00,0x00,0x00,0x00,0x00,0x00,0x00,0x00,0x00,0x00,0x00,
	0x00,0x00,0x00,0x00,0x00,0x00,0x00,0x00,0x00,0x00,0x00,0x00,0x00,0x00,0x00,0x00,
	0x00,0x00,0x00,0x00,0x00,0x00,0x00,0x00,0x00,0x00,0x00,0x00,0x00,0x00,0xff,0x00,
	0x00,0xff,0x00,0x00,0x00,0x00,0x00,0x00,0x00,0x00,0x00,0x00,0x00,0x00,0x00,0x00,
	0x00,0x00,0x00,0x00,0x00,0x00,0xff,0xff,0x00,0x00,0x00,0x00,0xff,0xff,0x00,0x00,
	0x00,0x00,0x00,0x00,0x00,0x00,0x00,0x00,0x00,0x00,0x00,0xff,0xff,0x00,0x00,0x00,
	0x00,0xff,0xff,0x00,0xff,0xff,0x00,0x00,0x00,0x00,0x00,0x00,0x00,0x00,0x00,0x00,
	0x00,0x00,0x00,0x00,0x00,0x00,0xff,0xff,0x00,0x00,0x00,0x00,0x00,0x00,0x00,0x00,
	0x00,0x00,0x00,0x00,0x00,0x00,0x00,0x00,0x00,0x00,0x00,0x00,0x00,0x00,0x00,0x00,
	0x00,0xff,0xff,0x00,0x00,0x00,0x00,0x00,0x00,0x00,0x00,0x00,0x00,0x00,0x00,0x00,
	0x00,0x00,0x00,0x00,0x00,0x00,0x00,0x00,0x00,0x00,0x00,0x00,0x00,0x00,0x00,0xff,
	0x00,0x00,0xff,0x00,0x00,0x00,0x00,0x00,0x00,0x00,0x00,0xff,0x00,0x00,0xff,0x00,
	0x00,0x00,0x00,0x00,0x00,0x00,0x00,0x00,0x00,0x00,0x00,0x00,0x00,0x00,0x00,0x00,
	0xff,0x00,0x00,0xff,0x00,0x00,0x00,0x00,0x00,0x00,0x00,0x00,0x00,0x00,0x00,0x00,
	0x00,0x00,0x00,0x00,0x00,0x00,0x00,0x00,0x00,0x00,0x00,0x00,0x00,0x00,0x00,0x00,
	0x00,0x00,0x00,0x00,0x00,0x00,0x00,0x00,0x00,0x00,0x00,0x00,0x00,0x00,0x00,0x00,
	0x00,0x00,0x00,0x00,0x00,0x00,0x00,0x00,0x00,0x00,0x00,0x00,0x00,0x00,0x00,0x00,
	0x00,0x00,0x00,0x00,0x00,0x00,0x00,0x00,0x00,0x00,0x00,0x00,0x00,0x00,0x00,0x00,
	0x00,0x00,0x00,0x00,0x00,0x00,0x00,0x00,0x00,0x00,0xff,0x00,0x00,0xff,0x00,0x00,
	0x00,0x00,0x00,0x00,0x00,0x00,0x00,0x00,0x00,0x00,0x00,0x00,0x00,0x00,0x00,0xff,
	0x00,0x00,0xff,0xff,0x00,0xff,0xff,0x00,0xff,0x00,0x00,0xff,0x00,0x00,0xff,0x00,
	0x00,0x00,0x00,0x00,0x00,0x00,0x00,0x00,0x00,0x00,0x00,0x00,0x00,0x00,0x00,0x00,
	0x00,0x00,0x00,0x00,0x00,0x00,0x00,0x00,0x00,0x00,0x00,0x00,0x00,0x00,0x00,0x00,
	0x00,0x00,0x00,0x00,0x00,0x00,0x00,0x00,0x00,0x00,0x00,0x00,0x00,0x00,0x00,0x00,
	0x00,0x00,0x00,0x00,0x00,0x00,0x00,0x00,0x00,0x00,0x00,0x00,0x00,0x00,0x00,0x00,
	0x00,0x00,0x00,0x00,0x00,0x00,0x00,0x00,0x00,0x00,0x00,0x00,0x00,0x00,0x00,0xff,
	0x00,0x00,0xff,0x00,0x00,0xff,0x00,0x00,0xff,0xff,0x00,0xff,0xff,0x00,0xff,0x00,
	0x00,0x00,0x00,0x00,0x00,0x00,0x00,0x00,0x00,0x00,0x00,0x00,0x00,0x00,0x00,0x00,
	0x00,0x00,0x00,0xff,0xff,0x00,0x00,0x00,0x00,0x00,0x00,0x00,0x00,0x00,0x00,0x00,
	0x00,0x00,0xff,0xff,0x00,0x00,0x00,0x00,0xff,0xff,0x00,0x00,0x00,0x00,0x00,0x00,
	0x00,0x00,0x00,0x00,0x00,0x00,0x00,0xff,0xff,0x00,0xff,0xff,0x00,0x00,0x00,0x00,
	0x00,0x00,0x00,0xff,0xff,0x00,0x00,0x00,0x00,0x00,0x00,0x00,0x00,0x00,0x00,0x00,
	0x00,0x00,0x00,0x00,0x00,0x00,0x00,0x00,0xff,0xff,0x00,0x00,0x00,0x00,0x00,0x00,
	0x00,0x00,0x00,0x00,0x00,0x00,0x00,0x00,0x00,0x00,0xff,0xff,0x00,0x00,0x00,0x00,
	0x00,0x00,0x00,0x00,0x00,0x00,0xff,0xff,0x00,0xff,0xff,0x00,0x00,0x00,0x00,0x00,
	0x00,0x00,0xff,0x00,0x00,0xff,0x00,0x00,0xff,0x00,0x00,0xff,0x00,0x00,0x00,0x00,
	0x00,0x00,0x00,0x00,0xff,0xff,0x00,0xff,0xff,0x00,0x00,0x00,0x00,0x00,0x00,0x00,
	0x00,0x00,0x00,0xff,0x00,0x00,0xff,0xff,0x00,0xff,0xff,0x00,0xff,0x00,0x00,0xff,
	0x00,0x00,0xff,0x00,0x00,0x00,0x00,0x00,0x00,0x00,0x00,0x00,0x00,0x00,0x00,0x00,
	0x00,0x00,0x00,0x00,0x00,0x00,0x00,0x00,0x00,0x00,0x00,0x00,0x00,0x00,0x00,0x00,
	0x00,0x00,0x00,0x00,0x00,0x00,0x00,0x00,0x00,0x00,0x00,0x00,0x00,0x00,0x00,0x00,
	0x00,0x00,0x00,0x00,0x00,0x00,0x00,0x00,0x00,0x00,0x00,0xff,0x00,0x00,0xff,0x00,
	0x00,0xff,0x00,0x00,0xff,0xff,0x00,0xff,0xff,0x00,0xff,0x00,0x00,0x00,0x00,0x00,
	0x00,0x00,0x00,0x00,0x00,0x00,0x00,0x00,0x00,0x00,0x00,0x00,0xff,0x00,0x00,0xff,
	0xff,0x00,0x00,0x00,0x00,0x00,0x00,0x00,0xff,0xff,0x00,0xff,0x00,0x00,0xff,0x00,
	0x00,0xff,0x00,0x00,0xff,0x00,0x00,0xff,0x00,0x00,0x00,0x00,0x00,0x00,0x00,0x00,
	0x00,0x00,0x00,0x00,0x00,0x00,0x00,0x00,0x00,0x00,0x00,0x00,0x00,0x00,0x00,0x00,
	0x00,0x00,0x00,0x00,0x00,0x00,0x00,0x00,0x00,0x00,0x00,0x00,0x00,0x00,0x00,0x00,
	0x00,0x00,0x00,0x00,0x00,0x00,0x00,0x00,0x00,0x00,0x00,0x00,0x00,0x00,0x00,0x00,
	0x00,0x00,0x00,0x00,0x00,0x00,0xff,0x00,0x00,0xff,0x00,0x00,0xff,0x00,0x00,0xff,
	0x00,0x00,0xff,0x00,0x00,0xff,0xff,0x00,0x00,0x00,0x00,0x00,0x00,0x00,0xff,0xff,
	0x00,0xff,0x00,0x00,0x00,0x00,0x00,0x00,0x00,0x00,0x00,0x00,0x00,0x00,0x00,0x00,
	0x00,0x00,0x00,0x00,0x00,0x00,0xff,0xff,0x00,0xff,0xff,0x00,0xff,0xff,0x00,0xff,
	0xff,0x00,0x00,0x00,0x00,0x00,0x00,0x00,0x00,0x00,0x00,0x00,0x00,0x00,0x00,0x00,
	0x00,0x00,0x00,0x00,0xff,0xff,0x00,0xff,0xff,0x00,0x00,0x00,0x00,0xff,0xff,0x00,
	0x00,0x00,0x00,0x00,0x00,0x00,0xff,0xff,0x00,0xff,0xff,0x00,0x00,0x00,0x00,0x00,
	0x00,0x00,0x00,0x00,0x00,0x00,0x00,0x00,0x00,0x00,0x00,0x00,0x00,0x00,0x00,0x00,
	0x00,0x00,0x00,0x00,0xff,0xff,0x00,0xff,0xff,0x00,0x00,0x00,0x00,0x00,0x00,0x00,
	0x00,0x00,0x00,0xff,0xff,0x00,0x00,0x00,0x00,0x00,0x00,0x00,0xff,0xff,0x00,0xff,
	0x00,0x00,0xff,0x00,0x00,0xff,0x00,0x00,0xff,0x00,0x00,0xff,0x00,0x00,0xff,0x00,
	0x00,0xff,0xff,0x00,0x00,0x00,0x00,0x00,0x00,0x00,0xff,0xff,0x00,0x00,0x00,0x00,
	0xff,0x00,0x00,0xff,0xff,0x00,0x00,0x00,0x00,0x00,0x00,0x00,0xff,0xff,0x00,0xff,
	0x00,0x00,0xff,0x00,0x00,0xff,0xff,0x00,0xff,0x00,0x00,0xff,0x00,0x00,0x00,0x00,
	0x00,0x00,0x00,0x00,0x00,0x00,0x00,0x00,0x00,0x00,0x00,0x00,0x00,0x00,0x00,0x00,
	0x00,0x00,0x00,0x00,0x00,0x00,0x00,0x00,0x00,0x00,0x00,0x00,0x00,0x00,0x00,0x00,
	0x00,0x00,0xff,0x00,0x00,0xff,0x00,0x00,0xff,0xff,0x00,0xff,0x00,0x00,0xff,0x00,
	0x00,0xff,0xff,0x00,0x00,0x00,0x00,0x00,0x00,0x00,0xff,0xff,0x00,0xff,0x00,0x00,
	0x00,0x00,0x00,0x00,0x00,0x00,0x00,0x00,0x00,0x00,0x00,0x00,0x00,0x00,0x00,0xff,
	0xff,0x00,0x00,0x00,0x00,0x00,0x00,0x00,0xff,0xff,0x00,0xff,0x00,0x00,0xff,0x00,
	0x00,0xff,0x00,0x00,0xff,0x00,0x00,0xff,0xff,0x00,0xff,0x00,0x00,0xff,0x00,0x00,
	0x00,0x00,0x00,0x00,0x00,0x00,0x00,0x00,0x00,0x00,0x00,0x00,0x00,0x00,0x00,0x00,
	0x00,0x00,0x00,0x00,0x00,0x00,0x00,0x00,0x00,0x00,0x00,0x00,0x00,0x00,0x00,0x00,
	0x00,0x00,0x00,0x00,0x00,0x00,0x00,0x00,0x00,0x00,0x00,0x00,0x00,0x00,0x00,0x00,
	0xff,0x00,0x00,0xff,0x00,0x00,0xff,0xff,0x00,0xff,0x00,0x00,0xff,0x00,0x00,0xff,
	0x00,0x00,0xff,0x00,0x00,0xff,0xff,0x00,0x00,0x00,0x00,0x00,0x00,0x00,0xff,0xff,
	0x00,0x00,0x00,0x00,0x00,0x00,0x00,0x00,0x00,0x00,0x00,0x00,0x00,0x00,0x00,0x00,
	0xff,0xff,0x00,0xff,0xff,0x00,0xff,0xff,0x00,0xff,0xff,0x00,0xff,0xff,0x00,0x00,
	0x00,0x00,0x00,0x00,0x00,0x00,0x00,0x00,0x00,0x00,0x00,0xff,0xff,0x00,0x00,0x00,
	0x00,0xff,0xff,0x00,0xff,0xff,0x00,0xff,0xff,0x00,0xff,0xff,0x00,0xff,0xff,0x00,
	0x00,0x00,0x00,0xff,0xff,0x00,0x00,0x00,0x00,0x00,0x00,0x00,0xff,0xff,0x00,0x00,
	0x00,0x00,0x00,0x00,0x00,0x00,0x00,0x00,0xff,0xff,0x00,0x00,0x00,0x00,0x00,0x00,
	0x00,0xff,0xff,0x00,0x00,0x00,0x00,0x00,0x00,0x00,0xff,0xff,0x00,0xff,0xff,0x00,
	0x00,0x00,0x00,0xff,0xff,0x00,0x00,0x00,0x00,0x00,0x00,0x00,0xff,0xff,0x00,0xff,
	0x00,0x00,0xff,0x00,0x00,0xff,0x00,0x00,0xff,0x00,0x00,0xff,0x00,0x00,0xff,0x00,
	0x00,0xff,0xff,0x00,0x00,0x00,0x00,0x00,0x00,0x00,0xff,0xff,0x00,0x00,0x00,0x00,
	0x00,0x00,0x00,0xff,0xff,0x00,0x00,0x00,0x00,0x00,0x00,0x00,0xff,0xff,0x00,0xff,
	0x00,0x00,0xff,0x00,0x00,0xff,0x00,0x00,0xff,0xff,0x00,0xff,0xff,0x00,0xff,0x00,
	0x00,0xff,0x00,0x00,0x00,0x00,0x00,0x00,0x00,0x00,0x00,0x00,0x00,0x00,0x00,0x00,
	0x00,0x00,0x00,0x00,0x00,0x00,0x00,0x00,0x00,0x00,0x00,0x00,0xff,0x00,0x00,0xff,
	0x00,0x00,0xff,0xff,0x00,0xff,0xff,0x00,0xff,0x00,0x00,0xff,0x00,0x00,0xff,0x00,
	0x00,0xff,0xff,0x00,0x00,0x00,0x00,0x00,0x00,0x00,0xff,0xff,0x00,0x00,0x00,0x00,
	0x00,0x00,0x00,0x00,0x00,0x00,0x00,0x00,0x00,0x00,0x00,0x00,0xff,0x00,0x00,0xff,
	0x00,0x00,0xff,0xff,0x00,0xff,0xff,0x00,0xff,0x00,0x00,0xff,0x00,0x00,0xff,0x00,
	0x00,0xff,0x00,0x00,0xff,0x00,0x00,0xff,0x00,0x00,0xff,0xff,0x00,0xff,0xff,0x00,
	0xff,0x00,0x00,0x00,0x00,0x00,0x00,0x00,0x00,0x00,0x00,0x00,0x00,0x00,0x00,0x00,
	0x00,0x00,0x00,0x00,0x00,0x00,0x00,0x00,0x00,0x00,0x00,0x00,0x00,0x00,0x00,0x00,
	0x00,0x00,0x00,0x00,0x00,0x00,0x00,0x00,0x00,0x00,0x00,0x00,0x00,0xff,0x00,0x00,
	0xff,0xff,0x00,0xff,0xff,0x00,0xff,0x00,0x00,0xff,0x00,0x00,0xff,0x00,0x00,0xff,
	0x00,0x00,0xff,0x00,0x00,0xff,0x00,0x00,0xff,0xff,0x00,0xff,0xff,0x00,0xff,0x00,
	0x00,0xff,0x00,0x00,0x00,0x00,0x00,0x00,0x00,0x00,0x00,0x00,0x00,0x00,0x00,0x00,
	0xff,0xff,0x00,0x00,0x00,0x00,0x00,0x00,0x00,0xff,0xff,0x00,0x00,0x00,0x00,0x00,
	0x00,0x00,0x00,0x00,0x00,0xff,0xff,0x00,0xff,0xff,0x00,0x00,0x00,0x00,0xff,0xff,
	0x00,0xff,0xff,0x00,0x00,0x00,0x00,0x00,0x00,0x00,0xff,0xff,0x00,0x00,0x00,0x00,
	0xff,0xff,0x00,0xff,0xff,0x00,0x00,0x00,0x00,0x00,0x00,0x00,0xff,0xff,0x00,0x00,
	0x00,0x00,0x00,0x00,0x00,0x00,0x00,0x00,0x00,0x00,0x00,0xff,0xff,0x00,0x00,0x00,
	0x00,0xff,0xff,0x00,0x00,0x00,0x00,0x00,0x00,0x00,0xff,0xff,0x00,0x00,0x00,0x00,
	0x00,0x00,0x00,0x00,0x00,0x00,0xff,0xff,0x00,0xff,0xff,0x00,0xff,0x00,0x00,0xff,
	0x00,0x00,0xff,0x00,0x00,0x00,0x00,0x00,0x00,0x00,0x00,0xff,0x00,0x00,0xff,0x00,
	0x00,0xff,0x00,0x00,0xff,0xff,0x00,0xff,0xff,0x00,0x00,0x00,0x00,0x00,0x00,0x00,
	0xff,0x00,0x00,0xff,0x00,0x00,0xff,0xff,0x00,0xff,0xff,0x00,0xff,0x00,0x00,0xff,
	0x00,0x00,0xff,0x00,0x00,0xff,0x00,0x00,0xff,0x00,0x00,0xff,0x00,0x00,0xff,0xff,
	0x00,0xff,0x00,0x00,0xff,0x00,0x00,0x00,0x00,0x00,0x00,0x00,0x00,0x00,0x00,0x00,
	0x00,0x00,0x00,0x00,0x00,0x00,0x00,0x00,0x00,0xff,0x00,0x00,0xff,0x00,0x00,0xff,
	0xff,0x00,0xff,0x00,0x00,0xff,0x00,0x00,0xff,0x00,0x00,0xff,0x00,0x00,0xff,0x00,
	0x00,0xff,0x00,0x00,0xff,0xff,0x00,0xff,0xff,0x00,0xff,0x00,0x00,0xff,0x00,0x00,
	0x00,0x00,0x00,0x00,0x00,0x00,0x00,0x00,0x00,0x00,0x00,0x00,0x00,0x00,0x00,0xff,
	0x00,0x00,0xff,0x00,0x00,0xff,0x00,0x00,0xff,0x00,0x00,0xff,0x00,0x00,0xff,0x00,
	0x00,0xff,0x00,0x00,0xff,0x00,0x00,0xff,0x00,0x00,0xff,0x00,0x00,0xff,0x00,0x00,
	0xff,0xff,0x00,0xff,0x00,0x00,0x00,0x00,0x00,0x00,0x00,0x00,0x00,0x00,0x00,0x00,
	0x00,0x00,0x00,0x00,0x00,0x00,0x00,0x00,0x00,0x00,0x00,0x00,0x00,0x00,0x00,0x00,
	0x00,0x00,0x00,0x00,0x00,0x00,0x00,0x00,0x00,0x00,0xff,0x00,0x00,0xff,0xff,0x00,
	0xff,0x00,0x00,0xff,0x00,0x00,0xff,0x00,0x00,0xff,0x00,0x00,0xff,0x00,0x00,0xff,
	0x00,0x00,0xff,0x00,0x00,0xff,0x00,0x00,0xff,0x00,0x00,0xff,0x00,0x00,0xff,0x00,
	0x00,0x00,0x00,0x00,0x00,0x00,0x00,0x00,0x00,0x00,0x00,0x00,0x00,0x00,0x00,0x00,
	0x00,0x00,0x00,0xff,0xff,0x00,0xff,0xff,0x00,0xff,0xff,0x00,0x00,0x00,0x00,0xff,
	0xff,0x00,0x00,0x00,0x00,0x00,0x00,0x00,0x00,0x00,0x00,0x00,0x00,0x00,0x00,0x00,
	0x00,0xff,0xff,0x00,0xff,0xff,0x00,0xff,0xff,0x00,0x00,0x00,0x00,0xff,0xff,0x00,
	0x00,0x00,0x00,0x00,0x00,0x00,0xff,0xff,0x00,0xff,0xff,0x00,0x00,0x00,0x00,0xff,
	0xff,0x00,0x00,0x00,0x00,0x00,0x00,0x00,0x00,0x00,0x00,0x00,0x00,0x00,0x00,0x00,
	0x00,0x00,0x00,0x00,0xff,0xff,0x00,0xff,0xff,0x00,0x00,0x00,0x00,0x00,0x00,0x00,
	0x00,0x00,0x00,0x00,0x00,0x00,0xff,0x00,0x00,0xff,0x00,0x00,0xff,0x00,0x00,0xff,
	0x00,0x00,0xff,0x00,0x00,0xff,0x00,0x00,0xff,0x00,0x00,0xff,0x00,0x00,0xff,0x00,
	0x00,0xff,0x00,0x00,0xff,0x00,0x00,0xff,0x00,0x00,0x00,0x00,0x00,0x00,0x00,0x00,
	0x00,0x00,0x00,0xff,0x00,0x00,0xff,0x00,0x00,0xff,0x00,0x00,0xff,0x00,0x00,0xff,
	0x00,0x00,0xff,0x00,0x00,0xff,0x00,0x00,0xff,0x00,0x00,0xff,0x00,0x00,0xff,0x00,
	0x00,0xff,0x00,0x00,0xff,0x00,0x00,0xff,0x00,0x00,0x00,0x00,0x00,0x00,0x00,0x00,
	0x00,0x00,0x00,0x00,0x00,0x00,0xff,0x00,0x00,0xff,0x00,0x00,0xff,0x00,0x00,0xff,
	0x00,0x00,0xff,0x00,0x00,0xff,0x00,0x00,0xff,0x00,0x00,0xff,0x00,0x00,0xff,0x00,
	0x00,0xff,0x00,0x00,0xff,0x00,0x00,0xff,0x00,0x00,0xff,0x00,0x00,0x00,0x00,0x00,
	0x00,0x00,0x00,0x00,0x00,0x00,0x00,0x00,0x00,0x00,0x00,0x00,0x00,0x00,0x00,0x00,
	0x00,0x00,0xff,0x00,0x00,0xff,0x00,0x00,0xff,0x00,0x00,0xff,0x00,0x00,0xff,0x00,
	0x00,0xff,0x00,0x00,0xff,0x00,0x00,0xff,0x00,0x00,0xff,0x00,0x00,0xff,0x00,0x00,
	0xff,0x00,0x00,0xff,0x00,0x00,0x00,0x00,0x00,0x00,0x00,0x00,0x00,0x00,0x00,0x00,
	0x00,0x00,0x00,0x00,0x00,0x00,0x00,0x00,0x00,0x00,0x00,0x00,0x00,0x00,0x00,0x00,
	0x00,0x00,0x00,0x00,0x00,0x00,0x00,0x00,0x00,0x00,0xff,0x00,0x00,0xff,0x00,0x00,
	0xff,0x00,0x00,0xff,0x00,0x00,0xff,0x00,0x00,0xff,0x00,0x00,0xff,0x00,0x00,0xff,
	0x00,0x00,0xff,0x00,0x00,0xff,0x00,0x00,0xff,0x00,0x00,0xff,0x00,0x00,0x00,0x00,
	0x00,0x00,0x00,0x00,0x00,0x00,0x00,0x00,0x00,0x00,0x00,0x00,0x00,0x00,0x00,0x00,
	0x00,0x00,0x00,0x00,0x00,0x00,0xff,0xff,0x00,0x00,0x00,0x00,0x00,0x00,0x00,0x00,
	0x00,0x00,0xff,0xff,0x00,0xff,0xff,0x00,0xff,0xff,0x00,0x00,0x00,0x00,0x00,0x00,
	0x00,0x00,0x00,0x00,0xff,0xff,0x00,0x00,0x00,0x00,0x00,0x00,0x00,0x00,0x00,0x00,
	0x00,0x00,0x00,0x00,0x00,0x00,0x00,0x00,0x00,0x00,0x00,0x00,0xff,0xff,0x00,0x00,
	0x00,0x00,0x00,0x00,0x00,0x00,0x00,0x00,0x00,0x00,0x00,0x00,0x00,0x00,0x00,0x00,
	0x00,0x00,0x00,0x00,0x00,0x00,0x00,0x00,0x00,0x00,0x00,0x00,0x00,0x00,0x00,0x00,
	0x00,0x00,0x00,0xff,0x00,0x00,0xff,0x00,0x00,0x00,0x00,0xff,0x00,0x00,0xff,0xff,
	0x00,0x00,0xff,0x00,0x00,0xff,0x00,0x00,0xff,0x00,0x00,0xff,0x00,0x00,0xff,0x00,
	0x00,0x00,0x00,0xff,0x00,0x00,0xff,0xff,0x00,0x00,0xff,0x00,0x00,0x00,0x00,0x00,
	0x00,0x00,0xff,0x00,0x00,0xff,0xff,0x00,0x00,0xff,0x00,0x00,0xff,0x00,0x00,0xff,
	0x00,0x00,0xff,0x00,0x00,0xff,0x00,0x00,0xff,0x00,0x00,0xff,0x00,0x00,0xff,0x00,
	0x00,0xff,0x00,0x00,0xff,0x00,0x00,0xff,0x00,0x00,0x00,0x00,0x00,0x00,0x00,0x00,
	0x00,0x00,0x00,0x00,0x00,0x00,0xff,0x00,0x00,0xff,0x00,0x00,0xff,0x00,0x00,0xff,
	0x00,0x00,0xff,0x00,0x00,0xff,0x00,0x00,0xff,0x00,0x00,0xff,0x00,0x00,0xff,0x00,
	0x00,0xff,0x00,0x00,0xff,0x00,0x00,0xff,0x00,0x00,0x00,0x00,0xff,0x00,0x00,0xff,
	0x00,0x00,0x00,0x00,0x00,0x00,0x00,0x00,0x00,0x00,0x00,0x00,0x00,0x00,0xff,0x00,
	0x00,0xff,0x00,0x00,0xff,0x00,0x00,0xff,0x00,0x00,0xff,0x00,0x00,0xff,0x00,0x00,
	0xff,0xff,0x00,0x00,0xff,0x00,0x00,0xff,0x00,0x00,0xff,0x00,0x00,0xff,0x00,0x00,
	0xff,0x00,0x00,0xff,0x00,0x00,0xff,0x00,0x00,0x00,0x00,0x00,0x00,0x00,0x00,0x00,
	0x00,0x00,0x00,0x00,0x00,0x00,0x00,0x00,0x00,0x00,0x00,0x00,0x00,0x00,0x00,0x00,
	0x00,0x00,0x00,0x00,0x00,0x00,0x00,0xff,0x00,0x00,0xff,0x00,0x00,0xff,0x00,0x00,
	0xff,0x00,0x00,0xff,0x00,0x00,0xff,0x00,0x00,0xff,0x00,0x00,0xff,0x00,0x00,0x00,
	0x00,0xff,0x00,0x00,0xff,0x00,0x00,0xff,0x00,0x00,0xff,0x00,0x00,0xff,0x00,0x00,
	0xff,0x00,0x00,0xff,0x00,0x00,0x00,0x00,0x00,0x00,0x00,0x00,0x00,0x00,0x00,0x00,
	0x00,0x00,0x00,0x00,0x00,0x00,0x00,0x00,0x00,0xff,0xff,0x00,0x00,0x00,0x00,0xff,
	0xff,0x00,0x00,0x00,0x00,0x00,0x00,0x00,0x00,0x00,0x00,0xff,0xff,0x00,0x00,0x00,
	0x00,0x00,0x00,0x00,0xff,0xff,0x00,0xff,0xff,0x00,0x00,0x00,0x00,0x00,0x00,0x00,
	0xff,0xff,0x00,0x00,0x00,0x00,0x00,0x00,0x00,0x00,0x00,0x00,0x00,0x00,0x00,0x00,
	0x00,0x00,0x00,0x00,0x00,0x00,0x00,0x00,0xff,0xff,0x00,0x00,0x00,0x00,0x00,0x00,
	0x00,0x00,0x00,0x00,0x00,0x00,0x00,0x00,0x00,0x00,0x00,0x00,0x00,0x00,0x00,0x00,
	0x00,0x00,0x00,0x00,0x00,0xff,0x00,0x00,0xff,0xff,0x00,0x00,0xff,0x00,0x00,0xff,
	0x00,0x00,0xff,0x00,0x00,0xff,0x00,0x00,0xff,0x00,0x00,0xff,0x00,0x00,0xff,0x00,
	0x00,0xff,0x00,0x00,0xff,0x00,0x00,0x00,0x00,0xff,0x00,0x00,0xff,0x00,0x00,0x00,
	0x00,0x00,0x00,0x00,0x00,0x00,0x00,0x00,0xff,0x00,0x00,0xff,0x00,0x00,0xff,0x00,
	0x00,0xff,0x00,0x00,0xff,0xff,0x00,0x00,0xff,0x00,0x00,0xff,0x00,0x00,0xff,0x00,
	0x00,0xff,0x00,0x00,0xff,0x00,0x00,0xff,0x00,0x00,0xff,0x00,0x00,0x00,0x00,0x00,
	0x00,0x00,0x00,0xff,0x00,0x00,0xff,0x00,0x00,0xff,0x00,0x00,0xff,0x00,0x00,0xff,
	0x00,0x00,0xff,0x00,0x00,0xff,0x00,0x00,0xff,0x00,0x00,0x00,0x00,0xff,0x00,0x00,
	0xff,0x00,0x00,0xff,0x00,0x00,0xff,0x00,0x00,0xff,0x00,0x00,0x00,0x00,0x00,0x00,
	0x00,0x00,0x00,0x00,0x00,0x00,0x00,0x00,0x00,0x00,0x00,0x00,0x00,0x00,0xff,0x00,
	0x00,0xff,0x00,0x00,0xff,0x00,0x00,0xff,0x00,0x00,0xff,0x00,0x00,0xff,0x00,0x00,
	0xff,0x00,0x00,0xff,0x00,0x00,0xff,0x00,0x00,0xff,0xff,0x00,0x00,0xff,0x00,0x00,
	0xff,0x00,0x00,0xff,0x00,0x00,0xff,0x00,0x00,0x00,0x00,0x00,0x00,0x00,0x00,0x00,
	0x00,0x00,0x00,0x00,0x00,0x00,0x00,0x00,0x00,0x00,0x00,0x00,0x00,0x00,0x00,0x00,
	0x00,0x00,0x00,0x00,0x00,0x00,0x00,0xff,0x00,0x00,0xff,0x00,0x00,0xff,0x00,0x00,
	0xff,0x00,0x00,0xff,0x00,0x00,0x00,0x00,0xff,0x00,0x00,0xff,0x00,0x00,0xff,0x00,
	0x00,0xff,0x00,0x00,0xff,0x00,0x00,0xff,0x00,0x00,0xff,0x00,0x00,0xff,0x00,0x00,
	0xff,0x00,0x00,0xff,0x00,0x00,0x00,0x00,0x00,0x00,0x00,0x00,0x00,0x00,0x00,0x00,
	0xff,0xff,0x00,0xff,0xff,0x00,0x00,0x00,0x00,0x00,0x00,0x00,0x00,0x00,0x00,0xff,
	0xff,0x00,0x00,0x00,0x00,0x00,0x00,0x00,0x00,0x00,0x00,0x00,0x00,0x00,0x00,0x00,
	0x00,0x00,0x00,0x00,0x00,0x00,0x00,0x00,0x00,0x00,0xff,0xff,0x00,0x00,0x00,0x00,
	0x00,0x00,0x00,0x00,0x00,0x00,0x00,0x00,0x00,0x00,0x00,0x00,0x00,0x00,0x00,0x00,
	0x00,0x00,0x00,0x00,0x00,0x00,0x00,0x00,0x00,0x00,0x00,0x00,0x00,0x00,0x00,0x00,
	0x00,0x00,0x00,0x00,0x00,0x00,0x00,0x00,0x00,0x00,0x00,0x00,0x00,0x00,0x00,0x00,
	0x00,0x00,0xff,0x00,0x00,0xff,0x00,0x00,0xff,0xff,0x00,0x00,0xff,0x00,0x00,0xff,
	0x00,0x00,0xff,0x00,0x00,0xff,0x00,0x00,0xff,0x00,0x00,0xff,0x00,0x00,0xff,0x00,
	0x00,0xff,0x00,0x00,0xff,0x00,0x00,0x00,0x00,0xff,0x00,0x00,0xff,0x00,0x00,0xff,
	0x00,0x00,0x00,0x00,0x00,0x00,0x00,0x00,0xff,0x00,0x00,0xff,0x00,0x00,0xff,0x00,
	0x00,0xff,0x00,0x00,0xff,0x00,0x00,0xff,0x00,0x00,0xff,0x00,0x00,0xff,0xff,0x00,
	0x00,0xff,0x00,0x00,0xff,0x00,0x00,0xff,0x00,0x00,0xff,0x00,0x00,0x00,0x00,0x00,
	0x00,0x00,0x00,0xff,0x00,0x00,0xff,0x00,0x00,0xff,0x00,0x00,0xff,0x00,0x00,0xff,
	0x00,0x00,0x00,0x00,0xff,0x00,0x00,0xff,0x00,0x00,0xff,0x00,0x00,0xff,0x00,0x00,
	0xff,0x00,0x00,0xff,0x00,0x00,0xff,0x00,0x00,0xff,0x00,0x00,0x00,0x00,0x00,0x00,
	0x00,0x00,0x00,0x00,0x00,0x00,0x00,0x00,0x00,0x00,0x00,0x00,0x00,0x00,0x00,0x00,
	0x00,0x00,0x00,0x00,0xff,0x00,0x00,0xff,0x00,0x00,0xff,0x00,0x00,0xff,0x00,0x00,
	0xff,0x00,0x00,0xff,0x00,0x00,0xff,0x00,0x00,0xff,0xff,0x00,0x00,0xff,0x00,0x00,
	0xff,0x00,0x00,0xff,0x00,0x00,0xff,0x00,0x00,0xff,0x00,0x00,0x00,0x00,0x00,0x00,
	0x00,0x00,0x00,0x00,0x00,0x00,0x00,0x00,0x00,0x00,0x00,0x00,0x00,0x00,0x00,0x00,
	0x00,0x00,0x00,0x00,0xff,0x00,0x00,0xff,0x00,0x00,0xff,0x00,0x00,0xff,0x00,0x00,
	0xff,0x00,0x00,0xff,0x00,0x00,0x00,0x00,0xff,0x00,0x00,0xff,0x00,0x00,0xff,0x00,
	0x00,0xff,0x00,0x00,0xff,0x00,0x00,0xff,0x00,0x00,0xff,0x00,0x00,0xff,0x00,0x00,
	0x00,0x00,0x00,0x00,0x00,0x00,0x00,0x00,0x00,0x00,0x00,0x00,0x00,0x00,0x00,0x00,
	0xff,0xff,0x00,0x00,0x00,0x00,0x00,0x00,0x00,0xff,0xff,0x00,0x00,0x00,0x00,0x00,
	0x00,0x00,0x00,0x00,0x00,0x00,0x00,0x00,0x00,0x00,0x00,0x00,0x00,0x00,0xff,0xff,
	0x00,0xff,0xff,0x00,0x00,0x00,0x00,0xff,0xff,0x00,0x00,0x00,0x00,0x00,0x00,0x00,
	0x00,0x00,0x00,0x00,0x00,0x00,0x00,0x00,0x00,0xff,0xff,0x00,0x00,0x00,0x00,0x00,
	0x00,0x00,0x00,0x00,0x00,0x00,0x00,0x00,0x00,0x00,0x00,0x00,0x00,0x00,0x00,0x00,
	0x00,0xff,0xff,0x00,0x00,0x00,0x00,0x00,0x00,0x00,0xff,0xff,0x00,0x00,0x00,0x00,
	0x00,0x00,0xff,0x00,0x00,0xff,0x00,0x00,0xff,0x00,0x00,0xff,0x00,0x00,0xff,0xff,
	0x00,0x00,0x00,0x00,0x00,0x00,0x00,0x00,0x00,0x00,0x00,0x00,0x00,0x00,0xff,0x00,
	0x00,0x00,0x00,0xff,0x00,0x00,0xff,0x00,0x00,0xff,0x00,0x00,0xff,0x00,0x00,0xff,
	0x00,0x00,0xff,0x00,0x00,0xff,0x00,0x00,0xff,0x00,0x00,0xff,0x00,0x00,0xff,0x00,
	0x00,0xff,0x00,0x00,0xff,0x00,0x00,0xff,0x00,0x00,0xff,0x00,0x00,0xff,0xff,0x00,
	0x00,0xff,0x00,0x00,0xff,0x00,0x00,0xff,0x00,0x00,0xff,0x00,0x00,0xff,0x00,0x00,
	0xff,0x00,0x00,0xff,0x00,0x00,0xff,0x00,0x00,0xff,0x00,0x00,0xff,0x00,0x00,0xff,
	0x00,0x00,0x00,0x00,0xff,0x00,0x00,0xff,0x00,0x00,0xff,0x00,0x00,0xff,0x00,0x00,
	0xff,0x00,0x00,0xff,0x00,0x00,0xff,0x00,0x00,0xff,0x00,0x00,0xff,0x00,0x00,0xff,
	0x00,0x00,0x00,0x00,0x00,0x00,0x00,0x00,0x00,0x00,0x00,0x00,0x00,0x00,0x00,0x00,
	0x00,0x00,0x00,0x00,0xff,0x00,0x00,0xff,0x00,0x00,0xff,0x00,0x00,0xff,0x00,0x00,
	0xff,0x00,0x00,0xff,0x00,0x00,0xff,0xff,0x00,0x00,0xff,0x00,0x00,0xff,0x00,0x00,
	0xff,0x00,0x00,0xff,0x00,0x00,0xff,0x00,0x00,0x00,0x00,0x00,0x00,0x00,0x00,0x00,
	0x00,0x00,0x00,0x00,0x00,0x00,0x00,0x00,0x00,0x00,0x00,0x00,0x00,0x00,0x00,0x00,
	0x00,0x00,0x00,0x00,0x00,0x00,0x00,0xff,0x00,0x00,0xff,0x00,0x00,0xff,0x00,0x00,
	0xff,0x00,0x00,0xff,0x00,0x00,0xff,0x00,0x00,0x00,0x00,0xff,0x00,0x00,0xff,0x00,
	0x00,0xff,0x00,0x00,0xff,0x00,0x00,0xff,0x00,0x00,0xff,0x00,0x00,0xff,0x00,0x00,
	0x00,0x00,0x00,0x00,0x00,0x00,0x00,0x00,0x00,0x00,0x00,0x00,0x00,0x00,0x00,0x00,
	0x00,0x00,0x00,0xff,0xff,0x00,0x00,0x00,0x00,0x00,0x00,0x00,0xff,0xff,0x00,0xff,
	0xff,0x00,0x00,0x00,0x00,0x00,0x00,0x00,0x00,0x00,0x00,0xff,0xff,0x00,0xff,0xff,
	0x00,0x00,0x00,0x00,0x00,0x00,0x00,0xff,0xff,0x00,0x00,0x00,0x00,0xff,0xff,0x00,
	0x00,0x00,0x00,0xff,0xff,0x00,0x00,0x00,0x00,0x00,0x00,0x00,0x00,0x00,0x00,0x00,
	0x00,0x00,0x00,0x00,0x00,0x00,0x00,0x00,0x00,0x00,0x00,0x00,0x00,0x00,0x00,0x00,
	0x00,0x00,0x00,0x00,0x00,0x00,0x00,0x00,0x00,0x00,0x00,0x00,0x00,0x00,0x00,0x00,
	0x00,0x00,0x00,0x00,0x00,0xff,0x00,0x00,0xff,0x00,0x00,0x00,0x00,0x00,0x00,0x00,
	0x00,0x00,0x00,0x00,0x00,0x00,0x00,0x00,0x00,0x00,0x00,0x00,0x00,0x00,0x00,0x00,
	0x00,0x00,0x00,0x00,0x00,0x00,0x00,0x00,0x00,0xff,0x00,0x00,0xff,0x00,0x00,0x00,
	0x00,0x00,0x00,0x00,0x00,0x00,0x00,0x00,0xff,0x00,0x00,0xff,0x00,0x00,0xff,0x00,
	0x00,0xff,0x00,0x00,0xff,0x00,0x00,0xff,0x00,0x00,0xff,0x00,0x00,0x00,0x00,0x00,
	0x00,0xff,0x00,0x00,0xff,0x00,0x00,0xff,0x00,0x00,0xff,0x00,0x00,0x00,0x00,0x00,
	0x00,0x00,0x00,0xff,0x00,0x00,0xff,0x00,0x00,0xff,0x00,0x00,0xff,0x00,0x00,0x00,
	0x00,0x00,0x00,0x00,0x00,0x00,0x00,0xff,0x00,0x00,0xff,0x00,0x00,0xff,0x00,0x00,
	0xff,0x00,0x00,0xff,0x00,0x00,0xff,0x00,0x00,0xff,0x00,0x00,0x00,0x00,0x00,0x00,
	0x00,0x00,0x00,0x00,0x00,0x00,0x00,0x00,0x00,0x00,0x00,0x00,0x00,0x00,0x00,0x00,
	0x00,0x00,0x00,0x00,0x00,0x00,0x00,0x00,0x00,0x00,0xff,0x00,0x00,0xff,0x00,0x00,
	0xff,0x00,0x00,0x00,0x00,0x00,0x00,0x00,0x00,0x00,0x00,0x00,0x00,0x00,0x00,0x00,
	0x00,0x00,0x00,0x00,0x00,0x00,0x00,0x00,0x00,0x00,0x00,0x00,0x00,0x00,0x00,0x00,
	0x00,0x00,0x00,0x00,0x00,0x00,0x00,0x00,0x00,0x00,0x00,0x00,0x00,0x00,0x00,0x00,
	0x00,0x00,0x00,0x00,0x00,0x00,0x00,0x00,0x00,0x00,0x00,0x00,0x00,0x00,0x00,0x00,
	0x00,0x00,0x00,0x00,0x00,0x00,0x00,0x00,0x00,0x00,0x00,0x00,0x00,0x00,0x00,0x00,
	0x00,0xff,0x00,0x00,0xff,0x00,0x00,0xff,0x00,0x00,0x00,0x00,0x00,0x00,0x00,0x00,
	0x00,0x00,0x00,0x00,0x00,0x00,0x00,0x00,0x00,0x00,0x00,0x00,0x00,0x00,0x00,0x00,
	0x00,0x00,0x00,0x00,0x00,0x00,0xff,0xff,0x00,0x00,0x00,0x00,0xff,0xff,0x00,0x00,
	0x00,0x00,0x00,0x00,0x00,0x00,0x00,0x00,0xff,0xff,0x00,0xff,0xff,0x00,0x00,0x00,
	0x00,0x00,0x00,0x00,0x00,0x00,0x00,0x00,0x00,0x00,0xff,0xff,0x00,0xff,0xff,0x00,
	0x00,0x00,0x00,0x00,0x00,0x00,0x00,0x00,0x00,0x00,0x00,0x00,0x00,0x00,0x00,0x00,
	0x00,0x00,0x00,0x00,0x00,0x00,0x00,0x00,0x00,0x00,0x00,0xff,0xff,0x00,0x00,0x00,
	0x00,0x00,0x00,0x00,0x00,0x00,0x00,0x00,0x00,0x00,0x00,0x00,0x00,0x00,0x00,0x00,
	0x00,0x00,0x00,0x00,0x00,0x00,0x00,0x00,0x00,0x00,0x00,0x00,0xff,0x00,0x00,0xff,
	0x00,0x00,0x00,0x00,0x00,0x00,0x00,0x00,0x00,0x00,0x00,0x00,0x00,0x00,0xff,0x00,
	0x00,0xff,0x00,0x00,0x00,0x00,0x00,0x00,0x00,0x00,0x00,0x00,0x00,0x00,0x00,0x00,
	0x00,0x00,0x00,0xff,0x00,0x00,0x00,0x00,0x00,0x00,0x00,0x00,0x00,0x00,0xff,0x00,
	0x00,0xff,0x00,0x00,0xff,0x00,0x00,0x00,0x00,0x00,0x00,0x00,0x00,0x00,0x00,0x00,
	0x00,0x00,0x00,0x00,0x00,0x00,0x00,0x00,0x00,0x00,0x00,0x00,0x00,0x00,0x00,0x00,
	0x00,0x00,0x00,0x00,0x00,0x00,0x00,0x00,0x00,0x00,0x00,0x00,0x00,0x00,0x00,0x00,
	0x00,0x00,0x00,0x00,0x00,0x00,0x00,0x00,0x00,0x00,0x00,0x00,0x00,0xff,0x00,0x00,
	0xff,0x00,0x00,0xff,0x00,0x00,0x00,0x00,0x00,0x00,0xff,0x00,0x00,0x00,0x00,0x00,
	0x00,0x00,0x00,0x00,0x00,0x00,0x00,0x00,0x00,0x00,0x00,0x00,0x00,0x00,0x00,0x00,
	0x00,0x00,0x00,0x00,0x00,0x00,0x00,0x00,0x00,0x00,0x00,0x00,0x00,0x00,0x00,0x00,
	0x00,0xff,0x00,0x00,0xff,0x00,0x00,0xff,0x00,0x00,0x00,0x00,0x00,0x00,0x00,0x00,
	0x00,0x00,0x00,0x00,0x00,0x00,0x00,0x00,0x00,0x00,0x00,0x00,0x00,0x00,0x00,0x00,
	0x00,0x00,0x00,0x00,0x00,0x00,0x00,0x00,0x00,0x00,0x00,0x00,0x00,0x00,0x00,0x00,
	0x00,0x00,0x00,0x00,0x00,0x00,0x00,0x00,0x00,0x00,0x00,0x00,0x00,0x00,0x00,0x00,
	0x00,0x00,0x00,0x00,0x00,0x00,0xff,0x00,0x00,0xff,0x00,0x00,0xff,0x00,0x00,0x00,
	0x00,0x00,0x00,0x00,0x00,0x00,0x00,0x00,0x00,0x00,0x00,0x00,0x00,0x00,0x00,0x00,
	0x00,0x00,0x00,0x00,0x00,0x00,0x00,0x00,0x00,0x00,0x00,0x00,0x00,0x00,0x00,0x00,
	0xff,0xff,0x00,0xff,0xff,0x00,0x00,0x00,0x00,0x00,0x00,0x00,0x00,0x00,0x00,0xff,
	0xff,0x00,0x00,0x00,0x00,0x00,0x00,0x00,0x00,0x00,0x00,0x00,0x00,0x00,0x00,0x00,
	0x00,0x00,0x00,0x00,0x00,0x00,0x00,0x00,0x00,0x00,0xff,0xff,0x00,0x00,0x00,0x00,
	0xff,0xff,0x00,0x00,0x00,0x00,0x00,0x00,0x00,0x00,0x00,0x00,0x00,0x00,0x00,0x00,
	0x00,0x00,0x00,0x00,0x00,0x00,0x00,0x00,0x00,0x00,0x00,0x00,0x00,0x00,0x00,0x00,
	0x00,0x00,0x00,0x00,0x00,0x00,0x00,0x00,0x00,0x00,0x00,0x00,0x00,0x00,0x00,0x00,
	0x00,0x00,0x00,0xff,0x00,0x00,0xff,0x00,0x00,0xff,0x00,0x00,0xff,0x00,0x00,0xff,
	0x00,0x00,0xff,0x00,0x00,0x00,0x00,0x00,0x00,0x00,0x00,0xff,0x00,0x00,0xff,0x00,
	0x00,0xff,0x00,0x00,0xff,0x00,0x00,0xff,0x00,0x00,0xff,0x00,0x00,0x00,0x00,0x00,
	0xff,0x00,0x00,0xff,0x00,0x00,0xff,0x00,0x00,0xff,0x00,0x00,0x00,0x00,0x00,0x00,
	0x00,0x00,0x00,0x00,0x00,0x00,0x00,0x00,0x00,0x00,0x00,0x00,0x00,0x00,0x00,0x00,
	0x00,0xff,0x00,0x00,0xff,0x00,0x00,0xff,0x00,0x00,0xff,0x00,0x00,0xff,0x00,0x00,
	0xff,0x00,0x00,0xff,0x00,0x00,0xff,0x00,0x00,0xff,0x00,0x00,0xff,0x00,0x00,0x00,
	0x00,0x00,0x00,0x00,0x00,0x00,0x00,0x00,0x00,0x00,0x00,0x00,0x00,0x00,0x00,0x00,
	0x00,0x00,0x00,0x00,0xff,0x00,0x00,0xff,0x00,0x00,0xff,0x00,0x00,0xff,0x00,0x00,
	0x00,0x00,0x00,0x00,0x00,0x00,0x00,0x00,0x00,0x00,0x00,0x00,0x00,0x00,0x00,0x00,
	0x00,0x00,0x00,0x00,0x00,0x00,0x00,0x00,0x00,0x00,0x00,0xff,0x00,0x00,0xff,0x00,
	0x00,0xff,0x00,0x00,0xff,0x00,0x00,0xff,0x00,0x00,0xff,0x00,0x00,0x00,0x00,0x00,
	0x00,0x00,0x00,0x00,0x00,0x00,0x00,0x00,0x00,0x00,0x00,0x00,0x00,0x00,0x00,0x00,
	0x00,0x00,0x00,0x00,0x00,0x00,0x00,0x00,0x00,0x00,0x00,0x00,0x00,0x00,0x00,0x00,
	0x00,0x00,0x00,0x00,0x00,0x00,0x00,0x00,0x00,0x00,0x00,0x00,0x00,0x00,0x00,0x00,
	0x00,0x00,0x00,0xff,0x00,0x00,0xff,0x00,0x00,0xff,0x00,0x00,0xff,0x00,0x00,0xff,
	0x00,0x00,0xff,0x00,0x00,0x00,0x00,0x00,0x00,0x00,0x00,0x00,0x00,0x00,0x00,0x00,
	0x00,0x00,0x00,0x00,0x00,0x00,0x00,0x00,0x00,0x00,0x00,0x00,0x00,0x00,0x00,0x00,
	0x00,0x00,0x00,0xff,0xff,0x00,0x00,0x00,0x00,0x00,0x00,0x00,0x00,0x00,0x00,0x00,
	0x00,0x00,0xff,0xff,0x00,0xff,0xff,0x00,0xff,0xff,0x00,0x00,0x00,0x00,0x00,0x00,
	0x00,0x00,0x00,0x00,0xff,0xff,0x00,0xff,0xff,0x00,0x00,0x00,0x00,0x00,0x00,0x00,
	0x00,0x00,0x00,0x00,0x00,0x00,0x00,0x00,0x00,0x00,0x00,0x00,0x00,0x00,0x00,0xff,
	0xff,0x00,0x00,0x00,0x00,0x00,0x00,0x00,0x00,0x00,0x00,0x00,0x00,0x00,0x00,0x00,
	0x00,0x00,0x00,0x00,0x00,0x00,0x00,0xff,0xff,0x00,0x00,0x00,0x00,0x00,0x00,0x00,
	0x00,0x00,0x00,0xff,0x00,0x00,0xff,0x00,0x00,0xff,0x00,0x00,0xff,0x00,0x00,0xff,
	0x00,0x00,0xff,0x00,0x00,0x00,0x00,0x00,0x00,0x00,0x00,0xff,0x00,0x00,0xff,0x00,
	0x00,0xff,0x00,0x00,0xff,0x00,0x00,0xff,0x00,0x00,0xff,0x00,0x00,0x00,0x00,0x00,
	0xff,0x00,0x00,0xff,0x00,0x00,0xff,0x00,0x00,0xff,0x00,0x00,0xff,0x00,0x00,0xff,
	0x00,0x00,0x00,0x00,0x00,0x00,0x00,0x00,0x00,0x00,0x00,0x00,0x00,0x00,0xff,0x00,
	0x00,0xff,0x00,0x00,0xff,0x00,0x00,0xff,0x00,0x00,0xff,0x00,0x00,0xff,0x00,0x00,
	0xff,0x00,0x00,0xff,0x00,0x00,0xff,0x00,0x00,0xff,0x00,0x00,0xff,0x00,0x00,0xff,
	0x00,0x00,0x00,0x00,0x00,0x00,0x00,0x00,0x00,0x00,0x00,0x00,0x00,0x00,0xff,0x00,
	0x00,0xff,0x00,0x00,0xff,0x00,0x00,0xff,0x00,0x00,0xff,0x00,0x00,0xff,0x00,0x00,
	0x00,0x00,0x00,0x00,0x00,0x00,0x00,0x00,0x00,0x00,0x00,0x00,0x00,0x00,0x00,0x00,
	0x00,0x00,0x00,0x00,0x00,0x00,0x00,0x00,0x00,0x00,0x00,0xff,0x00,0x00,0xff,0x00,
	0x00,0xff,0x00,0x00,0xff,0x00,0x00,0xff,0x00,0x00,0xff,0x00,0x00,0x00,0x00,0x00,
	0x00,0x00,0x00,0x00,0x00,0x00,0x00,0x00,0x00,0x00,0x00,0x00,0x00,0x00,0x00,0x00,
	0x00,0x00,0x00,0x00,0x00,0x00,0x00,0x00,0x00,0x00,0x00,0x00,0x00,0x00,0x00,0x00,
	0x00,0x00,0x00,0x00,0x00,0x00,0x00,0x00,0x00,0x00,0x00,0x00,0x00,0x00,0x00,0x00,
	0x00,0x00,0x00,0xff,0x00,0x00,0xff,0x00,0x00,0xff,0x00,0x00,0xff,0x00,0x00,0xff,
	0x00,0x00,0xff,0x00,0x00,0x00,0x00,0x00,0x00,0x00,0x00,0x00,0x00,0x00,0x00,0x00,
	0x00,0x00,0x00,0x00,0x00,0x00,0x00,0x00,0x00,0x00,0x00,0x00,0x00,0x00,0x00,0x00,
	0x00,0x00,0x00,0x00,0x00,0x00,0xff,0xff,0x00,0x00,0x00,0x00,0x00,0x00,0x00,0xff,
	0xff,0x00,0x00,0x00,0x00,0x00,0x00,0x00,0x00,0x00,0x00,0x00,0x00,0x00,0x00,0x00,
	0x00,0xff,0xff,0x00,0xff,0xff,0x00,0x00,0x00,0x00,0x00,0x00,0x00,0x00,0x00,0x00,
	0x00,0x00,0x00,0x00,0x00,0x00,0xff,0xff,0x00,0x00,0x00,0x00,0x00,0x00,0x00,0x00,
	0x00,0x00,0x00,0x00,0x00,0x00,0x00,0x00,0x00,0x00,0x00,0x00,0x00,0x00,0x00,0x00,
	0x00,0x00,0x00,0x00,0x00,0x00,0x00,0x00,0x00,0x00,0x00,0x00,0x00,0x00,0x00,0x00,
	0x00,0x00,0x00,0x00,0x00,0x00,0xff,0x00,0x00,0xff,0x00,0x00,0xff,0x00,0x00,0xff,
	0x00,0x00,0x00,0x00,0x00,0x00,0x00,0x00,0x00,0x00,0x00,0x00,0x00,0x00,0xff,0x00,
	0x00,0xff,0x00,0x00,0xff,0x00,0x00,0xff,0x00,0x00,0x00,0x00,0x00,0x00,0x00,0x00,
	0x00,0x00,0x00,0xff,0x00,0x00,0xff,0x00,0x00,0xff,0x00,0x00,0xff,0x00,0x00,0x00,
	0x00,0x00,0x00,0x00,0x00,0x00,0x00,0x00,0x00,0x00,0x00,0x00,0x00,0x00,0x00,0x00,
	0x00,0xff,0x00,0x00,0xff,0x00,0x00,0xff,0x00,0x00,0xff,0x00,0x00,0x00,0x00,0x00,
	0x00,0x00,0x00,0xff,0x00,0x00,0xff,0x00,0x00,0xff,0x00,0x00,0xff,0x00,0x00,0x00,
	0x00,0x00,0x00,0x00,0x00,0x00,0x00,0x00,0x00,0x00,0x00,0x00,0x00,0x00,0x00,0x00,
	0x00,0xff,0x00,0x00,0xff,0x00,0x00,0xff,0x00,0x00,0xff,0x00,0x00,0x00,0x00,0x00,
	0x00,0x00,0x00,0x00,0x00,0x00,0x00,0x00,0x00,0x00,0x00,0x00,0x00,0x00,0x00,0x00,
	0x00,0x00,0x00,0x00,0x00,0x00,0x00,0x00,0x00,0x00,0x00,0xff,0x00,0x00,0xff,0x00,
	0x00,0xff,0x00,0x00,0xff,0x00,0x00,0xff,0x00,0x00,0x00,0x00,0x00,0x00,0x00,0x00,
	0x00,0x00,0x00,0x00,0x00,0x00,0x00,0x00,0x00,0x00,0x00,0x00,0x00,0x00,0x00,0x00,
	0x00,0x00,0x00,0x00,0x00,0x00,0x00,0x00,0x00,0x00,0x00,0x00,0x00,0x00,0x00,0x00,
	0x00,0x00,0x00,0x00,0x00,0x00,0x00,0x00,0x00,0x00,0x00,0x00,0x00,0x00,0x00,0x00,
	0x00,0x00,0x00,0x00,0x00,0x00,0xff,0x00,0x00,0xff,0x00,0x00,0xff,0x00,0x00,0xff,
	0x00,0x00,0xff,0x00,0x00,0x00,0x00,0x00,0x00,0x00,0x00,0x00,0x00,0x00,0x00,0x00,
	0x00,0x00,0x00,0x00,0x00,0x00,0x00,0x00,0x00,0x00,0x00,0x00,0x00,0x00,0x00,0x00,
	0x00,0x00,0x00,0x00,0x00,0x00,0x00,0x00,0x00,0xff,0xff,0x00,0xff,0xff,0x00,0x00,
	0x00,0x00,0x00,0x00,0x00,0x00,0x00,0x00,0xff,0xff,0x00,0x00,0x00,0x00,0xff,0xff,
	0x00,0xff,0xff,0x00,0x00,0x00,0x00,0x00,0x00,0x00,0x00,0x00,0x00,0x00,0x00,0x00,
	0x00,0x00,0x00,0x00,0x00,0x00,0x00,0x00,0x00,0x00,0x00,0x00,0x00,0x00,0x00,0x00,
	0x00,0x00,0x00,0x00,0x00,0x00,0x00,0x00,0x00,0x00,0x00,0x00,0x00,0x00,0xff,0xff,
	0x00,0x00,0x00,0x00,0x00,0x00,0x00,0x00,0x00,0x00,0x00,0x00,0x00,0x00,0x00,0x00,
	0x00,0x00,0x00,0x00,0x00,0x00,0x00,0x00,0x00,0x00,0x00,0x00,0x00,0x00,0x00,0x00,
	0x00,0x00,0x00,0x00,0x00,0x00,0x00,0x00,0x00,0x00,0x00,0x00,0x00,0x00,0x00,0x00,
	0x00,0x00,0x00,0x00,0x00,0x00,0x00,0x00,0x00,0x00,0x00,0x00,0x00,0x00,0x00,0x00,
	0x00,0x00,0x00,0x00,0x00,0x00,0x00,0x00,0x00,0x00,0x00,0x00,0x00,0x00,0x00,0x00,
	0x00,0x00,0x00,0x00,0x00,0x00,0x00,0x00,0x00,0x00,0x00,0x00,0x00,0x00,0x00,0x00,
	0x00,0x00,0x00,0x00,0x00,0x00,0x00,0x00,0x00,0x00,0x00,0x00,0x00,0x00,0x00,0x00,
	0x00,0x00,0x00,0x00,0x00,0x00,0x00,0x00,0x00,0x00,0x00,0x00,0x00,0x00,0x00,0x00,
	0x00,0x00,0x00,0x00,0x00,0x00,0x00,0x00,0x00,0x00,0x00,0x00,0x00,0x00,0x00,0x00,
	0x00,0x00,0x00,0x00,0x00,0x00,0x00,0x00,0x00,0x00,0x00,0x00,0x00,0x00,0x00,0x00,
	0x00,0x00,0x00,0x00,0x00,0x00,0x00,0x00,0x00,0x00,0x00,0x00,0x00,0x00,0x00,0x00,
	0x00,0x00,0x00,0x00,0x00,0x00,0x00,0x00,0x00,0x00,0x00,0x00,0x00,0x00,0x00,0x00,
	0x00,0x00,0x00,0x00,0x00,0x00,0x00,0x00,0x00,0x00,0x00,0x00,0x00,0x00,0x00,0x00,
	0x00,0x00,0x00,0x00,0x00,0x00,0x00,0x00,0x00,0x00,0x00,0x00,0xff,0x00,0x00,0x00,
	0x00,0x00,0xff,0x00,0x00,0x00,0x00,0x00,0xff,0x00,0x00,0x00,0x00,0x00,0xff,0x00,
	0x00,0x00,0x00,0x00,0xff,0x00,0x00,0x00,0x00,0x00,0x00,0x00,0x00,0x00,0x00,0x00,
	0x00,0x00,0x00,0x00,0x00,0x00,0x00,0x00,0x00,0x00,0x00,0x00,0xff,0x00,0x00,0x00,
	0x00,0x00,0x00,0x00,0x00,0x00,0x00,0x00,0xff,0x00,0x00,0x00,0x00,0x00,0xff,0x00,
	0x00,0x00,0x00,0x00,0xff,0x00,0x00,0x00,0x00,0x00,0x00,0x00,0x00,0x00,0x00,0x00,
	0x00,0x00,0x00,0x00,0x00,0x00,0x00,0x00,0x00,0x00,0x00,0x00,0x00,0x00,0x00,0x00,
	0x00,0x00,0x00,0x00,0x00,0x00,0x00,0x00,0x00,0x00,0x00,0x00,0x00,0x00,0x00,0x00,
	0x00,0x00,0x00,0x00,0x00,0x00,0x00,0x00,0x00,0x00,0x00,0x00,0x00,0x00,0x00,0x00,
	0x00,0x00,0x00,0x00,0x00,0x00,0x00,0x00,0x00,0x00,0x00,0x00,0xff,0x00,0x00,0x00,
	0x00,0x00,0x00,0x00,0x00,0x00,0x00,0x00,0xff,0x00,0x00,0x00,0x00,0x00,0xff,0x00,
	0x00,0x00,0x00,0x00,0xff,0x00,0x00,0x00,0x00,0x00,0x00,0x00,0x00,0x00,0x00,0x00,
	0x00,0x00,0x00,0x00,0x00,0x00,0x00,0x00,0x00,0x00,0x00,0x00,0x00,0x00,0x00,0x00,
	0x00,0x00,0x00,0x00,0x00,0x00,0x00,0x00,0x00,0x00,0x00,0x00,0x00,0x00,0x00,0x00,
	0x00,0x00,0x00,0x00,0x00,0x00,0x00,0x00,0x00,0x00,0x00,0x00,0x00,0x00,0x00,0x00,
	0x00,0x00,0x00,0x00,0x00,0x00,0x00,0x00,0x00,0x00,0x00,0x00,0x00,0x00,0x00,0x00,
	0x00,0x00,0x00,0x00,0x00,0x00,0x00,0x00,0x00,0x00,0x00,0x00,0x00,0x00,0x00,0x00,
	0x00,0x00,0x00,0x00,0x00,0x00,0x00,0x00,0x00,0x00,0x00,0x00,0x00,0x00,0x00,0x00,
	0x00,0x00,0x00,0x00,0x00,0x00,0x00,0x00,0x00,0x00,0x00,0x00,0x00,0x00,0x00,0x00,
	0x00,0x00,0x00,0x00,0x00,0x00,0x00,0x00,0x00,0x00,0x00,0x00,0x00,0x00,0x00,0x00,
	0x00,0x00,0x00,0x00,0x00,0x00,0x00,0x00,0x00,0x00,0x00,0x00,0x00,0x00,0x00,0x00,
	0x00,0x00,0x00,0x00,0x00,0x00,0x00,0x00,0x00,0x00,0x00,0x00,0x00,0x00,0x00,0x00,
	0x00,0x00,0x00,0x00,0x00,0x00,0x00,0x00,0x00,0x00,0x00,0x00,0x00,0x00,0x00,0x00,
	0x00,0x00,0x00,0x00,0x00,0x00,0x00,0x00,0x00,0x00,0x00,0x00,0x00,0x00,0x00,0x00,
	0x00,0x00,0x00,0x00,0x00,0x00,0x00,0x00,0x00,0xff,0x00,0x00,0x00,0x00,0x00,0xff,
	0x00,0x00,0x00,0x00,0x00,0xff,0x00,0x00,0x00,0x00,0x00,0xff,0xff,0x00,0x00,0x00,
	0x00,0xff,0xff,0x00,0x00,0x00,0x00,0xff,0x00,0x00,0x00,0x00,0x00,0x00,0x00,0x00,
	0x00,0x00,0x00,0x00,0x00,0x00,0x00,0x00,0x00,0xff,0x00,0x00,0x00,0x00,0x00,0xff,
	0x00,0x00,0x00,0x00,0x00,0x00,0x00,0x00,0x00,0x00,0x00,0xff,0xff,0x00,0x00,0x00,
	0x00,0xff,0xff,0x00,0x00,0x00,0x00,0xff,0x00,0x00,0x00,0x00,0x00,0x00,0x00,0x00,
	0x00,0x00,0x00,0x00,0x00,0x00,0x00,0x00,0x00,0x00,0x00,0x00,0x00,0x00,0x00,0x00,
	0x00,0x00,0x00,0x00,0x00,0x00,0x00,0x00,0x00,0x00,0x00,0x00,0x00,0x00,0x00,0x00,
	0x00,0x00,0x00,0x00,0x00,0x00,0x00,0x00,0x00,0x00,0x00,0x00,0x00,0x00,0x00,0x00,
	0x00,0x00,0x00,0x00,0x00,0x00,0x00,0x00,0x00,0xff,0x00,0x00,0x00,0x00,0x00,0xff,
	0x00,0x00,0x00,0x00,0x00,0x00,0x00,0x00,0x00,0x00,0x00,0xff,0x00,0x00,0x00,0x00,
	0x00,0xff,0xff,0x00,0x00,0x00,0x00,0xff,0x00,0x00,0x00,0x00,0x00,0x00,0x00,0x00,
	0x00,0x00,0x00,0x00,0x00,0x00,0x00,0x00,0x00,0x00,0x00,0x00,0x00,0x00,0x00,0x00,
	0x00,0x00,0x00,0x00,0x00,0x00,0x00,0x00,0x00,0x00,0x00,0x00,0x00,0x00,0x00,0x00,
	0x00,0x00,0x00,0x00,0x00,0x00,0x00,0x00,0x00,0x00,0x00,0x00,0x00,0x00,0x00,0x00,
	0x00,0x00,0x00,0x00,0x00,0x00,0x00,0x00,0x00,0x00,0x00,0x00,0x00,0x00,0x00,0x00,
	0x00,0x00,0x00,0x00,0x00,0x00,0x00,0x00,0x00,0x00,0x00,0x00,0x00,0x00,0x00,0x00,
	0x00,0x00,0x00,0x00,0x00,0x00,0x00,0x00,0x00,0x00,0x00,0x00,0x00,0x00,0x00,0x00,
	0x00,0x00,0x00,0x00,0x00,0x00,0x00,0x00,0x00,0x00,0x00,0x00,0x00,0x00,0x00,0x00,
	0x00,0x00,0x00,0x00,0x00,0x00,0x00,0x00,0x00,0x00,0x00,0x00,0x00,0x00,0x00,0x00,
	0x00,0x00,0x00,0x00,0x00,0x00,0x00,0x00,0x00,0x00,0x00,0x00,0x00,0x00,0x00,0x00,
	0x00,0x00,0x00,0x00,0x00,0x00,0x00,0x00,0x00,0x00,0x00,0x00,0x00,0x00,0x00,0x00,
	0x00,0x00,0x00,0x00,0x00,0x00,0x00,0x00,0x00,0x00,0x00,0x00,0x00,0x00,0x00,0x00,
	0x00,0x00,0x00,0x00,0x00,0x00,0x00,0x00,0x00,0x00,0x00,0x00,0x00,0x00,0x00,0x00,
	0x00,0x00,0x00,0x00,0x00,0x00,0xff,0x00,0x00,0x00,0x00,0x00,0xff,0x00,0x00,0x00,
	0x00,0x00,0xff,0x00,0x00,0x00,0x00,0x00,0xff,0x00,0x00,0x00,0x00,0x00,0xff,0x00,
	0x00,0x00,0x00,0x00,0xff,0xff,0x00,0x00,0x00,0x00,0xff,0x00,0x00,0x00,0x00,0x00,
	0x00,0x00,0x00,0x00,0x00,0x00,0xff,0x00,0x00,0x00,0x00,0x00,0xff,0x00,0x00,0x00,
	0x00,0x00,0xff,0x00,0x00,0x00,0x00,0x00,0x00,0x00,0x00,0x00,0x00,0x00,0xff,0x00,
	0x00,0x00,0x00,0x00,0xff,0xff,0x00,0x00,0x00,0x00,0x00,0x00,0x00,0x00,0x00,0x00,
	0x00,0x00,0x00,0x00,0x00,0x00,0x00,0x00,0x00,0x00,0x00,0x00,0x00,0x00,0x00,0x00,
	0x00,0x00,0x00,0x00,0x00,0x00,0x00,0x00,0x00,0x00,0x00,0x00,0x00,0x00,0x00,0x00,
	0x00,0x00,0x00,0x00,0x00,0x00,0x00,0x00,0x00,0x00,0x00,0x00,0x00,0x00,0x00,0x00,
	0x00,0x00,0x00,0x00,0x00,0x00,0xff,0x00,0x00,0x00,0x00,0x00,0xff,0x00,0x00,0x00,
	0x00,0x00,0xff,0x00,0x00,0x00,0x00,0x00,0x00,0x00,0x00,0x00,0x00,0x00,0xff,0x00,
	0x00,0x00,0x00,0x00,0xff,0xff,0x00,0x00,0x00,0x00,0x00,0x00,0x00,0x00,0x00,0x00,
	0x00,0x00,0x00,0x00,0x00,0x00,0x00,0x00,0x00,0xff,0xff,0x00,0xff,0xff,0x00,0xff,
	0xff,0x00,0xff,0xff,0x00,0xff,0xff,0x00,0xff,0xff,0x00,0xff,0xff,0x00,0xff,0xff,
	0x00,0xff,0xff,0x00,0xff,0xff,0x00,0x00,0x00,0x00,0x00,0x00,0x00,0x00,0x00,0x00,
	0x00,0x00,0x00,0x00,0x00,0x00,0x00,0x00,0x00,0xff,0xff,0x00,0xff,0xff,0x00,0xff,
	0xff,0x00,0xff,0xff,0x00,0xff,0xff,0x00,0xff,0xff,0x00,0xff,0xff,0x00,0xff,0xff,
	0x00,0xff,0xff,0x00,0xff,0xff,0x00,0x00,0x00,0x00,0x00,0x00,0x00,0x00,0x00,0x00,
	0x00,0x00,0x00,0x00,0x00,0x00,0x00,0x00,0x00,0xff,0xff,0x00,0xff,0xff,0x00,0xff,
	0xff,0x00,0xff,0xff,0x00,0xff,0xff,0x00,0xff,0xff,0x00,0xff,0xff,0x00,0xff,0xff,
	0x00,0xff,0xff,0x00,0xff,0xff,0x00,0x00,0x00,0x00,0x00,0x00,0x00,0x00,0x00,0x00,
	0x00,0x00,0x00,0x00,0x00,0x00,0x00,0x00,0x00,0xff,0xff,0x00,0xff,0xff,0x00,0xff,
	0xff,0x00,0xff,0xff,0x00,0xff,0xff,0x00,0xff,0xff,0x00,0xff,0xff,0x00,0xff,0xff,
	0x00,0xff,0xff,0x00,0xff,0xff,0x00,0x00,0x00,0x00,0x00,0x00,0x00,0x00,0x00,0x00,
	0x00,0x00,0x00,0xff,0x00,0x00,0x00,0x00,0x00,0x00,0x00,0x00,0x00,0x00,0x00,0xff,
	0x00,0x00,0x00,0x00,0x00,0xff,0x00,0x00,0x00,0x00,0x00,0xff,0x00,0x00,0x00,0x00,
	0x00,0xff,0xff,0x00,0x00,0x00,0x00,0xff,0xff,0x00,0x00,0x00,0x00,0xff,0x00,0x00,
	0x00,0x00,0x00,0x00,0x00,0x00,0x00,0x00,0x00,0x00,0x00,0x00,0x00,0x00,0x00,0xff,
	0x00,0x00,0x00,0x00,0x00,0x00,0x00,0x00,0x00,0x00,0x00,0xff,0x00,0x00,0x00,0x00,
	0x00,0xff,0xff,0x00,0x00,0x00,0x00,0x00,0x00,0x00,0x00,0x00,0x00,0xff,0x00,0x00,
	0x00,0x00,0x00,0x00,0x00,0x00,0x00,0x00,0x00,0x00,0x00,0x00,0x00,0x00,0x00,0x00,
	0x00,0x00,0x00,0x00,0x00,0x00,0x00,0x00,0x00,0x00,0x00,0x00,0x00,0x00,0x00,0x00,
	0x00,0x00,0x00,0x00,0x00,0x00,0x00,0x00,0x00,0x00,0x00,0x00,0x00,0x00,0x00,0x00,
	0x00,0x00,0x00,0x00,0x00,0x00,0x00,0x00,0x00,0x00,0x00,0x00,0x00,0x00,0x00,0xff,
	0x00,0x00,0x00,0x00,0x00,0x00,0x00,0x00,0x00,0x00,0x00,0xff,0x00,0x00,0x00,0x00,
	0x00,0xff,0x00,0x00,0x00,0x00,0x00,0x00,0x00,0x00,0x00,0x00,0x00,0xff,0x00,0x00,
	0x00,0x00,0x00,0x00,0x00,0x00,0x00,0x00,0x00,0xff,0xff,0x00,0xff,0xff,0x00,0xff,
	0xff,0x00,0xff,0xff,0x00,0x00,0x00,0x00,0x00,0x00,0x00,0xff,0xff,0x00,0xff,0xff,
	0x00,0xff,0xff,0x00,0xff,0xff,0x00,0x00,0x00,0x00,0x00,0x00,0x00,0x00,0x00,0x00,
	0x00,0x00,0x00,0x00,0x00,0x00,0x00,0x00,0x00,0xff,0xff,0x00,0xff,0xff,0x00,0xff,
	0xff,0x00,0xff,0xff,0x00,0xff,0xff,0x00,0xff,0xff,0x00,0xff,0xff,0x00,0xff,0xff,
	0x00,0xff,0xff,0x00,0xff,0xff,0x00,0x00,0x00,0x00,0x00,0x00,0x00,0x00,0x00,0x00,
	0x00,0x00,0x00,0x00,0x00,0x00,0x00,0x00,0x00,0xff,0xff,0x00,0xff,0xff,0x00,0xff,
	0xff,0x00,0xff,0xff,0x00,0x00,0x00,0x00,0x00,0x00,0x00,0xff,0xff,0x00,0xff,0xff,
	0x00,0xff,0xff,0x00,0xff,0xff,0x00,0x00,0x00,0x00,0x00,0x00,0x00,0x00,0x00,0x00,
	0x00,0x00,0x00,0x00,0x00,0x00,0x00,0x00,0x00,0xff,0xff,0x00,0xff,0xff,0x00,0xff,
	0xff,0x00,0xff,0xff,0x00,0xff,0xff,0x00,0xff,0xff,0x00,0xff,0xff,0x00,0xff,0xff,
	0x00,0xff,0xff,0x00,0xff,0xff,0x00,0x00,0x00,0x00,0x00,0x00,0x00,0x00,0x00,0x00,
	0xff,0x00,0x00,0x00,0x00,0x00,0x00,0x00,0x00,0x00,0x00,0x00,0xff,0x00,0x00,0x00,
	0x00,0x00,0xff,0x00,0x00,0x00,0x00,0x00,0xff,0x00,0x00,0x00,0x00,0x00,0xff,0x00,
	0x00,0x00,0x00,0x00,0xff,0x00,0x00,0x00,0x00,0x00,0xff,0xff,0x00,0x00,0x00,0x00,
	0xff,0x00,0x00,0x00,0x00,0x00,0x00,0x00,0x00,0x00,0x00,0x00,0xff,0x00,0x00,0x00,
	0x00,0x00,0xff,0x00,0x00,0x00,0x00,0x00,0x00,0x00,0x00,0x00,0x00,0x00,0xff,0x00,
	0x00,0x00,0x00,0x00,0x00,0x00,0x00,0x00,0x00,0x00,0xff,0xff,0x00,0x00,0x00,0x00,
	0x00,0x00,0x00,0x00,0x00,0x00,0x00,0x00,0x00,0x00,0x00,0x00,0xff,0x00,0x00,0x00,
	0x00,0x00,0x00,0x00,0x00,0x00,0x00,0x00,0xff,0x00,0x00,0x00,0x00,0x00,0xff,0x00,
	0x00,0x00,0x00,0x00,0xff,0x00,0x00,0x00,0x00,0x00,0x00,0x00,0x00,0x00,0x00,0x00,
	0xff,0x00,0x00,0x00,0x00,0x00,0x00,0x00,0x00,0x00,0x00,0x00,0xff,0x00,0x00,0x00,
	0x00,0x00,0xff,0x00,0x00,0x00,0x00,0x00,0x00,0x00,0x00,0x00,0x00,0x00,0xff,0x00,
	0x00,0x00,0x00,0x00,0x00,0x00,0x00,0x00,0x00,0x00,0xff,0xff,0x00,0x00,0x00,0x00,
	0x00,0x00,0x00,0x00,0x00,0x00,0x00,0x00,0x00,0xff,0xff,0x00,0xff,0xff,0x00,0xff,
	0xff,0x00,0x00,0x00,0x00,0x00,0x00,0x00,0x00,0x00,0x00,0x00,0x00,0x00,0xff,0xff,
	0x00,0xff,0xff,0x00,0xff,0xff,0x00,0x00,0x00,0x00,0x00,0x00,0x00,0x00,0x00,0x00,
	0x00,0x00,0x00,0x00,0x00,0x00,0x00,0x00,0x00,0xff,0xff,0x00,0xff,0xff,0x00,0xff,
	0xff,0x00,0xff,0xff,0x00,0xff,0xff,0x00,0xff,0xff,0x00,0x00,0x00,0x00,0xff,0xff,
	0x00,0xff,0xff,0x00,0xff,0xff,0x00,0x00,0x00,0x00,0x00,0x00,0x00,0x00,0x00,0x00,
	0x00,0x00,0x00,0x00,0x00,0x00,0x00,0x00,0x00,0xff,0xff,0x00,0xff,0xff,0x00,0xff,
	0xff,0x00,0xff,0xff,0x00,0x00,0x00,0x00,0x00,0x00,0x00,0xff,0xff,0x00,0xff,0xff,
	0x00,0xff,0xff,0x00,0xff,0xff,0x00,0x00,0x00,0x00,0x00,0x00,0x00,0x00,0x00,0x00,
	0x00,0x00,0x00,0x00,0x00,0x00,0x00,0x00,0x00,0xff,0xff,0x00,0xff,0xff,0x00,0xff,
	0xff,0x00,0x00,0x00,0x00,0xff,0xff,0x00,0xff,0xff,0x00,0xff,0xff,0x00,0xff,0xff,
	0x00,0xff,0xff,0x00,0xff,0xff,0x00,0x00,0x00,0x00,0x00,0x00,0x00,0x00,0x00,0x00,
	0x00,0x00,0x00,0xff,0x00,0x00,0x00,0x00,0x00,0xff,0x00,0x00,0x00,0x00,0x00,0xff,
	0x00,0x00,0x00,0x00,0x00,0xff,0x00,0x00,0x00,0x00,0x00,0xff,0x00,0x00,0x00,0x00,
	0x00,0xff,0x00,0x00,0x00,0x00,0x00,0xff,0xff,0x00,0x00,0x00,0x00,0xff,0x00,0x00,
	0x00,0x00,0x00,0xff,0x00,0x00,0x00,0x00,0x00,0x00,0x00,0x00,0x00,0x00,0x00,0xff,
	0x00,0x00,0x00,0x00,0x00,0x00,0x00,0x00,0x00,0x00,0x00,0x00,0x00,0x00,0x00,0x00,
	0x00,0x00,0x00,0x00,0x00,0x00,0x00,0xff,0xff,0x00,0x00,0x00,0x00,0xff,0x00,0x00,
	0x00,0x00,0x00,0x00,0x00,0x00,0x00,0x00,0x00,0xff,0x00,0x00,0x00,0x00,0x00,0xff,
	0x00,0x00,0x00,0x00,0x00,0x00,0x00,0x00,0x00,0x00,0x00,0xff,0xff,0x00,0x00,0x00,
	0x00,0xff,0xff,0x00,0x00,0x00,0x00,0xff,0x00,0x00,0x00,0x00,0x00,0x00,0x00,0x00,
	0x00,0x00,0x00,0xff,0x00,0x00,0x00,0x00,0x00,0x00,0x00,0x00,0x00,0x00,0x00,0xff,
	0x00,0x00,0x00,0x00,0x00,0xff,0x00,0x00,0x00,0x00,0x00,0xff,0x00,0x00,0x00,0x00,
	0x00,0x00,0x00,0x00,0x00,0x00,0x00,0xff,0xff,0x00,0x00,0x00,0x00,0xff,0x00,0x00,
	0x00,0x00,0x00,0x00,0x00,0x00,0x00,0x00,0x00,0xff,0xff,0x00,0xff,0xff,0x00,0x00,
	0x00,0x00,0x00,0x00,0x00,0x00,0x00,0x00,0x00,0x00,0x00,0x00,0x00,0x00,0x00,0x00,
	0x00,0xff,0xff,0x00,0xff,0xff,0x00,0x00,0x00,0x00,0x00,0x00,0x00,0x00,0x00,0x00,
	0x00,0x00,0x00,0x00,0x00,0x00,0x00,0x00,0x00,0xff,0xff,0x00,0xff,0xff,0x00,0xff,
	0xff,0x00,0xff,0xff,0x00,0xff,0xff,0x00,0xff,0xff,0x00,0x00,0x00,0x00,0x00,0x00,
	0x00,0xff,0xff,0x00,0xff,0xff,0x00,0x00,0x00,0x00,0x00,0x00,0x00,0x00,0x00,0x00,
	0x00,0x00,0x00,0x00,0x00,0x00,0x00,0x00,0x00,0xff,0xff,0x00,0xff,0xff,0x00,0xff,
	0xff,0x00,0xff,0xff,0x00,0x00,0x00,0x00,0x00,0x00,0x00,0xff,0xff,0x00,0xff,0xff,
	0x00,0xff,0xff,0x00,0xff,0xff,0x00,0x00,0x00,0x00,0x00,0x00,0x00,0x00,0x00,0x00,
	0x00,0x00,0x00,0x00,0x00,0x00,0x00,0x00,0x00,0xff,0xff,0x00,0xff,0xff,0x00,0x00,
	0x00,0x00,0x00,0x00,0x00,0xff,0xff,0x00,0xff,0xff,0x00,0xff,0xff,0x00,0xff,0xff,
	0x00,0xff,0xff,0x00,0xff,0xff,0x00,0x00,0x00,0x00,0x00,0x00,0x00,0x00,0x00,0x00,
	0xff,0x00,0x00,0x00,0x00,0x00,0xff,0x00,0x00,0x00,0x00,0x00,0xff,0x00,0x00,0x00,
	0x00,0x00,0xff,0x00,0x00,0x00,0x00,0x00,0xff,0x00,0x00,0x00,0x00,0x00,0xff,0x00,
	0x00,0x00,0x00,0x00,0xff,0x00,0x00,0x00,0x00,0x00,0xff,0xff,0x00,0x00,0x00,0x00,
	0xff,0x00,0x00,0x00,0x00,0x00,0xff,0x00,0x00,0x00,0x00,0x00,0x00,0x00,0x00,0x00,
	0x00,0x00,0x00,0x00,0x00,0x00,0x00,0x00,0xff,0x00,0x00,0x00,0x00,0x00,0x00,0x00,
	0x00,0x00,0x00,0x00,0xff,0x00,0x00,0x00,0x00,0x00,0xff,0xff,0x00,0x00,0x00,0x00,
	0x00,0x00,0x00,0x00,0x00,0x00,0xff,0x00,0x00,0x00,0x00,0x00,0xff,0x00,0x00,0x00,
	0x00,0x00,0xff,0x00,0x00,0x00,0x00,0x00,0x00,0x00,0x00,0x00,0x00,0x00,0xff,0x00,
	0x00,0x00,0x00,0x00,0xff,0xff,0x00,0x00,0x00,0x00,0x00,0x00,0x00,0x00,0x00,0x00,
	0xff,0x00,0x00,0x00,0x00,0x00,0xff,0x00,0x00,0x00,0x00,0x00,0xff,0x00,0x00,0x00,
	0x00,0x00,0xff,0x00,0x00,0x00,0x00,0x00,0xff,0x00,0x00,0x00,0x00,0x00,0xff,0x00,
	0x00,0x00,0x00,0x00,0xff,0x00,0x00,0x00,0x00,0x00,0xff,0x00,0x00,0x00,0x00,0x00,
	0x00,0x00,0x00,0x00,0x00,0x00,0x00,0x00,0x00,0xff,0xff,0x00,0xff,0xff,0x00,0xff,
	0xff,0x00,0xff,0xff,0x00,0x00,0x00,0x00,0x00,0x00,0x00,0xff,0xff,0x00,0xff,0xff,
	0x00,0xff,0xff,0x00,0xff,0xff,0x00,0x00,0x00,0x00,0x00,0x00,0x00,0x00,0x00,0x00,
	0x00,0x00,0x00,0x00,0x00,0x00,0x00,0x00,0x00,0xff,0xff,0x00,0x00,0x00,0x00,0x00,
	0x00,0x00,0x00,0x00,0x00,0x00,0x00,0x00,0x00,0x00,0x00,0x00,0x00,0x00,0x00,0x00,
	0x00,0x00,0x00,0x00,0xff,0xff,0x00,0x00,0x00,0x00,0x00,0x00,0x00,0x00,0x00,0x00,
	0x00,0x00,0x00,0x00,0x00,0x00,0x00,0x00,0x00,0xff,0xff,0x00,0xff,0xff,0x00,0xff,
	0xff,0x00,0xff,0xff,0x00,0x00,0x00,0x00,0x00,0x00,0x00,0xff,0xff,0x00,0xff,0xff,
	0x00,0xff,0xff,0x00,0xff,0xff,0x00,0x00,0x00,0x00,0x00,0x00,0x00,0x00,0x00,0x00,
	0x00,0x00,0x00,0x00,0x00,0x00,0x00,0x00,0x00,0xff,0xff,0x00,0x00,0x00,0x00,0x00,
	0x00,0x00,0x00,0x00,0x00,0x00,0x00,0x00,0x00,0x00,0x00,0x00,0x00,0x00,0x00,0x00,
	0x00,0x00,0x00,0x00,0xff,0xff,0x00,0x00,0x00,0x00,0x00,0x00,0x00,0x00,0x00,0x00,
	0x00,0x00,0x00,0xff,0x00,0x00,0x00,0x00,0x00,0xff,0x00,0x00,0x00,0x00,0x00,0xff,
	0x00,0x00,0x00,0x00,0x00,0xff,0x00,0x00,0x00,0x00,0x00,0xff,0x00,0x00,0x00,0x00,
	0x00,0xff,0x00,0x00,0x00,0x00,0x00,0xff,0xff,0x00,0x00,0x00,0x00,0xff,0x00,0x00,
	0x00,0x00,0x00,0xff,0x00,0x00,0x00,0x00,0x00,0xff,0x00,0x00,0x00,0x00,0x00,0x00,
	0x00,0x00,0x00,0x00,0x00,0xff,0x00,0x00,0x00,0x00,0x00,0xff,0x00,0x00,0x00,0x00,
	0x00,0x00,0x00,0x00,0x00,0x00,0x00,0xff,0xff,0x00,0x00,0x00,0x00,0xff,0x00,0x00,
	0x00,0x00,0x00,0x00,0x00,0x00,0x00,0x00,0x00,0x00,0x00,0x00,0x00,0x00,0x00,0xff,
	0x00,0x00,0x00,0x00,0x00,0x00,0x00,0x00,0x00,0x00,0x00,0xff,0x00,0x00,0x00,0x00,
	0x00,0xff,0x00,0x00,0x00,0x00,0x00,0x00,0x00,0x00,0x00,0x00,0x00,0xff,0x00,0x00,
	0x00,0x00,0x00,0xff,0x00,0x00,0x00,0x00,0x00,0xff,0x00,0x00,0x00,0x00,0x00,0xff,
	0x00,0x00,0x00,0x00,0x00,0xff,0x00,0x00,0x00,0x00,0x00,0xff,0x00,0x00,0x00,0x00,
	0x00,0xff,0x00,0x00,0x00,0x00,0x00,0xff,0x00,0x00,0x00,0x00,0x00,0xff,0x00,0x00,
	0x00,0x00,0x00,0x00,0x00,0x00,0x00,0x00,0x00,0xff,0xff,0x00,0xff,0xff,0x00,0xff,
	0xff,0x00,0xff,0xff,0x00,0x00,0x00,0x00,0x00,0x00,0x00,0xff,0xff,0x00,0xff,0xff,
	0x00,0xff,0xff,0x00,0xff,0xff,0x00,0x00,0x00,0x00,0x00,0x00,0x00,0x00,0x00,0x00,
	0x00,0x00,0x00,0x00,0x00,0x00,0x00,0x00,0x00,0xff,0xff,0x00,0x00,0x00,0x00,0x00,
	0x00,0x00,0x00,0x00,0x00,0x00,0x00,0x00,0x00,0x00,0x00,0x00,0x00,0x00,0x00,0x00,
	0x00,0x00,0x00,0x00,0xff,0xff,0x00,0x00,0x00,0x00,0x00,0x00,0x00,0x00,0x00,0x00,
	0x00,0x00,0x00,0x00,0x00,0x00,0x00,0x00,0x00,0xff,0xff,0x00,0xff,0xff,0x00,0xff,
	0xff,0x00,0xff,0xff,0x00,0x00,0x00,0x00,0x00,0x00,0x00,0xff,0xff,0x00,0xff,0xff,
	0x00,0xff,0xff,0x00,0xff,0xff,0x00,0x00,0x00,0x00,0x00,0x00,0x00,0x00,0x00,0x00,
	0x00,0x00,0x00,0x00,0x00,0x00,0x00,0x00,0x00,0xff,0xff,0x00,0x00,0x00,0x00,0x00,
	0x00,0x00,0x00,0x00,0x00,0x00,0x00,0x00,0x00,0x00,0x00,0x00,0x00,0x00,0x00,0x00,
	0x00,0x00,0x00,0x00,0xff,0xff,0x00,0x00,0x00,0x00,0x00,0x00,0x00,0x00,0x00,0x00,
	0xff,0x00,0x00,0x00,0x00,0x00,0xff,0x00,0x00,0x00,0x00,0x00,0xff,0x00,0x00,0x00,
	0x00,0x00,0xff,0x00,0x00,0x00,0x00,0x00,0xff,0x00,0x00,0x00,0x00,0x00,0xff,0x00,
	0x00,0x00,0x00,0x00,0xff,0x00,0x00,0x00,0x00,0x00,0xff,0x00,0x00,0x00,0x00,0x00,
	0xff,0x00,0x00,0x00,0x00,0x00,0xff,0x00,0x00,0x00,0x00,0x00,0x00,0x00,0x00,0x00,
	0x00,0x00,0xff,0x00,0x00,0x00,0x00,0x00,0xff,0x00,0x00,0x00,0x00,0x00,0xff,0x00,
	0x00,0x00,0x00,0x00,0x00,0x00,0x00,0x00,0x00,0x00,0x00,0x00,0x00,0x00,0x00,0x00,
	0xff,0x00,0x00,0x00,0x00,0x00,0x00,0x00,0x00,0x00,0x00,0x00,0xff,0x00,0x00,0x00,
	0x00,0x00,0xff,0x00,0x00,0x00,0x00,0x00,0x00,0x00,0x00,0x00,0x00,0x00,0xff,0x00,
	0x00,0x00,0x00,0x00,0x00,0x00,0x00,0x00,0x00,0x00,0xff,0xff,0x00,0x00,0x00,0x00,
	0x00,0x00,0x00,0x00,0x00,0x00,0x00,0x00,0x00,0x00,0x00,0x00,0x00,0x00,0x00,0x00,
	0x00,0x00,0x00,0x00,0x00,0x00,0x00,0x00,0x00,0x00,0x00,0x00,0x00,0x00,0x00,0x00,
	0x00,0x00,0x00,0x00,0x00,0x00,0x00,0x00,0x00,0x00,0x00,0x00,0x00,0x00,0x00,0x00,
	0x00,0x00,0x00,0x00,0x00,0x00,0x00,0x00,0x00,0xff,0xff,0x00,0xff,0xff,0x00,0xff,
	0xff,0x00,0xff,0xff,0x00,0x00,0x00,0x00,0x00,0x00,0x00,0xff,0xff,0x00,0xff,0xff,
	0x00,0xff,0xff,0x00,0xff,0xff,0x00,0x00,0x00,0x00,0x00,0x00,0x00,0x00,0x00,0x00,
	0x00,0x00,0x00,0x00,0x00,0x00,0x00,0x00,0x00,0xff,0xff,0x00,0xff,0xff,0x00,0xff,
	0xff,0x00,0xff,0xff,0x00,0xff,0xff,0x00,0xff,0xff,0x00,0x00,0x00,0x00,0x00,0x00,
	0x00,0xff,0xff,0x00,0xff,0xff,0x00,0x00,0x00,0x00,0x00,0x00,0x00,0x00,0x00,0x00,
	0x00,0x00,0x00,0x00,0x00,0x00,0x00,0x00,0x00,0xff,0xff,0x00,0xff,0xff,0x00,0x00,
	0x00,0x00,0x00,0x00,0x00,0x00,0x00,0x00,0x00,0x00,0x00,0x00,0x00,0x00,0x00,0x00,
	0x00,0xff,0xff,0x00,0xff,0xff,0x00,0x00,0x00,0x00,0x00,0x00,0x00,0x00,0x00,0x00,
	0x00,0x00,0x00,0x00,0x00,0x00,0x00,0x00,0x00,0xff,0xff,0x00,0xff,0xff,0x00,0x00,
	0x00,0x00,0x00,0x00,0x00,0xff,0xff,0x00,0xff,0xff,0x00,0xff,0xff,0x00,0xff,0xff,
	0x00,0xff,0xff,0x00,0xff,0xff,0x00,0x00,0x00,0x00,0x00,0x00,0x00,0x00,0x00,0x00,
	0x00,0x00,0x00,0x00,0x00,0x00,0x00,0x00,0x00,0xff,0x00,0x00,0x00,0x00,0x00,0x00,
	0x00,0x00,0x00,0x00,0x00,0xff,0x00,0x00,0x00,0x00,0x00,0xff,0x00,0x00,0x00,0x00,
	0x00,0xff,0x00,0x00,0x00,0x00,0x00,0xff,0x00,0x00,0x00,0x00,0x00,0xff,0x00,0x00,
	0x00,0x00,0x00,0x00,0x00,0x00,0x00,0x00,0x00,0x00,0x00,0x00,0x00,0x00,0x00,0x00,
	0x00,0x00,0x00,0x00,0x00,0xff,0x00,0x00,0x00,0x00,0x00,0xff,0x00,0x00,0x00,0x00,
	0x00,0x00,0x00,0x00,0x00,0x00,0x00,0x00,0x00,0x00,0x00,0x00,0x00,0x00,0x00,0x00,
	0x00,0x00,0x00,0xff,0x00,0x00,0x00,0x00,0x00,0x00,0x00,0x00,0x00,0x00,0x00,0xff,
	0x00,0x00,0x00,0x00,0x00,0x00,0x00,0x00,0x00,0x00,0x00,0x00,0x00,0x00,0x00,0x00,
	0x00,0x00,0x00,0x00,0x00,0x00,0x00,0xff,0xff,0x00,0x00,0x00,0x00,0xff,0x00,0x00,
	0x00,0x00,0x00,0x00,0x00,0x00,0x00,0x00,0x00,0x00,0x00,0x00,0x00,0x00,0x00,0x00,
	0x00,0x00,0x00,0x00,0x00,0x00,0x00,0x00,0x00,0x00,0x00,0x00,0x00,0x00,0x00,0x00,
	0x00,0x00,0x00,0x00,0x00,0x00,0x00,0x00,0x00,0x00,0x00,0x00,0x00,0x00,0x00,0x00,
	0x00,0x00,0x00,0x00,0x00,0x00,0x00,0x00,0x00,0xff,0xff,0x00,0xff,0xff,0x00,0xff,
	0xff,0x00,0xff,0xff,0x00,0x00,0x00,0x00,0x00,0x00,0x00,0xff,0xff,0x00,0xff,0xff,
	0x00,0xff,0xff,0x00,0xff,0xff,0x00,0x00,0x00,0x00,0x00,0x00,0x00,0x00,0x00,0x00,
	0x00,0x00,0x00,0x00,0x00,0x00,0x00,0x00,0x00,0xff,0xff,0x00,0xff,0xff,0x00,0xff,
	0xff,0x00,0xff,0xff,0x00,0xff,0xff,0x00,0xff,0xff,0x00,0x00,0x00,0x00,0xff,0xff,
	0x00,0xff,0xff,0x00,0xff,0xff,0x00,0x00,0x00,0x00,0x00,0x00,0x00,0x00,0x00,0x00,
	0x00,0x00,0x00,0x00,0x00,0x00,0x00,0x00,0x00,0xff,0xff,0x00,0xff,0xff,0x00,0xff,
	0xff,0x00,0x00,0x00,0x00,0x00,0x00,0x00,0x00,0x00,0x00,0x00,0x00,0x00,0xff,0xff,
	0x00,0xff,0xff,0x00,0xff,0xff,0x00,0x00,0x00,0x00,0x00,0x00,0x00,0x00,0x00,0x00,
	0x00,0x00,0x00,0x00,0x00,0x00,0x00,0x00,0x00,0xff,0xff,0x00,0xff,0xff,0x00,0xff,
	0xff,0x00,0x00,0x00,0x00,0xff,0xff,0x00,0xff,0xff,0x00,0xff,0xff,0x00,0xff,0xff,
	0x00,0xff,0xff,0x00,0xff,0xff,0x00,0x00,0x00,0x00,0x00,0x00,0x00,0x00,0x00,0x00,
	0xff,0x00,0x00,0x00,0x00,0x00,0x00,0x00,0x00,0x00,0x00,0x00,0xff,0x00,0x00,0x00,
	0x00,0x00,0x00,0x00,0x00,0x00,0x00,0x00,0xff,0x00,0x00,0x00,0x00,0x00,0xff,0x00,
	0x00,0x00,0x00,0x00,0xff,0x00,0x00,0x00,0x00,0x00,0xff,0x00,0x00,0x00,0x00,0x00,
	0x00,0x00,0x00,0x00,0x00,0x00,0x00,0x00,0x00,0x00,0x00,0x00,0xff,0x00,0x00,0x00,
	0x00,0x00,0x00,0x00,0x00,0x00,0x00,0x00,0x00,0x00,0x00,0x00,0x00,0x00,0x00,0x00,
	0x00,0x00,0x00,0x00,0xff,0x00,0x00,0x00,0x00,0x00,0xff,0x00,0x00,0x00,0x00,0x00,
	0xff,0x00,0x00,0x00,0x00,0x00,0xff,0x00,0x00,0x00,0x00,0x00,0x00,0x00,0x00,0x00,
	0x00,0x00,0x00,0x00,0x00,0x00,0x00,0x00,0xff,0x00,0x00,0x00,0x00,0x00,0x00,0x00,
	0x00,0x00,0x00,0x00,0xff,0x00,0x00,0x00,0x00,0x00,0xff,0xff,0x00,0x00,0x00,0x00,
	0x00,0x00,0x00,0x00,0x00,0x00,0x00,0x00,0x00,0x00,0x00,0x00,0x00,0x00,0x00,0x00,
	0x00,0x00,0x00,0x00,0x00,0x00,0x00,0x00,0x00,0x00,0x00,0x00,0x00,0x00,0x00,0x00,
	0x00,0x00,0x00,0x00,0x00,0x00,0x00,0x00,0x00,0x00,0x00,0x00,0x00,0x00,0x00,0x00,
	0x00,0x00,0x00,0x00,0x00,0x00,0x00,0x00,0x00,0xff,0xff,0x00,0xff,0xff,0x00,0xff,
	0xff,0x00,0xff,0xff,0x00,0x00,0x00,0x00,0x00,0x00,0x00,0xff,0xff,0x00,0xff,0xff,
	0x00,0xff,0xff,0x00,0xff,0xff,0x00,0x00,0x00,0x00,0x00,0x00,0x00,0x00,0x00,0x00,
	0x00,0x00,0x00,0x00,0x00,0x00,0x00,0x00,0x00,0xff,0xff,0x00,0xff,0xff,0x00,0xff,
	0xff,0x00,0xff,0xff,0x00,0xff,0xff,0x00,0xff,0xff,0x00,0xff,0xff,0x00,0xff,0xff,
	0x00,0xff,0xff,0x00,0xff,0xff,0x00,0x00,0x00,0x00,0x00,0x00,0x00,0x00,0x00,0x00,
	0x00,0x00,0x00,0x00,0x00,0x00,0x00,0x00,0x00,0xff,0xff,0x00,0xff,0xff,0x00,0xff,
	0xff,0x00,0xff,0xff,0x00,0x00,0x00,0x00,0x00,0x00,0x00,0xff,0xff,0x00,0xff,0xff,
	0x00,0xff,0xff,0x00,0xff,0xff,0x00,0x00,0x00,0x00,0x00,0x00,0x00,0x00,0x00,0x00,
	0x00,0x00,0x00,0x00,0x00,0x00,0x00,0x00,0x00,0xff,0xff,0x00,0xff,0xff,0x00,0xff,
	0xff,0x00,0xff,0xff,0x00,0xff,0xff,0x00,0xff,0xff,0x00,0xff,0xff,0x00,0xff,0xff,
	0x00,0xff,0xff,0x00,0xff,0xff,0x00,0x00,0x00,0x00,0x00,0x00,0x00,0x00,0x00,0x00,
	0x00,0x00,0x00,0x00,0x00,0x00,0x00,0x00,0x00,0xff,0x00,0x00,0x00,0x00,0x00,0xff,
	0x00,0x00,0x00,0x00,0x00,0x00,0x00,0x00,0x00,0x00,0x00,0x00,0x00,0x00,0x00,0x00,
	0x00,0xff,0x00,0x00,0x00,0x00,0x00,0xff,0x00,0x00,0x00,0x00,0x00,0xff,0x00,0x00,
	0x00,0x00,0x00,0x00,0x00,0x00,0x00,0x00,0x00,0xff,0x00,0x00,0x00,0x00,0x00,0xff,
	0x00,0x00,0x00,0x00,0x00,0x00,0x00,0x00,0x00,0x00,0x00,0x00,0x00,0x00,0x00,0x00,
	0x00,0x00,0x00,0x00,0x00,0x00,0x00,0xff,0x00,0x00,0x00,0x00,0x00,0xff,0x00,0x00,
	0x00,0x00,0x00,0xff,0x00,0x00,0x00,0x00,0x00,0xff,0x00,0x00,0x00,0x00,0x00,0x00,
	0x00,0x00,0x00,0x00,0x00,0xff,0x00,0x00,0x00,0x00,0x00,0xff,0x00,0x00,0x00,0x00,
	0x00,0x00,0x00,0x00,0x00,0x00,0x00,0xff,0x00,0x00,0x00,0x00,0x00,0xff,0x00,0x00,
	0x00,0x00,0x00,0x00,0x00,0x00,0x00,0x00,0x00,0x00,0x00,0x00,0x00,0x00,0x00,0x00,
	0x00,0x00,0x00,0x00,0x00,0x00,0x00,0x00,0x00,0x00,0x00,0x00,0x00,0x00,0x00,0x00,
	0x00,0x00,0x00,0x00,0x00,0x00,0x00,0x00,0x00,0x00,0x00,0x00,0x00,0x00,0x00,0x00,
	0x00,0x00,0x00,0x00,0x00,0x00,0x00,0x00,0x00,0xff,0xff,0x00,0xff,0xff,0x00,0xff,
	0xff,0x00,0xff,0xff,0x00,0xff,0xff,0x00,0xff,0xff,0x00,0xff,0xff,0x00,0xff,0xff,
	0x00,0xff,0xff,0x00,0xff,0xff,0x00,0x00,0x00,0x00,0x00,0x00,0x00,0x00,0x00,0x00,
	0x00,0x00,0x00,0x00,0x00,0x00,0x00,0x00,0x00,0xff,0xff,0x00,0xff,0xff,0x00,0xff,
	0xff,0x00,0xff,0xff,0x00,0xff,0xff,0x00,0xff,0xff,0x00,0xff,0xff,0x00,0xff,0xff,
	0x00,0xff,0xff,0x00,0xff,0xff,0x00,0x00,0x00,0x00,0x00,0x00,0x00,0x00,0x00,0x00,
	0x00,0x00,0x00,0x00,0x00,0x00,0x00,0x00,0x00,0xff,0xff,0x00,0xff,0xff,0x00,0xff,
	0xff,0x00,0xff,0xff,0x00,0xff,0xff,0x00,0xff,0xff,0x00,0xff,0xff,0x00,0xff,0xff,
	0x00,0xff,0xff,0x00,0xff,0xff,0x00,0x00,0x00,0x00,0x00,0x00,0x00,0x00,0x00,0x00,
	0x00,0x00,0x00,0x00,0x00,0x00,0x00,0x00,0x00,0xff,0xff,0x00,0xff,0xff,0x00,0xff,
	0xff,0x00,0xff,0xff,0x00,0xff,0xff,0x00,0xff,0xff,0x00,0xff,0xff,0x00,0xff,0xff,
	0x00,0xff,0xff,0x00,0xff,0xff,0x00,0x00,0x00,0x00,0x00,0x00,0x00,0x00,0x00,0x00,
	0xff,0x00,0x00,0x00,0x00,0x00,0x00,0x00,0x00,0x00,0x00,0x00,0xff,0x00,0x00,0x00,
	0x00,0x00,0xff,0x00,0x00,0x00,0x00,0x00,0x00,0x00,0x00,0x00,0x00,0x00,0xff,0x00,
	0x00,0x00,0x00,0x00,0xff,0x00,0x00,0x00,0x00,0x00,0xff,0x00,0x00,0x00,0x00,0x00,
	0xff,0x00,0x00,0x00,0x00,0x00,0x00,0x00,0x00,0x00,0x00,0x00,0xff,0x00,0x00,0x00,
	0x00,0x00,0xff,0x00,0x00,0x00,0x00,0x00,0x00,0x00,0x00,0x00,0x00,0x00,0xff,0x00,
	0x00,0x00,0x00,0x00,0x00,0x00,0x00,0x00,0x00,0x00,0xff,0x00,0x00,0x00,0x00,0x00,
	0xff,0x00,0x00,0x00,0x00,0x00,0xff,0x00,0x00,0x00,0x00,0x00,0x00,0x00,0x00,0x00,
	0x00,0x00,0xff,0x00,0x00,0x00,0x00,0x00,0xff,0x00,0x00,0x00,0x00,0x00,0xff,0x00,
	0x00,0x00,0x00,0x00,0x00,0x00,0x00,0x00,0x00,0x00,0x00,0x00,0x00,0x00,0x00,0x00,
	0x00,0x00,0x00,0x00,0x00,0x00,0x00,0x00,0x00,0x00,0x00,0x00,0xff,0x00,0x00,0x00,
	0x00,0x00,0x00,0x00,0x00,0x00,0x00,0x00,0x00,0x00,0x00,0x00,0x00,0x00,0x00,0x00,
	0x00,0x00,0x00,0x00,0x00,0x00,0x00,0x00,0x00,0x00,0x00,0x00,0x00,0x00,0x00,0x00,
	0x00,0x00,0x00,0x00,0x00,0x00,0x00,0x00,0x00,0x00,0x00,0x00,0x00,0x00,0x00,0x00,
	0x00,0x00,0x00,0x00,0x00,0x00,0x00,0x00,0x00,0x00,0x00,0x00,0x00,0x00,0x00,0x00,
	0x00,0x00,0x00,0x00,0x00,0x00,0x00,0x00,0x00,0x00,0x00,0x00,0x00,0x00,0x00,0x00,
	0x00,0x00,0x00,0x00,0x00,0x00,0x00,0x00,0x00,0x00,0x00,0x00,0x00,0x00,0x00,0x00,
	0x00,0x00,0x00,0x00,0x00,0x00,0x00,0x00,0x00,0x00,0x00,0x00,0x00,0x00,0x00,0x00,
	0x00,0x00,0x00,0x00,0x00,0x00,0x00,0x00,0x00,0x00,0x00,0x00,0x00,0x00,0x00,0x00,
	0x00,0x00,0x00,0x00,0x00,0x00,0x00,0x00,0x00,0x00,0x00,0x00,0x00,0x00,0x00,0x00,
	0x00,0x00,0x00,0x00,0x00,0x00,0x00,0x00,0x00,0x00,0x00,0x00,0x00,0x00,0x00,0x00,
	0x00,0x00,0x00,0x00,0x00,0x00,0x00,0x00,0x00,0x00,0x00,0x00,0x00,0x00,0x00,0x00,
	0x00,0x00,0x00,0x00,0x00,0x00,0x00,0x00,0x00,0x00,0x00,0x00,0x00,0x00,0x00,0x00,
	0x00,0x00,0x00,0x00,0x00,0x00,0x00,0x00,0x00,0x00,0x00,0x00,0x00,0x00,0x00,0x00,
	0x00,0x00,0x00,0x00,0x00,0x00,0x00,0x00,0x00,0x00,0x00,0x00,0x00,0x00,0x00,0x00,
	0x00,0x00,0x00,0xff,0x00,0x00,0x00,0x00,0x00,0x00,0x00,0x00,0x00,0x00,0x00,0x00,
	0x00,0x00,0x00,0x00,0x00,0xff,0x00,0x00,0x00,0x00,0x00,0xff,0x00,0x00,0x00,0x00,
	0x00,0xff,0x00,0x00,0x00,0x00,0x00,0xff,0x00,0x00,0x00,0x00,0x00,0x00,0x00,0x00,
	0x00,0x00,0x00,0xff,0x00,0x00,0x00,0x00,0x00,0x00,0x00,0x00,0x00,0x00,0x00,0x00,
	0x00,0x00,0x00,0x00,0x00,0x00,0x00,0x00,0x00,0x00,0x00,0xff,0x00,0x00,0x00,0x00,
	0x00,0x00,0x00,0x00,0x00,0x00,0x00,0xff,0x00,0x00,0x00,0x00,0x00,0x00,0x00,0x00,
	0x00,0x00,0x00,0x00,0x00,0x00,0x00,0x00,0x00,0x00,0x00,0x00,0x00,0x00,0x00,0x00,
	0x00,0x00,0x00,0x00,0x00,0xff,0x00,0x00,0x00,0x00,0x00,0xff,0x00,0x00,0x00,0x00,
	0x00,0x00,0x00,0x00,0x00,0x00,0x00,0x00,0x00,0x00,0x00,0x00,0x00,0x00,0x00,0x00,
	0x00,0x00,0x00,0xff,0x00,0x00,0x00,0x00,0x00,0xff,0x00,0x00,0x00,0x00,0x00,0xff,
	0x00,0x00,0x00,0x00,0x00,0x00,0x00,0x00,0x00,0x00,0x00,0xff,0x00,0x00,0x00,0x00,
	0x00,0xff,0xff,0x00,0x00,0x00,0x00,0x00,0x00,0x00,0x00,0x00,0x00,0x00,0x00,0x00,
	0x00,0x00,0x00,0x00,0x00,0x00,0x00,0x00,0x00,0x00,0x00,0x00,0x00,0x00,0x00,0x00,
	0x00,0x00,0x00,0x00,0x00,0x00,0x00,0x00,0x00,0x00,0x00,0x00,0x00,0x00,0x00,0x00,
	0x00,0x00,0x00,0x00,0x00,0x00,0x00,0x00,0x00,0x00,0x00,0x00,0x00,0x00,0x00,0x00,
	0x00,0x00,0x00,0x00,0x00,0x00,0x00,0x00,0x00,0x00,0x00,0x00,0x00,0x00,0x00,0x00,
	0x00,0x00,0x00,0x00,0x00,0x00,0x00,0x00,0x00,0x00,0x00,0x00,0x00,0x00,0x00,0x00,
	0x00,0x00,0x00,0x00,0x00,0x00,0x00,0x00,0x00,0x00,0x00,0x00,0x00,0x00,0x00,0x00,
	0x00,0x00,0x00,0x00,0x00,0x00,0x00,0x00,0x00,0x00,0x00,0x00,0x00,0x00,0x00,0x00,
	0x00,0x00,0x00,0x00,0x00,0x00,0x00,0x00,0x00,0x00,0x00,0x00,0x00,0x00,0x00,0x00,
	0x00,0x00,0x00,0x00,0x00,0x00,0x00,0x00,0x00,0x00,0x00,0x00,0x00,0x00,0x00,0x00,
	0x00,0x00,0x00,0x00,0x00,0x00,0x00,0x00,0x00,0x00,0x00,0x00,0x00,0x00,0x00,0x00,
	0x00,0x00,0x00,0x00,0x00,0x00,0x00,0x00,0x00,0x00,0x00,0x00,0x00,0x00,0x00,0x00,
	0x00,0x00,0x00,0x00,0x00,0x00,0x00,0x00,0x00,0x00,0x00,0x00,0x00,0x00,0x00,0x00,
	0x00,0x00,0x00,0x00,0x00,0x00,0xff,0x00,0x00,0x00,0x00,0x00,0x00,0x00,0x00,0x00,
	0x00,0x00,0x00,0x00,0x00,0x00,0x00,0x00,0xff,0x00,0x00,0x00,0x00,0x00,0x00,0x00,
	0x00,0x00,0x00,0x00,0xff,0x00,0x00,0x00,0x00,0x00,0x00,0x00,0x00,0x00,0x00,0x00,
	0x00,0x00,0x00,0x00,0x00,0x00,0x00,0x00,0x00,0x00,0x00,0x00,0x00,0x00,0x00,0x00,
	0x00,0x00,0x00,0x00,0x00,0x00,0x00,0x00,0x00,0x00,0x00,0x00,0x00,0x00,0x00,0x00,
	0x00,0x00,0x00,0x00,0x00,0x00,0x00,0x00,0x00,0x00,0x00,0x00,0x00,0x00,0x00,0x00,
	0xff,0x00,0x00,0x00,0x00,0x00,0xff,0x00,0x00,0x00,0x00,0x00,0xff,0x00,0x00,0x00,
	0x00,0x00,0xff,0x00,0x00,0x00,0x00,0x00,0x00,0x00,0x00,0x00,0x00,0x00,0xff,0x00,
	0x00,0x00,0x00,0x00,0xff,0x00,0x00,0x00,0x00,0x00,0xff,0x00,0x00,0x00,0x00,0x00,
	0xff,0x00,0x00,0x00,0x00,0x00,0xff,0x00,0x00,0x00,0x00,0x00,0xff,0x00,0x00,0x00,
	0x00,0x00,0xff,0x00,0x00,0x00,0x00,0x00,0xff,0x00,0x00,0x00,0x00,0x00,0xff,0x00,
	0x00,0x00,0x00,0x00,0xff,0x00,0x00,0x00,0x00,0x00,0xff,0xff,0x00,0x00,0x00,0x00,
	0x00,0x00,0x00,0x00,0x00,0x00,0x00,0x00,0x00,0x00,0x00,0x00,0x00,0x00,0x00,0x00,
	0x00,0x00,0x00,0x00,0x00,0x00,0x00,0x00,0x00,0x00,0x00,0x00,0x00,0x00,0x00,0x00,
	0x00,0x00,0x00,0x00,0x00,0x00,0x00,0x00,0x00,0x00,0x00,0x00,0x00,0x00,0x00,0x00,
	0x00,0x00,0x00,0x00,0x00,0x00,0x00,0x00,0x00,0x00,0x00,0x00,0x00,0x00,0x00,0x00,
	0x00,0x00,0x00,0x00,0x00,0x00,0x00,0x00,0x00,0x00,0x00,0x00,0x00,0x00,0x00,0x00,
	0x00,0x00,0x00,0x00,0x00,0x00,0x00,0x00,0x00,0x00,0x00,0x00,0x00,0x00,0x00,0x00,
	0x00,0x00,0x00,0x00,0x00,0x00,0x00,0x00,0x00,0x00,0x00,0x00,0x00,0x00,0x00,0x00,
	0x00,0x00,0x00,0x00,0x00,0x00,0x00,0x00,0x00,0x00,0x00,0x00,0x00,0x00,0x00,0x00,
	0x00,0x00,0x00,0x00,0x00,0x00,0x00,0x00,0x00,0x00,0x00,0x00,0x00,0x00,0x00,0x00,
	0x00,0x00,0x00,0x00,0x00,0x00,0x00,0x00,0x00,0x00,0x00,0x00,0x00,0x00,0x00,0x00,
	0x00,0x00,0x00,0x00,0x00,0x00,0x00,0x00,0x00,0x00,0x00,0x00,0x00,0x00,0x00,0x00,
	0x00,0x00,0x00,0x00,0x00,0x00,0x00,0x00,0x00,0x00,0x00,0x00,0x00,0x00,0x00,0x00,
	0x00,0x00,0x00,0x00,0x00,0x00,0x00,0x00,0x00,0xff,0x00,0x00,0x00,0x00,0x00,0xff,
	0x00,0x00,0x00,0x00,0x00,0xff,0x00,0x00,0x00,0x00,0x00,0xff,0x00,0x00,0x00,0x00,
	0x00,0xff,0x00,0x00,0x00,0x00,0x00,0x00,0x00,0x00,0x00,0x00,0x00,0x00,0x00,0x00,
	0x00,0x00,0x00,0x00,0x00,0x00,0x00,0x00,0x00,0xff,0x00,0x00,0x00,0x00,0x00,0xff,
	0x00,0x00,0x00,0x00,0x00,0xff,0x00,0x00,0x00,0x00,0x00,0x00,0x00,0x00,0x00,0x00,
	0x00,0xff,0x00,0x00,0x00,0x00,0x00,0x00,0x00,0x00,0x00,0x00,0x00,0x00,0x00,0x00,
	0x00,0x00,0x00,0xff,0x00,0x00,0x00,0x00,0x00,0xff,0x00,0x00,0x00,0x00,0x00,0xff,
	0x00,0x00,0x00,0x00,0x00,0xff,0x00,0x00,0x00,0x00,0x00,0xff,0x00,0x00,0x00,0x00,
	0x00,0xff,0x00,0x00,0x00,0x00,0x00,0xff,0x00,0x00,0x00,0x00,0x00,0xff,0x00,0x00,
	0x00,0x00,0x00,0xff,0x00,0x00,0x00,0x00,0x00,0xff,0x00,0x00,0x00,0x00,0x00,0xff,
	0x00,0x00,0x00,0x00,0x00,0xff,0x00,0x00,0x00,0x00,0x00,0xff,0x00,0x00,0x00,0x00,
	0x00,0xff,0x00,0x00,0x00,0x00,0x00,0xff,0x00,0x00,0x00,0x00,0x00,0xff,0x00,0x00,
	0x00,0x00,0x00,0x00,0x00,0x00,0x00,0x00,0x00,0x00,0x00,0x00,0x00,0x00,0x00,0x00,
	0x00,0x00,0x00,0x00,0x00,0x00,0x00,0x00,0x00,0x00,0x00,0x00,0x00,0x00,0x00,0x00,
	0x00,0x00,0x00,0x00,0x00,0x00,0x00,0x00,0x00,0x00,0x00,0x00,0x00,0x00,0x00,0x00,
	0x00,0x00,0x00,0x00,0x00,0x00,0x00,0x00,0x00,0x00,0x00,0x00,0x00,0x00,0x00,0x00,
	0x00,0x00,0x00,0x00,0x00,0x00,0x00,0x00,0x00,0x00,0x00,0x00,0x00,0x00,0x00,0x00,
	0x00,0x00,0x00,0x00,0x00,0x00,0x00,0x00,0x00,0x00,0x00,0x00,0x00,0x00,0x00,0x00,
	0x00,0x00,0x00,0x00,0x00,0x00,0x00,0x00,0x00,0x00,0x00,0x00,0x00,0x00,0x00,0x00,
	0x00,0x00,0x00,0x00,0x00,0x00,0x00,0x00,0x00,0x00,0x00,0x00,0x00,0x00,0x00,0x00,
	0x00,0x00,0x00,0x00,0x00,0x00,0x00,0x00,0x00,0x00,0x00,0x00,0x00,0x00,0x00,0x00,
	0x00,0x00,0x00,0x00,0x00,0x00,0x00,0x00,0x00,0x00,0x00,0x00,0x00,0x00,0x00,0x00,
	0x00,0x00,0x00,0x00,0x00,0x00,0x00,0x00,0x00,0x00,0x00,0x00,0x00,0x00,0x00,0x00,
	0x00,0x00,0x00,0x00,0x00,0x00,0x00,0x00,0x00,0x00,0x00,0x00,0x00,0x00,0x00,0x00,
	0x00,0x00,0x00,0x00,0x00,0x00,0x00,0x00,0x00,0x00,0x00,0x00,0x00,0x00,0x00,0x00,
	0x00,0x00,0x00,0x00,0x00,0x00,0x00,0x00,0x00,0x00,0x00,0x00,0x00,0x00,0x00,0x00,
	0x00,0x00,0x00,0x00,0x00,0x00,0x00,0x00,0x00,0x00,0x00,0x00,0x00,0x00,0x00,0x00,
	0x00,0x00,0x00,0x00,0x00,0x00,0x00,0x00,0x00,0x00,0x00,0x00,0x00,0x00,0x00,0x00,
	0x00,0x00,0x00,0x00,0x00,0x00,0x00,0x00,0x00,0x00,0x00,0x00,0x00,0x00,0x00,0x00,
	0x00,0x00,0x00,0x00,0x00,0x00,0x00,0x00,0x00,0x00,0x00,0x00,0x00,0x00,0x00,0x00,
	0x00,0x00,0x00,0x00,0x00,0x00,0x00,0x00,0x00,0x00,0x00,0x00,0x00,0x00,0x00,0x00,
	0x00,0x00,0x00,0x00,0x00,0x00,0x00,0x00,0x00,0x00,0x00,0x00,0x00,0x00,0x00,0x00,
	0x00,0x00,0x00,0x00,0x00,0x00,0x00,0x00,0x00,0x00,0x00,0x00,0x00,0x00,0x00,0x00,
	0x00,0x00,0x00,0x00,0x00,0x00,0x00,0x00,0x00,0x00,0x00,0x00,0x00,0x00,0x00,0x00,
	0x00,0x00,0x00,0x00,0x00,0x00,0x00,0x00,0x00,0x00,0x00,0x00,0x00,0x00,0x00,0x00,
	0x00,0x00,0x00,0x00,0x00,0x00,0x00,0x00,0x00,0x00,0x00,0x00,0x00,0x00,0x00,0x00,
	0x00,0x00,0x00,0x00,0x00,0x00,0x00,0x00,0xff,0x00,0x00,0xff,0x00,0x00,0xff,0x00,
	0x00,0xff,0x00,0x00,0xff,0x00,0x00,0xff,0x00,0x00,0xff,0x00,0x00,0xff,0x00,0x00,
	0xff,0x00,0x00,0xff,0x00,0x00,0xff,0x00,0x00,0xff,0x00,0x00,0x00,0x00,0x00,0x00,
	0x00,0x00,0x00,0x00,0x00,0x00,0x00,0x00,0xff,0x00,0x00,0xff,0x00,0x00,0xff,0x00,
	0x00,0xff,0x00,0x00,0xff,0x00,0x00,0xff,0x00,0x00,0xff,0x00,0x00,0xff,0x00,0x00,
	0xff,0x00,0x00,0xff,0x00,0x00,0xff,0x00,0x00,0xff,0x00,0x00,0x00,0x00,0x00,0x00,
	0x00,0x00,0x00,0x00,0x00,0xff,0x00,0x00,0xff,0x00,0x00,0xff,0x00,0x00,0xff,0x00,
	0x00,0xff,0x00,0x00,0xff,0x00,0x00,0xff,0x00,0x00,0xff,0x00,0x00,0xff,0x00,0x00,
	0xff,0x00,0x00,0xff,0x00,0x00,0xff,0x00,0x00,0xff,0x00,0x00,0x00,0x00,0x00,0x00,
	0x00,0x00,0x00,0x00,0x00,0xff,0x00,0x00,0xff,0x00,0x00,0xff,0x00,0x00,0xff,0x00,
	0x00,0xff,0x00,0x00,0xff,0x00,0x00,0xff,0x00,0x00,0xff,0x00,0x00,0xff,0x00,0x00,
	0xff,0x00,0x00,0xff,0x00,0x00,0xff,0x00,0x00,0xff,0x00,0x00,0xff,0x00,0x00,0x00,
	0x00,0x00,0x00,0x00,0x00,0x00,0x00,0x00,0xff,0x00,0x00,0xff,0x00,0x00,0xff,0x00,
	0x00,0xff,0x00,0x00,0xff,0x00,0x00,0xff,0x00,0x00,0xff,0x00,0x00,0xff,0x00,0x00,
	0xff,0x00,0x00,0xff,0x00,0x00,0xff,0x00,0x00,0xff,0x00,0x00,0x00,0x00,0x00,0x00,
	0x00,0x00,0x00,0x00,0x00,0xff,0x00,0x00,0xff,0x00,0x00,0xff,0x00,0x00,0xff,0x00,
	0x00,0xff,0x00,0x00,0xff,0x00,0x00,0x00,0x00,0x00,0x00,0x00,0x00,0xff,0x00,0x00,
	0xff,0x00,0x00,0xff,0x00,0x00,0xff,0x00,0x00,0xff,0x00,0x00,0xff,0x00,0x00,0x00,
	0x00,0x00,0x00,0x00,0x00,0xff,0x00,0x00,0xff,0x00,0x00,0xff,0x00,0x00,0xff,0x00,
	0x00,0xff,0x00,0x00,0xff,0x00,0x00,0xff,0x00,0x00,0xff,0x00,0x00,0xff,0x00,0x00,
	0xff,0x00,0x00,0xff,0x00,0x00,0xff,0x00,0x00,0xff,0x00,0x00,0xff,0x00,0x00,0x00,
	0x00,0x00,0x00,0x00,0x00,0xff,0x00,0x00,0xff,0x00,0x00,0xff,0x00,0x00,0xff,0x00,
	0x00,0xff,0x00,0x00,0xff,0x00,0x00,0xff,0x00,0x00,0xff,0x00,0x00,0xff,0x00,0x00,
	0xff,0x00,0x00,0xff,0x00,0x00,0xff,0x00,0x00,0xff,0x00,0x00,0x00,0x00,0x00,0x00,
	0x00,0x00,0x00,0x00,0x00,0xff,0x00,0x00,0xff,0x00,0x00,0xff,0x00,0x00,0xff,0x00,
	0x00,0xff,0x00,0x00,0xff,0x00,0x00,0xff,0x00,0x00,0xff,0x00,0x00,0xff,0x00,0x00,
	0xff,0x00,0x00,0xff,0x00,0x00,0xff,0x00,0x00,0xff,0x00,0x00,0xff,0x00,0x00,0x00,
	0x00,0x00,0x00,0x00,0x00,0xff,0x00,0x00,0xff,0x00,0x00,0xff,0x00,0x00,0xff,0x00,
	0x00,0xff,0x00,0x00,0xff,0x00,0x00,0xff,0x00,0x00,0xff,0x00,0x00,0xff,0x00,0x00,
	0xff,0x00,0x00,0xff,0x00,0x00,0xff,0x00,0x00,0xff,0x00,0x00,0xff,0x00,0x00,0x00,
	0x00,0x00,0x00,0x00,0x00,0xff,0x00,0x00,0xff,0x00,0x00,0xff,0x00,0x00,0xff,0x00,
	0x00,0xff,0x00,0x00,0xff,0x00,0x00,0xff,0x00,0x00,0xff,0x00,0x00,0xff,0x00,0x00,
	0xff,0x00,0x00,0xff,0x00,0x00,0xff,0x00,0x00,0xff,0x00,0x00,0xff,0x00,0x00,0x00,
	0x00,0x00,0x00,0x00,0x00,0xff,0x00,0x00,0xff,0x00,0x00,0xff,0x00,0x00,0xff,0x00,
	0x00,0xff,0x00,0x00,0xff,0x00,0x00,0xff,0x00,0x00,0xff,0x00,0x00,0xff,0x00,0x00,
	0xff,0x00,0x00,0xff,0x00,0x00,0xff,0x00,0x00,0xff,0x00,0x00,0xff,0x00,0x00,0x00,
	0x00,0x00,0x00,0x00,0x00,0xff,0x00,0x00,0xff,0x00,0x00,0xff,0x00,0x00,0xff,0x00,
	0x00,0xff,0x00,0x00,0xff,0x00,0x00,0xff,0x00,0x00,0xff,0x00,0x00,0xff,0x00,0x00,
	0xff,0x00,0x00,0xff,0x00,0x00,0xff,0x00,0x00,0xff,0x00,0x00,0xff,0x00,0x00,0x00,
	0x00,0x00,0x00,0x00,0x00,0xff,0x00,0x00,0xff,0x00,0x00,0xff,0x00,0x00,0xff,0x00,
	0x00,0xff,0x00,0x00,0xff,0x00,0x00,0x00,0x00,0x00,0x00,0x00,0x00,0xff,0x00,0x00,
	0xff,0x00,0x00,0xff,0x00,0x00,0xff,0x00,0x00,0xff,0x00,0x00,0xff,0x00,0x00,0x00,
	0x00,0x00,0x00,0x00,0x00,0xff,0x00,0x00,0xff,0x00,0x00,0xff,0x00,0x00,0xff,0x00,
	0x00,0xff,0x00,0x00,0xff,0x00,0x00,0xff,0x00,0x00,0xff,0x00,0x00,0xff,0x00,0x00,
	0xff,0x00,0x00,0xff,0x00,0x00,0xff,0x00,0x00,0xff,0x00,0x00,0xff,0x00,0x00,0x00,
	0x00,0x00,0x00,0x00,0x00,0xff,0x00,0x00,0xff,0x00,0x00,0xff,0x00,0x00,0xff,0x00,
	0x00,0xff,0x00,0x00,0xff,0x00,0x00,0xff,0x00,0x00,0xff,0x00,0x00,0xff,0x00,0x00,
	0xff,0x00,0x00,0xff,0x00,0x00,0xff,0x00,0x00,0xff,0x00,0x00,0xff,0x00,0x00,0x00,
	0x00,0x00,0x00,0x00,0x00,0xff,0x00,0x00,0xff,0x00,0x00,0xff,0x00,0x00,0xff,0x00,
	0x00,0xff,0x00,0x00,0xff,0x00,0x00,0xff,0x00,0x00,0xff,0x00,0x00,0xff,0x00,0x00,
	0xff,0x00,0x00,0xff,0x00,0x00,0xff,0x00,0x00,0xff,0x00,0x00,0xff,0x00,0x00,0x00,
	0x00,0x00,0x00,0x00,0x00,0xff,0x00,0x00,0xff,0x00,0x00,0xff,0x00,0x00,0xff,0x00,
	0x00,0xff,0x00,0x00,0xff,0x00,0x00,0xff,0x00,0x00,0xff,0x00,0x00,0xff,0x00,0x00,
	0xff,0x00,0x00,0xff,0x00,0x00,0xff,0x00,0x00,0xff,0x00,0x00,0xff,0x00,0x00,0x00,
	0x00,0x00,0x00,0x00,0x00,0xff,0x00,0x00,0xff,0x00,0x00,0xff,0x00,0x00,0xff,0x00,
	0x00,0xff,0x00,0x00,0xff,0x00,0x00,0xff,0x00,0x00,0xff,0x00,0x00,0xff,0x00,0x00,
	0xff,0x00,0x00,0xff,0x00,0x00,0xff,0x00,0x00,0xff,0x00,0x00,0xff,0x00,0x00,0x00,
	0x00,0x00,0x00,0x00,0x00,0xff,0x00,0x00,0xff,0x00,0x00,0xff,0x00,0x00,0xff,0x00,
	0x00,0xff,0x00,0x00,0xff,0x00,0x00,0xff,0x00,0x00,0xff,0x00,0x00,0xff,0x00,0x00,
	0xff,0x00,0x00,0xff,0x00,0x00,0xff,0x00,0x00,0xff,0x00,0x00,0xff,0x00,0x00,0x00,
	0x00,0x00,0x00,0x00,0x00,0xff,0x00,0x00,0xff,0x00,0x00,0xff,0x00,0x00,0xff,0x00,
	0x00,0xff,0x00,0x00,0xff,0x00,0x00,0xff,0x00,0x00,0xff,0x00,0x00,0xff,0x00,0x00,
	0xff,0x00,0x00,0xff,0x00,0x00,0xff,0x00,0x00,0xff,0x00,0x00,0xff,0x00,0x00,0x00,
	0x00,0x00,0x00,0x00,0x00,0xff,0x00,0x00,0xff,0x00,0x00,0xff,0x00,0x00,0xff,0x00,
	0x00,0xff,0x00,0x00,0xff,0x00,0x00,0x00,0x00,0x00,0x00,0x00,0x00,0xff,0x00,0x00,
	0xff,0x00,0x00,0xff,0x00,0x00,0xff,0x00,0x00,0xff,0x00,0x00,0xff,0x00,0x00,0x00,
	0x00,0x00,0x00,0x00,0x00,0xff,0x00,0x00,0xff,0x00,0x00,0xff,0x00,0x00,0xff,0x00,
	0x00,0xff,0x00,0x00,0xff,0x00,0x00,0xff,0x00,0x00,0xff,0x00,0x00,0xff,0x00,0x00,
	0xff,0x00,0x00,0xff,0x00,0x00,0xff,0x00,0x00,0xff,0x00,0x00,0xff,0x00,0x00,0x00,
	0x00,0x00,0x00,0x00,0x00,0xff,0x00,0x00,0xff,0x00,0x00,0xff,0x00,0x00,0xff,0x00,
	0x00,0xff,0x00,0x00,0xff,0x00,0x00,0xff,0x00,0x00,0xff,0x00,0x00,0xff,0x00,0x00,
	0xff,0x00,0x00,0xff,0x00,0x00,0xff,0x00,0x00,0xff,0x00,0x00,0xff,0x00,0x00,0x00,
	0x00,0x00,0x00,0x00,0x00,0xff,0x00,0x00,0xff,0x00,0x00,0xff,0x00,0x00,0xff,0x00,
	0x00,0xff,0x00,0x00,0xff,0x00,0x00,0x00,0x00,0x00,0x00,0x00,0x00,0xff,0x00,0x00,
	0xff,0x00,0x00,0xff,0x00,0x00,0xff,0x00,0x00,0xff,0x00,0x00,0xff,0x00,0x00,0x00,
	0x00,0x00,0x00,0x00,0x00,0xff,0x00,0x00,0xff,0x00,0x00,0xff,0x00,0x00,0xff,0x00,
	0x00,0xff,0x00,0x00,0xff,0x00,0x00,0xff,0x00,0x00,0xff,0x00,0x00,0xff,0x00,0x00,
	0xff,0x00,0x00,0xff,0x00,0x00,0xff,0x00,0x00,0xff,0x00,0x00,0xff,0x00,0x00,0x00,
	0x00,0x00,0x00,0x00,0x00,0xff,0x00,0x00,0xff,0x00,0x00,0xff,0x00,0x00,0xff,0x00,
	0x00,0xff,0x00,0x00,0xff,0x00,0x00,0xff,0x00,0x00,0xff,0x00,0x00,0xff,0x00,0x00,
	0xff,0x00,0x00,0xff,0x00,0x00,0xff,0x00,0x00,0xff,0x00,0x00,0xff,0x00,0x00,0x00,
	0x00,0x00,0x00,0x00,0x00,0xff,0x00,0x00,0xff,0x00,0x00,0xff,0x00,0x00,0xff,0x00,
	0x00,0xff,0x00,0x00,0xff,0x00,0x00,0xff,0x00,0x00,0xff,0x00,0x00,0xff,0x00,0x00,
	0xff,0x00,0x00,0xff,0x00,0x00,0xff,0x00,0x00,0xff,0x00,0x00,0xff,0x00,0x00,0x00,
	0x00,0x00,0x00,0x00,0x00,0xff,0x00,0x00,0xff,0x00,0x00,0xff,0x00,0x00,0xff,0x00,
	0x00,0xff,0x00,0x00,0xff,0x00,0x00,0x00,0x00,0x00,0x00,0x00,0x00,0xff,0x00,0x00,
	0xff,0x00,0x00,0xff,0x00,0x00,0xff,0x00,0x00,0xff,0x00,0x00,0xff,0x00,0x00,0x00,
	0x00,0x00,0x00,0x00,0x00,0xff,0x00,0x00,0xff,0x00,0x00,0xff,0x00,0x00,0xff,0x00,
	0x00,0xff,0x00,0x00,0xff,0x00,0x00,0x00,0x00,0x00,0x00,0x00,0x00,0xff,0x00,0x00,
	0xff,0x00,0x00,0xff,0x00,0x00,0xff,0x00,0x00,0xff,0x00,0x00,0xff,0x00,0x00,0x00,
	0x00,0x00,0x00,0x00,0x00,0xff,0x00,0x00,0xff,0x00,0x00,0xff,0x00,0x00,0xff,0x00,
	0x00,0xff,0x00,0x00,0xff,0x00,0x00,0xff,0x00,0x00,0xff,0x00,0x00,0xff,0x00,0x00,
	0xff,0x00,0x00,0xff,0x00,0x00,0xff,0x00,0x00,0xff,0x00,0x00,0xff,0x00,0x00,0x00,
	0x00,0x00,0x00,0x00,0x00,0xff,0x00,0x00,0xff,0x00,0x00,0xff,0x00,0x00,0xff,0x00,
	0x00,0xff,0x00,0x00,0xff,0x00,0x00,0x00,0x00,0x00,0x00,0x00,0x00,0xff,0x00,0x00,
	0xff,0x00,0x00,0xff,0x00,0x00,0xff,0x00,0x00,0xff,0x00,0x00,0xff,0x00,0x00,0x00,
	0x00,0x00,0x00,0x00,0x00,0xff,0x00,0x00,0xff,0x00,0x00,0xff,0x00,0x00,0xff,0x00,
	0x00,0xff,0x00,0x00,0xff,0x00,0x00,0x00,0x00,0x00,0x00,0x00,0x00,0xff,0x00,0x00,
	0xff,0x00,0x00,0xff,0x00,0x00,0xff,0x00,0x00,0xff,0x00,0x00,0xff,0x00,0x00,0x00,
	0x00,0x00,0x00,0x00,0x00,0xff,0x00,0x00,0xff,0x00,0x00,0xff,0x00,0x00,0xff,0x00,
	0x00,0xff,0x00,0x00,0xff,0x00,0x00,0x00,0x00,0x00,0x00,0x00,0x00,0xff,0x00,0x00,
	0xff,0x00,0x00,0xff,0x00,0x00,0xff,0x00,0x00,0xff,0x00,0x00,0xff,0x00,0x00,0x00,
	0x00,0x00,0x00,0x00,0x00,0xff,0x00,0x00,0xff,0x00,0x00,0xff,0x00,0x00,0xff,0x00,
	0x00,0x00,0x00,0x00,0xff,0x00,0x00,0xff,0x00,0x00,0xff,0x00,0x00,0xff,0x00,0x00,
	0x00,0x00,0x00,0xff,0x00,0x00,0xff,0x00,0x00,0xff,0x00,0x00,0xff,0x00,0x00,0x00,
	0x00,0x00,0x00,0x00,0x00,0xff,0x00,0x00,0xff,0x00,0x00,0xff,0x00,0x00,0xff,0x00,
	0x00,0x00,0x00,0x00,0x00,0x00,0x00,0x00,0x00,0x00,0x00,0x00,0x00,0x00,0x00,0x00,
	0x00,0x00,0x00,0x00,0x00,0x00,0x00,0x00,0x00,0x00,0x00,0x00,0x00,0x00,0x00,0x00,
	0x00,0x00,0x00,0x00,0x00,0xff,0x00,0x00,0xff,0x00,0x00,0xff,0x00,0x00,0xff,0x00,
	0x00,0xff,0x00,0x00,0xff,0x00,0x00,0x00,0x00,0x00,0x00,0x00,0x00,0xff,0x00,0x00,
	0xff,0x00,0x00,0xff,0x00,0x00,0xff,0x00,0x00,0xff,0x00,0x00,0xff,0x00,0x00,0x00,
	0x00,0x00,0x00,0x00,0x00,0xff,0x00,0x00,0xff,0x00,0x00,0xff,0x00,0x00,0xff,0x00,
	0x00,0xff,0x00,0x00,0xff,0x00,0x00,0x00,0x00,0x00,0x00,0x00,0x00,0xff,0x00,0x00,
	0xff,0x00,0x00,0xff,0x00,0x00,0xff,0x00,0x00,0xff,0x00,0x00,0xff,0x00,0x00,0x00,
	0x00,0x00,0x00,0x00,0x00,0xff,0x00,0x00,0xff,0x00,0x00,0xff,0x00,0x00,0xff,0x00,
	0x00,0x00,0x00,0x00,0x00,0x00,0x00,0x00,0x00,0x00,0x00,0x00,0x00,0x00,0x00,0x00,
	0x00,0x00,0x00,0x00,0x00,0x00,0x00,0x00,0x00,0x00,0x00,0x00,0x00,0x00,0x00,0x00,
	0x00,0x00,0x00,0x00,0x00,0xff,0x00,0x00,0xff,0x00,0x00,0xff,0x00,0x00,0xff,0x00,
	0x00,0xff,0x00,0x00,0xff,0x00,0x00,0x00,0x00,0x00,0x00,0x00,0x00,0xff,0x00,0x00,
	0xff,0x00,0x00,0xff,0x00,0x00,0xff,0x00,0x00,0xff,0x00,0x00,0xff,0x00,0x00,0x00,
	0x00,0x00,0x00,0x00,0x00,0xff,0x00,0x00,0xff,0x00,0x00,0xff,0x00,0x00,0xff,0x00,
	0x00,0xff,0x00,0x00,0xff,0x00,0x00,0x00,0x00,0x00,0x00,0x00,0x00,0x00,0x00,0x00,
	0x00,0x00,0x00,0x00,0x00,0x00,0x00,0x00,0x00,0x00,0x00,0x00,0x00,0x00,0x00,0x00,
	0x00,0x00,0x00,0x00,0x00,0xff,0x00,0x00,0xff,0x00,0x00,0xff,0x00,0x00,0xff,0x00,
	0x00,0xff,0x00,0x00,0xff,0x00,0x00,0x00,0x00,0x00,0x00,0x00,0x00,0xff,0x00,0x00,
	0xff,0x00,0x00,0xff,0x00,0x00,0xff,0x00,0x00,0xff,0x00,0x00,0xff,0x00,0x00,0x00,
	0x00,0x00,0x00,0x00,0x00,0xff,0x00,0x00,0xff,0x00,0x00,0xff,0x00,0x00,0xff,0x00,
	0x00,0x00,0x00,0x00,0xff,0x00,0x00,0xff,0x00,0x00,0xff,0x00,0x00,0xff,0x00,0x00,
	0x00,0x00,0x00,0xff,0x00,0x00,0xff,0x00,0x00,0xff,0x00,0x00,0xff,0x00,0x00,0x00,
	0x00,0x00,0x00,0x00,0x00,0xff,0x00,0x00,0xff,0x00,0x00,0xff,0x00,0x00,0xff,0x00,
	0x00,0xff,0x00,0x00,0xff,0x00,0x00,0xff,0x00,0x00,0xff,0x00,0x00,0xff,0x00,0x00,
	0xff,0x00,0x00,0xff,0x00,0x00,0xff,0x00,0x00,0x00,0x00,0x00,0x00,0x00,0x00,0x00,
	0x00,0x00,0x00,0x00,0x00,0xff,0x00,0x00,0xff,0x00,0x00,0xff,0x00,0x00,0xff,0x00,
	0x00,0xff,0x00,0x00,0xff,0x00,0x00,0x00,0x00,0x00,0x00,0x00,0x00,0xff,0x00,0x00,
	0xff,0x00,0x00,0xff,0x00,0x00,0xff,0x00,0x00,0xff,0x00,0x00,0xff,0x00,0x00,0x00,
	0x00,0x00,0x00,0x00,0x00,0xff,0x00,0x00,0xff,0x00,0x00,0xff,0x00,0x00,0xff,0x00,
	0x00,0xff,0x00,0x00,0xff,0x00,0x00,0x00,0x00,0x00,0x00,0x00,0x00,0xff,0x00,0x00,
	0xff,0x00,0x00,0xff,0x00,0x00,0xff,0x00,0x00,0xff,0x00,0x00,0xff,0x00,0x00,0x00,
	0x00,0x00,0x00,0x00,0x00,0xff,0x00,0x00,0xff,0x00,0x00,0xff,0x00,0x00,0xff,0x00,
	0x00,0xff,0x00,0x00,0xff,0x00,0x00,0xff,0x00,0x00,0xff,0x00,0x00,0xff,0x00,0x00,
	0xff,0x00,0x00,0xff,0x00,0x00,0xff,0x00,0x00,0x00,0x00,0x00,0x00,0x00,0x00,0x00,
	0x00,0x00,0x00,0x00,0x00,0xff,0x00,0x00,0xff,0x00,0x00,0xff,0x00,0x00,0xff,0x00,
	0x00,0xff,0x00,0x00,0xff,0x00,0x00,0x00,0x00,0x00,0x00,0x00,0x00,0xff,0x00,0x00,
	0xff,0x00,0x00,0xff,0x00,0x00,0xff,0x00,0x00,0xff,0x00,0x00,0xff,0x00,0x00,0x00,
	0x00,0x00,0x00,0x00,0x00,0xff,0x00,0x00,0xff,0x00,0x00,0xff,0x00,0x00,0xff,0x00,
	0x00,0xff,0x00,0x00,0xff,0x00,0x00,0x00,0x00,0x00,0xff,0x00,0x00,0xff,0x00,0x00,
	0xff,0x00,0x00,0xff,0x00,0x00,0xff,0x00,0x00,0xff,0x00,0x00,0xff,0x00,0x00,0x00,
	0x00,0x00,0x00,0x00,0x00,0xff,0x00,0x00,0xff,0x00,0x00,0xff,0x00,0x00,0xff,0x00,
	0x00,0xff,0x00,0x00,0xff,0x00,0x00,0x00,0x00,0x00,0x00,0x00,0x00,0xff,0x00,0x00,
	0xff,0x00,0x00,0xff,0x00,0x00,0xff,0x00,0x00,0xff,0x00,0x00,0xff,0x00,0x00,0x00,
	0x00,0x00,0x00,0x00,0x00,0xff,0x00,0x00,0xff,0x00,0x00,0xff,0x00,0x00,0xff,0x00,
	0x00,0x00,0x00,0x00,0xff,0x00,0x00,0xff,0x00,0x00,0xff,0x00,0x00,0xff,0x00,0x00,
	0x00,0x00,0x00,0xff,0x00,0x00,0xff,0x00,0x00,0xff,0x00,0x00,0xff,0x00,0x00,0x00,
	0x00,0x00,0x00,0x00,0x00,0xff,0x00,0x00,0xff,0x00,0x00,0xff,0x00,0x00,0xff,0x00,
	0x00,0xff,0x00,0x00,0xff,0x00,0x00,0xff,0x00,0x00,0xff,0x00,0x00,0xff,0x00,0x00,
	0xff,0x00,0x00,0xff,0x00,0x00,0xff,0x00,0x00,0x00,0x00,0x00,0x00,0x00,0x00,0x00,
	0x00,0x00,0x00,0x00,0x00,0xff,0x00,0x00,0xff,0x00,0x00,0xff,0x00,0x00,0xff,0x00,
	0x00,0xff,0x00,0x00,0xff,0x00,0x00,0x00,0x00,0x00,0x00,0x00,0x00,0xff,0x00,0x00,
	0xff,0x00,0x00,0xff,0x00,0x00,0xff,0x00,0x00,0xff,0x00,0x00,0xff,0x00,0x00,0x00,
	0x00,0x00,0x00,0x00,0x00,0xff,0x00,0x00,0xff,0x00,0x00,0xff,0x00,0x00,0xff,0x00,
	0x00,0xff,0x00,0x00,0xff,0x00,0x00,0x00,0x00,0x00,0x00,0x00,0x00,0xff,0x00,0x00,
	0xff,0x00,0x00,0xff,0x00,0x00,0xff,0x00,0x00,0xff,0x00,0x00,0xff,0x00,0x00,0x00,
	0x00,0x00,0x00,0x00,0x00,0xff,0x00,0x00,0xff,0x00,0x00,0xff,0x00,0x00,0xff,0x00,
	0x00,0xff,0x00,0x00,0xff,0x00,0x00,0xff,0x00,0x00,0xff,0x00,0x00,0xff,0x00,0x00,
	0xff,0x00,0x00,0xff,0x00,0x00,0xff,0x00,0x00,0x00,0x00,0x00,0x00,0x00,0x00,0x00,
	0x00,0x00,0x00,0x00,0x00,0xff,0x00,0x00,0xff,0x00,0x00,0xff,0x00,0x00,0xff,0x00,
	0x00,0xff,0x00,0x00,0xff,0x00,0x00,0x00,0x00,0x00,0x00,0x00,0x00,0xff,0x00,0x00,
	0xff,0x00,0x00,0xff,0x00,0x00,0xff,0x00,0x00,0xff,0x00,0x00,0xff,0x00,0x00,0x00,
	0x00,0x00,0x00,0x00,0x00,0xff,0x00,0x00,0xff,0x00,0x00,0xff,0x00,0x00,0xff,0x00,
	0x00,0xff,0x00,0x00,0xff,0x00,0x00,0x00,0x00,0x00,0xff,0x00,0x00,0xff,0x00,0x00,
	0xff,0x00,0x00,0xff,0x00,0x00,0xff,0x00,0x00,0xff,0x00,0x00,0xff,0x00,0x00,0x00,
	0x00,0x00,0x00,0x00,0x00,0xff,0x00,0x00,0xff,0x00,0x00,0xff,0x00,0x00,0xff,0x00,
	0x00,0xff,0x00,0x00,0xff,0x00,0x00,0xff,0x00,0x00,0xff,0x00,0x00,0xff,0x00,0x00,
	0xff,0x00,0x00,0xff,0x00,0x00,0xff,0x00,0x00,0xff,0x00,0x00,0xff,0x00,0x00,0x00,
	0x00,0x00,0x00,0x00,0x00,0xff,0x00,0x00,0xff,0x00,0x00,0xff,0x00,0x00,0xff,0x00,
	0x00,0x00,0x00,0x00,0xff,0x00,0x00,0xff,0x00,0x00,0xff,0x00,0x00,0xff,0x00,0x00,
	0x00,0x00,0x00,0xff,0x00,0x00,0xff,0x00,0x00,0xff,0x00,0x00,0xff,0x00,0x00,0x00,
	0x00,0x00,0x00,0x00,0x00,0xff,0x00,0x00,0xff,0x00,0x00,0xff,0x00,0x00,0xff,0x00,
	0x00,0xff,0x00,0x00,0xff,0x00,0x00,0xff,0x00,0x00,0xff,0x00,0x00,0xff,0x00,0x00,
	0xff,0x00,0x00,0xff,0x00,0x00,0xff,0x00,0x00,0x00,0x00,0x00,0x00,0x00,0x00,0x00,
	0x00,0x00,0x00,0x00,0x00,0xff,0x00,0x00,0xff,0x00,0x00,0xff,0x00,0x00,0xff,0x00,
	0x00,0xff,0x00,0x00,0xff,0x00,0x00,0x00,0x00,0x00,0x00,0x00,0x00,0xff,0x00,0x00,
	0xff,0x00,0x00,0xff,0x00,0x00,0xff,0x00,0x00,0xff,0x00,0x00,0xff,0x00,0x00,0x00,
	0x00,0x00,0x00,0x00,0x00,0xff,0x00,0x00,0xff,0x00,0x00,0xff,0x00,0x00,0xff,0x00,
	0x00,0xff,0x00,0x00,0xff,0x00,0x00,0x00,0x00,0x00,0x00,0x00,0x00,0xff,0x00,0x00,
	0xff,0x00,0x00,0xff,0x00,0x00,0xff,0x00,0x00,0xff,0x00,0x00,0xff,0x00,0x00,0x00,
	0x00,0x00,0x00,0x00,0x00,0xff,0x00,0x00,0xff,0x00,0x00,0xff,0x00,0x00,0xff,0x00,
	0x00,0xff,0x00,0x00,0xff,0x00,0x00,0xff,0x00,0x00,0xff,0x00,0x00,0xff,0x00,0x00,
	0xff,0x00,0x00,0xff,0x00,0x00,0xff,0x00,0x00,0x00,0x00,0x00,0x00,0x00,0x00,0x00,
	0x00,0x00,0x00,0x00,0x00,0xff,0x00,0x00,0xff,0x00,0x00,0xff,0x00,0x00,0xff,0x00,
	0x00,0xff,0x00,0x00,0xff,0x00,0x00,0xff,0x00,0x00,0xff,0x00,0x00,0xff,0x00,0x00,
	0xff,0x00,0x00,0xff,0x00,0x00,0xff,0x00,0x00,0xff,0x00,0x00,0xff,0x00,0x00,0x00,
	0x00,0x00,0x00,0x00,0x00,0xff,0x00,0x00,0xff,0x00,0x00,0xff,0x00,0x00,0xff,0x00,
	0x00,0xff,0x00,0x00,0xff,0x00,0x00,0x00,0x00,0x00,0xff,0x00,0x00,0xff,0x00,0x00,
	0xff,0x00,0x00,0xff,0x00,0x00,0xff,0x00,0x00,0xff,0x00,0x00,0xff,0x00,0x00,0x00,
	0x00,0x00,0x00,0x00,0x00,0xff,0x00,0x00,0xff,0x00,0x00,0xff,0x00,0x00,0xff,0x00,
	0x00,0xff,0x00,0x00,0xff,0x00,0x00,0xff,0x00,0x00,0xff,0x00,0x00,0xff,0x00,0x00,
	0xff,0x00,0x00,0xff,0x00,0x00,0xff,0x00,0x00,0xff,0x00,0x00,0xff,0x00,0x00,0x00,
	0x00,0x00,0x00,0x00,0x00,0xff,0x00,0x00,0xff,0x00,0x00,0xff,0x00,0x00,0xff,0x00,
	0x00,0x00,0x00,0x00,0xff,0x00,0x00,0xff,0x00,0x00,0xff,0x00,0x00,0xff,0x00,0x00,
	0x00,0x00,0x00,0xff,0x00,0x00,0xff,0x00,0x00,0xff,0x00,0x00,0xff,0x00,0x00,0x00,
	0x00,0x00,0x00,0x00,0x00,0xff,0x00,0x00,0xff,0x00,0x00,0xff,0x00,0x00,0xff,0x00,
	0x00,0xff,0x00,0x00,0xff,0x00,0x00,0xff,0x00,0x00,0xff,0x00,0x00,0xff,0x00,0x00,
	0xff,0x00,0x00,0xff,0x00,0x00,0xff,0x00,0x00,0x00,0x00,0x00,0x00,0x00,0x00,0x00,
	0x00,0x00,0x00,0x00,0x00,0xff,0x00,0x00,0xff,0x00,0x00,0xff,0x00,0x00,0xff,0x00,
	0x00,0xff,0x00,0x00,0xff,0x00,0x00,0x00,0x00,0x00,0x00,0x00,0x00,0xff,0x00,0x00,
	0xff,0x00,0x00,0xff,0x00,0x00,0xff,0x00,0x00,0xff,0x00,0x00,0xff,0x00,0x00,0x00,
	0x00,0x00,0x00,0x00,0x00,0x00,0x00,0x00,0xff,0x00,0x00,0xff,0x00,0x00,0xff,0x00,
	0x00,0xff,0x00,0x00,0xff,0x00,0x00,0x00,0x00,0x00,0x00,0x00,0x00,0xff,0x00,0x00,
	0xff,0x00,0x00,0xff,0x00,0x00,0xff,0x00,0x00,0xff,0x00,0x00,0x00,0x00,0x00,0x00,
	0x00,0x00,0x00,0x00,0x00,0xff,0x00,0x00,0xff,0x00,0x00,0xff,0x00,0x00,0xff,0x00,
	0x00,0xff,0x00,0x00,0xff,0x00,0x00,0xff,0x00,0x00,0xff,0x00,0x00,0xff,0x00,0x00,
	0xff,0x00,0x00,0xff,0x00,0x00,0xff,0x00,0x00,0x00,0x00,0x00,0x00,0x00,0x00,0x00,
	0x00,0x00,0x00,0x00,0x00,0xff,0x00,0x00,0xff,0x00,0x00,0xff,0x00,0x00,0xff,0x00,
	0x00,0xff,0x00,0x00,0xff,0x00,0x00,0xff,0x00,0x00,0xff,0x00,0x00,0xff,0x00,0x00,
	0xff,0x00,0x00,0xff,0x00,0x00,0xff,0x00,0x00,0xff,0x00,0x00,0x00,0x00,0x00,0x00,
	0x00,0x00,0x00,0x00,0x00,0xff,0x00,0x00,0xff,0x00,0x00,0xff,0x00,0x00,0xff,0x00,
	0x00,0xff,0x00,0x00,0xff,0x00,0x00,0x00,0x00,0x00,0x00,0x00,0x00,0xff,0x00,0x00,
	0xff,0x00,0x00,0xff,0x00,0x00,0xff,0x00,0x00,0xff,0x00,0x00,0xff,0x00,0x00,0x00,
	0x00,0x00,0x00,0x00,0x00,0xff,0x00,0x00,0xff,0x00,0x00,0xff,0x00,0x00,0xff,0x00,
	0x00,0xff,0x00,0x00,0xff,0x00,0x00,0xff,0x00,0x00,0xff,0x00,0x00,0xff,0x00,0x00,
	0xff,0x00,0x00,0xff,0x00,0x00,0xff,0x00,0x00,0xff,0x00,0x00,0xff,0x00,0x00,0x00,
	0x00,0x00,0x00,0x00,0x00,0xff,0x00,0x00,0xff,0x00,0x00,0xff,0x00,0x00,0xff,0x00,
	0x00,0x00,0x00,0x00,0xff,0x00,0x00,0xff,0x00,0x00,0xff,0x00,0x00,0xff,0x00,0x00,
	0x00,0x00,0x00,0xff,0x00,0x00,0xff,0x00,0x00,0xff,0x00,0x00,0xff,0x00,0x00,0x00,
	0x00,0x00,0x00,0x00,0x00,0xff,0x00,0x00,0xff,0x00,0x00,0xff,0x00,0x00,0xff,0x00,
	0x00,0x00,0x00,0x00,0x00,0x00,0x00,0x00,0x00,0x00,0x00,0x00,0x00,0x00,0x00,0x00,
	0x00,0x00,0x00,0x00,0x00,0x00,0x00,0x00,0x00,0x00,0x00,0x00,0x00,0x00,0x00,0x00,
	0x00,0x00,0x00,0x00,0x00,0xff,0x00,0x00,0xff,0x00,0x00,0xff,0x00,0x00,0xff,0x00,
	0x00,0xff,0x00,0x00,0xff,0x00,0x00,0x00,0x00,0x00,0x00,0x00,0x00,0xff,0x00,0x00,
	0xff,0x00,0x00,0xff,0x00,0x00,0xff,0x00,0x00,0xff,0x00,0x00,0xff,0x00,0x00,0x00,
	0x00,0x00,0x00,0x00,0x00,0x00,0x00,0x00,0xff,0x00,0x00,0xff,0x00,0x00,0xff,0x00,
	0x00,0xff,0x00,0x00,0xff,0x00,0x00,0x00,0x00,0x00,0x00,0x00,0x00,0xff,0x00,0x00,
	0xff,0x00,0x00,0xff,0x00,0x00,0xff,0x00,0x00,0xff,0x00,0x00,0x00,0x00,0x00,0x00,
	0x00,0x00,0x00,0x00,0x00,0xff,0x00,0x00,0xff,0x00,0x00,0xff,0x00,0x00,0xff,0x00,
	0x00,0x00,0x00,0x00,0x00,0x00,0x00,0x00,0x00,0x00,0x00,0x00,0x00,0x00,0x00,0x00,
	0x00,0x00,0x00,0x00,0x00,0x00,0x00,0x00,0x00,0x00,0x00,0x00,0x00,0x00,0x00,0x00,
	0x00,0x00,0x00,0x00,0x00,0xff,0x00,0x00,0xff,0x00,0x00,0xff,0x00,0x00,0xff,0x00,
	0x00,0xff,0x00,0x00,0xff,0x00,0x00,0xff,0x00,0x00,0xff,0x00,0x00,0xff,0x00,0x00,
	0xff,0x00,0x00,0xff,0x00,0x00,0xff,0x00,0x00,0xff,0x00,0x00,0x00,0x00,0x00,0x00,
	0x00,0x00,0x00,0x00,0x00,0xff,0x00,0x00,0xff,0x00,0x00,0xff,0x00,0x00,0xff,0x00,
	0x00,0xff,0x00,0x00,0xff,0x00,0x00,0x00,0x00,0x00,0x00,0x00,0x00,0xff,0x00,0x00,
	0xff,0x00,0x00,0xff,0x00,0x00,0xff,0x00,0x00,0xff,0x00,0x00,0xff,0x00,0x00,0x00,
	0x00,0x00,0x00,0x00,0x00,0xff,0x00,0x00,0xff,0x00,0x00,0xff,0x00,0x00,0xff,0x00,
	0x00,0xff,0x00,0x00,0xff,0x00,0x00,0x00,0x00,0x00,0x00,0x00,0x00,0xff,0x00,0x00,
	0xff,0x00,0x00,0xff,0x00,0x00,0xff,0x00,0x00,0xff,0x00,0x00,0xff,0x00,0x00,0x00,
	0x00,0x00,0x00,0x00,0x00,0xff,0x00,0x00,0xff,0x00,0x00,0xff,0x00,0x00,0xff,0x00,
	0x00,0x00,0x00,0x00,0xff,0x00,0x00,0xff,0x00,0x00,0xff,0x00,0x00,0xff,0x00,0x00,
	0x00,0x00,0x00,0xff,0x00,0x00,0xff,0x00,0x00,0xff,0x00,0x00,0xff,0x00,0x00,0x00,
	0x00,0x00,0x00,0x00,0x00,0xff,0x00,0x00,0xff,0x00,0x00,0xff,0x00,0x00,0xff,0x00,
	0x00,0xff,0x00,0x00,0xff,0x00,0x00,0xff,0x00,0x00,0xff,0x00,0x00,0xff,0x00,0x00,
	0xff,0x00,0x00,0xff,0x00,0x00,0xff,0x00,0x00,0xff,0x00,0x00,0xff,0x00,0x00,0x00,
	0x00,0x00,0x00,0x00,0x00,0xff,0x00,0x00,0xff,0x00,0x00,0xff,0x00,0x00,0xff,0x00,
	0x00,0xff,0x00,0x00,0xff,0x00,0x00,0x00,0x00,0x00,0x00,0x00,0x00,0xff,0x00,0x00,
	0xff,0x00,0x00,0xff,0x00,0x00,0xff,0x00,0x00,0xff,0x00,0x00,0xff,0x00,0x00,0x00,
	0x00,0x00,0x00,0x00,0x00,0x00,0x00,0x00,0x00,0x00,0x00,0xff,0x00,0x00,0xff,0x00,
	0x00,0xff,0x00,0x00,0xff,0x00,0x00,0xff,0x00,0x00,0xff,0x00,0x00,0xff,0x00,0x00,
	0xff,0x00,0x00,0xff,0x00,0x00,0xff,0x00,0x00,0x00,0x00,0x00,0x00,0x00,0x00,0x00,
	0x00,0x00,0x00,0x00,0x00,0xff,0x00,0x00,0xff,0x00,0x00,0xff,0x00,0x00,0xff,0x00,
	0x00,0xff,0x00,0x00,0xff,0x00,0x00,0xff,0x00,0x00,0xff,0x00,0x00,0xff,0x00,0x00,
	0xff,0x00,0x00,0xff,0x00,0x00,0xff,0x00,0x00,0xff,0x00,0x00,0xff,0x00,0x00,0x00,
	0x00,0x00,0x00,0x00,0x00,0xff,0x00,0x00,0xff,0x00,0x00,0xff,0x00,0x00,0xff,0x00,
	0x00,0xff,0x00,0x00,0xff,0x00,0x00,0x00,0x00,0x00,0xff,0x00,0x00,0xff,0x00,0x00,
	0xff,0x00,0x00,0xff,0x00,0x00,0xff,0x00,0x00,0xff,0x00,0x00,0xff,0x00,0x00,0x00,
	0x00,0x00,0x00,0x00,0x00,0xff,0x00,0x00,0xff,0x00,0x00,0xff,0x00,0x00,0xff,0x00,
	0x00,0xff,0x00,0x00,0xff,0x00,0x00,0xff,0x00,0x00,0xff,0x00,0x00,0xff,0x00,0x00,
	0xff,0x00,0x00,0xff,0x00,0x00,0xff,0x00,0x00,0xff,0x00,0x00,0xff,0x00,0x00,0x00,
	0x00,0x00,0x00,0x00,0x00,0xff,0x00,0x00,0xff,0x00,0x00,0xff,0x00,0x00,0xff,0x00,
	0x00,0xff,0x00,0x00,0xff,0x00,0x00,0x00,0x00,0x00,0x00,0x00,0x00,0xff,0x00,0x00,
	0xff,0x00,0x00,0xff,0x00,0x00,0xff,0x00,0x00,0xff,0x00,0x00,0xff,0x00,0x00,0x00,
	0x00,0x00,0x00,0x00,0x00,0xff,0x00,0x00,0xff,0x00,0x00,0xff,0x00,0x00,0xff,0x00,
	0x00,0x00,0x00,0x00,0xff,0x00,0x00,0xff,0x00,0x00,0xff,0x00,0x00,0xff,0x00,0x00,
	0x00,0x00,0x00,0xff,0x00,0x00,0xff,0x00,0x00,0xff,0x00,0x00,0xff,0x00,0x00,0x00,
	0x00,0x00,0x00,0x00,0x00,0xff,0x00,0x00,0xff,0x00,0x00,0xff,0x00,0x00,0xff,0x00,
	0x00,0xff,0x00,0x00,0xff,0x00,0x00,0xff,0x00,0x00,0xff,0x00,0x00,0xff,0x00,0x00,
	0xff,0x00,0x00,0xff,0x00,0x00,0xff,0x00,0x00,0xff,0x00,0x00,0xff,0x00,0x00,0x00,
	0x00,0x00,0x00,0x00,0x00,0xff,0x00,0x00,0xff,0x00,0x00,0xff,0x00,0x00,0xff,0x00,
	0x00,0xff,0x00,0x00,0xff,0x00,0x00,0xff,0x00,0x00,0xff,0x00,0x00,0xff,0x00,0x00,
	0xff,0x00,0x00,0xff,0x00,0x00,0xff,0x00,0x00,0xff,0x00,0x00,0xff,0x00,0x00,0x00,
	0x00,0x00,0x00,0x00,0x00,0x00,0x00,0x00,0x00,0x00,0x00,0xff,0x00,0x00,0xff,0x00,
	0x00,0xff,0x00,0x00,0xff,0x00,0x00,0xff,0x00,0x00,0xff,0x00,0x00,0xff,0x00,0x00,
	0xff,0x00,0x00,0xff,0x00,0x00,0xff,0x00,0x00,0x00,0x00,0x00,0x00,0x00,0x00,0x00,
	0x00,0x00,0x00,0x00,0x00,0xff,0x00,0x00,0xff,0x00,0x00,0xff,0x00,0x00,0xff,0x00,
	0x00,0xff,0x00,0x00,0xff,0x00,0x00,0xff,0x00,0x00,0xff,0x00,0x00,0xff,0x00,0x00,
	0xff,0x00,0x00,0xff,0x00,0x00,0xff,0x00,0x00,0xff,0x00,0x00,0xff,0x00,0x00,0x00,
	0x00,0x00,0x00,0x00,0x00,0xff,0x00,0x00,0xff,0x00,0x00,0xff,0x00,0x00,0xff,0x00,
	0x00,0xff,0x00,0x00,0xff,0x00,0x00,0x00,0x00,0x00,0x00,0x00,0x00,0xff,0x00,0x00,
	0xff,0x00,0x00,0xff,0x00,0x00,0xff,0x00,0x00,0xff,0x00,0x00,0xff,0x00,0x00,0x00,
	0x00,0x00,0x00,0x00,0x00,0xff,0x00,0x00,0xff,0x00,0x00,0xff,0x00,0x00,0xff,0x00,
	0x00,0xff,0x00,0x00,0xff,0x00,0x00,0xff,0x00,0x00,0xff,0x00,0x00,0xff,0x00,0x00,
	0xff,0x00,0x00,0xff,0x00,0x00,0xff,0x00,0x00,0xff,0x00,0x00,0xff,0x00,0x00,0x00,
	0x00,0x00,0x00,0x00,0x00,0xff,0x00,0x00,0xff,0x00,0x00,0xff,0x00,0x00,0xff,0x00,
	0x00,0xff,0x00,0x00,0xff,0x00,0x00,0x00,0x00,0x00,0x00,0x00,0x00,0xff,0x00,0x00,
	0xff,0x00,0x00,0xff,0x00,0x00,0xff,0x00,0x00,0xff,0x00,0x00,0xff,0x00,0x00,0x00,
	0x00,0x00,0x00,0x00,0x00,0xff,0x00,0x00,0xff,0x00,0x00,0xff,0x00,0x00,0xff,0x00,
	0x00,0x00,0x00,0x00,0xff,0x00,0x00,0xff,0x00,0x00,0xff,0x00,0x00,0xff,0x00,0x00,
	0x00,0x00,0x00,0xff,0x00,0x00,0xff,0x00,0x00,0xff,0x00,0x00,0xff,0x00,0x00,0x00,
	0x00,0x00,0x00,0x00,0x00,0xff,0x00,0x00,0xff,0x00,0x00,0xff,0x00,0x00,0xff,0x00,
	0x00,0xff,0x00,0x00,0xff,0x00,0x00,0xff,0x00,0x00,0xff,0x00,0x00,0xff,0x00,0x00,
	0xff,0x00,0x00,0xff,0x00,0x00,0xff,0x00,0x00,0xff,0x00,0x00,0xff,0x00,0x00,0x00,
	0x00,0x00,0x00,0x00,0x00,0xff,0x00,0x00,0xff,0x00,0x00,0xff,0x00,0x00,0xff,0x00,
	0x00,0xff,0x00,0x00,0xff,0x00,0x00,0xff,0x00,0x00,0xff,0x00,0x00,0xff,0x00,0x00,
	0xff,0x00,0x00,0xff,0x00,0x00,0xff,0x00,0x00,0xff,0x00,0x00,0xff,0x00,0x00,0x00,
	0x00,0x00,0x00,0x00,0x00,0x00,0x00,0x00,0x00,0x00,0x00,0x00,0x00,0x00,0xff,0x00,
	0x00,0xff,0x00,0x00,0xff,0x00,0x00,0xff,0x00,0x00,0xff,0x00,0x00,0xff,0x00,0x00,
	0xff,0x00,0x00,0xff,0x00,0x00,0x00,0x00,0x00,0x00,0x00,0x00,0x00,0x00,0x00,0x00,
	0x00,0x00,0x00,0x00,0x00,0xff,0x00,0x00,0xff,0x00,0x00,0xff,0x00,0x00,0xff,0x00,
	0x00,0xff,0x00,0x00,0xff,0x00,0x00,0xff,0x00,0x00,0xff,0x00,0x00,0xff,0x00,0x00,
	0xff,0x00,0x00,0xff,0x00,0x00,0xff,0x00,0x00,0xff,0x00,0x00,0xff,0x00,0x00,0x00,
	0x00,0x00,0x00,0x00,0x00,0xff,0x00,0x00,0xff,0x00,0x00,0xff,0x00,0x00,0xff,0x00,
	0x00,0xff,0x00,0x00,0xff,0x00,0x00,0x00,0x00,0x00,0x00,0x00,0x00,0xff,0x00,0x00,
	0xff,0x00,0x00,0xff,0x00,0x00,0xff,0x00,0x00,0xff,0x00,0x00,0xff,0x00,0x00,0x00,
	0x00,0x00,0x00,0x00,0x00,0x00,0x00,0x00,0xff,0x00,0x00,0xff,0x00,0x00,0xff,0x00,
	0x00,0xff,0x00,0x00,0xff,0x00,0x00,0xff,0x00,0x00,0xff,0x00,0x00,0xff,0x00,0x00,
	0xff,0x00,0x00,0xff,0x00,0x00,0xff,0x00,0x00,0xff,0x00,0x00,0x00,0x00,0x00,0x00,
	0x00,0x00,0x00,0x00,0x00,0xff,0x00,0x00,0xff,0x00,0x00,0xff,0x00,0x00,0xff,0x00,
	0x00,0xff,0x00,0x00,0xff,0x00,0x00,0x00,0x00,0x00,0x00,0x00,0x00,0xff,0x00,0x00,
	0xff,0x00,0x00,0xff,0x00,0x00,0xff,0x00,0x00,0xff,0x00,0x00,0xff,0x00,0x00,0x00,
	0x00,0x00,0x00,0x00,0x00,0xff,0x00,0x00,0xff,0x00,0x00,0xff,0x00,0x00,0xff,0x00,
	0x00,0x00,0x00,0x00,0xff,0x00,0x00,0xff,0x00,0x00,0xff,0x00,0x00,0xff,0x00,0x00,
	0x00,0x00,0x00,0xff,0x00,0x00,0xff,0x00,0x00,0xff,0x00,0x00,0xff,0x00,0x00,0x00,
	0x00,0x00,0x00,0x00,0x00,0xff,0x00,0x00,0xff,0x00,0x00,0xff,0x00,0x00,0xff,0x00,
	0x00,0xff,0x00,0x00,0xff,0x00,0x00,0xff,0x00,0x00,0xff,0x00,0x00,0xff,0x00,0x00,
	0xff,0x00,0x00,0xff,0x00,0x00,0xff,0x00,0x00,0xff,0x00,0x00,0xff,0x00,0x00,0x00,
	0x00,0x00,0x00,0x00,0x00,0x00,0x00,0x00,0xff,0x00,0x00,0xff,0x00,0x00,0xff,0x00,
	0x00,0xff,0x00,0x00,0xff,0x00,0x00,0xff,0x00,0x00,0xff,0x00,0x00,0xff,0x00,0x00,
	0xff,0x00,0x00,0xff,0x00,0x00,0xff,0x00,0x00,0xff,0x00,0x00,0x00,0x00,0x00,0x00,
	0x00,0x00,0x00,0x00,0x00,0x00,0x00,0x00,0x00,0x00,0x00,0x00,0x00,0x00,0xff,0x00,
	0x00,0xff,0x00,0x00,0xff,0x00,0x00,0xff,0x00,0x00,0xff,0x00,0x00,0xff,0x00,0x00,
	0xff,0x00,0x00,0xff,0x00,0x00,0x00,0x00,0x00,0x00,0x00,0x00,0x00,0x00,0x00,0x00,
	0x00,0x00,0x00,0x00,0x00,0xff,0x00,0x00,0xff,0x00,0x00,0xff,0x00,0x00,0xff,0x00,
	0x00,0xff,0x00,0x00,0xff,0x00,0x00,0xff,0x00,0x00,0xff,0x00,0x00,0xff,0x00,0x00,
	0xff,0x00,0x00,0xff,0x00,0x00,0xff,0x00,0x00,0xff,0x00,0x00,0xff,0x00,0x00,0x00,
	0x00,0x00,0x00,0x00,0x00,0xff,0x00,0x00,0xff,0x00,0x00,0xff,0x00,0x00,0xff,0x00,
	0x00,0xff,0x00,0x00,0xff,0x00,0x00,0x00,0x00,0x00,0x00,0x00,0x00,0xff,0x00,0x00,
	0xff,0x00,0x00,0xff,0x00,0x00,0xff,0x00,0x00,0xff,0x00,0x00,0xff,0x00,0x00,0x00,
	0x00,0x00,0x00,0x00,0x00,0x00,0x00,0x00,0x00,0x00,0x00,0x00,0x00,0x00,0x00,0x00,
	0x00,0x00,0x00,0x00,0x00,0x00,0x00,0x00,0x00,0x00,0x00,0x00,0x00,0x00,0x00,0x00,
	0x00,0x00,0x00,0x00,0x00,0x00,0x00,0x00,0x00,0x00,0x00,0x00,0x00,0x00,0x00,0x00,
	0x00,0x00,0x00,0x00,0x00,0x00,0x00,0x00,0x00,0x00,0x00,0x00,0x00,0x00,0x00,0x00,
	0x00,0x00,0x00,0x00,0x00,0x00,0x00,0x00,0x00,0x00,0x00,0x00,0x00,0x00,0x00,0x00,
	0x00,0x00,0x00,0x00,0x00,0x00,0x00,0x00,0x00,0x00,0x00,0x00,0x00,0x00,0x00,0x00,
	0x00,0x00,0x00,0x00,0x00,0x00,0x00,0x00,0x00,0x00,0x00,0x00,0x00,0x00,0x00,0x00,
	0x00,0x00,0x00,0x00,0x00,0x00,0x00,0x00,0x00,0x00,0x00,0x00,0x00,0x00,0x00,0x00,
	0x00,0x00,0x00,0x00,0x00,0x00,0x00,0x00,0x00,0x00,0x00,0x00,0x00,0x00,0x00,0x00,
	0x00,0x00,0x00,0x00,0x00,0x00,0x00,0x00,0x00,0x00,0x00,0x00,0x00,0x00,0x00,0x00,
	0x00,0x00,0x00,0x00,0x00,0x00,0x00,0x00,0x00,0x00,0x00,0x00,0x00,0x00,0x00,0x00,
	0x00,0x00,0x00,0x00,0x00,0x00,0x00,0x00,0x00,0x00,0x00,0x00,0x00,0x00,0x00,0x00,
	0x00,0x00,0x00,0x00,0x00,0x00,0x00,0x00,0x00,0x00,0x00,0x00,0x00,0x00,0x00,0x00,
	0x00,0x00,0x00,0x00,0x00,0x00,0x00,0x00,0x00,0x00,0x00,0x00,0x00,0x00,0x00,0x00,
	0x00,0x00,0x00,0x00,0x00,0x00,0x00,0x00,0x00,0x00,0x00,0x00,0x00,0x00,0x00,0x00,
	0x00,0x00,0x00,0x00,0x00,0x00,0x00,0x00,0x00,0x00,0x00,0x00,0x00,0x00,0x00,0x00,
	0x00,0x00,0x00,0x00,0x00,0x00,0x00,0x00,0x00,0x00,0x00,0x00,0x00,0x00,0x00,0x00,
	0x00,0x00,0x00,0x00,0x00,0x00,0x00,0x00,0x00,0x00,0x00,0x00,0x00,0x00,0x00,0x00,
	0x00,0x00,0x00,0x00,0x00,0x00,0x00,0x00,0x00,0x00,0x00,0x00,0x00,0x00,0x00,0x00,
	0x00,0x00,0x00,0x00,0x00,0x00,0x00,0x00,0x00,0x00,0x00,0x00,0x00,0x00,0x00,0x00,
	0x00,0x00,0x00,0x00,0x00,0x00,0x00,0x00,0x00,0x00,0x00,0x00,0x00,0x00,0x00,0x00,
	0x00,0x00,0x00,0x00,0x00,0x00,0x00,0x00,0x00,0x00,0x00,0x00,0x00,0x00,0x00,0x00,
	0x00,0x00,0x00,0x00,0x00,0x00,0x00,0x00,0x00,0x00,0x00,0x00,0x00,0x00,0x00,0x00,
	0x00,0x00,0x00,0x00,0x00,0x00,0x00,0x00,0x00,0x00,0x00,0x00,0x00,0x00,0x00,0x00,
	0x00,0x00,0x00,0x00,0x00,0x00,0x00,0x00,0x00,0x00,0x00,0x00,0x00,0x00,0x00,0x00,
	0x00,0x00,0x00,0x00,0x00,0x00,0x00,0x00,0x00,0x00,0x00,0x00,0x00,0x00,0x00,0x00,
	0x00,0x00,0x00,0x00,0x00,0x00,0x00,0x00,0x00,0x00,0x00,0x00,0x00,0x00,0x00,0x00,
	0x00,0x00,0x00,0x00,0x00,0x00,0x00,0x00,0x00,0x00,0x00,0x00,0x00,0x00,0x00,0x00,
	0x00,0x00,0x00,0x00,0x00,0x00,0x00,0x00,0x00,0x00,0x00,0x00,0x00,0x00,0x00,0x00,
	0x00,0x00,0x00,0x00,0x00,0x00,0x00,0x00,0x00,0x00,0x00,0x00,0x00,0x00,0x00,0x00,
	0x00,0x00,0x00,0x00,0x00,0x00,0x00,0x00,0x00,0x00,0x00,0x00,0x00,0x00,0x00,0x00,
	0x00,0x00,0x00,0x00,0x00,0x00,0x00,0x00,0x00,0x00,0x00,0x00,0x00,0x00,0x00,0x00,
	0x00,0x00,0x00,0x00,0x00,0x00,0x00,0x00,0x00,0x00,0x00,0x00,0x00,0x00,0x00,0x00,
	0x00,0x00,0x00,0xff,0x00,0x00,0xff,0x00,0x00,0xff,0x00,0x00,0xff,0x00,0x00,0xff,
	0x00,0x00,0x00,0x00,0x00,0x00,0x00,0x00,0x00,0x00,0x00,0x00,0x00,0x00,0x00,0x00,
	0x00,0x00,0x00,0x00,0x00,0x00,0x00,0x00,0x00,0x00,0x00,0x00,0x00,0x00,0x00,0x00,
	0x00,0x00,0x00,0x00,0x00,0x00,0x00,0x00,0x00,0x00,0x00,0x00,0x00,0x00,0x00,0x00,
	0x00,0x00,0x00,0x00,0x00,0x00,0x00,0x00,0x00,0x00,0x00,0x00,0x00,0x00,0x00,0x00,
	0x00,0x00,0x00,0x00,0x00,0x00,0x00,0x00,0x00,0x00,0x00,0x00,0x00,0x00,0x00,0x00,
	0x00,0x00,0x00,0x00,0x00,0x00,0x00,0x00,0x00,0x00,0x00,0x00,0x00,0x00,0x00,0x00,
	0x00,0x00,0x00,0x00,0x00,0x00,0x00,0x00,0x00,0x00,0x00,0xff,0xff,0x00,0xff,0xff,
	0x00,0xff,0xff,0x00,0xff,0xff,0x00,0xff,0xff,0x00,0x00,0x00,0x00,0x00,0x00,0x00,
	0x00,0x00,0x00,0x00,0x00,0x00,0x00,0x00,0x00,0x00,0x00,0x00,0x00,0x00,0x00,0x00,
	0x00,0x00,0x00,0x00,0x00,0x00,0x00,0x00,0x00,0x00,0x00,0x00,0x00,0x00,0x00,0x00,
	0x00,0x00,0x00,0x00,0x00,0x00,0x00,0x00,0x00,0x00,0x00,0x00,0x00,0x00,0x00,0x00,
	0x00,0x00,0x00,0x00,0x00,0x00,0x00,0x00,0x00,0x00,0x00,0x00,0x00,0x00,0x00,0x00,
	0x00,0x00,0x00,0x00,0x00,0x00,0x00,0x00,0x00,0x00,0x00,0x00,0x00,0x00,0x00,0x00,
	0x00,0x00,0x00,0x00,0x00,0x00,0x00,0x00,0x00,0x00,0x00,0x00,0x00,0x00,0x00,0x00,
	0x00,0x00,0x00,0x00,0x00,0x00,0x00,0x00,0x00,0x00,0x00,0x00,0x00,0x00,0x00,0x00,
	0x00,0x00,0x00,0x00,0x00,0x00,0x00,0x00,0x00,0x00,0x00,0x00,0x00,0x00,0x00,0x00,
	0x00,0x00,0x00,0x00,0x00,0x00,0x00,0x00,0x00,0x00,0x00,0x00,0x00,0x00,0x00,0x00,
	0x00,0x00,0x00,0x00,0x00,0x00,0x00,0x00,0x00,0x00,0x00,0x00,0x00,0x00,0x00,0x00,
	0x00,0x00,0x00,0x00,0x00,0x00,0x00,0x00,0x00,0x00,0x00,0x00,0x00,0x00,0x00,0x00,
	0x00,0x00,0x00,0x00,0x00,0x00,0x00,0x00,0x00,0x00,0x00,0x00,0x00,0x00,0x00,0x00,
	0x00,0x00,0x00,0x00,0x00,0x00,0x00,0x00,0x00,0x00,0x00,0x00,0x00,0x00,0x00,0x00,
	0x00,0x00,0x00,0x00,0x00,0x00,0x00,0x00,0x00,0x00,0x00,0x00,0x00,0x00,0x00,0x00,
	0x00,0x00,0x00,0x00,0x00,0x00,0x00,0x00,0x00,0x00,0x00,0x00,0x00,0x00,0x00,0x00,
	0xff,0x00,0x00,0xff,0x00,0x00,0xff,0x00,0x00,0xff,0x00,0x00,0xff,0x00,0x00,0xff,
	0x00,0x00,0xff,0x00,0x00,0x00,0x00,0x00,0x00,0x00,0x00,0xff,0x00,0x00,0xff,0x00,
	0x00,0xff,0x00,0x00,0xff,0x00,0x00,0xff,0x00,0x00,0x00,0x00,0x00,0x00,0x00,0x00,
	0x00,0x00,0x00,0xff,0x00,0x00,0xff,0x00,0x00,0xff,0x00,0x00,0xff,0x00,0x00,0xff,
	0x00,0x00,0xff,0x00,0x00,0x00,0x00,0x00,0xff,0x00,0x00,0xff,0x00,0x00,0xff,0x00,
	0x00,0xff,0x00,0x00,0xff,0x00,0x00,0xff,0x00,0x00,0x00,0x00,0x00,0x00,0x00,0x00,
	0x00,0x00,0x00,0xff,0x00,0x00,0xff,0x00,0x00,0xff,0x00,0x00,0xff,0x00,0x00,0xff,
	0x00,0x00,0xff,0x00,0x00,0x00,0x00,0x00,0xff,0xff,0x00,0xff,0xff,0x00,0xff,0xff,
	0x00,0xff,0xff,0x00,0xff,0xff,0x00,0xff,0xff,0x00,0xff,0xff,0x00,0x00,0x00,0x00,
	0x00,0x00,0x00,0xff,0xff,0x00,0xff,0xff,0x00,0xff,0xff,0x00,0xff,0xff,0x00,0xff,
	0xff,0x00,0x00,0x00,0x00,0x00,0x00,0x00,0x00,0x00,0x00,0xff,0xff,0x00,0xff,0xff,
	0x00,0xff,0xff,0x00,0xff,0xff,0x00,0xff,0xff,0x00,0xff,0xff,0x00,0x00,0x00,0x00,
	0xff,0xff,0x00,0xff,0xff,0x00,0xff,0xff,0x00,0xff,0xff,0x00,0xff,0xff,0x00,0xff,
	0xff,0x00,0x00,0x00,0x00,0x00,0x00,0x00,0x00,0x00,0x00,0xff,0xff,0x00,0xff,0xff,
	0x00,0xff,0xff,0x00,0xff,0xff,0x00,0xff,0xff,0x00,0xff,0xff,0x00,0x00,0x00,0x00,
	0x00,0x00,0x00,0x00,0x00,0x00,0xff,0xff,0x00,0xff,0xff,0x00,0xff,0xff,0x00,0xff,
	0xff,0x00,0xff,0xff,0x00,0xff,0xff,0x00,0xff,0xff,0x00,0xff,0xff,0x00,0xff,0xff,
	0x00,0xff,0xff,0x00,0xff,0xff,0x00,0xff,0xff,0x00,0xff,0xff,0x00,0xff,0xff,0x00,
	0xff,0xff,0x00,0xff,0xff,0x00,0xff,0xff,0x00,0xff,0xff,0x00,0xff,0xff,0x00,0xff,
	0xff,0x00,0xff,0xff,0x00,0xff,0xff,0x00,0xff,0xff,0x00,0xff,0xff,0x00,0xff,0xff,
	0x00,0xff,0xff,0x00,0xff,0xff,0x00,0xff,0xff,0x00,0xff,0xff,0x00,0xff,0xff,0x00,
	0xff,0xff,0x00,0xff,0xff,0x00,0xff,0xff,0x00,0xff,0xff,0x00,0xff,0xff,0x00,0xff,
	0xff,0x00,0xff,0xff,0x00,0xff,0xff,0x00,0xff,0xff,0x00,0xff,0xff,0x00,0xff,0xff,
	0x00,0xff,0xff,0x00,0xff,0xff,0x00,0xff,0xff,0x00,0x00,0x00,0x00,0x00,0x00,0x00,
	0xff,0x00,0x00,0xff,0x00,0x00,0xff,0x00,0x00,0xff,0x00,0x00,0xff,0x00,0x00,0x00,
	0x00,0x00,0x00,0x00,0x00,0x00,0x00,0x00,0xff,0x00,0x00,0xff,0x00,0x00,0xff,0x00,
	0x00,0x00,0x00,0x00,0x00,0x00,0x00,0xff,0x00,0x00,0xff,0x00,0x00,0x00,0x00,0x00,
	0xff,0x00,0x00,0xff,0x00,0x00,0xff,0x00,0x00,0xff,0x00,0x00,0xff,0x00,0x00,0x00,
	0x00,0x00,0x00,0x00,0x00,0x00,0x00,0x00,0xff,0x00,0x00,0xff,0x00,0x00,0xff,0x00,
	0x00,0xff,0x00,0x00,0xff,0x00,0x00,0xff,0x00,0x00,0xff,0x00,0x00,0x00,0x00,0x00,
	0xff,0x00,0x00,0xff,0x00,0x00,0xff,0x00,0x00,0xff,0x00,0x00,0xff,0x00,0x00,0x00,
	0x00,0x00,0x00,0x00,0x00,0x00,0x00,0x00,0xff,0xff,0x00,0xff,0xff,0x00,0xff,0xff,
	0x00,0xff,0xff,0x00,0xff,0xff,0x00,0x00,0x00,0x00,0x00,0x00,0x00,0x00,0x00,0x00,
	0xff,0xff,0x00,0xff,0xff,0x00,0xff,0xff,0x00,0x00,0x00,0x00,0x00,0x00,0x00,0xff,
	0xff,0x00,0xff,0xff,0x00,0x00,0x00,0x00,0xff,0xff,0x00,0xff,0xff,0x00,0xff,0xff,
	0x00,0xff,0xff,0x00,0xff,0xff,0x00,0x00,0x00,0x00,0x00,0x00,0x00,0x00,0x00,0x00,
	0xff,0xff,0x00,0xff,0xff,0x00,0xff,0xff,0x00,0xff,0xff,0x00,0xff,0xff,0x00,0xff,
	0xff,0x00,0xff,0xff,0x00,0x00,0x00,0x00,0xff,0xff,0x00,0xff,0xff,0x00,0xff,0xff,
	0x00,0xff,0xff,0x00,0xff,0xff,0x00,0x00,0x00,0x00,0x00,0x00,0x00,0x00,0x00,0x00,
	0x00,0x00,0x00,0x00,0x00,0x00,0xff,0xff,0x00,0x00,0x00,0x00,0x00,0x00,0x00,0x00,
	0x00,0x00,0x00,0x00,0x00,0x00,0x00,0x00,0x00,0x00,0x00,0x00,0x00,0x00,0x00,0x00,
	0x00,0x00,0x00,0x00,0x00,0x00,0x00,0x00,0x00,0x00,0x00,0x00,0x00,0x00,0x00,0x00,
	0x00,0x00,0x00,0x00,0x00,0x00,0x00,0x00,0x00,0x00,0x00,0x00,0x00,0x00,0x00,0x00,
	0x00,0x00,0x00,0x00,0x00,0x00,0x00,0x00,0x00,0x00,0x00,0x00,0x00,0x00,0x00,0x00,
	0x00,0x00,0x00,0x00,0x00,0x00,0x00,0x00,0x00,0x00,0x00,0x00,0x00,0x00,0x00,0x00,
	0x00,0x00,0x00,0x00,0x00,0x00,0x00,0x00,0x00,0x00,0x00,0x00,0x00,0x00,0x00,0x00,
	0x00,0x00,0x00,0x00,0x00,0x00,0x00,0x00,0x00,0x00,0x00,0x00,0x00,0x00,0x00,0x00,
	0x00,0x00,0x00,0x00,0x00,0x00,0x00,0xff,0xff,0x00,0x00,0x00,0x00,0x00,0x00,0x00,
	0x00,0x00,0x00,0xff,0x00,0x00,0xff,0x00,0x00,0xff,0x00,0x00,0xff,0x00,0x00,0xff,
	0x00,0x00,0x00,0x00,0x00,0x00,0x00,0x00,0xff,0x00,0x00,0xff,0x00,0x00,0xff,0x00,
	0x00,0x00,0x00,0x00,0x00,0x00,0x00,0x00,0x00,0x00,0x00,0x00,0x00,0x00,0x00,0x00,
	0xff,0x00,0x00,0xff,0x00,0x00,0xff,0x00,0x00,0xff,0x00,0x00,0xff,0x00,0x00,0xff,
	0x00,0x00,0xff,0x00,0x00,0x00,0x00,0x00,0xff,0x00,0x00,0xff,0x00,0x00,0xff,0x00,
	0x00,0x00,0x00,0x00,0x00,0x00,0x00,0xff,0x00,0x00,0xff,0x00,0x00,0x00,0x00,0x00,
	0xff,0x00,0x00,0xff,0x00,0x00,0xff,0x00,0x00,0xff,0x00,0x00,0xff,0x00,0x00,0xff,
	0x00,0x00,0xff,0x00,0x00,0x00,0x00,0x00,0x00,0x00,0x00,0xff,0xff,0x00,0xff,0xff,
	0x00,0xff,0xff,0x00,0xff,0xff,0x00,0xff,0xff,0x00,0x00,0x00,0x00,0x00,0x00,0x00,
	0xff,0xff,0x00,0xff,0xff,0x00,0xff,0xff,0x00,0x00,0x00,0x00,0x00,0x00,0x00,0x00,
	0x00,0x00,0x00,0x00,0x00,0x00,0x00,0x00,0xff,0xff,0x00,0xff,0xff,0x00,0xff,0xff,
	0x00,0xff,0xff,0x00,0xff,0xff,0x00,0xff,0xff,0x00,0xff,0xff,0x00,0x00,0x00,0x00,
	0xff,0xff,0x00,0xff,0xff,0x00,0xff,0xff,0x00,0x00,0x00,0x00,0x00,0x00,0x00,0xff,
	0xff,0x00,0xff,0xff,0x00,0x00,0x00,0x00,0xff,0xff,0x00,0xff,0xff,0x00,0xff,0xff,
	0x00,0xff,0xff,0x00,0xff,0xff,0x00,0xff,0xff,0x00,0xff,0xff,0x00,0x00,0x00,0x00,
	0x00,0x00,0x00,0x00,0x00,0x00,0xff,0xff,0x00,0x00,0x00,0x00,0x00,0x00,0x00,0x00,
	0x00,0x00,0x00,0x00,0x00,0x00,0x00,0x00,0x00,0x00,0x00,0x00,0x00,0x00,0x00,0x00,
	0x00,0x00,0x00,0x00,0x00,0x00,0x00,0x00,0x00,0x00,0x00,0x00,0x00,0x00,0x00,0x00,
	0x00,0x00,0x00,0x00,0x00,0x00,0x00,0x00,0x00,0x00,0x00,0x00,0x00,0x00,0x00,0x00,
	0x00,0x00,0x00,0x00,0x00,0x00,0x00,0x00,0x00,0x00,0x00,0x00,0x00,0x00,0x00,0x00,
	0x00,0x00,0x00,0x00,0x00,0x00,0x00,0x00,0x00,0x00,0x00,0x00,0x00,0x00,0x00,0x00,
	0x00,0x00,0x00,0x00,0x00,0x00,0x00,0x00,0x00,0x00,0x00,0x00,0x00,0x00,0x00,0x00,
	0x00,0x00,0x00,0x00,0x00,0x00,0x00,0x00,0x00,0x00,0x00,0x00,0x00,0x00,0x00,0x00,
	0x00,0x00,0x00,0x00,0x00,0x00,0x00,0xff,0xff,0x00,0x00,0x00,0x00,0x00,0x00,0x00,
	0x00,0x00,0x00,0x00,0x00,0x00,0xff,0x00,0x00,0xff,0x00,0x00,0xff,0x00,0x00,0xff,
	0x00,0x00,0xff,0x00,0x00,0x00,0x00,0x00,0xff,0x00,0x00,0xff,0x00,0x00,0xff,0x00,
	0x00,0x00,0x00,0x00,0x00,0x00,0x00,0xff,0x00,0x00,0xff,0x00,0x00,0x00,0x00,0x00,
	0xff,0x00,0x00,0xff,0x00,0x00,0xff,0x00,0x00,0xff,0x00,0x00,0xff,0x00,0x00,0x00,
	0x00,0x00,0x00,0x00,0x00,0x00,0x00,0x00,0xff,0x00,0x00,0xff,0x00,0x00,0xff,0x00,
	0x00,0x00,0x00,0x00,0x00,0x00,0x00,0xff,0x00,0x00,0xff,0x00,0x00,0x00,0x00,0x00,
	0xff,0x00,0x00,0xff,0x00,0x00,0xff,0x00,0x00,0xff,0x00,0x00,0xff,0x00,0x00,0x00,
	0x00,0x00,0x00,0x00,0x00,0x00,0x00,0x00,0x00,0x00,0x00,0x00,0x00,0x00,0xff,0xff,
	0x00,0xff,0xff,0x00,0xff,0xff,0x00,0xff,0xff,0x00,0xff,0xff,0x00,0x00,0x00,0x00,
	0xff,0xff,0x00,0xff,0xff,0x00,0xff,0xff,0x00,0x00,0x00,0x00,0x00,0x00,0x00,0xff,
	0xff,0x00,0xff,0xff,0x00,0x00,0x00,0x00,0xff,0xff,0x00,0xff,0xff,0x00,0xff,0xff,
	0x00,0xff,0xff,0x00,0xff,0xff,0x00,0x00,0x00,0x00,0x00,0x00,0x00,0x00,0x00,0x00,
	0xff,0xff,0x00,0xff,0xff,0x00,0xff,0xff,0x00,0x00,0x00,0x00,0x00,0x00,0x00,0xff,
	0xff,0x00,0xff,0xff,0x00,0x00,0x00,0x00,0xff,0xff,0x00,0xff,0xff,0x00,0xff,0xff,
	0x00,0xff,0xff,0x00,0xff,0xff,0x00,0x00,0x00,0x00,0x00,0x00,0x00,0x00,0x00,0x00,
	0x00,0x00,0x00,0x00,0x00,0x00,0xff,0xff,0x00,0x00,0x00,0x00,0x00,0x00,0x00,0xff,
	0xff,0x00,0xff,0xff,0x00,0xff,0xff,0x00,0xff,0xff,0x00,0xff,0xff,0x00,0xff,0xff,
	0x00,0x00,0x00,0x00,0xff,0xff,0x00,0xff,0xff,0x00,0xff,0xff,0x00,0xff,0xff,0x00,
	0xff,0xff,0x00,0xff,0xff,0x00,0x00,0x00,0x00,0x00,0x00,0x00,0x00,0x00,0x00,0xff,
	0xff,0x00,0xff,0xff,0x00,0xff,0xff,0x00,0xff,0xff,0x00,0xff,0xff,0x00,0x00,0x00,
	0x00,0x00,0x00,0x00,0x00,0x00,0x00,0xff,0xff,0x00,0xff,0xff,0x00,0xff,0xff,0x00,
	0xff,0xff,0x00,0xff,0xff,0x00,0x00,0x00,0x00,0x00,0x00,0x00,0x00,0x00,0x00,0xff,
	0xff,0x00,0xff,0xff,0x00,0xff,0xff,0x00,0xff,0xff,0x00,0xff,0xff,0x00,0x00,0x00,
	0x00,0x00,0x00,0x00,0x00,0x00,0x00,0xff,0xff,0x00,0x00,0x00,0x00,0x00,0x00,0x00,
	0xff,0x00,0x00,0xff,0x00,0x00,0xff,0x00,0x00,0xff,0x00,0x00,0xff,0x00,0x00,0xff,
	0x00,0x00,0xff,0x00,0x00,0x00,0x00,0x00,0xff,0x00,0x00,0xff,0x00,0x00,0xff,0x00,
	0x00,0xff,0x00,0x00,0xff,0x00,0x00,0xff,0x00,0x00,0xff,0x00,0x00,0x00,0x00,0x00,
	0xff,0x00,0x00,0xff,0x00,0x00,0xff,0x00,0x00,0xff,0x00,0x00,0xff,0x00,0x00,0xff,
	0x00,0x00,0xff,0x00,0x00,0x00,0x00,0x00,0xff,0x00,0x00,0xff,0x00,0x00,0xff,0x00,
	0x00,0x00,0x00,0x00,0x00,0x00,0x00,0xff,0x00,0x00,0xff,0x00,0x00,0x00,0x00,0x00,
	0xff,0x00,0x00,0xff,0x00,0x00,0xff,0x00,0x00,0xff,0x00,0x00,0xff,0x00,0x00,0xff,
	0x00,0x00,0xff,0x00,0x00,0x00,0x00,0x00,0xff,0xff,0x00,0xff,0xff,0x00,0xff,0xff,
	0x00,0xff,0xff,0x00,0xff,0xff,0x00,0xff,0xff,0x00,0xff,0xff,0x00,0x00,0x00,0x00,
	0xff,0xff,0x00,0xff,0xff,0x00,0xff,0xff,0x00,0xff,0xff,0x00,0xff,0xff,0x00,0xff,
	0xff,0x00,0xff,0xff,0x00,0x00,0x00,0x00,0xff,0xff,0x00,0xff,0xff,0x00,0xff,0xff,
	0x00,0xff,0xff,0x00,0xff,0xff,0x00,0xff,0xff,0x00,0xff,0xff,0x00,0x00,0x00,0x00,
	0xff,0xff,0x00,0xff,0xff,0x00,0xff,0xff,0x00,0x00,0x00,0x00,0x00,0x00,0x00,0xff,
	0xff,0x00,0xff,0xff,0x00,0x00,0x00,0x00,0xff,0xff,0x00,0xff,0xff,0x00,0xff,0xff,
	0x00,0xff,0xff,0x00,0xff,0xff,0x00,0xff,0xff,0x00,0xff,0xff,0x00,0x00,0x00,0x00,
	0x00,0x00,0x00,0x00,0x00,0x00,0xff,0xff,0x00,0x00,0x00,0x00,0xff,0xff,0x00,0xff,
	0xff,0x00,0xff,0xff,0x00,0xff,0xff,0x00,0xff,0xff,0x00,0x00,0x00,0x00,0x00,0x00,
	0x00,0x00,0x00,0x00,0xff,0xff,0x00,0xff,0xff,0x00,0xff,0xff,0x00,0x00,0x00,0x00,
	0x00,0x00,0x00,0xff,0xff,0x00,0xff,0xff,0x00,0x00,0x00,0x00,0x00,0x00,0x00,0x00,
	0x00,0x00,0x00,0x00,0x00,0x00,0x00,0x00,0xff,0xff,0x00,0xff,0xff,0x00,0x00,0x00,
	0x00,0x00,0x00,0x00,0xff,0xff,0x00,0xff,0xff,0x00,0xff,0xff,0x00,0x00,0x00,0x00,
	0x00,0x00,0x00,0xff,0xff,0x00,0xff,0xff,0x00,0x00,0x00,0x00,0xff,0xff,0x00,0xff,
	0xff,0x00,0xff,0xff,0x00,0x00,0x00,0x00,0x00,0x00,0x00,0xff,0xff,0x00,0xff,0xff,
	0x00,0x00,0x00,0x00,0x00,0x00,0x00,0xff,0xff,0x00,0x00,0x00,0x00,0x00,0x00,0x00,
	0x00,0x00,0x00,0xff,0x00,0x00,0xff,0x00,0x00,0xff,0x00,0x00,0xff,0x00,0x00,0xff,
	0x00,0x00,0x00,0x00,0x00,0x00,0x00,0x00,0x00,0x00,0x00,0xff,0x00,0x00,0xff,0x00,
	0x00,0xff,0x00,0x00,0xff,0x00,0x00,0xff,0x00,0x00,0x00,0x00,0x00,0x00,0x00,0x00,
	0x00,0x00,0x00,0xff,0x00,0x00,0xff,0x00,0x00,0xff,0x00,0x00,0xff,0x00,0x00,0xff,
	0x00,0x00,0xff,0x00,0x00,0x00,0x00,0x00,0xff,0x00,0x00,0xff,0x00,0x00,0xff,0x00,
	0x00,0x00,0x00,0x00,0x00,0x00,0x00,0xff,0x00,0x00,0xff,0x00,0x00,0x00,0x00,0x00,
	0x00,0x00,0x00,0xff,0x00,0x00,0xff,0x00,0x00,0xff,0x00,0x00,0xff,0x00,0x00,0xff,
	0x00,0x00,0xff,0x00,0x00,0x00,0x00,0x00,0x00,0x00,0x00,0xff,0xff,0x00,0xff,0xff,
	0x00,0xff,0xff,0x00,0xff,0xff,0x00,0xff,0xff,0x00,0x00,0x00,0x00,0x00,0x00,0x00,
	0x00,0x00,0x00,0xff,0xff,0x00,0xff,0xff,0x00,0xff,0xff,0x00,0xff,0xff,0x00,0xff,
	0xff,0x00,0x00,0x00,0x00,0x00,0x00,0x00,0x00,0x00,0x00,0xff,0xff,0x00,0xff,0xff,
	0x00,0xff,0xff,0x00,0xff,0xff,0x00,0xff,0xff,0x00,0xff,0xff,0x00,0x00,0x00,0x00,
	0xff,0xff,0x00,0xff,0xff,0x00,0xff,0xff,0x00,0x00,0x00,0x00,0x00,0x00,0x00,0xff,
	0xff,0x00,0xff,0xff,0x00,0x00,0x00,0x00,0x00,0x00,0x00,0xff,0xff,0x00,0xff,0xff,
	0x00,0xff,0xff,0x00,0xff,0xff,0x00,0xff,0xff,0x00,0xff,0xff,0x00,0x00,0x00,0x00,
	0x00,0x00,0x00,0x00,0x00,0x00,0xff,0xff,0x00,0x00,0x00,0x00,0x00,0x00,0x00,0xff,
	0xff,0x00,0xff,0xff,0x00,0xff,0xff,0x00,0xff,0xff,0x00,0xff,0xff,0x00,0x00,0x00,
	0x00,0x00,0x00,0x00,0xff,0xff,0x00,0xff,0xff,0x00,0xff,0xff,0x00,0x00,0x00,0x00,
	0x00,0x00,0x00,0xff,0xff,0x00,0xff,0xff,0x00,0x00,0x00,0x00,0x00,0x00,0x00,0xff,
	0xff,0x00,0xff,0xff,0x00,0xff,0xff,0x00,0xff,0xff,0x00,0xff,0xff,0x00,0x00,0x00,
	0x00,0x00,0x00,0x00,0xff,0xff,0x00,0xff,0xff,0x00,0xff,0xff,0x00,0x00,0x00,0x00,
	0x00,0x00,0x00,0x00,0x00,0x00,0x00,0x00,0x00,0x00,0x00,0x00,0xff,0xff,0x00,0xff,
	0xff,0x00,0xff,0xff,0x00,0xff,0xff,0x00,0xff,0xff,0x00,0xff,0xff,0x00,0xff,0xff,
	0x00,0x00,0x00,0x00,0x00,0x00,0x00,0xff,0xff,0x00,0x00,0x00,0x00,0x00,0x00,0x00,
	0x00,0x00,0x00,0x00,0x00,0x00,0x00,0x00,0x00,0x00,0x00,0x00,0x00,0x00,0x00,0x00,
	0x00,0x00,0x00,0x00,0x00,0x00,0x00,0x00,0x00,0x00,0x00,0x00,0x00,0x00,0x00,0x00,
	0x00,0x00,0x00,0x00,0x00,0x00,0x00,0x00,0x00,0x00,0x00,0x00,0x00,0x00,0x00,0x00,
	0x00,0x00,0x00,0x00,0x00,0x00,0x00,0x00,0x00,0x00,0x00,0x00,0x00,0x00,0x00,0x00,
	0x00,0x00,0x00,0x00,0x00,0x00,0x00,0x00,0x00,0x00,0x00,0x00,0x00,0x00,0x00,0x00,
	0x00,0x00,0x00,0x00,0x00,0x00,0x00,0x00,0x00,0x00,0x00,0x00,0x00,0x00,0x00,0x00,
	0x00,0x00,0x00,0x00,0x00,0x00,0x00,0x00,0x00,0x00,0x00,0x00,0x00,0x00,0x00,0x00,
	0x00,0x00,0x00,0x00,0x00,0x00,0x00,0x00,0x00,0x00,0x00,0x00,0x00,0x00,0x00,0x00,
	0x00,0x00,0x00,0x00,0x00,0x00,0x00,0x00,0x00,0x00,0x00,0x00,0x00,0x00,0x00,0x00,
	0x00,0x00,0x00,0x00,0x00,0x00,0x00,0x00,0x00,0x00,0x00,0x00,0x00,0x00,0x00,0x00,
	0x00,0x00,0x00,0x00,0x00,0x00,0x00,0x00,0x00,0x00,0x00,0x00,0x00,0x00,0x00,0x00,
	0x00,0x00,0x00,0x00,0x00,0x00,0x00,0x00,0x00,0x00,0x00,0x00,0x00,0x00,0x00,0x00,
	0x00,0x00,0x00,0x00,0x00,0x00,0x00,0x00,0x00,0x00,0x00,0x00,0x00,0x00,0x00,0x00,
	0x00,0x00,0x00,0x00,0x00,0x00,0x00,0x00,0x00,0x00,0x00,0x00,0x00,0x00,0x00,0x00,
	0x00,0x00,0x00,0x00,0x00,0x00,0x00,0x00,0x00,0x00,0x00,0x00,0x00,0x00,0x00,0x00,
	0x00,0x00,0x00,0x00,0x00,0x00,0xff,0xff,0x00,0x00,0x00,0x00,0x00,0x00,0x00,0x00,
	0x00,0x00,0xff,0xff,0x00,0xff,0xff,0x00,0xff,0xff,0x00,0xff,0xff,0x00,0xff,0xff,
	0x00,0x00,0x00,0x00,0xff,0xff,0x00,0xff,0xff,0x00,0xff,0xff,0x00,0xff,0xff,0x00,
	0xff,0xff,0x00,0xff,0xff,0x00,0x00,0x00,0x00,0x00,0x00,0x00,0xff,0xff,0x00,0xff,
	0xff,0x00,0xff,0xff,0x00,0x00,0x00,0x00,0xff,0xff,0x00,0xff,0xff,0x00,0x00,0x00,
	0x00,0x00,0x00,0x00,0xff,0xff,0x00,0xff,0xff,0x00,0xff,0xff,0x00,0x00,0x00,0x00,
	0x00,0x00,0x00,0xff,0xff,0x00,0xff,0xff,0x00,0x00,0x00,0x00,0xff,0xff,0x00,0xff,
	0xff,0x00,0xff,0xff,0x00,0x00,0x00,0x00,0x00,0x00,0x00,0x00,0x00,0x00,0x00,0x00,
	0x00,0x00,0x00,0x00,0x00,0x00,0x00,0xff,0xff,0x00,0x00,0x00,0x00,0x00,0x00,0x00,
	0x00,0x00,0x00,0x00,0x00,0x00,0x00,0x00,0x00,0x00,0x00,0x00,0x00,0x00,0x00,0x00,
	0x00,0x00,0x00,0x00,0x00,0x00,0x00,0x00,0x00,0x00,0x00,0x00,0x00,0x00,0x00,0x00,
	0x00,0x00,0x00,0x00,0x00,0x00,0x00,0x00,0x00,0x00,0x00,0x00,0x00,0x00,0x00,0x00,
	0x00,0x00,0x00,0x00,0x00,0x00,0x00,0x00,0x00,0x00,0x00,0x00,0x00,0x00,0x00,0x00,
	0x00,0x00,0x00,0x00,0x00,0x00,0x00,0x00,0x00,0x00,0x00,0x00,0x00,0x00,0x00,0x00,
	0x00,0x00,0x00,0x00,0x00,0x00,0x00,0x00,0x00,0x00,0x00,0x00,0x00,0x00,0x00,0x00,
	0x00,0x00,0x00,0xff,0x00,0x00,0xff,0x00,0x00,0xff,0x00,0x00,0xff,0x00,0x00,0xff,
	0x00,0x00,0x00,0x00,0x00,0x00,0x00,0x00,0x00,0x00,0x00,0x00,0x00,0x00,0x00,0x00,
	0x00,0x00,0x00,0x00,0x00,0x00,0x00,0x00,0x00,0x00,0x00,0x00,0x00,0x00,0x00,0x00,
	0x00,0x00,0x00,0x00,0x00,0x00,0x00,0x00,0x00,0x00,0x00,0x00,0x00,0x00,0x00,0x00,
	0x00,0x00,0x00,0x00,0x00,0x00,0x00,0x00,0x00,0x00,0x00,0x00,0x00,0x00,0x00,0x00,
	0x00,0x00,0x00,0x00,0x00,0x00,0x00,0x00,0x00,0x00,0x00,0x00,0x00,0x00,0x00,0x00,
	0x00,0x00,0x00,0x00,0x00,0x00,0x00,0x00,0x00,0x00,0x00,0x00,0x00,0x00,0x00,0x00,
	0x00,0x00,0x00,0x00,0x00,0x00,0x00,0x00,0x00,0x00,0x00,0x00,0x00,0x00,0x00,0x00,
	0x00,0x00,0x00,0x00,0x00,0x00,0x00,0x00,0x00,0x00,0x00,0x00,0x00,0x00,0x00,0x00,
	0x00,0x00,0x00,0x00,0x00,0x00,0xff,0xff,0x00,0x00,0x00,0x00,0xff,0xff,0x00,0xff,
	0xff,0x00,0xff,0xff,0x00,0xff,0xff,0x00,0xff,0xff,0x00,0xff,0xff,0x00,0x00,0x00,
	0x00,0x00,0x00,0x00,0xff,0xff,0x00,0xff,0xff,0x00,0xff,0xff,0x00,0x00,0x00,0x00,
	0x00,0x00,0x00,0x00,0x00,0x00,0x00,0x00,0x00,0x00,0x00,0x00,0x00,0x00,0x00,0xff,
	0xff,0x00,0xff,0xff,0x00,0xff,0xff,0x00,0xff,0xff,0x00,0xff,0xff,0x00,0xff,0xff,
	0x00,0x00,0x00,0x00,0x00,0x00,0x00,0xff,0xff,0x00,0xff,0xff,0x00,0xff,0xff,0x00,
	0xff,0xff,0x00,0xff,0xff,0x00,0x00,0x00,0x00,0x00,0x00,0x00,0x00,0x00,0x00,0xff,
	0xff,0x00,0xff,0xff,0x00,0xff,0xff,0x00,0xff,0xff,0x00,0xff,0xff,0x00,0x00,0x00,
	0x00,0x00,0x00,0x00,0x00,0x00,0x00,0xff,0xff,0x00,0x00,0x00,0x00,0x00,0x00,0x00,
	0xff,0x00,0x00,0xff,0x00,0x00,0xff,0x00,0x00,0xff,0x00,0x00,0xff,0x00,0x00,0xff,
	0x00,0x00,0xff,0x00,0x00,0x00,0x00,0x00,0x00,0x00,0x00,0xff,0x00,0x00,0xff,0x00,
	0x00,0xff,0x00,0x00,0xff,0x00,0x00,0xff,0x00,0x00,0x00,0x00,0x00,0x00,0x00,0x00,
	0xff,0x00,0x00,0xff,0x00,0x00,0xff,0x00,0x00,0xff,0x00,0x00,0xff,0x00,0x00,0xff,
	0x00,0x00,0x00,0x00,0x00,0x00,0x00,0x00,0x00,0x00,0x00,0xff,0x00,0x00,0xff,0x00,
	0x00,0xff,0x00,0x00,0xff,0x00,0x00,0xff,0x00,0x00,0xff,0x00,0x00,0x00,0x00,0x00,
	0xff,0x00,0x00,0xff,0x00,0x00,0xff,0x00,0x00,0xff,0x00,0x00,0xff,0x00,0x00,0xff,
	0x00,0x00,0xff,0x00,0x00,0x00,0x00,0x00,0x00,0x00,0x00,0xff,0x00,0x00,0xff,0x00,
	0x00,0xff,0x00,0x00,0xff,0x00,0x00,0xff,0x00,0x00,0x00,0x00,0x00,0x00,0x00,0x00,
	0x00,0x00,0x00,0xff,0x00,0x00,0xff,0x00,0x00,0xff,0x00,0x00,0xff,0x00,0x00,0xff,
	0x00,0x00,0x00,0x00,0x00,0x00,0x00,0x00,0xff,0x00,0x00,0xff,0x00,0x00,0xff,0x00,
	0x00,0xff,0x00,0x00,0xff,0x00,0x00,0xff,0x00,0x00,0x00,0x00,0x00,0x00,0x00,0x00,
	0x00,0x00,0x00,0xff,0x00,0x00,0xff,0x00,0x00,0xff,0x00,0x00,0xff,0x00,0x00,0xff,
	0x00,0x00,0xff,0x00,0x00,0x00,0x00,0x00,0x00,0x00,0x00,0x00,0x00,0x00,0x00,0x00,
	0x00,0x00,0x00,0x00,0x00,0x00,0x00,0x00,0x00,0x00,0x00,0x00,0x00,0x00,0x00,0x00,
	0x00,0x00,0x00,0x00,0x00,0x00,0xff,0xff,0x00,0x00,0x00,0x00,0x00,0x00,0x00,0x00,
	0x00,0x00,0x00,0x00,0x00,0x00,0x00,0x00,0x00,0x00,0x00,0x00,0x00,0x00,0x00,0x00,
	0x00,0x00,0x00,0x00,0xff,0xff,0x00,0xff,0xff,0x00,0xff,0xff,0x00,0x00,0x00,0x00,
	0x00,0x00,0x00,0x00,0x00,0x00,0x00,0x00,0x00,0x00,0x00,0x00,0x00,0x00,0x00,0x00,
	0x00,0x00,0x00,0x00,0x00,0x00,0x00,0x00,0x00,0x00,0x00,0x00,0x00,0x00,0x00,0x00,
	0x00,0x00,0x00,0x00,0x00,0x00,0x00,0x00,0x00,0x00,0x00,0x00,0x00,0x00,0x00,0x00,
	0x00,0x00,0x00,0x00,0x00,0x00,0x00,0x00,0x00,0x00,0x00,0x00,0x00,0x00,0x00,0x00,
	0x00,0x00,0x00,0x00,0x00,0x00,0x00,0x00,0x00,0x00,0x00,0x00,0x00,0x00,0x00,0x00,
	0x00,0x00,0x00,0x00,0x00,0x00,0x00,0xff,0xff,0x00,0x00,0x00,0x00,0x00,0x00,0x00,
	0xff,0x00,0x00,0xff,0x00,0x00,0xff,0x00,0x00,0xff,0x00,0x00,0xff,0x00,0x00,0xff,
	0x00,0x00,0xff,0x00,0x00,0x00,0x00,0x00,0x00,0x00,0x00,0x00,0x00,0x00,0xff,0x00,
	0x00,0xff,0x00,0x00,0xff,0x00,0x00,0x00,0x00,0x00,0x00,0x00,0x00,0x00,0x00,0x00,
	0xff,0x00,0x00,0xff,0x00,0x00,0xff,0x00,0x00,0xff,0x00,0x00,0xff,0x00,0x00,0xff,
	0x00,0x00,0xff,0x00,0x00,0x00,0x00,0x00,0xff,0x00,0x00,0xff,0x00,0x00,0xff,0x00,
	0x00,0xff,0x00,0x00,0xff,0x00,0x00,0x00,0x00,0x00,0x00,0x00,0x00,0x00,0x00,0x00,
	0xff,0x00,0x00,0xff,0x00,0x00,0xff,0x00,0x00,0xff,0x00,0x00,0xff,0x00,0x00,0x00,
	0x00,0x00,0x00,0x00,0x00,0x00,0x00,0x00,0xff,0x00,0x00,0xff,0x00,0x00,0xff,0x00,
	0x00,0x00,0x00,0x00,0x00,0x00,0x00,0xff,0x00,0x00,0xff,0x00,0x00,0x00,0x00,0x00,
	0xff,0x00,0x00,0xff,0x00,0x00,0xff,0x00,0x00,0x00,0x00,0x00,0x00,0x00,0x00,0xff,
	0x00,0x00,0xff,0x00,0x00,0x00,0x00,0x00,0xff,0x00,0x00,0xff,0x00,0x00,0xff,0x00,
	0x00,0x00,0x00,0x00,0x00,0x00,0x00,0xff,0x00,0x00,0xff,0x00,0x00,0x00,0x00,0x00,
	0xff,0x00,0x00,0xff,0x00,0x00,0xff,0x00,0x00,0xff,0x00,0x00,0xff,0x00,0x00,0x00,
	0x00,0x00,0x00,0x00,0x00,0x00,0x00,0x00,0x00,0x00,0x00,0x00,0x00,0x00,0x00,0x00,
	0x00,0x00,0x00,0x00,0x00,0x00,0x00,0x00,0x00,0x00,0x00,0x00,0x00,0x00,0x00,0x00,
	0x00,0x00,0x00,0x00,0x00,0x00,0xff,0xff,0x00,0x00,0x00,0x00,0x00,0x00,0x00,0x00,
	0x00,0x00,0x00,0x00,0x00,0x00,0x00,0x00,0x00,0x00,0x00,0x00,0x00,0x00,0x00,0x00,
	0x00,0x00,0x00,0x00,0x00,0x00,0x00,0x00,0x00,0x00,0x00,0x00,0x00,0x00,0x00,0x00,
	0x00,0x00,0x00,0x00,0x00,0x00,0x00,0x00,0x00,0x00,0x00,0x00,0x00,0x00,0x00,0x00,
	0x00,0x00,0x00,0x00,0x00,0x00,0x00,0x00,0x00,0x00,0x00,0x00,0x00,0x00,0x00,0x00,
	0x00,0x00,0x00,0x00,0x00,0x00,0x00,0x00,0x00,0x00,0x00,0x00,0x00,0x00,0x00,0x00,
	0x00,0x00,0x00,0x00,0x00,0x00,0x00,0x00,0x00,0x00,0x00,0x00,0x00,0x00,0x00,0x00,
	0x00,0x00,0x00,0x00,0x00,0x00,0x00,0x00,0x00,0x00,0x00,0x00,0x00,0x00,0x00,0x00,
	0x00,0x00,0x00,0x00,0x00,0x00,0x00,0xff,0xff,0x00,0x00,0x00,0x00,0x00,0x00,0x00,
	0x00,0x00,0x00,0x00,0x00,0x00,0xff,0x00,0x00,0xff,0x00,0x00,0xff,0x00,0x00,0x00,
	0x00,0x00,0x00,0x00,0x00,0x00,0x00,0x00,0x00,0x00,0x00,0x00,0x00,0x00,0xff,0x00,
	0x00,0xff,0x00,0x00,0xff,0x00,0x00,0x00,0x00,0x00,0x00,0x00,0x00,0x00,0x00,0x00,
	0xff,0x00,0x00,0xff,0x00,0x00,0x00,0x00,0x00,0xff,0x00,0x00,0xff,0x00,0x00,0x00,
	0x00,0x00,0xff,0x00,0x00,0x00,0x00,0x00,0xff,0x00,0x00,0xff,0x00,0x00,0xff,0x00,
	0x00,0xff,0x00,0x00,0xff,0x00,0x00,0xff,0x00,0x00,0xff,0x00,0x00,0x00,0x00,0x00,
	0x00,0x00,0x00,0xff,0x00,0x00,0xff,0x00,0x00,0xff,0x00,0x00,0xff,0x00,0x00,0xff,
	0x00,0x00,0x00,0x00,0x00,0x00,0x00,0x00,0xff,0x00,0x00,0xff,0x00,0x00,0xff,0x00,
	0x00,0x00,0x00,0x00,0x00,0x00,0x00,0x00,0x00,0x00,0x00,0x00,0x00,0x00,0x00,0x00,
	0xff,0x00,0x00,0xff,0x00,0x00,0xff,0x00,0x00,0x00,0x00,0x00,0x00,0x00,0x00,0xff,
	0x00,0x00,0xff,0x00,0x00,0x00,0x00,0x00,0xff,0x00,0x00,0xff,0x00,0x00,0xff,0x00,
	0x00,0x00,0x00,0x00,0x00,0x00,0x00,0xff,0x00,0x00,0xff,0x00,0x00,0x00,0x00,0x00,
	0xff,0x00,0x00,0xff,0x00,0x00,0xff,0x00,0x00,0xff,0x00,0x00,0xff,0x00,0x00,0xff,
	0x00,0x00,0xff,0x00,0x00,0x00,0x00,0x00,0x00,0x00,0x00,0x00,0x00,0x00,0x00,0x00,
	0x00,0x00,0x00,0x00,0x00,0x00,0x00,0x00,0x00,0x00,0x00,0x00,0x00,0x00,0x00,0x00,
	0x00,0x00,0x00,0x00,0x00,0x00,0xff,0xff,0x00,0x00,0x00,0x00,0x00,0x00,0x00,0x00,
	0x00,0x00,0x00,0x00,0x00,0x00,0x00,0x00,0x00,0x00,0x00,0x00,0x00,0x00,0x00,0x00,
	0x00,0x00,0x00,0x00,0x00,0x00,0x00,0x00,0x00,0x00,0x00,0x00,0x00,0x00,0x00,0x00,
	0x00,0x00,0x00,0x00,0x00,0x00,0x00,0x00,0x00,0x00,0x00,0x00,0x00,0x00,0x00,0x00,
	0x00,0x00,0x00,0x00,0x00,0x00,0x00,0x00,0x00,0x00,0x00,0x00,0x00,0x00,0x00,0x00,
	0x00,0x00,0x00,0x00,0x00,0x00,0x00,0x00,0x00,0x00,0x00,0x00,0x00,0x00,0x00,0x00,
	0x00,0x00,0x00,0x00,0x00,0x00,0x00,0x00,0x00,0x00,0x00,0x00,0x00,0x00,0x00,0x00,
	0x00,0x00,0x00,0x00,0x00,0x00,0x00,0x00,0x00,0x00,0x00,0x00,0x00,0x00,0x00,0x00,
	0x00,0x00,0x00,0x00,0x00,0x00,0x00,0xff,0xff,0x00,0x00,0x00,0x00,0x00,0x00,0x00,
	0x00,0x00,0x00,0x00,0x00,0x00,0xff,0x00,0x00,0xff,0x00,0x00,0xff,0x00,0x00,0x00,
	0x00,0x00,0x00,0x00,0x00,0x00,0x00,0x00,0x00,0x00,0x00,0x00,0x00,0x00,0xff,0x00,
	0x00,0xff,0x00,0x00,0xff,0x00,0x00,0x00,0x00,0x00,0x00,0x00,0x00,0x00,0x00,0x00,
	0xff,0x00,0x00,0xff,0x00,0x00,0x00,0x00,0x00,0xff,0x00,0x00,0xff,0x00,0x00,0x00,
	0x00,0x00,0xff,0x00,0x00,0x00,0x00,0x00,0xff,0x00,0x00,0xff,0x00,0x00,0xff,0x00,
	0x00,0xff,0x00,0x00,0xff,0x00,0x00,0x00,0x00,0x00,0x00,0x00,0x00,0x00,0x00,0x00,
	0x00,0x00,0x00,0x00,0x00,0x00,0xff,0x00,0x00,0xff,0x00,0x00,0xff,0x00,0x00,0xff,
	0x00,0x00,0xff,0x00,0x00,0x00,0x00,0x00,0xff,0x00,0x00,0xff,0x00,0x00,0xff,0x00,
	0x00,0x00,0x00,0x00,0x00,0x00,0x00,0xff,0x00,0x00,0xff,0x00,0x00,0x00,0x00,0x00,
	0xff,0x00,0x00,0xff,0x00,0x00,0xff,0x00,0x00,0x00,0x00,0x00,0x00,0x00,0x00,0xff,
	0x00,0x00,0xff,0x00,0x00,0x00,0x00,0x00,0xff,0x00,0x00,0xff,0x00,0x00,0xff,0x00,
	0x00,0xff,0x00,0x00,0xff,0x00,0x00,0xff,0x00,0x00,0x00,0x00,0x00,0x00,0x00,0x00,
	0xff,0x00,0x00,0xff,0x00,0x00,0xff,0x00,0x00,0xff,0x00,0x00,0xff,0x00,0x00,0x00,
	0x00,0x00,0x00,0x00,0x00,0x00,0x00,0x00,0x00,0x00,0x00,0x00,0x00,0x00,0x00,0x00,
	0x00,0x00,0x00,0x00,0x00,0x00,0x00,0x00,0x00,0x00,0x00,0x00,0x00,0x00,0x00,0x00,
	0x00,0x00,0x00,0x00,0x00,0x00,0xff,0xff,0x00,0xff,0xff,0x00,0xff,0xff,0x00,0xff,
	0xff,0x00,0xff,0xff,0x00,0xff,0xff,0x00,0xff,0xff,0x00,0xff,0xff,0x00,0xff,0xff,
	0x00,0xff,0xff,0x00,0xff,0xff,0x00,0xff,0xff,0x00,0xff,0xff,0x00,0xff,0xff,0x00,
	0xff,0xff,0x00,0xff,0xff,0x00,0xff,0xff,0x00,0xff,0xff,0x00,0xff,0xff,0x00,0xff,
	0xff,0x00,0xff,0xff,0x00,0xff,0xff,0x00,0xff,0xff,0x00,0xff,0xff,0x00,0xff,0xff,
	0x00,0xff,0xff,0x00,0xff,0xff,0x00,0xff,0xff,0x00,0xff,0xff,0x00,0xff,0xff,0x00,
	0xff,0xff,0x00,0xff,0xff,0x00,0xff,0xff,0x00,0xff,0xff,0x00,0xff,0xff,0x00,0xff,
	0xff,0x00,0xff,0xff,0x00,0xff,0xff,0x00,0xff,0xff,0x00,0xff,0xff,0x00,0xff,0xff,
	0x00,0xff,0xff,0x00,0xff,0xff,0x00,0xff,0xff,0x00,0x00,0x00,0x00,0x00,0x00,0x00,
	0x00,0x00,0x00,0x00,0x00,0x00,0xff,0x00,0x00,0xff,0x00,0x00,0xff,0x00,0x00,0x00,
	0x00,0x00,0x00,0x00,0x00,0x00,0x00,0x00,0x00,0x00,0x00,0x00,0x00,0x00,0xff,0x00,
	0x00,0xff,0x00,0x00,0xff,0x00,0x00,0x00,0x00,0x00,0x00,0x00,0x00,0x00,0x00,0x00,
	0xff,0x00,0x00,0xff,0x00,0x00,0x00,0x00,0x00,0xff,0x00,0x00,0xff,0x00,0x00,0x00,
	0x00,0x00,0xff,0x00,0x00,0x00,0x00,0x00,0xff,0x00,0x00,0xff,0x00,0x00,0xff,0x00,
	0x00,0xff,0x00,0x00,0xff,0x00,0x00,0xff,0x00,0x00,0xff,0x00,0x00,0x00,0x00,0x00,
	0xff,0x00,0x00,0xff,0x00,0x00,0xff,0x00,0x00,0xff,0x00,0x00,0xff,0x00,0x00,0xff,
	0x00,0x00,0xff,0x00,0x00,0x00,0x00,0x00,0xff,0x00,0x00,0xff,0x00,0x00,0xff,0x00,
	0x00,0xff,0x00,0x00,0xff,0x00,0x00,0xff,0x00,0x00,0xff,0x00,0x00,0x00,0x00,0x00,
	0xff,0x00,0x00,0xff,0x00,0x00,0xff,0x00,0x00,0xff,0x00,0x00,0xff,0x00,0x00,0xff,
	0x00,0x00,0xff,0x00,0x00,0x00,0x00,0x00,0xff,0x00,0x00,0xff,0x00,0x00,0xff,0x00,
	0x00,0xff,0x00,0x00,0xff,0x00,0x00,0xff,0x00,0x00,0xff,0x00,0x00,0x00,0x00,0x00,
	0xff,0x00,0x00,0xff,0x00,0x00,0xff,0x00,0x00,0xff,0x00,0x00,0xff,0x00,0x00,0xff,
	0x00,0x00,0xff,0x00,0x00,0x00,0x00,0x00,0x00,0x00,0x00,0x00,0x00,0x00,0x00,0x00,
	0x00,0x00,0x00,0x00,0x00,0x00,0x00,0x00,0x00,0x00,0x00,0x00,0x00,0x00,0x00,0x00,
	0x00,0x00,0x00,0x00,0x00,0x00,0x00,0x00,0x00,0x00,0x00,0x00,0x00,0x00,0x00,0x00,
	0x00,0x00,0x00,0x00,0x00,0x00,0x00,0x00,0x00,0x00,0x00,0x00,0x00,0x00,0x00,0x00,
	0x00,0x00,0x00,0x00,0x00,0x00,0x00,0x00,0x00,0x00,0x00,0x00,0x00,0x00,0x00,0x00,
	0x00,0x00,0x00,0x00,0x00,0x00,0x00,0x00,0x00,0x00,0x00,0x00,0x00,0x00,0x00,0x00,
	0x00,0x00,0x00,0x00,0x00,0x00,0x00,0x00,0x00,0x00,0x00,0x00,0x00,0x00,0x00,0x00,
	0x00,0x00,0x00,0x00,0x00,0x00,0x00,0x00,0x00,0x00,0x00,0x00,0x00,0x00,0x00,0x00,
	0x00,0x00,0x00,0x00,0x00,0x00,0x00,0x00,0x00,0x00,0x00,0x00,0x00,0x00,0x00,0x00,
	0x00,0x00,0x00,0x00,0x00,0x00,0x00,0x00,0x00,0x00,0x00,0x00,0x00,0x00,0x00,0x00,
	0x00,0x00,0x00,0x00,0x00,0x00,0x00,0x00,0x00,0x00,0x00,0x00,0x00,0x00,0x00,0x00,
	0x00,0x00,0x00,0x00,0x00,0x00,0xff,0x00,0x00,0xff,0x00,0x00,0xff,0x00,0x00,0x00,
	0x00,0x00,0x00,0x00,0x00,0x00,0x00,0x00,0x00,0x00,0x00,0xff,0x00,0x00,0xff,0x00,
	0x00,0xff,0x00,0x00,0xff,0x00,0x00,0xff,0x00,0x00,0x00,0x00,0x00,0x00,0x00,0x00,
	0xff,0x00,0x00,0xff,0x00,0x00,0x00,0x00,0x00,0xff,0x00,0x00,0xff,0x00,0x00,0x00,
	0x00,0x00,0xff,0x00,0x00,0x00,0x00,0x00,0x00,0x00,0x00,0xff,0x00,0x00,0xff,0x00,
	0x00,0xff,0x00,0x00,0xff,0x00,0x00,0xff,0x00,0x00,0xff,0x00,0x00,0x00,0x00,0x00,
	0x00,0x00,0x00,0xff,0x00,0x00,0xff,0x00,0x00,0xff,0x00,0x00,0xff,0x00,0x00,0xff,
	0x00,0x00,0x00,0x00,0x00,0x00,0x00,0x00,0x00,0x00,0x00,0xff,0x00,0x00,0xff,0x00,
	0x00,0xff,0x00,0x00,0xff,0x00,0x00,0xff,0x00,0x00,0x00,0x00,0x00,0x00,0x00,0x00,
	0x00,0x00,0x00,0xff,0x00,0x00,0xff,0x00,0x00,0xff,0x00,0x00,0xff,0x00,0x00,0xff,
	0x00,0x00,0x00,0x00,0x00,0x00,0x00,0x00,0xff,0x00,0x00,0xff,0x00,0x00,0xff,0x00,
	0x00,0x00,0x00,0x00,0xff,0x00,0x00,0xff,0x00,0x00,0xff,0x00,0x00,0x00,0x00,0x00,
	0x00,0x00,0x00,0xff,0x00,0x00,0xff,0x00,0x00,0xff,0x00,0x00,0xff,0x00,0x00,0xff,
	0x00,0x00,0xff,0x00,0x00,0x00,0x00,0x00,0x00,0x00,0x00,0x00,0x00,0x00,0x00,0x00,
	0x00,0x00,0x00,0x00,0x00,0x00,0x00,0x00,0x00,0x00,0x00,0x00,0x00,0x00,0x00,0x00,
	0x00,0x00,0x00,0x00,0x00,0x00,0x00,0x00,0x00,0x00,0x00,0x00,0x00,0x00,0x00,0x00,
	0x00,0x00,0x00,0x00,0x00,0x00,0x00,0x00,0x00,0x00,0x00,0x00,0x00,0x00,0x00,0x00,
	0x00,0x00,0x00,0x00,0x00,0x00,0x00,0x00,0x00,0x00,0x00,0x00,0x00,0x00,0x00,0x00,
	0x00,0x00,0x00,0x00,0x00,0x00,0x00,0x00,0x00,0x00,0x00,0x00,0x00,0x00,0x00,0x00,
	0x00,0x00,0x00,0x00,0x00,0x00,0x00,0x00,0x00,0x00,0x00,0x00,0x00,0x00,0x00,0x00,
	0x00,0x00,0x00,0x00,0x00,0x00,0x00,0x00,0x00,0x00,0x00,0x00,0x00,0x00,0x00,0x00,
	0x00,0x00,0x00,0x00,0x00,0x00,0x00,0x00,0x00,0x00,0x00,0x00,0x00,0x00,0x00,0x00,
	0x00,0x00,0x00,0x00,0x00,0x00,0x00,0x00,0x00,0x00,0x00,0x00,0x00,0x00,0x00,0x00,
	0x00,0x00,0x00,0x00,0x00,0x00,0x00,0x00,0x00,0x00,0x00,0x00,0x00,0x00,0x00,0x00,
	0x00,0x00,0x00,0x00,0x00,0x00,0x00,0x00,0x00,0x00,0x00,0x00,0x00,0x00,0x00,0x00,
	0x00,0x00,0x00,0x00,0x00,0x00,0x00,0x00,0x00,0x00,0x00,0x00,0x00,0x00,0x00,0x00,
	0x00,0x00,0x00,0x00,0x00,0x00,0x00,0x00,0x00,0x00,0x00,0x00,0x00,0x00,0x00,0x00,
	0x00,0x00,0x00,0x00,0x00,0x00,0x00,0x00,0x00,0x00,0x00,0x00,0x00,0x00,0x00,0x00,
	0x00,0x00,0x00,0x00,0x00,0x00,0x00,0x00,0x00,0x00,0x00,0x00,0x00,0x00,0x00,0x00,
	0x00,0x00,0x00,0x00,0x00,0x00,0x00,0x00,0x00,0x00,0x00,0x00,0x00,0x00,0x00,0x00,
	0x00,0x00,0x00,0x00,0x00,0x00,0x00,0x00,0x00,0x00,0x00,0x00,0x00,0x00,0x00,0x00,
	0x00,0x00,0x00,0x00,0x00,0x00,0x00,0x00,0x00,0x00,0x00,0x00,0x00,0x00,0x00,0x00,
	0x00,0x00,0x00,0x00,0x00,0x00,0x00,0x00,0x00,0x00,0x00,0x00,0x00,0x00,0x00,0x00,
	0x00,0x00,0x00,0x00,0x00,0x00,0x00,0x00,0x00,0x00,0x00,0x00,0x00,0x00,0x00,0x00,
	0x00,0x00,0x00,0x00,0x00,0x00,0x00,0x00,0x00,0x00,0x00,0x00,0x00,0x00,0x00,0x00,
	0x00,0x00,0x00,0x00,0x00,0x00,0x00,0x00,0x00,0x00,0x00,0x00,0x00,0x00,0x00,0x00,
	0x00,0x00,0x00,0x00,0x00,0x00,0x00,0x00,0x00,0x00,0x00,0x00,0x00,0x00,0x00,0x00,
	0x00,0x00,0x00,0x00,0x00,0x00,0x00,0x00,0x00,0x00,0x00,0x00,0x00,0x00,0x00,0x00,
	0x00,0x00,0x00,0x00,0x00,0x00,0x00,0x00,0x00,0x00,0x00,0x00,0x00,0x00,0x00,0x00,
	0x00,0x00,0x00,0xff,0xff,0x00,0xff,0xff,0x00,0xff,0xff,0x00,0xff,0xff,0x00,0xff,
	0xff,0x00,0x00,0x00,0x00,0x00,0x00,0x00,0x00,0x00,0x00,0x00,0x00,0x00,0xff,0xff,
	0x00,0xff,0xff,0x00,0xff,0xff,0x00,0x00,0x00,0x00,0x00,0x00,0x00,0x00,0x00,0x00,
	0x00,0x00,0x00,0xff,0xff,0x00,0xff,0xff,0x00,0xff,0xff,0x00,0xff,0xff,0x00,0xff,
	0xff,0x00,0x00,0x00,0x00,0x00,0x00,0x00,0x00,0x00,0x00,0xff,0xff,0x00,0xff,0xff,
	0x00,0xff,0xff,0x00,0xff,0xff,0x00,0xff,0xff,0x00,0x00,0x00,0x00,0x00,0x00,0x00,
	0x00,0x00,0x00,0x00,0x00,0x00,0xff,0xff,0x00,0xff,0xff,0x00,0xff,0xff,0x00,0xff,
	0xff,0x00,0x00,0x00,0x00,0x00,0x00,0x00,0xff,0xff,0x00,0xff,0xff,0x00,0xff,0xff,
	0x00,0xff,0xff,0x00,0xff,0xff,0x00,0xff,0xff,0x00,0xff,0xff,0x00,0x00,0x00,0x00,
	0x00,0x00,0x00,0xff,0xff,0x00,0xff,0xff,0x00,0xff,0xff,0x00,0xff,0xff,0x00,0xff,
	0xff,0x00,0x00,0x00,0x00,0x00,0x00,0x00,0xff,0xff,0x00,0xff,0xff,0x00,0xff,0xff,
	0x00,0xff,0xff,0x00,0xff,0xff,0x00,0xff,0xff,0x00,0xff,0xff,0x00,0x00,0x00,0x00,
	0x00,0x00,0x00,0xff,0xff,0x00,0xff,0xff,0x00,0xff,0xff,0x00,0xff,0xff,0x00,0xff,
	0xff,0x00,0x00,0x00,0x00,0x00,0x00,0x00,0x00,0x00,0x00,0xff,0xff,0x00,0xff,0xff,
	0x00,0xff,0xff,0x00,0xff,0xff,0x00,0xff,0xff,0x00,0x00,0x00,0x00,0x00,0x00,0x00,
	0x00,0x00,0x00,0x00,0x00,0x00,0xff,0xff,0x00,0xff,0xff,0x00,0x00,0x00,0x00,0x00,
	0x00,0x00,0x00,0x00,0x00,0xff,0x00,0x00,0xff,0x00,0x00,0x00,0x00,0x00,0x00,0x00,
	0x00,0x00,0x00,0x00,0xff,0xff,0x00,0xff,0xff,0x00,0x00,0x00,0x00,0x00,0x00,0x00,
	0x00,0x00,0x00,0x00,0x00,0x00,0xff,0xff,0x00,0xff,0xff,0x00,0x00,0x00,0x00,0xff,
	0x00,0x00,0xff,0x00,0x00,0x00,0x00,0x00,0x00,0x00,0x00,0xff,0x00,0x00,0xff,0x00,
	0x00,0x00,0x00,0x00,0xff,0xff,0x00,0xff,0xff,0x00,0x00,0x00,0x00,0x00,0x00,0x00,
	0xff,0x00,0x00,0xff,0x00,0x00,0xff,0x00,0x00,0xff,0x00,0x00,0xff,0x00,0x00,0xff,
	0x00,0x00,0xff,0x00,0x00,0x00,0x00,0x00,0x00,0x00,0xff,0x00,0x00,0xff,0x00,0x00,
	0xff,0x00,0x00,0xff,0x00,0x00,0xff,0x00,0x00,0xff,0x00,0x00,0xff,0x00,0x00,0x00,
	0xff,0xff,0x00,0xff,0xff,0x00,0xff,0xff,0x00,0x00,0x00,0x00,0xff,0xff,0x00,0xff,
	0xff,0x00,0xff,0xff,0x00,0x00,0x00,0x00,0x00,0x00,0x00,0xff,0xff,0x00,0xff,0xff,
	0x00,0xff,0xff,0x00,0xff,0xff,0x00,0x00,0x00,0x00,0x00,0x00,0x00,0x00,0x00,0x00,
	0xff,0xff,0x00,0xff,0xff,0x00,0xff,0xff,0x00,0x00,0x00,0x00,0xff,0xff,0x00,0xff,
	0xff,0x00,0xff,0xff,0x00,0x00,0x00,0x00,0xff,0xff,0x00,0xff,0xff,0x00,0xff,0xff,
	0x00,0x00,0x00,0x00,0xff,0xff,0x00,0xff,0xff,0x00,0xff,0xff,0x00,0x00,0x00,0x00,
	0x00,0x00,0x00,0xff,0xff,0x00,0xff,0xff,0x00,0xff,0xff,0x00,0xff,0xff,0x00,0xff,
	0xff,0x00,0x00,0x00,0x00,0x00,0x00,0x00,0xff,0xff,0x00,0xff,0xff,0x00,0xff,0xff,
	0x00,0x00,0x00,0x00,0x00,0x00,0x00,0x00,0x00,0x00,0x00,0x00,0x00,0x00,0x00,0x00,
	0xff,0xff,0x00,0xff,0xff,0x00,0xff,0xff,0x00,0x00,0x00,0x00,0xff,0xff,0x00,0xff,
	0xff,0x00,0xff,0xff,0x00,0x00,0x00,0x00,0xff,0xff,0x00,0xff,0xff,0x00,0xff,0xff,
	0x00,0x00,0x00,0x00,0xff,0xff,0x00,0xff,0xff,0x00,0xff,0xff,0x00,0x00,0x00,0x00,
	0xff,0xff,0x00,0xff,0xff,0x00,0xff,0xff,0x00,0x00,0x00,0x00,0xff,0xff,0x00,0xff,
	0xff,0x00,0xff,0xff,0x00,0x00,0x00,0x00,0xff,0xff,0x00,0xff,0xff,0x00,0xff,0xff,
	0x00,0x00,0x00,0x00,0xff,0xff,0x00,0xff,0xff,0x00,0xff,0xff,0x00,0x00,0x00,0x00,
	0x00,0x00,0x00,0xff,0xff,0x00,0x00,0x00,0x00,0x00,0x00,0x00,0xff,0xff,0x00,0x00,
	0x00,0xff,0x00,0x00,0xff,0x00,0x00,0xff,0x00,0x00,0xff,0x00,0x00,0xff,0x00,0x00,
	0xff,0xff,0xff,0x00,0x00,0x00,0x00,0x00,0x00,0x00,0xff,0xff,0x00,0x00,0x00,0x00,
	0x00,0x00,0x00,0xff,0xff,0x00,0x00,0x00,0x00,0x00,0x00,0x00,0xff,0xff,0x00,0x00,
	0x00,0x00,0xff,0x00,0x00,0xff,0x00,0x00,0x00,0x00,0x00,0x00,0x00,0x00,0x00,0x00,
	0x00,0xff,0xff,0x00,0x00,0x00,0x00,0x00,0x00,0x00,0xff,0xff,0x00,0x00,0x00,0x00,
	0xff,0x00,0x00,0xff,0x00,0x00,0xff,0x00,0x00,0xff,0x00,0x00,0xff,0x00,0x00,0xff,
	0x00,0x00,0xff,0x00,0x00,0x00,0x00,0x00,0x00,0x00,0xff,0x00,0x00,0xff,0x00,0x00,
	0xff,0x00,0x00,0xff,0x00,0x00,0xff,0x00,0x00,0xff,0x00,0x00,0xff,0x00,0x00,0x00,
	0xff,0xff,0x00,0xff,0xff,0x00,0xff,0xff,0x00,0x00,0x00,0x00,0xff,0xff,0x00,0xff,
	0xff,0x00,0xff,0xff,0x00,0x00,0x00,0x00,0x00,0x00,0x00,0x00,0x00,0x00,0xff,0xff,
	0x00,0xff,0xff,0x00,0xff,0xff,0x00,0x00,0x00,0x00,0x00,0x00,0x00,0x00,0x00,0x00,
	0x00,0x00,0x00,0x00,0x00,0x00,0x00,0x00,0x00,0x00,0x00,0x00,0xff,0xff,0x00,0xff,
	0xff,0x00,0xff,0xff,0x00,0x00,0x00,0x00,0x00,0x00,0x00,0x00,0x00,0x00,0x00,0x00,
	0x00,0x00,0x00,0x00,0xff,0xff,0x00,0xff,0xff,0x00,0xff,0xff,0x00,0x00,0x00,0x00,
	0xff,0xff,0x00,0xff,0xff,0x00,0x00,0x00,0x00,0xff,0xff,0x00,0xff,0xff,0x00,0xff,
	0xff,0x00,0x00,0x00,0x00,0x00,0x00,0x00,0xff,0xff,0x00,0xff,0xff,0x00,0xff,0xff,
	0x00,0xff,0xff,0x00,0xff,0xff,0x00,0xff,0xff,0x00,0x00,0x00,0x00,0x00,0x00,0x00,
	0xff,0xff,0x00,0xff,0xff,0x00,0xff,0xff,0x00,0x00,0x00,0x00,0x00,0x00,0x00,0x00,
	0x00,0x00,0x00,0x00,0x00,0x00,0x00,0x00,0x00,0x00,0x00,0x00,0x00,0x00,0x00,0x00,
	0x00,0x00,0x00,0x00,0xff,0xff,0x00,0xff,0xff,0x00,0xff,0xff,0x00,0x00,0x00,0x00,
	0xff,0xff,0x00,0xff,0xff,0x00,0xff,0xff,0x00,0x00,0x00,0x00,0xff,0xff,0x00,0xff,
	0xff,0x00,0xff,0xff,0x00,0x00,0x00,0x00,0xff,0xff,0x00,0xff,0xff,0x00,0xff,0xff,
	0x00,0x00,0x00,0x00,0xff,0xff,0x00,0xff,0xff,0x00,0xff,0xff,0x00,0x00,0x00,0x00,
	0xff,0xff,0x00,0xff,0xff,0x00,0x00,0x00,0x00,0x00,0x00,0x00,0xff,0xff,0x00,0x00,
	0x00,0xff,0x00,0x00,0xff,0x00,0x00,0xff,0x00,0x00,0xff,0x00,0x00,0xff,0x00,0x00,
	0xff,0xff,0xff,0x00,0x00,0x00,0x00,0x00,0x00,0x00,0xff,0xff,0x00,0xff,0xff,0x00,
	0xff,0xff,0x00,0xff,0xff,0x00,0x00,0x00,0x00,0x00,0x00,0x00,0xff,0xff,0x00,0xff,
	0x00,0x00,0xff,0x00,0x00,0xff,0x00,0x00,0xff,0x00,0x00,0xff,0x00,0x00,0xff,0x00,
	0x00,0xff,0xff,0x00,0x00,0x00,0x00,0x00,0x00,0x00,0xff,0xff,0x00,0xff,0xff,0x00,
	0xff,0x00,0x00,0xff,0x00,0x00,0xff,0x00,0x00,0xff,0x00,0x00,0xff,0x00,0x00,0xff,
	0x00,0x00,0xff,0x00,0x00,0x00,0x00,0x00,0x00,0x00,0xff,0x00,0x00,0xff,0x00,0x00,
	0xff,0x00,0x00,0xff,0x00,0x00,0xff,0x00,0x00,0xff,0x00,0x00,0xff,0x00,0x00,0x00,
	0xff,0xff,0x00,0xff,0xff,0x00,0xff,0xff,0x00,0x00,0x00,0x00,0xff,0xff,0x00,0xff,
	0xff,0x00,0xff,0xff,0x00,0x00,0x00,0x00,0x00,0x00,0x00,0x00,0x00,0x00,0xff,0xff,
	0x00,0xff,0xff,0x00,0xff,0xff,0x00,0x00,0x00,0x00,0x00,0x00,0x00,0x00,0x00,0x00,
	0x00,0x00,0x00,0x00,0x00,0x00,0xff,0xff,0x00,0xff,0xff,0x00,0xff,0xff,0x00,0xff,
	0xff,0x00,0x00,0x00,0x00,0x00,0x00,0x00,0x00,0x00,0x00,0x00,0x00,0x00,0xff,0xff,
	0x00,0xff,0xff,0x00,0xff,0xff,0x00,0xff,0xff,0x00,0x00,0x00,0x00,0x00,0x00,0x00,
	0xff,0xff,0x00,0xff,0xff,0x00,0x00,0x00,0x00,0xff,0xff,0x00,0xff,0xff,0x00,0xff,
	0xff,0x00,0xff,0xff,0x00,0x00,0x00,0x00,0x00,0x00,0x00,0x00,0x00,0x00,0x00,0x00,
	0x00,0x00,0x00,0x00,0xff,0xff,0x00,0xff,0xff,0x00,0xff,0xff,0x00,0x00,0x00,0x00,
	0xff,0xff,0x00,0xff,0xff,0x00,0xff,0xff,0x00,0xff,0xff,0x00,0xff,0xff,0x00,0xff,
	0xff,0x00,0x00,0x00,0x00,0x00,0x00,0x00,0x00,0x00,0x00,0x00,0x00,0x00,0x00,0x00,
	0x00,0xff,0xff,0x00,0xff,0xff,0x00,0xff,0xff,0x00,0x00,0x00,0x00,0x00,0x00,0x00,
	0x00,0x00,0x00,0xff,0xff,0x00,0xff,0xff,0x00,0xff,0xff,0x00,0xff,0xff,0x00,0xff,
	0xff,0x00,0x00,0x00,0x00,0x00,0x00,0x00,0x00,0x00,0x00,0xff,0xff,0x00,0xff,0xff,
	0x00,0xff,0xff,0x00,0xff,0xff,0x00,0xff,0xff,0x00,0xff,0xff,0x00,0x00,0x00,0x00,
	0xff,0xff,0x00,0xff,0xff,0x00,0xff,0xff,0x00,0xff,0xff,0x00,0x00,0x00,0xff,0x00,
	0x00,0xff,0x00,0x00,0xff,0x00,0x00,0x00,0x00,0x00,0x00,0x00,0x00,0xff,0x00,0x00,
	0xff,0x00,0x00,0xff,0xff,0xff,0x00,0xff,0xff,0x00,0xff,0xff,0x00,0xff,0xff,0x00,
	0xff,0xff,0x00,0xff,0xff,0x00,0xff,0xff,0x00,0xff,0xff,0x00,0xff,0x00,0x00,0xff,
	0x00,0x00,0xff,0x00,0x00,0x00,0x00,0x00,0x00,0x00,0x00,0xff,0x00,0x00,0xff,0x00,
	0x00,0xff,0x00,0x00,0xff,0xff,0x00,0xff,0xff,0x00,0xff,0xff,0x00,0xff,0xff,0x00,
	0x00,0x00,0x00,0x00,0x00,0x00,0x00,0x00,0x00,0x00,0x00,0x00,0x00,0x00,0x00,0x00,
	0x00,0x00,0x00,0x00,0x00,0x00,0x00,0x00,0x00,0x00,0x00,0x00,0x00,0x00,0x00,0x00,
	0x00,0x00,0x00,0x00,0x00,0x00,0x00,0x00,0x00,0x00,0x00,0x00,0x00,0x00,0x00,0x00,
	0xff,0xff,0x00,0xff,0xff,0x00,0xff,0xff,0x00,0x00,0x00,0x00,0xff,0xff,0x00,0xff,
	0xff,0x00,0xff,0xff,0x00,0x00,0x00,0x00,0x00,0x00,0x00,0x00,0x00,0x00,0xff,0xff,
	0x00,0xff,0xff,0x00,0xff,0xff,0x00,0x00,0x00,0x00,0x00,0x00,0x00,0x00,0x00,0x00,
	0x00,0x00,0x00,0xff,0xff,0x00,0xff,0xff,0x00,0xff,0xff,0x00,0x00,0x00,0x00,0x00,
	0x00,0x00,0x00,0x00,0x00,0x00,0x00,0x00,0x00,0x00,0x00,0x00,0x00,0x00,0x00,0x00,
	0x00,0x00,0x00,0x00,0xff,0xff,0x00,0xff,0xff,0x00,0xff,0xff,0x00,0x00,0x00,0x00,
	0xff,0xff,0x00,0xff,0xff,0x00,0xff,0xff,0x00,0xff,0xff,0x00,0xff,0xff,0x00,0xff,
	0xff,0x00,0xff,0xff,0x00,0x00,0x00,0x00,0x00,0x00,0x00,0x00,0x00,0x00,0x00,0x00,
	0x00,0x00,0x00,0x00,0xff,0xff,0x00,0xff,0xff,0x00,0xff,0xff,0x00,0x00,0x00,0x00,
	0xff,0xff,0x00,0xff,0xff,0x00,0xff,0xff,0x00,0x00,0x00,0x00,0xff,0xff,0x00,0xff,
	0xff,0x00,0xff,0xff,0x00,0x00,0x00,0x00,0x00,0x00,0x00,0x00,0x00,0x00,0xff,0xff,
	0x00,0xff,0xff,0x00,0xff,0xff,0x00,0x00,0x00,0x00,0x00,0x00,0x00,0x00,0x00,0x00,
	0xff,0xff,0x00,0xff,0xff,0x00,0xff,0xff,0x00,0x00,0x00,0x00,0xff,0xff,0x00,0xff,
	0xff,0x00,0xff,0xff,0x00,0x00,0x00,0x00,0x00,0x00,0x00,0x00,0x00,0x00,0x00,0x00,
	0x00,0x00,0x00,0x00,0xff,0xff,0x00,0xff,0xff,0x00,0xff,0xff,0x00,0x00,0x00,0x00,
	0xff,0xff,0x00,0xff,0xff,0x00,0x00,0x00,0xff,0x00,0x00,0xff,0x00,0x00,0xff,0x00,
	0x00,0xff,0x00,0x00,0xff,0x00,0x00,0xff,0x00,0x00,0xff,0x00,0x00,0xff,0x00,0x00,
	0xff,0x00,0x00,0xff,0x00,0x00,0xff,0x00,0x00,0xff,0xff,0xff,0x00,0xff,0xff,0x00,
	0xff,0xff,0x00,0xff,0xff,0x00,0xff,0x00,0x00,0x00,0x00,0xff,0x00,0x00,0xff,0xff,
	0x00,0x00,0xff,0x00,0x00,0xff,0x00,0x00,0xff,0x00,0x00,0xff,0x00,0x00,0xff,0x00,
	0x00,0x00,0x00,0xff,0x00,0x00,0xff,0xff,0x00,0x00,0xff,0xff,0x00,0xff,0xff,0x00,
	0xff,0x00,0x00,0xff,0x00,0x00,0xff,0x00,0x00,0x00,0x00,0x00,0xff,0x00,0x00,0xff,
	0x00,0x00,0xff,0x00,0x00,0xff,0x00,0x00,0x00,0x00,0xff,0x00,0x00,0xff,0x00,0x00,
	0xff,0x00,0x00,0x00,0x00,0x00,0xff,0x00,0x00,0xff,0x00,0x00,0xff,0x00,0x00,0xff,
	0xff,0xff,0x00,0xff,0xff,0x00,0xff,0xff,0x00,0x00,0x00,0x00,0xff,0xff,0x00,0xff,
	0xff,0x00,0xff,0xff,0x00,0x00,0x00,0x00,0x00,0x00,0x00,0x00,0x00,0x00,0xff,0xff,
	0x00,0xff,0xff,0x00,0xff,0xff,0x00,0x00,0x00,0x00,0x00,0x00,0x00,0x00,0x00,0x00,
	0xff,0xff,0x00,0xff,0xff,0x00,0xff,0xff,0x00,0xff,0xff,0x00,0xff,0xff,0x00,0xff,
	0xff,0x00,0xff,0xff,0x00,0x00,0x00,0x00,0xff,0xff,0x00,0xff,0xff,0x00,0xff,0xff,
	0x00,0x00,0x00,0x00,0xff,0xff,0x00,0xff,0xff,0x00,0xff,0xff,0x00,0x00,0x00,0x00,
	0x00,0x00,0x00,0x00,0x00,0x00,0x00,0x00,0x00,0xff,0xff,0x00,0xff,0xff,0x00,0xff,
	0xff,0x00,0x00,0x00,0x00,0x00,0x00,0x00,0xff,0xff,0x00,0xff,0xff,0x00,0xff,0xff,
	0x00,0x00,0x00,0x00,0xff,0xff,0x00,0xff,0xff,0x00,0xff,0xff,0x00,0x00,0x00,0x00,
	0xff,0xff,0x00,0xff,0xff,0x00,0xff,0xff,0x00,0x00,0x00,0x00,0xff,0xff,0x00,0xff,
	0xff,0x00,0xff,0xff,0x00,0x00,0x00,0x00,0x00,0x00,0x00,0x00,0x00,0x00,0xff,0xff,
	0x00,0xff,0xff,0x00,0xff,0xff,0x00,0x00,0x00,0x00,0x00,0x00,0x00,0x00,0x00,0x00,
	0xff,0xff,0x00,0xff,0xff,0x00,0xff,0xff,0x00,0x00,0x00,0x00,0xff,0xff,0x00,0xff,
	0xff,0x00,0xff,0xff,0x00,0x00,0x00,0x00,0xff,0xff,0x00,0xff,0xff,0x00,0xff,0xff,
	0x00,0x00,0x00,0x00,0xff,0xff,0x00,0xff,0xff,0x00,0xff,0xff,0x00,0x00,0x00,0x00,
	0x00,0x00,0x00,0x00,0x00,0x00,0x00,0x00,0xff,0x00,0x00,0xff,0x00,0x00,0xff,0x00,
	0x00,0xff,0x00,0x00,0xff,0x00,0x00,0xff,0x00,0x00,0xff,0x00,0x00,0xff,0x00,0x00,
	0xff,0x00,0x00,0xff,0x00,0x00,0xff,0x00,0x00,0xff,0x00,0x00,0x00,0x00,0x00,0x00,
	0x00,0x00,0xff,0x00,0x00,0xff,0x00,0x00,0xff,0xff,0x00,0x00,0xff,0x00,0x00,0xff,
	0x00,0x00,0xff,0x00,0x00,0xff,0x00,0x00,0xff,0x00,0x00,0xff,0x00,0x00,0xff,0x00,
	0x00,0xff,0x00,0x00,0xff,0x00,0x00,0x00,0x00,0xff,0x00,0x00,0xff,0x00,0x00,0xff,
	0xff,0x00,0x00,0xff,0x00,0x00,0xff,0x00,0x00,0x00,0x00,0x00,0xff,0x00,0x00,0xff,
	0x00,0x00,0xff,0x00,0x00,0xff,0x00,0x00,0x00,0x00,0xff,0x00,0x00,0xff,0x00,0x00,
	0xff,0x00,0x00,0x00,0x00,0x00,0xff,0x00,0x00,0xff,0x00,0x00,0xff,0x00,0x00,0xff,
	0x00,0x00,0x00,0xff,0xff,0x00,0xff,0xff,0x00,0xff,0xff,0x00,0xff,0xff,0x00,0xff,
	0xff,0x00,0x00,0x00,0x00,0x00,0x00,0x00,0x00,0x00,0x00,0xff,0xff,0x00,0xff,0xff,
	0x00,0xff,0xff,0x00,0xff,0xff,0x00,0xff,0xff,0x00,0x00,0x00,0x00,0x00,0x00,0x00,
	0xff,0xff,0x00,0xff,0xff,0x00,0xff,0xff,0x00,0xff,0xff,0x00,0xff,0xff,0x00,0xff,
	0xff,0x00,0xff,0xff,0x00,0x00,0x00,0x00,0x00,0x00,0x00,0xff,0xff,0x00,0xff,0xff,
	0x00,0xff,0xff,0x00,0xff,0xff,0x00,0xff,0xff,0x00,0x00,0x00,0x00,0x00,0x00,0x00,
	0x00,0x00,0x00,0x00,0x00,0x00,0x00,0x00,0x00,0xff,0xff,0x00,0xff,0xff,0x00,0xff,
	0xff,0x00,0x00,0x00,0x00,0x00,0x00,0x00,0x00,0x00,0x00,0xff,0xff,0x00,0xff,0xff,
	0x00,0xff,0xff,0x00,0xff,0xff,0x00,0xff,0xff,0x00,0x00,0x00,0x00,0x00,0x00,0x00,
	0x00,0x00,0x00,0xff,0xff,0x00,0xff,0xff,0x00,0xff,0xff,0x00,0xff,0xff,0x00,0xff,
	0xff,0x00,0x00,0x00,0x00,0x00,0x00,0x00,0x00,0x00,0x00,0x00,0x00,0x00,0xff,0xff,
	0x00,0xff,0xff,0x00,0xff,0xff,0x00,0x00,0x00,0x00,0x00,0x00,0x00,0x00,0x00,0x00,
	0x00,0x00,0x00,0xff,0xff,0x00,0xff,0xff,0x00,0xff,0xff,0x00,0xff,0xff,0x00,0xff,
	0xff,0x00,0x00,0x00,0x00,0x00,0x00,0x00,0x00,0x00,0x00,0xff,0xff,0x00,0xff,0xff,
	0x00,0xff,0xff,0x00,0xff,0xff,0x00,0xff,0xff,0x00,0x00,0x00,0x00,0x00,0x00,0x00,
	0x00,0x00,0x00,0x00,0x00,0x00,0x00,0x00,0xff,0x00,0x00,0xff,0x00,0x00,0xff,0x00,
	0x00,0xff,0x00,0x00,0xff,0x00,0x00,0xff,0x00,0x00,0xff,0x00,0x00,0xff,0x00,0x00,
	0xff,0x00,0x00,0xff,0x00,0x00,0xff,0x00,0x00,0xff,0x00,0x00,0x00,0x00,0x00,0x00,
	0x00,0x00,0xff,0x00,0x00,0xff,0x00,0x00,0xff,0xff,0x00,0x00,0xff,0x00,0x00,0xff,
	0x00,0x00,0xff,0x00,0x00,0xff,0x00,0x00,0xff,0x00,0x00,0xff,0x00,0x00,0xff,0x00,
	0x00,0xff,0x00,0x00,0xff,0x00,0x00,0x00,0x00,0xff,0x00,0x00,0xff,0x00,0x00,0xff,
	0xff,0x00,0x00,0xff,0x00,0x00,0xff,0x00,0x00,0x00,0x00,0x00,0xff,0x00,0x00,0xff,
	0x00,0x00,0xff,0x00,0x00,0xff,0x00,0x00,0x00,0x00,0xff,0x00,0x00,0xff,0x00,0x00,
	0xff,0x00,0x00,0x00,0x00,0x00,0xff,0x00,0x00,0xff,0x00,0x00,0xff,0x00,0x00,0xff,
	0x00,0x00,0x00,0x00,0x00,0x00,0x00,0x00,0x00,0x00,0x00,0x00,0x00,0x00,0x00,0x00,
	0x00,0x00,0x00,0x00,0x00,0x00,0x00,0x00,0x00,0x00,0x00,0x00,0x00,0x00,0x00,0x00,
	0x00,0x00,0x00,0x00,0x00,0x00,0x00,0x00,0x00,0x00,0x00,0x00,0x00,0x00,0x00,0x00,
	0x00,0x00,0x00,0x00,0x00,0x00,0x00,0x00,0x00,0x00,0x00,0x00,0x00,0x00,0x00,0x00,
	0x00,0x00,0x00,0x00,0x00,0x00,0x00,0x00,0x00,0x00,0x00,0x00,0x00,0x00,0x00,0x00,
	0x00,0x00,0x00,0x00,0x00,0x00,0x00,0x00,0x00,0x00,0x00,0x00,0x00,0x00,0x00,0x00,
	0x00,0x00,0x00,0x00,0x00,0x00,0x00,0x00,0x00,0x00,0x00,0x00,0x00,0x00,0x00,0x00,
	0x00,0x00,0x00,0x00,0x00,0x00,0x00,0x00,0x00,0x00,0x00,0x00,0x00,0x00,0x00,0x00,
	0x00,0x00,0x00,0x00,0x00,0x00,0x00,0x00,0x00,0x00,0x00,0x00,0x00,0x00,0x00,0x00,
	0x00,0x00,0x00,0x00,0x00,0x00,0x00,0x00,0x00,0x00,0x00,0x00,0x00,0x00,0x00,0x00,
	0x00,0x00,0x00,0x00,0x00,0x00,0x00,0x00,0x00,0x00,0x00,0x00,0x00,0x00,0x00,0x00,
	0x00,0x00,0x00,0x00,0x00,0x00,0x00,0x00,0x00,0x00,0x00,0x00,0x00,0x00,0x00,0x00,
	0x00,0x00,0x00,0x00,0x00,0x00,0x00,0x00,0x00,0x00,0x00,0x00,0x00,0x00,0x00,0x00,
	0x00,0x00,0x00,0x00,0x00,0x00,0x00,0x00,0x00,0x00,0x00,0x00,0x00,0x00,0x00,0x00,
	0x00,0x00,0x00,0x00,0x00,0x00,0x00,0x00,0x00,0x00,0x00,0x00,0x00,0x00,0x00,0x00,
	0x00,0x00,0x00,0x00,0x00,0x00,0x00,0x00,0x00,0x00,0x00,0xff,0x00,0x00,0xff,0x00,
	0x00,0xff,0x00,0x00,0xff,0x00,0x00,0xff,0x00,0x00,0xff,0x00,0x00,0xff,0x00,0x00,
	0xff,0x00,0x00,0xff,0x00,0x00,0xff,0x00,0x00,0x00,0x00,0x00,0x00,0x00,0x00,0x00,
	0x00,0x00,0x00,0x00,0x00,0xff,0x00,0x00,0xff,0x00,0x00,0xff,0x00,0x00,0xff,0xff,
	0x00,0x00,0x00,0x00,0x00,0x00,0x00,0x00,0x00,0x00,0x00,0x00,0x00,0x00,0xff,0x00,
	0x00,0x00,0x00,0xff,0x00,0x00,0xff,0x00,0x00,0xff,0x00,0x00,0xff,0x00,0x00,0x00,
	0x00,0x00,0x00,0x00,0x00,0x00,0x00,0x00,0x00,0x00,0x00,0x00,0x00,0x00,0x00,0x00,
	0x00,0x00,0x00,0x00,0x00,0x00,0x00,0x00,0x00,0x00,0x00,0x00,0x00,0x00,0x00,0x00,
	0x00,0x00,0x00,0x00,0x00,0x00,0x00,0x00,0x00,0x00,0x00,0x00,0x00,0x00,0x00,0x00,
	0x00,0x00,0x00,0x00,0x00,0x00,0xff,0xff,0x00,0xff,0xff,0x00,0xff,0xff,0x00,0xff,
	0xff,0x00,0x00,0x00,0x00,0x00,0x00,0x00,0x00,0x00,0x00,0x00,0x00,0x00,0x00,0x00,
	0x00,0x00,0x00,0x00,0x00,0x00,0x00,0x00,0x00,0x00,0x00,0x00,0x00,0x00,0x00,0x00,
	0xff,0xff,0x00,0xff,0xff,0x00,0xff,0xff,0x00,0xff,0xff,0x00,0xff,0xff,0x00,0xff,
	0xff,0x00,0x00,0x00,0x00,0x00,0x00,0x00,0x00,0x00,0x00,0x00,0x00,0x00,0x00,0x00,
	0x00,0x00,0x00,0x00,0x00,0x00,0x00,0x00,0x00,0x00,0x00,0x00,0x00,0x00,0x00,0x00,
	0x00,0x00,0x00,0xff,0xff,0x00,0xff,0xff,0x00,0xff,0xff,0x00,0xff,0xff,0x00,0xff,
	0xff,0x00,0x00,0x00,0x00,0x00,0x00,0x00,0x00,0x00,0x00,0x00,0x00,0x00,0x00,0x00,
	0x00,0x00,0x00,0x00,0x00,0x00,0x00,0x00,0x00,0x00,0x00,0x00,0x00,0x00,0x00,0x00,
	0x00,0x00,0x00,0x00,0x00,0x00,0x00,0x00,0x00,0x00,0x00,0x00,0x00,0x00,0x00,0x00,
	0x00,0x00,0x00,0x00,0x00,0x00,0x00,0x00,0x00,0x00,0x00,0x00,0x00,0x00,0x00,0x00,
	0x00,0x00,0x00,0x00,0x00,0x00,0x00,0x00,0x00,0x00,0x00,0x00,0x00,0x00,0x00,0x00,
	0x00,0x00,0x00,0x00,0x00,0x00,0x00,0x00,0x00,0x00,0x00,0x00,0x00,0x00,0x00,0x00,
	0x00,0x00,0x00,0x00,0x00,0x00,0x00,0x00,0x00,0x00,0x00,0x00,0x00,0x00,0x00,0x00,
	0x00,0x00,0x00,0x00,0x00,0x00,0x00,0x00,0x00,0x00,0x00,0x00,0x00,0x00,0x00,0x00,
	0x00,0x00,0x00,0x00,0x00,0x00,0x00,0x00,0x00,0x00,0x00,0x00,0x00,0x00,0x00,0x00,
	0x00,0x00,0x00,0x00,0x00,0x00,0x00,0x00,0x00,0x00,0x00,0x00,0x00,0x00,0x00,0x00,
	0x00,0x00,0x00,0x00,0x00,0x00,0x00,0x00,0x00,0x00,0x00,0x00,0x00,0x00,0x00,0x00,
	0x00,0x00,0x00,0x00,0x00,0x00,0x00,0x00,0x00,0x00,0x00,0x00,0x00,0x00,0x00,0x00,
	0x00,0x00,0x00,0x00,0x00,0x00,0x00,0x00,0x00,0x00,0x00,0x00,0x00,0x00,0x00,0x00,
	0x00,0x00,0x00,0x00,0x00,0x00,0x00,0x00,0x00,0x00,0x00,0x00,0x00,0x00,0x00,0x00,
	0x00,0x00,0x00,0x00,0x00,0x00,0x00,0x00,0x00,0x00,0x00,0x00,0x00,0x00,0x00,0x00,
	0x00,0x00,0x00,0x00,0x00,0x00,0x00,0x00,0x00,0x00,0x00,0x00,0x00,0x00,0x00,0x00,
	0x00,0x00,0x00,0x00,0x00,0x00,0x00,0x00,0x00,0x00,0x00,0x00,0x00,0x00,0x00,0x00,
	0x00,0x00,0x00,0xff,0xff,0x00,0x00,0x00,0x00,0x00,0x00,0x00,0x00,0x00,0x00,0x00,
	0x00,0x00,0xff,0xff,0x00,0x00,0x00,0x00,0x00,0x00,0x00,0x00,0x00,0x00,0x00,0x00,
	0x00,0x00,0x00,0x00,0x00,0x00,0x00,0xff,0xff,0x00,0xff,0xff,0x00,0x00,0x00,0x00,
	0x00,0x00,0x00,0xff,0xff,0x00,0xff,0xff,0x00,0xff,0xff,0x00,0xff,0xff,0x00,0xff,
	0xff,0x00,0xff,0xff,0x00,0x00,0x00,0x00,0x00,0x00,0x00,0x00,0x00,0x00,0x00,0x00,
	0x00,0x00,0x00,0x00,0x00,0x00,0x00,0x00,0x00,0x00,0x00,0x00,0x00,0x00,0x00,0x00,
	0xff,0xff,0x00,0xff,0xff,0x00,0xff,0xff,0x00,0xff,0xff,0x00,0xff,0xff,0x00,0xff,
	0xff,0x00,0xff,0xff,0x00,0x00,0x00,0x00,0x00,0x00,0x00,0xff,0xff,0x00,0xff,0xff,
	0x00,0xff,0xff,0x00,0xff,0xff,0x00,0xff,0xff,0x00,0x00,0x00,0x00,0x00,0x00,0x00,
	0x00,0x00,0x00,0xff,0xff,0x00,0xff,0xff,0x00,0xff,0xff,0x00,0xff,0xff,0x00,0xff,
	0xff,0x00,0xff,0xff,0x00,0x00,0x00,0x00,0xff,0xff,0x00,0xff,0xff,0x00,0xff,0xff,
	0x00,0xff,0xff,0x00,0xff,0xff,0x00,0xff,0xff,0x00,0xff,0xff,0x00,0x00,0x00,0x00,
	0x00,0x00,0x00,0x00,0x00,0x00,0x00,0x00,0x00,0x00,0x00,0x00,0x00,0x00,0x00,0x00,
	0x00,0x00,0x00,0x00,0x00,0x00,0x00,0x00,0x00,0x00,0x00,0x00,0x00,0x00,0x00,0x00,
	0x00,0x00,0x00,0x00,0x00,0x00,0x00,0x00,0x00,0x00,0x00,0x00,0x00,0x00,0x00,0x00,
	0x00,0x00,0x00,0x00,0x00,0x00,0x00,0x00,0x00,0x00,0x00,0x00,0x00,0x00,0x00,0x00,
	0x00,0x00,0x00,0x00,0x00,0x00,0x00,0x00,0x00,0x00,0x00,0x00,0x00,0x00,0x00,0x00,
	0x00,0x00,0x00,0x00,0x00,0x00,0x00,0x00,0x00,0x00,0x00,0x00,0x00,0x00,0x00,0x00,
	0xff,0x00,0x00,0xff,0x00,0x00,0xff,0x00,0x00,0x00,0x00,0x00,0xff,0x00,0x00,0xff,
	0x00,0x00,0xff,0x00,0x00,0x00,0x00,0x00,0x00,0x00,0x00,0xff,0x00,0x00,0xff,0x00,
	0x00,0xff,0x00,0x00,0xff,0x00,0x00,0xff,0x00,0x00,0x00,0x00,0x00,0x00,0x00,0x00,
	0x00,0x00,0x00,0x00,0x00,0x00,0x00,0x00,0x00,0x00,0x00,0x00,0x00,0x00,0x00,0x00,
	0x00,0x00,0x00,0x00,0x00,0x00,0x00,0x00,0x00,0x00,0x00,0x00,0x00,0x00,0x00,0x00,
	0x00,0x00,0x00,0x00,0x00,0x00,0x00,0x00,0x00,0x00,0x00,0x00,0x00,0x00,0x00,0x00,
	0xff,0xff,0x00,0x00,0x00,0x00,0x00,0x00,0x00,0xff,0xff,0x00,0xff,0xff,0x00,0x00,
	0x00,0x00,0x00,0x00,0x00,0xff,0xff,0x00,0x00,0x00,0x00,0x00,0x00,0x00,0xff,0xff,
	0x00,0xff,0xff,0x00,0xff,0xff,0x00,0xff,0xff,0x00,0xff,0xff,0x00,0x00,0x00,0x00,
	0x00,0x00,0x00,0xff,0xff,0x00,0xff,0xff,0x00,0x00,0x00,0x00,0x00,0x00,0x00,0xff,
	0xff,0x00,0xff,0xff,0x00,0x00,0x00,0x00,0x00,0x00,0x00,0x00,0x00,0x00,0x00,0x00,
	0x00,0x00,0x00,0x00,0x00,0x00,0x00,0x00,0x00,0x00,0x00,0x00,0x00,0x00,0x00,0x00,
	0xff,0xff,0x00,0xff,0xff,0x00,0xff,0xff,0x00,0xff,0xff,0x00,0xff,0xff,0x00,0x00,
	0x00,0x00,0x00,0x00,0x00,0x00,0x00,0x00,0xff,0xff,0x00,0xff,0xff,0x00,0xff,0xff,
	0x00,0x00,0x00,0x00,0x00,0x00,0x00,0xff,0xff,0x00,0xff,0xff,0x00,0x00,0x00,0x00,
	0xff,0xff,0x00,0xff,0xff,0x00,0xff,0xff,0x00,0xff,0xff,0x00,0xff,0xff,0x00,0x00,
	0x00,0x00,0x00,0x00,0x00,0x00,0x00,0x00,0xff,0xff,0x00,0xff,0xff,0x00,0xff,0xff,
	0x00,0xff,0xff,0x00,0xff,0xff,0x00,0xff,0xff,0x00,0xff,0xff,0x00,0x00,0x00,0x00,
	0xff,0x00,0x00,0xff,0x00,0x00,0xff,0x00,0x00,0x00,0x00,0x00,0x00,0x00,0x00,0x00,
	0x00,0x00,0x00,0x00,0x00,0x00,0x00,0x00,0x00,0x00,0x00,0x00,0x00,0x00,0x00,0x00,
	0x00,0x00,0x00,0x00,0x00,0x00,0x00,0x00,0x00,0x00,0x00,0x00,0x00,0x00,0x00,0x00,
	0x00,0x00,0x00,0xff,0x00,0x00,0xff,0x00,0x00,0xff,0x00,0x00,0xff,0x00,0x00,0xff,
	0x00,0x00,0xff,0x00,0x00,0x00,0x00,0x00,0x00,0x00,0x00,0xff,0x00,0x00,0xff,0x00,
	0x00,0xff,0x00,0x00,0xff,0x00,0x00,0xff,0x00,0x00,0xff,0x00,0x00,0x00,0x00,0x00,
	0xff,0x00,0x00,0xff,0x00,0x00,0xff,0x00,0x00,0xff,0x00,0x00,0xff,0x00,0x00,0xff,
	0x00,0x00,0xff,0x00,0x00,0x00,0x00,0x00,0xff,0x00,0x00,0xff,0x00,0x00,0xff,0x00,
	0x00,0x00,0x00,0x00,0x00,0x00,0x00,0xff,0x00,0x00,0xff,0x00,0x00,0x00,0x00,0x00,
	0x00,0x00,0x00,0x00,0x00,0x00,0x00,0x00,0x00,0x00,0x00,0x00,0x00,0x00,0x00,0x00,
	0x00,0x00,0x00,0x00,0x00,0x00,0x00,0x00,0x00,0x00,0x00,0x00,0x00,0x00,0x00,0x00,
	0x00,0x00,0x00,0x00,0x00,0x00,0x00,0x00,0x00,0x00,0x00,0x00,0x00,0x00,0x00,0x00,
	0xff,0xff,0x00,0x00,0x00,0x00,0xff,0xff,0x00,0x00,0x00,0x00,0x00,0x00,0x00,0x00,
	0x00,0x00,0x00,0x00,0x00,0xff,0xff,0x00,0x00,0x00,0x00,0xff,0xff,0x00,0xff,0xff,
	0x00,0xff,0xff,0x00,0xff,0xff,0x00,0xff,0xff,0x00,0xff,0xff,0x00,0x00,0x00,0x00,
	0x00,0x00,0x00,0xff,0xff,0x00,0xff,0xff,0x00,0xff,0xff,0x00,0xff,0xff,0x00,0xff,
	0xff,0x00,0x00,0x00,0x00,0x00,0x00,0x00,0x00,0x00,0x00,0x00,0x00,0x00,0xff,0xff,
	0x00,0xff,0xff,0x00,0xff,0xff,0x00,0x00,0x00,0x00,0x00,0x00,0x00,0x00,0x00,0x00,
	0x00,0x00,0x00,0xff,0xff,0x00,0xff,0xff,0x00,0xff,0xff,0x00,0xff,0xff,0x00,0xff,
	0xff,0x00,0x00,0x00,0x00,0x00,0x00,0x00,0xff,0xff,0x00,0xff,0xff,0x00,0xff,0xff,
	0x00,0x00,0x00,0x00,0x00,0x00,0x00,0xff,0xff,0x00,0xff,0xff,0x00,0x00,0x00,0x00,
	0xff,0xff,0x00,0xff,0xff,0x00,0xff,0xff,0x00,0xff,0xff,0x00,0xff,0xff,0x00,0xff,
	0xff,0x00,0xff,0xff,0x00,0x00,0x00,0x00,0x00,0x00,0x00,0x00,0x00,0x00,0xff,0xff,
	0x00,0xff,0xff,0x00,0xff,0xff,0x00,0x00,0x00,0x00,0x00,0x00,0x00,0x00,0x00,0x00,
	0xff,0x00,0x00,0xff,0x00,0x00,0xff,0x00,0x00,0xff,0x00,0x00,0xff,0x00,0x00,0x00,
	0x00,0x00,0x00,0x00,0x00,0xff,0x00,0x00,0xff,0x00,0x00,0x00,0x00,0x00,0xff,0x00,
	0x00,0xff,0x00,0x00,0x00,0x00,0x00,0x00,0x00,0x00,0x00,0x00,0x00,0x00,0x00,0x00,
	0xff,0x00,0x00,0xff,0x00,0x00,0xff,0x00,0x00,0xff,0x00,0x00,0xff,0x00,0x00,0x00,
	0x00,0x00,0x00,0x00,0x00,0x00,0x00,0x00,0xff,0x00,0x00,0xff,0x00,0x00,0xff,0x00,
	0x00,0xff,0x00,0x00,0xff,0x00,0x00,0x00,0x00,0x00,0x00,0x00,0x00,0x00,0x00,0x00,
	0xff,0x00,0x00,0xff,0x00,0x00,0xff,0x00,0x00,0xff,0x00,0x00,0xff,0x00,0x00,0xff,
	0x00,0x00,0x00,0x00,0x00,0x00,0x00,0x00,0xff,0x00,0x00,0xff,0x00,0x00,0xff,0x00,
	0x00,0x00,0x00,0x00,0x00,0x00,0x00,0xff,0x00,0x00,0xff,0x00,0x00,0x00,0x00,0x00,
	0x00,0x00,0x00,0x00,0x00,0x00,0x00,0x00,0x00,0x00,0x00,0x00,0x00,0x00,0x00,0x00,
	0x00,0x00,0x00,0x00,0x00,0x00,0x00,0x00,0x00,0x00,0x00,0x00,0x00,0x00,0x00,0x00,
	0x00,0x00,0x00,0x00,0x00,0x00,0x00,0x00,0x00,0x00,0x00,0x00,0x00,0x00,0x00,0x00,
	0xff,0xff,0x00,0x00,0x00,0x00,0xff,0xff,0x00,0x00,0x00,0x00,0x00,0x00,0x00,0x00,
	0x00,0x00,0x00,0x00,0x00,0xff,0xff,0x00,0x00,0x00,0x00,0xff,0xff,0x00,0xff,0xff,
	0x00,0x00,0x00,0x00,0x00,0x00,0x00,0xff,0xff,0x00,0xff,0xff,0x00,0x00,0x00,0x00,
	0x00,0x00,0x00,0xff,0xff,0x00,0xff,0xff,0x00,0x00,0x00,0x00,0x00,0x00,0x00,0xff,
	0xff,0x00,0xff,0xff,0x00,0x00,0x00,0x00,0x00,0x00,0x00,0x00,0x00,0x00,0xff,0xff,
	0x00,0xff,0xff,0x00,0xff,0xff,0x00,0x00,0x00,0x00,0x00,0x00,0x00,0x00,0x00,0x00,
	0x00,0x00,0x00,0x00,0x00,0x00,0xff,0xff,0x00,0xff,0xff,0x00,0xff,0xff,0x00,0xff,
	0xff,0x00,0xff,0xff,0x00,0x00,0x00,0x00,0xff,0xff,0x00,0xff,0xff,0x00,0xff,0xff,
	0x00,0x00,0x00,0x00,0x00,0x00,0x00,0xff,0xff,0x00,0xff,0xff,0x00,0x00,0x00,0x00,
	0xff,0xff,0x00,0xff,0xff,0x00,0xff,0xff,0x00,0xff,0xff,0x00,0xff,0xff,0x00,0x00,
	0x00,0x00,0x00,0x00,0x00,0x00,0x00,0x00,0x00,0x00,0x00,0x00,0x00,0x00,0xff,0xff,
	0x00,0xff,0xff,0x00,0xff,0xff,0x00,0x00,0x00,0x00,0x00,0x00,0x00,0x00,0x00,0x00,
	0xff,0x00,0x00,0xff,0x00,0x00,0xff,0x00,0x00,0x00,0x00,0x00,0x00,0x00,0x00,0xff,
	0x00,0x00,0x00,0x00,0x00,0xff,0x00,0x00,0xff,0x00,0x00,0xff,0x00,0x00,0xff,0x00,
	0x00,0xff,0x00,0x00,0x00,0x00,0x00,0xff,0x00,0x00,0xff,0x00,0x00,0x00,0x00,0x00,
	0x00,0x00,0x00,0xff,0x00,0x00,0xff,0x00,0x00,0xff,0x00,0x00,0xff,0x00,0x00,0xff,
	0x00,0x00,0x00,0x00,0x00,0x00,0x00,0x00,0x00,0x00,0x00,0xff,0x00,0x00,0xff,0x00,
	0x00,0xff,0x00,0x00,0xff,0x00,0x00,0xff,0x00,0x00,0x00,0x00,0x00,0x00,0x00,0x00,
	0xff,0x00,0x00,0xff,0x00,0x00,0xff,0x00,0x00,0xff,0x00,0x00,0xff,0x00,0x00,0xff,
	0x00,0x00,0x00,0x00,0x00,0x00,0x00,0x00,0xff,0x00,0x00,0xff,0x00,0x00,0xff,0x00,
	0x00,0x00,0x00,0x00,0x00,0x00,0x00,0xff,0x00,0x00,0xff,0x00,0x00,0x00,0x00,0x00,
	0x00,0x00,0x00,0x00,0x00,0x00,0x00,0x00,0x00,0x00,0x00,0x00,0x00,0x00,0x00,0x00,
	0x00,0x00,0x00,0x00,0x00,0x00,0x00,0x00,0x00,0x00,0x00,0x00,0x00,0x00,0x00,0x00,
	0x00,0x00,0x00,0x00,0x00,0x00,0x00,0x00,0x00,0x00,0x00,0x00,0x00,0x00,0x00,0x00,
	0xff,0xff,0x00,0x00,0x00,0x00,0x00,0x00,0x00,0xff,0xff,0x00,0xff,0xff,0x00,0x00,
	0x00,0x00,0x00,0x00,0x00,0xff,0xff,0x00,0x00,0x00,0x00,0xff,0xff,0x00,0xff,0xff,
	0x00,0x00,0x00,0x00,0x00,0x00,0x00,0xff,0xff,0x00,0xff,0xff,0x00,0x00,0x00,0x00,
	0x00,0x00,0x00,0xff,0xff,0x00,0xff,0xff,0x00,0xff,0xff,0x00,0xff,0xff,0x00,0xff,
	0xff,0x00,0xff,0xff,0x00,0x00,0x00,0x00,0x00,0x00,0x00,0x00,0x00,0x00,0x00,0x00,
	0x00,0x00,0x00,0x00,0x00,0x00,0x00,0x00,0x00,0x00,0x00,0x00,0x00,0x00,0x00,0x00,
	0xff,0xff,0x00,0xff,0xff,0x00,0xff,0xff,0x00,0xff,0xff,0x00,0xff,0xff,0x00,0xff,
	0xff,0x00,0xff,0xff,0x00,0x00,0x00,0x00,0xff,0xff,0x00,0xff,0xff,0x00,0xff,0xff,
	0x00,0xff,0xff,0x00,0xff,0xff,0x00,0xff,0xff,0x00,0xff,0xff,0x00,0x00,0x00,0x00,
	0xff,0xff,0x00,0xff,0xff,0x00,0xff,0xff,0x00,0xff,0xff,0x00,0xff,0xff,0x00,0x00,
	0x00,0x00,0x00,0x00,0x00,0x00,0x00,0x00,0x00,0x00,0x00,0x00,0x00,0x00,0xff,0xff,
	0x00,0xff,0xff,0x00,0xff,0xff,0x00,0x00,0x00,0x00,0x00,0x00,0x00,0x00,0x00,0x00,
	0xff,0x00,0x00,0xff,0x00,0x00,0xff,0x00,0x00,0x00,0x00,0x00,0x00,0x00,0x00,0xff,
	0x00,0x00,0x00,0x00,0x00,0x00,0x00,0x00,0x00,0x00,0x00,0xff,0x00,0x00,0xff,0x00,
	0x00,0xff,0x00,0x00,0x00,0x00,0x00,0xff,0x00,0x00,0xff,0x00,0x00,0x00,0x00,0x00,
	0x00,0x00,0x00,0x00,0x00,0x00,0xff,0x00,0x00,0xff,0x00,0x00,0xff,0x00,0x00,0xff,
	0x00,0x00,0xff,0x00,0x00,0x00,0x00,0x00,0x00,0x00,0x00,0x00,0x00,0x00,0xff,0x00,
	0x00,0xff,0x00,0x00,0xff,0x00,0x00,0xff,0x00,0x00,0xff,0x00,0x00,0x00,0x00,0x00,
	0xff,0x00,0x00,0xff,0x00,0x00,0xff,0x00,0x00,0xff,0x00,0x00,0xff,0x00,0x00,0xff,
	0x00,0x00,0xff,0x00,0x00,0x00,0x00,0x00,0xff,0x00,0x00,0xff,0x00,0x00,0xff,0x00,
	0x00,0xff,0x00,0x00,0xff,0x00,0x00,0xff,0x00,0x00,0xff,0x00,0x00,0x00,0x00,0x00,
	0x00,0x00,0x00,0x00,0x00,0x00,0x00,0x00,0x00,0x00,0x00,0x00,0x00,0x00,0x00,0x00,
	0x00,0x00,0x00,0x00,0x00,0x00,0x00,0x00,0x00,0x00,0x00,0x00,0x00,0x00,0x00,0x00,
	0x00,0x00,0x00,0x00,0x00,0x00,0x00,0x00,0x00,0x00,0x00,0x00,0x00,0x00,0x00,0x00,
	0x00,0x00,0x00,0xff,0xff,0x00,0x00,0x00,0x00,0x00,0x00,0x00,0x00,0x00,0x00,0x00,
	0x00,0x00,0xff,0xff,0x00,0x00,0x00,0x00,0x00,0x00,0x00,0x00,0x00,0x00,0xff,0xff,
	0x00,0xff,0xff,0x00,0xff,0xff,0x00,0xff,0xff,0x00,0xff,0xff,0x00,0x00,0x00,0x00,
	0xff,0xff,0x00,0xff,0xff,0x00,0xff,0xff,0x00,0xff,0xff,0x00,0xff,0xff,0x00,0xff,
	0xff,0x00,0x00,0x00,0x00,0x00,0x00,0x00,0x00,0x00,0x00,0x00,0x00,0x00,0x00,0x00,
	0x00,0x00,0x00,0x00,0x00,0x00,0x00,0x00,0x00,0x00,0x00,0x00,0x00,0x00,0x00,0x00,
	0x00,0x00,0x00,0xff,0xff,0x00,0xff,0xff,0x00,0xff,0xff,0x00,0xff,0xff,0x00,0xff,
	0xff,0x00,0x00,0x00,0x00,0x00,0x00,0x00,0x00,0x00,0x00,0xff,0xff,0x00,0xff,0xff,
	0x00,0xff,0xff,0x00,0xff,0xff,0x00,0xff,0xff,0x00,0x00,0x00,0x00,0x00,0x00,0x00,
	0x00,0x00,0x00,0xff,0xff,0x00,0xff,0xff,0x00,0xff,0xff,0x00,0xff,0xff,0x00,0x00,
	0x00,0x00,0x00,0x00,0x00,0x00,0x00,0x00,0x00,0x00,0x00,0x00,0x00,0x00,0xff,0xff,
	0x00,0xff,0xff,0x00,0xff,0xff,0x00,0x00,0x00,0x00,0x00,0x00,0x00,0x00,0x00,0x00,
	0xff,0x00,0x00,0xff,0x00,0x00,0xff,0x00,0x00,0xff,0x00,0x00,0xff,0x00,0x00,0x00,
	0x00,0x00,0x00,0x00,0x00,0xff,0x00,0x00,0xff,0x00,0x00,0xff,0x00,0x00,0xff,0x00,
	0x00,0x00,0x00,0x00,0x00,0x00,0x00,0x00,0x00,0x00,0x00,0x00,0x00,0x00,0x00,0x00,
	0xff,0x00,0x00,0xff,0x00,0x00,0xff,0x00,0x00,0xff,0x00,0x00,0xff,0x00,0x00,0xff,
	0x00,0x00,0x00,0x00,0x00,0x00,0x00,0x00,0xff,0x00,0x00,0xff,0x00,0x00,0xff,0x00,
	0x00,0xff,0x00,0x00,0xff,0x00,0x00,0xff,0x00,0x00,0x00,0x00,0x00,0x00,0x00,0x00,
	0xff,0x00,0x00,0xff,0x00,0x00,0xff,0x00,0x00,0x00,0x00,0x00,0xff,0x00,0x00,0xff,
	0x00,0x00,0xff,0x00,0x00,0x00,0x00,0x00,0x00,0x00,0x00,0xff,0x00,0x00,0xff,0x00,
	0x00,0xff,0x00,0x00,0xff,0x00,0x00,0xff,0x00,0x00,0x00,0x00,0x00,0x00,0x00,0x00,
	0x00,0x00,0x00,0x00,0x00,0x00,0x00,0x00,0x00,0x00,0x00,0x00,0x00,0x00,0x00,0x00,
	0x00,0x00,0x00,0x00,0x00,0x00,0x00,0x00,0x00,0x00,0x00,0x00,0x00,0x00,0x00,0x00,
	0x00,0x00,0x00,0x00,0x00,0x00,0x00,0x00,0x00,0x00,0x00,0x00,0x00,0x00,0x00,0x00,
	0x00,0x00,0x00,0x00,0x00,0x00,0xff,0xff,0x00,0xff,0xff,0x00,0xff,0xff,0x00,0xff,
	0xff,0x00,0x00,0x00,0x00,0x00,0x00,0x00,0x00,0x00,0x00,0x00,0x00,0x00,0x00,0x00,
	0x00,0x00,0x00,0x00,0x00,0x00,0x00,0x00,0x00,0x00,0x00,0x00,0x00,0x00,0x00,0x00,
	0x00,0x00,0x00,0x00,0x00,0x00,0x00,0x00,0x00,0x00,0x00,0x00,0x00,0x00,0x00,0x00,
	0x00,0x00,0x00,0x00,0x00,0x00,0x00,0x00,0x00,0x00,0x00,0x00,0x00,0x00,0x00,0x00,
	0x00,0x00,0x00,0x00,0x00,0x00,0x00,0x00,0x00,0x00,0x00,0x00,0x00,0x00,0x00,0x00,
	0x00,0x00,0x00,0x00,0x00,0x00,0x00,0x00,0x00,0x00,0x00,0x00,0x00,0x00,0x00,0x00,
	0x00,0x00,0x00,0x00,0x00,0x00,0x00,0x00,0x00,0x00,0x00,0x00,0x00,0x00,0x00,0x00,
	0x00,0x00,0x00,0x00,0x00,0x00,0x00,0x00,0x00,0x00,0x00,0x00,0x00,0x00,0x00,0x00,
	0x00,0x00,0x00,0x00,0x00,0x00,0x00,0x00,0x00,0x00,0x00,0x00,0x00,0x00,0x00,0x00,
	0x00,0x00,0x00,0x00,0x00,0x00,0x00,0x00,0x00,0x00,0x00,0x00,0x00,0x00,0x00,0x00,
	0x00,0x00,0x00,0x00,0x00,0x00,0x00,0x00,0x00,0x00,0x00,0x00,0x00,0x00,0x00,0x00,
	0x00,0x00,0x00,0x00,0x00,0x00,0x00,0x00,0x00,0x00,0x00,0x00,0x00,0x00,0x00,0x00,
	0x00,0x00,0x00,0x00,0x00,0x00,0x00,0x00,0x00,0x00,0x00,0x00,0x00,0x00,0x00,0x00,
	0x00,0x00,0x00,0x00,0x00,0x00,0x00,0x00,0x00,0x00,0x00,0x00,0x00,0x00,0x00,0x00,
	0x00,0x00,0x00,0x00,0x00,0x00,0x00,0x00,0x00,0x00,0x00,0x00,0x00,0x00,0x00,0x00,
	0x00,0x00,0x00,0x00,0x00,0x00,0x00,0x00,0x00,0x00,0x00,0x00,0x00,0x00,0x00,0x00,
	0x00,0x00,0x00,0x00,0x00,0x00,0x00,0x00,0x00,0x00,0x00,0x00,0x00,0x00,0x00,0x00,
	0x00,0x00,0x00,0x00,0x00,0x00,0x00,0x00,0x00,0x00,0x00,0x00,0x00,0x00,0x00,0x00,
	0x00,0x00,0x00,0x00,0x00,0x00,0x00,0x00,0x00,0x00,0x00,0x00,0x00,0x00,0x00,0x00,
	0x00,0x00,0x00,0x00,0x00,0x00,0x00,0x00,0x00,0x00,0x00,0x00,0x00,0x00,0x00,0x00,
	0x00,0x00,0x00,0x00,0x00,0x00,0x00,0x00,0x00,0x00,0x00,0x00,0x00,0x00,0x00,0x00,
	0x00,0x00,0x00,0x00,0x00,0x00,0x00,0x00,0x00,0x00,0x00,0x00,0x00,0x00,0x00,0x00,
	0x00,0x00,0x00,0x00,0x00,0x00,0x00,0x00,0x00,0x00,0x00,0x00,0x00,0x00,0x00,0x00,
	};
