/* Do not modify, auto generated with guipic.exe! */

#include "../include.h"

const u8 DigitsImg[55304] __attribute__ ((aligned(4))) = {
	128,1,
	48,0,
	128,4,
	CF_B8G8R8,
	24,
	0x00,0x01,0x01,0x00,0x00,0x00,0x00,0x00,0x00,0x00,0x00,0x00,0x00,0x00,0x00,0x00,
	0x00,0x00,0x00,0x00,0x00,0x00,0x00,0x00,0x00,0x00,0x00,0x00,0x00,0x00,0x00,0x00,
	0x00,0x00,0x00,0x00,0x00,0x00,0x00,0x00,0x00,0x00,0x00,0x00,0x00,0x00,0x00,0x00,
	0x00,0x00,0x00,0x00,0x00,0x00,0x00,0x00,0x00,0x00,0x00,0x00,0x00,0x00,0x00,0x00,
	0x00,0x00,0x00,0x00,0x00,0x00,0x00,0x00,0x00,0x00,0x00,0x00,0x00,0x00,0x00,0x00,
	0x00,0x00,0x00,0x00,0x00,0x00,0x00,0x00,0x00,0x01,0x00,0x00,0x01,0x00,0x00,0x00,
	0x00,0x00,0x00,0x00,0x00,0x00,0x00,0x00,0x00,0x00,0x00,0x00,0x00,0x00,0x00,0x00,
	0x00,0x00,0x00,0x00,0x00,0x00,0x00,0x00,0x00,0x00,0x00,0x01,0x00,0x00,0x01,0x00,
	0x00,0x01,0x00,0x00,0x01,0x00,0x00,0x01,0x00,0x00,0x01,0x00,0x00,0x01,0x00,0x00,
	0x01,0x00,0x00,0x01,0x00,0x00,0x01,0x00,0x00,0x01,0x00,0x00,0x01,0x00,0x00,0x01,
	0x00,0x00,0x01,0x00,0x00,0x01,0x00,0x00,0x01,0x00,0x00,0x00,0x00,0x00,0x00,0x00,
	0x00,0x00,0x00,0x00,0x00,0x00,0x00,0x00,0x00,0x00,0x00,0x00,0x00,0x00,0x00,0x00,
	0x00,0x00,0x00,0x00,0x00,0x00,0x00,0x00,0x00,0x00,0x00,0x00,0x00,0x00,0x00,0x00,
	0x00,0x00,0x00,0x00,0x00,0x00,0x00,0x00,0x00,0x00,0x00,0x00,0x00,0x00,0x00,0x00,
	0x00,0x00,0x00,0x00,0x00,0x00,0x00,0x00,0x00,0x00,0x00,0x00,0x00,0x00,0x00,0x00,
	0x00,0x00,0x00,0x00,0x00,0x00,0x00,0x00,0x00,0x00,0x00,0x00,0x00,0x00,0x00,0x00,
	0x00,0x00,0x00,0x00,0x00,0x00,0x00,0x00,0x00,0x00,0x00,0x00,0x00,0x00,0x00,0x00,
	0x00,0x00,0x00,0x00,0x00,0x00,0x00,0x00,0x00,0x00,0x00,0x00,0x00,0x00,0x00,0x00,
	0x00,0x00,0x00,0x00,0x00,0x00,0x00,0x00,0x00,0x00,0x00,0x00,0x00,0x00,0x00,0x00,
	0x00,0x00,0x00,0x00,0x00,0x00,0x00,0x00,0x01,0x00,0x00,0x01,0x00,0x00,0x01,0x00,
	0x00,0x01,0x00,0x00,0x01,0x00,0x00,0x01,0x00,0x00,0x01,0x00,0x00,0x01,0x00,0x00,
	0x01,0x00,0x00,0x01,0x00,0x00,0x01,0x00,0x00,0x01,0x00,0x00,0x01,0x00,0x00,0x01,
	0x00,0x00,0x01,0x00,0x00,0x01,0x00,0x00,0x01,0x00,0x00,0x00,0x00,0x00,0x00,0x00,
	0x00,0x00,0x00,0x00,0x00,0x00,0x00,0x00,0x00,0x00,0x00,0x00,0x00,0x00,0x01,0x01,
	0x00,0x01,0x01,0x00,0x00,0x00,0x00,0x00,0x00,0x00,0x00,0x00,0x00,0x00,0x00,0x00,
	0x00,0x00,0x00,0x00,0x00,0x00,0x00,0x00,0x01,0x00,0x00,0x01,0x00,0x00,0x01,0x00,
	0x00,0x01,0x00,0x00,0x01,0x00,0x00,0x01,0x00,0x00,0x01,0x00,0x00,0x01,0x00,0x00,
	0x01,0x00,0x00,0x01,0x00,0x00,0x01,0x00,0x00,0x01,0x00,0x00,0x01,0x00,0x00,0x01,
	0x00,0x00,0x01,0x00,0x00,0x01,0x00,0x00,0x01,0x00,0x00,0x00,0x00,0x00,0x00,0x00,
	0x00,0x00,0x00,0x00,0x00,0x00,0x00,0x00,0x00,0x00,0x00,0x00,0x00,0x00,0x00,0x00,
	0x00,0x00,0x00,0x00,0x00,0x00,0x00,0x00,0x00,0x00,0x00,0x00,0x00,0x00,0x00,0x00,
	0x00,0x00,0x00,0x00,0x00,0x00,0x00,0x00,0x00,0x00,0x00,0x00,0x00,0x00,0x00,0x00,
	0x00,0x00,0x00,0x00,0x00,0x00,0x00,0x00,0x00,0x00,0x00,0x00,0x00,0x00,0x00,0x00,
	0x00,0x00,0x00,0x00,0x00,0x00,0x00,0x00,0x00,0x00,0x00,0x00,0x00,0x00,0x00,0x00,
	0x00,0x00,0x00,0x00,0x00,0x00,0x00,0x00,0x00,0x00,0x00,0x00,0x00,0x00,0x00,0x00,
	0x00,0x00,0x00,0x00,0x00,0x00,0x00,0x00,0x00,0x00,0x00,0x00,0x00,0x00,0x00,0x00,
	0x00,0x00,0x00,0x00,0x00,0x00,0x00,0x00,0x00,0x00,0x00,0x00,0x00,0x00,0x00,0x00,
	0x00,0x00,0x00,0x00,0x00,0x00,0x00,0x00,0x00,0x00,0x00,0x01,0x00,0x00,0x01,0x00,
	0x00,0x01,0x00,0x00,0x01,0x00,0x00,0x01,0x00,0x00,0x01,0x00,0x00,0x01,0x00,0x00,
	0x01,0x00,0x00,0x01,0x00,0x00,0x01,0x00,0x00,0x01,0x00,0x00,0x01,0x00,0x00,0x01,
	0x00,0x00,0x01,0x00,0x00,0x01,0x00,0x00,0x01,0x00,0x00,0x01,0x00,0x00,0x00,0x00,
	0x00,0x00,0x00,0x00,0x00,0x00,0x00,0x00,0x00,0x00,0x00,0x00,0x00,0x00,0x01,0x01,
	0x00,0x01,0x01,0x00,0x00,0x00,0x00,0x00,0x00,0x00,0x00,0x00,0x00,0x00,0x00,0x00,
	0x00,0x00,0x00,0x00,0x00,0x00,0x00,0x00,0x00,0x00,0x00,0x01,0x00,0x00,0x01,0x00,
	0x00,0x01,0x00,0x00,0x01,0x00,0x00,0x01,0x00,0x00,0x01,0x00,0x00,0x01,0x00,0x00,
	0x01,0x00,0x00,0x01,0x00,0x00,0x01,0x00,0x00,0x01,0x00,0x00,0x01,0x00,0x00,0x01,
	0x00,0x00,0x01,0x00,0x00,0x01,0x00,0x00,0x01,0x00,0x00,0x01,0x00,0x00,0x00,0x00,
	0x00,0x00,0x00,0x00,0x00,0x00,0x00,0x00,0x00,0x00,0x00,0x00,0x00,0x00,0x00,0x00,
	0x00,0x00,0x01,0x00,0x00,0x00,0x00,0x00,0x00,0x00,0x00,0x00,0x00,0x00,0x00,0x00,
	0x00,0x00,0x00,0x00,0x00,0x00,0x00,0x00,0x01,0x00,0x00,0x01,0x00,0x00,0x01,0x00,
	0x00,0x01,0x00,0x00,0x01,0x00,0x00,0x01,0x00,0x00,0x01,0x00,0x00,0x01,0x00,0x00,
	0x01,0x00,0x00,0x01,0x00,0x00,0x01,0x00,0x00,0x01,0x00,0x00,0x01,0x00,0x00,0x01,
	0x00,0x00,0x01,0x00,0x00,0x01,0x00,0x00,0x01,0x00,0x00,0x00,0x00,0x00,0x00,0x00,
	0x00,0x00,0x00,0x00,0x00,0x00,0x00,0x00,0x00,0x00,0x00,0x00,0x00,0x00,0x00,0x00,
	0x00,0x00,0x00,0x00,0x00,0x00,0x00,0x00,0x00,0x00,0x00,0x00,0x00,0x00,0x00,0x00,
	0x00,0x00,0x00,0x00,0x00,0x00,0x00,0x00,0x00,0x00,0x00,0x01,0x00,0x00,0x01,0x00,
	0x00,0x01,0x00,0x00,0x01,0x00,0x00,0x01,0x00,0x00,0x01,0x00,0x00,0x01,0x00,0x00,
	0x01,0x00,0x00,0x01,0x00,0x00,0x01,0x00,0x00,0x01,0x00,0x00,0x01,0x00,0x00,0x01,
	0x00,0x00,0x01,0x00,0x00,0x01,0x00,0x00,0x01,0x00,0x00,0x00,0x00,0x00,0x00,0x00,
	0x00,0x00,0x00,0x00,0x00,0x00,0x00,0x00,0x00,0x00,0x00,0x00,0x00,0x00,0x00,0x00,
	0x00,0x00,0x00,0x00,0x00,0x00,0x00,0x00,0x00,0x00,0x00,0x00,0x00,0x00,0x00,0x00,
	0x00,0x00,0x00,0x00,0x00,0x00,0x00,0x00,0x00,0x00,0x00,0x01,0x00,0x00,0x01,0x00,
	0x00,0x01,0x00,0x00,0x01,0x00,0x00,0x01,0x00,0x00,0x01,0x00,0x00,0x01,0x00,0x00,
	0x01,0x00,0x00,0x01,0x00,0x00,0x01,0x00,0x00,0x01,0x00,0x00,0x01,0x00,0x00,0x01,
	0x00,0x00,0x01,0x00,0x00,0x01,0x00,0x00,0x01,0x00,0x00,0x00,0x00,0x00,0x00,0x00,
	0x00,0x00,0x00,0x00,0x00,0x00,0x00,0x00,0x00,0x00,0x00,0x00,0x00,0x00,0x00,0x00,
	0x00,0x00,0x00,0x00,0x00,0x00,0x00,0x00,0x00,0x00,0x00,0x00,0x00,0x00,0x00,0x00,
	0x00,0x00,0x00,0x00,0x00,0x00,0x00,0x00,0x00,0x00,0x00,0x00,0x00,0x00,0x00,0x00,
	0x00,0x00,0x00,0x00,0x00,0x00,0x00,0x00,0x00,0x00,0x00,0x00,0x00,0x00,0x00,0x00,
	0x00,0x00,0x00,0x00,0x00,0x00,0x00,0x00,0x00,0x00,0x00,0x00,0x00,0x00,0x00,0x00,
	0x00,0x00,0x00,0x00,0x00,0x00,0x00,0x00,0x00,0x00,0x00,0x00,0x00,0x00,0x00,0x00,
	0x00,0x00,0x00,0x00,0x00,0x00,0x00,0x00,0x00,0x00,0x00,0x00,0x00,0x00,0x00,0x00,
	0x00,0x00,0x00,0x00,0x00,0x00,0x00,0x00,0x00,0x00,0x00,0x00,0x00,0x00,0x00,0x00,
	0x00,0x00,0x00,0x00,0x00,0x00,0x00,0x00,0x00,0x00,0x00,0x00,0x00,0x00,0x00,0x00,
	0x00,0x00,0x00,0x00,0x00,0x00,0x00,0x00,0x00,0x00,0x00,0x00,0x00,0x00,0x00,0x00,
	0x00,0x00,0x00,0x00,0x00,0x00,0x00,0x00,0x00,0x00,0x00,0x00,0x00,0x00,0x00,0x00,
	0x00,0x00,0x00,0x00,0x00,0x00,0x00,0x00,0x00,0x00,0x00,0x00,0x00,0x00,0x00,0x00,
	0x00,0x00,0x00,0x00,0x00,0x00,0x00,0x00,0x00,0x00,0x00,0x00,0x00,0x00,0x00,0x00,
	0x00,0x00,0x00,0x00,0x00,0x00,0x00,0x00,0x00,0x00,0x00,0x00,0x00,0x00,0x00,0x00,
	0x00,0x00,0x00,0x00,0x00,0x00,0x00,0x00,0x00,0x00,0x00,0x00,0x00,0x00,0x00,0x00,
	0x00,0x00,0x00,0x00,0x00,0x00,0x00,0x00,0x00,0x00,0x00,0x00,0x00,0x00,0x00,0x00,
	0x00,0x00,0x00,0x00,0x00,0x00,0x00,0x00,0x00,0x00,0x00,0x00,0x00,0x00,0x00,0x00,
	0x00,0x00,0x00,0x00,0x00,0x00,0x00,0x00,0x00,0x00,0x00,0x00,0x00,0x00,0x00,0x00,
	0x00,0x00,0x00,0x00,0x00,0x00,0x00,0x00,0x00,0x00,0x00,0x00,0x00,0x00,0x00,0x00,
	0x00,0x00,0x00,0x00,0x00,0x00,0x00,0x00,0x00,0x00,0x00,0x00,0x00,0x00,0x00,0x00,
	0x00,0x00,0x00,0x00,0x00,0x00,0x00,0x00,0x00,0x00,0x00,0x00,0x00,0x00,0x00,0x00,
	0x00,0x00,0x00,0x00,0x00,0x00,0x00,0x00,0x00,0x00,0x00,0x00,0x00,0x00,0x00,0x00,
	0x00,0x00,0x00,0x00,0x00,0x00,0x00,0x00,0x00,0x00,0x00,0x00,0x00,0x00,0x00,0x00,
	0x00,0x00,0x00,0x00,0x00,0x00,0x00,0x00,0x00,0x00,0x00,0x00,0x00,0x00,0x00,0x00,
	0x00,0x00,0x00,0x00,0x00,0x00,0x00,0x00,0x00,0x00,0x00,0x00,0x00,0x00,0x00,0x00,
	0x00,0x00,0x00,0x00,0x00,0x00,0x00,0x00,0x00,0x00,0x00,0x00,0x00,0x00,0x00,0x00,
	0x00,0x00,0x00,0x00,0x00,0x00,0x00,0x00,0x00,0x00,0x00,0x00,0x00,0x00,0x00,0x00,
	0x00,0x00,0x00,0x00,0x00,0x00,0x00,0x00,0x00,0x00,0x00,0x00,0x00,0x00,0x00,0x00,
	0x00,0x00,0x00,0x00,0x00,0x00,0x00,0x00,0x00,0x00,0x00,0x00,0x00,0x00,0x00,0x00,
	0x00,0x00,0x00,0x00,0x00,0x00,0x00,0x00,0x00,0x00,0x00,0x00,0x00,0x00,0x00,0x00,
	0x00,0x00,0x00,0x00,0x00,0x00,0x00,0x00,0x00,0x00,0x00,0x00,0x00,0x00,0x00,0x00,
	0x00,0x00,0x00,0x00,0x00,0x00,0x00,0x00,0x00,0x00,0x00,0x00,0x00,0x00,0x00,0x00,
	0x00,0x00,0x00,0x00,0x00,0x00,0x00,0x00,0x00,0x00,0x00,0x00,0x00,0x00,0x00,0x00,
	0x00,0x00,0x00,0x00,0x00,0x00,0x00,0x00,0x00,0x00,0x00,0x00,0x00,0x00,0x00,0x00,
	0x00,0x00,0x00,0x00,0x00,0x00,0x00,0x00,0x00,0x00,0x00,0x00,0x00,0x00,0x00,0x00,
	0x00,0x00,0x00,0x00,0x00,0x00,0x00,0x00,0x00,0x00,0x00,0x00,0x00,0x00,0x00,0x00,
	0x00,0x00,0x00,0x00,0x00,0x00,0x00,0x00,0x00,0x00,0x00,0x00,0x00,0x00,0x00,0x00,
	0x00,0x00,0x00,0x00,0x00,0x00,0x00,0x00,0x00,0x00,0x00,0x00,0x00,0x00,0x00,0x00,
	0x00,0x00,0x00,0x00,0x00,0x00,0x00,0x00,0x00,0x00,0x00,0x00,0x00,0x00,0x00,0x00,
	0x00,0x00,0x00,0x00,0x00,0x00,0x00,0x00,0x00,0x00,0x00,0x00,0x00,0x00,0x00,0x00,
	0x00,0x00,0x00,0x00,0x00,0x00,0x00,0x00,0x00,0x00,0x00,0x00,0x00,0x00,0x00,0x00,
	0x00,0x00,0x00,0x00,0x00,0x00,0x00,0x00,0x00,0x00,0x00,0x00,0x00,0x00,0x00,0x00,
	0x00,0x00,0x00,0x00,0x00,0x00,0x00,0x00,0x00,0x00,0x00,0x00,0x00,0x00,0x00,0x00,
	0x00,0x00,0x00,0x00,0x00,0x00,0x00,0x00,0x00,0x00,0x00,0x00,0x00,0x00,0x00,0x00,
	0x00,0x00,0x00,0x00,0x00,0x00,0x00,0x00,0x00,0x00,0x00,0x00,0x00,0x00,0x00,0x00,
	0x00,0x00,0x00,0x00,0x00,0x00,0x00,0x00,0x00,0x00,0x00,0x00,0x00,0x00,0x00,0x00,
	0x00,0x00,0x00,0x00,0x00,0x00,0x00,0x00,0x00,0x00,0x00,0x00,0x00,0x00,0x00,0x00,
	0x00,0x00,0x00,0x00,0x00,0x00,0x00,0x00,0x00,0x00,0x00,0x00,0x00,0x00,0x00,0x00,
	0x00,0x00,0x00,0x00,0x00,0x00,0x00,0x00,0x00,0x00,0x00,0x00,0x00,0x00,0x00,0x00,
	0x00,0x00,0x00,0x00,0x00,0x00,0x00,0x00,0x00,0x00,0x00,0x00,0x00,0x00,0x00,0x00,
	0x00,0x00,0x00,0x00,0x00,0x00,0x00,0x00,0x00,0x00,0x00,0x00,0x00,0x00,0x00,0x00,
	0x00,0x00,0x00,0x00,0x00,0x00,0x00,0x00,0x00,0x00,0x00,0x00,0x00,0x00,0x00,0x00,
	0x00,0x00,0x00,0x00,0x00,0x00,0x00,0x00,0x00,0x00,0x00,0x00,0x00,0x00,0x00,0x00,
	0x00,0x00,0x00,0x00,0x00,0x00,0x00,0x00,0x00,0x00,0x00,0x00,0x00,0x00,0x00,0x00,
	0x00,0x00,0x00,0x00,0x00,0x00,0x00,0x00,0x00,0x00,0x00,0x00,0x00,0x00,0x00,0x00,
	0x00,0x00,0x00,0x00,0x00,0x00,0x00,0x00,0x00,0x00,0x00,0x00,0x00,0x00,0x00,0x00,
	0x00,0x00,0x00,0x00,0x00,0x00,0x00,0x00,0x00,0x00,0x00,0x00,0x00,0x00,0x00,0x00,
	0x00,0x00,0x00,0x00,0x00,0x00,0x00,0x00,0x00,0x00,0x00,0x00,0x00,0x00,0x00,0x00,
	0x00,0x00,0x00,0x00,0x00,0x00,0x00,0x00,0x00,0x00,0x00,0x00,0x00,0x00,0x00,0x00,
	0x00,0x00,0x00,0x00,0x00,0x00,0x00,0x00,0x00,0x00,0x00,0x00,0x00,0x00,0x00,0x00,
	0x00,0x00,0x00,0x00,0x00,0x00,0x00,0x00,0x00,0x00,0x00,0x00,0x00,0x00,0x00,0x00,
	0x00,0x00,0x00,0x00,0x00,0x00,0x00,0x00,0x00,0x00,0x00,0x00,0x00,0x00,0x00,0x00,
	0x00,0x00,0x00,0x00,0x00,0x00,0x00,0x00,0x00,0x00,0x00,0x00,0x00,0x00,0x00,0x00,
	0x00,0x00,0x00,0x00,0x00,0x00,0x00,0x00,0x00,0x00,0x00,0x00,0x00,0x00,0x00,0x00,
	0x00,0x00,0x00,0x00,0x00,0x00,0x00,0x00,0x00,0x00,0x00,0x00,0x00,0x00,0x00,0x00,
	0x00,0x00,0x00,0x00,0x00,0x00,0x00,0x00,0x00,0x00,0x00,0x00,0x00,0x00,0x00,0x00,
	0x00,0x00,0x00,0x00,0x00,0x00,0x00,0x00,0x00,0x00,0x00,0x00,0x00,0x00,0x00,0x00,
	0x00,0x00,0x00,0x00,0x00,0x00,0x00,0x00,0x00,0x00,0x00,0x00,0x00,0x00,0x00,0x00,
	0x00,0x00,0x00,0x00,0x00,0x00,0x00,0x00,0x00,0x00,0x00,0x00,0x00,0x00,0x00,0x00,
	0x00,0x00,0x00,0x00,0x00,0x00,0x00,0x00,0x00,0x00,0x00,0x00,0x00,0x00,0x00,0x00,
	0x00,0x00,0x00,0x00,0x00,0x00,0x00,0x00,0x00,0x00,0x00,0x00,0x00,0x00,0x00,0x00,
	0x00,0x00,0x00,0x00,0x00,0x00,0x00,0x00,0x00,0x00,0x00,0x00,0x00,0x00,0x00,0x00,
	0x00,0x00,0x00,0x00,0x00,0x00,0x00,0x00,0x00,0x00,0x00,0x00,0x00,0x00,0x00,0x00,
	0x00,0x00,0x00,0x00,0x00,0x00,0x00,0x00,0x00,0x00,0x00,0x00,0x00,0x00,0x00,0x00,
	0x00,0x00,0x00,0x00,0x00,0x00,0x00,0x00,0x00,0x00,0x00,0x00,0x00,0x00,0x00,0x00,
	0x00,0x00,0x00,0x00,0x00,0x00,0x00,0x00,0x00,0x00,0x00,0x00,0x00,0x00,0x00,0x00,
	0x00,0x00,0x00,0x00,0x00,0x00,0x00,0x00,0x00,0x00,0x00,0x00,0x00,0x00,0x00,0x00,
	0x00,0x00,0x00,0x00,0x00,0x00,0x00,0x00,0x00,0x00,0x00,0x00,0x00,0x00,0x00,0x00,
	0x00,0x00,0x00,0x00,0x00,0x00,0x00,0x00,0x00,0x00,0x00,0x00,0x00,0x00,0x00,0x00,
	0x00,0x00,0x00,0x00,0x00,0x00,0x00,0x00,0x00,0x00,0x00,0x00,0x00,0x00,0x00,0x00,
	0x00,0x00,0x04,0x02,0x02,0x14,0x0a,0x0a,0x0f,0x08,0x08,0x10,0x08,0x08,0x10,0x08,
	0x08,0x10,0x08,0x08,0x10,0x08,0x08,0x10,0x08,0x08,0x10,0x08,0x08,0x10,0x08,0x08,
	0x10,0x08,0x08,0x10,0x08,0x08,0x10,0x08,0x08,0x10,0x08,0x08,0x10,0x08,0x08,0x10,
	0x08,0x08,0x10,0x08,0x08,0x10,0x08,0x08,0x0f,0x08,0x08,0x13,0x0a,0x0a,0x09,0x05,
	0x05,0x00,0x00,0x00,0x00,0x00,0x00,0x00,0x00,0x00,0x00,0x00,0x00,0x00,0x00,0x00,
	0x00,0x00,0x00,0x00,0x00,0x00,0x00,0x00,0x00,0x00,0x00,0x00,0x00,0x00,0x00,0x00,
	0x00,0x00,0x0f,0x01,0x01,0x50,0x07,0x07,0x3c,0x05,0x05,0x3d,0x05,0x05,0x3d,0x05,
	0x05,0x3d,0x05,0x05,0x3d,0x05,0x05,0x3d,0x05,0x05,0x3d,0x05,0x05,0x3d,0x05,0x05,
	0x3d,0x05,0x05,0x3d,0x05,0x05,0x3d,0x05,0x05,0x3d,0x05,0x05,0x3d,0x05,0x05,0x3d,
	0x05,0x05,0x3d,0x05,0x05,0x3d,0x05,0x05,0x3b,0x05,0x05,0x4c,0x07,0x07,0x26,0x03,
	0x03,0x00,0x00,0x00,0x00,0x00,0x00,0x00,0x00,0x00,0x00,0x00,0x00,0x00,0x00,0x00,
	0x00,0x00,0x00,0x00,0x00,0x00,0x00,0x00,0x00,0x00,0x00,0x00,0x00,0x00,0x00,0x00,
	0x00,0x00,0x04,0x02,0x02,0x14,0x0a,0x0a,0x0f,0x08,0x08,0x10,0x08,0x08,0x10,0x08,
	0x08,0x10,0x08,0x08,0x10,0x08,0x08,0x10,0x08,0x08,0x10,0x08,0x08,0x10,0x08,0x08,
	0x10,0x08,0x08,0x10,0x08,0x08,0x10,0x08,0x08,0x10,0x08,0x08,0x10,0x08,0x08,0x10,
	0x08,0x08,0x10,0x08,0x08,0x10,0x08,0x08,0x0f,0x08,0x08,0x16,0x0a,0x0a,0x00,0x06,
	0x06,0x00,0x00,0x00,0x00,0x00,0x00,0x00,0x00,0x00,0x00,0x00,0x00,0x00,0x00,0x00,
	0x00,0x00,0x00,0x00,0x00,0x00,0x00,0x00,0x00,0x00,0x00,0x00,0x00,0x00,0x00,0x00,
	0x00,0x00,0x1c,0x00,0x00,0x4c,0x07,0x07,0x3c,0x05,0x05,0x3d,0x05,0x05,0x3d,0x05,
	0x05,0x3d,0x05,0x05,0x3d,0x05,0x05,0x3d,0x05,0x05,0x3d,0x05,0x05,0x3d,0x05,0x05,
	0x3d,0x05,0x05,0x3d,0x05,0x05,0x3d,0x05,0x05,0x3d,0x05,0x05,0x3d,0x05,0x05,0x3d,
	0x05,0x05,0x3d,0x05,0x05,0x3d,0x05,0x05,0x3b,0x05,0x05,0x4c,0x07,0x07,0x26,0x03,
	0x03,0x00,0x00,0x00,0x00,0x00,0x00,0x00,0x00,0x00,0x00,0x00,0x00,0x00,0x00,0x00,
	0x00,0x00,0x00,0x00,0x00,0x00,0x00,0x00,0x00,0x00,0x00,0x00,0x00,0x00,0x00,0x00,
	0x00,0x00,0x1c,0x00,0x00,0x4c,0x07,0x07,0x3c,0x05,0x05,0x3d,0x05,0x05,0x3d,0x05,
	0x05,0x3d,0x05,0x05,0x3d,0x05,0x05,0x3d,0x05,0x05,0x3d,0x05,0x05,0x3d,0x05,0x05,
	0x3d,0x05,0x05,0x3d,0x05,0x05,0x3d,0x05,0x05,0x3d,0x05,0x05,0x3d,0x05,0x05,0x3d,
	0x05,0x05,0x3d,0x05,0x05,0x3d,0x05,0x05,0x3b,0x05,0x05,0x4c,0x07,0x07,0x26,0x03,
	0x03,0x00,0x00,0x00,0x00,0x00,0x00,0x00,0x00,0x00,0x00,0x00,0x00,0x00,0x00,0x00,
	0x00,0x00,0x00,0x00,0x00,0x00,0x00,0x00,0x00,0x00,0x00,0x00,0x00,0x00,0x00,0x00,
	0x00,0x00,0x00,0x03,0x03,0x18,0x0a,0x0a,0x0f,0x08,0x08,0x10,0x08,0x08,0x10,0x08,
	0x08,0x10,0x08,0x08,0x10,0x08,0x08,0x10,0x08,0x08,0x10,0x08,0x08,0x10,0x08,0x08,
	0x10,0x08,0x08,0x10,0x08,0x08,0x10,0x08,0x08,0x10,0x08,0x08,0x10,0x08,0x08,0x10,
	0x08,0x08,0x10,0x08,0x08,0x10,0x08,0x08,0x0f,0x08,0x08,0x16,0x0a,0x0a,0x00,0x06,
	0x06,0x00,0x00,0x00,0x00,0x00,0x00,0x00,0x00,0x00,0x00,0x00,0x00,0x00,0x00,0x00,
	0x00,0x00,0x00,0x00,0x00,0x00,0x00,0x00,0x00,0x00,0x00,0x00,0x00,0x00,0x00,0x00,
	0x00,0x00,0x0f,0x01,0x01,0x50,0x07,0x07,0x3c,0x05,0x05,0x3d,0x05,0x05,0x3d,0x05,
	0x05,0x3d,0x05,0x05,0x3d,0x05,0x05,0x3d,0x05,0x05,0x3d,0x05,0x05,0x3d,0x05,0x05,
	0x3d,0x05,0x05,0x3d,0x05,0x05,0x3d,0x05,0x05,0x3d,0x05,0x05,0x3d,0x05,0x05,0x3d,
	0x05,0x05,0x3d,0x05,0x05,0x3d,0x05,0x05,0x3b,0x05,0x05,0x49,0x07,0x07,0x2f,0x02,
	0x02,0x00,0x00,0x00,0x00,0x00,0x00,0x00,0x00,0x00,0x00,0x00,0x00,0x00,0x00,0x00,
	0x00,0x00,0x00,0x00,0x00,0x00,0x00,0x00,0x00,0x00,0x00,0x00,0x00,0x00,0x00,0x00,
	0x00,0x00,0x0f,0x01,0x01,0x50,0x07,0x07,0x3c,0x05,0x05,0x3d,0x05,0x05,0x3d,0x05,
	0x05,0x3d,0x05,0x05,0x3d,0x05,0x05,0x3d,0x05,0x05,0x3d,0x05,0x05,0x3d,0x05,0x05,
	0x3d,0x05,0x05,0x3d,0x05,0x05,0x3d,0x05,0x05,0x3d,0x05,0x05,0x3d,0x05,0x05,0x3d,
	0x05,0x05,0x3d,0x05,0x05,0x3d,0x05,0x05,0x3b,0x05,0x05,0x49,0x07,0x07,0x2f,0x02,
	0x02,0x00,0x00,0x00,0x00,0x00,0x00,0x00,0x00,0x00,0x00,0x00,0x00,0x00,0x00,0x00,
	0x00,0x00,0x00,0x00,0x00,0x00,0x00,0x00,0x00,0x00,0x00,0x00,0x00,0x00,0x00,0x00,
	0x00,0x00,0x1c,0x00,0x00,0x4c,0x07,0x07,0x3c,0x05,0x05,0x3d,0x05,0x05,0x3d,0x05,
	0x05,0x3d,0x05,0x05,0x3d,0x05,0x05,0x3d,0x05,0x05,0x3d,0x05,0x05,0x3d,0x05,0x05,
	0x3d,0x05,0x05,0x3d,0x05,0x05,0x3d,0x05,0x05,0x3d,0x05,0x05,0x3d,0x05,0x05,0x3d,
	0x05,0x05,0x3d,0x05,0x05,0x3d,0x05,0x05,0x3b,0x05,0x05,0x4c,0x07,0x07,0x26,0x03,
	0x03,0x00,0x00,0x00,0x00,0x00,0x00,0x00,0x00,0x00,0x00,0x00,0x00,0x00,0x00,0x00,
	0x00,0x00,0x00,0x00,0x00,0x00,0x00,0x00,0x00,0x00,0x00,0x00,0x00,0x00,0x00,0x00,
	0x00,0x00,0x0f,0x01,0x01,0x50,0x07,0x07,0x3c,0x05,0x05,0x3d,0x05,0x05,0x3d,0x05,
	0x05,0x3d,0x05,0x05,0x3d,0x05,0x05,0x3d,0x05,0x05,0x3d,0x05,0x05,0x3d,0x05,0x05,
	0x3d,0x05,0x05,0x3d,0x05,0x05,0x3d,0x05,0x05,0x3d,0x05,0x05,0x3d,0x05,0x05,0x3d,
	0x05,0x05,0x3d,0x05,0x05,0x3d,0x05,0x05,0x3b,0x05,0x05,0x4c,0x07,0x07,0x26,0x03,
	0x03,0x00,0x00,0x00,0x00,0x00,0x00,0x00,0x00,0x00,0x00,0x00,0x00,0x00,0x00,0x00,
	0x00,0x00,0x00,0x00,0x00,0x00,0x00,0x00,0x00,0x00,0x00,0x00,0x00,0x00,0x00,0x00,
	0x00,0x00,0x0f,0x01,0x01,0x50,0x07,0x07,0x3c,0x05,0x05,0x3d,0x05,0x05,0x3d,0x05,
	0x05,0x3d,0x05,0x05,0x3d,0x05,0x05,0x3d,0x05,0x05,0x3d,0x05,0x05,0x3d,0x05,0x05,
	0x3d,0x05,0x05,0x3d,0x05,0x05,0x3d,0x05,0x05,0x3d,0x05,0x05,0x3d,0x05,0x05,0x3d,
	0x05,0x05,0x3d,0x05,0x05,0x3d,0x05,0x05,0x3b,0x05,0x05,0x4c,0x07,0x07,0x26,0x03,
	0x03,0x00,0x00,0x00,0x00,0x00,0x00,0x00,0x00,0x00,0x00,0x00,0x00,0x00,0x00,0x00,
	0x00,0x00,0x00,0x00,0x00,0x00,0x00,0x00,0x00,0x00,0x00,0x00,0x00,0x00,0x00,0x00,
	0x00,0x00,0x00,0x02,0x02,0x18,0x0a,0x0a,0x0e,0x07,0x07,0x0f,0x07,0x07,0x0f,0x07,
	0x07,0x0f,0x07,0x07,0x0f,0x07,0x07,0x0f,0x07,0x07,0x0f,0x07,0x07,0x0f,0x07,0x07,
	0x0f,0x07,0x07,0x0f,0x07,0x07,0x0f,0x07,0x07,0x0f,0x07,0x07,0x0f,0x07,0x07,0x0f,
	0x07,0x07,0x0f,0x07,0x07,0x0f,0x07,0x07,0x0f,0x07,0x07,0x15,0x09,0x09,0x00,0x05,
	0x05,0x00,0x00,0x00,0x00,0x00,0x00,0x00,0x00,0x00,0x00,0x00,0x00,0x00,0x00,0x00,
	0x00,0x00,0x00,0x00,0x00,0x00,0x00,0x00,0x00,0x00,0x00,0x00,0x00,0x00,0x00,0x09,
	0x03,0x03,0x27,0x0e,0x0e,0x3b,0x1d,0x1d,0x37,0x1c,0x1c,0x36,0x1b,0x1b,0x36,0x1b,
	0x1b,0x36,0x1b,0x1b,0x36,0x1b,0x1b,0x36,0x1b,0x1b,0x36,0x1b,0x1b,0x36,0x1b,0x1b,
	0x36,0x1b,0x1b,0x36,0x1b,0x1b,0x36,0x1b,0x1b,0x36,0x1b,0x1b,0x36,0x1b,0x1b,0x36,
	0x1b,0x1b,0x36,0x1b,0x1b,0x36,0x1b,0x1b,0x37,0x1c,0x1c,0x3b,0x1f,0x1f,0x2f,0x13,
	0x13,0x0b,0x04,0x04,0x00,0x00,0x00,0x00,0x00,0x00,0x00,0x00,0x00,0x00,0x00,0x00,
	0x00,0x00,0x00,0x00,0x00,0x00,0x00,0x00,0x00,0x00,0x00,0x00,0x00,0x00,0x00,0x17,
	0x02,0x02,0x54,0x07,0x07,0xff,0x18,0x18,0xff,0x18,0x18,0xfd,0x16,0x16,0xff,0x16,
	0x16,0xff,0x16,0x16,0xff,0x16,0x16,0xff,0x16,0x16,0xff,0x16,0x16,0xff,0x16,0x16,
	0xff,0x16,0x16,0xff,0x16,0x16,0xff,0x16,0x16,0xff,0x16,0x16,0xff,0x16,0x16,0xff,
	0x16,0x16,0xff,0x16,0x16,0xfe,0x16,0x16,0xff,0x17,0x17,0xff,0x1a,0x1a,0x81,0x0b,
	0x0b,0x15,0x02,0x02,0x00,0x00,0x00,0x00,0x00,0x00,0x00,0x00,0x00,0x00,0x00,0x00,
	0x00,0x00,0x00,0x00,0x00,0x00,0x00,0x00,0x00,0x00,0x00,0x00,0x00,0x00,0x00,0x09,
	0x03,0x03,0x27,0x0e,0x0e,0x3b,0x1d,0x1d,0x37,0x1c,0x1c,0x36,0x1b,0x1b,0x36,0x1b,
	0x1b,0x36,0x1b,0x1b,0x36,0x1b,0x1b,0x36,0x1b,0x1b,0x36,0x1b,0x1b,0x36,0x1b,0x1b,
	0x36,0x1b,0x1b,0x36,0x1b,0x1b,0x36,0x1b,0x1b,0x36,0x1b,0x1b,0x36,0x1b,0x1b,0x36,
	0x1b,0x1b,0x36,0x1b,0x1b,0x36,0x1b,0x1b,0x3a,0x1c,0x1c,0x2e,0x20,0x20,0x25,0x11,
	0x11,0x1d,0x02,0x02,0x00,0x00,0x00,0x00,0x00,0x00,0x00,0x00,0x00,0x00,0x00,0x00,
	0x00,0x00,0x00,0x00,0x00,0x00,0x00,0x00,0x00,0x00,0x00,0x00,0x00,0x00,0x00,0x05,
	0x04,0x04,0x53,0x09,0x09,0xff,0x16,0x16,0xff,0x18,0x18,0xfd,0x16,0x16,0xff,0x16,
	0x16,0xff,0x16,0x16,0xff,0x16,0x16,0xff,0x16,0x16,0xff,0x16,0x16,0xff,0x16,0x16,
	0xff,0x16,0x16,0xff,0x16,0x16,0xff,0x16,0x16,0xff,0x16,0x16,0xff,0x16,0x16,0xff,
	0x16,0x16,0xff,0x16,0x16,0xfe,0x16,0x16,0xff,0x17,0x17,0xff,0x1a,0x1a,0x81,0x0b,
	0x0b,0x15,0x02,0x02,0x00,0x00,0x00,0x00,0x00,0x00,0x00,0x00,0x00,0x00,0x00,0x00,
	0x00,0x00,0x00,0x00,0x00,0x00,0x00,0x00,0x00,0x00,0x00,0x00,0x00,0x00,0x00,0x05,
	0x04,0x04,0x53,0x09,0x09,0xff,0x16,0x16,0xff,0x18,0x18,0xfd,0x16,0x16,0xff,0x16,
	0x16,0xff,0x16,0x16,0xff,0x16,0x16,0xff,0x16,0x16,0xff,0x16,0x16,0xff,0x16,0x16,
	0xff,0x16,0x16,0xff,0x16,0x16,0xff,0x16,0x16,0xff,0x16,0x16,0xff,0x16,0x16,0xff,
	0x16,0x16,0xff,0x16,0x16,0xfe,0x16,0x16,0xff,0x17,0x17,0xff,0x1a,0x1a,0x81,0x0b,
	0x0b,0x15,0x02,0x02,0x00,0x00,0x00,0x00,0x00,0x00,0x00,0x00,0x00,0x00,0x00,0x00,
	0x00,0x00,0x00,0x00,0x00,0x00,0x00,0x00,0x00,0x00,0x00,0x00,0x00,0x00,0x00,0x1b,
	0x01,0x01,0x29,0x0b,0x0b,0x28,0x1f,0x1f,0x3c,0x1c,0x1c,0x36,0x1b,0x1b,0x36,0x1b,
	0x1b,0x36,0x1b,0x1b,0x36,0x1b,0x1b,0x36,0x1b,0x1b,0x36,0x1b,0x1b,0x36,0x1b,0x1b,
	0x36,0x1b,0x1b,0x36,0x1b,0x1b,0x36,0x1b,0x1b,0x36,0x1b,0x1b,0x36,0x1b,0x1b,0x36,
	0x1b,0x1b,0x36,0x1b,0x1b,0x36,0x1b,0x1b,0x3a,0x1c,0x1c,0x2e,0x20,0x20,0x25,0x11,
	0x11,0x1d,0x02,0x02,0x00,0x00,0x00,0x00,0x00,0x00,0x00,0x00,0x00,0x00,0x00,0x00,
	0x00,0x00,0x00,0x00,0x00,0x00,0x00,0x00,0x00,0x00,0x00,0x00,0x00,0x00,0x00,0x17,
	0x02,0x02,0x54,0x07,0x07,0xff,0x18,0x18,0xff,0x18,0x18,0xfd,0x16,0x16,0xff,0x16,
	0x16,0xff,0x16,0x16,0xff,0x16,0x16,0xff,0x16,0x16,0xff,0x16,0x16,0xff,0x16,0x16,
	0xff,0x16,0x16,0xff,0x16,0x16,0xff,0x16,0x16,0xff,0x16,0x16,0xff,0x16,0x16,0xff,
	0x16,0x16,0xff,0x16,0x16,0xfe,0x16,0x16,0xff,0x17,0x17,0xff,0x19,0x19,0x8c,0x0d,
	0x0d,0x02,0x04,0x04,0x00,0x00,0x00,0x00,0x00,0x00,0x00,0x00,0x00,0x00,0x00,0x00,
	0x00,0x00,0x00,0x00,0x00,0x00,0x00,0x00,0x00,0x00,0x00,0x00,0x00,0x00,0x00,0x17,
	0x02,0x02,0x54,0x07,0x07,0xff,0x18,0x18,0xff,0x18,0x18,0xfd,0x16,0x16,0xff,0x16,
	0x16,0xff,0x16,0x16,0xff,0x16,0x16,0xff,0x16,0x16,0xff,0x16,0x16,0xff,0x16,0x16,
	0xff,0x16,0x16,0xff,0x16,0x16,0xff,0x16,0x16,0xff,0x16,0x16,0xff,0x16,0x16,0xff,
	0x16,0x16,0xff,0x16,0x16,0xfe,0x16,0x16,0xff,0x17,0x17,0xff,0x19,0x19,0x8c,0x0d,
	0x0d,0x02,0x04,0x04,0x00,0x00,0x00,0x00,0x00,0x00,0x00,0x00,0x00,0x00,0x00,0x00,
	0x00,0x00,0x00,0x00,0x00,0x00,0x00,0x00,0x00,0x00,0x00,0x00,0x00,0x00,0x00,0x05,
	0x04,0x04,0x53,0x09,0x09,0xff,0x16,0x16,0xff,0x18,0x18,0xfd,0x16,0x16,0xff,0x16,
	0x16,0xff,0x16,0x16,0xff,0x16,0x16,0xff,0x16,0x16,0xff,0x16,0x16,0xff,0x16,0x16,
	0xff,0x16,0x16,0xff,0x16,0x16,0xff,0x16,0x16,0xff,0x16,0x16,0xff,0x16,0x16,0xff,
	0x16,0x16,0xff,0x16,0x16,0xfe,0x16,0x16,0xff,0x17,0x17,0xff,0x1a,0x1a,0x81,0x0b,
	0x0b,0x15,0x02,0x02,0x00,0x00,0x00,0x00,0x00,0x00,0x00,0x00,0x00,0x00,0x00,0x00,
	0x00,0x00,0x00,0x00,0x00,0x00,0x00,0x00,0x00,0x00,0x00,0x00,0x00,0x00,0x00,0x17,
	0x02,0x02,0x54,0x07,0x07,0xff,0x18,0x18,0xff,0x18,0x18,0xfd,0x16,0x16,0xff,0x16,
	0x16,0xff,0x16,0x16,0xff,0x16,0x16,0xff,0x16,0x16,0xff,0x16,0x16,0xff,0x16,0x16,
	0xff,0x16,0x16,0xff,0x16,0x16,0xff,0x16,0x16,0xff,0x16,0x16,0xff,0x16,0x16,0xff,
	0x16,0x16,0xff,0x16,0x16,0xfe,0x16,0x16,0xff,0x17,0x17,0xff,0x1a,0x1a,0x81,0x0b,
	0x0b,0x15,0x02,0x02,0x00,0x00,0x00,0x00,0x00,0x00,0x00,0x00,0x00,0x00,0x00,0x00,
	0x00,0x00,0x00,0x00,0x00,0x00,0x00,0x00,0x00,0x00,0x00,0x00,0x00,0x00,0x00,0x17,
	0x02,0x02,0x54,0x07,0x07,0xff,0x18,0x18,0xff,0x18,0x18,0xfd,0x16,0x16,0xff,0x16,
	0x16,0xff,0x16,0x16,0xff,0x16,0x16,0xff,0x16,0x16,0xff,0x16,0x16,0xff,0x16,0x16,
	0xff,0x16,0x16,0xff,0x16,0x16,0xff,0x16,0x16,0xff,0x16,0x16,0xff,0x16,0x16,0xff,
	0x16,0x16,0xff,0x16,0x16,0xfe,0x16,0x16,0xff,0x17,0x17,0xff,0x1a,0x1a,0x81,0x0b,
	0x0b,0x15,0x02,0x02,0x00,0x00,0x00,0x00,0x00,0x00,0x00,0x00,0x00,0x00,0x00,0x00,
	0x00,0x00,0x00,0x00,0x00,0x00,0x00,0x00,0x00,0x00,0x00,0x00,0x00,0x00,0x00,0x1b,
	0x02,0x02,0x2a,0x0a,0x0a,0x29,0x1e,0x1e,0x3b,0x1d,0x1d,0x36,0x1b,0x1b,0x36,0x1b,
	0x1b,0x36,0x1b,0x1b,0x36,0x1b,0x1b,0x36,0x1b,0x1b,0x36,0x1b,0x1b,0x36,0x1b,0x1b,
	0x36,0x1b,0x1b,0x36,0x1b,0x1b,0x36,0x1b,0x1b,0x36,0x1b,0x1b,0x36,0x1b,0x1b,0x36,
	0x1b,0x1b,0x36,0x1b,0x1b,0x36,0x1b,0x1b,0x39,0x1c,0x1c,0x2f,0x20,0x20,0x25,0x0f,
	0x0f,0x1c,0x01,0x01,0x00,0x00,0x00,0x00,0x00,0x00,0x00,0x00,0x00,0x00,0x00,0x00,
	0x00,0x00,0x00,0x00,0x00,0x00,0x00,0x00,0x00,0x00,0x00,0x00,0x00,0x00,0x00,0x20,
	0x0d,0x0d,0x3c,0x19,0x19,0x27,0x0e,0x0e,0x35,0x1a,0x1a,0x38,0x1c,0x1c,0x37,0x1c,
	0x1c,0x37,0x1c,0x1c,0x37,0x1c,0x1c,0x37,0x1c,0x1c,0x37,0x1c,0x1c,0x37,0x1c,0x1c,
	0x37,0x1c,0x1c,0x37,0x1c,0x1c,0x37,0x1c,0x1c,0x37,0x1c,0x1c,0x37,0x1c,0x1c,0x37,
	0x1c,0x1c,0x37,0x1c,0x1c,0x38,0x1c,0x1c,0x35,0x1b,0x1b,0x29,0x0f,0x0f,0x35,0x17,
	0x17,0x2d,0x13,0x13,0x00,0x00,0x00,0x00,0x00,0x00,0x00,0x00,0x00,0x00,0x00,0x00,
	0x00,0x00,0x00,0x00,0x00,0x00,0x00,0x00,0x00,0x00,0x00,0x00,0x00,0x00,0x00,0x78,
	0x0a,0x0a,0xc0,0x11,0x11,0x4f,0x07,0x07,0xfd,0x16,0x16,0xff,0x18,0x18,0xff,0x17,
	0x17,0xff,0x17,0x17,0xff,0x17,0x17,0xff,0x17,0x17,0xff,0x17,0x17,0xff,0x17,0x17,
	0xff,0x17,0x17,0xff,0x17,0x17,0xff,0x17,0x17,0xff,0x17,0x17,0xff,0x17,0x17,0xff,
	0x17,0x17,0xff,0x17,0x17,0xff,0x18,0x18,0xff,0x17,0x17,0x63,0x09,0x09,0xac,0x0f,
	0x0f,0xa8,0x0f,0x0f,0x00,0x00,0x00,0x00,0x00,0x00,0x00,0x00,0x00,0x00,0x00,0x00,
	0x00,0x00,0x00,0x00,0x00,0x00,0x00,0x00,0x00,0x00,0x00,0x00,0x00,0x00,0x00,0x20,
	0x0d,0x0d,0x3c,0x19,0x19,0x27,0x0e,0x0e,0x35,0x1a,0x1a,0x38,0x1c,0x1c,0x37,0x1c,
	0x1c,0x37,0x1c,0x1c,0x37,0x1c,0x1c,0x37,0x1c,0x1c,0x37,0x1c,0x1c,0x37,0x1c,0x1c,
	0x37,0x1c,0x1c,0x37,0x1c,0x1c,0x37,0x1c,0x1c,0x37,0x1c,0x1c,0x37,0x1c,0x1c,0x37,
	0x1c,0x1c,0x37,0x1c,0x1c,0x38,0x1c,0x1c,0x24,0x1c,0x1c,0x03,0x0e,0x0e,0xc2,0x10,
	0x10,0xaf,0x0e,0x0e,0x00,0x00,0x00,0x00,0x00,0x00,0x00,0x00,0x00,0x00,0x00,0x00,
	0x00,0x00,0x00,0x00,0x00,0x00,0x00,0x00,0x00,0x00,0x00,0x00,0x00,0x00,0x00,0x1e,
	0x0e,0x0e,0x1d,0x18,0x18,0x69,0x08,0x08,0xff,0x15,0x15,0xff,0x18,0x18,0xff,0x17,
	0x17,0xff,0x17,0x17,0xff,0x17,0x17,0xff,0x17,0x17,0xff,0x17,0x17,0xff,0x17,0x17,
	0xff,0x17,0x17,0xff,0x17,0x17,0xff,0x17,0x17,0xff,0x17,0x17,0xff,0x17,0x17,0xff,
	0x17,0x17,0xff,0x17,0x17,0xff,0x18,0x18,0xff,0x17,0x17,0x63,0x09,0x09,0xac,0x0f,
	0x0f,0xa8,0x0f,0x0f,0x00,0x00,0x00,0x00,0x00,0x00,0x00,0x00,0x00,0x00,0x00,0x00,
	0x00,0x00,0x00,0x00,0x00,0x00,0x00,0x00,0x00,0x00,0x00,0x00,0x00,0x00,0x00,0x1e,
	0x0e,0x0e,0x1d,0x18,0x18,0x69,0x08,0x08,0xff,0x15,0x15,0xff,0x18,0x18,0xff,0x17,
	0x17,0xff,0x17,0x17,0xff,0x17,0x17,0xff,0x17,0x17,0xff,0x17,0x17,0xff,0x17,0x17,
	0xff,0x17,0x17,0xff,0x17,0x17,0xff,0x17,0x17,0xff,0x17,0x17,0xff,0x17,0x17,0xff,
	0x17,0x17,0xff,0x17,0x17,0xff,0x18,0x18,0xff,0x17,0x17,0x63,0x09,0x09,0xac,0x0f,
	0x0f,0xa8,0x0f,0x0f,0x00,0x00,0x00,0x00,0x00,0x00,0x00,0x00,0x00,0x00,0x00,0x00,
	0x00,0x00,0x00,0x00,0x00,0x00,0x00,0x00,0x00,0x00,0x00,0x00,0x00,0x00,0x00,0x7a,
	0x0a,0x0a,0xda,0x12,0x12,0x0d,0x0c,0x0c,0x20,0x1b,0x1b,0x39,0x1c,0x1c,0x37,0x1c,
	0x1c,0x37,0x1c,0x1c,0x37,0x1c,0x1c,0x37,0x1c,0x1c,0x37,0x1c,0x1c,0x37,0x1c,0x1c,
	0x37,0x1c,0x1c,0x37,0x1c,0x1c,0x37,0x1c,0x1c,0x37,0x1c,0x1c,0x37,0x1c,0x1c,0x37,
	0x1c,0x1c,0x37,0x1c,0x1c,0x38,0x1c,0x1c,0x24,0x1c,0x1c,0x03,0x0e,0x0e,0xc2,0x10,
	0x10,0xaf,0x0e,0x0e,0x00,0x00,0x00,0x00,0x00,0x00,0x00,0x00,0x00,0x00,0x00,0x00,
	0x00,0x00,0x00,0x00,0x00,0x00,0x00,0x00,0x00,0x00,0x00,0x00,0x00,0x00,0x00,0x78,
	0x0a,0x0a,0xc0,0x11,0x11,0x4f,0x07,0x07,0xfd,0x16,0x16,0xff,0x18,0x18,0xff,0x17,
	0x17,0xff,0x17,0x17,0xff,0x17,0x17,0xff,0x17,0x17,0xff,0x17,0x17,0xff,0x17,0x17,
	0xff,0x17,0x17,0xff,0x17,0x17,0xff,0x17,0x17,0xff,0x17,0x17,0xff,0x17,0x17,0xff,
	0x17,0x17,0xff,0x17,0x17,0xff,0x18,0x18,0xff,0x16,0x16,0x89,0x0a,0x0a,0x1c,0x16,
	0x16,0x26,0x14,0x14,0x00,0x00,0x00,0x00,0x00,0x00,0x00,0x00,0x00,0x00,0x00,0x00,
	0x00,0x00,0x00,0x00,0x00,0x00,0x00,0x00,0x00,0x00,0x00,0x00,0x00,0x00,0x00,0x78,
	0x0a,0x0a,0xc0,0x11,0x11,0x4f,0x07,0x07,0xfd,0x16,0x16,0xff,0x18,0x18,0xff,0x17,
	0x17,0xff,0x17,0x17,0xff,0x17,0x17,0xff,0x17,0x17,0xff,0x17,0x17,0xff,0x17,0x17,
	0xff,0x17,0x17,0xff,0x17,0x17,0xff,0x17,0x17,0xff,0x17,0x17,0xff,0x17,0x17,0xff,
	0x17,0x17,0xff,0x17,0x17,0xff,0x18,0x18,0xff,0x16,0x16,0x89,0x0a,0x0a,0x1c,0x16,
	0x16,0x26,0x14,0x14,0x00,0x00,0x00,0x00,0x00,0x00,0x00,0x00,0x00,0x00,0x00,0x00,
	0x00,0x00,0x00,0x00,0x00,0x00,0x00,0x00,0x00,0x00,0x00,0x00,0x00,0x00,0x00,0x1e,
	0x0e,0x0e,0x1d,0x18,0x18,0x69,0x08,0x08,0xff,0x15,0x15,0xff,0x18,0x18,0xff,0x17,
	0x17,0xff,0x17,0x17,0xff,0x17,0x17,0xff,0x17,0x17,0xff,0x17,0x17,0xff,0x17,0x17,
	0xff,0x17,0x17,0xff,0x17,0x17,0xff,0x17,0x17,0xff,0x17,0x17,0xff,0x17,0x17,0xff,
	0x17,0x17,0xff,0x17,0x17,0xff,0x18,0x18,0xff,0x17,0x17,0x63,0x09,0x09,0xac,0x0f,
	0x0f,0xa8,0x0f,0x0f,0x00,0x00,0x00,0x00,0x00,0x00,0x00,0x00,0x00,0x00,0x00,0x00,
	0x00,0x00,0x00,0x00,0x00,0x00,0x00,0x00,0x00,0x00,0x00,0x00,0x00,0x00,0x00,0x78,
	0x0a,0x0a,0xc0,0x11,0x11,0x4f,0x07,0x07,0xfd,0x16,0x16,0xff,0x18,0x18,0xff,0x17,
	0x17,0xff,0x17,0x17,0xff,0x17,0x17,0xff,0x17,0x17,0xff,0x17,0x17,0xff,0x17,0x17,
	0xff,0x17,0x17,0xff,0x17,0x17,0xff,0x17,0x17,0xff,0x17,0x17,0xff,0x17,0x17,0xff,
	0x17,0x17,0xff,0x17,0x17,0xff,0x18,0x18,0xff,0x17,0x17,0x63,0x09,0x09,0xac,0x0f,
	0x0f,0xa8,0x0f,0x0f,0x00,0x00,0x00,0x00,0x00,0x00,0x00,0x00,0x00,0x00,0x00,0x00,
	0x00,0x00,0x00,0x00,0x00,0x00,0x00,0x00,0x00,0x00,0x00,0x00,0x00,0x00,0x00,0x78,
	0x0a,0x0a,0xc0,0x11,0x11,0x4f,0x07,0x07,0xfd,0x16,0x16,0xff,0x18,0x18,0xff,0x17,
	0x17,0xff,0x17,0x17,0xff,0x17,0x17,0xff,0x17,0x17,0xff,0x17,0x17,0xff,0x17,0x17,
	0xff,0x17,0x17,0xff,0x17,0x17,0xff,0x17,0x17,0xff,0x17,0x17,0xff,0x17,0x17,0xff,
	0x17,0x17,0xff,0x17,0x17,0xff,0x18,0x18,0xff,0x17,0x17,0x63,0x09,0x09,0xac,0x0f,
	0x0f,0xa8,0x0f,0x0f,0x00,0x00,0x00,0x00,0x00,0x00,0x00,0x00,0x00,0x00,0x00,0x00,
	0x00,0x00,0x00,0x00,0x00,0x00,0x00,0x00,0x00,0x00,0x00,0x00,0x00,0x00,0x00,0x7a,
	0x0a,0x0a,0xd9,0x11,0x11,0x0c,0x0b,0x0b,0x20,0x1c,0x1c,0x39,0x1d,0x1d,0x38,0x1c,
	0x1c,0x38,0x1c,0x1c,0x38,0x1c,0x1c,0x38,0x1c,0x1c,0x38,0x1c,0x1c,0x38,0x1c,0x1c,
	0x38,0x1c,0x1c,0x38,0x1c,0x1c,0x38,0x1c,0x1c,0x38,0x1c,0x1c,0x38,0x1c,0x1c,0x38,
	0x1c,0x1c,0x38,0x1c,0x1c,0x38,0x1c,0x1c,0x24,0x1c,0x1c,0x06,0x0d,0x0d,0xc2,0x0f,
	0x0f,0xaf,0x0e,0x0e,0x00,0x00,0x00,0x00,0x00,0x00,0x00,0x00,0x00,0x00,0x00,0x00,
	0x00,0x00,0x00,0x00,0x00,0x00,0x00,0x00,0x00,0x00,0x00,0x00,0x00,0x00,0x00,0x1a,
	0x0d,0x0d,0x3d,0x1f,0x1f,0x2e,0x12,0x12,0x28,0x0f,0x0f,0x26,0x14,0x14,0x26,0x13,
	0x13,0x26,0x13,0x13,0x26,0x13,0x13,0x26,0x13,0x13,0x26,0x13,0x13,0x26,0x13,0x13,
	0x26,0x13,0x13,0x26,0x13,0x13,0x26,0x13,0x13,0x26,0x13,0x13,0x26,0x13,0x13,0x26,
	0x13,0x13,0x26,0x13,0x13,0x26,0x14,0x14,0x27,0x10,0x10,0x2e,0x11,0x11,0x39,0x1f,
	0x1f,0x25,0x10,0x10,0x00,0x00,0x00,0x00,0x00,0x00,0x00,0x00,0x00,0x00,0x00,0x00,
	0x00,0x00,0x00,0x00,0x00,0x00,0x00,0x00,0x00,0x00,0x00,0x00,0x00,0x00,0x00,0x6b,
	0x09,0x09,0xff,0x1c,0x1c,0x8a,0x0c,0x0c,0x5b,0x07,0x07,0xbc,0x10,0x10,0xab,0x0f,
	0x0f,0xaa,0x0f,0x0f,0xaa,0x0f,0x0f,0xaa,0x0f,0x0f,0xaa,0x0f,0x0f,0xaa,0x0f,0x0f,
	0xaa,0x0f,0x0f,0xaa,0x0f,0x0f,0xaa,0x0f,0x0f,0xaa,0x0f,0x0f,0xaa,0x0f,0x0f,0xaa,
	0x0f,0x0f,0xaa,0x0f,0x0f,0xbc,0x10,0x10,0x66,0x09,0x09,0x7e,0x0b,0x0b,0xff,0x1b,
	0x1b,0x92,0x0d,0x0d,0x00,0x00,0x00,0x00,0x00,0x00,0x00,0x00,0x00,0x00,0x00,0x00,
	0x00,0x00,0x00,0x00,0x00,0x00,0x00,0x00,0x00,0x00,0x00,0x00,0x00,0x00,0x00,0x1a,
	0x0d,0x0d,0x3d,0x1f,0x1f,0x2e,0x12,0x12,0x28,0x0f,0x0f,0x26,0x14,0x14,0x26,0x13,
	0x13,0x26,0x13,0x13,0x26,0x13,0x13,0x26,0x13,0x13,0x26,0x13,0x13,0x26,0x13,0x13,
	0x26,0x13,0x13,0x26,0x13,0x13,0x26,0x13,0x13,0x26,0x13,0x13,0x26,0x13,0x13,0x26,
	0x13,0x13,0x26,0x13,0x13,0x24,0x15,0x15,0x17,0x0e,0x0e,0xa4,0x0b,0x0b,0xff,0x1a,
	0x1a,0x90,0x0d,0x0d,0x00,0x00,0x00,0x00,0x00,0x00,0x00,0x00,0x00,0x00,0x00,0x00,
	0x00,0x00,0x00,0x00,0x00,0x00,0x00,0x00,0x00,0x00,0x00,0x00,0x00,0x00,0x00,0x1b,
	0x0c,0x0c,0x39,0x20,0x20,0x07,0x12,0x12,0x6d,0x09,0x09,0xbd,0x10,0x10,0xab,0x0f,
	0x0f,0xaa,0x0f,0x0f,0xaa,0x0f,0x0f,0xaa,0x0f,0x0f,0xaa,0x0f,0x0f,0xaa,0x0f,0x0f,
	0xaa,0x0f,0x0f,0xaa,0x0f,0x0f,0xaa,0x0f,0x0f,0xaa,0x0f,0x0f,0xaa,0x0f,0x0f,0xaa,
	0x0f,0x0f,0xaa,0x0f,0x0f,0xbc,0x10,0x10,0x66,0x09,0x09,0x7e,0x0b,0x0b,0xff,0x1b,
	0x1b,0x92,0x0d,0x0d,0x00,0x00,0x00,0x00,0x00,0x00,0x00,0x00,0x00,0x00,0x00,0x00,
	0x00,0x00,0x00,0x00,0x00,0x00,0x00,0x00,0x00,0x00,0x00,0x00,0x00,0x00,0x00,0x1b,
	0x0c,0x0c,0x39,0x20,0x20,0x07,0x12,0x12,0x6d,0x09,0x09,0xbd,0x10,0x10,0xab,0x0f,
	0x0f,0xaa,0x0f,0x0f,0xaa,0x0f,0x0f,0xaa,0x0f,0x0f,0xaa,0x0f,0x0f,0xaa,0x0f,0x0f,
	0xaa,0x0f,0x0f,0xaa,0x0f,0x0f,0xaa,0x0f,0x0f,0xaa,0x0f,0x0f,0xaa,0x0f,0x0f,0xaa,
	0x0f,0x0f,0xaa,0x0f,0x0f,0xbc,0x10,0x10,0x66,0x09,0x09,0x7e,0x0b,0x0b,0xff,0x1b,
	0x1b,0x92,0x0d,0x0d,0x00,0x00,0x00,0x00,0x00,0x00,0x00,0x00,0x00,0x00,0x00,0x00,
	0x00,0x00,0x00,0x00,0x00,0x00,0x00,0x00,0x00,0x00,0x00,0x00,0x00,0x00,0x00,0x6a,
	0x09,0x09,0xff,0x1a,0x1a,0xb2,0x0c,0x0c,0x15,0x0d,0x0d,0x24,0x15,0x15,0x26,0x13,
	0x13,0x26,0x13,0x13,0x26,0x13,0x13,0x26,0x13,0x13,0x26,0x13,0x13,0x26,0x13,0x13,
	0x26,0x13,0x13,0x26,0x13,0x13,0x26,0x13,0x13,0x26,0x13,0x13,0x26,0x13,0x13,0x26,
	0x13,0x13,0x26,0x13,0x13,0x24,0x15,0x15,0x17,0x0e,0x0e,0xa4,0x0b,0x0b,0xff,0x1a,
	0x1a,0x90,0x0d,0x0d,0x00,0x00,0x00,0x00,0x00,0x00,0x00,0x00,0x00,0x00,0x00,0x00,
	0x00,0x00,0x00,0x00,0x00,0x00,0x00,0x00,0x00,0x00,0x00,0x00,0x00,0x00,0x00,0x6b,
	0x09,0x09,0xff,0x1c,0x1c,0x8a,0x0c,0x0c,0x5b,0x07,0x07,0xbc,0x10,0x10,0xab,0x0f,
	0x0f,0xaa,0x0f,0x0f,0xaa,0x0f,0x0f,0xaa,0x0f,0x0f,0xaa,0x0f,0x0f,0xaa,0x0f,0x0f,
	0xaa,0x0f,0x0f,0xaa,0x0f,0x0f,0xaa,0x0f,0x0f,0xaa,0x0f,0x0f,0xaa,0x0f,0x0f,0xaa,
	0x0f,0x0f,0xaa,0x0f,0x0f,0xbc,0x10,0x10,0x77,0x0a,0x0a,0x07,0x11,0x11,0x2f,0x20,
	0x20,0x27,0x10,0x10,0x00,0x00,0x00,0x00,0x00,0x00,0x00,0x00,0x00,0x00,0x00,0x00,
	0x00,0x00,0x00,0x00,0x00,0x00,0x00,0x00,0x00,0x00,0x00,0x00,0x00,0x00,0x00,0x6b,
	0x09,0x09,0xff,0x1c,0x1c,0x8a,0x0c,0x0c,0x5b,0x07,0x07,0xbc,0x10,0x10,0xab,0x0f,
	0x0f,0xaa,0x0f,0x0f,0xaa,0x0f,0x0f,0xaa,0x0f,0x0f,0xaa,0x0f,0x0f,0xaa,0x0f,0x0f,
	0xaa,0x0f,0x0f,0xaa,0x0f,0x0f,0xaa,0x0f,0x0f,0xaa,0x0f,0x0f,0xaa,0x0f,0x0f,0xaa,
	0x0f,0x0f,0xaa,0x0f,0x0f,0xbc,0x10,0x10,0x77,0x0a,0x0a,0x07,0x11,0x11,0x2f,0x20,
	0x20,0x27,0x10,0x10,0x00,0x00,0x00,0x00,0x00,0x00,0x00,0x00,0x00,0x00,0x00,0x00,
	0x00,0x00,0x00,0x00,0x00,0x00,0x00,0x00,0x00,0x00,0x00,0x00,0x00,0x00,0x00,0x1b,
	0x0c,0x0c,0x39,0x20,0x20,0x07,0x12,0x12,0x6d,0x09,0x09,0xbd,0x10,0x10,0xab,0x0f,
	0x0f,0xaa,0x0f,0x0f,0xaa,0x0f,0x0f,0xaa,0x0f,0x0f,0xaa,0x0f,0x0f,0xaa,0x0f,0x0f,
	0xaa,0x0f,0x0f,0xaa,0x0f,0x0f,0xaa,0x0f,0x0f,0xaa,0x0f,0x0f,0xaa,0x0f,0x0f,0xaa,
	0x0f,0x0f,0xaa,0x0f,0x0f,0xbc,0x10,0x10,0x66,0x09,0x09,0x7e,0x0b,0x0b,0xff,0x1b,
	0x1b,0x92,0x0d,0x0d,0x00,0x00,0x00,0x00,0x00,0x00,0x00,0x00,0x00,0x00,0x00,0x00,
	0x00,0x00,0x00,0x00,0x00,0x00,0x00,0x00,0x00,0x00,0x00,0x00,0x00,0x00,0x00,0x6b,
	0x09,0x09,0xff,0x1c,0x1c,0x8a,0x0c,0x0c,0x5b,0x07,0x07,0xbc,0x10,0x10,0xab,0x0f,
	0x0f,0xaa,0x0f,0x0f,0xaa,0x0f,0x0f,0xaa,0x0f,0x0f,0xaa,0x0f,0x0f,0xaa,0x0f,0x0f,
	0xaa,0x0f,0x0f,0xaa,0x0f,0x0f,0xaa,0x0f,0x0f,0xaa,0x0f,0x0f,0xaa,0x0f,0x0f,0xaa,
	0x0f,0x0f,0xaa,0x0f,0x0f,0xbc,0x10,0x10,0x66,0x09,0x09,0x7e,0x0b,0x0b,0xff,0x1b,
	0x1b,0x92,0x0d,0x0d,0x00,0x00,0x00,0x00,0x00,0x00,0x00,0x00,0x00,0x00,0x00,0x00,
	0x00,0x00,0x00,0x00,0x00,0x00,0x00,0x00,0x00,0x00,0x00,0x00,0x00,0x00,0x00,0x6b,
	0x09,0x09,0xff,0x1c,0x1c,0x8a,0x0c,0x0c,0x5b,0x07,0x07,0xbc,0x10,0x10,0xab,0x0f,
	0x0f,0xaa,0x0f,0x0f,0xaa,0x0f,0x0f,0xaa,0x0f,0x0f,0xaa,0x0f,0x0f,0xaa,0x0f,0x0f,
	0xaa,0x0f,0x0f,0xaa,0x0f,0x0f,0xaa,0x0f,0x0f,0xaa,0x0f,0x0f,0xaa,0x0f,0x0f,0xaa,
	0x0f,0x0f,0xaa,0x0f,0x0f,0xbc,0x10,0x10,0x66,0x09,0x09,0x7e,0x0b,0x0b,0xff,0x1b,
	0x1b,0x92,0x0d,0x0d,0x00,0x00,0x00,0x00,0x00,0x00,0x00,0x00,0x00,0x00,0x00,0x00,
	0x00,0x00,0x00,0x00,0x00,0x00,0x00,0x00,0x00,0x00,0x00,0x00,0x00,0x00,0x00,0x6a,
	0x09,0x09,0xff,0x1b,0x1b,0xb1,0x0c,0x0c,0x15,0x0c,0x0c,0x24,0x14,0x14,0x25,0x13,
	0x13,0x25,0x13,0x13,0x25,0x13,0x13,0x25,0x13,0x13,0x25,0x13,0x13,0x25,0x13,0x13,
	0x25,0x13,0x13,0x25,0x13,0x13,0x25,0x13,0x13,0x25,0x13,0x13,0x25,0x13,0x13,0x25,
	0x13,0x13,0x25,0x13,0x13,0x24,0x14,0x14,0x17,0x0d,0x0d,0xa5,0x0b,0x0b,0xff,0x1a,
	0x1a,0x90,0x0d,0x0d,0x00,0x00,0x00,0x00,0x00,0x00,0x00,0x00,0x00,0x00,0x00,0x00,
	0x00,0x00,0x00,0x00,0x00,0x00,0x00,0x00,0x00,0x00,0x00,0x00,0x00,0x00,0x00,0x1b,
	0x0e,0x0e,0x38,0x1c,0x1c,0x3a,0x1d,0x1d,0x1a,0x0b,0x0b,0x00,0x00,0x00,0x00,0x00,
	0x00,0x00,0x00,0x00,0x00,0x00,0x00,0x00,0x00,0x00,0x00,0x00,0x00,0x00,0x00,0x00,
	0x00,0x00,0x00,0x00,0x00,0x00,0x00,0x00,0x00,0x00,0x00,0x00,0x00,0x00,0x00,0x00,
	0x00,0x00,0x00,0x00,0x00,0x00,0x00,0x00,0x1a,0x0b,0x0b,0x3a,0x1d,0x1d,0x38,0x1c,
	0x1c,0x1b,0x0d,0x0d,0x00,0x00,0x00,0x00,0x00,0x00,0x00,0x00,0x00,0x00,0x00,0x00,
	0x00,0x00,0x00,0x00,0x00,0x00,0x00,0x00,0x00,0x00,0x00,0x00,0x00,0x00,0x00,0x74,
	0x0a,0x0a,0xff,0x18,0x18,0xff,0x1a,0x1a,0x55,0x07,0x07,0x00,0x00,0x00,0x00,0x00,
	0x00,0x00,0x00,0x00,0x00,0x00,0x00,0x00,0x00,0x00,0x00,0x00,0x00,0x00,0x00,0x00,
	0x00,0x00,0x00,0x00,0x00,0x00,0x00,0x00,0x00,0x00,0x00,0x00,0x00,0x00,0x00,0x00,
	0x00,0x00,0x00,0x00,0x00,0x00,0x00,0x00,0x54,0x07,0x07,0xff,0x19,0x19,0xff,0x18,
	0x18,0x72,0x0a,0x0a,0x00,0x00,0x00,0x00,0x00,0x00,0x00,0x00,0x00,0x00,0x00,0x00,
	0x00,0x00,0x00,0x00,0x00,0x00,0x00,0x00,0x00,0x00,0x00,0x00,0x00,0x00,0x00,0x1b,
	0x0e,0x0e,0x38,0x1c,0x1c,0x3a,0x1d,0x1d,0x1a,0x0b,0x0b,0x00,0x00,0x00,0x00,0x00,
	0x00,0x00,0x00,0x00,0x00,0x00,0x00,0x00,0x00,0x00,0x00,0x00,0x00,0x00,0x00,0x00,
	0x00,0x00,0x00,0x00,0x00,0x00,0x00,0x00,0x00,0x00,0x00,0x00,0x00,0x00,0x00,0x00,
	0x00,0x00,0x00,0x00,0x00,0x00,0x00,0x00,0x6e,0x07,0x07,0xff,0x19,0x19,0xff,0x19,
	0x19,0x72,0x0a,0x0a,0x00,0x00,0x00,0x00,0x00,0x00,0x00,0x00,0x00,0x00,0x00,0x00,
	0x00,0x00,0x00,0x00,0x00,0x00,0x00,0x00,0x00,0x00,0x00,0x00,0x00,0x00,0x00,0x1b,
	0x0e,0x0e,0x39,0x1c,0x1c,0x39,0x1e,0x1e,0x02,0x0c,0x0c,0x00,0x00,0x00,0x00,0x00,
	0x00,0x00,0x00,0x00,0x00,0x00,0x00,0x00,0x00,0x00,0x00,0x00,0x00,0x00,0x00,0x00,
	0x00,0x00,0x00,0x00,0x00,0x00,0x00,0x00,0x00,0x00,0x00,0x00,0x00,0x00,0x00,0x00,
	0x00,0x00,0x00,0x00,0x00,0x00,0x00,0x00,0x54,0x07,0x07,0xff,0x19,0x19,0xff,0x18,
	0x18,0x72,0x0a,0x0a,0x00,0x00,0x00,0x00,0x00,0x00,0x00,0x00,0x00,0x00,0x00,0x00,
	0x00,0x00,0x00,0x00,0x00,0x00,0x00,0x00,0x00,0x00,0x00,0x00,0x00,0x00,0x00,0x1b,
	0x0e,0x0e,0x39,0x1c,0x1c,0x39,0x1e,0x1e,0x02,0x0c,0x0c,0x00,0x00,0x00,0x00,0x00,
	0x00,0x00,0x00,0x00,0x00,0x00,0x00,0x00,0x00,0x00,0x00,0x00,0x00,0x00,0x00,0x00,
	0x00,0x00,0x00,0x00,0x00,0x00,0x00,0x00,0x00,0x00,0x00,0x00,0x00,0x00,0x00,0x00,
	0x00,0x00,0x00,0x00,0x00,0x00,0x00,0x00,0x54,0x07,0x07,0xff,0x19,0x19,0xff,0x18,
	0x18,0x72,0x0a,0x0a,0x00,0x00,0x00,0x00,0x00,0x00,0x00,0x00,0x00,0x00,0x00,0x00,
	0x00,0x00,0x00,0x00,0x00,0x00,0x00,0x00,0x00,0x00,0x00,0x00,0x00,0x00,0x00,0x74,
	0x0a,0x0a,0xff,0x18,0x18,0xff,0x19,0x19,0x6d,0x07,0x07,0x00,0x00,0x00,0x00,0x00,
	0x00,0x00,0x00,0x00,0x00,0x00,0x00,0x00,0x00,0x00,0x00,0x00,0x00,0x00,0x00,0x00,
	0x00,0x00,0x00,0x00,0x00,0x00,0x00,0x00,0x00,0x00,0x00,0x00,0x00,0x00,0x00,0x00,
	0x00,0x00,0x00,0x00,0x00,0x00,0x00,0x00,0x6e,0x07,0x07,0xff,0x19,0x19,0xff,0x19,
	0x19,0x72,0x0a,0x0a,0x00,0x00,0x00,0x00,0x00,0x00,0x00,0x00,0x00,0x00,0x00,0x00,
	0x00,0x00,0x00,0x00,0x00,0x00,0x00,0x00,0x00,0x00,0x00,0x00,0x00,0x00,0x00,0x74,
	0x0a,0x0a,0xff,0x18,0x18,0xff,0x1a,0x1a,0x55,0x07,0x07,0x00,0x00,0x00,0x00,0x00,
	0x00,0x00,0x00,0x00,0x00,0x00,0x00,0x00,0x00,0x00,0x00,0x00,0x00,0x00,0x00,0x00,
	0x00,0x00,0x00,0x00,0x00,0x00,0x00,0x00,0x00,0x00,0x00,0x00,0x00,0x00,0x00,0x00,
	0x00,0x00,0x00,0x00,0x00,0x00,0x00,0x00,0x00,0x0c,0x0c,0x37,0x1e,0x1e,0x3b,0x1c,
	0x1c,0x1b,0x0d,0x0d,0x00,0x00,0x00,0x00,0x00,0x00,0x00,0x00,0x00,0x00,0x00,0x00,
	0x00,0x00,0x00,0x00,0x00,0x00,0x00,0x00,0x00,0x00,0x00,0x00,0x00,0x00,0x00,0x74,
	0x0a,0x0a,0xff,0x18,0x18,0xff,0x1a,0x1a,0x55,0x07,0x07,0x00,0x00,0x00,0x00,0x00,
	0x00,0x00,0x00,0x00,0x00,0x00,0x00,0x00,0x00,0x00,0x00,0x00,0x00,0x00,0x00,0x00,
	0x00,0x00,0x00,0x00,0x00,0x00,0x00,0x00,0x00,0x00,0x00,0x00,0x00,0x00,0x00,0x00,
	0x00,0x00,0x00,0x00,0x00,0x00,0x00,0x00,0x00,0x0c,0x0c,0x37,0x1e,0x1e,0x3b,0x1c,
	0x1c,0x1b,0x0d,0x0d,0x00,0x00,0x00,0x00,0x00,0x00,0x00,0x00,0x00,0x00,0x00,0x00,
	0x00,0x00,0x00,0x00,0x00,0x00,0x00,0x00,0x00,0x00,0x00,0x00,0x00,0x00,0x00,0x1b,
	0x0e,0x0e,0x39,0x1c,0x1c,0x39,0x1e,0x1e,0x02,0x0c,0x0c,0x00,0x00,0x00,0x00,0x00,
	0x00,0x00,0x00,0x00,0x00,0x00,0x00,0x00,0x00,0x00,0x00,0x00,0x00,0x00,0x00,0x00,
	0x00,0x00,0x00,0x00,0x00,0x00,0x00,0x00,0x00,0x00,0x00,0x00,0x00,0x00,0x00,0x00,
	0x00,0x00,0x00,0x00,0x00,0x00,0x00,0x00,0x54,0x07,0x07,0xff,0x19,0x19,0xff,0x18,
	0x18,0x72,0x0a,0x0a,0x00,0x00,0x00,0x00,0x00,0x00,0x00,0x00,0x00,0x00,0x00,0x00,
	0x00,0x00,0x00,0x00,0x00,0x00,0x00,0x00,0x00,0x00,0x00,0x00,0x00,0x00,0x00,0x74,
	0x0a,0x0a,0xff,0x18,0x18,0xff,0x1a,0x1a,0x55,0x07,0x07,0x00,0x00,0x00,0x00,0x00,
	0x00,0x00,0x00,0x00,0x00,0x00,0x00,0x00,0x00,0x00,0x00,0x00,0x00,0x00,0x00,0x00,
	0x00,0x00,0x00,0x00,0x00,0x00,0x00,0x00,0x00,0x00,0x00,0x00,0x00,0x00,0x00,0x00,
	0x00,0x00,0x00,0x00,0x00,0x00,0x00,0x00,0x54,0x07,0x07,0xff,0x19,0x19,0xff,0x18,
	0x18,0x72,0x0a,0x0a,0x00,0x00,0x00,0x00,0x00,0x00,0x00,0x00,0x00,0x00,0x00,0x00,
	0x00,0x00,0x00,0x00,0x00,0x00,0x00,0x00,0x00,0x00,0x00,0x00,0x00,0x00,0x00,0x74,
	0x0a,0x0a,0xff,0x18,0x18,0xff,0x1a,0x1a,0x55,0x07,0x07,0x00,0x00,0x00,0x00,0x00,
	0x00,0x00,0x00,0x00,0x00,0x00,0x00,0x00,0x00,0x00,0x00,0x00,0x00,0x00,0x00,0x00,
	0x00,0x00,0x00,0x00,0x00,0x00,0x00,0x00,0x00,0x00,0x00,0x00,0x00,0x00,0x00,0x00,
	0x00,0x00,0x00,0x00,0x00,0x00,0x00,0x00,0x54,0x07,0x07,0xff,0x19,0x19,0xff,0x18,
	0x18,0x72,0x0a,0x0a,0x00,0x00,0x00,0x00,0x00,0x00,0x00,0x00,0x00,0x00,0x00,0x00,
	0x00,0x00,0x00,0x00,0x00,0x00,0x00,0x00,0x00,0x00,0x00,0x00,0x00,0x00,0x00,0x74,
	0x0a,0x0a,0xff,0x18,0x18,0xff,0x19,0x19,0x6d,0x07,0x07,0x00,0x00,0x00,0x00,0x00,
	0x00,0x00,0x00,0x00,0x00,0x00,0x00,0x00,0x00,0x00,0x00,0x00,0x00,0x00,0x00,0x00,
	0x00,0x00,0x00,0x00,0x00,0x00,0x00,0x00,0x00,0x00,0x00,0x00,0x00,0x00,0x00,0x00,
	0x00,0x00,0x00,0x00,0x00,0x00,0x00,0x00,0x6e,0x07,0x07,0xff,0x19,0x19,0xff,0x19,
	0x19,0x72,0x0a,0x0a,0x00,0x00,0x00,0x00,0x00,0x00,0x00,0x00,0x00,0x00,0x00,0x01,
	0x00,0x00,0x00,0x00,0x00,0x00,0x00,0x00,0x00,0x00,0x00,0x00,0x00,0x00,0x00,0x25,
	0x0f,0x0f,0x37,0x1c,0x1c,0x3a,0x1c,0x1c,0x1b,0x0d,0x0d,0x00,0x00,0x00,0x00,0x00,
	0x00,0x00,0x00,0x00,0x00,0x00,0x00,0x00,0x00,0x00,0x00,0x00,0x00,0x00,0x00,0x00,
	0x00,0x00,0x00,0x00,0x00,0x00,0x00,0x00,0x00,0x00,0x00,0x00,0x00,0x00,0x00,0x00,
	0x00,0x00,0x00,0x00,0x00,0x00,0x00,0x00,0x24,0x10,0x10,0x37,0x1c,0x1c,0x3a,0x1c,
	0x1c,0x1b,0x0c,0x0c,0x00,0x00,0x00,0x00,0x00,0x00,0x00,0x00,0x00,0x00,0x00,0x00,
	0x00,0x00,0x00,0x00,0x00,0x00,0x00,0x00,0x00,0x00,0x00,0x00,0x00,0x00,0x00,0x86,
	0x0c,0x0c,0xff,0x18,0x18,0xff,0x18,0x18,0x71,0x0a,0x0a,0x00,0x00,0x00,0x00,0x00,
	0x00,0x00,0x00,0x00,0x00,0x00,0x00,0x00,0x00,0x00,0x00,0x00,0x00,0x00,0x00,0x00,
	0x00,0x00,0x00,0x00,0x00,0x00,0x00,0x00,0x00,0x00,0x00,0x00,0x00,0x00,0x00,0x00,
	0x00,0x00,0x00,0x00,0x00,0x00,0x00,0x00,0x8c,0x0c,0x0c,0xff,0x19,0x19,0xff,0x17,
	0x17,0x68,0x09,0x09,0x00,0x00,0x00,0x00,0x00,0x00,0x00,0x00,0x00,0x00,0x00,0x00,
	0x00,0x00,0x00,0x00,0x00,0x00,0x00,0x00,0x00,0x00,0x00,0x00,0x00,0x00,0x00,0x25,
	0x0f,0x0f,0x37,0x1c,0x1c,0x3a,0x1c,0x1c,0x1b,0x0d,0x0d,0x00,0x00,0x00,0x00,0x00,
	0x00,0x00,0x00,0x00,0x00,0x00,0x00,0x00,0x00,0x00,0x00,0x00,0x00,0x00,0x00,0x00,
	0x00,0x00,0x00,0x00,0x00,0x00,0x00,0x00,0x00,0x00,0x00,0x00,0x00,0x00,0x00,0x00,
	0x00,0x00,0x00,0x00,0x00,0x00,0x00,0x00,0x8d,0x0c,0x0c,0xff,0x19,0x19,0xff,0x17,
	0x17,0x68,0x09,0x09,0x00,0x00,0x00,0x00,0x00,0x00,0x00,0x00,0x00,0x00,0x00,0x00,
	0x00,0x00,0x00,0x00,0x00,0x00,0x00,0x00,0x00,0x00,0x00,0x00,0x00,0x00,0x00,0x25,
	0x0f,0x0f,0x37,0x1c,0x1c,0x3a,0x1c,0x1c,0x1a,0x0d,0x0d,0x00,0x00,0x00,0x00,0x00,
	0x00,0x00,0x00,0x00,0x00,0x00,0x00,0x00,0x00,0x00,0x00,0x00,0x00,0x00,0x00,0x00,
	0x00,0x00,0x00,0x00,0x00,0x00,0x00,0x00,0x00,0x00,0x00,0x00,0x00,0x00,0x00,0x00,
	0x00,0x00,0x00,0x00,0x00,0x00,0x00,0x00,0x8c,0x0c,0x0c,0xff,0x19,0x19,0xff,0x17,
	0x17,0x68,0x09,0x09,0x00,0x00,0x00,0x00,0x00,0x00,0x00,0x00,0x00,0x00,0x00,0x00,
	0x00,0x00,0x00,0x00,0x00,0x00,0x00,0x00,0x00,0x00,0x00,0x00,0x00,0x00,0x00,0x25,
	0x0f,0x0f,0x37,0x1c,0x1c,0x3a,0x1c,0x1c,0x1a,0x0d,0x0d,0x00,0x00,0x00,0x00,0x00,
	0x00,0x00,0x00,0x00,0x00,0x00,0x00,0x00,0x00,0x00,0x00,0x00,0x00,0x00,0x00,0x00,
	0x00,0x00,0x00,0x00,0x00,0x00,0x00,0x00,0x00,0x00,0x00,0x00,0x00,0x00,0x00,0x00,
	0x00,0x00,0x00,0x00,0x00,0x00,0x00,0x00,0x8c,0x0c,0x0c,0xff,0x19,0x19,0xff,0x17,
	0x17,0x68,0x09,0x09,0x00,0x00,0x00,0x00,0x00,0x00,0x00,0x00,0x00,0x00,0x00,0x00,
	0x00,0x00,0x00,0x00,0x00,0x00,0x00,0x00,0x00,0x00,0x00,0x00,0x00,0x00,0x00,0x86,
	0x0c,0x0c,0xff,0x18,0x18,0xff,0x18,0x18,0x72,0x0a,0x0a,0x00,0x00,0x00,0x00,0x00,
	0x00,0x00,0x00,0x00,0x00,0x00,0x00,0x00,0x00,0x00,0x00,0x00,0x00,0x00,0x00,0x00,
	0x00,0x00,0x00,0x00,0x00,0x00,0x00,0x00,0x00,0x00,0x00,0x00,0x00,0x00,0x00,0x00,
	0x00,0x00,0x00,0x00,0x00,0x00,0x00,0x00,0x8d,0x0c,0x0c,0xff,0x19,0x19,0xff,0x17,
	0x17,0x68,0x09,0x09,0x00,0x00,0x00,0x00,0x00,0x00,0x00,0x00,0x00,0x00,0x00,0x00,
	0x00,0x00,0x00,0x00,0x00,0x00,0x00,0x00,0x00,0x00,0x00,0x00,0x00,0x00,0x00,0x86,
	0x0c,0x0c,0xff,0x18,0x18,0xff,0x18,0x18,0x71,0x0a,0x0a,0x00,0x00,0x00,0x00,0x00,
	0x00,0x00,0x00,0x00,0x00,0x00,0x00,0x00,0x00,0x00,0x00,0x00,0x00,0x00,0x00,0x00,
	0x00,0x00,0x00,0x00,0x00,0x00,0x00,0x00,0x00,0x00,0x00,0x00,0x00,0x00,0x00,0x00,
	0x00,0x00,0x00,0x00,0x00,0x00,0x00,0x00,0x23,0x10,0x10,0x38,0x1c,0x1c,0x3a,0x1c,
	0x1c,0x1b,0x0c,0x0c,0x00,0x00,0x00,0x00,0x00,0x00,0x00,0x00,0x00,0x00,0x00,0x00,
	0x00,0x00,0x00,0x00,0x00,0x00,0x00,0x00,0x00,0x00,0x00,0x00,0x00,0x00,0x00,0x86,
	0x0c,0x0c,0xff,0x18,0x18,0xff,0x18,0x18,0x71,0x0a,0x0a,0x00,0x00,0x00,0x00,0x00,
	0x00,0x00,0x00,0x00,0x00,0x00,0x00,0x00,0x00,0x00,0x00,0x00,0x00,0x00,0x00,0x00,
	0x00,0x00,0x00,0x00,0x00,0x00,0x00,0x00,0x00,0x00,0x00,0x00,0x00,0x00,0x00,0x00,
	0x00,0x00,0x00,0x00,0x00,0x00,0x00,0x00,0x23,0x10,0x10,0x38,0x1c,0x1c,0x3a,0x1c,
	0x1c,0x1b,0x0c,0x0c,0x00,0x00,0x00,0x00,0x00,0x00,0x00,0x00,0x00,0x00,0x00,0x00,
	0x00,0x00,0x00,0x00,0x00,0x00,0x00,0x00,0x00,0x00,0x00,0x00,0x00,0x00,0x00,0x25,
	0x0f,0x0f,0x37,0x1c,0x1c,0x3a,0x1c,0x1c,0x1a,0x0d,0x0d,0x00,0x00,0x00,0x00,0x00,
	0x00,0x00,0x00,0x00,0x00,0x00,0x00,0x00,0x00,0x00,0x00,0x00,0x00,0x00,0x00,0x00,
	0x00,0x00,0x00,0x00,0x00,0x00,0x00,0x00,0x00,0x00,0x00,0x00,0x00,0x00,0x00,0x00,
	0x00,0x00,0x00,0x00,0x00,0x00,0x00,0x00,0x8c,0x0c,0x0c,0xff,0x19,0x19,0xff,0x17,
	0x17,0x68,0x09,0x09,0x00,0x00,0x00,0x00,0x00,0x00,0x00,0x00,0x00,0x00,0x00,0x00,
	0x00,0x00,0x00,0x00,0x00,0x00,0x00,0x00,0x00,0x00,0x00,0x00,0x00,0x00,0x00,0x86,
	0x0c,0x0c,0xff,0x18,0x18,0xff,0x18,0x18,0x71,0x0a,0x0a,0x00,0x00,0x00,0x00,0x00,
	0x00,0x00,0x00,0x00,0x00,0x00,0x00,0x00,0x00,0x00,0x00,0x00,0x00,0x00,0x00,0x00,
	0x00,0x00,0x00,0x00,0x00,0x00,0x00,0x00,0x00,0x00,0x00,0x00,0x00,0x00,0x00,0x00,
	0x00,0x00,0x00,0x00,0x00,0x00,0x00,0x00,0x8c,0x0c,0x0c,0xff,0x19,0x19,0xff,0x17,
	0x17,0x68,0x09,0x09,0x00,0x00,0x00,0x00,0x00,0x00,0x00,0x00,0x00,0x00,0x00,0x00,
	0x00,0x00,0x00,0x00,0x00,0x00,0x00,0x00,0x00,0x00,0x00,0x00,0x00,0x00,0x00,0x86,
	0x0c,0x0c,0xff,0x18,0x18,0xff,0x18,0x18,0x71,0x0a,0x0a,0x00,0x00,0x00,0x00,0x00,
	0x00,0x00,0x00,0x00,0x00,0x00,0x00,0x00,0x00,0x00,0x00,0x00,0x00,0x00,0x00,0x00,
	0x00,0x00,0x00,0x00,0x00,0x00,0x00,0x00,0x00,0x00,0x00,0x00,0x00,0x00,0x00,0x00,
	0x00,0x00,0x00,0x00,0x00,0x00,0x00,0x00,0x8c,0x0c,0x0c,0xff,0x19,0x19,0xff,0x17,
	0x17,0x68,0x09,0x09,0x00,0x00,0x00,0x00,0x00,0x00,0x00,0x00,0x00,0x00,0x00,0x00,
	0x00,0x00,0x00,0x00,0x00,0x00,0x00,0x00,0x00,0x00,0x00,0x00,0x00,0x00,0x00,0x86,
	0x0c,0x0c,0xff,0x18,0x18,0xff,0x18,0x18,0x72,0x0a,0x0a,0x00,0x00,0x00,0x00,0x00,
	0x00,0x00,0x00,0x00,0x00,0x00,0x00,0x00,0x00,0x00,0x00,0x00,0x00,0x00,0x00,0x00,
	0x00,0x00,0x00,0x00,0x00,0x00,0x00,0x00,0x00,0x00,0x00,0x00,0x00,0x00,0x00,0x00,
	0x00,0x00,0x00,0x00,0x00,0x00,0x00,0x00,0x8d,0x0c,0x0c,0xff,0x19,0x19,0xff,0x17,
	0x17,0x68,0x09,0x09,0x00,0x00,0x00,0x00,0x00,0x00,0x00,0x00,0x00,0x00,0x00,0x00,
	0x00,0x00,0x00,0x00,0x00,0x00,0x00,0x00,0x00,0x00,0x00,0x00,0x00,0x00,0x00,0x29,
	0x10,0x10,0x36,0x1c,0x1c,0x3b,0x1c,0x1c,0x1e,0x0b,0x0b,0x00,0x00,0x00,0x00,0x00,
	0x00,0x00,0x00,0x00,0x00,0x00,0x00,0x00,0x00,0x00,0x00,0x00,0x00,0x00,0x00,0x00,
	0x00,0x00,0x00,0x00,0x00,0x00,0x00,0x00,0x00,0x00,0x00,0x00,0x00,0x00,0x00,0x00,
	0x00,0x00,0x00,0x00,0x00,0x00,0x00,0x00,0x29,0x11,0x11,0x36,0x1c,0x1c,0x3b,0x1c,
	0x1c,0x1d,0x0b,0x0b,0x00,0x00,0x00,0x00,0x00,0x00,0x00,0x00,0x00,0x00,0x00,0x00,
	0x00,0x00,0x00,0x00,0x00,0x00,0x00,0x00,0x00,0x00,0x00,0x00,0x00,0x00,0x00,0x95,
	0x0d,0x0d,0xff,0x18,0x18,0xff,0x17,0x17,0x5d,0x08,0x08,0x00,0x00,0x00,0x00,0x00,
	0x00,0x00,0x00,0x00,0x00,0x00,0x00,0x00,0x00,0x00,0x00,0x00,0x00,0x00,0x00,0x00,
	0x00,0x00,0x00,0x00,0x00,0x00,0x00,0x00,0x00,0x00,0x00,0x00,0x00,0x00,0x00,0x00,
	0x00,0x00,0x00,0x00,0x00,0x00,0x00,0x00,0x95,0x0d,0x0d,0xff,0x18,0x18,0xff,0x17,
	0x17,0x5d,0x08,0x08,0x00,0x00,0x00,0x00,0x00,0x00,0x00,0x00,0x00,0x00,0x00,0x00,
	0x00,0x00,0x00,0x00,0x00,0x00,0x00,0x00,0x00,0x00,0x00,0x00,0x00,0x00,0x00,0x29,
	0x10,0x10,0x36,0x1c,0x1c,0x3b,0x1c,0x1c,0x1e,0x0b,0x0b,0x00,0x00,0x00,0x00,0x00,
	0x00,0x00,0x00,0x00,0x00,0x00,0x00,0x00,0x00,0x00,0x00,0x00,0x00,0x00,0x00,0x00,
	0x00,0x00,0x00,0x00,0x00,0x00,0x00,0x00,0x00,0x00,0x00,0x00,0x00,0x00,0x00,0x00,
	0x00,0x00,0x00,0x00,0x00,0x00,0x00,0x00,0x95,0x0d,0x0d,0xff,0x18,0x18,0xff,0x17,
	0x17,0x5d,0x08,0x08,0x00,0x00,0x00,0x00,0x00,0x00,0x00,0x00,0x00,0x00,0x00,0x00,
	0x00,0x00,0x00,0x00,0x00,0x00,0x00,0x00,0x00,0x00,0x00,0x00,0x00,0x00,0x00,0x29,
	0x10,0x10,0x36,0x1c,0x1c,0x3b,0x1c,0x1c,0x1e,0x0b,0x0b,0x00,0x00,0x00,0x00,0x00,
	0x00,0x00,0x00,0x00,0x00,0x00,0x00,0x00,0x00,0x00,0x00,0x00,0x00,0x00,0x00,0x00,
	0x00,0x00,0x00,0x00,0x00,0x00,0x00,0x00,0x00,0x00,0x00,0x00,0x00,0x00,0x00,0x00,
	0x00,0x00,0x00,0x00,0x00,0x00,0x00,0x00,0x95,0x0d,0x0d,0xff,0x18,0x18,0xff,0x17,
	0x17,0x5d,0x08,0x08,0x00,0x00,0x00,0x00,0x00,0x00,0x00,0x00,0x00,0x00,0x00,0x00,
	0x00,0x00,0x00,0x00,0x00,0x00,0x00,0x00,0x00,0x00,0x00,0x00,0x00,0x00,0x00,0x29,
	0x10,0x10,0x36,0x1c,0x1c,0x3b,0x1c,0x1c,0x1e,0x0b,0x0b,0x00,0x00,0x00,0x00,0x00,
	0x00,0x00,0x00,0x00,0x00,0x00,0x00,0x00,0x00,0x00,0x00,0x00,0x00,0x00,0x00,0x00,
	0x00,0x00,0x00,0x00,0x00,0x00,0x00,0x00,0x00,0x00,0x00,0x00,0x00,0x00,0x00,0x00,
	0x00,0x00,0x00,0x00,0x00,0x00,0x00,0x00,0x95,0x0d,0x0d,0xff,0x18,0x18,0xff,0x17,
	0x17,0x5d,0x08,0x08,0x00,0x00,0x00,0x00,0x00,0x00,0x00,0x00,0x00,0x00,0x00,0x00,
	0x00,0x00,0x00,0x00,0x00,0x00,0x00,0x00,0x00,0x00,0x00,0x00,0x00,0x00,0x00,0x95,
	0x0d,0x0d,0xff,0x18,0x18,0xff,0x17,0x17,0x5d,0x08,0x08,0x00,0x00,0x00,0x00,0x00,
	0x00,0x00,0x00,0x00,0x00,0x00,0x00,0x00,0x00,0x00,0x00,0x00,0x00,0x00,0x00,0x00,
	0x00,0x00,0x00,0x00,0x00,0x00,0x00,0x00,0x00,0x00,0x00,0x00,0x00,0x00,0x00,0x00,
	0x00,0x00,0x00,0x00,0x00,0x00,0x00,0x00,0x95,0x0d,0x0d,0xff,0x18,0x18,0xff,0x17,
	0x17,0x5d,0x08,0x08,0x00,0x00,0x00,0x00,0x00,0x00,0x00,0x00,0x00,0x00,0x00,0x00,
	0x00,0x00,0x00,0x00,0x00,0x00,0x00,0x00,0x00,0x00,0x00,0x00,0x00,0x00,0x00,0x95,
	0x0d,0x0d,0xff,0x18,0x18,0xff,0x17,0x17,0x5d,0x08,0x08,0x00,0x00,0x00,0x00,0x00,
	0x00,0x00,0x00,0x00,0x00,0x00,0x00,0x00,0x00,0x00,0x00,0x00,0x00,0x00,0x00,0x00,
	0x00,0x00,0x00,0x00,0x00,0x00,0x00,0x00,0x00,0x00,0x00,0x00,0x00,0x00,0x00,0x00,
	0x00,0x00,0x00,0x00,0x00,0x00,0x00,0x00,0x29,0x11,0x11,0x36,0x1c,0x1c,0x3b,0x1c,
	0x1c,0x1d,0x0b,0x0b,0x00,0x00,0x00,0x00,0x00,0x00,0x00,0x00,0x00,0x00,0x00,0x00,
	0x00,0x00,0x00,0x00,0x00,0x00,0x00,0x00,0x00,0x00,0x00,0x00,0x00,0x00,0x00,0x95,
	0x0d,0x0d,0xff,0x18,0x18,0xff,0x17,0x17,0x5d,0x08,0x08,0x00,0x00,0x00,0x00,0x00,
	0x00,0x00,0x00,0x00,0x00,0x00,0x00,0x00,0x00,0x00,0x00,0x00,0x00,0x00,0x00,0x00,
	0x00,0x00,0x00,0x00,0x00,0x00,0x00,0x00,0x00,0x00,0x00,0x00,0x00,0x00,0x00,0x00,
	0x00,0x00,0x00,0x00,0x00,0x00,0x00,0x00,0x29,0x11,0x11,0x36,0x1c,0x1c,0x3b,0x1c,
	0x1c,0x1d,0x0b,0x0b,0x00,0x00,0x00,0x00,0x00,0x00,0x00,0x00,0x00,0x00,0x00,0x00,
	0x00,0x00,0x00,0x00,0x00,0x00,0x00,0x00,0x00,0x00,0x00,0x00,0x00,0x00,0x00,0x29,
	0x10,0x10,0x36,0x1c,0x1c,0x3b,0x1c,0x1c,0x1e,0x0b,0x0b,0x00,0x00,0x00,0x00,0x00,
	0x00,0x00,0x00,0x00,0x00,0x00,0x00,0x00,0x00,0x00,0x00,0x00,0x00,0x00,0x00,0x00,
	0x00,0x00,0x00,0x00,0x00,0x00,0x00,0x00,0x00,0x00,0x00,0x00,0x00,0x00,0x00,0x00,
	0x00,0x00,0x00,0x00,0x00,0x00,0x00,0x00,0x95,0x0d,0x0d,0xff,0x18,0x18,0xff,0x17,
	0x17,0x5d,0x08,0x08,0x00,0x00,0x00,0x00,0x00,0x00,0x00,0x00,0x00,0x00,0x00,0x00,
	0x00,0x00,0x00,0x00,0x00,0x00,0x00,0x00,0x00,0x00,0x00,0x00,0x00,0x00,0x00,0x95,
	0x0d,0x0d,0xff,0x18,0x18,0xff,0x17,0x17,0x5d,0x08,0x08,0x00,0x00,0x00,0x00,0x00,
	0x00,0x00,0x00,0x00,0x00,0x00,0x00,0x00,0x00,0x00,0x00,0x00,0x00,0x00,0x00,0x00,
	0x00,0x00,0x00,0x00,0x00,0x00,0x00,0x00,0x00,0x00,0x00,0x00,0x00,0x00,0x00,0x00,
	0x00,0x00,0x00,0x00,0x00,0x00,0x00,0x00,0x95,0x0d,0x0d,0xff,0x18,0x18,0xff,0x17,
	0x17,0x5d,0x08,0x08,0x00,0x00,0x00,0x00,0x00,0x00,0x00,0x00,0x00,0x00,0x00,0x00,
	0x00,0x00,0x00,0x00,0x00,0x00,0x00,0x00,0x00,0x00,0x00,0x00,0x00,0x00,0x00,0x95,
	0x0d,0x0d,0xff,0x18,0x18,0xff,0x17,0x17,0x5d,0x08,0x08,0x00,0x00,0x00,0x00,0x00,
	0x00,0x00,0x00,0x00,0x00,0x00,0x00,0x00,0x00,0x00,0x00,0x00,0x00,0x00,0x00,0x00,
	0x00,0x00,0x00,0x00,0x00,0x00,0x00,0x00,0x00,0x00,0x00,0x00,0x00,0x00,0x00,0x00,
	0x00,0x00,0x00,0x00,0x00,0x00,0x00,0x00,0x95,0x0d,0x0d,0xff,0x18,0x18,0xff,0x17,
	0x17,0x5d,0x08,0x08,0x00,0x00,0x00,0x00,0x00,0x00,0x00,0x00,0x00,0x00,0x00,0x00,
	0x00,0x00,0x00,0x00,0x00,0x00,0x00,0x00,0x00,0x00,0x00,0x00,0x00,0x00,0x00,0x95,
	0x0d,0x0d,0xff,0x18,0x18,0xff,0x17,0x17,0x5d,0x08,0x08,0x00,0x00,0x00,0x00,0x00,
	0x00,0x00,0x00,0x00,0x00,0x00,0x00,0x00,0x00,0x00,0x00,0x00,0x00,0x00,0x00,0x00,
	0x00,0x00,0x00,0x00,0x00,0x00,0x00,0x00,0x00,0x00,0x00,0x00,0x00,0x00,0x00,0x00,
	0x00,0x00,0x00,0x00,0x00,0x00,0x00,0x00,0x95,0x0d,0x0d,0xff,0x18,0x18,0xff,0x17,
	0x17,0x5d,0x08,0x08,0x00,0x00,0x00,0x00,0x00,0x00,0x00,0x00,0x00,0x00,0x00,0x00,
	0x00,0x00,0x00,0x00,0x00,0x00,0x00,0x00,0x00,0x00,0x00,0x00,0x00,0x00,0x00,0x25,
	0x12,0x12,0x37,0x1c,0x1c,0x39,0x1c,0x1c,0x18,0x09,0x09,0x00,0x00,0x00,0x00,0x00,
	0x00,0x00,0x00,0x00,0x00,0x00,0x00,0x00,0x00,0x00,0x00,0x00,0x00,0x00,0x00,0x00,
	0x00,0x00,0x00,0x00,0x00,0x00,0x00,0x00,0x00,0x00,0x00,0x00,0x00,0x00,0x00,0x00,
	0x00,0x00,0x00,0x00,0x00,0x00,0x00,0x00,0x25,0x12,0x12,0x37,0x1c,0x1c,0x39,0x1c,
	0x1c,0x18,0x09,0x09,0x00,0x00,0x00,0x00,0x00,0x00,0x00,0x00,0x00,0x00,0x00,0x00,
	0x00,0x00,0x00,0x00,0x00,0x00,0x00,0x00,0x00,0x00,0x00,0x00,0x00,0x00,0x00,0xa0,
	0x0e,0x0e,0xff,0x18,0x18,0xff,0x17,0x17,0x4d,0x07,0x07,0x00,0x00,0x00,0x00,0x00,
	0x00,0x00,0x00,0x00,0x00,0x00,0x00,0x00,0x00,0x00,0x00,0x00,0x00,0x00,0x00,0x00,
	0x00,0x00,0x00,0x00,0x00,0x00,0x00,0x00,0x00,0x00,0x00,0x00,0x00,0x00,0x00,0x00,
	0x00,0x00,0x00,0x00,0x00,0x00,0x00,0x00,0xa0,0x0e,0x0e,0xff,0x18,0x18,0xff,0x17,
	0x17,0x4d,0x07,0x07,0x00,0x00,0x00,0x00,0x00,0x00,0x00,0x00,0x00,0x00,0x00,0x00,
	0x00,0x00,0x00,0x00,0x00,0x00,0x00,0x00,0x00,0x00,0x00,0x00,0x00,0x00,0x00,0x25,
	0x12,0x12,0x37,0x1c,0x1c,0x39,0x1c,0x1c,0x18,0x09,0x09,0x00,0x00,0x00,0x00,0x00,
	0x00,0x00,0x00,0x00,0x00,0x00,0x00,0x00,0x00,0x00,0x00,0x00,0x00,0x00,0x00,0x00,
	0x00,0x00,0x00,0x00,0x00,0x00,0x00,0x00,0x00,0x00,0x00,0x00,0x00,0x00,0x00,0x00,
	0x00,0x00,0x00,0x00,0x00,0x00,0x00,0x00,0xa0,0x0e,0x0e,0xff,0x18,0x18,0xff,0x17,
	0x17,0x4d,0x07,0x07,0x00,0x00,0x00,0x00,0x00,0x00,0x00,0x00,0x00,0x00,0x00,0x00,
	0x00,0x00,0x00,0x00,0x00,0x00,0x00,0x00,0x00,0x00,0x00,0x00,0x00,0x00,0x00,0x25,
	0x12,0x12,0x37,0x1c,0x1c,0x39,0x1c,0x1c,0x18,0x09,0x09,0x00,0x00,0x00,0x00,0x00,
	0x00,0x00,0x00,0x00,0x00,0x00,0x00,0x00,0x00,0x00,0x00,0x00,0x00,0x00,0x00,0x00,
	0x00,0x00,0x00,0x00,0x00,0x00,0x00,0x00,0x00,0x00,0x00,0x00,0x00,0x00,0x00,0x00,
	0x00,0x00,0x00,0x00,0x00,0x00,0x00,0x00,0xa0,0x0e,0x0e,0xff,0x18,0x18,0xff,0x17,
	0x17,0x4d,0x07,0x07,0x00,0x00,0x00,0x00,0x00,0x00,0x00,0x00,0x00,0x00,0x00,0x00,
	0x00,0x00,0x00,0x00,0x00,0x00,0x00,0x00,0x00,0x00,0x00,0x00,0x00,0x00,0x00,0x25,
	0x12,0x12,0x37,0x1c,0x1c,0x39,0x1c,0x1c,0x18,0x09,0x09,0x00,0x00,0x00,0x00,0x00,
	0x00,0x00,0x00,0x00,0x00,0x00,0x00,0x00,0x00,0x00,0x00,0x00,0x00,0x00,0x00,0x00,
	0x00,0x00,0x00,0x00,0x00,0x00,0x00,0x00,0x00,0x00,0x00,0x00,0x00,0x00,0x00,0x00,
	0x00,0x00,0x00,0x00,0x00,0x00,0x00,0x00,0xa0,0x0e,0x0e,0xff,0x18,0x18,0xff,0x17,
	0x17,0x4d,0x07,0x07,0x00,0x00,0x00,0x00,0x00,0x00,0x00,0x00,0x00,0x00,0x00,0x00,
	0x00,0x00,0x00,0x00,0x00,0x00,0x00,0x00,0x00,0x00,0x00,0x00,0x00,0x00,0x00,0xa0,
	0x0e,0x0e,0xff,0x18,0x18,0xff,0x17,0x17,0x4d,0x07,0x07,0x00,0x00,0x00,0x00,0x00,
	0x00,0x00,0x00,0x00,0x00,0x00,0x00,0x00,0x00,0x00,0x00,0x00,0x00,0x00,0x00,0x00,
	0x00,0x00,0x00,0x00,0x00,0x00,0x00,0x00,0x00,0x00,0x00,0x00,0x00,0x00,0x00,0x00,
	0x00,0x00,0x00,0x00,0x00,0x00,0x00,0x00,0xa0,0x0e,0x0e,0xff,0x18,0x18,0xff,0x17,
	0x17,0x4d,0x07,0x07,0x00,0x00,0x00,0x00,0x00,0x00,0x00,0x00,0x00,0x00,0x00,0x00,
	0x00,0x00,0x00,0x00,0x00,0x00,0x00,0x00,0x00,0x00,0x00,0x00,0x00,0x00,0x00,0xa0,
	0x0e,0x0e,0xff,0x18,0x18,0xff,0x17,0x17,0x4d,0x07,0x07,0x00,0x00,0x00,0x00,0x00,
	0x00,0x00,0x00,0x00,0x00,0x00,0x00,0x00,0x00,0x00,0x00,0x00,0x00,0x00,0x00,0x00,
	0x00,0x00,0x00,0x00,0x00,0x00,0x00,0x00,0x00,0x00,0x00,0x00,0x00,0x00,0x00,0x00,
	0x00,0x00,0x00,0x00,0x00,0x00,0x00,0x00,0x25,0x12,0x12,0x37,0x1c,0x1c,0x39,0x1c,
	0x1c,0x18,0x09,0x09,0x00,0x00,0x00,0x00,0x00,0x00,0x00,0x00,0x00,0x00,0x00,0x00,
	0x00,0x00,0x00,0x00,0x00,0x00,0x00,0x00,0x00,0x00,0x00,0x00,0x00,0x00,0x00,0xa0,
	0x0e,0x0e,0xff,0x18,0x18,0xff,0x17,0x17,0x4d,0x07,0x07,0x00,0x00,0x00,0x00,0x00,
	0x00,0x00,0x00,0x00,0x00,0x00,0x00,0x00,0x00,0x00,0x00,0x00,0x00,0x00,0x00,0x00,
	0x00,0x00,0x00,0x00,0x00,0x00,0x00,0x00,0x00,0x00,0x00,0x00,0x00,0x00,0x00,0x00,
	0x00,0x00,0x00,0x00,0x00,0x00,0x00,0x00,0x25,0x12,0x12,0x37,0x1c,0x1c,0x39,0x1c,
	0x1c,0x18,0x09,0x09,0x00,0x00,0x00,0x00,0x00,0x00,0x00,0x00,0x00,0x00,0x00,0x00,
	0x00,0x00,0x00,0x00,0x00,0x00,0x00,0x00,0x00,0x00,0x00,0x00,0x00,0x00,0x00,0x25,
	0x12,0x12,0x37,0x1c,0x1c,0x39,0x1c,0x1c,0x18,0x09,0x09,0x00,0x00,0x00,0x00,0x00,
	0x00,0x00,0x00,0x00,0x00,0x00,0x00,0x00,0x00,0x00,0x00,0x00,0x00,0x00,0x00,0x00,
	0x00,0x00,0x00,0x00,0x00,0x00,0x00,0x00,0x00,0x00,0x00,0x00,0x00,0x00,0x00,0x00,
	0x00,0x00,0x00,0x00,0x00,0x00,0x00,0x00,0xa0,0x0e,0x0e,0xff,0x18,0x18,0xff,0x17,
	0x17,0x4d,0x07,0x07,0x00,0x00,0x00,0x00,0x00,0x00,0x00,0x00,0x00,0x00,0x00,0x00,
	0x00,0x00,0x00,0x00,0x00,0x00,0x00,0x00,0x00,0x00,0x00,0x00,0x00,0x00,0x00,0xa0,
	0x0e,0x0e,0xff,0x18,0x18,0xff,0x17,0x17,0x4d,0x07,0x07,0x00,0x00,0x00,0x00,0x00,
	0x00,0x00,0x00,0x00,0x00,0x00,0x00,0x00,0x00,0x00,0x00,0x00,0x00,0x00,0x00,0x00,
	0x00,0x00,0x00,0x00,0x00,0x00,0x00,0x00,0x00,0x00,0x00,0x00,0x00,0x00,0x00,0x00,
	0x00,0x00,0x00,0x00,0x00,0x00,0x00,0x00,0xa0,0x0e,0x0e,0xff,0x18,0x18,0xff,0x17,
	0x17,0x4d,0x07,0x07,0x00,0x00,0x00,0x00,0x00,0x00,0x00,0x00,0x00,0x00,0x00,0x00,
	0x00,0x00,0x00,0x00,0x00,0x00,0x00,0x00,0x00,0x00,0x00,0x00,0x00,0x00,0x00,0xa0,
	0x0e,0x0e,0xff,0x18,0x18,0xff,0x17,0x17,0x4d,0x07,0x07,0x00,0x00,0x00,0x00,0x00,
	0x00,0x00,0x00,0x00,0x00,0x00,0x00,0x00,0x00,0x00,0x00,0x00,0x00,0x00,0x00,0x00,
	0x00,0x00,0x00,0x00,0x00,0x00,0x00,0x00,0x00,0x00,0x00,0x00,0x00,0x00,0x00,0x00,
	0x00,0x00,0x00,0x00,0x00,0x00,0x00,0x00,0xa0,0x0e,0x0e,0xff,0x18,0x18,0xff,0x17,
	0x17,0x4d,0x07,0x07,0x00,0x00,0x00,0x00,0x00,0x00,0x00,0x00,0x00,0x00,0x00,0x00,
	0x00,0x00,0x00,0x00,0x00,0x00,0x00,0x00,0x00,0x00,0x00,0x00,0x00,0x00,0x00,0xa0,
	0x0e,0x0e,0xff,0x18,0x18,0xff,0x17,0x17,0x4d,0x07,0x07,0x00,0x00,0x00,0x00,0x00,
	0x00,0x00,0x00,0x00,0x00,0x00,0x00,0x00,0x00,0x00,0x00,0x00,0x00,0x00,0x00,0x00,
	0x00,0x00,0x00,0x00,0x00,0x00,0x00,0x00,0x00,0x00,0x00,0x00,0x00,0x00,0x00,0x00,
	0x00,0x00,0x00,0x00,0x00,0x00,0x00,0x00,0xa0,0x0e,0x0e,0xff,0x18,0x18,0xff,0x17,
	0x17,0x4d,0x07,0x07,0x00,0x00,0x00,0x00,0x00,0x00,0x00,0x00,0x00,0x00,0x00,0x00,
	0x00,0x00,0x00,0x00,0x00,0x00,0x00,0x00,0x00,0x00,0x00,0x00,0x00,0x00,0x00,0x27,
	0x13,0x13,0x37,0x1c,0x1c,0x36,0x1b,0x1b,0x0f,0x08,0x08,0x00,0x00,0x00,0x00,0x00,
	0x00,0x00,0x00,0x00,0x00,0x00,0x00,0x00,0x00,0x00,0x00,0x00,0x00,0x00,0x00,0x00,
	0x00,0x00,0x00,0x00,0x00,0x00,0x00,0x00,0x00,0x00,0x00,0x00,0x00,0x00,0x00,0x00,
	0x00,0x00,0x00,0x00,0x00,0x00,0x00,0x00,0x27,0x13,0x13,0x37,0x1b,0x1b,0x36,0x1b,
	0x1b,0x10,0x08,0x08,0x00,0x00,0x00,0x00,0x00,0x00,0x00,0x00,0x00,0x00,0x00,0x00,
	0x00,0x00,0x00,0x00,0x00,0x00,0x00,0x00,0x00,0x00,0x00,0x00,0x00,0x00,0x00,0xac,
	0x0f,0x0f,0xff,0x17,0x17,0xff,0x16,0x16,0x3c,0x05,0x05,0x00,0x00,0x00,0x00,0x00,
	0x00,0x00,0x00,0x00,0x00,0x00,0x00,0x00,0x00,0x00,0x00,0x00,0x00,0x00,0x00,0x00,
	0x00,0x00,0x00,0x00,0x00,0x00,0x00,0x00,0x00,0x00,0x00,0x00,0x00,0x00,0x00,0x00,
	0x00,0x00,0x00,0x00,0x00,0x00,0x00,0x00,0xac,0x0f,0x0f,0xff,0x17,0x17,0xff,0x16,
	0x16,0x3c,0x05,0x05,0x00,0x00,0x00,0x00,0x00,0x00,0x00,0x00,0x00,0x00,0x00,0x00,
	0x00,0x00,0x00,0x00,0x00,0x00,0x00,0x00,0x00,0x00,0x00,0x00,0x00,0x00,0x00,0x27,
	0x13,0x13,0x37,0x1c,0x1c,0x36,0x1b,0x1b,0x0f,0x08,0x08,0x00,0x00,0x00,0x00,0x00,
	0x00,0x00,0x00,0x00,0x00,0x00,0x00,0x00,0x00,0x00,0x00,0x00,0x00,0x00,0x00,0x00,
	0x00,0x00,0x00,0x00,0x00,0x00,0x00,0x00,0x00,0x00,0x00,0x00,0x00,0x00,0x00,0x00,
	0x00,0x00,0x00,0x00,0x00,0x00,0x00,0x00,0xac,0x0f,0x0f,0xff,0x17,0x17,0xff,0x16,
	0x16,0x3c,0x05,0x05,0x00,0x00,0x00,0x00,0x00,0x00,0x00,0x00,0x00,0x00,0x00,0x00,
	0x00,0x00,0x00,0x00,0x00,0x00,0x00,0x00,0x00,0x00,0x00,0x00,0x00,0x00,0x00,0x27,
	0x13,0x13,0x37,0x1c,0x1c,0x36,0x1b,0x1b,0x0f,0x08,0x08,0x00,0x00,0x00,0x00,0x00,
	0x00,0x00,0x00,0x00,0x00,0x00,0x00,0x00,0x00,0x00,0x00,0x00,0x00,0x00,0x00,0x00,
	0x00,0x00,0x00,0x00,0x00,0x00,0x00,0x00,0x00,0x00,0x00,0x00,0x00,0x00,0x00,0x00,
	0x00,0x00,0x00,0x00,0x00,0x00,0x00,0x00,0xac,0x0f,0x0f,0xff,0x17,0x17,0xff,0x16,
	0x16,0x3c,0x05,0x05,0x00,0x00,0x00,0x00,0x00,0x00,0x00,0x00,0x00,0x00,0x00,0x00,
	0x00,0x00,0x00,0x00,0x00,0x00,0x00,0x00,0x00,0x00,0x00,0x00,0x00,0x00,0x00,0x27,
	0x13,0x13,0x37,0x1c,0x1c,0x36,0x1b,0x1b,0x0f,0x08,0x08,0x00,0x00,0x00,0x00,0x00,
	0x00,0x00,0x00,0x00,0x00,0x00,0x00,0x00,0x00,0x00,0x00,0x00,0x00,0x00,0x00,0x00,
	0x00,0x00,0x00,0x00,0x00,0x00,0x00,0x00,0x00,0x00,0x00,0x00,0x00,0x00,0x00,0x00,
	0x00,0x00,0x00,0x00,0x00,0x00,0x00,0x00,0xac,0x0f,0x0f,0xff,0x17,0x17,0xff,0x16,
	0x16,0x3c,0x05,0x05,0x00,0x00,0x00,0x00,0x00,0x00,0x00,0x00,0x00,0x00,0x00,0x00,
	0x00,0x00,0x00,0x00,0x00,0x00,0x00,0x00,0x00,0x00,0x00,0x00,0x00,0x00,0x00,0xac,
	0x0f,0x0f,0xff,0x17,0x17,0xff,0x16,0x16,0x3c,0x05,0x05,0x00,0x00,0x00,0x00,0x00,
	0x00,0x00,0x00,0x00,0x00,0x00,0x00,0x00,0x00,0x00,0x00,0x00,0x00,0x00,0x00,0x00,
	0x00,0x00,0x00,0x00,0x00,0x00,0x00,0x00,0x00,0x00,0x00,0x00,0x00,0x00,0x00,0x00,
	0x00,0x00,0x00,0x00,0x00,0x00,0x00,0x00,0xac,0x0f,0x0f,0xff,0x17,0x17,0xff,0x16,
	0x16,0x3c,0x05,0x05,0x00,0x00,0x00,0x00,0x00,0x00,0x00,0x00,0x00,0x00,0x00,0x00,
	0x00,0x00,0x00,0x00,0x00,0x00,0x00,0x00,0x00,0x00,0x00,0x00,0x00,0x00,0x00,0xac,
	0x0f,0x0f,0xff,0x17,0x17,0xff,0x16,0x16,0x3c,0x05,0x05,0x00,0x00,0x00,0x00,0x00,
	0x00,0x00,0x00,0x00,0x00,0x00,0x00,0x00,0x00,0x00,0x00,0x00,0x00,0x00,0x00,0x00,
	0x00,0x00,0x00,0x00,0x00,0x00,0x00,0x00,0x00,0x00,0x00,0x00,0x00,0x00,0x00,0x00,
	0x00,0x00,0x00,0x00,0x00,0x00,0x00,0x00,0x27,0x13,0x13,0x37,0x1b,0x1b,0x36,0x1b,
	0x1b,0x10,0x08,0x08,0x00,0x00,0x00,0x00,0x00,0x00,0x00,0x00,0x00,0x00,0x00,0x00,
	0x00,0x00,0x00,0x00,0x00,0x00,0x00,0x00,0x00,0x00,0x00,0x00,0x00,0x00,0x00,0xac,
	0x0f,0x0f,0xff,0x17,0x17,0xff,0x16,0x16,0x3c,0x05,0x05,0x00,0x00,0x00,0x00,0x00,
	0x00,0x00,0x00,0x00,0x00,0x00,0x00,0x00,0x00,0x00,0x00,0x00,0x00,0x00,0x00,0x00,
	0x00,0x00,0x00,0x00,0x00,0x00,0x00,0x00,0x00,0x00,0x00,0x00,0x00,0x00,0x00,0x00,
	0x00,0x00,0x00,0x00,0x00,0x00,0x00,0x00,0x27,0x13,0x13,0x37,0x1b,0x1b,0x36,0x1b,
	0x1b,0x10,0x08,0x08,0x00,0x00,0x00,0x00,0x00,0x00,0x00,0x00,0x00,0x00,0x00,0x00,
	0x00,0x00,0x00,0x00,0x00,0x00,0x00,0x00,0x00,0x00,0x00,0x00,0x00,0x00,0x00,0x27,
	0x13,0x13,0x37,0x1c,0x1c,0x36,0x1b,0x1b,0x0f,0x08,0x08,0x00,0x00,0x00,0x00,0x00,
	0x00,0x00,0x00,0x00,0x00,0x00,0x00,0x00,0x00,0x00,0x00,0x00,0x00,0x00,0x00,0x00,
	0x00,0x00,0x00,0x00,0x00,0x00,0x00,0x00,0x00,0x00,0x00,0x00,0x00,0x00,0x00,0x00,
	0x00,0x00,0x00,0x00,0x00,0x00,0x00,0x00,0xac,0x0f,0x0f,0xff,0x17,0x17,0xff,0x16,
	0x16,0x3c,0x05,0x05,0x00,0x00,0x00,0x00,0x00,0x00,0x00,0x00,0x00,0x00,0x00,0x00,
	0x00,0x00,0x00,0x00,0x00,0x00,0x00,0x00,0x00,0x00,0x00,0x00,0x00,0x00,0x00,0xac,
	0x0f,0x0f,0xff,0x17,0x17,0xff,0x16,0x16,0x3c,0x05,0x05,0x00,0x00,0x00,0x00,0x00,
	0x00,0x00,0x00,0x00,0x00,0x00,0x00,0x00,0x00,0x00,0x00,0x00,0x00,0x00,0x00,0x00,
	0x00,0x00,0x00,0x00,0x00,0x00,0x00,0x00,0x00,0x00,0x00,0x00,0x00,0x00,0x00,0x00,
	0x00,0x00,0x00,0x00,0x00,0x00,0x00,0x00,0xac,0x0f,0x0f,0xff,0x17,0x17,0xff,0x16,
	0x16,0x3c,0x05,0x05,0x00,0x00,0x00,0x00,0x00,0x00,0x00,0x00,0x00,0x00,0x00,0x00,
	0x00,0x00,0x00,0x00,0x00,0x00,0x00,0x00,0x00,0x00,0x00,0x00,0x00,0x00,0x00,0xac,
	0x0f,0x0f,0xff,0x17,0x17,0xff,0x16,0x16,0x3c,0x05,0x05,0x00,0x00,0x00,0x00,0x00,
	0x00,0x00,0x00,0x00,0x00,0x00,0x00,0x00,0x00,0x00,0x00,0x00,0x00,0x00,0x00,0x00,
	0x00,0x00,0x00,0x00,0x00,0x00,0x00,0x00,0x00,0x00,0x00,0x00,0x00,0x00,0x00,0x00,
	0x00,0x00,0x00,0x00,0x00,0x00,0x00,0x00,0xac,0x0f,0x0f,0xff,0x17,0x17,0xff,0x16,
	0x16,0x3c,0x05,0x05,0x00,0x00,0x00,0x00,0x00,0x00,0x00,0x00,0x00,0x00,0x00,0x00,
	0x00,0x00,0x00,0x00,0x00,0x00,0x00,0x00,0x00,0x00,0x00,0x00,0x00,0x00,0x00,0xac,
	0x0f,0x0f,0xff,0x17,0x17,0xff,0x16,0x16,0x3c,0x05,0x05,0x00,0x00,0x00,0x00,0x00,
	0x00,0x00,0x00,0x00,0x00,0x00,0x00,0x00,0x00,0x00,0x00,0x00,0x00,0x00,0x00,0x00,
	0x00,0x00,0x00,0x00,0x00,0x00,0x00,0x00,0x00,0x00,0x00,0x00,0x00,0x00,0x00,0x00,
	0x00,0x00,0x00,0x00,0x00,0x00,0x00,0x00,0xac,0x0f,0x0f,0xff,0x17,0x17,0xff,0x16,
	0x16,0x3c,0x05,0x05,0x00,0x00,0x00,0x00,0x00,0x00,0x00,0x00,0x00,0x00,0x00,0x00,
	0x00,0x00,0x00,0x00,0x00,0x00,0x00,0x00,0x00,0x00,0x00,0x00,0x03,0x00,0x00,0x2f,
	0x14,0x14,0x34,0x1b,0x1b,0x37,0x1b,0x1b,0x0f,0x07,0x07,0x00,0x00,0x00,0x00,0x00,
	0x00,0x00,0x00,0x00,0x00,0x00,0x00,0x00,0x00,0x00,0x00,0x00,0x00,0x00,0x00,0x00,
	0x00,0x00,0x00,0x00,0x00,0x00,0x00,0x00,0x00,0x00,0x00,0x00,0x00,0x00,0x00,0x00,
	0x00,0x00,0x00,0x00,0x00,0x03,0x00,0x00,0x2f,0x14,0x14,0x34,0x1b,0x1b,0x37,0x1b,
	0x1b,0x10,0x07,0x07,0x00,0x00,0x00,0x00,0x00,0x00,0x00,0x00,0x00,0x00,0x00,0x00,
	0x00,0x00,0x00,0x00,0x00,0x00,0x00,0x00,0x00,0x00,0x00,0x00,0x00,0x00,0x00,0xbc,
	0x10,0x10,0xff,0x17,0x17,0xfa,0x16,0x16,0x32,0x04,0x04,0x00,0x00,0x00,0x00,0x00,
	0x00,0x00,0x00,0x00,0x00,0x00,0x00,0x00,0x00,0x00,0x00,0x00,0x00,0x00,0x00,0x00,
	0x00,0x00,0x00,0x00,0x00,0x00,0x00,0x00,0x00,0x00,0x00,0x00,0x00,0x00,0x00,0x00,
	0x00,0x00,0x00,0x00,0x00,0x00,0x00,0x00,0xbc,0x10,0x10,0xff,0x17,0x17,0xfa,0x16,
	0x16,0x32,0x04,0x04,0x00,0x00,0x00,0x00,0x00,0x00,0x00,0x00,0x00,0x00,0x00,0x00,
	0x00,0x00,0x00,0x00,0x00,0x00,0x00,0x00,0x00,0x00,0x00,0x00,0x03,0x00,0x00,0x2f,
	0x14,0x14,0x34,0x1b,0x1b,0x37,0x1b,0x1b,0x0f,0x07,0x07,0x00,0x00,0x00,0x00,0x00,
	0x00,0x00,0x00,0x00,0x00,0x00,0x00,0x00,0x00,0x00,0x00,0x00,0x00,0x00,0x00,0x00,
	0x00,0x00,0x00,0x00,0x00,0x00,0x00,0x00,0x00,0x00,0x00,0x00,0x00,0x00,0x00,0x00,
	0x00,0x00,0x00,0x00,0x00,0x00,0x00,0x00,0xbc,0x10,0x10,0xff,0x17,0x17,0xfa,0x16,
	0x16,0x32,0x04,0x04,0x00,0x00,0x00,0x00,0x00,0x00,0x00,0x00,0x00,0x00,0x00,0x00,
	0x00,0x00,0x00,0x00,0x00,0x00,0x00,0x00,0x00,0x00,0x00,0x00,0x03,0x00,0x00,0x2f,
	0x14,0x14,0x34,0x1b,0x1b,0x37,0x1b,0x1b,0x0f,0x07,0x07,0x00,0x00,0x00,0x00,0x00,
	0x00,0x00,0x00,0x00,0x00,0x00,0x00,0x00,0x00,0x00,0x00,0x00,0x00,0x00,0x00,0x00,
	0x00,0x00,0x00,0x00,0x00,0x00,0x00,0x00,0x00,0x00,0x00,0x00,0x00,0x00,0x00,0x00,
	0x00,0x00,0x00,0x00,0x00,0x00,0x00,0x00,0xbc,0x10,0x10,0xff,0x17,0x17,0xfa,0x16,
	0x16,0x32,0x04,0x04,0x00,0x00,0x00,0x00,0x00,0x00,0x00,0x00,0x00,0x00,0x00,0x01,
	0x00,0x00,0x00,0x00,0x00,0x00,0x00,0x00,0x00,0x00,0x00,0x00,0x03,0x00,0x00,0x2f,
	0x14,0x14,0x34,0x1b,0x1b,0x37,0x1b,0x1b,0x0f,0x07,0x07,0x00,0x00,0x00,0x00,0x00,
	0x00,0x00,0x00,0x00,0x00,0x00,0x00,0x00,0x00,0x00,0x00,0x00,0x00,0x00,0x00,0x00,
	0x00,0x00,0x00,0x00,0x00,0x00,0x00,0x00,0x00,0x00,0x00,0x00,0x00,0x00,0x00,0x00,
	0x00,0x00,0x00,0x00,0x00,0x00,0x00,0x00,0xbc,0x10,0x10,0xff,0x17,0x17,0xfa,0x16,
	0x16,0x32,0x04,0x04,0x00,0x00,0x00,0x00,0x00,0x00,0x00,0x00,0x00,0x00,0x00,0x00,
	0x00,0x00,0x00,0x00,0x00,0x00,0x00,0x00,0x00,0x00,0x00,0x00,0x00,0x00,0x00,0xbc,
	0x10,0x10,0xff,0x17,0x17,0xfa,0x16,0x16,0x32,0x04,0x04,0x00,0x00,0x00,0x00,0x00,
	0x00,0x00,0x00,0x00,0x00,0x00,0x00,0x00,0x00,0x00,0x00,0x00,0x00,0x00,0x00,0x00,
	0x00,0x00,0x00,0x00,0x00,0x00,0x00,0x00,0x00,0x00,0x00,0x00,0x00,0x00,0x00,0x00,
	0x00,0x00,0x00,0x00,0x00,0x00,0x00,0x00,0xbc,0x10,0x10,0xff,0x17,0x17,0xfa,0x16,
	0x16,0x32,0x04,0x04,0x00,0x00,0x00,0x00,0x00,0x00,0x00,0x00,0x00,0x00,0x00,0x00,
	0x00,0x00,0x00,0x00,0x00,0x00,0x00,0x00,0x00,0x00,0x00,0x00,0x00,0x00,0x00,0xbc,
	0x10,0x10,0xff,0x17,0x17,0xfa,0x16,0x16,0x32,0x04,0x04,0x00,0x00,0x00,0x00,0x00,
	0x00,0x00,0x00,0x00,0x00,0x00,0x00,0x00,0x00,0x00,0x00,0x00,0x00,0x00,0x00,0x00,
	0x00,0x00,0x00,0x00,0x00,0x00,0x00,0x00,0x00,0x00,0x00,0x00,0x00,0x00,0x00,0x00,
	0x00,0x00,0x00,0x00,0x00,0x03,0x00,0x00,0x2f,0x14,0x14,0x34,0x1b,0x1b,0x37,0x1b,
	0x1b,0x10,0x07,0x07,0x00,0x00,0x00,0x00,0x00,0x00,0x00,0x00,0x00,0x00,0x00,0x00,
	0x00,0x00,0x00,0x00,0x00,0x00,0x00,0x00,0x00,0x00,0x00,0x00,0x00,0x00,0x00,0xbc,
	0x10,0x10,0xff,0x17,0x17,0xfa,0x16,0x16,0x32,0x04,0x04,0x00,0x00,0x00,0x00,0x00,
	0x00,0x00,0x00,0x00,0x00,0x00,0x00,0x00,0x00,0x00,0x00,0x00,0x00,0x00,0x00,0x00,
	0x00,0x00,0x00,0x00,0x00,0x00,0x00,0x00,0x00,0x00,0x00,0x00,0x00,0x00,0x00,0x00,
	0x00,0x00,0x00,0x00,0x00,0x03,0x00,0x00,0x2f,0x14,0x14,0x34,0x1b,0x1b,0x37,0x1b,
	0x1b,0x10,0x07,0x07,0x00,0x00,0x00,0x00,0x00,0x00,0x00,0x00,0x00,0x00,0x00,0x00,
	0x00,0x00,0x00,0x00,0x00,0x00,0x00,0x00,0x00,0x00,0x00,0x00,0x03,0x00,0x00,0x2f,
	0x14,0x14,0x34,0x1b,0x1b,0x37,0x1b,0x1b,0x0f,0x07,0x07,0x00,0x00,0x00,0x00,0x00,
	0x00,0x00,0x00,0x00,0x00,0x00,0x00,0x00,0x00,0x00,0x00,0x00,0x00,0x00,0x00,0x00,
	0x00,0x00,0x00,0x00,0x00,0x00,0x00,0x00,0x00,0x00,0x00,0x00,0x00,0x00,0x00,0x00,
	0x00,0x00,0x00,0x00,0x00,0x00,0x00,0x00,0xbc,0x10,0x10,0xff,0x17,0x17,0xfa,0x16,
	0x16,0x32,0x04,0x04,0x00,0x00,0x00,0x00,0x00,0x00,0x00,0x00,0x00,0x00,0x00,0x00,
	0x00,0x00,0x00,0x00,0x00,0x00,0x00,0x00,0x00,0x00,0x00,0x00,0x00,0x00,0x00,0xbc,
	0x10,0x10,0xff,0x17,0x17,0xfa,0x16,0x16,0x32,0x04,0x04,0x00,0x00,0x00,0x00,0x00,
	0x00,0x00,0x00,0x00,0x00,0x00,0x00,0x00,0x00,0x00,0x00,0x00,0x00,0x00,0x00,0x00,
	0x00,0x00,0x00,0x00,0x00,0x00,0x00,0x00,0x00,0x00,0x00,0x00,0x00,0x00,0x00,0x00,
	0x00,0x00,0x00,0x00,0x00,0x00,0x00,0x00,0xbc,0x10,0x10,0xff,0x17,0x17,0xfa,0x16,
	0x16,0x32,0x04,0x04,0x00,0x00,0x00,0x00,0x00,0x00,0x00,0x00,0x00,0x00,0x00,0x00,
	0x00,0x00,0x00,0x00,0x00,0x00,0x00,0x00,0x00,0x00,0x00,0x00,0x00,0x00,0x00,0xbc,
	0x10,0x10,0xff,0x17,0x17,0xfa,0x16,0x16,0x32,0x04,0x04,0x00,0x00,0x00,0x00,0x00,
	0x00,0x00,0x00,0x00,0x00,0x00,0x00,0x00,0x00,0x00,0x00,0x00,0x00,0x00,0x00,0x00,
	0x00,0x00,0x00,0x00,0x00,0x00,0x00,0x00,0x00,0x00,0x00,0x00,0x00,0x00,0x00,0x00,
	0x00,0x00,0x00,0x00,0x00,0x00,0x00,0x00,0xbc,0x10,0x10,0xff,0x17,0x17,0xfa,0x16,
	0x16,0x32,0x04,0x04,0x00,0x00,0x00,0x00,0x00,0x00,0x00,0x00,0x00,0x00,0x00,0x00,
	0x00,0x00,0x00,0x00,0x00,0x00,0x00,0x00,0x00,0x00,0x00,0x00,0x00,0x00,0x00,0xbc,
	0x10,0x10,0xff,0x17,0x17,0xfa,0x16,0x16,0x32,0x04,0x04,0x00,0x00,0x00,0x00,0x00,
	0x00,0x00,0x00,0x00,0x00,0x00,0x00,0x00,0x00,0x00,0x00,0x00,0x00,0x00,0x00,0x00,
	0x00,0x00,0x00,0x00,0x00,0x00,0x00,0x00,0x00,0x00,0x00,0x00,0x00,0x00,0x00,0x00,
	0x00,0x00,0x00,0x00,0x00,0x00,0x00,0x00,0xbc,0x10,0x10,0xff,0x17,0x17,0xfa,0x16,
	0x16,0x32,0x04,0x04,0x00,0x00,0x00,0x00,0x00,0x00,0x00,0x00,0x00,0x00,0x00,0x00,
	0x00,0x00,0x00,0x00,0x00,0x00,0x00,0x00,0x00,0x00,0x00,0x00,0x06,0x01,0x01,0x32,
	0x16,0x16,0x31,0x1b,0x1b,0x39,0x1a,0x1a,0x12,0x05,0x05,0x00,0x00,0x00,0x00,0x00,
	0x00,0x00,0x00,0x00,0x00,0x00,0x00,0x00,0x00,0x00,0x00,0x00,0x00,0x00,0x00,0x00,
	0x00,0x00,0x00,0x00,0x00,0x00,0x00,0x00,0x00,0x00,0x00,0x00,0x00,0x00,0x00,0x00,
	0x00,0x00,0x00,0x00,0x00,0x06,0x01,0x01,0x32,0x16,0x16,0x31,0x1b,0x1b,0x39,0x1a,
	0x1a,0x12,0x05,0x05,0x00,0x00,0x00,0x00,0x00,0x00,0x00,0x00,0x00,0x00,0x00,0x00,
	0x00,0x00,0x00,0x00,0x00,0x00,0x00,0x00,0x00,0x00,0x00,0x00,0x00,0x00,0x00,0xc9,
	0x12,0x12,0xff,0x17,0x17,0xf1,0x15,0x15,0x27,0x03,0x03,0x00,0x00,0x00,0x00,0x00,
	0x00,0x00,0x00,0x00,0x00,0x00,0x00,0x00,0x00,0x00,0x00,0x00,0x00,0x00,0x00,0x00,
	0x00,0x00,0x00,0x00,0x00,0x00,0x00,0x00,0x00,0x00,0x00,0x00,0x00,0x00,0x00,0x00,
	0x00,0x00,0x00,0x00,0x00,0x00,0x00,0x00,0xc9,0x12,0x12,0xff,0x17,0x17,0xf1,0x15,
	0x15,0x27,0x03,0x03,0x00,0x00,0x00,0x00,0x00,0x00,0x00,0x00,0x00,0x00,0x00,0x00,
	0x00,0x00,0x00,0x00,0x00,0x00,0x00,0x00,0x00,0x00,0x00,0x00,0x06,0x01,0x01,0x32,
	0x16,0x16,0x31,0x1b,0x1b,0x39,0x1a,0x1a,0x12,0x05,0x05,0x00,0x00,0x00,0x00,0x00,
	0x00,0x00,0x00,0x00,0x00,0x00,0x00,0x00,0x00,0x00,0x00,0x00,0x00,0x00,0x00,0x00,
	0x00,0x00,0x00,0x00,0x00,0x00,0x00,0x00,0x00,0x00,0x00,0x00,0x00,0x00,0x00,0x00,
	0x00,0x00,0x00,0x00,0x00,0x00,0x00,0x00,0xc9,0x12,0x12,0xff,0x17,0x17,0xf1,0x15,
	0x15,0x27,0x03,0x03,0x00,0x00,0x00,0x00,0x00,0x00,0x00,0x00,0x00,0x00,0x00,0x00,
	0x00,0x00,0x00,0x00,0x00,0x00,0x00,0x00,0x00,0x00,0x00,0x00,0x06,0x01,0x01,0x32,
	0x16,0x16,0x31,0x1b,0x1b,0x39,0x1a,0x1a,0x12,0x05,0x05,0x00,0x00,0x00,0x00,0x00,
	0x00,0x00,0x00,0x00,0x00,0x00,0x00,0x00,0x00,0x00,0x00,0x00,0x00,0x00,0x00,0x00,
	0x00,0x00,0x00,0x00,0x00,0x00,0x00,0x00,0x00,0x00,0x00,0x00,0x00,0x00,0x00,0x00,
	0x00,0x00,0x00,0x00,0x00,0x00,0x00,0x00,0xc9,0x12,0x12,0xff,0x17,0x17,0xf1,0x15,
	0x15,0x27,0x03,0x03,0x00,0x00,0x00,0x00,0x00,0x00,0x00,0x00,0x00,0x00,0x00,0x00,
	0x00,0x00,0x00,0x00,0x00,0x00,0x00,0x00,0x00,0x00,0x00,0x00,0x06,0x01,0x01,0x32,
	0x16,0x16,0x31,0x1b,0x1b,0x39,0x1a,0x1a,0x12,0x05,0x05,0x00,0x00,0x00,0x00,0x00,
	0x00,0x00,0x00,0x00,0x00,0x00,0x00,0x00,0x00,0x00,0x00,0x00,0x00,0x00,0x00,0x00,
	0x00,0x00,0x00,0x00,0x00,0x00,0x00,0x00,0x00,0x00,0x00,0x00,0x00,0x00,0x00,0x00,
	0x00,0x00,0x00,0x00,0x00,0x00,0x00,0x00,0xc9,0x12,0x12,0xff,0x17,0x17,0xf1,0x15,
	0x15,0x27,0x03,0x03,0x00,0x00,0x00,0x00,0x00,0x00,0x00,0x00,0x00,0x00,0x00,0x00,
	0x00,0x00,0x00,0x00,0x00,0x00,0x00,0x00,0x00,0x00,0x00,0x00,0x00,0x00,0x00,0xc9,
	0x12,0x12,0xff,0x17,0x17,0xf1,0x15,0x15,0x27,0x03,0x03,0x00,0x00,0x00,0x00,0x00,
	0x00,0x00,0x00,0x00,0x00,0x00,0x00,0x00,0x00,0x00,0x00,0x00,0x00,0x00,0x00,0x00,
	0x00,0x00,0x00,0x00,0x00,0x00,0x00,0x00,0x00,0x00,0x00,0x00,0x00,0x00,0x00,0x00,
	0x00,0x00,0x00,0x00,0x00,0x00,0x00,0x00,0xc9,0x12,0x12,0xff,0x17,0x17,0xf1,0x15,
	0x15,0x27,0x03,0x03,0x00,0x00,0x00,0x00,0x00,0x00,0x00,0x00,0x00,0x00,0x00,0x00,
	0x00,0x00,0x00,0x00,0x00,0x00,0x00,0x00,0x00,0x00,0x00,0x00,0x00,0x00,0x00,0xc9,
	0x12,0x12,0xff,0x17,0x17,0xf1,0x15,0x15,0x27,0x03,0x03,0x00,0x00,0x00,0x00,0x00,
	0x00,0x00,0x00,0x00,0x00,0x00,0x00,0x00,0x00,0x00,0x00,0x00,0x00,0x00,0x00,0x00,
	0x00,0x00,0x00,0x00,0x00,0x00,0x00,0x00,0x00,0x00,0x00,0x00,0x00,0x00,0x00,0x00,
	0x00,0x00,0x00,0x00,0x00,0x06,0x01,0x01,0x32,0x16,0x16,0x31,0x1b,0x1b,0x39,0x1a,
	0x1a,0x12,0x05,0x05,0x00,0x00,0x00,0x00,0x00,0x00,0x00,0x00,0x00,0x00,0x00,0x00,
	0x00,0x00,0x00,0x00,0x00,0x00,0x00,0x00,0x00,0x00,0x00,0x00,0x00,0x00,0x00,0xc9,
	0x12,0x12,0xff,0x17,0x17,0xf1,0x15,0x15,0x27,0x03,0x03,0x00,0x00,0x00,0x00,0x00,
	0x00,0x00,0x00,0x00,0x00,0x00,0x00,0x00,0x00,0x00,0x00,0x00,0x00,0x00,0x00,0x00,
	0x00,0x00,0x00,0x00,0x00,0x00,0x00,0x00,0x00,0x00,0x00,0x00,0x00,0x00,0x00,0x00,
	0x00,0x00,0x00,0x00,0x00,0x06,0x01,0x01,0x32,0x16,0x16,0x31,0x1b,0x1b,0x39,0x1a,
	0x1a,0x12,0x05,0x05,0x00,0x00,0x00,0x00,0x00,0x00,0x00,0x00,0x00,0x00,0x00,0x00,
	0x00,0x00,0x00,0x00,0x00,0x00,0x00,0x00,0x00,0x00,0x00,0x00,0x06,0x01,0x01,0x32,
	0x16,0x16,0x31,0x1b,0x1b,0x39,0x1a,0x1a,0x12,0x05,0x05,0x00,0x00,0x00,0x00,0x00,
	0x00,0x00,0x00,0x00,0x00,0x00,0x00,0x00,0x00,0x00,0x00,0x00,0x00,0x00,0x00,0x00,
	0x00,0x00,0x00,0x00,0x00,0x00,0x00,0x00,0x00,0x00,0x00,0x00,0x00,0x00,0x00,0x00,
	0x00,0x00,0x00,0x00,0x00,0x00,0x00,0x00,0xc9,0x12,0x12,0xff,0x17,0x17,0xf1,0x15,
	0x15,0x27,0x03,0x03,0x00,0x00,0x00,0x00,0x00,0x00,0x00,0x00,0x00,0x00,0x00,0x00,
	0x00,0x00,0x00,0x00,0x00,0x00,0x00,0x00,0x00,0x00,0x00,0x00,0x00,0x00,0x00,0xc9,
	0x12,0x12,0xff,0x17,0x17,0xf1,0x15,0x15,0x27,0x03,0x03,0x00,0x00,0x00,0x00,0x00,
	0x00,0x00,0x00,0x00,0x00,0x00,0x00,0x00,0x00,0x00,0x00,0x00,0x00,0x00,0x00,0x00,
	0x00,0x00,0x00,0x00,0x00,0x00,0x00,0x00,0x00,0x00,0x00,0x00,0x00,0x00,0x00,0x00,
	0x00,0x00,0x00,0x00,0x00,0x00,0x00,0x00,0xc9,0x12,0x12,0xff,0x17,0x17,0xf1,0x15,
	0x15,0x27,0x03,0x03,0x00,0x00,0x00,0x00,0x00,0x00,0x00,0x00,0x00,0x00,0x00,0x00,
	0x00,0x00,0x00,0x00,0x00,0x00,0x00,0x00,0x00,0x00,0x00,0x00,0x00,0x00,0x00,0xc9,
	0x12,0x12,0xff,0x17,0x17,0xf1,0x15,0x15,0x27,0x03,0x03,0x00,0x00,0x00,0x00,0x00,
	0x00,0x00,0x00,0x00,0x00,0x00,0x00,0x00,0x00,0x00,0x00,0x00,0x00,0x00,0x00,0x00,
	0x00,0x00,0x00,0x00,0x00,0x00,0x00,0x00,0x00,0x00,0x00,0x00,0x00,0x00,0x00,0x00,
	0x00,0x00,0x00,0x00,0x00,0x00,0x00,0x00,0xc9,0x12,0x12,0xff,0x17,0x17,0xf1,0x15,
	0x15,0x27,0x03,0x03,0x00,0x00,0x00,0x00,0x00,0x00,0x00,0x00,0x00,0x00,0x00,0x00,
	0x00,0x00,0x00,0x00,0x00,0x00,0x00,0x00,0x00,0x00,0x00,0x00,0x00,0x00,0x00,0xc9,
	0x12,0x12,0xff,0x17,0x17,0xf1,0x15,0x15,0x27,0x03,0x03,0x00,0x00,0x00,0x00,0x00,
	0x00,0x00,0x00,0x00,0x00,0x00,0x00,0x00,0x00,0x00,0x00,0x00,0x00,0x00,0x00,0x00,
	0x00,0x00,0x00,0x00,0x00,0x00,0x00,0x00,0x00,0x00,0x00,0x00,0x00,0x00,0x00,0x00,
	0x00,0x00,0x00,0x00,0x00,0x00,0x00,0x00,0xc9,0x12,0x12,0xff,0x17,0x17,0xf1,0x15,
	0x15,0x27,0x03,0x03,0x00,0x00,0x00,0x00,0x00,0x00,0x00,0x00,0x00,0x00,0x00,0x01,
	0x00,0x00,0x00,0x00,0x00,0x00,0x00,0x00,0x00,0x00,0x00,0x00,0x04,0x03,0x03,0x2f,
	0x18,0x18,0x34,0x1b,0x1b,0x35,0x19,0x19,0x0c,0x04,0x04,0x00,0x00,0x00,0x00,0x00,
	0x00,0x00,0x00,0x00,0x00,0x00,0x00,0x00,0x00,0x00,0x00,0x00,0x00,0x00,0x00,0x00,
	0x00,0x00,0x00,0x00,0x00,0x00,0x00,0x00,0x00,0x00,0x00,0x00,0x00,0x00,0x00,0x00,
	0x00,0x00,0x00,0x00,0x00,0x04,0x03,0x03,0x2f,0x18,0x18,0x34,0x1b,0x1b,0x35,0x19,
	0x19,0x0c,0x04,0x04,0x00,0x00,0x00,0x00,0x00,0x00,0x00,0x00,0x00,0x00,0x00,0x00,
	0x00,0x00,0x00,0x00,0x00,0x00,0x00,0x00,0x00,0x00,0x00,0x00,0x03,0x00,0x00,0xd3,
	0x12,0x12,0xff,0x17,0x17,0xe7,0x14,0x14,0x19,0x02,0x02,0x00,0x00,0x00,0x00,0x00,
	0x00,0x00,0x00,0x00,0x00,0x00,0x00,0x00,0x00,0x00,0x00,0x00,0x00,0x00,0x00,0x00,
	0x00,0x00,0x00,0x00,0x00,0x00,0x00,0x00,0x00,0x00,0x00,0x00,0x00,0x00,0x00,0x00,
	0x00,0x00,0x00,0x00,0x00,0x03,0x00,0x00,0xd3,0x12,0x12,0xff,0x17,0x17,0xe7,0x14,
	0x14,0x19,0x02,0x02,0x00,0x00,0x00,0x00,0x00,0x00,0x00,0x00,0x00,0x00,0x00,0x00,
	0x00,0x00,0x00,0x00,0x00,0x00,0x00,0x00,0x00,0x00,0x00,0x00,0x04,0x03,0x03,0x2f,
	0x18,0x18,0x34,0x1b,0x1b,0x35,0x19,0x19,0x0c,0x04,0x04,0x00,0x00,0x00,0x00,0x00,
	0x00,0x00,0x00,0x00,0x00,0x00,0x00,0x00,0x00,0x00,0x00,0x00,0x00,0x00,0x00,0x00,
	0x00,0x00,0x00,0x00,0x00,0x00,0x00,0x00,0x00,0x00,0x00,0x00,0x00,0x00,0x00,0x00,
	0x00,0x00,0x00,0x00,0x00,0x03,0x00,0x00,0xd3,0x12,0x12,0xff,0x17,0x17,0xe7,0x14,
	0x14,0x19,0x02,0x02,0x00,0x00,0x00,0x00,0x00,0x00,0x00,0x00,0x00,0x00,0x00,0x00,
	0x00,0x00,0x00,0x00,0x00,0x00,0x00,0x00,0x00,0x00,0x00,0x00,0x04,0x03,0x03,0x2f,
	0x18,0x18,0x34,0x1b,0x1b,0x35,0x19,0x19,0x0c,0x04,0x04,0x00,0x00,0x00,0x00,0x00,
	0x00,0x00,0x00,0x00,0x00,0x00,0x00,0x00,0x00,0x00,0x00,0x00,0x00,0x00,0x00,0x00,
	0x00,0x00,0x00,0x00,0x00,0x00,0x00,0x00,0x00,0x00,0x00,0x00,0x00,0x00,0x00,0x00,
	0x00,0x00,0x00,0x00,0x00,0x03,0x00,0x00,0xd3,0x12,0x12,0xff,0x17,0x17,0xe7,0x14,
	0x14,0x19,0x02,0x02,0x00,0x00,0x00,0x00,0x00,0x00,0x00,0x00,0x00,0x00,0x00,0x00,
	0x00,0x00,0x00,0x00,0x00,0x00,0x00,0x00,0x00,0x00,0x00,0x00,0x04,0x03,0x03,0x2f,
	0x18,0x18,0x34,0x1b,0x1b,0x35,0x19,0x19,0x0c,0x04,0x04,0x00,0x00,0x00,0x00,0x00,
	0x00,0x00,0x00,0x00,0x00,0x00,0x00,0x00,0x00,0x00,0x00,0x00,0x00,0x00,0x00,0x00,
	0x00,0x00,0x00,0x00,0x00,0x00,0x00,0x00,0x00,0x00,0x00,0x00,0x00,0x00,0x00,0x00,
	0x00,0x00,0x00,0x00,0x00,0x03,0x00,0x00,0xd3,0x12,0x12,0xff,0x17,0x17,0xe7,0x14,
	0x14,0x19,0x02,0x02,0x00,0x00,0x00,0x00,0x00,0x00,0x00,0x00,0x00,0x00,0x00,0x00,
	0x00,0x00,0x00,0x00,0x00,0x00,0x00,0x00,0x00,0x00,0x00,0x00,0x03,0x00,0x00,0xd3,
	0x12,0x12,0xff,0x17,0x17,0xe7,0x14,0x14,0x19,0x02,0x02,0x00,0x00,0x00,0x00,0x00,
	0x00,0x00,0x00,0x00,0x00,0x00,0x00,0x00,0x00,0x00,0x00,0x00,0x00,0x00,0x00,0x00,
	0x00,0x00,0x00,0x00,0x00,0x00,0x00,0x00,0x00,0x00,0x00,0x00,0x00,0x00,0x00,0x00,
	0x00,0x00,0x00,0x00,0x00,0x03,0x00,0x00,0xd3,0x12,0x12,0xff,0x17,0x17,0xe7,0x14,
	0x14,0x19,0x02,0x02,0x00,0x00,0x00,0x00,0x00,0x00,0x00,0x00,0x00,0x00,0x00,0x00,
	0x00,0x00,0x00,0x00,0x00,0x00,0x00,0x00,0x00,0x00,0x00,0x00,0x03,0x00,0x00,0xd3,
	0x12,0x12,0xff,0x17,0x17,0xe7,0x14,0x14,0x19,0x02,0x02,0x00,0x00,0x00,0x00,0x00,
	0x00,0x00,0x00,0x00,0x00,0x00,0x00,0x00,0x00,0x00,0x00,0x00,0x00,0x00,0x00,0x00,
	0x00,0x00,0x00,0x00,0x00,0x00,0x00,0x00,0x00,0x00,0x00,0x00,0x00,0x00,0x00,0x00,
	0x00,0x00,0x00,0x00,0x00,0x04,0x03,0x03,0x2f,0x18,0x18,0x34,0x1b,0x1b,0x35,0x19,
	0x19,0x0c,0x04,0x04,0x00,0x00,0x00,0x00,0x00,0x00,0x00,0x00,0x00,0x00,0x00,0x00,
	0x00,0x00,0x00,0x00,0x00,0x00,0x00,0x00,0x00,0x00,0x00,0x00,0x03,0x00,0x00,0xd3,
	0x12,0x12,0xff,0x17,0x17,0xe7,0x14,0x14,0x19,0x02,0x02,0x00,0x00,0x00,0x00,0x00,
	0x00,0x00,0x00,0x00,0x00,0x00,0x00,0x00,0x00,0x00,0x00,0x00,0x00,0x00,0x00,0x00,
	0x00,0x00,0x00,0x00,0x00,0x00,0x00,0x00,0x00,0x00,0x00,0x00,0x00,0x00,0x00,0x00,
	0x00,0x00,0x00,0x00,0x00,0x04,0x03,0x03,0x2f,0x18,0x18,0x34,0x1b,0x1b,0x35,0x19,
	0x19,0x0c,0x04,0x04,0x00,0x00,0x00,0x00,0x00,0x00,0x00,0x00,0x00,0x00,0x00,0x01,
	0x00,0x00,0x00,0x00,0x00,0x00,0x00,0x00,0x00,0x00,0x00,0x00,0x04,0x03,0x03,0x2f,
	0x18,0x18,0x34,0x1b,0x1b,0x35,0x19,0x19,0x0c,0x04,0x04,0x00,0x00,0x00,0x00,0x00,
	0x00,0x00,0x00,0x00,0x00,0x00,0x00,0x00,0x00,0x00,0x00,0x00,0x00,0x00,0x00,0x00,
	0x00,0x00,0x00,0x00,0x00,0x00,0x00,0x00,0x00,0x00,0x00,0x00,0x00,0x00,0x00,0x00,
	0x00,0x00,0x00,0x00,0x00,0x03,0x00,0x00,0xd3,0x12,0x12,0xff,0x17,0x17,0xe7,0x14,
	0x14,0x19,0x02,0x02,0x00,0x00,0x00,0x00,0x00,0x00,0x00,0x00,0x00,0x00,0x00,0x00,
	0x00,0x00,0x00,0x00,0x00,0x00,0x00,0x00,0x00,0x00,0x00,0x00,0x03,0x00,0x00,0xd3,
	0x12,0x12,0xff,0x17,0x17,0xe7,0x14,0x14,0x19,0x02,0x02,0x00,0x00,0x00,0x00,0x00,
	0x00,0x00,0x00,0x00,0x00,0x00,0x00,0x00,0x00,0x00,0x00,0x00,0x00,0x00,0x00,0x00,
	0x00,0x00,0x00,0x00,0x00,0x00,0x00,0x00,0x00,0x00,0x00,0x00,0x00,0x00,0x00,0x00,
	0x00,0x00,0x00,0x00,0x00,0x03,0x00,0x00,0xd3,0x12,0x12,0xff,0x17,0x17,0xe7,0x14,
	0x14,0x19,0x02,0x02,0x00,0x00,0x00,0x00,0x00,0x00,0x00,0x00,0x00,0x00,0x00,0x00,
	0x00,0x00,0x00,0x00,0x00,0x00,0x00,0x00,0x00,0x00,0x00,0x00,0x03,0x00,0x00,0xd3,
	0x12,0x12,0xff,0x17,0x17,0xe7,0x14,0x14,0x19,0x02,0x02,0x00,0x00,0x00,0x00,0x00,
	0x00,0x00,0x00,0x00,0x00,0x00,0x00,0x00,0x00,0x00,0x00,0x00,0x00,0x00,0x00,0x00,
	0x00,0x00,0x00,0x00,0x00,0x00,0x00,0x00,0x00,0x00,0x00,0x00,0x00,0x00,0x00,0x00,
	0x00,0x00,0x00,0x00,0x00,0x03,0x00,0x00,0xd3,0x12,0x12,0xff,0x17,0x17,0xe7,0x14,
	0x14,0x19,0x02,0x02,0x00,0x00,0x00,0x00,0x00,0x00,0x00,0x00,0x00,0x00,0x00,0x00,
	0x00,0x00,0x00,0x00,0x00,0x00,0x00,0x00,0x00,0x00,0x00,0x00,0x03,0x00,0x00,0xd3,
	0x12,0x12,0xff,0x17,0x17,0xe7,0x14,0x14,0x19,0x02,0x02,0x00,0x00,0x00,0x00,0x00,
	0x00,0x00,0x00,0x00,0x00,0x00,0x00,0x00,0x00,0x00,0x00,0x00,0x00,0x00,0x00,0x00,
	0x00,0x00,0x00,0x00,0x00,0x00,0x00,0x00,0x00,0x00,0x00,0x00,0x00,0x00,0x00,0x00,
	0x00,0x00,0x00,0x00,0x00,0x03,0x00,0x00,0xd3,0x12,0x12,0xff,0x17,0x17,0xe7,0x14,
	0x14,0x19,0x02,0x02,0x00,0x00,0x00,0x00,0x00,0x00,0x00,0x00,0x00,0x00,0x00,0x01,
	0x00,0x00,0x00,0x00,0x00,0x00,0x00,0x00,0x00,0x00,0x00,0x00,0x06,0x03,0x03,0x30,
	0x18,0x18,0x36,0x1b,0x1b,0x2f,0x18,0x18,0x05,0x03,0x03,0x00,0x00,0x00,0x00,0x00,
	0x00,0x00,0x00,0x00,0x00,0x00,0x00,0x00,0x00,0x00,0x00,0x00,0x00,0x00,0x00,0x00,
	0x00,0x00,0x00,0x00,0x00,0x00,0x00,0x00,0x00,0x00,0x00,0x00,0x00,0x00,0x00,0x00,
	0x00,0x00,0x00,0x00,0x00,0x06,0x03,0x03,0x30,0x18,0x18,0x36,0x1b,0x1b,0x2f,0x18,
	0x18,0x05,0x03,0x03,0x00,0x00,0x00,0x00,0x00,0x00,0x00,0x00,0x00,0x00,0x00,0x00,
	0x00,0x00,0x00,0x00,0x00,0x00,0x00,0x00,0x00,0x00,0x00,0x00,0x0e,0x01,0x01,0xdd,
	0x13,0x13,0xff,0x17,0x17,0xda,0x13,0x13,0x0b,0x01,0x01,0x00,0x00,0x00,0x00,0x00,
	0x00,0x00,0x00,0x00,0x00,0x00,0x00,0x00,0x00,0x00,0x00,0x00,0x00,0x00,0x00,0x00,
	0x00,0x00,0x00,0x00,0x00,0x00,0x00,0x00,0x00,0x00,0x00,0x00,0x00,0x00,0x00,0x00,
	0x00,0x00,0x00,0x00,0x00,0x0e,0x01,0x01,0xdd,0x13,0x13,0xff,0x17,0x17,0xda,0x13,
	0x13,0x0b,0x01,0x01,0x00,0x00,0x00,0x00,0x00,0x00,0x00,0x00,0x00,0x00,0x00,0x00,
	0x00,0x00,0x00,0x00,0x00,0x00,0x00,0x00,0x00,0x00,0x00,0x00,0x06,0x03,0x03,0x30,
	0x18,0x18,0x36,0x1b,0x1b,0x2f,0x18,0x18,0x05,0x03,0x03,0x00,0x00,0x00,0x00,0x00,
	0x00,0x00,0x00,0x00,0x00,0x00,0x00,0x00,0x00,0x00,0x00,0x00,0x00,0x00,0x00,0x00,
	0x00,0x00,0x00,0x00,0x00,0x00,0x00,0x00,0x00,0x00,0x00,0x00,0x00,0x00,0x00,0x00,
	0x00,0x00,0x00,0x00,0x00,0x0e,0x01,0x01,0xdd,0x13,0x13,0xff,0x17,0x17,0xda,0x13,
	0x13,0x0b,0x01,0x01,0x00,0x00,0x00,0x00,0x00,0x00,0x00,0x00,0x00,0x00,0x00,0x00,
	0x00,0x00,0x00,0x00,0x00,0x00,0x00,0x00,0x00,0x00,0x00,0x00,0x06,0x03,0x03,0x30,
	0x18,0x18,0x36,0x1b,0x1b,0x2f,0x18,0x18,0x05,0x03,0x03,0x00,0x00,0x00,0x00,0x00,
	0x00,0x00,0x00,0x00,0x00,0x00,0x00,0x00,0x00,0x00,0x00,0x00,0x00,0x00,0x00,0x00,
	0x00,0x00,0x00,0x00,0x00,0x00,0x00,0x00,0x00,0x00,0x00,0x00,0x00,0x00,0x00,0x00,
	0x00,0x00,0x00,0x00,0x00,0x0e,0x01,0x01,0xdd,0x13,0x13,0xff,0x17,0x17,0xda,0x13,
	0x13,0x0b,0x01,0x01,0x00,0x00,0x00,0x00,0x00,0x00,0x00,0x00,0x00,0x00,0x00,0x00,
	0x00,0x00,0x00,0x00,0x00,0x00,0x00,0x00,0x00,0x00,0x00,0x00,0x06,0x03,0x03,0x30,
	0x18,0x18,0x36,0x1b,0x1b,0x2f,0x18,0x18,0x05,0x03,0x03,0x00,0x00,0x00,0x00,0x00,
	0x00,0x00,0x00,0x00,0x00,0x00,0x00,0x00,0x00,0x00,0x00,0x00,0x00,0x00,0x00,0x00,
	0x00,0x00,0x00,0x00,0x00,0x00,0x00,0x00,0x00,0x00,0x00,0x00,0x00,0x00,0x00,0x00,
	0x00,0x00,0x00,0x00,0x00,0x0e,0x01,0x01,0xdd,0x13,0x13,0xff,0x17,0x17,0xda,0x13,
	0x13,0x0b,0x01,0x01,0x00,0x00,0x00,0x00,0x00,0x00,0x00,0x00,0x00,0x00,0x00,0x00,
	0x00,0x00,0x00,0x00,0x00,0x00,0x00,0x00,0x00,0x00,0x00,0x00,0x0e,0x01,0x01,0xdd,
	0x13,0x13,0xff,0x17,0x17,0xda,0x13,0x13,0x0b,0x01,0x01,0x00,0x00,0x00,0x00,0x00,
	0x00,0x00,0x00,0x00,0x00,0x00,0x00,0x00,0x00,0x00,0x00,0x00,0x00,0x00,0x00,0x00,
	0x00,0x00,0x00,0x00,0x00,0x00,0x00,0x00,0x00,0x00,0x00,0x00,0x00,0x00,0x00,0x00,
	0x00,0x00,0x00,0x00,0x00,0x0e,0x01,0x01,0xdd,0x13,0x13,0xff,0x17,0x17,0xda,0x13,
	0x13,0x0b,0x01,0x01,0x00,0x00,0x00,0x00,0x00,0x00,0x00,0x00,0x00,0x00,0x00,0x00,
	0x00,0x00,0x00,0x00,0x00,0x00,0x00,0x00,0x00,0x00,0x00,0x00,0x0e,0x01,0x01,0xdd,
	0x13,0x13,0xff,0x17,0x17,0xda,0x13,0x13,0x0b,0x01,0x01,0x00,0x00,0x00,0x00,0x00,
	0x00,0x00,0x00,0x00,0x00,0x00,0x00,0x00,0x00,0x00,0x00,0x00,0x00,0x00,0x00,0x00,
	0x00,0x00,0x00,0x00,0x00,0x00,0x00,0x00,0x00,0x00,0x00,0x00,0x00,0x00,0x00,0x00,
	0x00,0x00,0x00,0x00,0x00,0x06,0x03,0x03,0x30,0x18,0x18,0x36,0x1b,0x1b,0x2f,0x18,
	0x18,0x05,0x03,0x03,0x00,0x00,0x00,0x00,0x00,0x00,0x00,0x00,0x00,0x00,0x00,0x00,
	0x00,0x00,0x00,0x00,0x00,0x00,0x00,0x00,0x00,0x00,0x00,0x00,0x0e,0x01,0x01,0xdd,
	0x13,0x13,0xff,0x17,0x17,0xda,0x13,0x13,0x0b,0x01,0x01,0x00,0x00,0x00,0x00,0x00,
	0x00,0x00,0x00,0x00,0x00,0x00,0x00,0x00,0x00,0x00,0x00,0x00,0x00,0x00,0x00,0x00,
	0x00,0x00,0x00,0x00,0x00,0x00,0x00,0x00,0x00,0x00,0x00,0x00,0x00,0x00,0x00,0x00,
	0x00,0x00,0x00,0x00,0x00,0x06,0x03,0x03,0x30,0x18,0x18,0x36,0x1b,0x1b,0x2f,0x18,
	0x18,0x05,0x03,0x03,0x00,0x00,0x00,0x00,0x00,0x00,0x00,0x00,0x00,0x00,0x00,0x01,
	0x00,0x00,0x00,0x00,0x00,0x00,0x00,0x00,0x00,0x00,0x00,0x00,0x06,0x03,0x03,0x30,
	0x18,0x18,0x36,0x1b,0x1b,0x2f,0x18,0x18,0x05,0x03,0x03,0x00,0x00,0x00,0x00,0x00,
	0x00,0x00,0x00,0x00,0x00,0x00,0x00,0x00,0x00,0x00,0x00,0x00,0x00,0x00,0x00,0x00,
	0x00,0x00,0x00,0x00,0x00,0x00,0x00,0x00,0x00,0x00,0x00,0x00,0x00,0x00,0x00,0x00,
	0x00,0x00,0x00,0x00,0x00,0x0e,0x01,0x01,0xdd,0x13,0x13,0xff,0x17,0x17,0xda,0x13,
	0x13,0x0b,0x01,0x01,0x00,0x00,0x00,0x00,0x00,0x00,0x00,0x00,0x00,0x00,0x00,0x00,
	0x00,0x00,0x00,0x00,0x00,0x00,0x00,0x00,0x00,0x00,0x00,0x00,0x0e,0x01,0x01,0xdd,
	0x13,0x13,0xff,0x17,0x17,0xda,0x13,0x13,0x0b,0x01,0x01,0x00,0x00,0x00,0x00,0x00,
	0x00,0x00,0x00,0x00,0x00,0x00,0x00,0x00,0x00,0x00,0x00,0x00,0x00,0x00,0x00,0x00,
	0x00,0x00,0x00,0x00,0x00,0x00,0x00,0x00,0x00,0x00,0x00,0x00,0x00,0x00,0x00,0x00,
	0x00,0x00,0x00,0x00,0x00,0x0e,0x01,0x01,0xdd,0x13,0x13,0xff,0x17,0x17,0xda,0x13,
	0x13,0x0b,0x01,0x01,0x00,0x00,0x00,0x00,0x00,0x00,0x00,0x00,0x00,0x00,0x00,0x00,
	0x00,0x00,0x00,0x00,0x00,0x00,0x00,0x00,0x00,0x00,0x00,0x00,0x0e,0x01,0x01,0xdd,
	0x13,0x13,0xff,0x17,0x17,0xda,0x13,0x13,0x0b,0x01,0x01,0x00,0x00,0x00,0x00,0x00,
	0x00,0x00,0x00,0x00,0x00,0x00,0x00,0x00,0x00,0x00,0x00,0x00,0x00,0x00,0x00,0x00,
	0x00,0x00,0x00,0x00,0x00,0x00,0x00,0x00,0x00,0x00,0x00,0x00,0x00,0x00,0x00,0x00,
	0x00,0x00,0x00,0x00,0x00,0x0e,0x01,0x01,0xdd,0x13,0x13,0xff,0x17,0x17,0xda,0x13,
	0x13,0x0b,0x01,0x01,0x00,0x00,0x00,0x00,0x00,0x00,0x00,0x00,0x00,0x00,0x00,0x00,
	0x00,0x00,0x00,0x00,0x00,0x00,0x00,0x00,0x00,0x00,0x00,0x00,0x0e,0x01,0x01,0xdd,
	0x13,0x13,0xff,0x17,0x17,0xda,0x13,0x13,0x0b,0x01,0x01,0x00,0x00,0x00,0x00,0x00,
	0x00,0x00,0x00,0x00,0x00,0x00,0x00,0x00,0x00,0x00,0x00,0x00,0x00,0x00,0x00,0x00,
	0x00,0x00,0x00,0x00,0x00,0x00,0x00,0x00,0x00,0x00,0x00,0x00,0x00,0x00,0x00,0x00,
	0x00,0x00,0x00,0x00,0x00,0x0e,0x01,0x01,0xdd,0x13,0x13,0xff,0x17,0x17,0xda,0x13,
	0x13,0x0b,0x01,0x01,0x00,0x00,0x00,0x00,0x00,0x00,0x00,0x00,0x00,0x00,0x00,0x01,
	0x00,0x00,0x00,0x00,0x00,0x00,0x00,0x00,0x00,0x00,0x00,0x00,0x0e,0x04,0x04,0x37,
	0x19,0x19,0x33,0x1b,0x1b,0x30,0x17,0x17,0x05,0x02,0x02,0x00,0x00,0x00,0x00,0x00,
	0x00,0x00,0x00,0x00,0x00,0x00,0x00,0x00,0x00,0x00,0x00,0x00,0x00,0x00,0x00,0x00,
	0x00,0x00,0x00,0x00,0x00,0x00,0x00,0x00,0x00,0x00,0x00,0x00,0x00,0x00,0x00,0x00,
	0x00,0x00,0x00,0x00,0x00,0x0e,0x04,0x04,0x37,0x19,0x19,0x33,0x1b,0x1b,0x30,0x17,
	0x17,0x05,0x02,0x02,0x00,0x00,0x00,0x00,0x00,0x00,0x00,0x00,0x00,0x00,0x00,0x00,
	0x00,0x00,0x00,0x00,0x00,0x00,0x00,0x00,0x00,0x00,0x00,0x00,0x1d,0x02,0x02,0xea,
	0x14,0x14,0xff,0x17,0x17,0xd0,0x12,0x12,0x02,0x00,0x00,0x00,0x00,0x00,0x00,0x00,
	0x00,0x00,0x00,0x00,0x00,0x00,0x00,0x00,0x00,0x00,0x00,0x00,0x00,0x00,0x00,0x00,
	0x00,0x00,0x00,0x00,0x00,0x00,0x00,0x00,0x00,0x00,0x00,0x00,0x00,0x00,0x00,0x00,
	0x00,0x00,0x00,0x00,0x00,0x1d,0x02,0x02,0xea,0x14,0x14,0xff,0x17,0x17,0xd0,0x12,
	0x12,0x02,0x00,0x00,0x00,0x00,0x00,0x00,0x00,0x00,0x00,0x00,0x00,0x00,0x00,0x00,
	0x00,0x00,0x00,0x00,0x00,0x00,0x00,0x00,0x00,0x00,0x00,0x00,0x0e,0x04,0x04,0x37,
	0x19,0x19,0x33,0x1b,0x1b,0x30,0x17,0x17,0x05,0x02,0x02,0x00,0x00,0x00,0x00,0x00,
	0x00,0x00,0x00,0x00,0x00,0x00,0x00,0x00,0x00,0x00,0x00,0x00,0x00,0x00,0x00,0x00,
	0x00,0x00,0x00,0x00,0x00,0x00,0x00,0x00,0x00,0x00,0x00,0x00,0x00,0x00,0x00,0x00,
	0x00,0x00,0x00,0x00,0x00,0x1d,0x02,0x02,0xea,0x14,0x14,0xff,0x17,0x17,0xd0,0x12,
	0x12,0x02,0x00,0x00,0x00,0x00,0x00,0x00,0x00,0x00,0x00,0x00,0x00,0x00,0x00,0x00,
	0x00,0x00,0x00,0x00,0x00,0x00,0x00,0x00,0x00,0x00,0x00,0x00,0x0e,0x04,0x04,0x37,
	0x19,0x19,0x33,0x1b,0x1b,0x30,0x17,0x17,0x05,0x02,0x02,0x00,0x00,0x00,0x00,0x00,
	0x00,0x00,0x00,0x00,0x00,0x00,0x00,0x00,0x00,0x00,0x00,0x00,0x00,0x00,0x00,0x00,
	0x00,0x00,0x00,0x00,0x00,0x00,0x00,0x00,0x00,0x00,0x00,0x00,0x00,0x00,0x00,0x00,
	0x00,0x00,0x00,0x00,0x00,0x1d,0x02,0x02,0xea,0x14,0x14,0xff,0x17,0x17,0xd0,0x12,
	0x12,0x02,0x00,0x00,0x00,0x00,0x00,0x00,0x00,0x00,0x00,0x00,0x00,0x00,0x00,0x00,
	0x00,0x00,0x00,0x00,0x00,0x00,0x00,0x00,0x00,0x00,0x00,0x00,0x0e,0x04,0x04,0x37,
	0x19,0x19,0x33,0x1b,0x1b,0x30,0x17,0x17,0x05,0x02,0x02,0x00,0x00,0x00,0x00,0x00,
	0x00,0x00,0x00,0x00,0x00,0x00,0x00,0x00,0x00,0x00,0x00,0x00,0x00,0x00,0x00,0x00,
	0x00,0x00,0x00,0x00,0x00,0x00,0x00,0x00,0x00,0x00,0x00,0x00,0x00,0x00,0x00,0x00,
	0x00,0x00,0x00,0x00,0x00,0x1d,0x02,0x02,0xea,0x14,0x14,0xff,0x17,0x17,0xd0,0x12,
	0x12,0x02,0x00,0x00,0x00,0x00,0x00,0x00,0x00,0x00,0x00,0x00,0x00,0x00,0x00,0x00,
	0x00,0x00,0x00,0x00,0x00,0x00,0x00,0x00,0x00,0x00,0x00,0x00,0x1d,0x02,0x02,0xea,
	0x14,0x14,0xff,0x17,0x17,0xd0,0x12,0x12,0x02,0x00,0x00,0x00,0x00,0x00,0x00,0x00,
	0x00,0x00,0x00,0x00,0x00,0x00,0x00,0x00,0x00,0x00,0x00,0x00,0x00,0x00,0x00,0x00,
	0x00,0x00,0x00,0x00,0x00,0x00,0x00,0x00,0x00,0x00,0x00,0x00,0x00,0x00,0x00,0x00,
	0x00,0x00,0x00,0x00,0x00,0x1d,0x02,0x02,0xea,0x14,0x14,0xff,0x17,0x17,0xd0,0x12,
	0x12,0x02,0x00,0x00,0x00,0x00,0x00,0x00,0x00,0x00,0x00,0x00,0x00,0x00,0x00,0x00,
	0x00,0x00,0x00,0x00,0x00,0x00,0x00,0x00,0x00,0x00,0x00,0x00,0x1d,0x02,0x02,0xea,
	0x14,0x14,0xff,0x17,0x17,0xd0,0x12,0x12,0x02,0x00,0x00,0x00,0x00,0x00,0x00,0x00,
	0x00,0x00,0x00,0x00,0x00,0x00,0x00,0x00,0x00,0x00,0x00,0x00,0x00,0x00,0x00,0x00,
	0x00,0x00,0x00,0x00,0x00,0x00,0x00,0x00,0x00,0x00,0x00,0x00,0x00,0x00,0x00,0x00,
	0x00,0x00,0x00,0x00,0x00,0x0e,0x04,0x04,0x37,0x19,0x19,0x33,0x1b,0x1b,0x30,0x17,
	0x17,0x05,0x02,0x02,0x00,0x00,0x00,0x00,0x00,0x00,0x00,0x00,0x00,0x00,0x00,0x00,
	0x00,0x00,0x00,0x00,0x00,0x00,0x00,0x00,0x00,0x00,0x00,0x00,0x1d,0x02,0x02,0xea,
	0x14,0x14,0xff,0x17,0x17,0xd0,0x12,0x12,0x02,0x00,0x00,0x00,0x00,0x00,0x00,0x00,
	0x00,0x00,0x00,0x00,0x00,0x00,0x00,0x00,0x00,0x00,0x00,0x00,0x00,0x00,0x00,0x00,
	0x00,0x00,0x00,0x00,0x00,0x00,0x00,0x00,0x00,0x00,0x00,0x00,0x00,0x00,0x00,0x00,
	0x00,0x00,0x00,0x00,0x00,0x0e,0x04,0x04,0x37,0x19,0x19,0x33,0x1b,0x1b,0x30,0x17,
	0x17,0x05,0x02,0x02,0x00,0x00,0x00,0x00,0x00,0x00,0x00,0x00,0x00,0x00,0x00,0x01,
	0x00,0x00,0x01,0x00,0x00,0x00,0x00,0x00,0x00,0x00,0x00,0x00,0x0e,0x04,0x04,0x37,
	0x19,0x19,0x33,0x1b,0x1b,0x30,0x17,0x17,0x05,0x02,0x02,0x00,0x00,0x00,0x00,0x00,
	0x00,0x00,0x00,0x00,0x00,0x00,0x00,0x00,0x00,0x00,0x00,0x00,0x00,0x00,0x00,0x00,
	0x00,0x00,0x00,0x00,0x00,0x00,0x00,0x00,0x00,0x00,0x00,0x00,0x00,0x00,0x00,0x00,
	0x00,0x00,0x00,0x00,0x00,0x1d,0x02,0x02,0xea,0x14,0x14,0xff,0x17,0x17,0xd0,0x12,
	0x12,0x02,0x00,0x00,0x00,0x00,0x00,0x00,0x00,0x00,0x00,0x00,0x00,0x00,0x00,0x00,
	0x00,0x00,0x00,0x00,0x00,0x00,0x00,0x00,0x00,0x00,0x00,0x00,0x1d,0x02,0x02,0xea,
	0x14,0x14,0xff,0x17,0x17,0xd0,0x12,0x12,0x02,0x00,0x00,0x00,0x00,0x00,0x00,0x00,
	0x00,0x00,0x00,0x00,0x00,0x00,0x00,0x00,0x00,0x00,0x00,0x00,0x00,0x00,0x00,0x00,
	0x00,0x00,0x00,0x00,0x00,0x00,0x00,0x00,0x00,0x00,0x00,0x00,0x00,0x00,0x00,0x00,
	0x00,0x00,0x00,0x00,0x00,0x1d,0x02,0x02,0xea,0x14,0x14,0xff,0x17,0x17,0xd0,0x12,
	0x12,0x02,0x00,0x00,0x00,0x00,0x00,0x00,0x00,0x00,0x00,0x00,0x00,0x00,0x00,0x00,
	0x00,0x00,0x00,0x00,0x00,0x00,0x00,0x00,0x00,0x00,0x00,0x00,0x1d,0x02,0x02,0xea,
	0x14,0x14,0xff,0x17,0x17,0xd0,0x12,0x12,0x02,0x00,0x00,0x00,0x00,0x00,0x00,0x00,
	0x00,0x00,0x00,0x00,0x00,0x00,0x00,0x00,0x00,0x00,0x00,0x00,0x00,0x00,0x00,0x00,
	0x00,0x00,0x00,0x00,0x00,0x00,0x00,0x00,0x00,0x00,0x00,0x00,0x00,0x00,0x00,0x00,
	0x00,0x00,0x00,0x00,0x00,0x1d,0x02,0x02,0xea,0x14,0x14,0xff,0x17,0x17,0xd0,0x12,
	0x12,0x02,0x00,0x00,0x00,0x00,0x00,0x00,0x00,0x00,0x00,0x00,0x00,0x00,0x00,0x00,
	0x00,0x00,0x00,0x00,0x00,0x00,0x00,0x00,0x00,0x00,0x00,0x00,0x1d,0x02,0x02,0xea,
	0x14,0x14,0xff,0x17,0x17,0xd0,0x12,0x12,0x02,0x00,0x00,0x00,0x00,0x00,0x00,0x00,
	0x00,0x00,0x00,0x00,0x00,0x00,0x00,0x00,0x00,0x00,0x00,0x00,0x00,0x00,0x00,0x00,
	0x00,0x00,0x00,0x00,0x00,0x00,0x00,0x00,0x00,0x00,0x00,0x00,0x00,0x00,0x00,0x00,
	0x00,0x00,0x00,0x00,0x00,0x1d,0x02,0x02,0xea,0x14,0x14,0xff,0x17,0x17,0xd0,0x12,
	0x12,0x02,0x00,0x00,0x00,0x00,0x00,0x00,0x00,0x00,0x00,0x00,0x00,0x00,0x00,0x01,
	0x00,0x00,0x00,0x00,0x00,0x00,0x00,0x00,0x00,0x00,0x00,0x00,0x12,0x05,0x05,0x39,
	0x1a,0x1a,0x31,0x1b,0x1b,0x32,0x15,0x15,0x06,0x00,0x00,0x00,0x00,0x00,0x00,0x00,
	0x00,0x00,0x00,0x00,0x00,0x00,0x00,0x00,0x00,0x00,0x00,0x00,0x00,0x00,0x00,0x00,
	0x00,0x00,0x00,0x00,0x00,0x00,0x00,0x00,0x00,0x00,0x00,0x00,0x00,0x00,0x00,0x00,
	0x00,0x00,0x00,0x00,0x00,0x12,0x05,0x05,0x39,0x1a,0x1a,0x31,0x1b,0x1b,0x32,0x15,
	0x15,0x06,0x00,0x00,0x00,0x00,0x00,0x00,0x00,0x00,0x00,0x00,0x00,0x00,0x00,0x00,
	0x00,0x00,0x00,0x00,0x00,0x00,0x00,0x00,0x00,0x00,0x00,0x00,0x2a,0x04,0x04,0xf4,
	0x15,0x15,0xff,0x17,0x17,0xc6,0x11,0x11,0x00,0x00,0x00,0x00,0x00,0x00,0x00,0x00,
	0x00,0x00,0x00,0x00,0x00,0x00,0x00,0x00,0x00,0x00,0x00,0x00,0x00,0x00,0x00,0x00,
	0x00,0x00,0x00,0x00,0x00,0x00,0x00,0x00,0x00,0x00,0x00,0x00,0x00,0x00,0x00,0x00,
	0x00,0x00,0x00,0x00,0x00,0x2a,0x04,0x04,0xf4,0x15,0x15,0xff,0x17,0x17,0xc6,0x11,
	0x11,0x00,0x00,0x00,0x00,0x00,0x00,0x00,0x00,0x00,0x00,0x00,0x00,0x00,0x00,0x00,
	0x00,0x00,0x00,0x00,0x00,0x00,0x00,0x00,0x00,0x00,0x00,0x00,0x12,0x05,0x05,0x39,
	0x1a,0x1a,0x31,0x1b,0x1b,0x32,0x15,0x15,0x06,0x00,0x00,0x00,0x00,0x00,0x00,0x00,
	0x00,0x00,0x00,0x00,0x00,0x00,0x00,0x00,0x00,0x00,0x00,0x00,0x00,0x00,0x00,0x00,
	0x00,0x00,0x00,0x00,0x00,0x00,0x00,0x00,0x00,0x00,0x00,0x00,0x00,0x00,0x00,0x00,
	0x00,0x00,0x00,0x00,0x00,0x2a,0x04,0x04,0xf4,0x15,0x15,0xff,0x17,0x17,0xc6,0x11,
	0x11,0x00,0x00,0x00,0x00,0x00,0x00,0x00,0x00,0x00,0x00,0x00,0x00,0x00,0x00,0x00,
	0x00,0x00,0x00,0x00,0x00,0x00,0x00,0x00,0x00,0x00,0x00,0x00,0x12,0x05,0x05,0x39,
	0x1a,0x1a,0x31,0x1b,0x1b,0x32,0x15,0x15,0x06,0x00,0x00,0x00,0x00,0x00,0x00,0x00,
	0x00,0x00,0x00,0x00,0x00,0x00,0x00,0x00,0x00,0x00,0x00,0x00,0x00,0x00,0x00,0x00,
	0x00,0x00,0x00,0x00,0x00,0x00,0x00,0x00,0x00,0x00,0x00,0x00,0x00,0x00,0x00,0x00,
	0x00,0x00,0x00,0x00,0x00,0x2a,0x04,0x04,0xf4,0x15,0x15,0xff,0x17,0x17,0xc6,0x11,
	0x11,0x00,0x00,0x00,0x00,0x00,0x00,0x00,0x00,0x00,0x00,0x00,0x00,0x00,0x00,0x00,
	0x00,0x00,0x00,0x00,0x00,0x00,0x00,0x00,0x00,0x00,0x00,0x00,0x12,0x05,0x05,0x39,
	0x1a,0x1a,0x31,0x1b,0x1b,0x32,0x15,0x15,0x06,0x00,0x00,0x00,0x00,0x00,0x00,0x00,
	0x00,0x00,0x00,0x00,0x00,0x00,0x00,0x00,0x00,0x00,0x00,0x00,0x00,0x00,0x00,0x00,
	0x00,0x00,0x00,0x00,0x00,0x00,0x00,0x00,0x00,0x00,0x00,0x00,0x00,0x00,0x00,0x00,
	0x00,0x00,0x00,0x00,0x00,0x2a,0x04,0x04,0xf4,0x15,0x15,0xff,0x17,0x17,0xc6,0x11,
	0x11,0x00,0x00,0x00,0x00,0x00,0x00,0x00,0x00,0x00,0x00,0x00,0x00,0x00,0x00,0x00,
	0x00,0x00,0x00,0x00,0x00,0x00,0x00,0x00,0x00,0x00,0x00,0x00,0x2a,0x04,0x04,0xf4,
	0x15,0x15,0xff,0x17,0x17,0xc6,0x11,0x11,0x00,0x00,0x00,0x00,0x00,0x00,0x00,0x00,
	0x00,0x00,0x00,0x00,0x00,0x00,0x00,0x00,0x00,0x00,0x00,0x00,0x00,0x00,0x00,0x00,
	0x00,0x00,0x00,0x00,0x00,0x00,0x00,0x00,0x00,0x00,0x00,0x00,0x00,0x00,0x00,0x00,
	0x00,0x00,0x00,0x00,0x00,0x2a,0x04,0x04,0xf4,0x15,0x15,0xff,0x17,0x17,0xc6,0x11,
	0x11,0x00,0x00,0x00,0x00,0x00,0x00,0x00,0x00,0x00,0x00,0x00,0x00,0x00,0x00,0x00,
	0x00,0x00,0x00,0x00,0x00,0x00,0x00,0x00,0x00,0x00,0x00,0x00,0x2a,0x04,0x04,0xf4,
	0x15,0x15,0xff,0x17,0x17,0xc6,0x11,0x11,0x00,0x00,0x00,0x00,0x00,0x00,0x00,0x00,
	0x00,0x00,0x00,0x00,0x00,0x00,0x00,0x00,0x00,0x00,0x00,0x00,0x00,0x00,0x00,0x00,
	0x00,0x00,0x00,0x00,0x00,0x00,0x00,0x00,0x00,0x00,0x00,0x00,0x00,0x00,0x00,0x00,
	0x00,0x00,0x00,0x00,0x00,0x12,0x05,0x05,0x39,0x1a,0x1a,0x31,0x1b,0x1b,0x32,0x15,
	0x15,0x06,0x00,0x00,0x00,0x00,0x00,0x00,0x00,0x00,0x00,0x00,0x00,0x00,0x00,0x00,
	0x00,0x00,0x00,0x00,0x00,0x00,0x00,0x00,0x00,0x00,0x00,0x00,0x2a,0x04,0x04,0xf4,
	0x15,0x15,0xff,0x17,0x17,0xc6,0x11,0x11,0x00,0x00,0x00,0x00,0x00,0x00,0x00,0x00,
	0x00,0x00,0x00,0x00,0x00,0x00,0x00,0x00,0x00,0x00,0x00,0x00,0x00,0x00,0x00,0x00,
	0x00,0x00,0x00,0x00,0x00,0x00,0x00,0x00,0x00,0x00,0x00,0x00,0x00,0x00,0x00,0x00,
	0x00,0x00,0x00,0x00,0x00,0x12,0x05,0x05,0x39,0x1a,0x1a,0x31,0x1b,0x1b,0x32,0x15,
	0x15,0x06,0x00,0x00,0x00,0x00,0x00,0x00,0x00,0x00,0x00,0x00,0x00,0x00,0x00,0x01,
	0x00,0x00,0x01,0x00,0x00,0x00,0x00,0x00,0x00,0x00,0x00,0x00,0x12,0x05,0x05,0x39,
	0x1a,0x1a,0x31,0x1b,0x1b,0x32,0x15,0x15,0x06,0x00,0x00,0x00,0x00,0x00,0x00,0x00,
	0x00,0x00,0x00,0x00,0x00,0x00,0x00,0x00,0x00,0x00,0x00,0x00,0x00,0x00,0x00,0x00,
	0x00,0x00,0x00,0x00,0x00,0x00,0x00,0x00,0x00,0x00,0x00,0x00,0x00,0x00,0x00,0x00,
	0x00,0x00,0x00,0x00,0x00,0x2a,0x04,0x04,0xf4,0x15,0x15,0xff,0x17,0x17,0xc6,0x11,
	0x11,0x00,0x00,0x00,0x00,0x00,0x00,0x00,0x00,0x00,0x00,0x00,0x00,0x00,0x00,0x00,
	0x00,0x00,0x00,0x00,0x00,0x00,0x00,0x00,0x00,0x00,0x00,0x00,0x2a,0x04,0x04,0xf4,
	0x15,0x15,0xff,0x17,0x17,0xc6,0x11,0x11,0x00,0x00,0x00,0x00,0x00,0x00,0x00,0x00,
	0x00,0x00,0x00,0x00,0x00,0x00,0x00,0x00,0x00,0x00,0x00,0x00,0x00,0x00,0x00,0x00,
	0x00,0x00,0x00,0x00,0x00,0x00,0x00,0x00,0x00,0x00,0x00,0x00,0x00,0x00,0x00,0x00,
	0x00,0x00,0x00,0x00,0x00,0x2a,0x04,0x04,0xf4,0x15,0x15,0xff,0x17,0x17,0xc6,0x11,
	0x11,0x00,0x00,0x00,0x00,0x00,0x00,0x00,0x00,0x00,0x00,0x00,0x00,0x00,0x00,0x00,
	0x00,0x00,0x00,0x00,0x00,0x00,0x00,0x00,0x00,0x00,0x00,0x00,0x2a,0x04,0x04,0xf4,
	0x15,0x15,0xff,0x17,0x17,0xc6,0x11,0x11,0x00,0x00,0x00,0x00,0x00,0x00,0x00,0x00,
	0x00,0x00,0x00,0x00,0x00,0x00,0x00,0x00,0x00,0x00,0x00,0x00,0x00,0x00,0x00,0x00,
	0x00,0x00,0x00,0x00,0x00,0x00,0x00,0x00,0x00,0x00,0x00,0x00,0x00,0x00,0x00,0x00,
	0x00,0x00,0x00,0x00,0x00,0x2a,0x04,0x04,0xf4,0x15,0x15,0xff,0x17,0x17,0xc6,0x11,
	0x11,0x00,0x00,0x00,0x00,0x00,0x00,0x00,0x00,0x00,0x00,0x00,0x00,0x00,0x00,0x00,
	0x00,0x00,0x00,0x00,0x00,0x00,0x00,0x00,0x00,0x00,0x00,0x00,0x2a,0x04,0x04,0xf4,
	0x15,0x15,0xff,0x17,0x17,0xc6,0x11,0x11,0x00,0x00,0x00,0x00,0x00,0x00,0x00,0x00,
	0x00,0x00,0x00,0x00,0x00,0x00,0x00,0x00,0x00,0x00,0x00,0x00,0x00,0x00,0x00,0x00,
	0x00,0x00,0x00,0x00,0x00,0x00,0x00,0x00,0x00,0x00,0x00,0x00,0x00,0x00,0x00,0x00,
	0x00,0x00,0x00,0x00,0x00,0x2a,0x04,0x04,0xf4,0x15,0x15,0xff,0x17,0x17,0xc6,0x11,
	0x11,0x00,0x00,0x00,0x00,0x00,0x00,0x00,0x00,0x00,0x00,0x00,0x00,0x00,0x00,0x01,
	0x00,0x00,0x00,0x00,0x00,0x00,0x00,0x00,0x00,0x00,0x00,0x00,0x0e,0x08,0x08,0x36,
	0x1b,0x1b,0x35,0x1b,0x1b,0x2d,0x14,0x14,0x02,0x00,0x00,0x00,0x00,0x00,0x00,0x00,
	0x00,0x00,0x00,0x00,0x00,0x00,0x00,0x00,0x00,0x00,0x00,0x00,0x00,0x00,0x00,0x00,
	0x00,0x00,0x00,0x00,0x00,0x00,0x00,0x00,0x00,0x00,0x00,0x00,0x00,0x00,0x00,0x00,
	0x00,0x00,0x00,0x00,0x00,0x0f,0x08,0x08,0x36,0x1b,0x1b,0x35,0x1b,0x1b,0x2d,0x14,
	0x14,0x02,0x00,0x00,0x00,0x00,0x00,0x00,0x00,0x00,0x00,0x00,0x00,0x00,0x00,0x00,
	0x00,0x00,0x00,0x00,0x00,0x00,0x00,0x00,0x00,0x00,0x00,0x00,0x34,0x05,0x05,0xfc,
	0x16,0x16,0xff,0x17,0x17,0xb8,0x10,0x10,0x00,0x00,0x00,0x00,0x00,0x00,0x00,0x00,
	0x00,0x00,0x00,0x00,0x00,0x00,0x00,0x00,0x00,0x00,0x00,0x00,0x00,0x00,0x00,0x00,
	0x00,0x00,0x00,0x00,0x00,0x00,0x00,0x00,0x00,0x00,0x00,0x00,0x00,0x00,0x00,0x00,
	0x00,0x00,0x00,0x00,0x00,0x34,0x05,0x05,0xfc,0x16,0x16,0xff,0x17,0x17,0xb8,0x10,
	0x10,0x00,0x00,0x00,0x00,0x00,0x00,0x00,0x00,0x00,0x00,0x00,0x00,0x00,0x00,0x00,
	0x00,0x00,0x00,0x00,0x00,0x00,0x00,0x00,0x00,0x00,0x00,0x00,0x0e,0x08,0x08,0x36,
	0x1b,0x1b,0x35,0x1b,0x1b,0x2d,0x14,0x14,0x02,0x00,0x00,0x00,0x00,0x00,0x00,0x00,
	0x00,0x00,0x00,0x00,0x00,0x00,0x00,0x00,0x00,0x00,0x00,0x00,0x00,0x00,0x00,0x00,
	0x00,0x00,0x00,0x00,0x00,0x00,0x00,0x00,0x00,0x00,0x00,0x00,0x00,0x00,0x00,0x00,
	0x00,0x00,0x00,0x00,0x00,0x34,0x05,0x05,0xfc,0x16,0x16,0xff,0x17,0x17,0xb8,0x10,
	0x10,0x00,0x00,0x00,0x00,0x00,0x00,0x00,0x00,0x00,0x00,0x00,0x00,0x00,0x00,0x00,
	0x00,0x00,0x00,0x00,0x00,0x00,0x00,0x00,0x00,0x00,0x00,0x00,0x0e,0x08,0x08,0x36,
	0x1b,0x1b,0x35,0x1b,0x1b,0x2d,0x14,0x14,0x02,0x00,0x00,0x00,0x00,0x00,0x00,0x00,
	0x00,0x00,0x00,0x00,0x00,0x00,0x00,0x00,0x00,0x00,0x00,0x00,0x00,0x00,0x00,0x00,
	0x00,0x00,0x00,0x00,0x00,0x00,0x00,0x00,0x00,0x00,0x00,0x00,0x00,0x00,0x00,0x00,
	0x00,0x00,0x00,0x00,0x00,0x34,0x05,0x05,0xfc,0x16,0x16,0xff,0x17,0x17,0xb8,0x10,
	0x10,0x00,0x00,0x00,0x00,0x00,0x00,0x00,0x00,0x00,0x00,0x00,0x00,0x00,0x00,0x00,
	0x00,0x00,0x00,0x00,0x00,0x00,0x00,0x00,0x00,0x00,0x00,0x00,0x0e,0x08,0x08,0x36,
	0x1b,0x1b,0x35,0x1b,0x1b,0x2d,0x14,0x14,0x02,0x00,0x00,0x00,0x00,0x00,0x00,0x00,
	0x00,0x00,0x00,0x00,0x00,0x00,0x00,0x00,0x00,0x00,0x00,0x00,0x00,0x00,0x00,0x00,
	0x00,0x00,0x00,0x00,0x00,0x00,0x00,0x00,0x00,0x00,0x00,0x00,0x00,0x00,0x00,0x00,
	0x00,0x00,0x00,0x00,0x00,0x34,0x05,0x05,0xfc,0x16,0x16,0xff,0x17,0x17,0xb8,0x10,
	0x10,0x00,0x00,0x00,0x00,0x00,0x00,0x00,0x00,0x00,0x00,0x00,0x00,0x00,0x00,0x00,
	0x00,0x00,0x00,0x00,0x00,0x00,0x00,0x00,0x00,0x00,0x00,0x00,0x34,0x05,0x05,0xfc,
	0x16,0x16,0xff,0x17,0x17,0xb8,0x10,0x10,0x00,0x00,0x00,0x00,0x00,0x00,0x00,0x00,
	0x00,0x00,0x00,0x00,0x00,0x00,0x00,0x00,0x00,0x00,0x00,0x00,0x00,0x00,0x00,0x00,
	0x00,0x00,0x00,0x00,0x00,0x00,0x00,0x00,0x00,0x00,0x00,0x00,0x00,0x00,0x00,0x00,
	0x00,0x00,0x00,0x00,0x00,0x34,0x05,0x05,0xfc,0x16,0x16,0xff,0x17,0x17,0xb8,0x10,
	0x10,0x00,0x00,0x00,0x00,0x00,0x00,0x00,0x00,0x00,0x00,0x00,0x00,0x00,0x00,0x00,
	0x00,0x00,0x00,0x00,0x00,0x00,0x00,0x00,0x00,0x00,0x00,0x00,0x34,0x05,0x05,0xfc,
	0x16,0x16,0xff,0x17,0x17,0xb8,0x10,0x10,0x00,0x00,0x00,0x00,0x00,0x00,0x00,0x00,
	0x00,0x00,0x00,0x00,0x00,0x00,0x00,0x00,0x00,0x00,0x00,0x00,0x00,0x00,0x00,0x00,
	0x00,0x00,0x00,0x00,0x00,0x00,0x00,0x00,0x00,0x00,0x00,0x00,0x00,0x00,0x00,0x00,
	0x00,0x00,0x00,0x00,0x00,0x0f,0x08,0x08,0x36,0x1b,0x1b,0x35,0x1b,0x1b,0x2d,0x14,
	0x14,0x02,0x00,0x00,0x00,0x00,0x00,0x00,0x00,0x00,0x00,0x00,0x00,0x00,0x00,0x00,
	0x00,0x00,0x00,0x00,0x00,0x00,0x00,0x00,0x00,0x00,0x00,0x00,0x34,0x05,0x05,0xfc,
	0x16,0x16,0xff,0x17,0x17,0xb8,0x10,0x10,0x00,0x00,0x00,0x00,0x00,0x00,0x00,0x00,
	0x00,0x00,0x00,0x00,0x00,0x00,0x00,0x00,0x00,0x00,0x00,0x00,0x00,0x00,0x00,0x00,
	0x00,0x00,0x00,0x00,0x00,0x00,0x00,0x00,0x00,0x00,0x00,0x00,0x00,0x00,0x00,0x00,
	0x00,0x00,0x00,0x00,0x00,0x0f,0x08,0x08,0x36,0x1b,0x1b,0x35,0x1b,0x1b,0x2d,0x14,
	0x14,0x02,0x00,0x00,0x00,0x00,0x00,0x00,0x00,0x00,0x00,0x00,0x00,0x00,0x00,0x01,
	0x00,0x00,0x00,0x00,0x00,0x00,0x00,0x00,0x00,0x00,0x00,0x00,0x0e,0x08,0x08,0x36,
	0x1b,0x1b,0x35,0x1b,0x1b,0x2d,0x14,0x14,0x02,0x00,0x00,0x00,0x00,0x00,0x00,0x00,
	0x00,0x00,0x00,0x00,0x00,0x00,0x00,0x00,0x00,0x00,0x00,0x00,0x00,0x00,0x00,0x00,
	0x00,0x00,0x00,0x00,0x00,0x00,0x00,0x00,0x00,0x00,0x00,0x00,0x00,0x00,0x00,0x00,
	0x00,0x00,0x00,0x00,0x00,0x34,0x05,0x05,0xfc,0x16,0x16,0xff,0x17,0x17,0xb8,0x10,
	0x10,0x00,0x00,0x00,0x00,0x00,0x00,0x00,0x00,0x00,0x00,0x00,0x00,0x00,0x00,0x00,
	0x00,0x00,0x00,0x00,0x00,0x00,0x00,0x00,0x00,0x00,0x00,0x00,0x34,0x05,0x05,0xfc,
	0x16,0x16,0xff,0x17,0x17,0xb8,0x10,0x10,0x00,0x00,0x00,0x00,0x00,0x00,0x00,0x00,
	0x00,0x00,0x00,0x00,0x00,0x00,0x00,0x00,0x00,0x00,0x00,0x00,0x00,0x00,0x00,0x00,
	0x00,0x00,0x00,0x00,0x00,0x00,0x00,0x00,0x00,0x00,0x00,0x00,0x00,0x00,0x00,0x00,
	0x00,0x00,0x00,0x00,0x00,0x34,0x05,0x05,0xfc,0x16,0x16,0xff,0x17,0x17,0xb8,0x10,
	0x10,0x00,0x00,0x00,0x00,0x00,0x00,0x00,0x00,0x00,0x00,0x00,0x00,0x00,0x00,0x00,
	0x00,0x00,0x00,0x00,0x00,0x00,0x00,0x00,0x00,0x00,0x00,0x00,0x34,0x05,0x05,0xfc,
	0x16,0x16,0xff,0x17,0x17,0xb8,0x10,0x10,0x00,0x00,0x00,0x00,0x00,0x00,0x00,0x00,
	0x00,0x00,0x00,0x00,0x00,0x00,0x00,0x00,0x00,0x00,0x00,0x00,0x00,0x00,0x00,0x00,
	0x00,0x00,0x00,0x00,0x00,0x00,0x00,0x00,0x00,0x00,0x00,0x00,0x00,0x00,0x00,0x00,
	0x00,0x00,0x00,0x00,0x00,0x34,0x05,0x05,0xfc,0x16,0x16,0xff,0x17,0x17,0xb8,0x10,
	0x10,0x00,0x00,0x00,0x00,0x00,0x00,0x00,0x00,0x00,0x00,0x00,0x00,0x00,0x00,0x00,
	0x00,0x00,0x00,0x00,0x00,0x00,0x00,0x00,0x00,0x00,0x00,0x00,0x34,0x05,0x05,0xfc,
	0x16,0x16,0xff,0x17,0x17,0xb8,0x10,0x10,0x00,0x00,0x00,0x00,0x00,0x00,0x00,0x00,
	0x00,0x00,0x00,0x00,0x00,0x00,0x00,0x00,0x00,0x00,0x00,0x00,0x00,0x00,0x00,0x00,
	0x00,0x00,0x00,0x00,0x00,0x00,0x00,0x00,0x00,0x00,0x00,0x00,0x00,0x00,0x00,0x00,
	0x00,0x00,0x00,0x00,0x00,0x34,0x05,0x05,0xfc,0x16,0x16,0xff,0x17,0x17,0xb8,0x10,
	0x10,0x00,0x00,0x00,0x00,0x00,0x00,0x00,0x00,0x00,0x00,0x00,0x00,0x00,0x00,0x01,
	0x00,0x00,0x00,0x00,0x00,0x00,0x00,0x00,0x00,0x00,0x00,0x00,0x11,0x08,0x08,0x36,
	0x1b,0x1b,0x37,0x1c,0x1c,0x25,0x13,0x13,0x00,0x00,0x00,0x00,0x00,0x00,0x00,0x00,
	0x00,0x00,0x00,0x00,0x00,0x00,0x00,0x00,0x00,0x00,0x00,0x00,0x00,0x00,0x00,0x00,
	0x00,0x00,0x00,0x00,0x00,0x00,0x00,0x00,0x00,0x00,0x00,0x00,0x00,0x00,0x00,0x00,
	0x00,0x00,0x00,0x00,0x00,0x11,0x08,0x08,0x36,0x1b,0x1b,0x37,0x1c,0x1c,0x25,0x13,
	0x13,0x00,0x00,0x00,0x00,0x00,0x00,0x00,0x00,0x00,0x00,0x00,0x00,0x00,0x00,0x00,
	0x00,0x00,0x00,0x00,0x00,0x00,0x00,0x00,0x00,0x00,0x00,0x00,0x40,0x06,0x06,0xff,
	0x16,0x16,0xff,0x17,0x17,0xa8,0x0e,0x0e,0x00,0x00,0x00,0x00,0x00,0x00,0x00,0x00,
	0x00,0x00,0x00,0x00,0x00,0x00,0x00,0x00,0x00,0x00,0x00,0x00,0x00,0x00,0x00,0x00,
	0x00,0x00,0x00,0x00,0x00,0x00,0x00,0x00,0x00,0x00,0x00,0x00,0x00,0x00,0x00,0x00,
	0x00,0x00,0x00,0x00,0x00,0x40,0x06,0x06,0xff,0x16,0x16,0xff,0x17,0x17,0xa8,0x0e,
	0x0e,0x00,0x00,0x00,0x00,0x00,0x00,0x00,0x00,0x00,0x00,0x00,0x00,0x00,0x00,0x00,
	0x00,0x00,0x00,0x00,0x00,0x00,0x00,0x00,0x00,0x00,0x00,0x00,0x11,0x08,0x08,0x36,
	0x1b,0x1b,0x37,0x1c,0x1c,0x25,0x13,0x13,0x00,0x00,0x00,0x00,0x00,0x00,0x00,0x00,
	0x00,0x00,0x00,0x00,0x00,0x00,0x00,0x00,0x00,0x00,0x00,0x00,0x00,0x00,0x00,0x00,
	0x00,0x00,0x00,0x00,0x00,0x00,0x00,0x00,0x00,0x00,0x00,0x00,0x00,0x00,0x00,0x00,
	0x00,0x00,0x00,0x00,0x00,0x40,0x06,0x06,0xff,0x16,0x16,0xff,0x17,0x17,0xa8,0x0e,
	0x0e,0x00,0x00,0x00,0x00,0x00,0x00,0x00,0x00,0x00,0x00,0x00,0x00,0x00,0x00,0x00,
	0x00,0x00,0x00,0x00,0x00,0x00,0x00,0x00,0x00,0x00,0x00,0x00,0x11,0x08,0x08,0x36,
	0x1b,0x1b,0x37,0x1c,0x1c,0x25,0x13,0x13,0x00,0x00,0x00,0x00,0x00,0x00,0x00,0x00,
	0x00,0x00,0x00,0x00,0x00,0x00,0x00,0x00,0x00,0x00,0x00,0x00,0x00,0x00,0x00,0x00,
	0x00,0x00,0x00,0x00,0x00,0x00,0x00,0x00,0x00,0x00,0x00,0x00,0x00,0x00,0x00,0x00,
	0x00,0x00,0x00,0x00,0x00,0x40,0x06,0x06,0xff,0x16,0x16,0xff,0x17,0x17,0xa8,0x0e,
	0x0e,0x00,0x00,0x00,0x00,0x00,0x00,0x00,0x00,0x00,0x00,0x00,0x00,0x00,0x00,0x00,
	0x00,0x00,0x00,0x00,0x00,0x00,0x00,0x00,0x00,0x00,0x00,0x00,0x11,0x08,0x08,0x36,
	0x1b,0x1b,0x37,0x1c,0x1c,0x25,0x13,0x13,0x00,0x00,0x00,0x00,0x00,0x00,0x00,0x00,
	0x00,0x00,0x00,0x00,0x00,0x00,0x00,0x00,0x00,0x00,0x00,0x00,0x00,0x00,0x00,0x00,
	0x00,0x00,0x00,0x00,0x00,0x00,0x00,0x00,0x00,0x00,0x00,0x00,0x00,0x00,0x00,0x00,
	0x00,0x00,0x00,0x00,0x00,0x40,0x06,0x06,0xff,0x16,0x16,0xff,0x17,0x17,0xa8,0x0e,
	0x0e,0x00,0x00,0x00,0x00,0x00,0x00,0x00,0x00,0x00,0x00,0x00,0x00,0x00,0x00,0x00,
	0x00,0x00,0x00,0x00,0x00,0x00,0x00,0x00,0x00,0x00,0x00,0x00,0x40,0x06,0x06,0xff,
	0x16,0x16,0xff,0x17,0x17,0xa8,0x0e,0x0e,0x00,0x00,0x00,0x00,0x00,0x00,0x00,0x00,
	0x00,0x00,0x00,0x00,0x00,0x00,0x00,0x00,0x00,0x00,0x00,0x00,0x00,0x00,0x00,0x00,
	0x00,0x00,0x00,0x00,0x00,0x00,0x00,0x00,0x00,0x00,0x00,0x00,0x00,0x00,0x00,0x00,
	0x00,0x00,0x00,0x00,0x00,0x40,0x06,0x06,0xff,0x16,0x16,0xff,0x17,0x17,0xa8,0x0e,
	0x0e,0x00,0x00,0x00,0x00,0x00,0x00,0x00,0x00,0x00,0x00,0x00,0x00,0x00,0x00,0x00,
	0x00,0x00,0x00,0x00,0x00,0x00,0x00,0x00,0x00,0x00,0x00,0x00,0x40,0x06,0x06,0xff,
	0x16,0x16,0xff,0x17,0x17,0xa8,0x0e,0x0e,0x00,0x00,0x00,0x00,0x00,0x00,0x00,0x00,
	0x00,0x00,0x00,0x00,0x00,0x00,0x00,0x00,0x00,0x00,0x00,0x00,0x00,0x00,0x00,0x00,
	0x00,0x00,0x00,0x00,0x00,0x00,0x00,0x00,0x00,0x00,0x00,0x00,0x00,0x00,0x00,0x00,
	0x00,0x00,0x00,0x00,0x00,0x11,0x08,0x08,0x36,0x1b,0x1b,0x37,0x1c,0x1c,0x25,0x13,
	0x13,0x00,0x00,0x00,0x00,0x00,0x00,0x00,0x00,0x00,0x00,0x00,0x00,0x00,0x00,0x00,
	0x00,0x00,0x00,0x00,0x00,0x00,0x00,0x00,0x00,0x00,0x00,0x00,0x40,0x06,0x06,0xff,
	0x16,0x16,0xff,0x17,0x17,0xa8,0x0e,0x0e,0x00,0x00,0x00,0x00,0x00,0x00,0x00,0x00,
	0x00,0x00,0x00,0x00,0x00,0x00,0x00,0x00,0x00,0x00,0x00,0x00,0x00,0x00,0x00,0x00,
	0x00,0x00,0x00,0x00,0x00,0x00,0x00,0x00,0x00,0x00,0x00,0x00,0x00,0x00,0x00,0x00,
	0x00,0x00,0x00,0x00,0x00,0x11,0x08,0x08,0x36,0x1b,0x1b,0x37,0x1c,0x1c,0x25,0x13,
	0x13,0x00,0x00,0x00,0x00,0x00,0x00,0x00,0x00,0x00,0x00,0x00,0x00,0x00,0x00,0x01,
	0x00,0x00,0x00,0x00,0x00,0x00,0x00,0x00,0x00,0x00,0x00,0x00,0x11,0x08,0x08,0x36,
	0x1b,0x1b,0x37,0x1c,0x1c,0x25,0x13,0x13,0x00,0x00,0x00,0x00,0x00,0x00,0x00,0x00,
	0x00,0x00,0x00,0x00,0x00,0x00,0x00,0x00,0x00,0x00,0x00,0x00,0x00,0x00,0x00,0x00,
	0x00,0x00,0x00,0x00,0x00,0x00,0x00,0x00,0x00,0x00,0x00,0x00,0x00,0x00,0x00,0x00,
	0x00,0x00,0x00,0x00,0x00,0x40,0x06,0x06,0xff,0x16,0x16,0xff,0x17,0x17,0xa8,0x0e,
	0x0e,0x00,0x00,0x00,0x00,0x00,0x00,0x00,0x00,0x00,0x00,0x00,0x00,0x00,0x00,0x00,
	0x00,0x00,0x00,0x00,0x00,0x00,0x00,0x00,0x00,0x00,0x00,0x00,0x40,0x06,0x06,0xff,
	0x16,0x16,0xff,0x17,0x17,0xa8,0x0e,0x0e,0x00,0x00,0x00,0x00,0x00,0x00,0x00,0x00,
	0x00,0x00,0x00,0x00,0x00,0x00,0x00,0x00,0x00,0x00,0x00,0x00,0x00,0x00,0x00,0x00,
	0x00,0x00,0x00,0x00,0x00,0x00,0x00,0x00,0x00,0x00,0x00,0x00,0x00,0x00,0x00,0x00,
	0x00,0x00,0x00,0x00,0x00,0x40,0x06,0x06,0xff,0x16,0x16,0xff,0x17,0x17,0xa8,0x0e,
	0x0e,0x00,0x00,0x00,0x00,0x00,0x00,0x00,0x00,0x00,0x00,0x00,0x00,0x00,0x00,0x00,
	0x00,0x00,0x00,0x00,0x00,0x00,0x00,0x00,0x00,0x00,0x00,0x00,0x40,0x06,0x06,0xff,
	0x16,0x16,0xff,0x17,0x17,0xa8,0x0e,0x0e,0x00,0x00,0x00,0x00,0x00,0x00,0x00,0x00,
	0x00,0x00,0x00,0x00,0x00,0x00,0x00,0x00,0x00,0x00,0x00,0x00,0x00,0x00,0x00,0x00,
	0x00,0x00,0x00,0x00,0x00,0x00,0x00,0x00,0x00,0x00,0x00,0x00,0x00,0x00,0x00,0x00,
	0x00,0x00,0x00,0x00,0x00,0x40,0x06,0x06,0xff,0x16,0x16,0xff,0x17,0x17,0xa8,0x0e,
	0x0e,0x00,0x00,0x00,0x00,0x00,0x00,0x00,0x00,0x00,0x00,0x00,0x00,0x00,0x00,0x00,
	0x00,0x00,0x00,0x00,0x00,0x00,0x00,0x00,0x00,0x00,0x00,0x00,0x40,0x06,0x06,0xff,
	0x16,0x16,0xff,0x17,0x17,0xa8,0x0e,0x0e,0x00,0x00,0x00,0x00,0x00,0x00,0x00,0x00,
	0x00,0x00,0x00,0x00,0x00,0x00,0x00,0x00,0x00,0x00,0x00,0x00,0x00,0x00,0x00,0x00,
	0x00,0x00,0x00,0x00,0x00,0x00,0x00,0x00,0x00,0x00,0x00,0x00,0x00,0x00,0x00,0x00,
	0x00,0x00,0x00,0x00,0x00,0x40,0x06,0x06,0xff,0x16,0x16,0xff,0x17,0x17,0xa8,0x0e,
	0x0e,0x00,0x00,0x00,0x00,0x00,0x00,0x00,0x00,0x00,0x00,0x00,0x00,0x00,0x00,0x01,
	0x00,0x00,0x00,0x00,0x00,0x00,0x00,0x00,0x00,0x00,0x00,0x00,0x1b,0x0a,0x0a,0x3a,
	0x1c,0x1c,0x37,0x1c,0x1c,0x26,0x12,0x12,0x00,0x00,0x00,0x00,0x00,0x00,0x00,0x00,
	0x00,0x00,0x00,0x00,0x00,0x00,0x00,0x00,0x00,0x00,0x00,0x00,0x00,0x00,0x00,0x00,
	0x00,0x00,0x00,0x00,0x00,0x00,0x00,0x00,0x00,0x00,0x00,0x00,0x00,0x00,0x00,0x00,
	0x00,0x00,0x00,0x00,0x00,0x1b,0x0a,0x0a,0x3a,0x1c,0x1c,0x37,0x1c,0x1c,0x26,0x12,
	0x12,0x00,0x00,0x00,0x00,0x00,0x00,0x00,0x00,0x00,0x00,0x00,0x00,0x00,0x00,0x00,
	0x00,0x00,0x00,0x00,0x00,0x00,0x00,0x00,0x00,0x00,0x00,0x00,0x51,0x07,0x07,0xff,
	0x17,0x17,0xff,0x18,0x18,0x9d,0x0e,0x0e,0x00,0x00,0x00,0x00,0x00,0x00,0x00,0x00,
	0x00,0x00,0x00,0x00,0x00,0x00,0x00,0x00,0x00,0x00,0x00,0x00,0x00,0x00,0x00,0x00,
	0x00,0x00,0x00,0x00,0x00,0x00,0x00,0x00,0x00,0x00,0x00,0x00,0x00,0x00,0x00,0x00,
	0x00,0x00,0x00,0x00,0x00,0x51,0x07,0x07,0xff,0x17,0x17,0xff,0x18,0x18,0x9d,0x0e,
	0x0e,0x00,0x00,0x00,0x00,0x00,0x00,0x00,0x00,0x00,0x00,0x00,0x00,0x00,0x00,0x00,
	0x00,0x00,0x00,0x00,0x00,0x00,0x00,0x00,0x00,0x00,0x00,0x00,0x1b,0x0a,0x0a,0x3a,
	0x1c,0x1c,0x37,0x1c,0x1c,0x26,0x12,0x12,0x00,0x00,0x00,0x00,0x00,0x00,0x00,0x00,
	0x00,0x00,0x00,0x00,0x00,0x00,0x00,0x00,0x00,0x00,0x00,0x00,0x00,0x00,0x00,0x00,
	0x00,0x00,0x00,0x00,0x00,0x00,0x00,0x00,0x00,0x00,0x00,0x00,0x00,0x00,0x00,0x00,
	0x00,0x00,0x00,0x00,0x00,0x51,0x07,0x07,0xff,0x17,0x17,0xff,0x18,0x18,0x9d,0x0e,
	0x0e,0x00,0x00,0x00,0x00,0x00,0x00,0x00,0x00,0x00,0x00,0x00,0x00,0x00,0x00,0x00,
	0x00,0x00,0x00,0x00,0x00,0x00,0x00,0x00,0x00,0x00,0x00,0x00,0x1b,0x0a,0x0a,0x3a,
	0x1c,0x1c,0x37,0x1c,0x1c,0x26,0x12,0x12,0x00,0x00,0x00,0x00,0x00,0x00,0x00,0x00,
	0x00,0x00,0x00,0x00,0x00,0x00,0x00,0x00,0x00,0x00,0x00,0x00,0x00,0x00,0x00,0x00,
	0x00,0x00,0x00,0x00,0x00,0x00,0x00,0x00,0x00,0x00,0x00,0x00,0x00,0x00,0x00,0x00,
	0x00,0x00,0x00,0x00,0x00,0x51,0x07,0x07,0xff,0x17,0x17,0xff,0x18,0x18,0x9d,0x0e,
	0x0e,0x00,0x00,0x00,0x00,0x00,0x00,0x00,0x00,0x00,0x00,0x00,0x00,0x00,0x00,0x00,
	0x00,0x00,0x00,0x00,0x00,0x00,0x00,0x00,0x00,0x00,0x00,0x00,0x1b,0x0a,0x0a,0x3a,
	0x1c,0x1c,0x37,0x1c,0x1c,0x26,0x12,0x12,0x00,0x00,0x00,0x00,0x00,0x00,0x00,0x00,
	0x00,0x00,0x00,0x00,0x00,0x00,0x00,0x00,0x00,0x00,0x00,0x00,0x00,0x00,0x00,0x00,
	0x00,0x00,0x00,0x00,0x00,0x00,0x00,0x00,0x00,0x00,0x00,0x00,0x00,0x00,0x00,0x00,
	0x00,0x00,0x00,0x00,0x00,0x51,0x07,0x07,0xff,0x17,0x17,0xff,0x18,0x18,0x9d,0x0e,
	0x0e,0x00,0x00,0x00,0x00,0x00,0x00,0x00,0x00,0x00,0x00,0x00,0x00,0x00,0x00,0x00,
	0x00,0x00,0x00,0x00,0x00,0x00,0x00,0x00,0x00,0x00,0x00,0x00,0x51,0x07,0x07,0xff,
	0x17,0x17,0xff,0x18,0x18,0x9d,0x0e,0x0e,0x00,0x00,0x00,0x00,0x00,0x00,0x00,0x00,
	0x00,0x00,0x00,0x00,0x00,0x00,0x00,0x00,0x00,0x00,0x00,0x00,0x00,0x00,0x00,0x00,
	0x00,0x00,0x00,0x00,0x00,0x00,0x00,0x00,0x00,0x00,0x00,0x00,0x00,0x00,0x00,0x00,
	0x00,0x00,0x00,0x00,0x00,0x51,0x07,0x07,0xff,0x17,0x17,0xff,0x18,0x18,0x9d,0x0e,
	0x0e,0x00,0x00,0x00,0x00,0x00,0x00,0x00,0x00,0x00,0x00,0x00,0x00,0x00,0x00,0x00,
	0x00,0x00,0x00,0x00,0x00,0x00,0x00,0x00,0x00,0x00,0x00,0x00,0x51,0x07,0x07,0xff,
	0x17,0x17,0xff,0x18,0x18,0x9d,0x0e,0x0e,0x00,0x00,0x00,0x00,0x00,0x00,0x00,0x00,
	0x00,0x00,0x00,0x00,0x00,0x00,0x00,0x00,0x00,0x00,0x00,0x00,0x00,0x00,0x00,0x00,
	0x00,0x00,0x00,0x00,0x00,0x00,0x00,0x00,0x00,0x00,0x00,0x00,0x00,0x00,0x00,0x00,
	0x00,0x00,0x00,0x00,0x00,0x1b,0x0a,0x0a,0x3a,0x1c,0x1c,0x37,0x1c,0x1c,0x26,0x12,
	0x12,0x00,0x00,0x00,0x00,0x00,0x00,0x00,0x00,0x00,0x00,0x00,0x00,0x00,0x00,0x00,
	0x00,0x00,0x00,0x00,0x00,0x00,0x00,0x00,0x00,0x00,0x00,0x00,0x51,0x07,0x07,0xff,
	0x17,0x17,0xff,0x18,0x18,0x9d,0x0e,0x0e,0x00,0x00,0x00,0x00,0x00,0x00,0x00,0x00,
	0x00,0x00,0x00,0x00,0x00,0x00,0x00,0x00,0x00,0x00,0x00,0x00,0x00,0x00,0x00,0x00,
	0x00,0x00,0x00,0x00,0x00,0x00,0x00,0x00,0x00,0x00,0x00,0x00,0x00,0x00,0x00,0x00,
	0x00,0x00,0x00,0x00,0x00,0x1b,0x0a,0x0a,0x3a,0x1c,0x1c,0x37,0x1c,0x1c,0x26,0x12,
	0x12,0x00,0x00,0x00,0x00,0x00,0x00,0x00,0x00,0x00,0x00,0x00,0x00,0x00,0x00,0x00,
	0x00,0x00,0x00,0x00,0x00,0x00,0x00,0x00,0x00,0x00,0x00,0x00,0x1b,0x0a,0x0a,0x3a,
	0x1c,0x1c,0x37,0x1c,0x1c,0x26,0x12,0x12,0x00,0x00,0x00,0x00,0x00,0x00,0x00,0x00,
	0x00,0x00,0x00,0x00,0x00,0x00,0x00,0x00,0x00,0x00,0x00,0x00,0x00,0x00,0x00,0x00,
	0x00,0x00,0x00,0x00,0x00,0x00,0x00,0x00,0x00,0x00,0x00,0x00,0x00,0x00,0x00,0x00,
	0x00,0x00,0x00,0x00,0x00,0x51,0x07,0x07,0xff,0x17,0x17,0xff,0x18,0x18,0x9d,0x0e,
	0x0e,0x00,0x00,0x00,0x00,0x00,0x00,0x00,0x00,0x00,0x00,0x00,0x00,0x00,0x00,0x00,
	0x00,0x00,0x00,0x00,0x00,0x00,0x00,0x00,0x00,0x00,0x00,0x00,0x51,0x07,0x07,0xff,
	0x17,0x17,0xff,0x18,0x18,0x9d,0x0e,0x0e,0x00,0x00,0x00,0x00,0x00,0x00,0x00,0x00,
	0x00,0x00,0x00,0x00,0x00,0x00,0x00,0x00,0x00,0x00,0x00,0x00,0x00,0x00,0x00,0x00,
	0x00,0x00,0x00,0x00,0x00,0x00,0x00,0x00,0x00,0x00,0x00,0x00,0x00,0x00,0x00,0x00,
	0x00,0x00,0x00,0x00,0x00,0x51,0x07,0x07,0xff,0x17,0x17,0xff,0x18,0x18,0x9d,0x0e,
	0x0e,0x00,0x00,0x00,0x00,0x00,0x00,0x00,0x00,0x00,0x00,0x00,0x00,0x00,0x00,0x00,
	0x00,0x00,0x00,0x00,0x00,0x00,0x00,0x00,0x00,0x00,0x00,0x00,0x51,0x07,0x07,0xff,
	0x17,0x17,0xff,0x18,0x18,0x9d,0x0e,0x0e,0x00,0x00,0x00,0x00,0x00,0x00,0x00,0x00,
	0x00,0x00,0x00,0x00,0x00,0x00,0x00,0x00,0x00,0x00,0x00,0x00,0x00,0x00,0x00,0x00,
	0x00,0x00,0x00,0x00,0x00,0x00,0x00,0x00,0x00,0x00,0x00,0x00,0x00,0x00,0x00,0x00,
	0x00,0x00,0x00,0x00,0x00,0x51,0x07,0x07,0xff,0x17,0x17,0xff,0x18,0x18,0x9d,0x0e,
	0x0e,0x00,0x00,0x00,0x00,0x00,0x00,0x00,0x00,0x00,0x00,0x00,0x00,0x00,0x00,0x00,
	0x00,0x00,0x00,0x00,0x00,0x00,0x00,0x00,0x00,0x00,0x00,0x00,0x51,0x07,0x07,0xff,
	0x17,0x17,0xff,0x18,0x18,0x9d,0x0e,0x0e,0x00,0x00,0x00,0x00,0x00,0x00,0x00,0x00,
	0x00,0x00,0x00,0x00,0x00,0x00,0x00,0x00,0x00,0x00,0x00,0x00,0x00,0x00,0x00,0x00,
	0x00,0x00,0x00,0x00,0x00,0x00,0x00,0x00,0x00,0x00,0x00,0x00,0x00,0x00,0x00,0x00,
	0x00,0x00,0x00,0x00,0x00,0x51,0x07,0x07,0xff,0x17,0x17,0xff,0x18,0x18,0x9d,0x0e,
	0x0e,0x00,0x00,0x00,0x00,0x00,0x00,0x00,0x00,0x00,0x00,0x00,0x00,0x00,0x00,0x01,
	0x00,0x00,0x00,0x00,0x00,0x00,0x00,0x00,0x00,0x00,0x00,0x00,0x1d,0x0b,0x0b,0x3b,
	0x1c,0x1c,0x36,0x1c,0x1c,0x29,0x10,0x10,0x00,0x00,0x00,0x00,0x00,0x00,0x00,0x00,
	0x00,0x00,0x00,0x00,0x00,0x00,0x00,0x00,0x00,0x00,0x00,0x00,0x00,0x00,0x00,0x00,
	0x00,0x00,0x00,0x00,0x00,0x00,0x00,0x00,0x00,0x00,0x00,0x00,0x00,0x00,0x00,0x00,
	0x00,0x00,0x00,0x00,0x00,0x1d,0x0b,0x0b,0x3b,0x1c,0x1c,0x36,0x1c,0x1c,0x29,0x10,
	0x10,0x00,0x00,0x00,0x00,0x00,0x00,0x00,0x00,0x00,0x00,0x00,0x00,0x00,0x00,0x00,
	0x00,0x00,0x00,0x00,0x00,0x00,0x00,0x00,0x00,0x00,0x00,0x00,0x60,0x09,0x09,0xff,
	0x17,0x17,0xff,0x18,0x18,0x92,0x0d,0x0d,0x00,0x00,0x00,0x00,0x00,0x00,0x00,0x00,
	0x00,0x00,0x00,0x00,0x00,0x00,0x00,0x00,0x00,0x00,0x00,0x00,0x00,0x00,0x00,0x00,
	0x00,0x00,0x00,0x00,0x00,0x00,0x00,0x00,0x00,0x00,0x00,0x00,0x00,0x00,0x00,0x00,
	0x00,0x00,0x00,0x00,0x00,0x60,0x09,0x09,0xff,0x17,0x17,0xff,0x18,0x18,0x92,0x0d,
	0x0d,0x00,0x00,0x00,0x00,0x00,0x00,0x00,0x00,0x00,0x00,0x00,0x00,0x00,0x00,0x00,
	0x00,0x00,0x00,0x00,0x00,0x00,0x00,0x00,0x00,0x00,0x00,0x00,0x1d,0x0b,0x0b,0x3b,
	0x1c,0x1c,0x36,0x1c,0x1c,0x29,0x10,0x10,0x00,0x00,0x00,0x00,0x00,0x00,0x00,0x00,
	0x00,0x00,0x00,0x00,0x00,0x00,0x00,0x00,0x00,0x00,0x00,0x00,0x00,0x00,0x00,0x00,
	0x00,0x00,0x00,0x00,0x00,0x00,0x00,0x00,0x00,0x00,0x00,0x00,0x00,0x00,0x00,0x00,
	0x00,0x00,0x00,0x00,0x00,0x60,0x09,0x09,0xff,0x17,0x17,0xff,0x18,0x18,0x92,0x0d,
	0x0d,0x00,0x00,0x00,0x00,0x00,0x00,0x00,0x00,0x00,0x00,0x00,0x00,0x00,0x00,0x00,
	0x00,0x00,0x00,0x00,0x00,0x00,0x00,0x00,0x00,0x00,0x00,0x00,0x1d,0x0b,0x0b,0x3b,
	0x1c,0x1c,0x36,0x1c,0x1c,0x29,0x10,0x10,0x00,0x00,0x00,0x00,0x00,0x00,0x00,0x00,
	0x00,0x00,0x00,0x00,0x00,0x00,0x00,0x00,0x00,0x00,0x00,0x00,0x00,0x00,0x00,0x00,
	0x00,0x00,0x00,0x00,0x00,0x00,0x00,0x00,0x00,0x00,0x00,0x00,0x00,0x00,0x00,0x00,
	0x00,0x00,0x00,0x00,0x00,0x60,0x09,0x09,0xff,0x17,0x17,0xff,0x18,0x18,0x92,0x0d,
	0x0d,0x00,0x00,0x00,0x00,0x00,0x00,0x00,0x00,0x00,0x00,0x00,0x00,0x00,0x00,0x01,
	0x00,0x00,0x00,0x00,0x00,0x00,0x00,0x00,0x00,0x00,0x00,0x00,0x1d,0x0b,0x0b,0x3b,
	0x1c,0x1c,0x36,0x1c,0x1c,0x29,0x10,0x10,0x00,0x00,0x00,0x00,0x00,0x00,0x00,0x00,
	0x00,0x00,0x00,0x00,0x00,0x00,0x00,0x00,0x00,0x00,0x00,0x00,0x00,0x00,0x00,0x00,
	0x00,0x00,0x00,0x00,0x00,0x00,0x00,0x00,0x00,0x00,0x00,0x00,0x00,0x00,0x00,0x00,
	0x00,0x00,0x00,0x00,0x00,0x60,0x09,0x09,0xff,0x17,0x17,0xff,0x18,0x18,0x92,0x0d,
	0x0d,0x00,0x00,0x00,0x00,0x00,0x00,0x00,0x00,0x00,0x00,0x00,0x00,0x00,0x00,0x00,
	0x00,0x00,0x00,0x00,0x00,0x00,0x00,0x00,0x00,0x00,0x00,0x00,0x60,0x09,0x09,0xff,
	0x17,0x17,0xff,0x18,0x18,0x92,0x0d,0x0d,0x00,0x00,0x00,0x00,0x00,0x00,0x00,0x00,
	0x00,0x00,0x00,0x00,0x00,0x00,0x00,0x00,0x00,0x00,0x00,0x00,0x00,0x00,0x00,0x00,
	0x00,0x00,0x00,0x00,0x00,0x00,0x00,0x00,0x00,0x00,0x00,0x00,0x00,0x00,0x00,0x00,
	0x00,0x00,0x00,0x00,0x00,0x60,0x09,0x09,0xff,0x17,0x17,0xff,0x18,0x18,0x92,0x0d,
	0x0d,0x00,0x00,0x00,0x00,0x00,0x00,0x00,0x00,0x00,0x00,0x00,0x00,0x00,0x00,0x00,
	0x00,0x00,0x00,0x00,0x00,0x00,0x00,0x00,0x00,0x00,0x00,0x00,0x60,0x09,0x09,0xff,
	0x17,0x17,0xff,0x18,0x18,0x92,0x0d,0x0d,0x00,0x00,0x00,0x00,0x00,0x00,0x00,0x00,
	0x00,0x00,0x00,0x00,0x00,0x00,0x00,0x00,0x00,0x00,0x00,0x00,0x00,0x00,0x00,0x00,
	0x00,0x00,0x00,0x00,0x00,0x00,0x00,0x00,0x00,0x00,0x00,0x00,0x00,0x00,0x00,0x00,
	0x00,0x00,0x00,0x00,0x00,0x1d,0x0b,0x0b,0x3b,0x1c,0x1c,0x36,0x1c,0x1c,0x29,0x10,
	0x10,0x00,0x00,0x00,0x00,0x00,0x00,0x00,0x00,0x00,0x00,0x00,0x00,0x00,0x00,0x00,
	0x00,0x00,0x00,0x00,0x00,0x00,0x00,0x00,0x00,0x00,0x00,0x00,0x60,0x09,0x09,0xff,
	0x17,0x17,0xff,0x18,0x18,0x92,0x0d,0x0d,0x00,0x00,0x00,0x00,0x00,0x00,0x00,0x00,
	0x00,0x00,0x00,0x00,0x00,0x00,0x00,0x00,0x00,0x00,0x00,0x00,0x00,0x00,0x00,0x00,
	0x00,0x00,0x00,0x00,0x00,0x00,0x00,0x00,0x00,0x00,0x00,0x00,0x00,0x00,0x00,0x00,
	0x00,0x00,0x00,0x00,0x00,0x1d,0x0b,0x0b,0x3b,0x1c,0x1c,0x36,0x1c,0x1c,0x29,0x10,
	0x10,0x00,0x00,0x00,0x00,0x00,0x00,0x00,0x00,0x00,0x00,0x00,0x00,0x00,0x00,0x00,
	0x00,0x00,0x00,0x00,0x00,0x00,0x00,0x00,0x00,0x00,0x00,0x00,0x1d,0x0b,0x0b,0x3b,
	0x1c,0x1c,0x36,0x1c,0x1c,0x29,0x10,0x10,0x00,0x00,0x00,0x00,0x00,0x00,0x00,0x00,
	0x00,0x00,0x00,0x00,0x00,0x00,0x00,0x00,0x00,0x00,0x00,0x00,0x00,0x00,0x00,0x00,
	0x00,0x00,0x00,0x00,0x00,0x00,0x00,0x00,0x00,0x00,0x00,0x00,0x00,0x00,0x00,0x00,
	0x00,0x00,0x00,0x00,0x00,0x60,0x09,0x09,0xff,0x17,0x17,0xff,0x18,0x18,0x92,0x0d,
	0x0d,0x00,0x00,0x00,0x00,0x00,0x00,0x00,0x00,0x00,0x00,0x00,0x00,0x00,0x00,0x00,
	0x00,0x00,0x00,0x00,0x00,0x00,0x00,0x00,0x00,0x00,0x00,0x00,0x60,0x09,0x09,0xff,
	0x17,0x17,0xff,0x18,0x18,0x92,0x0d,0x0d,0x00,0x00,0x00,0x00,0x00,0x00,0x00,0x00,
	0x00,0x00,0x00,0x00,0x00,0x00,0x00,0x00,0x00,0x00,0x00,0x00,0x00,0x00,0x00,0x00,
	0x00,0x00,0x00,0x00,0x00,0x00,0x00,0x00,0x00,0x00,0x00,0x00,0x00,0x00,0x00,0x00,
	0x00,0x00,0x00,0x00,0x00,0x60,0x09,0x09,0xff,0x17,0x17,0xff,0x18,0x18,0x92,0x0d,
	0x0d,0x00,0x00,0x00,0x00,0x00,0x00,0x00,0x00,0x00,0x00,0x00,0x00,0x00,0x00,0x00,
	0x00,0x00,0x00,0x00,0x00,0x00,0x00,0x00,0x00,0x00,0x00,0x00,0x60,0x09,0x09,0xff,
	0x17,0x17,0xff,0x18,0x18,0x92,0x0d,0x0d,0x00,0x00,0x00,0x00,0x00,0x00,0x00,0x00,
	0x00,0x00,0x00,0x00,0x00,0x00,0x00,0x00,0x00,0x00,0x00,0x00,0x00,0x00,0x00,0x00,
	0x00,0x00,0x00,0x00,0x00,0x00,0x00,0x00,0x00,0x00,0x00,0x00,0x00,0x00,0x00,0x00,
	0x00,0x00,0x00,0x00,0x00,0x60,0x09,0x09,0xff,0x17,0x17,0xff,0x18,0x18,0x92,0x0d,
	0x0d,0x00,0x00,0x00,0x00,0x00,0x00,0x00,0x00,0x00,0x00,0x00,0x00,0x00,0x00,0x00,
	0x00,0x00,0x00,0x00,0x00,0x00,0x00,0x00,0x00,0x00,0x00,0x00,0x60,0x09,0x09,0xff,
	0x17,0x17,0xff,0x18,0x18,0x92,0x0d,0x0d,0x00,0x00,0x00,0x00,0x00,0x00,0x00,0x00,
	0x00,0x00,0x00,0x00,0x00,0x00,0x00,0x00,0x00,0x00,0x00,0x00,0x00,0x00,0x00,0x00,
	0x00,0x00,0x00,0x00,0x00,0x00,0x00,0x00,0x00,0x00,0x00,0x00,0x00,0x00,0x00,0x00,
	0x00,0x00,0x00,0x00,0x00,0x60,0x09,0x09,0xff,0x17,0x17,0xff,0x18,0x18,0x92,0x0d,
	0x0d,0x00,0x00,0x00,0x00,0x00,0x00,0x00,0x00,0x00,0x00,0x00,0x00,0x00,0x00,0x01,
	0x00,0x00,0x00,0x00,0x00,0x00,0x00,0x00,0x00,0x00,0x00,0x00,0x1a,0x0d,0x0d,0x39,
	0x1c,0x1c,0x3a,0x1e,0x1e,0x1f,0x0e,0x0e,0x00,0x00,0x00,0x00,0x00,0x00,0x00,0x00,
	0x00,0x00,0x00,0x00,0x00,0x00,0x00,0x00,0x00,0x00,0x00,0x00,0x00,0x00,0x00,0x00,
	0x00,0x00,0x00,0x00,0x00,0x00,0x00,0x00,0x00,0x00,0x00,0x00,0x00,0x00,0x00,0x00,
	0x00,0x00,0x00,0x00,0x00,0x1a,0x0d,0x0d,0x3b,0x1d,0x1d,0x37,0x1c,0x1c,0x22,0x0f,
	0x0f,0x00,0x00,0x00,0x00,0x00,0x00,0x00,0x00,0x00,0x00,0x00,0x00,0x00,0x00,0x00,
	0x00,0x00,0x00,0x00,0x00,0x00,0x00,0x00,0x00,0x00,0x00,0x00,0x6b,0x09,0x09,0xff,
	0x17,0x17,0xff,0x1a,0x1a,0x91,0x0a,0x0a,0x00,0x00,0x00,0x00,0x00,0x00,0x00,0x00,
	0x00,0x00,0x00,0x00,0x00,0x00,0x00,0x00,0x00,0x00,0x00,0x00,0x00,0x00,0x00,0x00,
	0x00,0x00,0x00,0x00,0x00,0x00,0x00,0x00,0x00,0x00,0x00,0x00,0x00,0x00,0x00,0x00,
	0x00,0x00,0x00,0x00,0x00,0x7c,0x09,0x09,0xff,0x19,0x19,0xff,0x18,0x18,0x81,0x0b,
	0x0b,0x00,0x00,0x00,0x00,0x00,0x00,0x00,0x00,0x00,0x00,0x00,0x00,0x00,0x00,0x00,
	0x00,0x00,0x00,0x00,0x00,0x00,0x00,0x00,0x00,0x00,0x00,0x00,0x1a,0x0d,0x0d,0x39,
	0x1c,0x1c,0x3a,0x1e,0x1e,0x1f,0x0e,0x0e,0x00,0x00,0x00,0x00,0x00,0x00,0x00,0x00,
	0x00,0x00,0x00,0x00,0x00,0x00,0x00,0x00,0x00,0x00,0x00,0x00,0x00,0x00,0x00,0x00,
	0x00,0x00,0x00,0x00,0x00,0x00,0x00,0x00,0x00,0x00,0x00,0x00,0x00,0x00,0x00,0x00,
	0x00,0x00,0x00,0x00,0x00,0x7c,0x09,0x09,0xff,0x19,0x19,0xff,0x18,0x18,0x81,0x0b,
	0x0b,0x00,0x00,0x00,0x00,0x00,0x00,0x00,0x00,0x00,0x00,0x00,0x00,0x00,0x00,0x00,
	0x00,0x00,0x00,0x00,0x00,0x00,0x00,0x00,0x00,0x00,0x00,0x00,0x1a,0x0d,0x0d,0x39,
	0x1c,0x1c,0x3e,0x1e,0x1e,0x12,0x0f,0x0f,0x00,0x00,0x00,0x00,0x00,0x00,0x00,0x00,
	0x00,0x00,0x00,0x00,0x00,0x00,0x00,0x00,0x00,0x00,0x00,0x00,0x00,0x00,0x00,0x00,
	0x00,0x00,0x00,0x00,0x00,0x00,0x00,0x00,0x00,0x00,0x00,0x00,0x00,0x00,0x00,0x00,
	0x00,0x00,0x00,0x00,0x00,0x73,0x0a,0x0a,0xff,0x19,0x19,0xff,0x18,0x18,0x81,0x0b,
	0x0b,0x00,0x00,0x00,0x00,0x00,0x00,0x00,0x00,0x00,0x00,0x00,0x00,0x00,0x00,0x00,
	0x00,0x00,0x00,0x00,0x00,0x00,0x00,0x00,0x00,0x00,0x00,0x00,0x1a,0x0d,0x0d,0x39,
	0x1c,0x1c,0x3e,0x1e,0x1e,0x12,0x0f,0x0f,0x00,0x00,0x00,0x00,0x00,0x00,0x00,0x00,
	0x00,0x00,0x00,0x00,0x00,0x00,0x00,0x00,0x00,0x00,0x00,0x00,0x00,0x00,0x00,0x00,
	0x00,0x00,0x00,0x00,0x00,0x00,0x00,0x00,0x00,0x00,0x00,0x00,0x00,0x00,0x00,0x00,
	0x00,0x00,0x00,0x00,0x00,0x73,0x0a,0x0a,0xff,0x19,0x19,0xff,0x18,0x18,0x81,0x0b,
	0x0b,0x00,0x00,0x00,0x00,0x00,0x00,0x00,0x00,0x00,0x00,0x00,0x00,0x00,0x00,0x00,
	0x00,0x00,0x00,0x00,0x00,0x00,0x00,0x00,0x00,0x00,0x00,0x00,0x6b,0x09,0x09,0xff,
	0x17,0x17,0xff,0x1a,0x1a,0x83,0x0b,0x0b,0x00,0x00,0x00,0x00,0x00,0x00,0x00,0x00,
	0x00,0x00,0x00,0x00,0x00,0x00,0x00,0x00,0x00,0x00,0x00,0x00,0x00,0x00,0x00,0x00,
	0x00,0x00,0x00,0x00,0x00,0x00,0x00,0x00,0x00,0x00,0x00,0x00,0x00,0x00,0x00,0x00,
	0x00,0x00,0x00,0x00,0x00,0x73,0x0a,0x0a,0xff,0x19,0x19,0xff,0x18,0x18,0x81,0x0b,
	0x0b,0x00,0x00,0x00,0x00,0x00,0x00,0x00,0x00,0x00,0x00,0x00,0x00,0x00,0x00,0x00,
	0x00,0x00,0x00,0x00,0x00,0x00,0x00,0x00,0x00,0x00,0x00,0x00,0x6b,0x09,0x09,0xff,
	0x17,0x17,0xff,0x1a,0x1a,0x83,0x0b,0x0b,0x00,0x00,0x00,0x00,0x00,0x00,0x00,0x00,
	0x00,0x00,0x00,0x00,0x00,0x00,0x00,0x00,0x00,0x00,0x00,0x00,0x00,0x00,0x00,0x00,
	0x00,0x00,0x00,0x00,0x00,0x00,0x00,0x00,0x00,0x00,0x00,0x00,0x00,0x00,0x00,0x00,
	0x00,0x00,0x00,0x00,0x00,0x11,0x0d,0x0d,0x40,0x1d,0x1d,0x37,0x1c,0x1c,0x22,0x0f,
	0x0f,0x00,0x00,0x00,0x00,0x00,0x00,0x00,0x00,0x00,0x00,0x00,0x00,0x00,0x00,0x00,
	0x00,0x00,0x00,0x00,0x00,0x00,0x00,0x00,0x00,0x00,0x00,0x00,0x6b,0x09,0x09,0xff,
	0x17,0x17,0xff,0x1a,0x1a,0x83,0x0b,0x0b,0x00,0x00,0x00,0x00,0x00,0x00,0x00,0x00,
	0x00,0x00,0x00,0x00,0x00,0x00,0x00,0x00,0x00,0x00,0x00,0x00,0x00,0x00,0x00,0x00,
	0x00,0x00,0x00,0x00,0x00,0x00,0x00,0x00,0x00,0x00,0x00,0x00,0x00,0x00,0x00,0x00,
	0x00,0x00,0x00,0x00,0x00,0x11,0x0d,0x0d,0x40,0x1d,0x1d,0x37,0x1c,0x1c,0x22,0x0f,
	0x0f,0x00,0x00,0x00,0x00,0x00,0x00,0x00,0x00,0x00,0x00,0x00,0x00,0x00,0x00,0x00,
	0x00,0x00,0x00,0x00,0x00,0x00,0x00,0x00,0x00,0x00,0x00,0x00,0x1a,0x0d,0x0d,0x39,
	0x1c,0x1c,0x3a,0x1e,0x1e,0x1f,0x0e,0x0e,0x00,0x00,0x00,0x00,0x00,0x00,0x00,0x00,
	0x00,0x00,0x00,0x00,0x00,0x00,0x00,0x00,0x00,0x00,0x00,0x00,0x00,0x00,0x00,0x00,
	0x00,0x00,0x00,0x00,0x00,0x00,0x00,0x00,0x00,0x00,0x00,0x00,0x00,0x00,0x00,0x00,
	0x00,0x00,0x00,0x00,0x00,0x7c,0x09,0x09,0xff,0x19,0x19,0xff,0x18,0x18,0x81,0x0b,
	0x0b,0x00,0x00,0x00,0x00,0x00,0x00,0x00,0x00,0x00,0x00,0x00,0x00,0x00,0x00,0x00,
	0x00,0x00,0x00,0x00,0x00,0x00,0x00,0x00,0x00,0x00,0x00,0x00,0x6b,0x09,0x09,0xff,
	0x17,0x17,0xff,0x1a,0x1a,0x83,0x0b,0x0b,0x00,0x00,0x00,0x00,0x00,0x00,0x00,0x00,
	0x00,0x00,0x00,0x00,0x00,0x00,0x00,0x00,0x00,0x00,0x00,0x00,0x00,0x00,0x00,0x00,
	0x00,0x00,0x00,0x00,0x00,0x00,0x00,0x00,0x00,0x00,0x00,0x00,0x00,0x00,0x00,0x00,
	0x00,0x00,0x00,0x00,0x00,0x73,0x0a,0x0a,0xff,0x19,0x19,0xff,0x18,0x18,0x81,0x0b,
	0x0b,0x00,0x00,0x00,0x00,0x00,0x00,0x00,0x00,0x00,0x00,0x00,0x00,0x00,0x00,0x00,
	0x00,0x00,0x00,0x00,0x00,0x00,0x00,0x00,0x00,0x00,0x00,0x00,0x6b,0x09,0x09,0xff,
	0x17,0x17,0xff,0x1a,0x1a,0x83,0x0b,0x0b,0x00,0x00,0x00,0x00,0x00,0x00,0x00,0x00,
	0x00,0x00,0x00,0x00,0x00,0x00,0x00,0x00,0x00,0x00,0x00,0x00,0x00,0x00,0x00,0x00,
	0x00,0x00,0x00,0x00,0x00,0x00,0x00,0x00,0x00,0x00,0x00,0x00,0x00,0x00,0x00,0x00,
	0x00,0x00,0x00,0x00,0x00,0x73,0x0a,0x0a,0xff,0x19,0x19,0xff,0x18,0x18,0x81,0x0b,
	0x0b,0x00,0x00,0x00,0x00,0x00,0x00,0x00,0x00,0x00,0x00,0x00,0x00,0x00,0x00,0x00,
	0x00,0x00,0x00,0x00,0x00,0x00,0x00,0x00,0x00,0x00,0x00,0x00,0x6b,0x09,0x09,0xff,
	0x17,0x17,0xff,0x1a,0x1a,0x83,0x0b,0x0b,0x00,0x00,0x00,0x00,0x00,0x00,0x00,0x00,
	0x00,0x00,0x00,0x00,0x00,0x00,0x00,0x00,0x00,0x00,0x00,0x00,0x00,0x00,0x00,0x00,
	0x00,0x00,0x00,0x00,0x00,0x00,0x00,0x00,0x00,0x00,0x00,0x00,0x00,0x00,0x00,0x00,
	0x00,0x00,0x00,0x00,0x00,0x73,0x0a,0x0a,0xff,0x19,0x19,0xff,0x18,0x18,0x81,0x0b,
	0x0b,0x00,0x00,0x00,0x00,0x00,0x00,0x00,0x00,0x00,0x00,0x00,0x00,0x00,0x00,0x01,
	0x00,0x00,0x00,0x00,0x00,0x00,0x00,0x00,0x00,0x00,0x00,0x00,0x1d,0x0e,0x0e,0x3b,
	0x1f,0x1f,0x35,0x19,0x19,0x1e,0x0c,0x0c,0x0f,0x08,0x08,0x10,0x08,0x08,0x10,0x08,
	0x08,0x10,0x08,0x08,0x10,0x08,0x08,0x10,0x08,0x08,0x10,0x08,0x08,0x10,0x08,0x08,
	0x10,0x08,0x08,0x10,0x08,0x08,0x10,0x08,0x08,0x10,0x08,0x08,0x10,0x08,0x08,0x10,
	0x08,0x08,0x0f,0x07,0x07,0x1c,0x0c,0x0c,0x36,0x1a,0x1a,0x3b,0x1f,0x1f,0x1b,0x0e,
	0x0e,0x00,0x00,0x00,0x00,0x00,0x00,0x00,0x00,0x00,0x00,0x00,0x00,0x00,0x00,0x00,
	0x00,0x00,0x00,0x00,0x00,0x00,0x00,0x00,0x00,0x00,0x00,0x00,0x7e,0x0b,0x0b,0xff,
	0x1c,0x1c,0xf7,0x13,0x13,0x44,0x08,0x08,0x0d,0x09,0x09,0x10,0x08,0x08,0x10,0x08,
	0x08,0x10,0x08,0x08,0x10,0x08,0x08,0x10,0x08,0x08,0x10,0x08,0x08,0x10,0x08,0x08,
	0x10,0x08,0x08,0x10,0x08,0x08,0x10,0x08,0x08,0x10,0x08,0x08,0x10,0x08,0x08,0x10,
	0x08,0x08,0x0a,0x08,0x08,0x4f,0x08,0x08,0xff,0x15,0x15,0xff,0x1b,0x1b,0x76,0x0a,
	0x0a,0x00,0x00,0x00,0x00,0x00,0x00,0x00,0x00,0x00,0x00,0x00,0x00,0x00,0x00,0x00,
	0x00,0x00,0x00,0x00,0x00,0x00,0x00,0x00,0x00,0x00,0x00,0x00,0x1d,0x0e,0x0e,0x3b,
	0x1f,0x1f,0x35,0x19,0x19,0x1e,0x0c,0x0c,0x0f,0x08,0x08,0x10,0x08,0x08,0x10,0x08,
	0x08,0x10,0x08,0x08,0x10,0x08,0x08,0x10,0x08,0x08,0x10,0x08,0x08,0x10,0x08,0x08,
	0x10,0x08,0x08,0x10,0x08,0x08,0x10,0x08,0x08,0x10,0x08,0x08,0x10,0x08,0x08,0x10,
	0x08,0x08,0x0a,0x08,0x08,0x4f,0x08,0x08,0xff,0x15,0x15,0xff,0x1b,0x1b,0x76,0x0a,
	0x0a,0x00,0x00,0x00,0x00,0x00,0x00,0x00,0x00,0x00,0x00,0x00,0x00,0x00,0x00,0x00,
	0x00,0x00,0x00,0x00,0x00,0x00,0x00,0x00,0x00,0x00,0x00,0x00,0x1e,0x0e,0x0e,0x40,
	0x1f,0x1f,0x19,0x1a,0x1a,0x1f,0x0a,0x0a,0x47,0x06,0x06,0x3d,0x05,0x05,0x3d,0x05,
	0x05,0x3d,0x05,0x05,0x3d,0x05,0x05,0x3d,0x05,0x05,0x3d,0x05,0x05,0x3d,0x05,0x05,
	0x3d,0x05,0x05,0x3d,0x05,0x05,0x3d,0x05,0x05,0x3d,0x05,0x05,0x3d,0x05,0x05,0x3f,
	0x05,0x05,0x40,0x06,0x06,0x48,0x06,0x06,0xf4,0x16,0x16,0xff,0x1b,0x1b,0x76,0x0a,
	0x0a,0x00,0x00,0x00,0x00,0x00,0x00,0x00,0x00,0x00,0x00,0x00,0x00,0x00,0x00,0x00,
	0x00,0x00,0x00,0x00,0x00,0x00,0x00,0x00,0x00,0x00,0x00,0x00,0x1e,0x0e,0x0e,0x40,
	0x1f,0x1f,0x19,0x1a,0x1a,0x1f,0x0a,0x0a,0x47,0x06,0x06,0x3d,0x05,0x05,0x3d,0x05,
	0x05,0x3d,0x05,0x05,0x3d,0x05,0x05,0x3d,0x05,0x05,0x3d,0x05,0x05,0x3d,0x05,0x05,
	0x3d,0x05,0x05,0x3d,0x05,0x05,0x3d,0x05,0x05,0x3d,0x05,0x05,0x3d,0x05,0x05,0x3f,
	0x05,0x05,0x40,0x06,0x06,0x48,0x06,0x06,0xf4,0x16,0x16,0xff,0x1b,0x1b,0x76,0x0a,
	0x0a,0x00,0x00,0x00,0x00,0x00,0x00,0x00,0x00,0x00,0x00,0x00,0x00,0x00,0x00,0x00,
	0x00,0x00,0x00,0x00,0x00,0x00,0x00,0x00,0x00,0x00,0x00,0x00,0x7f,0x0b,0x0b,0xff,
	0x1c,0x1c,0xdb,0x14,0x14,0x45,0x06,0x06,0x47,0x06,0x06,0x3d,0x05,0x05,0x3d,0x05,
	0x05,0x3d,0x05,0x05,0x3d,0x05,0x05,0x3d,0x05,0x05,0x3d,0x05,0x05,0x3d,0x05,0x05,
	0x3d,0x05,0x05,0x3d,0x05,0x05,0x3d,0x05,0x05,0x3d,0x05,0x05,0x3d,0x05,0x05,0x3f,
	0x05,0x05,0x40,0x06,0x06,0x48,0x06,0x06,0xf4,0x16,0x16,0xff,0x1b,0x1b,0x76,0x0a,
	0x0a,0x00,0x00,0x00,0x00,0x00,0x00,0x00,0x00,0x00,0x00,0x00,0x00,0x00,0x00,0x00,
	0x00,0x00,0x00,0x00,0x00,0x00,0x00,0x00,0x00,0x00,0x00,0x00,0x7f,0x0b,0x0b,0xff,
	0x1c,0x1c,0xdb,0x14,0x14,0x45,0x06,0x06,0x47,0x06,0x06,0x3d,0x05,0x05,0x3d,0x05,
	0x05,0x3d,0x05,0x05,0x3d,0x05,0x05,0x3d,0x05,0x05,0x3d,0x05,0x05,0x3d,0x05,0x05,
	0x3d,0x05,0x05,0x3d,0x05,0x05,0x3d,0x05,0x05,0x3d,0x05,0x05,0x3d,0x05,0x05,0x3f,
	0x05,0x05,0x43,0x05,0x05,0x14,0x0a,0x0a,0x23,0x1b,0x1b,0x3f,0x1f,0x1f,0x1b,0x0e,
	0x0e,0x00,0x00,0x00,0x00,0x00,0x00,0x00,0x00,0x00,0x00,0x00,0x00,0x00,0x00,0x00,
	0x00,0x00,0x00,0x00,0x00,0x00,0x00,0x00,0x00,0x00,0x00,0x00,0x7f,0x0b,0x0b,0xff,
	0x1c,0x1c,0xdb,0x14,0x14,0x45,0x06,0x06,0x47,0x06,0x06,0x3d,0x05,0x05,0x3d,0x05,
	0x05,0x3d,0x05,0x05,0x3d,0x05,0x05,0x3d,0x05,0x05,0x3d,0x05,0x05,0x3d,0x05,0x05,
	0x3d,0x05,0x05,0x3d,0x05,0x05,0x3d,0x05,0x05,0x3d,0x05,0x05,0x3d,0x05,0x05,0x3f,
	0x05,0x05,0x43,0x05,0x05,0x14,0x0a,0x0a,0x23,0x1b,0x1b,0x3f,0x1f,0x1f,0x1b,0x0e,
	0x0e,0x00,0x00,0x00,0x00,0x00,0x00,0x00,0x00,0x00,0x00,0x00,0x00,0x00,0x00,0x00,
	0x00,0x00,0x00,0x00,0x00,0x00,0x00,0x00,0x00,0x00,0x00,0x00,0x1d,0x0e,0x0e,0x3b,
	0x1f,0x1f,0x35,0x19,0x19,0x1e,0x0c,0x0c,0x0f,0x08,0x08,0x10,0x08,0x08,0x10,0x08,
	0x08,0x10,0x08,0x08,0x10,0x08,0x08,0x10,0x08,0x08,0x10,0x08,0x08,0x10,0x08,0x08,
	0x10,0x08,0x08,0x10,0x08,0x08,0x10,0x08,0x08,0x10,0x08,0x08,0x10,0x08,0x08,0x10,
	0x08,0x08,0x0a,0x08,0x08,0x4f,0x08,0x08,0xff,0x15,0x15,0xff,0x1b,0x1b,0x76,0x0a,
	0x0a,0x00,0x00,0x00,0x00,0x00,0x00,0x00,0x00,0x00,0x00,0x00,0x00,0x00,0x00,0x00,
	0x00,0x00,0x00,0x00,0x00,0x00,0x00,0x00,0x00,0x00,0x00,0x00,0x7f,0x0b,0x0b,0xff,
	0x1c,0x1c,0xdb,0x14,0x14,0x45,0x06,0x06,0x47,0x06,0x06,0x3d,0x05,0x05,0x3d,0x05,
	0x05,0x3d,0x05,0x05,0x3d,0x05,0x05,0x3d,0x05,0x05,0x3d,0x05,0x05,0x3d,0x05,0x05,
	0x3d,0x05,0x05,0x3d,0x05,0x05,0x3d,0x05,0x05,0x3d,0x05,0x05,0x3d,0x05,0x05,0x3f,
	0x05,0x05,0x40,0x06,0x06,0x48,0x06,0x06,0xf4,0x16,0x16,0xff,0x1b,0x1b,0x76,0x0a,
	0x0a,0x00,0x00,0x00,0x00,0x00,0x00,0x00,0x00,0x00,0x00,0x00,0x00,0x00,0x00,0x00,
	0x00,0x00,0x00,0x00,0x00,0x00,0x00,0x00,0x00,0x00,0x00,0x00,0x7f,0x0b,0x0b,0xff,
	0x1c,0x1c,0xdb,0x14,0x14,0x45,0x06,0x06,0x47,0x06,0x06,0x3d,0x05,0x05,0x3d,0x05,
	0x05,0x3d,0x05,0x05,0x3d,0x05,0x05,0x3d,0x05,0x05,0x3d,0x05,0x05,0x3d,0x05,0x05,
	0x3d,0x05,0x05,0x3d,0x05,0x05,0x3d,0x05,0x05,0x3d,0x05,0x05,0x3d,0x05,0x05,0x3f,
	0x05,0x05,0x40,0x06,0x06,0x48,0x06,0x06,0xf4,0x16,0x16,0xff,0x1b,0x1b,0x76,0x0a,
	0x0a,0x00,0x00,0x00,0x00,0x00,0x00,0x00,0x00,0x00,0x00,0x00,0x00,0x00,0x00,0x00,
	0x00,0x00,0x00,0x00,0x00,0x00,0x00,0x00,0x00,0x00,0x00,0x00,0x7f,0x0b,0x0b,0xff,
	0x1c,0x1c,0xdb,0x14,0x14,0x45,0x06,0x06,0x47,0x06,0x06,0x3d,0x05,0x05,0x3d,0x05,
	0x05,0x3d,0x05,0x05,0x3d,0x05,0x05,0x3d,0x05,0x05,0x3d,0x05,0x05,0x3d,0x05,0x05,
	0x3d,0x05,0x05,0x3d,0x05,0x05,0x3d,0x05,0x05,0x3d,0x05,0x05,0x3d,0x05,0x05,0x3f,
	0x05,0x05,0x40,0x06,0x06,0x48,0x06,0x06,0xf4,0x16,0x16,0xff,0x1b,0x1b,0x76,0x0a,
	0x0a,0x00,0x00,0x00,0x00,0x00,0x00,0x00,0x00,0x00,0x00,0x00,0x00,0x00,0x00,0x01,
	0x00,0x00,0x00,0x00,0x00,0x00,0x00,0x00,0x00,0x00,0x00,0x00,0x22,0x0d,0x0d,0x33,
	0x18,0x18,0x29,0x0f,0x0f,0x30,0x15,0x15,0x37,0x1c,0x1c,0x36,0x1b,0x1b,0x36,0x1b,
	0x1b,0x36,0x1b,0x1b,0x36,0x1b,0x1b,0x36,0x1b,0x1b,0x36,0x1b,0x1b,0x36,0x1b,0x1b,
	0x36,0x1b,0x1b,0x36,0x1b,0x1b,0x36,0x1b,0x1b,0x36,0x1b,0x1b,0x36,0x1b,0x1b,0x36,
	0x1b,0x1b,0x38,0x1c,0x1c,0x2d,0x13,0x13,0x25,0x0e,0x0e,0x35,0x19,0x19,0x19,0x0b,
	0x0b,0x00,0x00,0x00,0x00,0x00,0x00,0x00,0x00,0x00,0x00,0x00,0x00,0x00,0x00,0x00,
	0x00,0x00,0x00,0x00,0x00,0x00,0x00,0x00,0x00,0x00,0x00,0x00,0x71,0x0a,0x0a,0xcb,
	0x12,0x12,0x4c,0x0b,0x0b,0x0e,0x15,0x15,0x36,0x1d,0x1d,0x36,0x1b,0x1b,0x36,0x1b,
	0x1b,0x36,0x1b,0x1b,0x36,0x1b,0x1b,0x36,0x1b,0x1b,0x36,0x1b,0x1b,0x36,0x1b,0x1b,
	0x36,0x1b,0x1b,0x36,0x1b,0x1b,0x36,0x1b,0x1b,0x36,0x1b,0x1b,0x36,0x1b,0x1b,0x36,
	0x1b,0x1b,0x35,0x1d,0x1d,0x0d,0x13,0x13,0x66,0x0a,0x0a,0xcb,0x13,0x13,0x56,0x07,
	0x07,0x00,0x00,0x00,0x00,0x00,0x00,0x00,0x00,0x00,0x00,0x00,0x00,0x00,0x00,0x00,
	0x00,0x00,0x00,0x00,0x00,0x00,0x00,0x00,0x00,0x00,0x00,0x00,0x22,0x0d,0x0d,0x33,
	0x18,0x18,0x29,0x0f,0x0f,0x30,0x15,0x15,0x37,0x1c,0x1c,0x36,0x1b,0x1b,0x36,0x1b,
	0x1b,0x36,0x1b,0x1b,0x36,0x1b,0x1b,0x36,0x1b,0x1b,0x36,0x1b,0x1b,0x36,0x1b,0x1b,
	0x36,0x1b,0x1b,0x36,0x1b,0x1b,0x36,0x1b,0x1b,0x36,0x1b,0x1b,0x36,0x1b,0x1b,0x36,
	0x1b,0x1b,0x35,0x1d,0x1d,0x0d,0x13,0x13,0x66,0x0a,0x0a,0xcb,0x13,0x13,0x56,0x07,
	0x07,0x00,0x00,0x00,0x00,0x00,0x00,0x00,0x00,0x00,0x00,0x00,0x00,0x00,0x00,0x00,
	0x00,0x00,0x00,0x00,0x00,0x00,0x00,0x00,0x00,0x00,0x00,0x00,0x08,0x0e,0x0e,0x09,
	0x1a,0x1a,0x43,0x0d,0x0d,0xd6,0x0f,0x0f,0xff,0x18,0x18,0xff,0x16,0x16,0xff,0x16,
	0x16,0xff,0x16,0x16,0xff,0x16,0x16,0xff,0x16,0x16,0xff,0x16,0x16,0xff,0x16,0x16,
	0xff,0x16,0x16,0xff,0x16,0x16,0xff,0x16,0x16,0xff,0x16,0x16,0xff,0x16,0x16,0xff,
	0x16,0x16,0xff,0x18,0x18,0x94,0x0e,0x0e,0x6b,0x08,0x08,0xe8,0x12,0x12,0x62,0x07,
	0x07,0x00,0x00,0x00,0x00,0x00,0x00,0x00,0x00,0x00,0x00,0x00,0x00,0x00,0x00,0x00,
	0x00,0x00,0x00,0x00,0x00,0x00,0x00,0x00,0x00,0x00,0x00,0x00,0x22,0x0d,0x0d,0x26,
	0x19,0x19,0x3f,0x0c,0x0c,0xd5,0x10,0x10,0xff,0x18,0x18,0xff,0x16,0x16,0xff,0x16,
	0x16,0xff,0x16,0x16,0xff,0x16,0x16,0xff,0x16,0x16,0xff,0x16,0x16,0xff,0x16,0x16,
	0xff,0x16,0x16,0xff,0x16,0x16,0xff,0x16,0x16,0xff,0x16,0x16,0xff,0x16,0x16,0xff,
	0x16,0x16,0xff,0x18,0x18,0x97,0x0d,0x0d,0x65,0x08,0x08,0xc6,0x14,0x14,0x56,0x07,
	0x07,0x00,0x00,0x00,0x00,0x00,0x00,0x00,0x00,0x00,0x00,0x00,0x00,0x00,0x00,0x00,
	0x00,0x00,0x00,0x00,0x00,0x00,0x00,0x00,0x00,0x00,0x00,0x00,0x8b,0x09,0x09,0xdf,
	0x12,0x12,0x5e,0x08,0x08,0xb2,0x10,0x10,0xff,0x18,0x18,0xff,0x16,0x16,0xff,0x16,
	0x16,0xff,0x16,0x16,0xff,0x16,0x16,0xff,0x16,0x16,0xff,0x16,0x16,0xff,0x16,0x16,
	0xff,0x16,0x16,0xff,0x16,0x16,0xff,0x16,0x16,0xff,0x16,0x16,0xff,0x16,0x16,0xff,
	0x16,0x16,0xff,0x18,0x18,0x97,0x0d,0x0d,0x65,0x08,0x08,0xc6,0x14,0x14,0x56,0x07,
	0x07,0x00,0x00,0x00,0x00,0x00,0x00,0x00,0x00,0x00,0x00,0x00,0x00,0x00,0x00,0x00,
	0x00,0x00,0x00,0x00,0x00,0x00,0x00,0x00,0x00,0x00,0x00,0x00,0x8b,0x09,0x09,0xdf,
	0x12,0x12,0x5e,0x08,0x08,0xb2,0x10,0x10,0xff,0x18,0x18,0xff,0x16,0x16,0xff,0x16,
	0x16,0xff,0x16,0x16,0xff,0x16,0x16,0xff,0x16,0x16,0xff,0x16,0x16,0xff,0x16,0x16,
	0xff,0x16,0x16,0xff,0x16,0x16,0xff,0x16,0x16,0xff,0x16,0x16,0xff,0x16,0x16,0xff,
	0x16,0x16,0xff,0x17,0x17,0xba,0x0e,0x0e,0x1e,0x0e,0x0e,0x0a,0x1b,0x1b,0x0c,0x0b,
	0x0b,0x00,0x00,0x00,0x00,0x00,0x00,0x00,0x00,0x00,0x00,0x00,0x00,0x00,0x00,0x00,
	0x00,0x00,0x00,0x00,0x00,0x00,0x00,0x00,0x00,0x00,0x00,0x00,0x71,0x0a,0x0a,0xc2,
	0x13,0x13,0x62,0x08,0x08,0xb3,0x10,0x10,0xff,0x18,0x18,0xff,0x16,0x16,0xff,0x16,
	0x16,0xff,0x16,0x16,0xff,0x16,0x16,0xff,0x16,0x16,0xff,0x16,0x16,0xff,0x16,0x16,
	0xff,0x16,0x16,0xff,0x16,0x16,0xff,0x16,0x16,0xff,0x16,0x16,0xff,0x16,0x16,0xff,
	0x16,0x16,0xff,0x17,0x17,0xba,0x0e,0x0e,0x1e,0x0e,0x0e,0x0a,0x1b,0x1b,0x0c,0x0b,
	0x0b,0x00,0x00,0x00,0x00,0x00,0x00,0x00,0x00,0x00,0x00,0x00,0x00,0x00,0x00,0x00,
	0x00,0x00,0x00,0x00,0x00,0x00,0x00,0x00,0x00,0x00,0x00,0x00,0x22,0x0d,0x0d,0x33,
	0x18,0x18,0x29,0x0f,0x0f,0x30,0x15,0x15,0x37,0x1c,0x1c,0x36,0x1b,0x1b,0x36,0x1b,
	0x1b,0x36,0x1b,0x1b,0x36,0x1b,0x1b,0x36,0x1b,0x1b,0x36,0x1b,0x1b,0x36,0x1b,0x1b,
	0x36,0x1b,0x1b,0x36,0x1b,0x1b,0x36,0x1b,0x1b,0x36,0x1b,0x1b,0x36,0x1b,0x1b,0x36,
	0x1b,0x1b,0x35,0x1d,0x1d,0x0d,0x13,0x13,0x66,0x0a,0x0a,0xcb,0x13,0x13,0x56,0x07,
	0x07,0x00,0x00,0x00,0x00,0x00,0x00,0x00,0x00,0x00,0x00,0x00,0x00,0x00,0x00,0x00,
	0x00,0x00,0x00,0x00,0x00,0x00,0x00,0x00,0x00,0x00,0x00,0x00,0x71,0x0a,0x0a,0xc2,
	0x13,0x13,0x62,0x08,0x08,0xb3,0x10,0x10,0xff,0x18,0x18,0xff,0x16,0x16,0xff,0x16,
	0x16,0xff,0x16,0x16,0xff,0x16,0x16,0xff,0x16,0x16,0xff,0x16,0x16,0xff,0x16,0x16,
	0xff,0x16,0x16,0xff,0x16,0x16,0xff,0x16,0x16,0xff,0x16,0x16,0xff,0x16,0x16,0xff,
	0x16,0x16,0xff,0x18,0x18,0x97,0x0d,0x0d,0x65,0x08,0x08,0xc6,0x14,0x14,0x56,0x07,
	0x07,0x00,0x00,0x00,0x00,0x00,0x00,0x00,0x00,0x00,0x00,0x00,0x00,0x00,0x00,0x00,
	0x00,0x00,0x00,0x00,0x00,0x00,0x00,0x00,0x00,0x00,0x00,0x00,0x8b,0x09,0x09,0xdf,
	0x12,0x12,0x5e,0x08,0x08,0xb2,0x10,0x10,0xff,0x18,0x18,0xff,0x16,0x16,0xff,0x16,
	0x16,0xff,0x16,0x16,0xff,0x16,0x16,0xff,0x16,0x16,0xff,0x16,0x16,0xff,0x16,0x16,
	0xff,0x16,0x16,0xff,0x16,0x16,0xff,0x16,0x16,0xff,0x16,0x16,0xff,0x16,0x16,0xff,
	0x16,0x16,0xff,0x18,0x18,0x97,0x0d,0x0d,0x65,0x08,0x08,0xc6,0x14,0x14,0x56,0x07,
	0x07,0x00,0x00,0x00,0x00,0x00,0x00,0x00,0x00,0x00,0x00,0x00,0x00,0x00,0x00,0x00,
	0x00,0x00,0x00,0x00,0x00,0x00,0x00,0x00,0x00,0x00,0x00,0x00,0x71,0x0a,0x0a,0xc2,
	0x13,0x13,0x62,0x08,0x08,0xb3,0x10,0x10,0xff,0x18,0x18,0xff,0x16,0x16,0xff,0x16,
	0x16,0xff,0x16,0x16,0xff,0x16,0x16,0xff,0x16,0x16,0xff,0x16,0x16,0xff,0x16,0x16,
	0xff,0x16,0x16,0xff,0x16,0x16,0xff,0x16,0x16,0xff,0x16,0x16,0xff,0x16,0x16,0xff,
	0x16,0x16,0xff,0x18,0x18,0x97,0x0d,0x0d,0x65,0x08,0x08,0xc6,0x14,0x14,0x56,0x07,
	0x07,0x00,0x00,0x00,0x00,0x00,0x00,0x00,0x00,0x00,0x00,0x00,0x00,0x00,0x00,0x01,
	0x00,0x00,0x00,0x00,0x00,0x00,0x00,0x00,0x00,0x00,0x00,0x00,0x21,0x0e,0x0e,0x27,
	0x0c,0x0c,0x2b,0x11,0x11,0x37,0x1e,0x1e,0x33,0x19,0x19,0x34,0x1a,0x1a,0x34,0x1a,
	0x1a,0x34,0x1a,0x1a,0x34,0x1a,0x1a,0x34,0x1a,0x1a,0x34,0x1a,0x1a,0x34,0x1a,0x1a,
	0x34,0x1a,0x1a,0x34,0x1a,0x1a,0x34,0x1a,0x1a,0x34,0x1a,0x1a,0x34,0x1a,0x1a,0x34,
	0x1a,0x1a,0x34,0x1b,0x1b,0x37,0x1c,0x1c,0x25,0x0c,0x0c,0x2a,0x10,0x10,0x17,0x09,
	0x09,0x00,0x00,0x00,0x00,0x00,0x00,0x00,0x00,0x00,0x00,0x00,0x00,0x00,0x00,0x00,
	0x00,0x00,0x00,0x00,0x00,0x00,0x00,0x00,0x00,0x00,0x00,0x00,0x6e,0x09,0x09,0x65,
	0x06,0x06,0x00,0x12,0x12,0x3b,0x1f,0x1f,0x34,0x19,0x19,0x34,0x1a,0x1a,0x34,0x1a,
	0x1a,0x34,0x1a,0x1a,0x34,0x1a,0x1a,0x34,0x1a,0x1a,0x34,0x1a,0x1a,0x34,0x1a,0x1a,
	0x34,0x1a,0x1a,0x34,0x1a,0x1a,0x34,0x1a,0x1a,0x34,0x1a,0x1a,0x34,0x1a,0x1a,0x34,
	0x1a,0x1a,0x37,0x1a,0x1a,0x22,0x1e,0x1e,0x00,0x0a,0x0a,0x81,0x08,0x08,0x3d,0x05,
	0x05,0x00,0x00,0x00,0x00,0x00,0x00,0x00,0x00,0x00,0x00,0x00,0x00,0x00,0x00,0x00,
	0x00,0x00,0x00,0x00,0x00,0x00,0x00,0x00,0x00,0x00,0x00,0x00,0x21,0x0e,0x0e,0x27,
	0x0c,0x0c,0x2b,0x11,0x11,0x37,0x1e,0x1e,0x33,0x19,0x19,0x34,0x1a,0x1a,0x34,0x1a,
	0x1a,0x34,0x1a,0x1a,0x34,0x1a,0x1a,0x34,0x1a,0x1a,0x34,0x1a,0x1a,0x34,0x1a,0x1a,
	0x34,0x1a,0x1a,0x34,0x1a,0x1a,0x34,0x1a,0x1a,0x34,0x1a,0x1a,0x34,0x1a,0x1a,0x34,
	0x1a,0x1a,0x37,0x1a,0x1a,0x22,0x1e,0x1e,0x00,0x0a,0x0a,0x81,0x08,0x08,0x3d,0x05,
	0x05,0x00,0x00,0x00,0x00,0x00,0x00,0x00,0x00,0x00,0x00,0x00,0x00,0x00,0x00,0x00,
	0x00,0x00,0x00,0x00,0x00,0x00,0x00,0x00,0x00,0x00,0x00,0x00,0x61,0x0b,0x0b,0x42,
	0x07,0x07,0x9a,0x0b,0x0b,0xff,0x1b,0x1b,0xf9,0x15,0x15,0xfd,0x16,0x16,0xfd,0x16,
	0x16,0xfd,0x16,0x16,0xfd,0x16,0x16,0xfd,0x16,0x16,0xfd,0x16,0x16,0xfd,0x16,0x16,
	0xfd,0x16,0x16,0xfd,0x16,0x16,0xfd,0x16,0x16,0xfd,0x16,0x16,0xfd,0x16,0x16,0xfc,
	0x16,0x16,0xff,0x17,0x17,0xff,0x17,0x17,0x4d,0x06,0x06,0x1d,0x0e,0x0e,0x1b,0x08,
	0x08,0x00,0x00,0x00,0x00,0x00,0x00,0x00,0x00,0x00,0x00,0x00,0x00,0x00,0x00,0x00,
	0x00,0x00,0x00,0x00,0x00,0x00,0x00,0x00,0x00,0x00,0x00,0x00,0x1f,0x0e,0x0e,0x08,
	0x0c,0x0c,0xbb,0x0a,0x0a,0xff,0x1a,0x1a,0xf9,0x15,0x15,0xfd,0x16,0x16,0xfd,0x16,
	0x16,0xfd,0x16,0x16,0xfd,0x16,0x16,0xfd,0x16,0x16,0xfd,0x16,0x16,0xfd,0x16,0x16,
	0xfd,0x16,0x16,0xfd,0x16,0x16,0xfd,0x16,0x16,0xfd,0x16,0x16,0xfd,0x16,0x16,0xfc,
	0x16,0x16,0xff,0x17,0x17,0xff,0x18,0x18,0x3a,0x05,0x05,0x6c,0x09,0x09,0x3d,0x05,
	0x05,0x00,0x00,0x00,0x00,0x00,0x00,0x00,0x00,0x00,0x00,0x00,0x00,0x00,0x00,0x00,
	0x00,0x00,0x00,0x00,0x00,0x00,0x00,0x00,0x00,0x00,0x00,0x00,0x2b,0x0d,0x0d,0x0e,
	0x09,0x09,0xa3,0x0b,0x0b,0xff,0x1a,0x1a,0xf9,0x15,0x15,0xfd,0x16,0x16,0xfd,0x16,
	0x16,0xfd,0x16,0x16,0xfd,0x16,0x16,0xfd,0x16,0x16,0xfd,0x16,0x16,0xfd,0x16,0x16,
	0xfd,0x16,0x16,0xfd,0x16,0x16,0xfd,0x16,0x16,0xfd,0x16,0x16,0xfd,0x16,0x16,0xfc,
	0x16,0x16,0xff,0x17,0x17,0xff,0x18,0x18,0x3a,0x05,0x05,0x6c,0x09,0x09,0x3d,0x05,
	0x05,0x00,0x00,0x00,0x00,0x00,0x00,0x00,0x00,0x00,0x00,0x00,0x00,0x00,0x00,0x00,
	0x00,0x00,0x00,0x00,0x00,0x00,0x00,0x00,0x00,0x00,0x00,0x00,0x2b,0x0d,0x0d,0x0e,
	0x09,0x09,0xa3,0x0b,0x0b,0xff,0x1a,0x1a,0xf9,0x15,0x15,0xfd,0x16,0x16,0xfd,0x16,
	0x16,0xfd,0x16,0x16,0xfd,0x16,0x16,0xfd,0x16,0x16,0xfd,0x16,0x16,0xfd,0x16,0x16,
	0xfd,0x16,0x16,0xfd,0x16,0x16,0xfd,0x16,0x16,0xfd,0x16,0x16,0xfd,0x16,0x16,0xfc,
	0x16,0x16,0xff,0x17,0x17,0xff,0x17,0x17,0x50,0x05,0x05,0x62,0x0c,0x0c,0x39,0x06,
	0x06,0x00,0x00,0x00,0x00,0x00,0x00,0x00,0x00,0x00,0x00,0x00,0x00,0x00,0x00,0x00,
	0x00,0x00,0x00,0x00,0x00,0x00,0x00,0x00,0x00,0x00,0x00,0x00,0x6d,0x0a,0x0a,0x47,
	0x05,0x05,0x81,0x0b,0x0b,0xff,0x1b,0x1b,0xf9,0x15,0x15,0xfd,0x16,0x16,0xfd,0x16,
	0x16,0xfd,0x16,0x16,0xfd,0x16,0x16,0xfd,0x16,0x16,0xfd,0x16,0x16,0xfd,0x16,0x16,
	0xfd,0x16,0x16,0xfd,0x16,0x16,0xfd,0x16,0x16,0xfd,0x16,0x16,0xfd,0x16,0x16,0xfc,
	0x16,0x16,0xff,0x17,0x17,0xff,0x17,0x17,0x50,0x05,0x05,0x62,0x0c,0x0c,0x39,0x06,
	0x06,0x00,0x00,0x00,0x00,0x00,0x00,0x00,0x00,0x00,0x00,0x00,0x00,0x00,0x00,0x00,
	0x00,0x00,0x00,0x00,0x00,0x00,0x00,0x00,0x00,0x00,0x00,0x00,0x21,0x0e,0x0e,0x27,
	0x0c,0x0c,0x2b,0x11,0x11,0x37,0x1e,0x1e,0x33,0x19,0x19,0x34,0x1a,0x1a,0x34,0x1a,
	0x1a,0x34,0x1a,0x1a,0x34,0x1a,0x1a,0x34,0x1a,0x1a,0x34,0x1a,0x1a,0x34,0x1a,0x1a,
	0x34,0x1a,0x1a,0x34,0x1a,0x1a,0x34,0x1a,0x1a,0x34,0x1a,0x1a,0x34,0x1a,0x1a,0x34,
	0x1a,0x1a,0x37,0x1a,0x1a,0x22,0x1e,0x1e,0x00,0x0a,0x0a,0x81,0x08,0x08,0x3d,0x05,
	0x05,0x00,0x00,0x00,0x00,0x00,0x00,0x00,0x00,0x00,0x00,0x00,0x00,0x00,0x00,0x00,
	0x00,0x00,0x00,0x00,0x00,0x00,0x00,0x00,0x00,0x00,0x00,0x00,0x6d,0x0a,0x0a,0x47,
	0x05,0x05,0x81,0x0b,0x0b,0xff,0x1b,0x1b,0xf9,0x15,0x15,0xfd,0x16,0x16,0xfd,0x16,
	0x16,0xfd,0x16,0x16,0xfd,0x16,0x16,0xfd,0x16,0x16,0xfd,0x16,0x16,0xfd,0x16,0x16,
	0xfd,0x16,0x16,0xfd,0x16,0x16,0xfd,0x16,0x16,0xfd,0x16,0x16,0xfd,0x16,0x16,0xfc,
	0x16,0x16,0xff,0x17,0x17,0xff,0x18,0x18,0x3a,0x05,0x05,0x6c,0x09,0x09,0x3d,0x05,
	0x05,0x00,0x00,0x00,0x00,0x00,0x00,0x00,0x00,0x00,0x00,0x00,0x00,0x00,0x00,0x00,
	0x00,0x00,0x00,0x00,0x00,0x00,0x00,0x00,0x00,0x00,0x00,0x00,0x2b,0x0d,0x0d,0x0e,
	0x09,0x09,0xa3,0x0b,0x0b,0xff,0x1a,0x1a,0xf9,0x15,0x15,0xfd,0x16,0x16,0xfd,0x16,
	0x16,0xfd,0x16,0x16,0xfd,0x16,0x16,0xfd,0x16,0x16,0xfd,0x16,0x16,0xfd,0x16,0x16,
	0xfd,0x16,0x16,0xfd,0x16,0x16,0xfd,0x16,0x16,0xfd,0x16,0x16,0xfd,0x16,0x16,0xfc,
	0x16,0x16,0xff,0x17,0x17,0xff,0x18,0x18,0x3a,0x05,0x05,0x6c,0x09,0x09,0x3d,0x05,
	0x05,0x00,0x00,0x00,0x00,0x00,0x00,0x00,0x00,0x00,0x00,0x00,0x00,0x00,0x00,0x00,
	0x00,0x00,0x00,0x00,0x00,0x00,0x00,0x00,0x00,0x00,0x00,0x00,0x6d,0x0a,0x0a,0x47,
	0x05,0x05,0x81,0x0b,0x0b,0xff,0x1b,0x1b,0xf9,0x15,0x15,0xfd,0x16,0x16,0xfd,0x16,
	0x16,0xfd,0x16,0x16,0xfd,0x16,0x16,0xfd,0x16,0x16,0xfd,0x16,0x16,0xfd,0x16,0x16,
	0xfd,0x16,0x16,0xfd,0x16,0x16,0xfd,0x16,0x16,0xfd,0x16,0x16,0xfd,0x16,0x16,0xfc,
	0x16,0x16,0xff,0x17,0x17,0xff,0x18,0x18,0x3a,0x05,0x05,0x6c,0x09,0x09,0x3d,0x05,
	0x05,0x00,0x00,0x00,0x00,0x00,0x00,0x00,0x00,0x00,0x00,0x00,0x00,0x00,0x00,0x01,
	0x00,0x00,0x00,0x00,0x00,0x00,0x00,0x00,0x00,0x00,0x00,0x00,0x27,0x14,0x14,0x3a,
	0x1c,0x1c,0x2a,0x0f,0x0f,0x2d,0x15,0x15,0x30,0x19,0x19,0x2f,0x18,0x18,0x2f,0x18,
	0x18,0x2f,0x18,0x18,0x2f,0x18,0x18,0x2f,0x18,0x18,0x2f,0x18,0x18,0x2f,0x18,0x18,
	0x2f,0x18,0x18,0x2f,0x18,0x18,0x2f,0x18,0x18,0x2f,0x18,0x18,0x2f,0x18,0x18,0x2f,
	0x18,0x18,0x30,0x18,0x18,0x29,0x10,0x10,0x2e,0x14,0x14,0x3d,0x1e,0x1e,0x17,0x0a,
	0x0a,0x00,0x00,0x00,0x00,0x00,0x00,0x00,0x00,0x00,0x00,0x00,0x00,0x00,0x00,0x00,
	0x00,0x00,0x00,0x00,0x00,0x00,0x00,0x00,0x00,0x00,0x00,0x00,0xba,0x10,0x10,0xff,
	0x17,0x17,0x49,0x0b,0x0b,0x11,0x15,0x15,0x2f,0x19,0x19,0x2f,0x18,0x18,0x2f,0x18,
	0x18,0x2f,0x18,0x18,0x2f,0x18,0x18,0x2f,0x18,0x18,0x2f,0x18,0x18,0x2f,0x18,0x18,
	0x2f,0x18,0x18,0x2f,0x18,0x18,0x2f,0x18,0x18,0x2f,0x18,0x18,0x2f,0x18,0x18,0x2f,
	0x18,0x18,0x2a,0x19,0x19,0x14,0x0e,0x0e,0xa5,0x0d,0x0d,0xff,0x19,0x19,0x55,0x07,
	0x07,0x00,0x00,0x00,0x00,0x00,0x00,0x00,0x00,0x00,0x00,0x00,0x00,0x00,0x00,0x00,
	0x00,0x00,0x00,0x00,0x00,0x00,0x00,0x00,0x00,0x00,0x00,0x00,0x27,0x14,0x14,0x3a,
	0x1c,0x1c,0x2a,0x0f,0x0f,0x2d,0x15,0x15,0x30,0x19,0x19,0x2f,0x18,0x18,0x2f,0x18,
	0x18,0x2f,0x18,0x18,0x2f,0x18,0x18,0x2f,0x18,0x18,0x2f,0x18,0x18,0x2f,0x18,0x18,
	0x2f,0x18,0x18,0x2f,0x18,0x18,0x2f,0x18,0x18,0x2f,0x18,0x18,0x2f,0x18,0x18,0x2f,
	0x18,0x18,0x2a,0x19,0x19,0x14,0x0e,0x0e,0xa5,0x0d,0x0d,0xff,0x19,0x19,0x55,0x07,
	0x07,0x00,0x00,0x00,0x00,0x00,0x00,0x00,0x00,0x00,0x00,0x00,0x00,0x00,0x00,0x00,
	0x00,0x00,0x00,0x00,0x00,0x00,0x00,0x00,0x00,0x00,0x00,0x00,0xc4,0x0f,0x0f,0xff,
	0x17,0x17,0x55,0x07,0x07,0xaa,0x0f,0x0f,0xe9,0x14,0x14,0xdb,0x13,0x13,0xdb,0x13,
	0x13,0xdb,0x13,0x13,0xdb,0x13,0x13,0xdb,0x13,0x13,0xdb,0x13,0x13,0xdb,0x13,0x13,
	0xdb,0x13,0x13,0xdb,0x13,0x13,0xdb,0x13,0x13,0xdb,0x13,0x13,0xdb,0x13,0x13,0xde,
	0x13,0x13,0xea,0x14,0x14,0x7d,0x0b,0x0b,0x19,0x13,0x13,0x2a,0x20,0x20,0x11,0x0a,
	0x0a,0x00,0x00,0x00,0x00,0x00,0x00,0x00,0x00,0x00,0x00,0x00,0x00,0x00,0x00,0x00,
	0x00,0x00,0x00,0x00,0x00,0x00,0x00,0x00,0x00,0x00,0x00,0x00,0x27,0x14,0x14,0x2c,
	0x1d,0x1d,0x37,0x0c,0x0c,0xc4,0x0e,0x0e,0xe9,0x14,0x14,0xdb,0x13,0x13,0xdb,0x13,
	0x13,0xdb,0x13,0x13,0xdb,0x13,0x13,0xdb,0x13,0x13,0xdb,0x13,0x13,0xdb,0x13,0x13,
	0xdb,0x13,0x13,0xdb,0x13,0x13,0xdb,0x13,0x13,0xdb,0x13,0x13,0xdb,0x13,0x13,0xde,
	0x13,0x13,0xe6,0x14,0x14,0x68,0x09,0x09,0x91,0x0d,0x0d,0xff,0x1a,0x1a,0x55,0x07,
	0x07,0x00,0x00,0x00,0x00,0x00,0x00,0x00,0x00,0x00,0x00,0x00,0x00,0x00,0x00,0x00,
	0x00,0x00,0x00,0x00,0x00,0x00,0x00,0x00,0x00,0x00,0x00,0x00,0x1d,0x15,0x15,0x1e,
	0x1e,0x1e,0x38,0x0c,0x0c,0xc4,0x0e,0x0e,0xe9,0x14,0x14,0xdb,0x13,0x13,0xdb,0x13,
	0x13,0xdb,0x13,0x13,0xdb,0x13,0x13,0xdb,0x13,0x13,0xdb,0x13,0x13,0xdb,0x13,0x13,
	0xdb,0x13,0x13,0xdb,0x13,0x13,0xdb,0x13,0x13,0xdb,0x13,0x13,0xdb,0x13,0x13,0xde,
	0x13,0x13,0xe6,0x14,0x14,0x68,0x09,0x09,0x91,0x0d,0x0d,0xff,0x1a,0x1a,0x55,0x07,
	0x07,0x00,0x00,0x00,0x00,0x00,0x00,0x00,0x00,0x00,0x00,0x00,0x00,0x00,0x00,0x00,
	0x00,0x00,0x00,0x00,0x00,0x00,0x00,0x00,0x00,0x00,0x00,0x00,0x1d,0x15,0x15,0x1e,
	0x1e,0x1e,0x38,0x0c,0x0c,0xc4,0x0e,0x0e,0xe9,0x14,0x14,0xdb,0x13,0x13,0xdb,0x13,
	0x13,0xdb,0x13,0x13,0xdb,0x13,0x13,0xdb,0x13,0x13,0xdb,0x13,0x13,0xdb,0x13,0x13,
	0xdb,0x13,0x13,0xdb,0x13,0x13,0xdb,0x13,0x13,0xdb,0x13,0x13,0xdb,0x13,0x13,0xde,
	0x13,0x13,0xe6,0x14,0x14,0x66,0x09,0x09,0x92,0x0c,0x0c,0xff,0x18,0x18,0x5b,0x07,
	0x07,0x00,0x00,0x00,0x00,0x00,0x00,0x00,0x00,0x00,0x00,0x00,0x00,0x00,0x00,0x00,
	0x00,0x00,0x00,0x00,0x00,0x00,0x00,0x00,0x00,0x00,0x00,0x00,0xba,0x10,0x10,0xf9,
	0x18,0x18,0x56,0x08,0x08,0xaa,0x0f,0x0f,0xe9,0x14,0x14,0xdb,0x13,0x13,0xdb,0x13,
	0x13,0xdb,0x13,0x13,0xdb,0x13,0x13,0xdb,0x13,0x13,0xdb,0x13,0x13,0xdb,0x13,0x13,
	0xdb,0x13,0x13,0xdb,0x13,0x13,0xdb,0x13,0x13,0xdb,0x13,0x13,0xdb,0x13,0x13,0xde,
	0x13,0x13,0xe6,0x14,0x14,0x66,0x09,0x09,0x92,0x0c,0x0c,0xff,0x18,0x18,0x5b,0x07,
	0x07,0x00,0x00,0x00,0x00,0x00,0x00,0x00,0x00,0x00,0x00,0x00,0x00,0x00,0x00,0x00,
	0x00,0x00,0x00,0x00,0x00,0x00,0x00,0x00,0x00,0x00,0x00,0x00,0x27,0x14,0x14,0x3a,
	0x1c,0x1c,0x2a,0x0f,0x0f,0x2d,0x15,0x15,0x30,0x19,0x19,0x2f,0x18,0x18,0x2f,0x18,
	0x18,0x2f,0x18,0x18,0x2f,0x18,0x18,0x2f,0x18,0x18,0x2f,0x18,0x18,0x2f,0x18,0x18,
	0x2f,0x18,0x18,0x2f,0x18,0x18,0x2f,0x18,0x18,0x2f,0x18,0x18,0x2f,0x18,0x18,0x2f,
	0x18,0x18,0x2a,0x19,0x19,0x14,0x0e,0x0e,0xa5,0x0d,0x0d,0xff,0x19,0x19,0x55,0x07,
	0x07,0x00,0x00,0x00,0x00,0x00,0x00,0x00,0x00,0x00,0x00,0x00,0x00,0x00,0x00,0x00,
	0x00,0x00,0x00,0x00,0x00,0x00,0x00,0x00,0x00,0x00,0x00,0x00,0xba,0x10,0x10,0xf9,
	0x18,0x18,0x56,0x08,0x08,0xaa,0x0f,0x0f,0xe9,0x14,0x14,0xdb,0x13,0x13,0xdb,0x13,
	0x13,0xdb,0x13,0x13,0xdb,0x13,0x13,0xdb,0x13,0x13,0xdb,0x13,0x13,0xdb,0x13,0x13,
	0xdb,0x13,0x13,0xdb,0x13,0x13,0xdb,0x13,0x13,0xdb,0x13,0x13,0xdb,0x13,0x13,0xde,
	0x13,0x13,0xe6,0x14,0x14,0x68,0x09,0x09,0x91,0x0d,0x0d,0xff,0x1a,0x1a,0x55,0x07,
	0x07,0x00,0x00,0x00,0x00,0x00,0x00,0x00,0x00,0x00,0x00,0x00,0x00,0x00,0x00,0x00,
	0x00,0x00,0x00,0x00,0x00,0x00,0x00,0x00,0x00,0x00,0x00,0x00,0x1d,0x15,0x15,0x1e,
	0x1e,0x1e,0x38,0x0c,0x0c,0xc4,0x0e,0x0e,0xe9,0x14,0x14,0xdb,0x13,0x13,0xdb,0x13,
	0x13,0xdb,0x13,0x13,0xdb,0x13,0x13,0xdb,0x13,0x13,0xdb,0x13,0x13,0xdb,0x13,0x13,
	0xdb,0x13,0x13,0xdb,0x13,0x13,0xdb,0x13,0x13,0xdb,0x13,0x13,0xdb,0x13,0x13,0xde,
	0x13,0x13,0xe6,0x14,0x14,0x68,0x09,0x09,0x91,0x0d,0x0d,0xff,0x1a,0x1a,0x55,0x07,
	0x07,0x00,0x00,0x00,0x00,0x00,0x00,0x00,0x00,0x00,0x00,0x00,0x00,0x00,0x00,0x00,
	0x00,0x00,0x00,0x00,0x00,0x00,0x00,0x00,0x00,0x00,0x00,0x00,0xba,0x10,0x10,0xf9,
	0x18,0x18,0x56,0x08,0x08,0xaa,0x0f,0x0f,0xe9,0x14,0x14,0xdb,0x13,0x13,0xdb,0x13,
	0x13,0xdb,0x13,0x13,0xdb,0x13,0x13,0xdb,0x13,0x13,0xdb,0x13,0x13,0xdb,0x13,0x13,
	0xdb,0x13,0x13,0xdb,0x13,0x13,0xdb,0x13,0x13,0xdb,0x13,0x13,0xdb,0x13,0x13,0xde,
	0x13,0x13,0xe6,0x14,0x14,0x68,0x09,0x09,0x91,0x0d,0x0d,0xff,0x1a,0x1a,0x55,0x07,
	0x07,0x00,0x00,0x00,0x00,0x00,0x00,0x00,0x00,0x00,0x00,0x00,0x00,0x00,0x00,0x01,
	0x00,0x00,0x00,0x00,0x00,0x00,0x00,0x00,0x00,0x00,0x00,0x00,0x27,0x13,0x13,0x38,
	0x1d,0x1d,0x35,0x1a,0x1a,0x11,0x07,0x07,0x05,0x03,0x03,0x05,0x03,0x03,0x05,0x03,
	0x03,0x05,0x03,0x03,0x05,0x03,0x03,0x05,0x03,0x03,0x05,0x03,0x03,0x05,0x03,0x03,
	0x05,0x03,0x03,0x05,0x03,0x03,0x05,0x03,0x03,0x05,0x03,0x03,0x05,0x03,0x03,0x05,
	0x03,0x03,0x04,0x01,0x01,0x27,0x11,0x11,0x37,0x1d,0x1d,0x35,0x1b,0x1b,0x0f,0x08,
	0x08,0x00,0x00,0x00,0x00,0x00,0x00,0x00,0x00,0x00,0x00,0x00,0x00,0x00,0x00,0x00,
	0x00,0x00,0x00,0x00,0x00,0x00,0x00,0x00,0x00,0x00,0x00,0x00,0xab,0x0f,0x0f,0xff,
	0x19,0x19,0xf9,0x14,0x14,0x21,0x04,0x04,0x04,0x03,0x03,0x05,0x03,0x03,0x05,0x03,
	0x03,0x05,0x03,0x03,0x05,0x03,0x03,0x05,0x03,0x03,0x05,0x03,0x03,0x05,0x03,0x03,
	0x05,0x03,0x03,0x05,0x03,0x03,0x05,0x03,0x03,0x05,0x03,0x03,0x05,0x03,0x03,0x05,
	0x03,0x03,0x00,0x02,0x02,0x9a,0x0c,0x0c,0xff,0x18,0x18,0xff,0x17,0x17,0x39,0x05,
	0x05,0x00,0x00,0x00,0x00,0x00,0x00,0x00,0x00,0x00,0x00,0x00,0x00,0x00,0x00,0x00,
	0x00,0x00,0x00,0x00,0x00,0x00,0x00,0x00,0x00,0x00,0x00,0x00,0x27,0x13,0x13,0x38,
	0x1d,0x1d,0x35,0x1a,0x1a,0x11,0x07,0x07,0x05,0x03,0x03,0x05,0x03,0x03,0x05,0x03,
	0x03,0x05,0x03,0x03,0x05,0x03,0x03,0x05,0x03,0x03,0x05,0x03,0x03,0x05,0x03,0x03,
	0x05,0x03,0x03,0x05,0x03,0x03,0x05,0x03,0x03,0x05,0x03,0x03,0x05,0x03,0x03,0x05,
	0x03,0x03,0x00,0x02,0x02,0x9a,0x0c,0x0c,0xff,0x18,0x18,0xff,0x17,0x17,0x39,0x05,
	0x05,0x00,0x00,0x00,0x00,0x00,0x00,0x00,0x00,0x00,0x00,0x00,0x00,0x00,0x00,0x00,
	0x00,0x00,0x00,0x00,0x00,0x00,0x00,0x00,0x00,0x00,0x00,0x00,0xab,0x0f,0x0f,0xff,
	0x1a,0x1a,0xe7,0x14,0x14,0x18,0x02,0x02,0x11,0x02,0x02,0x0c,0x01,0x01,0x0c,0x01,
	0x01,0x0c,0x01,0x01,0x0c,0x01,0x01,0x0c,0x01,0x01,0x0c,0x01,0x01,0x0c,0x01,0x01,
	0x0c,0x01,0x01,0x0c,0x01,0x01,0x0c,0x01,0x01,0x0c,0x01,0x01,0x0c,0x01,0x01,0x0e,
	0x01,0x01,0x0a,0x00,0x00,0x0f,0x11,0x11,0x32,0x1d,0x1d,0x38,0x1b,0x1b,0x0f,0x08,
	0x08,0x00,0x00,0x00,0x00,0x00,0x00,0x00,0x00,0x00,0x00,0x00,0x00,0x00,0x00,0x00,
	0x00,0x00,0x00,0x00,0x00,0x00,0x00,0x00,0x00,0x00,0x00,0x00,0x28,0x13,0x13,0x3c,
	0x1d,0x1d,0x22,0x1a,0x1a,0x05,0x05,0x05,0x11,0x02,0x02,0x0c,0x01,0x01,0x0c,0x01,
	0x01,0x0c,0x01,0x01,0x0c,0x01,0x01,0x0c,0x01,0x01,0x0c,0x01,0x01,0x0c,0x01,0x01,
	0x0c,0x01,0x01,0x0c,0x01,0x01,0x0c,0x01,0x01,0x0c,0x01,0x01,0x0c,0x01,0x01,0x0e,
	0x01,0x01,0x07,0x01,0x01,0x82,0x0b,0x0b,0xff,0x19,0x19,0xff,0x17,0x17,0x39,0x05,
	0x05,0x00,0x00,0x00,0x00,0x00,0x00,0x00,0x00,0x00,0x00,0x00,0x00,0x00,0x00,0x00,
	0x00,0x00,0x00,0x00,0x00,0x00,0x00,0x00,0x00,0x00,0x00,0x00,0x28,0x13,0x13,0x3c,
	0x1d,0x1d,0x22,0x1a,0x1a,0x05,0x05,0x05,0x11,0x02,0x02,0x0c,0x01,0x01,0x0c,0x01,
	0x01,0x0c,0x01,0x01,0x0c,0x01,0x01,0x0c,0x01,0x01,0x0c,0x01,0x01,0x0c,0x01,0x01,
	0x0c,0x01,0x01,0x0c,0x01,0x01,0x0c,0x01,0x01,0x0c,0x01,0x01,0x0c,0x01,0x01,0x0e,
	0x01,0x01,0x07,0x01,0x01,0x82,0x0b,0x0b,0xff,0x19,0x19,0xff,0x17,0x17,0x39,0x05,
	0x05,0x00,0x00,0x00,0x00,0x00,0x00,0x00,0x00,0x00,0x00,0x00,0x00,0x00,0x00,0x00,
	0x00,0x00,0x00,0x00,0x00,0x00,0x00,0x00,0x00,0x00,0x00,0x00,0x28,0x13,0x13,0x3c,
	0x1d,0x1d,0x22,0x1a,0x1a,0x05,0x05,0x05,0x11,0x02,0x02,0x0c,0x01,0x01,0x0c,0x01,
	0x01,0x0c,0x01,0x01,0x0c,0x01,0x01,0x0c,0x01,0x01,0x0c,0x01,0x01,0x0c,0x01,0x01,
	0x0c,0x01,0x01,0x0c,0x01,0x01,0x0c,0x01,0x01,0x0c,0x01,0x01,0x0c,0x01,0x01,0x0e,
	0x01,0x01,0x07,0x01,0x01,0x82,0x0b,0x0b,0xff,0x19,0x19,0xff,0x17,0x17,0x39,0x05,
	0x05,0x00,0x00,0x00,0x00,0x00,0x00,0x00,0x00,0x00,0x00,0x00,0x00,0x00,0x00,0x00,
	0x00,0x00,0x00,0x00,0x00,0x00,0x00,0x00,0x00,0x00,0x00,0x00,0xab,0x0f,0x0f,0xff,
	0x1a,0x1a,0xe7,0x14,0x14,0x18,0x02,0x02,0x11,0x02,0x02,0x0c,0x01,0x01,0x0c,0x01,
	0x01,0x0c,0x01,0x01,0x0c,0x01,0x01,0x0c,0x01,0x01,0x0c,0x01,0x01,0x0c,0x01,0x01,
	0x0c,0x01,0x01,0x0c,0x01,0x01,0x0c,0x01,0x01,0x0c,0x01,0x01,0x0c,0x01,0x01,0x0e,
	0x01,0x01,0x07,0x01,0x01,0x82,0x0b,0x0b,0xff,0x19,0x19,0xff,0x17,0x17,0x39,0x05,
	0x05,0x00,0x00,0x00,0x00,0x00,0x00,0x00,0x00,0x00,0x00,0x00,0x00,0x00,0x00,0x00,
	0x00,0x00,0x00,0x00,0x00,0x00,0x00,0x00,0x00,0x00,0x00,0x00,0x27,0x13,0x13,0x38,
	0x1d,0x1d,0x35,0x1a,0x1a,0x11,0x07,0x07,0x05,0x03,0x03,0x05,0x03,0x03,0x05,0x03,
	0x03,0x05,0x03,0x03,0x05,0x03,0x03,0x05,0x03,0x03,0x05,0x03,0x03,0x05,0x03,0x03,
	0x05,0x03,0x03,0x05,0x03,0x03,0x05,0x03,0x03,0x05,0x03,0x03,0x05,0x03,0x03,0x05,
	0x03,0x03,0x00,0x02,0x02,0x9a,0x0c,0x0c,0xff,0x18,0x18,0xff,0x17,0x17,0x39,0x05,
	0x05,0x00,0x00,0x00,0x00,0x00,0x00,0x00,0x00,0x00,0x00,0x00,0x00,0x00,0x00,0x00,
	0x00,0x00,0x00,0x00,0x00,0x00,0x00,0x00,0x00,0x00,0x00,0x00,0xab,0x0f,0x0f,0xff,
	0x1a,0x1a,0xe7,0x14,0x14,0x18,0x02,0x02,0x11,0x02,0x02,0x0c,0x01,0x01,0x0c,0x01,
	0x01,0x0c,0x01,0x01,0x0c,0x01,0x01,0x0c,0x01,0x01,0x0c,0x01,0x01,0x0c,0x01,0x01,
	0x0c,0x01,0x01,0x0c,0x01,0x01,0x0c,0x01,0x01,0x0c,0x01,0x01,0x0c,0x01,0x01,0x0e,
	0x01,0x01,0x07,0x01,0x01,0x82,0x0b,0x0b,0xff,0x19,0x19,0xff,0x17,0x17,0x39,0x05,
	0x05,0x00,0x00,0x00,0x00,0x00,0x00,0x00,0x00,0x00,0x00,0x00,0x00,0x00,0x00,0x00,
	0x00,0x00,0x00,0x00,0x00,0x00,0x00,0x00,0x00,0x00,0x00,0x00,0x28,0x13,0x13,0x3c,
	0x1d,0x1d,0x22,0x1a,0x1a,0x05,0x05,0x05,0x11,0x02,0x02,0x0c,0x01,0x01,0x0c,0x01,
	0x01,0x0c,0x01,0x01,0x0c,0x01,0x01,0x0c,0x01,0x01,0x0c,0x01,0x01,0x0c,0x01,0x01,
	0x0c,0x01,0x01,0x0c,0x01,0x01,0x0c,0x01,0x01,0x0c,0x01,0x01,0x0c,0x01,0x01,0x0e,
	0x01,0x01,0x07,0x01,0x01,0x82,0x0b,0x0b,0xff,0x19,0x19,0xff,0x17,0x17,0x39,0x05,
	0x05,0x00,0x00,0x00,0x00,0x00,0x00,0x00,0x00,0x00,0x00,0x00,0x00,0x00,0x00,0x00,
	0x00,0x00,0x00,0x00,0x00,0x00,0x00,0x00,0x00,0x00,0x00,0x00,0xab,0x0f,0x0f,0xff,
	0x1a,0x1a,0xe7,0x14,0x14,0x18,0x02,0x02,0x11,0x02,0x02,0x0c,0x01,0x01,0x0c,0x01,
	0x01,0x0c,0x01,0x01,0x0c,0x01,0x01,0x0c,0x01,0x01,0x0c,0x01,0x01,0x0c,0x01,0x01,
	0x0c,0x01,0x01,0x0c,0x01,0x01,0x0c,0x01,0x01,0x0c,0x01,0x01,0x0c,0x01,0x01,0x0e,
	0x01,0x01,0x07,0x01,0x01,0x82,0x0b,0x0b,0xff,0x19,0x19,0xff,0x17,0x17,0x39,0x05,
	0x05,0x00,0x00,0x00,0x00,0x00,0x00,0x00,0x00,0x00,0x00,0x00,0x00,0x00,0x00,0x01,
	0x00,0x00,0x00,0x00,0x00,0x00,0x00,0x00,0x00,0x04,0x00,0x00,0x30,0x15,0x15,0x32,
	0x1b,0x1b,0x39,0x1c,0x1c,0x0e,0x06,0x06,0x00,0x00,0x00,0x00,0x00,0x00,0x00,0x00,
	0x00,0x00,0x00,0x00,0x00,0x00,0x00,0x00,0x00,0x00,0x00,0x00,0x00,0x00,0x00,0x00,
	0x00,0x00,0x00,0x00,0x00,0x00,0x00,0x00,0x00,0x00,0x00,0x00,0x00,0x00,0x00,0x00,
	0x00,0x00,0x00,0x00,0x00,0x30,0x15,0x15,0x33,0x1b,0x1b,0x38,0x1a,0x1a,0x10,0x07,
	0x07,0x00,0x00,0x00,0x00,0x00,0x00,0x00,0x00,0x00,0x00,0x00,0x00,0x00,0x00,0x00,
	0x00,0x00,0x00,0x00,0x00,0x00,0x00,0x00,0x00,0x00,0x00,0x00,0xbf,0x11,0x11,0xff,
	0x17,0x17,0xff,0x17,0x17,0x3a,0x04,0x04,0x00,0x00,0x00,0x00,0x00,0x00,0x00,0x00,
	0x00,0x00,0x00,0x00,0x00,0x00,0x00,0x00,0x00,0x00,0x00,0x00,0x00,0x00,0x00,0x00,
	0x00,0x00,0x00,0x00,0x00,0x00,0x00,0x00,0x00,0x00,0x00,0x00,0x00,0x00,0x00,0x00,
	0x00,0x00,0x00,0x00,0x00,0xce,0x11,0x11,0xff,0x17,0x17,0xf8,0x16,0x16,0x30,0x04,
	0x04,0x00,0x00,0x00,0x00,0x00,0x00,0x00,0x00,0x00,0x00,0x00,0x00,0x00,0x00,0x00,
	0x00,0x00,0x00,0x00,0x00,0x00,0x00,0x00,0x00,0x04,0x00,0x00,0x30,0x15,0x15,0x32,
	0x1b,0x1b,0x39,0x1c,0x1c,0x0e,0x06,0x06,0x00,0x00,0x00,0x00,0x00,0x00,0x00,0x00,
	0x00,0x00,0x00,0x00,0x00,0x00,0x00,0x00,0x00,0x00,0x00,0x00,0x00,0x00,0x00,0x00,
	0x00,0x00,0x00,0x00,0x00,0x00,0x00,0x00,0x00,0x00,0x00,0x00,0x00,0x00,0x00,0x00,
	0x00,0x00,0x00,0x00,0x00,0xce,0x11,0x11,0xff,0x17,0x17,0xf8,0x16,0x16,0x30,0x04,
	0x04,0x00,0x00,0x00,0x00,0x00,0x00,0x00,0x00,0x00,0x00,0x00,0x00,0x00,0x00,0x00,
	0x00,0x00,0x00,0x00,0x00,0x00,0x00,0x00,0x00,0x00,0x00,0x00,0xbf,0x11,0x11,0xff,
	0x17,0x17,0xff,0x17,0x17,0x31,0x04,0x04,0x00,0x00,0x00,0x00,0x00,0x00,0x00,0x00,
	0x00,0x00,0x00,0x00,0x00,0x00,0x00,0x00,0x00,0x00,0x00,0x00,0x00,0x00,0x00,0x00,
	0x00,0x00,0x00,0x00,0x00,0x00,0x00,0x00,0x00,0x00,0x00,0x00,0x00,0x00,0x00,0x00,
	0x00,0x00,0x00,0x00,0x00,0x2f,0x16,0x16,0x35,0x1b,0x1b,0x38,0x1a,0x1a,0x10,0x07,
	0x07,0x00,0x00,0x00,0x00,0x00,0x00,0x00,0x00,0x00,0x00,0x00,0x00,0x00,0x00,0x00,
	0x00,0x00,0x00,0x00,0x00,0x00,0x00,0x00,0x00,0x04,0x00,0x00,0x30,0x15,0x15,0x33,
	0x1b,0x1b,0x3b,0x1c,0x1c,0x06,0x07,0x07,0x00,0x00,0x00,0x00,0x00,0x00,0x00,0x00,
	0x00,0x00,0x00,0x00,0x00,0x00,0x00,0x00,0x00,0x00,0x00,0x00,0x00,0x00,0x00,0x00,
	0x00,0x00,0x00,0x00,0x00,0x00,0x00,0x00,0x00,0x00,0x00,0x00,0x00,0x00,0x00,0x00,
	0x00,0x00,0x00,0x00,0x00,0xcc,0x12,0x12,0xff,0x17,0x17,0xf8,0x16,0x16,0x30,0x04,
	0x04,0x00,0x00,0x00,0x00,0x00,0x00,0x00,0x00,0x00,0x00,0x00,0x00,0x00,0x00,0x00,
	0x00,0x00,0x00,0x00,0x00,0x00,0x00,0x00,0x00,0x04,0x00,0x00,0x30,0x15,0x15,0x33,
	0x1b,0x1b,0x3b,0x1c,0x1c,0x06,0x07,0x07,0x00,0x00,0x00,0x00,0x00,0x00,0x00,0x00,
	0x00,0x00,0x00,0x00,0x00,0x00,0x00,0x00,0x00,0x00,0x00,0x00,0x00,0x00,0x00,0x00,
	0x00,0x00,0x00,0x00,0x00,0x00,0x00,0x00,0x00,0x00,0x00,0x00,0x00,0x00,0x00,0x00,
	0x00,0x00,0x00,0x00,0x00,0xcc,0x12,0x12,0xff,0x17,0x17,0xf8,0x16,0x16,0x30,0x04,
	0x04,0x00,0x00,0x00,0x00,0x00,0x00,0x00,0x00,0x00,0x00,0x00,0x00,0x00,0x00,0x00,
	0x00,0x00,0x00,0x00,0x00,0x00,0x00,0x00,0x00,0x04,0x00,0x00,0x30,0x15,0x15,0x33,
	0x1b,0x1b,0x3b,0x1c,0x1c,0x06,0x07,0x07,0x00,0x00,0x00,0x00,0x00,0x00,0x00,0x00,
	0x00,0x00,0x00,0x00,0x00,0x00,0x00,0x00,0x00,0x00,0x00,0x00,0x00,0x00,0x00,0x00,
	0x00,0x00,0x00,0x00,0x00,0x00,0x00,0x00,0x00,0x00,0x00,0x00,0x00,0x00,0x00,0x00,
	0x00,0x00,0x00,0x00,0x00,0xcc,0x12,0x12,0xff,0x17,0x17,0xf8,0x16,0x16,0x30,0x04,
	0x04,0x00,0x00,0x00,0x00,0x00,0x00,0x00,0x00,0x00,0x00,0x00,0x00,0x00,0x00,0x00,
	0x00,0x00,0x00,0x00,0x00,0x00,0x00,0x00,0x00,0x00,0x00,0x00,0xbf,0x11,0x11,0xff,
	0x17,0x17,0xff,0x17,0x17,0x31,0x04,0x04,0x00,0x00,0x00,0x00,0x00,0x00,0x00,0x00,
	0x00,0x00,0x00,0x00,0x00,0x00,0x00,0x00,0x00,0x00,0x00,0x00,0x00,0x00,0x00,0x00,
	0x00,0x00,0x00,0x00,0x00,0x00,0x00,0x00,0x00,0x00,0x00,0x00,0x00,0x00,0x00,0x00,
	0x00,0x00,0x00,0x00,0x00,0xcc,0x12,0x12,0xff,0x17,0x17,0xf8,0x16,0x16,0x30,0x04,
	0x04,0x00,0x00,0x00,0x00,0x00,0x00,0x00,0x00,0x00,0x00,0x00,0x00,0x00,0x00,0x00,
	0x00,0x00,0x00,0x00,0x00,0x00,0x00,0x00,0x00,0x04,0x00,0x00,0x30,0x15,0x15,0x32,
	0x1b,0x1b,0x39,0x1c,0x1c,0x0e,0x06,0x06,0x00,0x00,0x00,0x00,0x00,0x00,0x00,0x00,
	0x00,0x00,0x00,0x00,0x00,0x00,0x00,0x00,0x00,0x00,0x00,0x00,0x00,0x00,0x00,0x00,
	0x00,0x00,0x00,0x00,0x00,0x00,0x00,0x00,0x00,0x00,0x00,0x00,0x00,0x00,0x00,0x00,
	0x00,0x00,0x00,0x00,0x00,0xce,0x11,0x11,0xff,0x17,0x17,0xf8,0x16,0x16,0x30,0x04,
	0x04,0x00,0x00,0x00,0x00,0x00,0x00,0x00,0x00,0x00,0x00,0x00,0x00,0x00,0x00,0x00,
	0x00,0x00,0x00,0x00,0x00,0x00,0x00,0x00,0x00,0x00,0x00,0x00,0xbf,0x11,0x11,0xff,
	0x17,0x17,0xff,0x17,0x17,0x31,0x04,0x04,0x00,0x00,0x00,0x00,0x00,0x00,0x00,0x00,
	0x00,0x00,0x00,0x00,0x00,0x00,0x00,0x00,0x00,0x00,0x00,0x00,0x00,0x00,0x00,0x00,
	0x00,0x00,0x00,0x00,0x00,0x00,0x00,0x00,0x00,0x00,0x00,0x00,0x00,0x00,0x00,0x00,
	0x00,0x00,0x00,0x00,0x00,0xcc,0x12,0x12,0xff,0x17,0x17,0xf8,0x16,0x16,0x30,0x04,
	0x04,0x00,0x00,0x00,0x00,0x00,0x00,0x00,0x00,0x00,0x00,0x00,0x00,0x00,0x00,0x00,
	0x00,0x00,0x00,0x00,0x00,0x00,0x00,0x00,0x00,0x04,0x00,0x00,0x30,0x15,0x15,0x33,
	0x1b,0x1b,0x3b,0x1c,0x1c,0x06,0x07,0x07,0x00,0x00,0x00,0x00,0x00,0x00,0x00,0x00,
	0x00,0x00,0x00,0x00,0x00,0x00,0x00,0x00,0x00,0x00,0x00,0x00,0x00,0x00,0x00,0x00,
	0x00,0x00,0x00,0x00,0x00,0x00,0x00,0x00,0x00,0x00,0x00,0x00,0x00,0x00,0x00,0x00,
	0x00,0x00,0x00,0x00,0x00,0xcc,0x12,0x12,0xff,0x17,0x17,0xf8,0x16,0x16,0x30,0x04,
	0x04,0x00,0x00,0x00,0x00,0x00,0x00,0x00,0x00,0x00,0x00,0x00,0x00,0x00,0x00,0x00,
	0x00,0x00,0x00,0x00,0x00,0x00,0x00,0x00,0x00,0x00,0x00,0x00,0xbf,0x11,0x11,0xff,
	0x17,0x17,0xff,0x17,0x17,0x31,0x04,0x04,0x00,0x00,0x00,0x00,0x00,0x00,0x00,0x00,
	0x00,0x00,0x00,0x00,0x00,0x00,0x00,0x00,0x00,0x00,0x00,0x00,0x00,0x00,0x00,0x00,
	0x00,0x00,0x00,0x00,0x00,0x00,0x00,0x00,0x00,0x00,0x00,0x00,0x00,0x00,0x00,0x00,
	0x00,0x00,0x00,0x00,0x00,0xcc,0x12,0x12,0xff,0x17,0x17,0xf8,0x16,0x16,0x30,0x04,
	0x04,0x00,0x00,0x00,0x00,0x00,0x00,0x00,0x00,0x00,0x00,0x00,0x00,0x00,0x00,0x01,
	0x00,0x00,0x00,0x00,0x00,0x00,0x00,0x00,0x00,0x06,0x01,0x01,0x32,0x16,0x16,0x32,
	0x1b,0x1b,0x39,0x1a,0x1a,0x11,0x05,0x05,0x00,0x00,0x00,0x00,0x00,0x00,0x00,0x00,
	0x00,0x00,0x00,0x00,0x00,0x00,0x00,0x00,0x00,0x00,0x00,0x00,0x00,0x00,0x00,0x00,
	0x00,0x00,0x00,0x00,0x00,0x00,0x00,0x00,0x00,0x00,0x00,0x00,0x00,0x00,0x00,0x00,
	0x00,0x00,0x06,0x01,0x01,0x32,0x16,0x16,0x32,0x1b,0x1b,0x39,0x1a,0x1a,0x11,0x05,
	0x05,0x00,0x00,0x00,0x00,0x00,0x00,0x00,0x00,0x00,0x00,0x00,0x00,0x00,0x00,0x00,
	0x00,0x00,0x00,0x00,0x00,0x00,0x00,0x00,0x00,0x00,0x00,0x00,0xcb,0x12,0x12,0xff,
	0x17,0x17,0xf0,0x15,0x15,0x25,0x03,0x03,0x00,0x00,0x00,0x00,0x00,0x00,0x00,0x00,
	0x00,0x00,0x00,0x00,0x00,0x00,0x00,0x00,0x00,0x00,0x00,0x00,0x00,0x00,0x00,0x00,
	0x00,0x00,0x00,0x00,0x00,0x00,0x00,0x00,0x00,0x00,0x00,0x00,0x00,0x00,0x00,0x00,
	0x00,0x00,0x00,0x00,0x00,0xcb,0x12,0x12,0xff,0x17,0x17,0xf0,0x15,0x15,0x25,0x03,
	0x03,0x00,0x00,0x00,0x00,0x00,0x00,0x00,0x00,0x00,0x00,0x00,0x00,0x00,0x00,0x00,
	0x00,0x00,0x00,0x00,0x00,0x00,0x00,0x00,0x00,0x06,0x01,0x01,0x32,0x16,0x16,0x32,
	0x1b,0x1b,0x39,0x1a,0x1a,0x11,0x05,0x05,0x00,0x00,0x00,0x00,0x00,0x00,0x00,0x00,
	0x00,0x00,0x00,0x00,0x00,0x00,0x00,0x00,0x00,0x00,0x00,0x00,0x00,0x00,0x00,0x00,
	0x00,0x00,0x00,0x00,0x00,0x00,0x00,0x00,0x00,0x00,0x00,0x00,0x00,0x00,0x00,0x00,
	0x00,0x00,0x00,0x00,0x00,0xcb,0x12,0x12,0xff,0x17,0x17,0xf0,0x15,0x15,0x25,0x03,
	0x03,0x00,0x00,0x00,0x00,0x00,0x00,0x00,0x00,0x00,0x00,0x00,0x00,0x00,0x00,0x00,
	0x00,0x00,0x00,0x00,0x00,0x00,0x00,0x00,0x00,0x00,0x00,0x00,0xcb,0x12,0x12,0xff,
	0x17,0x17,0xf0,0x15,0x15,0x25,0x03,0x03,0x00,0x00,0x00,0x00,0x00,0x00,0x00,0x00,
	0x00,0x00,0x00,0x00,0x00,0x00,0x00,0x00,0x00,0x00,0x00,0x00,0x00,0x00,0x00,0x00,
	0x00,0x00,0x00,0x00,0x00,0x00,0x00,0x00,0x00,0x00,0x00,0x00,0x00,0x00,0x00,0x00,
	0x00,0x00,0x06,0x01,0x01,0x32,0x16,0x16,0x32,0x1b,0x1b,0x39,0x1a,0x1a,0x11,0x05,
	0x05,0x00,0x00,0x00,0x00,0x00,0x00,0x00,0x00,0x00,0x00,0x00,0x00,0x00,0x00,0x00,
	0x00,0x00,0x00,0x00,0x00,0x00,0x00,0x00,0x00,0x06,0x01,0x01,0x32,0x16,0x16,0x32,
	0x1b,0x1b,0x39,0x1a,0x1a,0x11,0x05,0x05,0x00,0x00,0x00,0x00,0x00,0x00,0x00,0x00,
	0x00,0x00,0x00,0x00,0x00,0x00,0x00,0x00,0x00,0x00,0x00,0x00,0x00,0x00,0x00,0x00,
	0x00,0x00,0x00,0x00,0x00,0x00,0x00,0x00,0x00,0x00,0x00,0x00,0x00,0x00,0x00,0x00,
	0x00,0x00,0x00,0x00,0x00,0xcb,0x12,0x12,0xff,0x17,0x17,0xf0,0x15,0x15,0x25,0x03,
	0x03,0x00,0x00,0x00,0x00,0x00,0x00,0x00,0x00,0x00,0x00,0x00,0x00,0x00,0x00,0x00,
	0x00,0x00,0x00,0x00,0x00,0x00,0x00,0x00,0x00,0x06,0x01,0x01,0x32,0x16,0x16,0x32,
	0x1b,0x1b,0x39,0x1a,0x1a,0x11,0x05,0x05,0x00,0x00,0x00,0x00,0x00,0x00,0x00,0x00,
	0x00,0x00,0x00,0x00,0x00,0x00,0x00,0x00,0x00,0x00,0x00,0x00,0x00,0x00,0x00,0x00,
	0x00,0x00,0x00,0x00,0x00,0x00,0x00,0x00,0x00,0x00,0x00,0x00,0x00,0x00,0x00,0x00,
	0x00,0x00,0x00,0x00,0x00,0xcb,0x12,0x12,0xff,0x17,0x17,0xf0,0x15,0x15,0x25,0x03,
	0x03,0x00,0x00,0x00,0x00,0x00,0x00,0x00,0x00,0x00,0x00,0x00,0x00,0x00,0x00,0x00,
	0x00,0x00,0x00,0x00,0x00,0x00,0x00,0x00,0x00,0x06,0x01,0x01,0x32,0x16,0x16,0x32,
	0x1b,0x1b,0x39,0x1a,0x1a,0x11,0x05,0x05,0x00,0x00,0x00,0x00,0x00,0x00,0x00,0x00,
	0x00,0x00,0x00,0x00,0x00,0x00,0x00,0x00,0x00,0x00,0x00,0x00,0x00,0x00,0x00,0x00,
	0x00,0x00,0x00,0x00,0x00,0x00,0x00,0x00,0x00,0x00,0x00,0x00,0x00,0x00,0x00,0x00,
	0x00,0x00,0x00,0x00,0x00,0xcb,0x12,0x12,0xff,0x17,0x17,0xf0,0x15,0x15,0x25,0x03,
	0x03,0x00,0x00,0x00,0x00,0x00,0x00,0x00,0x00,0x00,0x00,0x00,0x00,0x00,0x00,0x00,
	0x00,0x00,0x00,0x00,0x00,0x00,0x00,0x00,0x00,0x00,0x00,0x00,0xcb,0x12,0x12,0xff,
	0x17,0x17,0xf0,0x15,0x15,0x25,0x03,0x03,0x00,0x00,0x00,0x00,0x00,0x00,0x00,0x00,
	0x00,0x00,0x00,0x00,0x00,0x00,0x00,0x00,0x00,0x00,0x00,0x00,0x00,0x00,0x00,0x00,
	0x00,0x00,0x00,0x00,0x00,0x00,0x00,0x00,0x00,0x00,0x00,0x00,0x00,0x00,0x00,0x00,
	0x00,0x00,0x00,0x00,0x00,0xcb,0x12,0x12,0xff,0x17,0x17,0xf0,0x15,0x15,0x25,0x03,
	0x03,0x00,0x00,0x00,0x00,0x00,0x00,0x00,0x00,0x00,0x00,0x00,0x00,0x00,0x00,0x00,
	0x00,0x00,0x00,0x00,0x00,0x00,0x00,0x00,0x00,0x06,0x01,0x01,0x32,0x16,0x16,0x32,
	0x1b,0x1b,0x39,0x1a,0x1a,0x11,0x05,0x05,0x00,0x00,0x00,0x00,0x00,0x00,0x00,0x00,
	0x00,0x00,0x00,0x00,0x00,0x00,0x00,0x00,0x00,0x00,0x00,0x00,0x00,0x00,0x00,0x00,
	0x00,0x00,0x00,0x00,0x00,0x00,0x00,0x00,0x00,0x00,0x00,0x00,0x00,0x00,0x00,0x00,
	0x00,0x00,0x00,0x00,0x00,0xcb,0x12,0x12,0xff,0x17,0x17,0xf0,0x15,0x15,0x25,0x03,
	0x03,0x00,0x00,0x00,0x00,0x00,0x00,0x00,0x00,0x00,0x00,0x00,0x00,0x00,0x00,0x00,
	0x00,0x00,0x00,0x00,0x00,0x00,0x00,0x00,0x00,0x00,0x00,0x00,0xcb,0x12,0x12,0xff,
	0x17,0x17,0xf0,0x15,0x15,0x25,0x03,0x03,0x00,0x00,0x00,0x00,0x00,0x00,0x00,0x00,
	0x00,0x00,0x00,0x00,0x00,0x00,0x00,0x00,0x00,0x00,0x00,0x00,0x00,0x00,0x00,0x00,
	0x00,0x00,0x00,0x00,0x00,0x00,0x00,0x00,0x00,0x00,0x00,0x00,0x00,0x00,0x00,0x00,
	0x00,0x00,0x00,0x00,0x00,0xcb,0x12,0x12,0xff,0x17,0x17,0xf0,0x15,0x15,0x25,0x03,
	0x03,0x00,0x00,0x00,0x00,0x00,0x00,0x00,0x00,0x00,0x00,0x00,0x00,0x00,0x00,0x00,
	0x00,0x00,0x00,0x00,0x00,0x00,0x00,0x00,0x00,0x06,0x01,0x01,0x32,0x16,0x16,0x32,
	0x1b,0x1b,0x39,0x1a,0x1a,0x11,0x05,0x05,0x00,0x00,0x00,0x00,0x00,0x00,0x00,0x00,
	0x00,0x00,0x00,0x00,0x00,0x00,0x00,0x00,0x00,0x00,0x00,0x00,0x00,0x00,0x00,0x00,
	0x00,0x00,0x00,0x00,0x00,0x00,0x00,0x00,0x00,0x00,0x00,0x00,0x00,0x00,0x00,0x00,
	0x00,0x00,0x00,0x00,0x00,0xcb,0x12,0x12,0xff,0x17,0x17,0xf0,0x15,0x15,0x25,0x03,
	0x03,0x00,0x00,0x00,0x00,0x00,0x00,0x00,0x00,0x00,0x00,0x00,0x00,0x00,0x00,0x00,
	0x00,0x00,0x00,0x00,0x00,0x00,0x00,0x00,0x00,0x00,0x00,0x00,0xcb,0x12,0x12,0xff,
	0x17,0x17,0xf0,0x15,0x15,0x25,0x03,0x03,0x00,0x00,0x00,0x00,0x00,0x00,0x00,0x00,
	0x00,0x00,0x00,0x00,0x00,0x00,0x00,0x00,0x00,0x00,0x00,0x00,0x00,0x00,0x00,0x00,
	0x00,0x00,0x00,0x00,0x00,0x00,0x00,0x00,0x00,0x00,0x00,0x00,0x00,0x00,0x00,0x00,
	0x00,0x00,0x00,0x00,0x00,0xcb,0x12,0x12,0xff,0x17,0x17,0xf0,0x15,0x15,0x25,0x03,
	0x03,0x00,0x00,0x00,0x00,0x00,0x00,0x00,0x00,0x00,0x00,0x00,0x00,0x00,0x00,0x01,
	0x00,0x00,0x00,0x00,0x00,0x00,0x00,0x00,0x00,0x04,0x02,0x02,0x2e,0x18,0x18,0x35,
	0x1b,0x1b,0x34,0x18,0x18,0x0b,0x04,0x04,0x00,0x00,0x00,0x00,0x00,0x00,0x00,0x00,
	0x00,0x00,0x00,0x00,0x00,0x00,0x00,0x00,0x00,0x00,0x00,0x00,0x00,0x00,0x00,0x00,
	0x00,0x00,0x00,0x00,0x00,0x00,0x00,0x00,0x00,0x00,0x00,0x00,0x00,0x00,0x00,0x00,
	0x00,0x00,0x04,0x02,0x02,0x2e,0x18,0x18,0x35,0x1b,0x1b,0x34,0x18,0x18,0x0b,0x04,
	0x04,0x00,0x00,0x00,0x00,0x00,0x00,0x00,0x00,0x00,0x00,0x00,0x00,0x00,0x00,0x00,
	0x00,0x00,0x00,0x00,0x00,0x00,0x00,0x00,0x00,0x05,0x00,0x00,0xd4,0x13,0x13,0xff,
	0x17,0x17,0xe4,0x14,0x14,0x16,0x02,0x02,0x00,0x00,0x00,0x00,0x00,0x00,0x00,0x00,
	0x00,0x00,0x00,0x00,0x00,0x00,0x00,0x00,0x00,0x00,0x00,0x00,0x00,0x00,0x00,0x00,
	0x00,0x00,0x00,0x00,0x00,0x00,0x00,0x00,0x00,0x00,0x00,0x00,0x00,0x00,0x00,0x00,
	0x00,0x00,0x05,0x00,0x00,0xd4,0x13,0x13,0xff,0x17,0x17,0xe4,0x14,0x14,0x16,0x02,
	0x02,0x00,0x00,0x00,0x00,0x00,0x00,0x00,0x00,0x00,0x00,0x00,0x00,0x00,0x00,0x00,
	0x00,0x00,0x00,0x00,0x00,0x00,0x00,0x00,0x00,0x04,0x02,0x02,0x2e,0x18,0x18,0x35,
	0x1b,0x1b,0x34,0x18,0x18,0x0b,0x04,0x04,0x00,0x00,0x00,0x00,0x00,0x00,0x00,0x00,
	0x00,0x00,0x00,0x00,0x00,0x00,0x00,0x00,0x00,0x00,0x00,0x00,0x00,0x00,0x00,0x00,
	0x00,0x00,0x00,0x00,0x00,0x00,0x00,0x00,0x00,0x00,0x00,0x00,0x00,0x00,0x00,0x00,
	0x00,0x00,0x05,0x00,0x00,0xd4,0x13,0x13,0xff,0x17,0x17,0xe4,0x14,0x14,0x16,0x02,
	0x02,0x00,0x00,0x00,0x00,0x00,0x00,0x00,0x00,0x00,0x00,0x00,0x00,0x00,0x00,0x00,
	0x00,0x00,0x00,0x00,0x00,0x00,0x00,0x00,0x00,0x05,0x00,0x00,0xd4,0x13,0x13,0xff,
	0x17,0x17,0xe4,0x14,0x14,0x16,0x02,0x02,0x00,0x00,0x00,0x00,0x00,0x00,0x00,0x00,
	0x00,0x00,0x00,0x00,0x00,0x00,0x00,0x00,0x00,0x00,0x00,0x00,0x00,0x00,0x00,0x00,
	0x00,0x00,0x00,0x00,0x00,0x00,0x00,0x00,0x00,0x00,0x00,0x00,0x00,0x00,0x00,0x00,
	0x00,0x00,0x04,0x02,0x02,0x2e,0x18,0x18,0x35,0x1b,0x1b,0x34,0x18,0x18,0x0b,0x04,
	0x04,0x00,0x00,0x00,0x00,0x00,0x00,0x00,0x00,0x00,0x00,0x00,0x00,0x00,0x00,0x00,
	0x00,0x00,0x00,0x00,0x00,0x00,0x00,0x00,0x00,0x04,0x02,0x02,0x2e,0x18,0x18,0x35,
	0x1b,0x1b,0x34,0x18,0x18,0x0b,0x04,0x04,0x00,0x00,0x00,0x00,0x00,0x00,0x00,0x00,
	0x00,0x00,0x00,0x00,0x00,0x00,0x00,0x00,0x00,0x00,0x00,0x00,0x00,0x00,0x00,0x00,
	0x00,0x00,0x00,0x00,0x00,0x00,0x00,0x00,0x00,0x00,0x00,0x00,0x00,0x00,0x00,0x00,
	0x00,0x00,0x05,0x00,0x00,0xd4,0x13,0x13,0xff,0x17,0x17,0xe4,0x14,0x14,0x16,0x02,
	0x02,0x00,0x00,0x00,0x00,0x00,0x00,0x00,0x00,0x00,0x00,0x00,0x00,0x00,0x00,0x00,
	0x00,0x00,0x00,0x00,0x00,0x00,0x00,0x00,0x00,0x04,0x02,0x02,0x2e,0x18,0x18,0x35,
	0x1b,0x1b,0x34,0x18,0x18,0x0b,0x04,0x04,0x00,0x00,0x00,0x00,0x00,0x00,0x00,0x00,
	0x00,0x00,0x00,0x00,0x00,0x00,0x00,0x00,0x00,0x00,0x00,0x00,0x00,0x00,0x00,0x00,
	0x00,0x00,0x00,0x00,0x00,0x00,0x00,0x00,0x00,0x00,0x00,0x00,0x00,0x00,0x00,0x00,
	0x00,0x00,0x05,0x00,0x00,0xd4,0x13,0x13,0xff,0x17,0x17,0xe4,0x14,0x14,0x16,0x02,
	0x02,0x00,0x00,0x00,0x00,0x00,0x00,0x00,0x00,0x00,0x00,0x00,0x00,0x00,0x00,0x00,
	0x00,0x00,0x00,0x00,0x00,0x00,0x00,0x00,0x00,0x04,0x02,0x02,0x2e,0x18,0x18,0x35,
	0x1b,0x1b,0x34,0x18,0x18,0x0b,0x04,0x04,0x00,0x00,0x00,0x00,0x00,0x00,0x00,0x00,
	0x00,0x00,0x00,0x00,0x00,0x00,0x00,0x00,0x00,0x00,0x00,0x00,0x00,0x00,0x00,0x00,
	0x00,0x00,0x00,0x00,0x00,0x00,0x00,0x00,0x00,0x00,0x00,0x00,0x00,0x00,0x00,0x00,
	0x00,0x00,0x05,0x00,0x00,0xd4,0x13,0x13,0xff,0x17,0x17,0xe4,0x14,0x14,0x16,0x02,
	0x02,0x00,0x00,0x00,0x00,0x00,0x00,0x00,0x00,0x00,0x00,0x00,0x00,0x00,0x00,0x00,
	0x00,0x00,0x00,0x00,0x00,0x00,0x00,0x00,0x00,0x05,0x00,0x00,0xd4,0x13,0x13,0xff,
	0x17,0x17,0xe4,0x14,0x14,0x16,0x02,0x02,0x00,0x00,0x00,0x00,0x00,0x00,0x00,0x00,
	0x00,0x00,0x00,0x00,0x00,0x00,0x00,0x00,0x00,0x00,0x00,0x00,0x00,0x00,0x00,0x00,
	0x00,0x00,0x00,0x00,0x00,0x00,0x00,0x00,0x00,0x00,0x00,0x00,0x00,0x00,0x00,0x00,
	0x00,0x00,0x05,0x00,0x00,0xd4,0x13,0x13,0xff,0x17,0x17,0xe4,0x14,0x14,0x16,0x02,
	0x02,0x00,0x00,0x00,0x00,0x00,0x00,0x00,0x00,0x00,0x00,0x00,0x00,0x00,0x00,0x00,
	0x00,0x00,0x00,0x00,0x00,0x00,0x00,0x00,0x00,0x04,0x02,0x02,0x2e,0x18,0x18,0x35,
	0x1b,0x1b,0x34,0x18,0x18,0x0b,0x04,0x04,0x00,0x00,0x00,0x00,0x00,0x00,0x00,0x00,
	0x00,0x00,0x00,0x00,0x00,0x00,0x00,0x00,0x00,0x00,0x00,0x00,0x00,0x00,0x00,0x00,
	0x00,0x00,0x00,0x00,0x00,0x00,0x00,0x00,0x00,0x00,0x00,0x00,0x00,0x00,0x00,0x00,
	0x00,0x00,0x05,0x00,0x00,0xd4,0x13,0x13,0xff,0x17,0x17,0xe4,0x14,0x14,0x16,0x02,
	0x02,0x00,0x00,0x00,0x00,0x00,0x00,0x00,0x00,0x00,0x00,0x00,0x00,0x00,0x00,0x00,
	0x00,0x00,0x00,0x00,0x00,0x00,0x00,0x00,0x00,0x05,0x00,0x00,0xd4,0x13,0x13,0xff,
	0x17,0x17,0xe4,0x14,0x14,0x16,0x02,0x02,0x00,0x00,0x00,0x00,0x00,0x00,0x00,0x00,
	0x00,0x00,0x00,0x00,0x00,0x00,0x00,0x00,0x00,0x00,0x00,0x00,0x00,0x00,0x00,0x00,
	0x00,0x00,0x00,0x00,0x00,0x00,0x00,0x00,0x00,0x00,0x00,0x00,0x00,0x00,0x00,0x00,
	0x00,0x00,0x05,0x00,0x00,0xd4,0x13,0x13,0xff,0x17,0x17,0xe4,0x14,0x14,0x16,0x02,
	0x02,0x00,0x00,0x00,0x00,0x00,0x00,0x00,0x00,0x00,0x00,0x00,0x00,0x00,0x00,0x00,
	0x00,0x00,0x00,0x00,0x00,0x00,0x00,0x00,0x00,0x04,0x02,0x02,0x2e,0x18,0x18,0x35,
	0x1b,0x1b,0x34,0x18,0x18,0x0b,0x04,0x04,0x00,0x00,0x00,0x00,0x00,0x00,0x00,0x00,
	0x00,0x00,0x00,0x00,0x00,0x00,0x00,0x00,0x00,0x00,0x00,0x00,0x00,0x00,0x00,0x00,
	0x00,0x00,0x00,0x00,0x00,0x00,0x00,0x00,0x00,0x00,0x00,0x00,0x00,0x00,0x00,0x00,
	0x00,0x00,0x05,0x00,0x00,0xd4,0x13,0x13,0xff,0x17,0x17,0xe4,0x14,0x14,0x16,0x02,
	0x02,0x00,0x00,0x00,0x00,0x00,0x00,0x00,0x00,0x00,0x00,0x00,0x00,0x00,0x00,0x00,
	0x00,0x00,0x00,0x00,0x00,0x00,0x00,0x00,0x00,0x05,0x00,0x00,0xd4,0x13,0x13,0xff,
	0x17,0x17,0xe4,0x14,0x14,0x16,0x02,0x02,0x00,0x00,0x00,0x00,0x00,0x00,0x00,0x00,
	0x00,0x00,0x00,0x00,0x00,0x00,0x00,0x00,0x00,0x00,0x00,0x00,0x00,0x00,0x00,0x00,
	0x00,0x00,0x00,0x00,0x00,0x00,0x00,0x00,0x00,0x00,0x00,0x00,0x00,0x00,0x00,0x00,
	0x00,0x00,0x05,0x00,0x00,0xd4,0x13,0x13,0xff,0x17,0x17,0xe4,0x14,0x14,0x16,0x02,
	0x02,0x00,0x00,0x00,0x00,0x00,0x00,0x00,0x00,0x00,0x00,0x00,0x00,0x00,0x00,0x01,
	0x00,0x00,0x00,0x00,0x00,0x00,0x00,0x00,0x00,0x08,0x03,0x03,0x31,0x18,0x18,0x36,
	0x1b,0x1b,0x2f,0x18,0x18,0x04,0x03,0x03,0x00,0x00,0x00,0x00,0x00,0x00,0x00,0x00,
	0x00,0x00,0x00,0x00,0x00,0x00,0x00,0x00,0x00,0x00,0x00,0x00,0x00,0x00,0x00,0x00,
	0x00,0x00,0x00,0x00,0x00,0x00,0x00,0x00,0x00,0x00,0x00,0x00,0x00,0x00,0x00,0x00,
	0x00,0x00,0x08,0x03,0x03,0x31,0x18,0x18,0x36,0x1b,0x1b,0x2f,0x18,0x18,0x04,0x03,
	0x03,0x00,0x00,0x00,0x00,0x00,0x00,0x00,0x00,0x00,0x00,0x00,0x00,0x00,0x00,0x00,
	0x00,0x00,0x00,0x00,0x00,0x00,0x00,0x00,0x00,0x10,0x02,0x02,0xe0,0x13,0x13,0xff,
	0x17,0x17,0xd8,0x13,0x13,0x09,0x01,0x01,0x00,0x00,0x00,0x00,0x00,0x00,0x00,0x00,
	0x00,0x00,0x00,0x00,0x00,0x00,0x00,0x00,0x00,0x00,0x00,0x00,0x00,0x00,0x00,0x00,
	0x00,0x00,0x00,0x00,0x00,0x00,0x00,0x00,0x00,0x00,0x00,0x00,0x00,0x00,0x00,0x00,
	0x00,0x00,0x10,0x02,0x02,0xe0,0x13,0x13,0xff,0x17,0x17,0xd8,0x13,0x13,0x09,0x01,
	0x01,0x00,0x00,0x00,0x00,0x00,0x00,0x00,0x00,0x00,0x00,0x00,0x00,0x00,0x00,0x00,
	0x00,0x00,0x00,0x00,0x00,0x00,0x00,0x00,0x00,0x08,0x03,0x03,0x31,0x18,0x18,0x36,
	0x1b,0x1b,0x2f,0x18,0x18,0x04,0x03,0x03,0x00,0x00,0x00,0x00,0x00,0x00,0x00,0x00,
	0x00,0x00,0x00,0x00,0x00,0x00,0x00,0x00,0x00,0x00,0x00,0x00,0x00,0x00,0x00,0x00,
	0x00,0x00,0x00,0x00,0x00,0x00,0x00,0x00,0x00,0x00,0x00,0x00,0x00,0x00,0x00,0x00,
	0x00,0x00,0x10,0x02,0x02,0xe0,0x13,0x13,0xff,0x17,0x17,0xd8,0x13,0x13,0x09,0x01,
	0x01,0x00,0x00,0x00,0x00,0x00,0x00,0x00,0x00,0x00,0x00,0x00,0x00,0x00,0x00,0x00,
	0x00,0x00,0x00,0x00,0x00,0x00,0x00,0x00,0x00,0x10,0x02,0x02,0xe0,0x13,0x13,0xff,
	0x17,0x17,0xd8,0x13,0x13,0x09,0x01,0x01,0x00,0x00,0x00,0x00,0x00,0x00,0x00,0x00,
	0x00,0x00,0x00,0x00,0x00,0x00,0x00,0x00,0x00,0x00,0x00,0x00,0x00,0x00,0x00,0x00,
	0x00,0x00,0x00,0x00,0x00,0x00,0x00,0x00,0x00,0x00,0x00,0x00,0x00,0x00,0x00,0x00,
	0x00,0x00,0x08,0x03,0x03,0x31,0x18,0x18,0x36,0x1b,0x1b,0x2f,0x18,0x18,0x04,0x03,
	0x03,0x00,0x00,0x00,0x00,0x00,0x00,0x00,0x00,0x00,0x00,0x00,0x00,0x00,0x00,0x00,
	0x00,0x00,0x00,0x00,0x00,0x00,0x00,0x00,0x00,0x08,0x03,0x03,0x31,0x18,0x18,0x36,
	0x1b,0x1b,0x2f,0x18,0x18,0x04,0x03,0x03,0x00,0x00,0x00,0x00,0x00,0x00,0x00,0x00,
	0x00,0x00,0x00,0x00,0x00,0x00,0x00,0x00,0x00,0x00,0x00,0x00,0x00,0x00,0x00,0x00,
	0x00,0x00,0x00,0x00,0x00,0x00,0x00,0x00,0x00,0x00,0x00,0x00,0x00,0x00,0x00,0x00,
	0x00,0x00,0x10,0x02,0x02,0xe0,0x13,0x13,0xff,0x17,0x17,0xd8,0x13,0x13,0x09,0x01,
	0x01,0x00,0x00,0x00,0x00,0x00,0x00,0x00,0x00,0x00,0x00,0x00,0x00,0x00,0x00,0x00,
	0x00,0x00,0x00,0x00,0x00,0x00,0x00,0x00,0x00,0x08,0x03,0x03,0x31,0x18,0x18,0x36,
	0x1b,0x1b,0x2f,0x18,0x18,0x04,0x03,0x03,0x00,0x00,0x00,0x00,0x00,0x00,0x00,0x00,
	0x00,0x00,0x00,0x00,0x00,0x00,0x00,0x00,0x00,0x00,0x00,0x00,0x00,0x00,0x00,0x00,
	0x00,0x00,0x00,0x00,0x00,0x00,0x00,0x00,0x00,0x00,0x00,0x00,0x00,0x00,0x00,0x00,
	0x00,0x00,0x10,0x02,0x02,0xe0,0x13,0x13,0xff,0x17,0x17,0xd8,0x13,0x13,0x09,0x01,
	0x01,0x00,0x00,0x00,0x00,0x00,0x00,0x00,0x00,0x00,0x00,0x00,0x00,0x00,0x00,0x00,
	0x00,0x00,0x00,0x00,0x00,0x00,0x00,0x00,0x00,0x08,0x03,0x03,0x31,0x18,0x18,0x36,
	0x1b,0x1b,0x2f,0x18,0x18,0x04,0x03,0x03,0x00,0x00,0x00,0x00,0x00,0x00,0x00,0x00,
	0x00,0x00,0x00,0x00,0x00,0x00,0x00,0x00,0x00,0x00,0x00,0x00,0x00,0x00,0x00,0x00,
	0x00,0x00,0x00,0x00,0x00,0x00,0x00,0x00,0x00,0x00,0x00,0x00,0x00,0x00,0x00,0x00,
	0x00,0x00,0x10,0x02,0x02,0xe0,0x13,0x13,0xff,0x17,0x17,0xd8,0x13,0x13,0x09,0x01,
	0x01,0x00,0x00,0x00,0x00,0x00,0x00,0x00,0x00,0x00,0x00,0x00,0x00,0x00,0x00,0x00,
	0x00,0x00,0x00,0x00,0x00,0x00,0x00,0x00,0x00,0x10,0x02,0x02,0xe0,0x13,0x13,0xff,
	0x17,0x17,0xd8,0x13,0x13,0x09,0x01,0x01,0x00,0x00,0x00,0x00,0x00,0x00,0x00,0x00,
	0x00,0x00,0x00,0x00,0x00,0x00,0x00,0x00,0x00,0x00,0x00,0x00,0x00,0x00,0x00,0x00,
	0x00,0x00,0x00,0x00,0x00,0x00,0x00,0x00,0x00,0x00,0x00,0x00,0x00,0x00,0x00,0x00,
	0x00,0x00,0x10,0x02,0x02,0xe0,0x13,0x13,0xff,0x17,0x17,0xd8,0x13,0x13,0x09,0x01,
	0x01,0x00,0x00,0x00,0x00,0x00,0x00,0x00,0x00,0x00,0x00,0x00,0x00,0x00,0x00,0x00,
	0x00,0x00,0x00,0x00,0x00,0x00,0x00,0x00,0x00,0x08,0x03,0x03,0x31,0x18,0x18,0x36,
	0x1b,0x1b,0x2f,0x18,0x18,0x04,0x03,0x03,0x00,0x00,0x00,0x00,0x00,0x00,0x00,0x00,
	0x00,0x00,0x00,0x00,0x00,0x00,0x00,0x00,0x00,0x00,0x00,0x00,0x00,0x00,0x00,0x00,
	0x00,0x00,0x00,0x00,0x00,0x00,0x00,0x00,0x00,0x00,0x00,0x00,0x00,0x00,0x00,0x00,
	0x00,0x00,0x10,0x02,0x02,0xe0,0x13,0x13,0xff,0x17,0x17,0xd8,0x13,0x13,0x09,0x01,
	0x01,0x00,0x00,0x00,0x00,0x00,0x00,0x00,0x00,0x00,0x00,0x00,0x00,0x00,0x00,0x00,
	0x00,0x00,0x00,0x00,0x00,0x00,0x00,0x00,0x00,0x10,0x02,0x02,0xe0,0x13,0x13,0xff,
	0x17,0x17,0xd8,0x13,0x13,0x09,0x01,0x01,0x00,0x00,0x00,0x00,0x00,0x00,0x00,0x00,
	0x00,0x00,0x00,0x00,0x00,0x00,0x00,0x00,0x00,0x00,0x00,0x00,0x00,0x00,0x00,0x00,
	0x00,0x00,0x00,0x00,0x00,0x00,0x00,0x00,0x00,0x00,0x00,0x00,0x00,0x00,0x00,0x00,
	0x00,0x00,0x10,0x02,0x02,0xe0,0x13,0x13,0xff,0x17,0x17,0xd8,0x13,0x13,0x09,0x01,
	0x01,0x00,0x00,0x00,0x00,0x00,0x00,0x00,0x00,0x00,0x00,0x00,0x00,0x00,0x00,0x00,
	0x00,0x00,0x00,0x00,0x00,0x00,0x00,0x00,0x00,0x08,0x03,0x03,0x31,0x18,0x18,0x36,
	0x1b,0x1b,0x2f,0x18,0x18,0x04,0x03,0x03,0x00,0x00,0x00,0x00,0x00,0x00,0x00,0x00,
	0x00,0x00,0x00,0x00,0x00,0x00,0x00,0x00,0x00,0x00,0x00,0x00,0x00,0x00,0x00,0x00,
	0x00,0x00,0x00,0x00,0x00,0x00,0x00,0x00,0x00,0x00,0x00,0x00,0x00,0x00,0x00,0x00,
	0x00,0x00,0x10,0x02,0x02,0xe0,0x13,0x13,0xff,0x17,0x17,0xd8,0x13,0x13,0x09,0x01,
	0x01,0x00,0x00,0x00,0x00,0x00,0x00,0x00,0x00,0x00,0x00,0x00,0x00,0x00,0x00,0x00,
	0x00,0x00,0x00,0x00,0x00,0x00,0x00,0x00,0x00,0x10,0x02,0x02,0xe0,0x13,0x13,0xff,
	0x17,0x17,0xd8,0x13,0x13,0x09,0x01,0x01,0x00,0x00,0x00,0x00,0x00,0x00,0x00,0x00,
	0x00,0x00,0x00,0x00,0x00,0x00,0x00,0x00,0x00,0x00,0x00,0x00,0x00,0x00,0x00,0x00,
	0x00,0x00,0x00,0x00,0x00,0x00,0x00,0x00,0x00,0x00,0x00,0x00,0x00,0x00,0x00,0x00,
	0x00,0x00,0x10,0x02,0x02,0xe0,0x13,0x13,0xff,0x17,0x17,0xd8,0x13,0x13,0x09,0x01,
	0x01,0x00,0x00,0x00,0x00,0x00,0x00,0x00,0x00,0x00,0x00,0x00,0x00,0x00,0x00,0x01,
	0x00,0x00,0x00,0x00,0x00,0x00,0x00,0x00,0x00,0x10,0x04,0x04,0x38,0x19,0x19,0x32,
	0x1b,0x1b,0x31,0x17,0x17,0x05,0x02,0x02,0x00,0x00,0x00,0x00,0x00,0x00,0x00,0x00,
	0x00,0x00,0x00,0x00,0x00,0x00,0x00,0x00,0x00,0x00,0x00,0x00,0x00,0x00,0x00,0x00,
	0x00,0x00,0x00,0x00,0x00,0x00,0x00,0x00,0x00,0x00,0x00,0x00,0x00,0x00,0x00,0x00,
	0x00,0x00,0x10,0x04,0x04,0x38,0x19,0x19,0x32,0x1b,0x1b,0x31,0x17,0x17,0x05,0x02,
	0x02,0x00,0x00,0x00,0x00,0x00,0x00,0x00,0x00,0x00,0x00,0x00,0x00,0x00,0x00,0x00,
	0x00,0x00,0x00,0x00,0x00,0x00,0x00,0x00,0x00,0x1f,0x03,0x03,0xed,0x15,0x15,0xff,
	0x17,0x17,0xcf,0x12,0x12,0x01,0x00,0x00,0x00,0x00,0x00,0x00,0x00,0x00,0x00,0x00,
	0x00,0x00,0x00,0x00,0x00,0x00,0x00,0x00,0x00,0x00,0x00,0x00,0x00,0x00,0x00,0x00,
	0x00,0x00,0x00,0x00,0x00,0x00,0x00,0x00,0x00,0x00,0x00,0x00,0x00,0x00,0x00,0x00,
	0x00,0x00,0x1f,0x03,0x03,0xed,0x15,0x15,0xff,0x17,0x17,0xcf,0x12,0x12,0x01,0x00,
	0x00,0x00,0x00,0x00,0x00,0x00,0x00,0x00,0x00,0x00,0x00,0x00,0x00,0x00,0x00,0x00,
	0x00,0x00,0x00,0x00,0x00,0x00,0x00,0x00,0x00,0x10,0x04,0x04,0x38,0x19,0x19,0x32,
	0x1b,0x1b,0x31,0x17,0x17,0x05,0x02,0x02,0x00,0x00,0x00,0x00,0x00,0x00,0x00,0x00,
	0x00,0x00,0x00,0x00,0x00,0x00,0x00,0x00,0x00,0x00,0x00,0x00,0x00,0x00,0x00,0x00,
	0x00,0x00,0x00,0x00,0x00,0x00,0x00,0x00,0x00,0x00,0x00,0x00,0x00,0x00,0x00,0x00,
	0x00,0x00,0x1f,0x03,0x03,0xed,0x15,0x15,0xff,0x17,0x17,0xcf,0x12,0x12,0x01,0x00,
	0x00,0x00,0x00,0x00,0x00,0x00,0x00,0x00,0x00,0x00,0x00,0x00,0x00,0x00,0x00,0x00,
	0x00,0x00,0x00,0x00,0x00,0x00,0x00,0x00,0x00,0x1f,0x03,0x03,0xed,0x15,0x15,0xff,
	0x17,0x17,0xcf,0x12,0x12,0x01,0x00,0x00,0x00,0x00,0x00,0x00,0x00,0x00,0x00,0x00,
	0x00,0x00,0x00,0x00,0x00,0x00,0x00,0x00,0x00,0x00,0x00,0x00,0x00,0x00,0x00,0x00,
	0x00,0x00,0x00,0x00,0x00,0x00,0x00,0x00,0x00,0x00,0x00,0x00,0x00,0x00,0x00,0x00,
	0x00,0x00,0x10,0x04,0x04,0x38,0x19,0x19,0x32,0x1b,0x1b,0x31,0x17,0x17,0x05,0x02,
	0x02,0x00,0x00,0x00,0x00,0x00,0x00,0x00,0x00,0x00,0x00,0x00,0x00,0x00,0x00,0x00,
	0x00,0x00,0x00,0x00,0x00,0x00,0x00,0x00,0x00,0x10,0x04,0x04,0x38,0x19,0x19,0x32,
	0x1b,0x1b,0x31,0x17,0x17,0x05,0x02,0x02,0x00,0x00,0x00,0x00,0x00,0x00,0x00,0x00,
	0x00,0x00,0x00,0x00,0x00,0x00,0x00,0x00,0x00,0x00,0x00,0x00,0x00,0x00,0x00,0x00,
	0x00,0x00,0x00,0x00,0x00,0x00,0x00,0x00,0x00,0x00,0x00,0x00,0x00,0x00,0x00,0x00,
	0x00,0x00,0x1f,0x03,0x03,0xed,0x15,0x15,0xff,0x17,0x17,0xcf,0x12,0x12,0x01,0x00,
	0x00,0x00,0x00,0x00,0x00,0x00,0x00,0x00,0x00,0x00,0x00,0x00,0x00,0x00,0x00,0x00,
	0x00,0x00,0x00,0x00,0x00,0x00,0x00,0x00,0x00,0x10,0x04,0x04,0x38,0x19,0x19,0x32,
	0x1b,0x1b,0x31,0x17,0x17,0x05,0x02,0x02,0x00,0x00,0x00,0x00,0x00,0x00,0x00,0x00,
	0x00,0x00,0x00,0x00,0x00,0x00,0x00,0x00,0x00,0x00,0x00,0x00,0x00,0x00,0x00,0x00,
	0x00,0x00,0x00,0x00,0x00,0x00,0x00,0x00,0x00,0x00,0x00,0x00,0x00,0x00,0x00,0x00,
	0x00,0x00,0x1f,0x03,0x03,0xed,0x15,0x15,0xff,0x17,0x17,0xcf,0x12,0x12,0x01,0x00,
	0x00,0x00,0x00,0x00,0x00,0x00,0x00,0x00,0x00,0x00,0x00,0x00,0x00,0x00,0x00,0x00,
	0x00,0x00,0x00,0x00,0x00,0x00,0x00,0x00,0x00,0x10,0x04,0x04,0x38,0x19,0x19,0x32,
	0x1b,0x1b,0x31,0x17,0x17,0x05,0x02,0x02,0x00,0x00,0x00,0x00,0x00,0x00,0x00,0x00,
	0x00,0x00,0x00,0x00,0x00,0x00,0x00,0x00,0x00,0x00,0x00,0x00,0x00,0x00,0x00,0x00,
	0x00,0x00,0x00,0x00,0x00,0x00,0x00,0x00,0x00,0x00,0x00,0x00,0x00,0x00,0x00,0x00,
	0x00,0x00,0x1f,0x03,0x03,0xed,0x15,0x15,0xff,0x17,0x17,0xcf,0x12,0x12,0x01,0x00,
	0x00,0x00,0x00,0x00,0x00,0x00,0x00,0x00,0x00,0x00,0x00,0x00,0x00,0x00,0x00,0x00,
	0x00,0x00,0x00,0x00,0x00,0x00,0x00,0x00,0x00,0x1f,0x03,0x03,0xed,0x15,0x15,0xff,
	0x17,0x17,0xcf,0x12,0x12,0x01,0x00,0x00,0x00,0x00,0x00,0x00,0x00,0x00,0x00,0x00,
	0x00,0x00,0x00,0x00,0x00,0x00,0x00,0x00,0x00,0x00,0x00,0x00,0x00,0x00,0x00,0x00,
	0x00,0x00,0x00,0x00,0x00,0x00,0x00,0x00,0x00,0x00,0x00,0x00,0x00,0x00,0x00,0x00,
	0x00,0x00,0x1f,0x03,0x03,0xed,0x15,0x15,0xff,0x17,0x17,0xcf,0x12,0x12,0x01,0x00,
	0x00,0x00,0x00,0x00,0x00,0x00,0x00,0x00,0x00,0x00,0x00,0x00,0x00,0x00,0x00,0x00,
	0x00,0x00,0x00,0x00,0x00,0x00,0x00,0x00,0x00,0x10,0x04,0x04,0x38,0x19,0x19,0x32,
	0x1b,0x1b,0x31,0x17,0x17,0x05,0x02,0x02,0x00,0x00,0x00,0x00,0x00,0x00,0x00,0x00,
	0x00,0x00,0x00,0x00,0x00,0x00,0x00,0x00,0x00,0x00,0x00,0x00,0x00,0x00,0x00,0x00,
	0x00,0x00,0x00,0x00,0x00,0x00,0x00,0x00,0x00,0x00,0x00,0x00,0x00,0x00,0x00,0x00,
	0x00,0x00,0x1f,0x03,0x03,0xed,0x15,0x15,0xff,0x17,0x17,0xcf,0x12,0x12,0x01,0x00,
	0x00,0x00,0x00,0x00,0x00,0x00,0x00,0x00,0x00,0x00,0x00,0x00,0x00,0x00,0x00,0x00,
	0x00,0x00,0x00,0x00,0x00,0x00,0x00,0x00,0x00,0x1f,0x03,0x03,0xed,0x15,0x15,0xff,
	0x17,0x17,0xcf,0x12,0x12,0x01,0x00,0x00,0x00,0x00,0x00,0x00,0x00,0x00,0x00,0x00,
	0x00,0x00,0x00,0x00,0x00,0x00,0x00,0x00,0x00,0x00,0x00,0x00,0x00,0x00,0x00,0x00,
	0x00,0x00,0x00,0x00,0x00,0x00,0x00,0x00,0x00,0x00,0x00,0x00,0x00,0x00,0x00,0x00,
	0x00,0x00,0x1f,0x03,0x03,0xed,0x15,0x15,0xff,0x17,0x17,0xcf,0x12,0x12,0x01,0x00,
	0x00,0x00,0x00,0x00,0x00,0x00,0x00,0x00,0x00,0x00,0x00,0x00,0x00,0x00,0x00,0x00,
	0x00,0x00,0x00,0x00,0x00,0x00,0x00,0x00,0x00,0x10,0x04,0x04,0x38,0x19,0x19,0x32,
	0x1b,0x1b,0x31,0x17,0x17,0x05,0x02,0x02,0x00,0x00,0x00,0x00,0x00,0x00,0x00,0x00,
	0x00,0x00,0x00,0x00,0x00,0x00,0x00,0x00,0x00,0x00,0x00,0x00,0x00,0x00,0x00,0x00,
	0x00,0x00,0x00,0x00,0x00,0x00,0x00,0x00,0x00,0x00,0x00,0x00,0x00,0x00,0x00,0x00,
	0x00,0x00,0x1f,0x03,0x03,0xed,0x15,0x15,0xff,0x17,0x17,0xcf,0x12,0x12,0x01,0x00,
	0x00,0x00,0x00,0x00,0x00,0x00,0x00,0x00,0x00,0x00,0x00,0x00,0x00,0x00,0x00,0x00,
	0x00,0x00,0x00,0x00,0x00,0x00,0x00,0x00,0x00,0x1f,0x03,0x03,0xed,0x15,0x15,0xff,
	0x17,0x17,0xcf,0x12,0x12,0x01,0x00,0x00,0x00,0x00,0x00,0x00,0x00,0x00,0x00,0x00,
	0x00,0x00,0x00,0x00,0x00,0x00,0x00,0x00,0x00,0x00,0x00,0x00,0x00,0x00,0x00,0x00,
	0x00,0x00,0x00,0x00,0x00,0x00,0x00,0x00,0x00,0x00,0x00,0x00,0x00,0x00,0x00,0x00,
	0x00,0x00,0x1f,0x03,0x03,0xed,0x15,0x15,0xff,0x17,0x17,0xcf,0x12,0x12,0x01,0x00,
	0x00,0x00,0x00,0x00,0x00,0x00,0x00,0x00,0x00,0x00,0x00,0x00,0x00,0x00,0x00,0x01,
	0x00,0x00,0x00,0x00,0x00,0x00,0x00,0x00,0x00,0x11,0x06,0x06,0x38,0x1a,0x1a,0x32,
	0x1b,0x1b,0x32,0x15,0x15,0x06,0x00,0x00,0x00,0x00,0x00,0x00,0x00,0x00,0x00,0x00,
	0x00,0x00,0x00,0x00,0x00,0x00,0x00,0x00,0x00,0x00,0x00,0x00,0x00,0x00,0x00,0x00,
	0x00,0x00,0x00,0x00,0x00,0x00,0x00,0x00,0x00,0x00,0x00,0x00,0x00,0x00,0x00,0x00,
	0x00,0x00,0x11,0x06,0x06,0x38,0x1a,0x1a,0x32,0x1b,0x1b,0x32,0x15,0x15,0x06,0x00,
	0x00,0x00,0x00,0x00,0x00,0x00,0x00,0x00,0x00,0x00,0x00,0x00,0x00,0x00,0x00,0x00,
	0x00,0x00,0x00,0x00,0x00,0x00,0x00,0x00,0x00,0x2d,0x04,0x04,0xf6,0x15,0x15,0xff,
	0x17,0x17,0xc4,0x11,0x11,0x00,0x00,0x00,0x00,0x00,0x00,0x00,0x00,0x00,0x00,0x00,
	0x00,0x00,0x00,0x00,0x00,0x00,0x00,0x00,0x00,0x00,0x00,0x00,0x00,0x00,0x00,0x00,
	0x00,0x00,0x00,0x00,0x00,0x00,0x00,0x00,0x00,0x00,0x00,0x00,0x00,0x00,0x00,0x00,
	0x00,0x00,0x2d,0x04,0x04,0xf6,0x15,0x15,0xff,0x17,0x17,0xc4,0x11,0x11,0x00,0x00,
	0x00,0x00,0x00,0x00,0x00,0x00,0x00,0x00,0x00,0x00,0x00,0x00,0x00,0x00,0x00,0x00,
	0x00,0x00,0x00,0x00,0x00,0x00,0x00,0x00,0x00,0x11,0x06,0x06,0x38,0x1a,0x1a,0x32,
	0x1b,0x1b,0x32,0x15,0x15,0x06,0x00,0x00,0x00,0x00,0x00,0x00,0x00,0x00,0x00,0x00,
	0x00,0x00,0x00,0x00,0x00,0x00,0x00,0x00,0x00,0x00,0x00,0x00,0x00,0x00,0x00,0x00,
	0x00,0x00,0x00,0x00,0x00,0x00,0x00,0x00,0x00,0x00,0x00,0x00,0x00,0x00,0x00,0x00,
	0x00,0x00,0x2d,0x04,0x04,0xf6,0x15,0x15,0xff,0x17,0x17,0xc4,0x11,0x11,0x00,0x00,
	0x00,0x00,0x00,0x00,0x00,0x00,0x00,0x00,0x00,0x00,0x00,0x00,0x00,0x00,0x00,0x00,
	0x00,0x00,0x00,0x00,0x00,0x00,0x00,0x00,0x00,0x2d,0x04,0x04,0xf6,0x15,0x15,0xff,
	0x17,0x17,0xc4,0x11,0x11,0x00,0x00,0x00,0x00,0x00,0x00,0x00,0x00,0x00,0x00,0x00,
	0x00,0x00,0x00,0x00,0x00,0x00,0x00,0x00,0x00,0x00,0x00,0x00,0x00,0x00,0x00,0x00,
	0x00,0x00,0x00,0x00,0x00,0x00,0x00,0x00,0x00,0x00,0x00,0x00,0x00,0x00,0x00,0x00,
	0x00,0x00,0x11,0x06,0x06,0x38,0x1a,0x1a,0x32,0x1b,0x1b,0x32,0x15,0x15,0x06,0x00,
	0x00,0x00,0x00,0x00,0x00,0x00,0x00,0x00,0x00,0x00,0x00,0x00,0x00,0x00,0x00,0x00,
	0x00,0x00,0x00,0x00,0x00,0x00,0x00,0x00,0x00,0x11,0x06,0x06,0x38,0x1a,0x1a,0x32,
	0x1b,0x1b,0x32,0x15,0x15,0x06,0x00,0x00,0x00,0x00,0x00,0x00,0x00,0x00,0x00,0x00,
	0x00,0x00,0x00,0x00,0x00,0x00,0x00,0x00,0x00,0x00,0x00,0x00,0x00,0x00,0x00,0x00,
	0x00,0x00,0x00,0x00,0x00,0x00,0x00,0x00,0x00,0x00,0x00,0x00,0x00,0x00,0x00,0x00,
	0x00,0x00,0x2d,0x04,0x04,0xf6,0x15,0x15,0xff,0x17,0x17,0xc4,0x11,0x11,0x00,0x00,
	0x00,0x00,0x00,0x00,0x00,0x00,0x00,0x00,0x00,0x00,0x00,0x00,0x00,0x00,0x00,0x00,
	0x00,0x00,0x00,0x00,0x00,0x00,0x00,0x00,0x00,0x11,0x06,0x06,0x38,0x1a,0x1a,0x32,
	0x1b,0x1b,0x32,0x15,0x15,0x06,0x00,0x00,0x00,0x00,0x00,0x00,0x00,0x00,0x00,0x00,
	0x00,0x00,0x00,0x00,0x00,0x00,0x00,0x00,0x00,0x00,0x00,0x00,0x00,0x00,0x00,0x00,
	0x00,0x00,0x00,0x00,0x00,0x00,0x00,0x00,0x00,0x00,0x00,0x00,0x00,0x00,0x00,0x00,
	0x00,0x00,0x2d,0x04,0x04,0xf6,0x15,0x15,0xff,0x17,0x17,0xc4,0x11,0x11,0x00,0x00,
	0x00,0x00,0x00,0x00,0x00,0x00,0x00,0x00,0x00,0x00,0x00,0x00,0x00,0x00,0x00,0x00,
	0x00,0x00,0x00,0x00,0x00,0x00,0x00,0x00,0x00,0x11,0x06,0x06,0x38,0x1a,0x1a,0x32,
	0x1b,0x1b,0x32,0x15,0x15,0x06,0x00,0x00,0x00,0x00,0x00,0x00,0x00,0x00,0x00,0x00,
	0x00,0x00,0x00,0x00,0x00,0x00,0x00,0x00,0x00,0x00,0x00,0x00,0x00,0x00,0x00,0x00,
	0x00,0x00,0x00,0x00,0x00,0x00,0x00,0x00,0x00,0x00,0x00,0x00,0x00,0x00,0x00,0x00,
	0x00,0x00,0x2d,0x04,0x04,0xf6,0x15,0x15,0xff,0x17,0x17,0xc4,0x11,0x11,0x00,0x00,
	0x00,0x00,0x00,0x00,0x00,0x00,0x00,0x00,0x00,0x00,0x00,0x00,0x00,0x00,0x00,0x00,
	0x00,0x00,0x00,0x00,0x00,0x00,0x00,0x00,0x00,0x2d,0x04,0x04,0xf6,0x15,0x15,0xff,
	0x17,0x17,0xc4,0x11,0x11,0x00,0x00,0x00,0x00,0x00,0x00,0x00,0x00,0x00,0x00,0x00,
	0x00,0x00,0x00,0x00,0x00,0x00,0x00,0x00,0x00,0x00,0x00,0x00,0x00,0x00,0x00,0x00,
	0x00,0x00,0x00,0x00,0x00,0x00,0x00,0x00,0x00,0x00,0x00,0x00,0x00,0x00,0x00,0x00,
	0x00,0x00,0x2d,0x04,0x04,0xf6,0x15,0x15,0xff,0x17,0x17,0xc4,0x11,0x11,0x00,0x00,
	0x00,0x00,0x00,0x00,0x00,0x00,0x00,0x00,0x00,0x00,0x00,0x00,0x00,0x00,0x00,0x00,
	0x00,0x00,0x00,0x00,0x00,0x00,0x00,0x00,0x00,0x11,0x06,0x06,0x38,0x1a,0x1a,0x32,
	0x1b,0x1b,0x32,0x15,0x15,0x06,0x00,0x00,0x00,0x00,0x00,0x00,0x00,0x00,0x00,0x00,
	0x00,0x00,0x00,0x00,0x00,0x00,0x00,0x00,0x00,0x00,0x00,0x00,0x00,0x00,0x00,0x00,
	0x00,0x00,0x00,0x00,0x00,0x00,0x00,0x00,0x00,0x00,0x00,0x00,0x00,0x00,0x00,0x00,
	0x00,0x00,0x2d,0x04,0x04,0xf6,0x15,0x15,0xff,0x17,0x17,0xc4,0x11,0x11,0x00,0x00,
	0x00,0x00,0x00,0x00,0x00,0x00,0x00,0x00,0x00,0x00,0x00,0x00,0x00,0x00,0x00,0x00,
	0x00,0x00,0x00,0x00,0x00,0x00,0x00,0x00,0x00,0x2d,0x04,0x04,0xf6,0x15,0x15,0xff,
	0x17,0x17,0xc4,0x11,0x11,0x00,0x00,0x00,0x00,0x00,0x00,0x00,0x00,0x00,0x00,0x00,
	0x00,0x00,0x00,0x00,0x00,0x00,0x00,0x00,0x00,0x00,0x00,0x00,0x00,0x00,0x00,0x00,
	0x00,0x00,0x00,0x00,0x00,0x00,0x00,0x00,0x00,0x00,0x00,0x00,0x00,0x00,0x00,0x00,
	0x00,0x00,0x2d,0x04,0x04,0xf6,0x15,0x15,0xff,0x17,0x17,0xc4,0x11,0x11,0x00,0x00,
	0x00,0x00,0x00,0x00,0x00,0x00,0x00,0x00,0x00,0x00,0x00,0x00,0x00,0x00,0x00,0x00,
	0x00,0x00,0x00,0x00,0x00,0x00,0x00,0x00,0x00,0x11,0x06,0x06,0x38,0x1a,0x1a,0x32,
	0x1b,0x1b,0x32,0x15,0x15,0x06,0x00,0x00,0x00,0x00,0x00,0x00,0x00,0x00,0x00,0x00,
	0x00,0x00,0x00,0x00,0x00,0x00,0x00,0x00,0x00,0x00,0x00,0x00,0x00,0x00,0x00,0x00,
	0x00,0x00,0x00,0x00,0x00,0x00,0x00,0x00,0x00,0x00,0x00,0x00,0x00,0x00,0x00,0x00,
	0x00,0x00,0x2d,0x04,0x04,0xf6,0x15,0x15,0xff,0x17,0x17,0xc4,0x11,0x11,0x00,0x00,
	0x00,0x00,0x00,0x00,0x00,0x00,0x00,0x00,0x00,0x00,0x00,0x00,0x00,0x00,0x00,0x00,
	0x00,0x00,0x00,0x00,0x00,0x00,0x00,0x00,0x00,0x2d,0x04,0x04,0xf6,0x15,0x15,0xff,
	0x17,0x17,0xc4,0x11,0x11,0x00,0x00,0x00,0x00,0x00,0x00,0x00,0x00,0x00,0x00,0x00,
	0x00,0x00,0x00,0x00,0x00,0x00,0x00,0x00,0x00,0x00,0x00,0x00,0x00,0x00,0x00,0x00,
	0x00,0x00,0x00,0x00,0x00,0x00,0x00,0x00,0x00,0x00,0x00,0x00,0x00,0x00,0x00,0x00,
	0x00,0x00,0x2d,0x04,0x04,0xf6,0x15,0x15,0xff,0x17,0x17,0xc4,0x11,0x11,0x00,0x00,
	0x00,0x00,0x00,0x00,0x00,0x00,0x00,0x00,0x00,0x00,0x00,0x00,0x00,0x00,0x00,0x01,
	0x00,0x00,0x00,0x00,0x00,0x00,0x00,0x00,0x00,0x0f,0x08,0x08,0x36,0x1b,0x1b,0x35,
	0x1b,0x1b,0x2b,0x14,0x14,0x01,0x00,0x00,0x00,0x00,0x00,0x00,0x00,0x00,0x00,0x00,
	0x00,0x00,0x00,0x00,0x00,0x00,0x00,0x00,0x00,0x00,0x00,0x00,0x00,0x00,0x00,0x00,
	0x00,0x00,0x00,0x00,0x00,0x00,0x00,0x00,0x00,0x00,0x00,0x00,0x00,0x00,0x00,0x00,
	0x00,0x00,0x0f,0x08,0x08,0x36,0x1b,0x1b,0x35,0x1b,0x1b,0x2b,0x14,0x14,0x01,0x00,
	0x00,0x00,0x00,0x00,0x00,0x00,0x00,0x00,0x00,0x00,0x00,0x00,0x00,0x00,0x00,0x00,
	0x00,0x00,0x00,0x00,0x00,0x00,0x00,0x00,0x00,0x36,0x05,0x05,0xfd,0x16,0x16,0xff,
	0x17,0x17,0xb5,0x0f,0x0f,0x00,0x00,0x00,0x00,0x00,0x00,0x00,0x00,0x00,0x00,0x00,
	0x00,0x00,0x00,0x00,0x00,0x00,0x00,0x00,0x00,0x00,0x00,0x00,0x00,0x00,0x00,0x00,
	0x00,0x00,0x00,0x00,0x00,0x00,0x00,0x00,0x00,0x00,0x00,0x00,0x00,0x00,0x00,0x00,
	0x00,0x00,0x36,0x05,0x05,0xfd,0x16,0x16,0xff,0x17,0x17,0xb5,0x0f,0x0f,0x00,0x00,
	0x00,0x00,0x00,0x00,0x00,0x00,0x00,0x00,0x00,0x00,0x00,0x00,0x00,0x00,0x00,0x00,
	0x00,0x00,0x00,0x00,0x00,0x00,0x00,0x00,0x00,0x0f,0x08,0x08,0x36,0x1b,0x1b,0x35,
	0x1b,0x1b,0x2b,0x14,0x14,0x01,0x00,0x00,0x00,0x00,0x00,0x00,0x00,0x00,0x00,0x00,
	0x00,0x00,0x00,0x00,0x00,0x00,0x00,0x00,0x00,0x00,0x00,0x00,0x00,0x00,0x00,0x00,
	0x00,0x00,0x00,0x00,0x00,0x00,0x00,0x00,0x00,0x00,0x00,0x00,0x00,0x00,0x00,0x00,
	0x00,0x00,0x36,0x05,0x05,0xfd,0x16,0x16,0xff,0x17,0x17,0xb5,0x0f,0x0f,0x00,0x00,
	0x00,0x00,0x00,0x00,0x00,0x00,0x00,0x00,0x00,0x00,0x00,0x00,0x00,0x00,0x00,0x00,
	0x00,0x00,0x00,0x00,0x00,0x00,0x00,0x00,0x00,0x36,0x05,0x05,0xfd,0x16,0x16,0xff,
	0x17,0x17,0xb5,0x0f,0x0f,0x00,0x00,0x00,0x00,0x00,0x00,0x00,0x00,0x00,0x00,0x00,
	0x00,0x00,0x00,0x00,0x00,0x00,0x00,0x00,0x00,0x00,0x00,0x00,0x00,0x00,0x00,0x00,
	0x00,0x00,0x00,0x00,0x00,0x00,0x00,0x00,0x00,0x00,0x00,0x00,0x00,0x00,0x00,0x00,
	0x00,0x00,0x0f,0x08,0x08,0x36,0x1b,0x1b,0x35,0x1b,0x1b,0x2b,0x14,0x14,0x01,0x00,
	0x00,0x00,0x00,0x00,0x00,0x00,0x00,0x00,0x00,0x00,0x00,0x00,0x00,0x00,0x00,0x00,
	0x00,0x00,0x00,0x00,0x00,0x00,0x00,0x00,0x00,0x0f,0x08,0x08,0x36,0x1b,0x1b,0x35,
	0x1b,0x1b,0x2b,0x14,0x14,0x01,0x00,0x00,0x00,0x00,0x00,0x00,0x00,0x00,0x00,0x00,
	0x00,0x00,0x00,0x00,0x00,0x00,0x00,0x00,0x00,0x00,0x00,0x00,0x00,0x00,0x00,0x00,
	0x00,0x00,0x00,0x00,0x00,0x00,0x00,0x00,0x00,0x00,0x00,0x00,0x00,0x00,0x00,0x00,
	0x00,0x00,0x36,0x05,0x05,0xfd,0x16,0x16,0xff,0x17,0x17,0xb5,0x0f,0x0f,0x00,0x00,
	0x00,0x00,0x00,0x00,0x00,0x00,0x00,0x00,0x00,0x00,0x00,0x00,0x00,0x00,0x00,0x00,
	0x00,0x00,0x00,0x00,0x00,0x00,0x00,0x00,0x00,0x0f,0x08,0x08,0x36,0x1b,0x1b,0x35,
	0x1b,0x1b,0x2b,0x14,0x14,0x01,0x00,0x00,0x00,0x00,0x00,0x00,0x00,0x00,0x00,0x00,
	0x00,0x00,0x00,0x00,0x00,0x00,0x00,0x00,0x00,0x00,0x00,0x00,0x00,0x00,0x00,0x00,
	0x00,0x00,0x00,0x00,0x00,0x00,0x00,0x00,0x00,0x00,0x00,0x00,0x00,0x00,0x00,0x00,
	0x00,0x00,0x36,0x05,0x05,0xfd,0x16,0x16,0xff,0x17,0x17,0xb5,0x0f,0x0f,0x00,0x00,
	0x00,0x00,0x00,0x00,0x00,0x00,0x00,0x00,0x00,0x00,0x00,0x00,0x00,0x00,0x00,0x00,
	0x00,0x00,0x00,0x00,0x00,0x00,0x00,0x00,0x00,0x0f,0x08,0x08,0x36,0x1b,0x1b,0x35,
	0x1b,0x1b,0x2b,0x14,0x14,0x01,0x00,0x00,0x00,0x00,0x00,0x00,0x00,0x00,0x00,0x00,
	0x00,0x00,0x00,0x00,0x00,0x00,0x00,0x00,0x00,0x00,0x00,0x00,0x00,0x00,0x00,0x00,
	0x00,0x00,0x00,0x00,0x00,0x00,0x00,0x00,0x00,0x00,0x00,0x00,0x00,0x00,0x00,0x00,
	0x00,0x00,0x36,0x05,0x05,0xfd,0x16,0x16,0xff,0x17,0x17,0xb5,0x0f,0x0f,0x00,0x00,
	0x00,0x00,0x00,0x00,0x00,0x00,0x00,0x00,0x00,0x00,0x00,0x00,0x00,0x00,0x00,0x00,
	0x00,0x00,0x00,0x00,0x00,0x00,0x00,0x00,0x00,0x36,0x05,0x05,0xfd,0x16,0x16,0xff,
	0x17,0x17,0xb5,0x0f,0x0f,0x00,0x00,0x00,0x00,0x00,0x00,0x00,0x00,0x00,0x00,0x00,
	0x00,0x00,0x00,0x00,0x00,0x00,0x00,0x00,0x00,0x00,0x00,0x00,0x00,0x00,0x00,0x00,
	0x00,0x00,0x00,0x00,0x00,0x00,0x00,0x00,0x00,0x00,0x00,0x00,0x00,0x00,0x00,0x00,
	0x00,0x00,0x36,0x05,0x05,0xfd,0x16,0x16,0xff,0x17,0x17,0xb5,0x0f,0x0f,0x00,0x00,
	0x00,0x00,0x00,0x00,0x00,0x00,0x00,0x00,0x00,0x00,0x00,0x00,0x00,0x00,0x00,0x00,
	0x00,0x00,0x00,0x00,0x00,0x00,0x00,0x00,0x00,0x0f,0x08,0x08,0x36,0x1b,0x1b,0x35,
	0x1b,0x1b,0x2b,0x14,0x14,0x01,0x00,0x00,0x00,0x00,0x00,0x00,0x00,0x00,0x00,0x00,
	0x00,0x00,0x00,0x00,0x00,0x00,0x00,0x00,0x00,0x00,0x00,0x00,0x00,0x00,0x00,0x00,
	0x00,0x00,0x00,0x00,0x00,0x00,0x00,0x00,0x00,0x00,0x00,0x00,0x00,0x00,0x00,0x00,
	0x00,0x00,0x36,0x05,0x05,0xfd,0x16,0x16,0xff,0x17,0x17,0xb5,0x0f,0x0f,0x00,0x00,
	0x00,0x00,0x00,0x00,0x00,0x00,0x00,0x00,0x00,0x00,0x00,0x00,0x00,0x00,0x00,0x00,
	0x00,0x00,0x00,0x00,0x00,0x00,0x00,0x00,0x00,0x36,0x05,0x05,0xfd,0x16,0x16,0xff,
	0x17,0x17,0xb5,0x0f,0x0f,0x00,0x00,0x00,0x00,0x00,0x00,0x00,0x00,0x00,0x00,0x00,
	0x00,0x00,0x00,0x00,0x00,0x00,0x00,0x00,0x00,0x00,0x00,0x00,0x00,0x00,0x00,0x00,
	0x00,0x00,0x00,0x00,0x00,0x00,0x00,0x00,0x00,0x00,0x00,0x00,0x00,0x00,0x00,0x00,
	0x00,0x00,0x36,0x05,0x05,0xfd,0x16,0x16,0xff,0x17,0x17,0xb5,0x0f,0x0f,0x00,0x00,
	0x00,0x00,0x00,0x00,0x00,0x00,0x00,0x00,0x00,0x00,0x00,0x00,0x00,0x00,0x00,0x00,
	0x00,0x00,0x00,0x00,0x00,0x00,0x00,0x00,0x00,0x0f,0x08,0x08,0x36,0x1b,0x1b,0x35,
	0x1b,0x1b,0x2b,0x14,0x14,0x01,0x00,0x00,0x00,0x00,0x00,0x00,0x00,0x00,0x00,0x00,
	0x00,0x00,0x00,0x00,0x00,0x00,0x00,0x00,0x00,0x00,0x00,0x00,0x00,0x00,0x00,0x00,
	0x00,0x00,0x00,0x00,0x00,0x00,0x00,0x00,0x00,0x00,0x00,0x00,0x00,0x00,0x00,0x00,
	0x00,0x00,0x36,0x05,0x05,0xfd,0x16,0x16,0xff,0x17,0x17,0xb5,0x0f,0x0f,0x00,0x00,
	0x00,0x00,0x00,0x00,0x00,0x00,0x00,0x00,0x00,0x00,0x00,0x00,0x00,0x00,0x00,0x00,
	0x00,0x00,0x00,0x00,0x00,0x00,0x00,0x00,0x00,0x36,0x05,0x05,0xfd,0x16,0x16,0xff,
	0x17,0x17,0xb5,0x0f,0x0f,0x00,0x00,0x00,0x00,0x00,0x00,0x00,0x00,0x00,0x00,0x00,
	0x00,0x00,0x00,0x00,0x00,0x00,0x00,0x00,0x00,0x00,0x00,0x00,0x00,0x00,0x00,0x00,
	0x00,0x00,0x00,0x00,0x00,0x00,0x00,0x00,0x00,0x00,0x00,0x00,0x00,0x00,0x00,0x00,
	0x00,0x00,0x36,0x05,0x05,0xfd,0x16,0x16,0xff,0x17,0x17,0xb5,0x0f,0x0f,0x00,0x00,
	0x00,0x00,0x00,0x00,0x00,0x00,0x00,0x00,0x00,0x00,0x00,0x00,0x00,0x00,0x00,0x01,
	0x00,0x00,0x00,0x00,0x00,0x00,0x00,0x00,0x00,0x13,0x09,0x09,0x37,0x1b,0x1b,0x37,
	0x1c,0x1c,0x25,0x13,0x13,0x00,0x00,0x00,0x00,0x00,0x00,0x00,0x00,0x00,0x00,0x00,
	0x00,0x00,0x00,0x00,0x00,0x00,0x00,0x00,0x00,0x00,0x00,0x00,0x00,0x00,0x00,0x00,
	0x00,0x00,0x00,0x00,0x00,0x00,0x00,0x00,0x00,0x00,0x00,0x00,0x00,0x00,0x00,0x00,
	0x00,0x00,0x13,0x09,0x09,0x37,0x1b,0x1b,0x37,0x1c,0x1c,0x25,0x13,0x13,0x00,0x00,
	0x00,0x00,0x00,0x00,0x00,0x00,0x00,0x00,0x00,0x00,0x00,0x00,0x00,0x00,0x00,0x00,
	0x00,0x00,0x00,0x00,0x00,0x00,0x00,0x00,0x00,0x43,0x06,0x06,0xff,0x17,0x17,0xff,
	0x17,0x17,0xa6,0x0e,0x0e,0x00,0x00,0x00,0x00,0x00,0x00,0x00,0x00,0x00,0x00,0x00,
	0x00,0x00,0x00,0x00,0x00,0x00,0x00,0x00,0x00,0x00,0x00,0x00,0x00,0x00,0x00,0x00,
	0x00,0x00,0x00,0x00,0x00,0x00,0x00,0x00,0x00,0x00,0x00,0x00,0x00,0x00,0x00,0x00,
	0x00,0x00,0x43,0x06,0x06,0xff,0x17,0x17,0xff,0x17,0x17,0xa6,0x0e,0x0e,0x00,0x00,
	0x00,0x00,0x00,0x00,0x00,0x00,0x00,0x00,0x00,0x00,0x00,0x00,0x00,0x00,0x00,0x00,
	0x00,0x00,0x00,0x00,0x00,0x00,0x00,0x00,0x00,0x13,0x09,0x09,0x37,0x1b,0x1b,0x37,
	0x1c,0x1c,0x25,0x13,0x13,0x00,0x00,0x00,0x00,0x00,0x00,0x00,0x00,0x00,0x00,0x00,
	0x00,0x00,0x00,0x00,0x00,0x00,0x00,0x00,0x00,0x00,0x00,0x00,0x00,0x00,0x00,0x00,
	0x00,0x00,0x00,0x00,0x00,0x00,0x00,0x00,0x00,0x00,0x00,0x00,0x00,0x00,0x00,0x00,
	0x00,0x00,0x43,0x06,0x06,0xff,0x17,0x17,0xff,0x17,0x17,0xa6,0x0e,0x0e,0x00,0x00,
	0x00,0x00,0x00,0x00,0x00,0x00,0x00,0x00,0x00,0x00,0x00,0x00,0x00,0x00,0x00,0x00,
	0x00,0x00,0x00,0x00,0x00,0x00,0x00,0x00,0x00,0x43,0x06,0x06,0xff,0x17,0x17,0xff,
	0x17,0x17,0xa6,0x0e,0x0e,0x00,0x00,0x00,0x00,0x00,0x00,0x00,0x00,0x00,0x00,0x00,
	0x00,0x00,0x00,0x00,0x00,0x00,0x00,0x00,0x00,0x00,0x00,0x00,0x00,0x00,0x00,0x00,
	0x00,0x00,0x00,0x00,0x00,0x00,0x00,0x00,0x00,0x00,0x00,0x00,0x00,0x00,0x00,0x00,
	0x00,0x00,0x13,0x09,0x09,0x37,0x1b,0x1b,0x37,0x1c,0x1c,0x25,0x13,0x13,0x00,0x00,
	0x00,0x00,0x00,0x00,0x00,0x00,0x00,0x00,0x00,0x00,0x00,0x00,0x00,0x00,0x00,0x00,
	0x00,0x00,0x00,0x00,0x00,0x00,0x00,0x00,0x00,0x13,0x09,0x09,0x37,0x1b,0x1b,0x37,
	0x1c,0x1c,0x25,0x13,0x13,0x00,0x00,0x00,0x00,0x00,0x00,0x00,0x00,0x00,0x00,0x00,
	0x00,0x00,0x00,0x00,0x00,0x00,0x00,0x00,0x00,0x00,0x00,0x00,0x00,0x00,0x00,0x00,
	0x00,0x00,0x00,0x00,0x00,0x00,0x00,0x00,0x00,0x00,0x00,0x00,0x00,0x00,0x00,0x00,
	0x00,0x00,0x43,0x06,0x06,0xff,0x17,0x17,0xff,0x17,0x17,0xa6,0x0e,0x0e,0x00,0x00,
	0x00,0x00,0x00,0x00,0x00,0x00,0x00,0x00,0x00,0x00,0x00,0x00,0x00,0x00,0x00,0x00,
	0x00,0x00,0x00,0x00,0x00,0x00,0x00,0x00,0x00,0x13,0x09,0x09,0x37,0x1b,0x1b,0x37,
	0x1c,0x1c,0x25,0x13,0x13,0x00,0x00,0x00,0x00,0x00,0x00,0x00,0x00,0x00,0x00,0x00,
	0x00,0x00,0x00,0x00,0x00,0x00,0x00,0x00,0x00,0x00,0x00,0x00,0x00,0x00,0x00,0x00,
	0x00,0x00,0x00,0x00,0x00,0x00,0x00,0x00,0x00,0x00,0x00,0x00,0x00,0x00,0x00,0x00,
	0x00,0x00,0x43,0x06,0x06,0xff,0x17,0x17,0xff,0x17,0x17,0xa6,0x0e,0x0e,0x00,0x00,
	0x00,0x00,0x00,0x00,0x00,0x00,0x00,0x00,0x00,0x00,0x00,0x00,0x00,0x00,0x00,0x00,
	0x00,0x00,0x00,0x00,0x00,0x00,0x00,0x00,0x00,0x13,0x09,0x09,0x37,0x1b,0x1b,0x37,
	0x1c,0x1c,0x25,0x13,0x13,0x00,0x00,0x00,0x00,0x00,0x00,0x00,0x00,0x00,0x00,0x00,
	0x00,0x00,0x00,0x00,0x00,0x00,0x00,0x00,0x00,0x00,0x00,0x00,0x00,0x00,0x00,0x00,
	0x00,0x00,0x00,0x00,0x00,0x00,0x00,0x00,0x00,0x00,0x00,0x00,0x00,0x00,0x00,0x00,
	0x00,0x00,0x43,0x06,0x06,0xff,0x17,0x17,0xff,0x17,0x17,0xa6,0x0e,0x0e,0x00,0x00,
	0x00,0x00,0x00,0x00,0x00,0x00,0x00,0x00,0x00,0x00,0x00,0x00,0x00,0x00,0x00,0x00,
	0x00,0x00,0x00,0x00,0x00,0x00,0x00,0x00,0x00,0x43,0x06,0x06,0xff,0x17,0x17,0xff,
	0x17,0x17,0xa6,0x0e,0x0e,0x00,0x00,0x00,0x00,0x00,0x00,0x00,0x00,0x00,0x00,0x00,
	0x00,0x00,0x00,0x00,0x00,0x00,0x00,0x00,0x00,0x00,0x00,0x00,0x00,0x00,0x00,0x00,
	0x00,0x00,0x00,0x00,0x00,0x00,0x00,0x00,0x00,0x00,0x00,0x00,0x00,0x00,0x00,0x00,
	0x00,0x00,0x43,0x06,0x06,0xff,0x17,0x17,0xff,0x17,0x17,0xa6,0x0e,0x0e,0x00,0x00,
	0x00,0x00,0x00,0x00,0x00,0x00,0x00,0x00,0x00,0x00,0x00,0x00,0x00,0x00,0x00,0x00,
	0x00,0x00,0x00,0x00,0x00,0x00,0x00,0x00,0x00,0x13,0x09,0x09,0x37,0x1b,0x1b,0x37,
	0x1c,0x1c,0x25,0x13,0x13,0x00,0x00,0x00,0x00,0x00,0x00,0x00,0x00,0x00,0x00,0x00,
	0x00,0x00,0x00,0x00,0x00,0x00,0x00,0x00,0x00,0x00,0x00,0x00,0x00,0x00,0x00,0x00,
	0x00,0x00,0x00,0x00,0x00,0x00,0x00,0x00,0x00,0x00,0x00,0x00,0x00,0x00,0x00,0x00,
	0x00,0x00,0x43,0x06,0x06,0xff,0x17,0x17,0xff,0x17,0x17,0xa6,0x0e,0x0e,0x00,0x00,
	0x00,0x00,0x00,0x00,0x00,0x00,0x00,0x00,0x00,0x00,0x00,0x00,0x00,0x00,0x00,0x00,
	0x00,0x00,0x00,0x00,0x00,0x00,0x00,0x00,0x00,0x43,0x06,0x06,0xff,0x17,0x17,0xff,
	0x17,0x17,0xa6,0x0e,0x0e,0x00,0x00,0x00,0x00,0x00,0x00,0x00,0x00,0x00,0x00,0x00,
	0x00,0x00,0x00,0x00,0x00,0x00,0x00,0x00,0x00,0x00,0x00,0x00,0x00,0x00,0x00,0x00,
	0x00,0x00,0x00,0x00,0x00,0x00,0x00,0x00,0x00,0x00,0x00,0x00,0x00,0x00,0x00,0x00,
	0x00,0x00,0x43,0x06,0x06,0xff,0x17,0x17,0xff,0x17,0x17,0xa6,0x0e,0x0e,0x00,0x00,
	0x00,0x00,0x00,0x00,0x00,0x00,0x00,0x00,0x00,0x00,0x00,0x00,0x00,0x00,0x00,0x00,
	0x00,0x00,0x00,0x00,0x00,0x00,0x00,0x00,0x00,0x13,0x09,0x09,0x37,0x1b,0x1b,0x37,
	0x1c,0x1c,0x25,0x13,0x13,0x00,0x00,0x00,0x00,0x00,0x00,0x00,0x00,0x00,0x00,0x00,
	0x00,0x00,0x00,0x00,0x00,0x00,0x00,0x00,0x00,0x00,0x00,0x00,0x00,0x00,0x00,0x00,
	0x00,0x00,0x00,0x00,0x00,0x00,0x00,0x00,0x00,0x00,0x00,0x00,0x00,0x00,0x00,0x00,
	0x00,0x00,0x43,0x06,0x06,0xff,0x17,0x17,0xff,0x17,0x17,0xa6,0x0e,0x0e,0x00,0x00,
	0x00,0x00,0x00,0x00,0x00,0x00,0x00,0x00,0x00,0x00,0x00,0x00,0x00,0x00,0x00,0x00,
	0x00,0x00,0x00,0x00,0x00,0x00,0x00,0x00,0x00,0x43,0x06,0x06,0xff,0x17,0x17,0xff,
	0x17,0x17,0xa6,0x0e,0x0e,0x00,0x00,0x00,0x00,0x00,0x00,0x00,0x00,0x00,0x00,0x00,
	0x00,0x00,0x00,0x00,0x00,0x00,0x00,0x00,0x00,0x00,0x00,0x00,0x00,0x00,0x00,0x00,
	0x00,0x00,0x00,0x00,0x00,0x00,0x00,0x00,0x00,0x00,0x00,0x00,0x00,0x00,0x00,0x00,
	0x00,0x00,0x43,0x06,0x06,0xff,0x17,0x17,0xff,0x17,0x17,0xa6,0x0e,0x0e,0x00,0x00,
	0x00,0x00,0x00,0x00,0x00,0x00,0x00,0x00,0x00,0x00,0x00,0x00,0x00,0x00,0x00,0x01,
	0x00,0x00,0x00,0x00,0x00,0x00,0x00,0x00,0x00,0x1c,0x0a,0x0a,0x3b,0x1c,0x1c,0x36,
	0x1c,0x1c,0x27,0x12,0x12,0x00,0x00,0x00,0x00,0x00,0x00,0x00,0x00,0x00,0x00,0x00,
	0x00,0x00,0x00,0x00,0x00,0x00,0x00,0x00,0x00,0x00,0x00,0x00,0x00,0x00,0x00,0x00,
	0x00,0x00,0x00,0x00,0x00,0x00,0x00,0x00,0x00,0x00,0x00,0x00,0x00,0x00,0x00,0x00,
	0x00,0x00,0x1c,0x0a,0x0a,0x3b,0x1c,0x1c,0x36,0x1c,0x1c,0x27,0x12,0x12,0x00,0x00,
	0x00,0x00,0x00,0x00,0x00,0x00,0x00,0x00,0x00,0x00,0x00,0x00,0x00,0x00,0x00,0x00,
	0x00,0x00,0x00,0x00,0x00,0x00,0x00,0x00,0x00,0x54,0x07,0x07,0xff,0x17,0x17,0xff,
	0x18,0x18,0x9c,0x0e,0x0e,0x00,0x00,0x00,0x00,0x00,0x00,0x00,0x00,0x00,0x00,0x00,
	0x00,0x00,0x00,0x00,0x00,0x00,0x00,0x00,0x00,0x00,0x00,0x00,0x00,0x00,0x00,0x00,
	0x00,0x00,0x00,0x00,0x00,0x00,0x00,0x00,0x00,0x00,0x00,0x00,0x00,0x00,0x00,0x00,
	0x00,0x00,0x54,0x07,0x07,0xff,0x17,0x17,0xff,0x18,0x18,0x9c,0x0e,0x0e,0x00,0x00,
	0x00,0x00,0x00,0x00,0x00,0x00,0x00,0x00,0x00,0x00,0x00,0x00,0x00,0x00,0x00,0x00,
	0x00,0x00,0x00,0x00,0x00,0x00,0x00,0x00,0x00,0x1c,0x0a,0x0a,0x3b,0x1c,0x1c,0x36,
	0x1c,0x1c,0x27,0x12,0x12,0x00,0x00,0x00,0x00,0x00,0x00,0x00,0x00,0x00,0x00,0x00,
	0x00,0x00,0x00,0x00,0x00,0x00,0x00,0x00,0x00,0x00,0x00,0x00,0x00,0x00,0x00,0x00,
	0x00,0x00,0x00,0x00,0x00,0x00,0x00,0x00,0x00,0x00,0x00,0x00,0x00,0x00,0x00,0x00,
	0x00,0x00,0x54,0x07,0x07,0xff,0x17,0x17,0xff,0x18,0x18,0x9c,0x0e,0x0e,0x00,0x00,
	0x00,0x00,0x00,0x00,0x00,0x00,0x00,0x00,0x00,0x00,0x00,0x00,0x00,0x00,0x00,0x00,
	0x00,0x00,0x00,0x00,0x00,0x00,0x00,0x00,0x00,0x54,0x07,0x07,0xff,0x17,0x17,0xff,
	0x18,0x18,0x9c,0x0e,0x0e,0x00,0x00,0x00,0x00,0x00,0x00,0x00,0x00,0x00,0x00,0x00,
	0x00,0x00,0x00,0x00,0x00,0x00,0x00,0x00,0x00,0x00,0x00,0x00,0x00,0x00,0x00,0x00,
	0x00,0x00,0x00,0x00,0x00,0x00,0x00,0x00,0x00,0x00,0x00,0x00,0x00,0x00,0x00,0x00,
	0x00,0x00,0x1c,0x0a,0x0a,0x3b,0x1c,0x1c,0x36,0x1c,0x1c,0x27,0x12,0x12,0x00,0x00,
	0x00,0x00,0x00,0x00,0x00,0x00,0x00,0x00,0x00,0x00,0x00,0x00,0x00,0x00,0x00,0x00,
	0x00,0x00,0x00,0x00,0x00,0x00,0x00,0x00,0x00,0x1c,0x0a,0x0a,0x3b,0x1c,0x1c,0x36,
	0x1c,0x1c,0x27,0x12,0x12,0x00,0x00,0x00,0x00,0x00,0x00,0x00,0x00,0x00,0x00,0x00,
	0x00,0x00,0x00,0x00,0x00,0x00,0x00,0x00,0x00,0x00,0x00,0x00,0x00,0x00,0x00,0x00,
	0x00,0x00,0x00,0x00,0x00,0x00,0x00,0x00,0x00,0x00,0x00,0x00,0x00,0x00,0x00,0x00,
	0x00,0x00,0x54,0x07,0x07,0xff,0x17,0x17,0xff,0x18,0x18,0x9c,0x0e,0x0e,0x00,0x00,
	0x00,0x00,0x00,0x00,0x00,0x00,0x00,0x00,0x00,0x00,0x00,0x00,0x00,0x00,0x00,0x00,
	0x00,0x00,0x00,0x00,0x00,0x00,0x00,0x00,0x00,0x1c,0x0a,0x0a,0x3b,0x1c,0x1c,0x36,
	0x1c,0x1c,0x27,0x12,0x12,0x00,0x00,0x00,0x00,0x00,0x00,0x00,0x00,0x00,0x00,0x00,
	0x00,0x00,0x00,0x00,0x00,0x00,0x00,0x00,0x00,0x00,0x00,0x00,0x00,0x00,0x00,0x00,
	0x00,0x00,0x00,0x00,0x00,0x00,0x00,0x00,0x00,0x00,0x00,0x00,0x00,0x00,0x00,0x00,
	0x00,0x00,0x54,0x07,0x07,0xff,0x17,0x17,0xff,0x18,0x18,0x9c,0x0e,0x0e,0x00,0x00,
	0x00,0x00,0x00,0x00,0x00,0x00,0x00,0x00,0x00,0x00,0x00,0x00,0x00,0x00,0x00,0x00,
	0x00,0x00,0x00,0x00,0x00,0x00,0x00,0x00,0x00,0x1c,0x0a,0x0a,0x3b,0x1c,0x1c,0x36,
	0x1c,0x1c,0x27,0x12,0x12,0x00,0x00,0x00,0x00,0x00,0x00,0x00,0x00,0x00,0x00,0x00,
	0x00,0x00,0x00,0x00,0x00,0x00,0x00,0x00,0x00,0x00,0x00,0x00,0x00,0x00,0x00,0x00,
	0x00,0x00,0x00,0x00,0x00,0x00,0x00,0x00,0x00,0x00,0x00,0x00,0x00,0x00,0x00,0x00,
	0x00,0x00,0x54,0x07,0x07,0xff,0x17,0x17,0xff,0x18,0x18,0x9c,0x0e,0x0e,0x00,0x00,
	0x00,0x00,0x00,0x00,0x00,0x00,0x00,0x00,0x00,0x00,0x00,0x00,0x00,0x00,0x00,0x00,
	0x00,0x00,0x00,0x00,0x00,0x00,0x00,0x00,0x00,0x54,0x07,0x07,0xff,0x17,0x17,0xff,
	0x18,0x18,0x9c,0x0e,0x0e,0x00,0x00,0x00,0x00,0x00,0x00,0x00,0x00,0x00,0x00,0x00,
	0x00,0x00,0x00,0x00,0x00,0x00,0x00,0x00,0x00,0x00,0x00,0x00,0x00,0x00,0x00,0x00,
	0x00,0x00,0x00,0x00,0x00,0x00,0x00,0x00,0x00,0x00,0x00,0x00,0x00,0x00,0x00,0x00,
	0x00,0x00,0x54,0x07,0x07,0xff,0x17,0x17,0xff,0x18,0x18,0x9c,0x0e,0x0e,0x00,0x00,
	0x00,0x00,0x00,0x00,0x00,0x00,0x00,0x00,0x00,0x00,0x00,0x00,0x00,0x00,0x00,0x00,
	0x00,0x00,0x00,0x00,0x00,0x00,0x00,0x00,0x00,0x1c,0x0a,0x0a,0x3b,0x1c,0x1c,0x36,
	0x1c,0x1c,0x27,0x12,0x12,0x00,0x00,0x00,0x00,0x00,0x00,0x00,0x00,0x00,0x00,0x00,
	0x00,0x00,0x00,0x00,0x00,0x00,0x00,0x00,0x00,0x00,0x00,0x00,0x00,0x00,0x00,0x00,
	0x00,0x00,0x00,0x00,0x00,0x00,0x00,0x00,0x00,0x00,0x00,0x00,0x00,0x00,0x00,0x00,
	0x00,0x00,0x54,0x07,0x07,0xff,0x17,0x17,0xff,0x18,0x18,0x9c,0x0e,0x0e,0x00,0x00,
	0x00,0x00,0x00,0x00,0x00,0x00,0x00,0x00,0x00,0x00,0x00,0x00,0x00,0x00,0x00,0x00,
	0x00,0x00,0x00,0x00,0x00,0x00,0x00,0x00,0x00,0x54,0x07,0x07,0xff,0x17,0x17,0xff,
	0x18,0x18,0x9c,0x0e,0x0e,0x00,0x00,0x00,0x00,0x00,0x00,0x00,0x00,0x00,0x00,0x00,
	0x00,0x00,0x00,0x00,0x00,0x00,0x00,0x00,0x00,0x00,0x00,0x00,0x00,0x00,0x00,0x00,
	0x00,0x00,0x00,0x00,0x00,0x00,0x00,0x00,0x00,0x00,0x00,0x00,0x00,0x00,0x00,0x00,
	0x00,0x00,0x54,0x07,0x07,0xff,0x17,0x17,0xff,0x18,0x18,0x9c,0x0e,0x0e,0x00,0x00,
	0x00,0x00,0x00,0x00,0x00,0x00,0x00,0x00,0x00,0x00,0x00,0x00,0x00,0x00,0x00,0x00,
	0x00,0x00,0x00,0x00,0x00,0x00,0x00,0x00,0x00,0x1c,0x0a,0x0a,0x3b,0x1c,0x1c,0x36,
	0x1c,0x1c,0x27,0x12,0x12,0x00,0x00,0x00,0x00,0x00,0x00,0x00,0x00,0x00,0x00,0x00,
	0x00,0x00,0x00,0x00,0x00,0x00,0x00,0x00,0x00,0x00,0x00,0x00,0x00,0x00,0x00,0x00,
	0x00,0x00,0x00,0x00,0x00,0x00,0x00,0x00,0x00,0x00,0x00,0x00,0x00,0x00,0x00,0x00,
	0x00,0x00,0x54,0x07,0x07,0xff,0x17,0x17,0xff,0x18,0x18,0x9c,0x0e,0x0e,0x00,0x00,
	0x00,0x00,0x00,0x00,0x00,0x00,0x00,0x00,0x00,0x00,0x00,0x00,0x00,0x00,0x00,0x00,
	0x00,0x00,0x00,0x00,0x00,0x00,0x00,0x00,0x00,0x54,0x07,0x07,0xff,0x17,0x17,0xff,
	0x18,0x18,0x9c,0x0e,0x0e,0x00,0x00,0x00,0x00,0x00,0x00,0x00,0x00,0x00,0x00,0x00,
	0x00,0x00,0x00,0x00,0x00,0x00,0x00,0x00,0x00,0x00,0x00,0x00,0x00,0x00,0x00,0x00,
	0x00,0x00,0x00,0x00,0x00,0x00,0x00,0x00,0x00,0x00,0x00,0x00,0x00,0x00,0x00,0x00,
	0x00,0x00,0x54,0x07,0x07,0xff,0x17,0x17,0xff,0x18,0x18,0x9c,0x0e,0x0e,0x00,0x00,
	0x00,0x00,0x00,0x00,0x00,0x00,0x00,0x00,0x00,0x00,0x00,0x00,0x00,0x00,0x00,0x01,
	0x00,0x00,0x00,0x00,0x00,0x00,0x00,0x00,0x00,0x1d,0x0c,0x0c,0x3b,0x1c,0x1c,0x36,
	0x1c,0x1c,0x29,0x10,0x10,0x00,0x00,0x00,0x00,0x00,0x00,0x00,0x00,0x00,0x00,0x00,
	0x00,0x00,0x00,0x00,0x00,0x00,0x00,0x00,0x00,0x00,0x00,0x00,0x00,0x00,0x00,0x00,
	0x00,0x00,0x00,0x00,0x00,0x00,0x00,0x00,0x00,0x00,0x00,0x00,0x00,0x00,0x00,0x00,
	0x00,0x00,0x1d,0x0c,0x0c,0x3b,0x1c,0x1c,0x36,0x1c,0x1c,0x29,0x10,0x10,0x00,0x00,
	0x00,0x00,0x00,0x00,0x00,0x00,0x00,0x00,0x00,0x00,0x00,0x00,0x00,0x00,0x00,0x00,
	0x00,0x00,0x00,0x00,0x00,0x00,0x00,0x00,0x00,0x62,0x08,0x08,0xff,0x17,0x17,0xff,
	0x18,0x18,0x90,0x0d,0x0d,0x00,0x00,0x00,0x00,0x00,0x00,0x00,0x00,0x00,0x00,0x00,
	0x00,0x00,0x00,0x00,0x00,0x00,0x00,0x00,0x00,0x00,0x00,0x00,0x00,0x00,0x00,0x00,
	0x00,0x00,0x00,0x00,0x00,0x00,0x00,0x00,0x00,0x00,0x00,0x00,0x00,0x00,0x00,0x00,
	0x00,0x00,0x62,0x08,0x08,0xff,0x17,0x17,0xff,0x18,0x18,0x90,0x0d,0x0d,0x00,0x00,
	0x00,0x00,0x00,0x00,0x00,0x00,0x00,0x00,0x00,0x00,0x00,0x00,0x00,0x00,0x00,0x00,
	0x00,0x00,0x00,0x00,0x00,0x00,0x00,0x00,0x00,0x1d,0x0c,0x0c,0x3b,0x1c,0x1c,0x36,
	0x1c,0x1c,0x29,0x10,0x10,0x00,0x00,0x00,0x00,0x00,0x00,0x00,0x00,0x00,0x00,0x00,
	0x00,0x00,0x00,0x00,0x00,0x00,0x00,0x00,0x00,0x00,0x00,0x00,0x00,0x00,0x00,0x00,
	0x00,0x00,0x00,0x00,0x00,0x00,0x00,0x00,0x00,0x00,0x00,0x00,0x00,0x00,0x00,0x00,
	0x00,0x00,0x62,0x08,0x08,0xff,0x17,0x17,0xff,0x18,0x18,0x90,0x0d,0x0d,0x00,0x00,
	0x00,0x00,0x00,0x00,0x00,0x00,0x00,0x00,0x00,0x00,0x00,0x00,0x00,0x00,0x00,0x00,
	0x00,0x00,0x00,0x00,0x00,0x00,0x00,0x00,0x00,0x62,0x08,0x08,0xff,0x17,0x17,0xff,
	0x18,0x18,0x90,0x0d,0x0d,0x00,0x00,0x00,0x00,0x00,0x00,0x00,0x00,0x00,0x00,0x00,
	0x00,0x00,0x00,0x00,0x00,0x00,0x00,0x00,0x00,0x00,0x00,0x00,0x00,0x00,0x00,0x00,
	0x00,0x00,0x00,0x00,0x00,0x00,0x00,0x00,0x00,0x00,0x00,0x00,0x00,0x00,0x00,0x00,
	0x00,0x00,0x1d,0x0c,0x0c,0x3b,0x1c,0x1c,0x36,0x1c,0x1c,0x29,0x10,0x10,0x00,0x00,
	0x00,0x00,0x00,0x00,0x00,0x00,0x00,0x00,0x00,0x00,0x00,0x00,0x00,0x00,0x00,0x00,
	0x00,0x00,0x00,0x00,0x00,0x00,0x00,0x00,0x00,0x1d,0x0c,0x0c,0x3b,0x1c,0x1c,0x36,
	0x1c,0x1c,0x29,0x10,0x10,0x00,0x00,0x00,0x00,0x00,0x00,0x00,0x00,0x00,0x00,0x00,
	0x00,0x00,0x00,0x00,0x00,0x00,0x00,0x00,0x00,0x00,0x00,0x00,0x00,0x00,0x00,0x00,
	0x00,0x00,0x00,0x00,0x00,0x00,0x00,0x00,0x00,0x00,0x00,0x00,0x00,0x00,0x00,0x00,
	0x00,0x00,0x62,0x08,0x08,0xff,0x17,0x17,0xff,0x18,0x18,0x90,0x0d,0x0d,0x00,0x00,
	0x00,0x00,0x00,0x00,0x00,0x00,0x00,0x00,0x00,0x00,0x00,0x00,0x00,0x00,0x00,0x00,
	0x00,0x00,0x00,0x00,0x00,0x00,0x00,0x00,0x00,0x1d,0x0c,0x0c,0x3b,0x1c,0x1c,0x36,
	0x1c,0x1c,0x29,0x10,0x10,0x00,0x00,0x00,0x00,0x00,0x00,0x00,0x00,0x00,0x00,0x00,
	0x00,0x00,0x00,0x00,0x00,0x00,0x00,0x00,0x00,0x00,0x00,0x00,0x00,0x00,0x00,0x00,
	0x00,0x00,0x00,0x00,0x00,0x00,0x00,0x00,0x00,0x00,0x00,0x00,0x00,0x00,0x00,0x00,
	0x00,0x00,0x62,0x08,0x08,0xff,0x17,0x17,0xff,0x18,0x18,0x90,0x0d,0x0d,0x00,0x00,
	0x00,0x00,0x00,0x00,0x00,0x00,0x00,0x00,0x00,0x00,0x00,0x00,0x00,0x00,0x00,0x00,
	0x00,0x00,0x00,0x00,0x00,0x00,0x00,0x00,0x00,0x1d,0x0c,0x0c,0x3b,0x1c,0x1c,0x36,
	0x1c,0x1c,0x29,0x10,0x10,0x00,0x00,0x00,0x00,0x00,0x00,0x00,0x00,0x00,0x00,0x00,
	0x00,0x00,0x00,0x00,0x00,0x00,0x00,0x00,0x00,0x00,0x00,0x00,0x00,0x00,0x00,0x00,
	0x00,0x00,0x00,0x00,0x00,0x00,0x00,0x00,0x00,0x00,0x00,0x00,0x00,0x00,0x00,0x00,
	0x00,0x00,0x62,0x08,0x08,0xff,0x17,0x17,0xff,0x18,0x18,0x90,0x0d,0x0d,0x00,0x00,
	0x00,0x00,0x00,0x00,0x00,0x00,0x00,0x00,0x00,0x00,0x00,0x00,0x00,0x00,0x00,0x00,
	0x00,0x00,0x00,0x00,0x00,0x00,0x00,0x00,0x00,0x62,0x08,0x08,0xff,0x17,0x17,0xff,
	0x18,0x18,0x90,0x0d,0x0d,0x00,0x00,0x00,0x00,0x00,0x00,0x00,0x00,0x00,0x00,0x00,
	0x00,0x00,0x00,0x00,0x00,0x00,0x00,0x00,0x00,0x00,0x00,0x00,0x00,0x00,0x00,0x00,
	0x00,0x00,0x00,0x00,0x00,0x00,0x00,0x00,0x00,0x00,0x00,0x00,0x00,0x00,0x00,0x00,
	0x00,0x00,0x62,0x08,0x08,0xff,0x17,0x17,0xff,0x18,0x18,0x90,0x0d,0x0d,0x00,0x00,
	0x00,0x00,0x00,0x00,0x00,0x00,0x00,0x00,0x00,0x00,0x00,0x00,0x00,0x00,0x00,0x00,
	0x00,0x00,0x00,0x00,0x00,0x00,0x00,0x00,0x00,0x1d,0x0c,0x0c,0x3b,0x1c,0x1c,0x36,
	0x1c,0x1c,0x29,0x10,0x10,0x00,0x00,0x00,0x00,0x00,0x00,0x00,0x00,0x00,0x00,0x00,
	0x00,0x00,0x00,0x00,0x00,0x00,0x00,0x00,0x00,0x00,0x00,0x00,0x00,0x00,0x00,0x00,
	0x00,0x00,0x00,0x00,0x00,0x00,0x00,0x00,0x00,0x00,0x00,0x00,0x00,0x00,0x00,0x00,
	0x00,0x00,0x62,0x08,0x08,0xff,0x17,0x17,0xff,0x18,0x18,0x90,0x0d,0x0d,0x00,0x00,
	0x00,0x00,0x00,0x00,0x00,0x00,0x00,0x00,0x00,0x00,0x00,0x00,0x00,0x00,0x00,0x00,
	0x00,0x00,0x00,0x00,0x00,0x00,0x00,0x00,0x00,0x62,0x08,0x08,0xff,0x17,0x17,0xff,
	0x18,0x18,0x90,0x0d,0x0d,0x00,0x00,0x00,0x00,0x00,0x00,0x00,0x00,0x00,0x00,0x00,
	0x00,0x00,0x00,0x00,0x00,0x00,0x00,0x00,0x00,0x00,0x00,0x00,0x00,0x00,0x00,0x00,
	0x00,0x00,0x00,0x00,0x00,0x00,0x00,0x00,0x00,0x00,0x00,0x00,0x00,0x00,0x00,0x00,
	0x00,0x00,0x62,0x08,0x08,0xff,0x17,0x17,0xff,0x18,0x18,0x90,0x0d,0x0d,0x00,0x00,
	0x00,0x00,0x00,0x00,0x00,0x00,0x00,0x00,0x00,0x00,0x00,0x00,0x00,0x00,0x00,0x00,
	0x00,0x00,0x00,0x00,0x00,0x00,0x00,0x00,0x00,0x1d,0x0c,0x0c,0x3b,0x1c,0x1c,0x36,
	0x1c,0x1c,0x29,0x10,0x10,0x00,0x00,0x00,0x00,0x00,0x00,0x00,0x00,0x00,0x00,0x00,
	0x00,0x00,0x00,0x00,0x00,0x00,0x00,0x00,0x00,0x00,0x00,0x00,0x00,0x00,0x00,0x00,
	0x00,0x00,0x00,0x00,0x00,0x00,0x00,0x00,0x00,0x00,0x00,0x00,0x00,0x00,0x00,0x00,
	0x00,0x00,0x62,0x08,0x08,0xff,0x17,0x17,0xff,0x18,0x18,0x90,0x0d,0x0d,0x00,0x00,
	0x00,0x00,0x00,0x00,0x00,0x00,0x00,0x00,0x00,0x00,0x00,0x00,0x00,0x00,0x00,0x00,
	0x00,0x00,0x00,0x00,0x00,0x00,0x00,0x00,0x00,0x62,0x08,0x08,0xff,0x17,0x17,0xff,
	0x18,0x18,0x90,0x0d,0x0d,0x00,0x00,0x00,0x00,0x00,0x00,0x00,0x00,0x00,0x00,0x00,
	0x00,0x00,0x00,0x00,0x00,0x00,0x00,0x00,0x00,0x00,0x00,0x00,0x00,0x00,0x00,0x00,
	0x00,0x00,0x00,0x00,0x00,0x00,0x00,0x00,0x00,0x00,0x00,0x00,0x00,0x00,0x00,0x00,
	0x00,0x00,0x62,0x08,0x08,0xff,0x17,0x17,0xff,0x18,0x18,0x90,0x0d,0x0d,0x00,0x00,
	0x00,0x00,0x00,0x00,0x00,0x00,0x00,0x00,0x00,0x00,0x00,0x00,0x00,0x00,0x00,0x01,
	0x00,0x00,0x00,0x00,0x00,0x00,0x00,0x00,0x00,0x1a,0x0d,0x0d,0x39,0x1c,0x1c,0x38,
	0x1c,0x1c,0x20,0x0e,0x0e,0x00,0x00,0x00,0x00,0x00,0x00,0x00,0x00,0x00,0x00,0x00,
	0x00,0x00,0x00,0x00,0x00,0x00,0x00,0x00,0x00,0x00,0x00,0x00,0x00,0x00,0x00,0x00,
	0x00,0x00,0x00,0x00,0x00,0x00,0x00,0x00,0x00,0x00,0x00,0x00,0x00,0x00,0x00,0x00,
	0x00,0x00,0x1a,0x0d,0x0d,0x39,0x1c,0x1c,0x38,0x1c,0x1c,0x20,0x0e,0x0e,0x00,0x00,
	0x00,0x00,0x00,0x00,0x00,0x00,0x00,0x00,0x00,0x00,0x00,0x00,0x00,0x00,0x00,0x00,
	0x00,0x00,0x00,0x00,0x00,0x00,0x00,0x00,0x00,0x6c,0x09,0x09,0xff,0x18,0x18,0xff,
	0x18,0x18,0x7e,0x0b,0x0b,0x00,0x00,0x00,0x00,0x00,0x00,0x00,0x00,0x00,0x00,0x00,
	0x00,0x00,0x00,0x00,0x00,0x00,0x00,0x00,0x00,0x00,0x00,0x00,0x00,0x00,0x00,0x00,
	0x00,0x00,0x00,0x00,0x00,0x00,0x00,0x00,0x00,0x00,0x00,0x00,0x00,0x00,0x00,0x00,
	0x00,0x00,0x6c,0x09,0x09,0xff,0x18,0x18,0xff,0x18,0x18,0x7e,0x0b,0x0b,0x00,0x00,
	0x00,0x00,0x00,0x00,0x00,0x00,0x00,0x00,0x00,0x00,0x00,0x00,0x00,0x00,0x00,0x00,
	0x00,0x00,0x00,0x00,0x00,0x00,0x00,0x00,0x00,0x1a,0x0d,0x0d,0x39,0x1c,0x1c,0x38,
	0x1c,0x1c,0x20,0x0e,0x0e,0x00,0x00,0x00,0x00,0x00,0x00,0x00,0x00,0x00,0x00,0x00,
	0x00,0x00,0x00,0x00,0x00,0x00,0x00,0x00,0x00,0x00,0x00,0x00,0x00,0x00,0x00,0x00,
	0x00,0x00,0x00,0x00,0x00,0x00,0x00,0x00,0x00,0x00,0x00,0x00,0x00,0x00,0x00,0x00,
	0x00,0x00,0x6c,0x09,0x09,0xff,0x18,0x18,0xff,0x18,0x18,0x7e,0x0b,0x0b,0x00,0x00,
	0x00,0x00,0x00,0x00,0x00,0x00,0x00,0x00,0x00,0x00,0x00,0x00,0x00,0x00,0x00,0x00,
	0x00,0x00,0x00,0x00,0x00,0x00,0x00,0x00,0x00,0x6c,0x09,0x09,0xff,0x18,0x18,0xff,
	0x18,0x18,0x7e,0x0b,0x0b,0x00,0x00,0x00,0x00,0x00,0x00,0x00,0x00,0x00,0x00,0x00,
	0x00,0x00,0x00,0x00,0x00,0x00,0x00,0x00,0x00,0x00,0x00,0x00,0x00,0x00,0x00,0x00,
	0x00,0x00,0x00,0x00,0x00,0x00,0x00,0x00,0x00,0x00,0x00,0x00,0x00,0x00,0x00,0x00,
	0x00,0x00,0x1a,0x0d,0x0d,0x39,0x1c,0x1c,0x38,0x1c,0x1c,0x20,0x0e,0x0e,0x00,0x00,
	0x00,0x00,0x00,0x00,0x00,0x00,0x00,0x00,0x00,0x00,0x00,0x00,0x00,0x00,0x00,0x00,
	0x00,0x00,0x00,0x00,0x00,0x00,0x00,0x00,0x00,0x1a,0x0d,0x0d,0x39,0x1c,0x1c,0x38,
	0x1c,0x1c,0x20,0x0e,0x0e,0x00,0x00,0x00,0x00,0x00,0x00,0x00,0x00,0x00,0x00,0x00,
	0x00,0x00,0x00,0x00,0x00,0x00,0x00,0x00,0x00,0x00,0x00,0x00,0x00,0x00,0x00,0x00,
	0x00,0x00,0x00,0x00,0x00,0x00,0x00,0x00,0x00,0x00,0x00,0x00,0x00,0x00,0x00,0x00,
	0x00,0x00,0x6c,0x09,0x09,0xff,0x18,0x18,0xff,0x18,0x18,0x7e,0x0b,0x0b,0x00,0x00,
	0x00,0x00,0x00,0x00,0x00,0x00,0x00,0x00,0x00,0x00,0x00,0x00,0x00,0x00,0x00,0x00,
	0x00,0x00,0x00,0x00,0x00,0x00,0x00,0x00,0x00,0x1a,0x0d,0x0d,0x39,0x1c,0x1c,0x38,
	0x1c,0x1c,0x20,0x0e,0x0e,0x00,0x00,0x00,0x00,0x00,0x00,0x00,0x00,0x00,0x00,0x00,
	0x00,0x00,0x00,0x00,0x00,0x00,0x00,0x00,0x00,0x00,0x00,0x00,0x00,0x00,0x00,0x00,
	0x00,0x00,0x00,0x00,0x00,0x00,0x00,0x00,0x00,0x00,0x00,0x00,0x00,0x00,0x00,0x00,
	0x00,0x00,0x6c,0x09,0x09,0xff,0x18,0x18,0xff,0x18,0x18,0x7e,0x0b,0x0b,0x00,0x00,
	0x00,0x00,0x00,0x00,0x00,0x00,0x00,0x00,0x00,0x00,0x00,0x00,0x00,0x00,0x00,0x00,
	0x00,0x00,0x00,0x00,0x00,0x00,0x00,0x00,0x00,0x1a,0x0d,0x0d,0x39,0x1c,0x1c,0x38,
	0x1c,0x1c,0x20,0x0e,0x0e,0x00,0x00,0x00,0x00,0x00,0x00,0x00,0x00,0x00,0x00,0x00,
	0x00,0x00,0x00,0x00,0x00,0x00,0x00,0x00,0x00,0x00,0x00,0x00,0x00,0x00,0x00,0x00,
	0x00,0x00,0x00,0x00,0x00,0x00,0x00,0x00,0x00,0x00,0x00,0x00,0x00,0x00,0x00,0x00,
	0x00,0x00,0x6c,0x09,0x09,0xff,0x18,0x18,0xff,0x18,0x18,0x7e,0x0b,0x0b,0x00,0x00,
	0x00,0x00,0x00,0x00,0x00,0x00,0x00,0x00,0x00,0x00,0x00,0x00,0x00,0x00,0x00,0x00,
	0x00,0x00,0x00,0x00,0x00,0x00,0x00,0x00,0x00,0x6c,0x09,0x09,0xff,0x18,0x18,0xff,
	0x18,0x18,0x7e,0x0b,0x0b,0x00,0x00,0x00,0x00,0x00,0x00,0x00,0x00,0x00,0x00,0x00,
	0x00,0x00,0x00,0x00,0x00,0x00,0x00,0x00,0x00,0x00,0x00,0x00,0x00,0x00,0x00,0x00,
	0x00,0x00,0x00,0x00,0x00,0x00,0x00,0x00,0x00,0x00,0x00,0x00,0x00,0x00,0x00,0x00,
	0x00,0x00,0x6c,0x09,0x09,0xff,0x18,0x18,0xff,0x18,0x18,0x7e,0x0b,0x0b,0x00,0x00,
	0x00,0x00,0x00,0x00,0x00,0x00,0x00,0x00,0x00,0x00,0x00,0x00,0x00,0x00,0x00,0x00,
	0x00,0x00,0x00,0x00,0x00,0x00,0x00,0x00,0x00,0x1a,0x0d,0x0d,0x39,0x1c,0x1c,0x38,
	0x1c,0x1c,0x20,0x0e,0x0e,0x00,0x00,0x00,0x00,0x00,0x00,0x00,0x00,0x00,0x00,0x00,
	0x00,0x00,0x00,0x00,0x00,0x00,0x00,0x00,0x00,0x00,0x00,0x00,0x00,0x00,0x00,0x00,
	0x00,0x00,0x00,0x00,0x00,0x00,0x00,0x00,0x00,0x00,0x00,0x00,0x00,0x00,0x00,0x00,
	0x00,0x00,0x6c,0x09,0x09,0xff,0x18,0x18,0xff,0x18,0x18,0x7e,0x0b,0x0b,0x00,0x00,
	0x00,0x00,0x00,0x00,0x00,0x00,0x00,0x00,0x00,0x00,0x00,0x00,0x00,0x00,0x00,0x00,
	0x00,0x00,0x00,0x00,0x00,0x00,0x00,0x00,0x00,0x6c,0x09,0x09,0xff,0x18,0x18,0xff,
	0x18,0x18,0x7e,0x0b,0x0b,0x00,0x00,0x00,0x00,0x00,0x00,0x00,0x00,0x00,0x00,0x00,
	0x00,0x00,0x00,0x00,0x00,0x00,0x00,0x00,0x00,0x00,0x00,0x00,0x00,0x00,0x00,0x00,
	0x00,0x00,0x00,0x00,0x00,0x00,0x00,0x00,0x00,0x00,0x00,0x00,0x00,0x00,0x00,0x00,
	0x00,0x00,0x6c,0x09,0x09,0xff,0x18,0x18,0xff,0x18,0x18,0x7e,0x0b,0x0b,0x00,0x00,
	0x00,0x00,0x00,0x00,0x00,0x00,0x00,0x00,0x00,0x00,0x00,0x00,0x00,0x00,0x00,0x00,
	0x00,0x00,0x00,0x00,0x00,0x00,0x00,0x00,0x00,0x1a,0x0d,0x0d,0x39,0x1c,0x1c,0x38,
	0x1c,0x1c,0x20,0x0e,0x0e,0x00,0x00,0x00,0x00,0x00,0x00,0x00,0x00,0x00,0x00,0x00,
	0x00,0x00,0x00,0x00,0x00,0x00,0x00,0x00,0x00,0x00,0x00,0x00,0x00,0x00,0x00,0x00,
	0x00,0x00,0x00,0x00,0x00,0x00,0x00,0x00,0x00,0x00,0x00,0x00,0x00,0x00,0x00,0x00,
	0x00,0x00,0x6c,0x09,0x09,0xff,0x18,0x18,0xff,0x18,0x18,0x7e,0x0b,0x0b,0x00,0x00,
	0x00,0x00,0x00,0x00,0x00,0x00,0x00,0x00,0x00,0x00,0x00,0x00,0x00,0x00,0x00,0x00,
	0x00,0x00,0x00,0x00,0x00,0x00,0x00,0x00,0x00,0x6c,0x09,0x09,0xff,0x18,0x18,0xff,
	0x18,0x18,0x7e,0x0b,0x0b,0x00,0x00,0x00,0x00,0x00,0x00,0x00,0x00,0x00,0x00,0x00,
	0x00,0x00,0x00,0x00,0x00,0x00,0x00,0x00,0x00,0x00,0x00,0x00,0x00,0x00,0x00,0x00,
	0x00,0x00,0x00,0x00,0x00,0x00,0x00,0x00,0x00,0x00,0x00,0x00,0x00,0x00,0x00,0x00,
	0x00,0x00,0x6c,0x09,0x09,0xff,0x18,0x18,0xff,0x18,0x18,0x7e,0x0b,0x0b,0x00,0x00,
	0x00,0x00,0x00,0x00,0x00,0x00,0x00,0x00,0x00,0x00,0x00,0x00,0x00,0x00,0x00,0x01,
	0x00,0x00,0x00,0x00,0x00,0x00,0x00,0x00,0x00,0x1e,0x0e,0x0e,0x38,0x1c,0x1c,0x39,
	0x1c,0x1c,0x1a,0x0d,0x0d,0x00,0x00,0x00,0x00,0x00,0x00,0x00,0x00,0x00,0x00,0x00,
	0x00,0x00,0x00,0x00,0x00,0x00,0x00,0x00,0x00,0x00,0x00,0x00,0x00,0x00,0x00,0x00,
	0x00,0x00,0x00,0x00,0x00,0x00,0x00,0x00,0x00,0x00,0x00,0x00,0x00,0x00,0x00,0x00,
	0x00,0x00,0x1e,0x0e,0x0e,0x38,0x1c,0x1c,0x39,0x1c,0x1c,0x1a,0x0d,0x0d,0x00,0x00,
	0x00,0x00,0x00,0x00,0x00,0x00,0x00,0x00,0x00,0x00,0x00,0x00,0x00,0x00,0x00,0x00,
	0x00,0x00,0x00,0x00,0x00,0x00,0x00,0x00,0x00,0x7b,0x0b,0x0b,0xff,0x18,0x18,0xff,
	0x18,0x18,0x6f,0x0a,0x0a,0x00,0x00,0x00,0x00,0x00,0x00,0x00,0x00,0x00,0x00,0x00,
	0x00,0x00,0x00,0x00,0x00,0x00,0x00,0x00,0x00,0x00,0x00,0x00,0x00,0x00,0x00,0x00,
	0x00,0x00,0x00,0x00,0x00,0x00,0x00,0x00,0x00,0x00,0x00,0x00,0x00,0x00,0x00,0x00,
	0x00,0x00,0x7b,0x0b,0x0b,0xff,0x18,0x18,0xff,0x18,0x18,0x6f,0x0a,0x0a,0x00,0x00,
	0x00,0x00,0x00,0x00,0x00,0x00,0x00,0x00,0x00,0x00,0x00,0x00,0x00,0x00,0x00,0x00,
	0x00,0x00,0x00,0x00,0x00,0x00,0x00,0x00,0x00,0x1e,0x0e,0x0e,0x38,0x1c,0x1c,0x39,
	0x1c,0x1c,0x1a,0x0d,0x0d,0x00,0x00,0x00,0x00,0x00,0x00,0x00,0x00,0x00,0x00,0x00,
	0x00,0x00,0x00,0x00,0x00,0x00,0x00,0x00,0x00,0x00,0x00,0x00,0x00,0x00,0x00,0x00,
	0x00,0x00,0x00,0x00,0x00,0x00,0x00,0x00,0x00,0x00,0x00,0x00,0x00,0x00,0x00,0x00,
	0x00,0x00,0x7b,0x0b,0x0b,0xff,0x18,0x18,0xff,0x18,0x18,0x6f,0x0a,0x0a,0x00,0x00,
	0x00,0x00,0x00,0x00,0x00,0x00,0x00,0x00,0x00,0x00,0x00,0x00,0x00,0x00,0x00,0x00,
	0x00,0x00,0x00,0x00,0x00,0x00,0x00,0x00,0x00,0x7b,0x0b,0x0b,0xff,0x18,0x18,0xff,
	0x18,0x18,0x6f,0x0a,0x0a,0x00,0x00,0x00,0x00,0x00,0x00,0x00,0x00,0x00,0x00,0x00,
	0x00,0x00,0x00,0x00,0x00,0x00,0x00,0x00,0x00,0x00,0x00,0x00,0x00,0x00,0x00,0x00,
	0x00,0x00,0x00,0x00,0x00,0x00,0x00,0x00,0x00,0x00,0x00,0x00,0x00,0x00,0x00,0x00,
	0x00,0x00,0x1e,0x0e,0x0e,0x38,0x1c,0x1c,0x39,0x1c,0x1c,0x1a,0x0d,0x0d,0x00,0x00,
	0x00,0x00,0x00,0x00,0x00,0x00,0x00,0x00,0x00,0x00,0x00,0x00,0x00,0x00,0x00,0x00,
	0x00,0x00,0x00,0x00,0x00,0x00,0x00,0x00,0x00,0x1e,0x0e,0x0e,0x38,0x1c,0x1c,0x39,
	0x1c,0x1c,0x1a,0x0d,0x0d,0x00,0x00,0x00,0x00,0x00,0x00,0x00,0x00,0x00,0x00,0x00,
	0x00,0x00,0x00,0x00,0x00,0x00,0x00,0x00,0x00,0x00,0x00,0x00,0x00,0x00,0x00,0x00,
	0x00,0x00,0x00,0x00,0x00,0x00,0x00,0x00,0x00,0x00,0x00,0x00,0x00,0x00,0x00,0x00,
	0x00,0x00,0x7b,0x0b,0x0b,0xff,0x18,0x18,0xff,0x18,0x18,0x6f,0x0a,0x0a,0x00,0x00,
	0x00,0x00,0x00,0x00,0x00,0x00,0x00,0x00,0x00,0x00,0x00,0x00,0x00,0x00,0x00,0x00,
	0x00,0x00,0x00,0x00,0x00,0x00,0x00,0x00,0x00,0x1e,0x0e,0x0e,0x38,0x1c,0x1c,0x39,
	0x1c,0x1c,0x1a,0x0d,0x0d,0x00,0x00,0x00,0x00,0x00,0x00,0x00,0x00,0x00,0x00,0x00,
	0x00,0x00,0x00,0x00,0x00,0x00,0x00,0x00,0x00,0x00,0x00,0x00,0x00,0x00,0x00,0x00,
	0x00,0x00,0x00,0x00,0x00,0x00,0x00,0x00,0x00,0x00,0x00,0x00,0x00,0x00,0x00,0x00,
	0x00,0x00,0x7b,0x0b,0x0b,0xff,0x18,0x18,0xff,0x18,0x18,0x6f,0x0a,0x0a,0x00,0x00,
	0x00,0x00,0x00,0x00,0x00,0x00,0x00,0x00,0x00,0x00,0x00,0x00,0x00,0x00,0x00,0x00,
	0x00,0x00,0x00,0x00,0x00,0x00,0x00,0x00,0x00,0x1e,0x0e,0x0e,0x38,0x1c,0x1c,0x39,
	0x1c,0x1c,0x1a,0x0d,0x0d,0x00,0x00,0x00,0x00,0x00,0x00,0x00,0x00,0x00,0x00,0x00,
	0x00,0x00,0x00,0x00,0x00,0x00,0x00,0x00,0x00,0x00,0x00,0x00,0x00,0x00,0x00,0x00,
	0x00,0x00,0x00,0x00,0x00,0x00,0x00,0x00,0x00,0x00,0x00,0x00,0x00,0x00,0x00,0x00,
	0x00,0x00,0x7b,0x0b,0x0b,0xff,0x18,0x18,0xff,0x18,0x18,0x6f,0x0a,0x0a,0x00,0x00,
	0x00,0x00,0x00,0x00,0x00,0x00,0x00,0x00,0x00,0x00,0x00,0x00,0x00,0x00,0x00,0x00,
	0x00,0x00,0x00,0x00,0x00,0x00,0x00,0x00,0x00,0x7b,0x0b,0x0b,0xff,0x18,0x18,0xff,
	0x18,0x18,0x6f,0x0a,0x0a,0x00,0x00,0x00,0x00,0x00,0x00,0x00,0x00,0x00,0x00,0x00,
	0x00,0x00,0x00,0x00,0x00,0x00,0x00,0x00,0x00,0x00,0x00,0x00,0x00,0x00,0x00,0x00,
	0x00,0x00,0x00,0x00,0x00,0x00,0x00,0x00,0x00,0x00,0x00,0x00,0x00,0x00,0x00,0x00,
	0x00,0x00,0x7b,0x0b,0x0b,0xff,0x18,0x18,0xff,0x18,0x18,0x6f,0x0a,0x0a,0x00,0x00,
	0x00,0x00,0x00,0x00,0x00,0x00,0x00,0x00,0x00,0x00,0x00,0x00,0x00,0x00,0x00,0x00,
	0x00,0x00,0x00,0x00,0x00,0x00,0x00,0x00,0x00,0x1e,0x0e,0x0e,0x38,0x1c,0x1c,0x39,
	0x1c,0x1c,0x1a,0x0d,0x0d,0x00,0x00,0x00,0x00,0x00,0x00,0x00,0x00,0x00,0x00,0x00,
	0x00,0x00,0x00,0x00,0x00,0x00,0x00,0x00,0x00,0x00,0x00,0x00,0x00,0x00,0x00,0x00,
	0x00,0x00,0x00,0x00,0x00,0x00,0x00,0x00,0x00,0x00,0x00,0x00,0x00,0x00,0x00,0x00,
	0x00,0x00,0x7b,0x0b,0x0b,0xff,0x18,0x18,0xff,0x18,0x18,0x6f,0x0a,0x0a,0x00,0x00,
	0x00,0x00,0x00,0x00,0x00,0x00,0x00,0x00,0x00,0x00,0x00,0x00,0x00,0x00,0x00,0x00,
	0x00,0x00,0x00,0x00,0x00,0x00,0x00,0x00,0x00,0x7b,0x0b,0x0b,0xff,0x18,0x18,0xff,
	0x18,0x18,0x6f,0x0a,0x0a,0x00,0x00,0x00,0x00,0x00,0x00,0x00,0x00,0x00,0x00,0x00,
	0x00,0x00,0x00,0x00,0x00,0x00,0x00,0x00,0x00,0x00,0x00,0x00,0x00,0x00,0x00,0x00,
	0x00,0x00,0x00,0x00,0x00,0x00,0x00,0x00,0x00,0x00,0x00,0x00,0x00,0x00,0x00,0x00,
	0x00,0x00,0x7b,0x0b,0x0b,0xff,0x18,0x18,0xff,0x18,0x18,0x6f,0x0a,0x0a,0x00,0x00,
	0x00,0x00,0x00,0x00,0x00,0x00,0x00,0x00,0x00,0x00,0x00,0x00,0x00,0x00,0x00,0x00,
	0x00,0x00,0x00,0x00,0x00,0x00,0x00,0x00,0x00,0x1e,0x0e,0x0e,0x38,0x1c,0x1c,0x39,
	0x1c,0x1c,0x1a,0x0d,0x0d,0x00,0x00,0x00,0x00,0x00,0x00,0x00,0x00,0x00,0x00,0x00,
	0x00,0x00,0x00,0x00,0x00,0x00,0x00,0x00,0x00,0x00,0x00,0x00,0x00,0x00,0x00,0x00,
	0x00,0x00,0x00,0x00,0x00,0x00,0x00,0x00,0x00,0x00,0x00,0x00,0x00,0x00,0x00,0x00,
	0x00,0x00,0x7b,0x0b,0x0b,0xff,0x18,0x18,0xff,0x18,0x18,0x6f,0x0a,0x0a,0x00,0x00,
	0x00,0x00,0x00,0x00,0x00,0x00,0x00,0x00,0x00,0x00,0x00,0x00,0x00,0x00,0x00,0x00,
	0x00,0x00,0x00,0x00,0x00,0x00,0x00,0x00,0x00,0x7b,0x0b,0x0b,0xff,0x18,0x18,0xff,
	0x18,0x18,0x6f,0x0a,0x0a,0x00,0x00,0x00,0x00,0x00,0x00,0x00,0x00,0x00,0x00,0x00,
	0x00,0x00,0x00,0x00,0x00,0x00,0x00,0x00,0x00,0x00,0x00,0x00,0x00,0x00,0x00,0x00,
	0x00,0x00,0x00,0x00,0x00,0x00,0x00,0x00,0x00,0x00,0x00,0x00,0x00,0x00,0x00,0x00,
	0x00,0x00,0x7b,0x0b,0x0b,0xff,0x18,0x18,0xff,0x18,0x18,0x6f,0x0a,0x0a,0x00,0x00,
	0x00,0x00,0x00,0x00,0x00,0x00,0x00,0x00,0x00,0x00,0x00,0x00,0x00,0x00,0x00,0x01,
	0x00,0x00,0x00,0x00,0x00,0x00,0x00,0x00,0x00,0x28,0x10,0x10,0x37,0x1c,0x1c,0x3a,
	0x1c,0x1c,0x1c,0x0c,0x0c,0x00,0x00,0x00,0x00,0x00,0x00,0x00,0x00,0x00,0x00,0x00,
	0x00,0x00,0x00,0x00,0x00,0x00,0x00,0x00,0x00,0x00,0x00,0x00,0x00,0x00,0x00,0x00,
	0x00,0x00,0x00,0x00,0x00,0x00,0x00,0x00,0x00,0x00,0x00,0x00,0x00,0x00,0x00,0x00,
	0x00,0x00,0x28,0x10,0x10,0x37,0x1c,0x1c,0x3a,0x1c,0x1c,0x1c,0x0c,0x0c,0x00,0x00,
	0x00,0x00,0x00,0x00,0x00,0x00,0x00,0x00,0x00,0x00,0x00,0x00,0x00,0x00,0x00,0x00,
	0x00,0x00,0x00,0x00,0x00,0x00,0x00,0x00,0x00,0x8c,0x0c,0x0c,0xff,0x18,0x18,0xff,
	0x17,0x17,0x65,0x09,0x09,0x00,0x00,0x00,0x00,0x00,0x00,0x00,0x00,0x00,0x00,0x00,
	0x00,0x00,0x00,0x00,0x00,0x00,0x00,0x00,0x00,0x00,0x00,0x00,0x00,0x00,0x00,0x00,
	0x00,0x00,0x00,0x00,0x00,0x00,0x00,0x00,0x00,0x00,0x00,0x00,0x00,0x00,0x00,0x00,
	0x00,0x00,0x8c,0x0c,0x0c,0xff,0x18,0x18,0xff,0x17,0x17,0x65,0x09,0x09,0x00,0x00,
	0x00,0x00,0x00,0x00,0x00,0x00,0x00,0x00,0x00,0x00,0x00,0x00,0x00,0x00,0x00,0x00,
	0x00,0x00,0x00,0x00,0x00,0x00,0x00,0x00,0x00,0x28,0x10,0x10,0x37,0x1c,0x1c,0x3a,
	0x1c,0x1c,0x1c,0x0c,0x0c,0x00,0x00,0x00,0x00,0x00,0x00,0x00,0x00,0x00,0x00,0x00,
	0x00,0x00,0x00,0x00,0x00,0x00,0x00,0x00,0x00,0x00,0x00,0x00,0x00,0x00,0x00,0x00,
	0x00,0x00,0x00,0x00,0x00,0x00,0x00,0x00,0x00,0x00,0x00,0x00,0x00,0x00,0x00,0x00,
	0x00,0x00,0x8c,0x0c,0x0c,0xff,0x18,0x18,0xff,0x17,0x17,0x65,0x09,0x09,0x00,0x00,
	0x00,0x00,0x00,0x00,0x00,0x00,0x00,0x00,0x00,0x00,0x00,0x00,0x00,0x00,0x00,0x00,
	0x00,0x00,0x00,0x00,0x00,0x00,0x00,0x00,0x00,0x8c,0x0c,0x0c,0xff,0x18,0x18,0xff,
	0x17,0x17,0x65,0x09,0x09,0x00,0x00,0x00,0x00,0x00,0x00,0x00,0x00,0x00,0x00,0x00,
	0x00,0x00,0x00,0x00,0x00,0x00,0x00,0x00,0x00,0x00,0x00,0x00,0x00,0x00,0x00,0x00,
	0x00,0x00,0x00,0x00,0x00,0x00,0x00,0x00,0x00,0x00,0x00,0x00,0x00,0x00,0x00,0x00,
	0x00,0x00,0x28,0x10,0x10,0x37,0x1c,0x1c,0x3a,0x1c,0x1c,0x1c,0x0c,0x0c,0x00,0x00,
	0x00,0x00,0x00,0x00,0x00,0x00,0x00,0x00,0x00,0x00,0x00,0x00,0x00,0x00,0x00,0x00,
	0x00,0x00,0x00,0x00,0x00,0x00,0x00,0x00,0x00,0x28,0x10,0x10,0x37,0x1c,0x1c,0x3a,
	0x1c,0x1c,0x1c,0x0c,0x0c,0x00,0x00,0x00,0x00,0x00,0x00,0x00,0x00,0x00,0x00,0x00,
	0x00,0x00,0x00,0x00,0x00,0x00,0x00,0x00,0x00,0x00,0x00,0x00,0x00,0x00,0x00,0x00,
	0x00,0x00,0x00,0x00,0x00,0x00,0x00,0x00,0x00,0x00,0x00,0x00,0x00,0x00,0x00,0x00,
	0x00,0x00,0x8c,0x0c,0x0c,0xff,0x18,0x18,0xff,0x17,0x17,0x65,0x09,0x09,0x00,0x00,
	0x00,0x00,0x00,0x00,0x00,0x00,0x00,0x00,0x00,0x00,0x00,0x00,0x00,0x00,0x00,0x00,
	0x00,0x00,0x00,0x00,0x00,0x00,0x00,0x00,0x00,0x28,0x10,0x10,0x37,0x1c,0x1c,0x3a,
	0x1c,0x1c,0x1c,0x0c,0x0c,0x00,0x00,0x00,0x00,0x00,0x00,0x00,0x00,0x00,0x00,0x00,
	0x00,0x00,0x00,0x00,0x00,0x00,0x00,0x00,0x00,0x00,0x00,0x00,0x00,0x00,0x00,0x00,
	0x00,0x00,0x00,0x00,0x00,0x00,0x00,0x00,0x00,0x00,0x00,0x00,0x00,0x00,0x00,0x00,
	0x00,0x00,0x8c,0x0c,0x0c,0xff,0x18,0x18,0xff,0x17,0x17,0x65,0x09,0x09,0x00,0x00,
	0x00,0x00,0x00,0x00,0x00,0x00,0x00,0x00,0x00,0x00,0x00,0x00,0x00,0x00,0x00,0x00,
	0x00,0x00,0x00,0x00,0x00,0x00,0x00,0x00,0x00,0x28,0x10,0x10,0x37,0x1c,0x1c,0x3a,
	0x1c,0x1c,0x1c,0x0c,0x0c,0x00,0x00,0x00,0x00,0x00,0x00,0x00,0x00,0x00,0x00,0x00,
	0x00,0x00,0x00,0x00,0x00,0x00,0x00,0x00,0x00,0x00,0x00,0x00,0x00,0x00,0x00,0x00,
	0x00,0x00,0x00,0x00,0x00,0x00,0x00,0x00,0x00,0x00,0x00,0x00,0x00,0x00,0x00,0x00,
	0x00,0x00,0x8c,0x0c,0x0c,0xff,0x18,0x18,0xff,0x17,0x17,0x65,0x09,0x09,0x00,0x00,
	0x00,0x00,0x00,0x00,0x00,0x00,0x00,0x00,0x00,0x00,0x00,0x00,0x00,0x00,0x00,0x00,
	0x00,0x00,0x00,0x00,0x00,0x00,0x00,0x00,0x00,0x8c,0x0c,0x0c,0xff,0x18,0x18,0xff,
	0x17,0x17,0x65,0x09,0x09,0x00,0x00,0x00,0x00,0x00,0x00,0x00,0x00,0x00,0x00,0x00,
	0x00,0x00,0x00,0x00,0x00,0x00,0x00,0x00,0x00,0x00,0x00,0x00,0x00,0x00,0x00,0x00,
	0x00,0x00,0x00,0x00,0x00,0x00,0x00,0x00,0x00,0x00,0x00,0x00,0x00,0x00,0x00,0x00,
	0x00,0x00,0x8c,0x0c,0x0c,0xff,0x18,0x18,0xff,0x17,0x17,0x65,0x09,0x09,0x00,0x00,
	0x00,0x00,0x00,0x00,0x00,0x00,0x00,0x00,0x00,0x00,0x00,0x00,0x00,0x00,0x00,0x00,
	0x00,0x00,0x00,0x00,0x00,0x00,0x00,0x00,0x00,0x28,0x10,0x10,0x37,0x1c,0x1c,0x3a,
	0x1c,0x1c,0x1c,0x0c,0x0c,0x00,0x00,0x00,0x00,0x00,0x00,0x00,0x00,0x00,0x00,0x00,
	0x00,0x00,0x00,0x00,0x00,0x00,0x00,0x00,0x00,0x00,0x00,0x00,0x00,0x00,0x00,0x00,
	0x00,0x00,0x00,0x00,0x00,0x00,0x00,0x00,0x00,0x00,0x00,0x00,0x00,0x00,0x00,0x00,
	0x00,0x00,0x8c,0x0c,0x0c,0xff,0x18,0x18,0xff,0x17,0x17,0x65,0x09,0x09,0x00,0x00,
	0x00,0x00,0x00,0x00,0x00,0x00,0x00,0x00,0x00,0x00,0x00,0x00,0x00,0x00,0x00,0x00,
	0x00,0x00,0x00,0x00,0x00,0x00,0x00,0x00,0x00,0x8c,0x0c,0x0c,0xff,0x18,0x18,0xff,
	0x17,0x17,0x65,0x09,0x09,0x00,0x00,0x00,0x00,0x00,0x00,0x00,0x00,0x00,0x00,0x00,
	0x00,0x00,0x00,0x00,0x00,0x00,0x00,0x00,0x00,0x00,0x00,0x00,0x00,0x00,0x00,0x00,
	0x00,0x00,0x00,0x00,0x00,0x00,0x00,0x00,0x00,0x00,0x00,0x00,0x00,0x00,0x00,0x00,
	0x00,0x00,0x8c,0x0c,0x0c,0xff,0x18,0x18,0xff,0x17,0x17,0x65,0x09,0x09,0x00,0x00,
	0x00,0x00,0x00,0x00,0x00,0x00,0x00,0x00,0x00,0x00,0x00,0x00,0x00,0x00,0x00,0x00,
	0x00,0x00,0x00,0x00,0x00,0x00,0x00,0x00,0x00,0x28,0x10,0x10,0x37,0x1c,0x1c,0x3a,
	0x1c,0x1c,0x1c,0x0c,0x0c,0x00,0x00,0x00,0x00,0x00,0x00,0x00,0x00,0x00,0x00,0x00,
	0x00,0x00,0x00,0x00,0x00,0x00,0x00,0x00,0x00,0x00,0x00,0x00,0x00,0x00,0x00,0x00,
	0x00,0x00,0x00,0x00,0x00,0x00,0x00,0x00,0x00,0x00,0x00,0x00,0x00,0x00,0x00,0x00,
	0x00,0x00,0x8c,0x0c,0x0c,0xff,0x18,0x18,0xff,0x17,0x17,0x65,0x09,0x09,0x00,0x00,
	0x00,0x00,0x00,0x00,0x00,0x00,0x00,0x00,0x00,0x00,0x00,0x00,0x00,0x00,0x00,0x00,
	0x00,0x00,0x00,0x00,0x00,0x00,0x00,0x00,0x00,0x8c,0x0c,0x0c,0xff,0x18,0x18,0xff,
	0x17,0x17,0x65,0x09,0x09,0x00,0x00,0x00,0x00,0x00,0x00,0x00,0x00,0x00,0x00,0x00,
	0x00,0x00,0x00,0x00,0x00,0x00,0x00,0x00,0x00,0x00,0x00,0x00,0x00,0x00,0x00,0x00,
	0x00,0x00,0x00,0x00,0x00,0x00,0x00,0x00,0x00,0x00,0x00,0x00,0x00,0x00,0x00,0x00,
	0x00,0x00,0x8c,0x0c,0x0c,0xff,0x18,0x18,0xff,0x17,0x17,0x65,0x09,0x09,0x00,0x00,
	0x00,0x00,0x00,0x00,0x00,0x00,0x00,0x00,0x00,0x00,0x00,0x00,0x00,0x00,0x00,0x01,
	0x00,0x00,0x00,0x00,0x00,0x00,0x00,0x00,0x00,0x28,0x11,0x11,0x36,0x1c,0x1c,0x3b,
	0x1c,0x1c,0x1d,0x0a,0x0a,0x00,0x00,0x00,0x00,0x00,0x00,0x00,0x00,0x00,0x00,0x00,
	0x00,0x00,0x00,0x00,0x00,0x00,0x00,0x00,0x00,0x00,0x00,0x00,0x00,0x00,0x00,0x00,
	0x00,0x00,0x00,0x00,0x00,0x00,0x00,0x00,0x00,0x00,0x00,0x00,0x00,0x00,0x00,0x00,
	0x00,0x00,0x28,0x11,0x11,0x36,0x1c,0x1c,0x3b,0x1c,0x1c,0x1d,0x0a,0x0a,0x00,0x00,
	0x00,0x00,0x00,0x00,0x00,0x00,0x00,0x00,0x00,0x00,0x00,0x00,0x00,0x00,0x00,0x00,
	0x00,0x00,0x00,0x00,0x00,0x00,0x00,0x00,0x00,0x9a,0x0d,0x0d,0xff,0x18,0x18,0xff,
	0x17,0x17,0x5a,0x08,0x08,0x00,0x00,0x00,0x00,0x00,0x00,0x00,0x00,0x00,0x00,0x00,
	0x00,0x00,0x00,0x00,0x00,0x00,0x00,0x00,0x00,0x00,0x00,0x00,0x00,0x00,0x00,0x00,
	0x00,0x00,0x00,0x00,0x00,0x00,0x00,0x00,0x00,0x00,0x00,0x00,0x00,0x00,0x00,0x00,
	0x00,0x00,0x9b,0x0e,0x0e,0xff,0x18,0x18,0xff,0x17,0x17,0x58,0x08,0x08,0x00,0x00,
	0x00,0x00,0x00,0x00,0x00,0x00,0x00,0x00,0x00,0x00,0x00,0x00,0x00,0x00,0x00,0x00,
	0x00,0x00,0x00,0x00,0x00,0x00,0x00,0x00,0x00,0x28,0x11,0x11,0x36,0x1c,0x1c,0x3b,
	0x1c,0x1c,0x1d,0x0a,0x0a,0x00,0x00,0x00,0x00,0x00,0x00,0x00,0x00,0x00,0x00,0x00,
	0x00,0x00,0x00,0x00,0x00,0x00,0x00,0x00,0x00,0x00,0x00,0x00,0x00,0x00,0x00,0x00,
	0x00,0x00,0x00,0x00,0x00,0x00,0x00,0x00,0x00,0x00,0x00,0x00,0x00,0x00,0x00,0x00,
	0x00,0x00,0x9b,0x0e,0x0e,0xff,0x18,0x18,0xff,0x17,0x17,0x58,0x08,0x08,0x00,0x00,
	0x00,0x00,0x00,0x00,0x00,0x00,0x00,0x00,0x00,0x00,0x00,0x00,0x00,0x00,0x00,0x00,
	0x00,0x00,0x00,0x00,0x00,0x00,0x00,0x00,0x00,0x9a,0x0d,0x0d,0xff,0x18,0x18,0xff,
	0x17,0x17,0x5a,0x08,0x08,0x00,0x00,0x00,0x00,0x00,0x00,0x00,0x00,0x00,0x00,0x00,
	0x00,0x00,0x00,0x00,0x00,0x00,0x00,0x00,0x00,0x00,0x00,0x00,0x00,0x00,0x00,0x00,
	0x00,0x00,0x00,0x00,0x00,0x00,0x00,0x00,0x00,0x00,0x00,0x00,0x00,0x00,0x00,0x00,
	0x00,0x00,0x28,0x11,0x11,0x36,0x1c,0x1c,0x3b,0x1c,0x1c,0x1d,0x0a,0x0a,0x00,0x00,
	0x00,0x00,0x00,0x00,0x00,0x00,0x00,0x00,0x00,0x00,0x00,0x00,0x00,0x00,0x00,0x00,
	0x00,0x00,0x00,0x00,0x00,0x00,0x00,0x00,0x00,0x28,0x11,0x11,0x36,0x1c,0x1c,0x3b,
	0x1c,0x1c,0x1d,0x0b,0x0b,0x00,0x00,0x00,0x00,0x00,0x00,0x00,0x00,0x00,0x00,0x00,
	0x00,0x00,0x00,0x00,0x00,0x00,0x00,0x00,0x00,0x00,0x00,0x00,0x00,0x00,0x00,0x00,
	0x00,0x00,0x00,0x00,0x00,0x00,0x00,0x00,0x00,0x00,0x00,0x00,0x00,0x00,0x00,0x00,
	0x00,0x00,0x9b,0x0e,0x0e,0xff,0x18,0x18,0xff,0x17,0x17,0x58,0x08,0x08,0x00,0x00,
	0x00,0x00,0x00,0x00,0x00,0x00,0x00,0x00,0x00,0x00,0x00,0x00,0x00,0x00,0x00,0x00,
	0x00,0x00,0x00,0x00,0x00,0x00,0x00,0x00,0x00,0x28,0x11,0x11,0x36,0x1c,0x1c,0x3b,
	0x1c,0x1c,0x1d,0x0a,0x0a,0x00,0x00,0x00,0x00,0x00,0x00,0x00,0x00,0x00,0x00,0x00,
	0x00,0x00,0x00,0x00,0x00,0x00,0x00,0x00,0x00,0x00,0x00,0x00,0x00,0x00,0x00,0x00,
	0x00,0x00,0x00,0x00,0x00,0x00,0x00,0x00,0x00,0x00,0x00,0x00,0x00,0x00,0x00,0x00,
	0x00,0x00,0x9b,0x0e,0x0e,0xff,0x18,0x18,0xff,0x17,0x17,0x58,0x08,0x08,0x00,0x00,
	0x00,0x00,0x00,0x00,0x00,0x00,0x00,0x00,0x00,0x00,0x00,0x00,0x00,0x00,0x00,0x00,
	0x00,0x00,0x00,0x00,0x00,0x00,0x00,0x00,0x00,0x28,0x11,0x11,0x36,0x1c,0x1c,0x3b,
	0x1c,0x1c,0x1d,0x0b,0x0b,0x00,0x00,0x00,0x00,0x00,0x00,0x00,0x00,0x00,0x00,0x00,
	0x00,0x00,0x00,0x00,0x00,0x00,0x00,0x00,0x00,0x00,0x00,0x00,0x00,0x00,0x00,0x00,
	0x00,0x00,0x00,0x00,0x00,0x00,0x00,0x00,0x00,0x00,0x00,0x00,0x00,0x00,0x00,0x00,
	0x00,0x00,0x9b,0x0e,0x0e,0xff,0x18,0x18,0xff,0x17,0x17,0x58,0x08,0x08,0x00,0x00,
	0x00,0x00,0x00,0x00,0x00,0x00,0x00,0x00,0x00,0x00,0x00,0x00,0x00,0x00,0x00,0x00,
	0x00,0x00,0x00,0x00,0x00,0x00,0x00,0x00,0x00,0x9a,0x0d,0x0d,0xff,0x18,0x18,0xff,
	0x17,0x17,0x5a,0x08,0x08,0x00,0x00,0x00,0x00,0x00,0x00,0x00,0x00,0x00,0x00,0x00,
	0x00,0x00,0x00,0x00,0x00,0x00,0x00,0x00,0x00,0x00,0x00,0x00,0x00,0x00,0x00,0x00,
	0x00,0x00,0x00,0x00,0x00,0x00,0x00,0x00,0x00,0x00,0x00,0x00,0x00,0x00,0x00,0x00,
	0x00,0x00,0x9b,0x0e,0x0e,0xff,0x18,0x18,0xff,0x17,0x17,0x58,0x08,0x08,0x00,0x00,
	0x00,0x00,0x00,0x00,0x00,0x00,0x00,0x00,0x00,0x00,0x00,0x00,0x00,0x00,0x00,0x00,
	0x00,0x00,0x00,0x00,0x00,0x00,0x00,0x00,0x00,0x28,0x11,0x11,0x36,0x1c,0x1c,0x3b,
	0x1c,0x1c,0x1d,0x0a,0x0a,0x00,0x00,0x00,0x00,0x00,0x00,0x00,0x00,0x00,0x00,0x00,
	0x00,0x00,0x00,0x00,0x00,0x00,0x00,0x00,0x00,0x00,0x00,0x00,0x00,0x00,0x00,0x00,
	0x00,0x00,0x00,0x00,0x00,0x00,0x00,0x00,0x00,0x00,0x00,0x00,0x00,0x00,0x00,0x00,
	0x00,0x00,0x9b,0x0e,0x0e,0xff,0x18,0x18,0xff,0x17,0x17,0x58,0x08,0x08,0x00,0x00,
	0x00,0x00,0x00,0x00,0x00,0x00,0x00,0x00,0x00,0x00,0x00,0x00,0x00,0x00,0x00,0x00,
	0x00,0x00,0x00,0x00,0x00,0x00,0x00,0x00,0x00,0x9a,0x0d,0x0d,0xff,0x18,0x18,0xff,
	0x17,0x17,0x5a,0x08,0x08,0x00,0x00,0x00,0x00,0x00,0x00,0x00,0x00,0x00,0x00,0x00,
	0x00,0x00,0x00,0x00,0x00,0x00,0x00,0x00,0x00,0x00,0x00,0x00,0x00,0x00,0x00,0x00,
	0x00,0x00,0x00,0x00,0x00,0x00,0x00,0x00,0x00,0x00,0x00,0x00,0x00,0x00,0x00,0x00,
	0x00,0x00,0x9b,0x0e,0x0e,0xff,0x18,0x18,0xff,0x17,0x17,0x58,0x08,0x08,0x00,0x00,
	0x00,0x00,0x00,0x00,0x00,0x00,0x00,0x00,0x00,0x00,0x00,0x00,0x00,0x00,0x00,0x00,
	0x00,0x00,0x00,0x00,0x00,0x00,0x00,0x00,0x00,0x28,0x11,0x11,0x36,0x1c,0x1c,0x3b,
	0x1c,0x1c,0x1d,0x0b,0x0b,0x00,0x00,0x00,0x00,0x00,0x00,0x00,0x00,0x00,0x00,0x00,
	0x00,0x00,0x00,0x00,0x00,0x00,0x00,0x00,0x00,0x00,0x00,0x00,0x00,0x00,0x00,0x00,
	0x00,0x00,0x00,0x00,0x00,0x00,0x00,0x00,0x00,0x00,0x00,0x00,0x00,0x00,0x00,0x00,
	0x00,0x00,0x9b,0x0e,0x0e,0xff,0x18,0x18,0xff,0x17,0x17,0x58,0x08,0x08,0x00,0x00,
	0x00,0x00,0x00,0x00,0x00,0x00,0x00,0x00,0x00,0x00,0x00,0x00,0x00,0x00,0x00,0x00,
	0x00,0x00,0x00,0x00,0x00,0x00,0x00,0x00,0x00,0x9a,0x0d,0x0d,0xff,0x18,0x18,0xff,
	0x17,0x17,0x5a,0x08,0x08,0x00,0x00,0x00,0x00,0x00,0x00,0x00,0x00,0x00,0x00,0x00,
	0x00,0x00,0x00,0x00,0x00,0x00,0x00,0x00,0x00,0x00,0x00,0x00,0x00,0x00,0x00,0x00,
	0x00,0x00,0x00,0x00,0x00,0x00,0x00,0x00,0x00,0x00,0x00,0x00,0x00,0x00,0x00,0x00,
	0x00,0x00,0x9b,0x0e,0x0e,0xff,0x18,0x18,0xff,0x17,0x17,0x58,0x08,0x08,0x00,0x00,
	0x00,0x00,0x00,0x00,0x00,0x00,0x00,0x00,0x00,0x00,0x00,0x00,0x00,0x00,0x00,0x01,
	0x00,0x00,0x00,0x00,0x00,0x00,0x00,0x00,0x00,0x25,0x13,0x13,0x37,0x1c,0x1c,0x3a,
	0x1d,0x1d,0x0f,0x06,0x06,0x00,0x00,0x00,0x00,0x00,0x00,0x00,0x00,0x00,0x00,0x00,
	0x00,0x00,0x00,0x00,0x00,0x00,0x00,0x00,0x00,0x00,0x00,0x00,0x00,0x00,0x00,0x00,
	0x00,0x00,0x00,0x00,0x00,0x00,0x00,0x00,0x00,0x00,0x00,0x00,0x00,0x00,0x00,0x00,
	0x00,0x00,0x26,0x14,0x14,0x39,0x1d,0x1d,0x38,0x1b,0x1b,0x15,0x09,0x09,0x00,0x00,
	0x00,0x00,0x00,0x00,0x00,0x00,0x00,0x00,0x00,0x00,0x00,0x00,0x00,0x00,0x00,0x00,
	0x00,0x00,0x00,0x00,0x00,0x00,0x00,0x00,0x00,0xa2,0x0e,0x0e,0xff,0x18,0x18,0xff,
	0x19,0x19,0x27,0x03,0x03,0x00,0x00,0x00,0x00,0x00,0x00,0x00,0x00,0x00,0x00,0x00,
	0x00,0x00,0x00,0x00,0x00,0x00,0x00,0x00,0x00,0x00,0x00,0x00,0x00,0x00,0x00,0x00,
	0x00,0x00,0x00,0x00,0x00,0x00,0x00,0x00,0x00,0x00,0x00,0x00,0x00,0x00,0x00,0x00,
	0x00,0x00,0xb2,0x0f,0x0f,0xff,0x19,0x19,0xff,0x16,0x16,0x47,0x07,0x07,0x00,0x00,
	0x00,0x00,0x00,0x00,0x00,0x00,0x00,0x00,0x00,0x00,0x00,0x00,0x00,0x00,0x00,0x00,
	0x00,0x00,0x00,0x00,0x00,0x00,0x00,0x00,0x00,0x25,0x13,0x13,0x37,0x1c,0x1c,0x3a,
	0x1d,0x1d,0x0f,0x06,0x06,0x00,0x00,0x00,0x00,0x00,0x00,0x00,0x00,0x00,0x00,0x00,
	0x00,0x00,0x00,0x00,0x00,0x00,0x00,0x00,0x00,0x00,0x00,0x00,0x00,0x00,0x00,0x00,
	0x00,0x00,0x00,0x00,0x00,0x00,0x00,0x00,0x00,0x00,0x00,0x00,0x00,0x00,0x00,0x00,
	0x00,0x00,0xba,0x0e,0x0e,0xff,0x19,0x19,0xff,0x17,0x17,0x47,0x07,0x07,0x00,0x00,
	0x00,0x00,0x00,0x00,0x00,0x00,0x00,0x00,0x00,0x00,0x00,0x00,0x00,0x00,0x00,0x00,
	0x00,0x00,0x00,0x00,0x00,0x00,0x00,0x00,0x00,0xa2,0x0e,0x0e,0xff,0x18,0x18,0xff,
	0x19,0x19,0x27,0x03,0x03,0x00,0x00,0x00,0x00,0x00,0x00,0x00,0x00,0x00,0x00,0x00,
	0x00,0x00,0x00,0x00,0x00,0x00,0x00,0x00,0x00,0x00,0x00,0x00,0x00,0x00,0x00,0x00,
	0x00,0x00,0x00,0x00,0x00,0x00,0x00,0x00,0x00,0x00,0x00,0x00,0x00,0x00,0x00,0x00,
	0x00,0x00,0x1e,0x14,0x14,0x3d,0x1d,0x1d,0x38,0x1b,0x1b,0x15,0x09,0x09,0x00,0x00,
	0x00,0x00,0x00,0x00,0x00,0x00,0x00,0x00,0x00,0x00,0x00,0x00,0x00,0x00,0x00,0x00,
	0x00,0x00,0x00,0x00,0x00,0x00,0x00,0x00,0x00,0x25,0x13,0x13,0x39,0x1c,0x1c,0x3a,
	0x1e,0x1e,0x00,0x06,0x06,0x00,0x00,0x00,0x00,0x00,0x00,0x00,0x00,0x00,0x00,0x00,
	0x00,0x00,0x00,0x00,0x00,0x00,0x00,0x00,0x00,0x00,0x00,0x00,0x00,0x00,0x00,0x00,
	0x00,0x00,0x00,0x00,0x00,0x00,0x00,0x00,0x00,0x00,0x00,0x00,0x00,0x00,0x00,0x00,
	0x00,0x00,0xb2,0x0f,0x0f,0xff,0x19,0x19,0xff,0x16,0x16,0x47,0x07,0x07,0x00,0x00,
	0x00,0x00,0x00,0x00,0x00,0x00,0x00,0x00,0x00,0x00,0x00,0x00,0x00,0x00,0x00,0x00,
	0x00,0x00,0x00,0x00,0x00,0x00,0x00,0x00,0x00,0x25,0x13,0x13,0x37,0x1c,0x1c,0x3a,
	0x1d,0x1d,0x0f,0x06,0x06,0x00,0x00,0x00,0x00,0x00,0x00,0x00,0x00,0x00,0x00,0x00,
	0x00,0x00,0x00,0x00,0x00,0x00,0x00,0x00,0x00,0x00,0x00,0x00,0x00,0x00,0x00,0x00,
	0x00,0x00,0x00,0x00,0x00,0x00,0x00,0x00,0x00,0x00,0x00,0x00,0x00,0x00,0x00,0x00,
	0x00,0x00,0xba,0x0e,0x0e,0xff,0x19,0x19,0xff,0x17,0x17,0x47,0x07,0x07,0x00,0x00,
	0x00,0x00,0x00,0x00,0x00,0x00,0x00,0x00,0x00,0x00,0x00,0x00,0x00,0x00,0x00,0x00,
	0x00,0x00,0x00,0x00,0x00,0x00,0x00,0x00,0x00,0x25,0x13,0x13,0x39,0x1c,0x1c,0x3a,
	0x1e,0x1e,0x00,0x06,0x06,0x00,0x00,0x00,0x00,0x00,0x00,0x00,0x00,0x00,0x00,0x00,
	0x00,0x00,0x00,0x00,0x00,0x00,0x00,0x00,0x00,0x00,0x00,0x00,0x00,0x00,0x00,0x00,
	0x00,0x00,0x00,0x00,0x00,0x00,0x00,0x00,0x00,0x00,0x00,0x00,0x00,0x00,0x00,0x00,
	0x00,0x00,0xb2,0x0f,0x0f,0xff,0x19,0x19,0xff,0x16,0x16,0x47,0x07,0x07,0x00,0x00,
	0x00,0x00,0x00,0x00,0x00,0x00,0x00,0x00,0x00,0x00,0x00,0x00,0x00,0x00,0x00,0x00,
	0x00,0x00,0x00,0x00,0x00,0x00,0x00,0x00,0x00,0xa2,0x0e,0x0e,0xff,0x18,0x18,0xff,
	0x19,0x19,0x27,0x03,0x03,0x00,0x00,0x00,0x00,0x00,0x00,0x00,0x00,0x00,0x00,0x00,
	0x00,0x00,0x00,0x00,0x00,0x00,0x00,0x00,0x00,0x00,0x00,0x00,0x00,0x00,0x00,0x00,
	0x00,0x00,0x00,0x00,0x00,0x00,0x00,0x00,0x00,0x00,0x00,0x00,0x00,0x00,0x00,0x00,
	0x00,0x00,0xb2,0x0f,0x0f,0xff,0x19,0x19,0xff,0x16,0x16,0x47,0x07,0x07,0x00,0x00,
	0x00,0x00,0x00,0x00,0x00,0x00,0x00,0x00,0x00,0x00,0x00,0x00,0x00,0x00,0x00,0x00,
	0x00,0x00,0x00,0x00,0x00,0x00,0x00,0x00,0x00,0x25,0x13,0x13,0x37,0x1c,0x1c,0x3a,
	0x1d,0x1d,0x0f,0x06,0x06,0x00,0x00,0x00,0x00,0x00,0x00,0x00,0x00,0x00,0x00,0x00,
	0x00,0x00,0x00,0x00,0x00,0x00,0x00,0x00,0x00,0x00,0x00,0x00,0x00,0x00,0x00,0x00,
	0x00,0x00,0x00,0x00,0x00,0x00,0x00,0x00,0x00,0x00,0x00,0x00,0x00,0x00,0x00,0x00,
	0x00,0x00,0xba,0x0e,0x0e,0xff,0x19,0x19,0xff,0x17,0x17,0x47,0x07,0x07,0x00,0x00,
	0x00,0x00,0x00,0x00,0x00,0x00,0x00,0x00,0x00,0x00,0x00,0x00,0x00,0x00,0x00,0x00,
	0x00,0x00,0x00,0x00,0x00,0x00,0x00,0x00,0x00,0xa2,0x0e,0x0e,0xff,0x18,0x18,0xff,
	0x19,0x19,0x27,0x03,0x03,0x00,0x00,0x00,0x00,0x00,0x00,0x00,0x00,0x00,0x00,0x00,
	0x00,0x00,0x00,0x00,0x00,0x00,0x00,0x00,0x00,0x00,0x00,0x00,0x00,0x00,0x00,0x00,
	0x00,0x00,0x00,0x00,0x00,0x00,0x00,0x00,0x00,0x00,0x00,0x00,0x00,0x00,0x00,0x00,
	0x00,0x00,0xb2,0x0f,0x0f,0xff,0x19,0x19,0xff,0x16,0x16,0x47,0x07,0x07,0x00,0x00,
	0x00,0x00,0x00,0x00,0x00,0x00,0x00,0x00,0x00,0x00,0x00,0x00,0x00,0x00,0x00,0x00,
	0x00,0x00,0x00,0x00,0x00,0x00,0x00,0x00,0x00,0x25,0x13,0x13,0x39,0x1c,0x1c,0x3a,
	0x1e,0x1e,0x00,0x06,0x06,0x00,0x00,0x00,0x00,0x00,0x00,0x00,0x00,0x00,0x00,0x00,
	0x00,0x00,0x00,0x00,0x00,0x00,0x00,0x00,0x00,0x00,0x00,0x00,0x00,0x00,0x00,0x00,
	0x00,0x00,0x00,0x00,0x00,0x00,0x00,0x00,0x00,0x00,0x00,0x00,0x00,0x00,0x00,0x00,
	0x00,0x00,0xb2,0x0f,0x0f,0xff,0x19,0x19,0xff,0x16,0x16,0x47,0x07,0x07,0x00,0x00,
	0x00,0x00,0x00,0x00,0x00,0x00,0x00,0x00,0x00,0x00,0x00,0x00,0x00,0x00,0x00,0x00,
	0x00,0x00,0x00,0x00,0x00,0x00,0x00,0x00,0x00,0xa2,0x0e,0x0e,0xff,0x18,0x18,0xff,
	0x18,0x18,0x45,0x03,0x03,0x00,0x00,0x00,0x00,0x00,0x00,0x00,0x00,0x00,0x00,0x00,
	0x00,0x00,0x00,0x00,0x00,0x00,0x00,0x00,0x00,0x00,0x00,0x00,0x00,0x00,0x00,0x00,
	0x00,0x00,0x00,0x00,0x00,0x00,0x00,0x00,0x00,0x00,0x00,0x00,0x00,0x00,0x00,0x00,
	0x00,0x00,0xba,0x0e,0x0e,0xff,0x19,0x19,0xff,0x17,0x17,0x48,0x07,0x07,0x00,0x00,
	0x00,0x00,0x00,0x00,0x00,0x00,0x00,0x00,0x00,0x00,0x00,0x00,0x00,0x00,0x00,0x01,
	0x00,0x00,0x00,0x00,0x00,0x00,0x00,0x00,0x00,0x29,0x14,0x14,0x38,0x1e,0x1e,0x2f,
	0x13,0x13,0x1e,0x0c,0x0c,0x1b,0x0e,0x0e,0x1b,0x0d,0x0d,0x1b,0x0d,0x0d,0x1b,0x0d,
	0x0d,0x1b,0x0d,0x0d,0x1b,0x0d,0x0d,0x1b,0x0d,0x0d,0x1b,0x0d,0x0d,0x1b,0x0d,0x0d,
	0x1b,0x0d,0x0d,0x1b,0x0d,0x0d,0x1b,0x0d,0x0d,0x1b,0x0d,0x0d,0x1b,0x0e,0x0e,0x19,
	0x0c,0x0c,0x23,0x0e,0x0e,0x34,0x1a,0x1a,0x37,0x1c,0x1c,0x0a,0x05,0x05,0x03,0x01,
	0x01,0x27,0x13,0x13,0x2d,0x17,0x17,0x18,0x0c,0x0c,0x00,0x00,0x00,0x00,0x00,0x00,
	0x00,0x00,0x00,0x00,0x00,0x00,0x00,0x00,0x00,0xb9,0x10,0x10,0xff,0x1a,0x1a,0x8c,
	0x0c,0x0c,0x50,0x07,0x07,0x80,0x0b,0x0b,0x74,0x0a,0x0a,0x74,0x0a,0x0a,0x74,0x0a,
	0x0a,0x74,0x0a,0x0a,0x74,0x0a,0x0a,0x74,0x0a,0x0a,0x74,0x0a,0x0a,0x74,0x0a,0x0a,
	0x74,0x0a,0x0a,0x74,0x0a,0x0a,0x74,0x0a,0x0a,0x74,0x0a,0x0a,0x7a,0x0b,0x0b,0x68,
	0x09,0x09,0x5b,0x08,0x08,0xf6,0x16,0x16,0xff,0x18,0x18,0x32,0x03,0x03,0x00,0x02,
	0x02,0x27,0x13,0x13,0x2d,0x17,0x17,0x18,0x0c,0x0c,0x00,0x00,0x00,0x00,0x00,0x00,
	0x00,0x00,0x00,0x00,0x00,0x00,0x00,0x00,0x00,0x29,0x14,0x14,0x38,0x1e,0x1e,0x2f,
	0x13,0x13,0x1e,0x0c,0x0c,0x1b,0x0e,0x0e,0x1b,0x0d,0x0d,0x1b,0x0d,0x0d,0x1b,0x0d,
	0x0d,0x1b,0x0d,0x0d,0x1b,0x0d,0x0d,0x1b,0x0d,0x0d,0x1b,0x0d,0x0d,0x1b,0x0d,0x0d,
	0x1b,0x0d,0x0d,0x1b,0x0d,0x0d,0x1b,0x0d,0x0d,0x1b,0x0d,0x0d,0x1b,0x0e,0x0e,0x0d,
	0x0d,0x0d,0x64,0x09,0x09,0xff,0x15,0x15,0xff,0x18,0x18,0x32,0x03,0x03,0x00,0x02,
	0x02,0x27,0x13,0x13,0x2d,0x17,0x17,0x18,0x0c,0x0c,0x00,0x00,0x00,0x00,0x00,0x00,
	0x00,0x00,0x00,0x00,0x00,0x00,0x00,0x00,0x00,0xb9,0x10,0x10,0xff,0x1a,0x1a,0x8c,
	0x0c,0x0c,0x50,0x07,0x07,0x80,0x0b,0x0b,0x74,0x0a,0x0a,0x74,0x0a,0x0a,0x74,0x0a,
	0x0a,0x74,0x0a,0x0a,0x74,0x0a,0x0a,0x74,0x0a,0x0a,0x74,0x0a,0x0a,0x74,0x0a,0x0a,
	0x74,0x0a,0x0a,0x74,0x0a,0x0a,0x74,0x0a,0x0a,0x74,0x0a,0x0a,0x7a,0x0b,0x0b,0x72,
	0x09,0x09,0x1b,0x0d,0x0d,0x1f,0x1b,0x1b,0x3b,0x1c,0x1c,0x0a,0x05,0x05,0x03,0x01,
	0x01,0x27,0x13,0x13,0x2d,0x17,0x17,0x18,0x0c,0x0c,0x00,0x00,0x00,0x00,0x00,0x00,
	0x00,0x00,0x00,0x00,0x00,0x00,0x00,0x00,0x00,0x2c,0x14,0x14,0x2f,0x1f,0x1f,0x0e,
	0x12,0x12,0x5c,0x08,0x08,0x80,0x0b,0x0b,0x74,0x0a,0x0a,0x74,0x0a,0x0a,0x74,0x0a,
	0x0a,0x74,0x0a,0x0a,0x74,0x0a,0x0a,0x74,0x0a,0x0a,0x74,0x0a,0x0a,0x74,0x0a,0x0a,
	0x74,0x0a,0x0a,0x74,0x0a,0x0a,0x74,0x0a,0x0a,0x74,0x0a,0x0a,0x7a,0x0b,0x0b,0x68,
	0x09,0x09,0x5b,0x08,0x08,0xf6,0x16,0x16,0xff,0x18,0x18,0x32,0x03,0x03,0x00,0x02,
	0x02,0x27,0x13,0x13,0x2d,0x17,0x17,0x18,0x0c,0x0c,0x00,0x00,0x00,0x00,0x00,0x00,
	0x00,0x00,0x00,0x00,0x00,0x00,0x00,0x00,0x00,0x29,0x14,0x14,0x38,0x1e,0x1e,0x2f,
	0x13,0x13,0x1e,0x0c,0x0c,0x1b,0x0e,0x0e,0x1b,0x0d,0x0d,0x1b,0x0d,0x0d,0x1b,0x0d,
	0x0d,0x1b,0x0d,0x0d,0x1b,0x0d,0x0d,0x1b,0x0d,0x0d,0x1b,0x0d,0x0d,0x1b,0x0d,0x0d,
	0x1b,0x0d,0x0d,0x1b,0x0d,0x0d,0x1b,0x0d,0x0d,0x1b,0x0d,0x0d,0x1b,0x0e,0x0e,0x0d,
	0x0d,0x0d,0x64,0x09,0x09,0xff,0x15,0x15,0xff,0x18,0x18,0x32,0x03,0x03,0x00,0x02,
	0x02,0x27,0x13,0x13,0x2d,0x17,0x17,0x18,0x0c,0x0c,0x00,0x00,0x00,0x00,0x00,0x00,
	0x00,0x00,0x00,0x00,0x00,0x00,0x00,0x00,0x00,0x2c,0x14,0x14,0x2f,0x1f,0x1f,0x0e,
	0x12,0x12,0x5c,0x08,0x08,0x80,0x0b,0x0b,0x74,0x0a,0x0a,0x74,0x0a,0x0a,0x74,0x0a,
	0x0a,0x74,0x0a,0x0a,0x74,0x0a,0x0a,0x74,0x0a,0x0a,0x74,0x0a,0x0a,0x74,0x0a,0x0a,
	0x74,0x0a,0x0a,0x74,0x0a,0x0a,0x74,0x0a,0x0a,0x74,0x0a,0x0a,0x7a,0x0b,0x0b,0x68,
	0x09,0x09,0x5b,0x08,0x08,0xf6,0x16,0x16,0xff,0x18,0x18,0x32,0x03,0x03,0x00,0x02,
	0x02,0x27,0x13,0x13,0x2d,0x17,0x17,0x18,0x0c,0x0c,0x00,0x00,0x00,0x00,0x00,0x00,
	0x00,0x00,0x00,0x00,0x00,0x00,0x00,0x00,0x00,0xb9,0x10,0x10,0xff,0x1a,0x1a,0x8c,
	0x0c,0x0c,0x50,0x07,0x07,0x80,0x0b,0x0b,0x74,0x0a,0x0a,0x74,0x0a,0x0a,0x74,0x0a,
	0x0a,0x74,0x0a,0x0a,0x74,0x0a,0x0a,0x74,0x0a,0x0a,0x74,0x0a,0x0a,0x74,0x0a,0x0a,
	0x74,0x0a,0x0a,0x74,0x0a,0x0a,0x74,0x0a,0x0a,0x74,0x0a,0x0a,0x7a,0x0b,0x0b,0x68,
	0x09,0x09,0x5b,0x08,0x08,0xf6,0x16,0x16,0xff,0x18,0x18,0x32,0x03,0x03,0x00,0x02,
	0x02,0x27,0x13,0x13,0x2d,0x17,0x17,0x18,0x0c,0x0c,0x00,0x00,0x00,0x00,0x00,0x00,
	0x00,0x00,0x00,0x00,0x00,0x00,0x00,0x00,0x00,0x29,0x14,0x14,0x38,0x1e,0x1e,0x2f,
	0x13,0x13,0x1e,0x0c,0x0c,0x1b,0x0e,0x0e,0x1b,0x0d,0x0d,0x1b,0x0d,0x0d,0x1b,0x0d,
	0x0d,0x1b,0x0d,0x0d,0x1b,0x0d,0x0d,0x1b,0x0d,0x0d,0x1b,0x0d,0x0d,0x1b,0x0d,0x0d,
	0x1b,0x0d,0x0d,0x1b,0x0d,0x0d,0x1b,0x0d,0x0d,0x1b,0x0d,0x0d,0x1b,0x0e,0x0e,0x0d,
	0x0d,0x0d,0x64,0x09,0x09,0xff,0x15,0x15,0xff,0x18,0x18,0x32,0x03,0x03,0x00,0x02,
	0x02,0x27,0x13,0x13,0x2d,0x17,0x17,0x18,0x0c,0x0c,0x00,0x00,0x00,0x00,0x00,0x00,
	0x00,0x00,0x00,0x00,0x00,0x00,0x00,0x00,0x00,0xb9,0x10,0x10,0xff,0x1a,0x1a,0x8c,
	0x0c,0x0c,0x50,0x07,0x07,0x80,0x0b,0x0b,0x74,0x0a,0x0a,0x74,0x0a,0x0a,0x74,0x0a,
	0x0a,0x74,0x0a,0x0a,0x74,0x0a,0x0a,0x74,0x0a,0x0a,0x74,0x0a,0x0a,0x74,0x0a,0x0a,
	0x74,0x0a,0x0a,0x74,0x0a,0x0a,0x74,0x0a,0x0a,0x74,0x0a,0x0a,0x7a,0x0b,0x0b,0x68,
	0x09,0x09,0x5b,0x08,0x08,0xf6,0x16,0x16,0xff,0x18,0x18,0x32,0x03,0x03,0x00,0x02,
	0x02,0x27,0x13,0x13,0x2d,0x17,0x17,0x18,0x0c,0x0c,0x00,0x00,0x00,0x00,0x00,0x00,
	0x00,0x00,0x00,0x00,0x00,0x00,0x00,0x00,0x00,0x2c,0x14,0x14,0x2f,0x1f,0x1f,0x0e,
	0x12,0x12,0x5c,0x08,0x08,0x80,0x0b,0x0b,0x74,0x0a,0x0a,0x74,0x0a,0x0a,0x74,0x0a,
	0x0a,0x74,0x0a,0x0a,0x74,0x0a,0x0a,0x74,0x0a,0x0a,0x74,0x0a,0x0a,0x74,0x0a,0x0a,
	0x74,0x0a,0x0a,0x74,0x0a,0x0a,0x74,0x0a,0x0a,0x74,0x0a,0x0a,0x7a,0x0b,0x0b,0x68,
	0x09,0x09,0x5b,0x08,0x08,0xf6,0x16,0x16,0xff,0x18,0x18,0x32,0x03,0x03,0x00,0x02,
	0x02,0x27,0x13,0x13,0x2d,0x17,0x17,0x18,0x0c,0x0c,0x00,0x00,0x00,0x00,0x00,0x00,
	0x00,0x00,0x00,0x00,0x00,0x00,0x00,0x00,0x00,0xb6,0x10,0x10,0xff,0x19,0x19,0xad,
	0x0c,0x0c,0x11,0x0b,0x0b,0x19,0x0e,0x0e,0x1a,0x0d,0x0d,0x1a,0x0d,0x0d,0x1a,0x0d,
	0x0d,0x1a,0x0d,0x0d,0x1a,0x0d,0x0d,0x1a,0x0d,0x0d,0x1a,0x0d,0x0d,0x1a,0x0d,0x0d,
	0x1a,0x0d,0x0d,0x1a,0x0d,0x0d,0x1a,0x0d,0x0d,0x1a,0x0d,0x0d,0x1a,0x0d,0x0d,0x0e,
	0x0c,0x0c,0x65,0x09,0x09,0xff,0x15,0x15,0xff,0x18,0x18,0x32,0x03,0x03,0x00,0x01,
	0x01,0x26,0x12,0x12,0x2d,0x17,0x17,0x17,0x0a,0x0a,0x00,0x00,0x00,0x00,0x00,0x01,
	0x00,0x00,0x00,0x00,0x00,0x00,0x05,0x00,0x00,0x38,0x19,0x19,0x2e,0x13,0x13,0x2a,
	0x0f,0x0f,0x37,0x1b,0x1b,0x39,0x1d,0x1d,0x39,0x1c,0x1c,0x39,0x1c,0x1c,0x39,0x1c,
	0x1c,0x39,0x1c,0x1c,0x39,0x1c,0x1c,0x39,0x1c,0x1c,0x39,0x1c,0x1c,0x39,0x1c,0x1c,
	0x39,0x1c,0x1c,0x39,0x1c,0x1c,0x39,0x1c,0x1c,0x39,0x1c,0x1c,0x39,0x1c,0x1c,0x3a,
	0x1e,0x1e,0x2b,0x12,0x12,0x25,0x0e,0x0e,0x40,0x1e,0x1e,0x08,0x02,0x02,0x07,0x04,
	0x04,0x3d,0x1f,0x1f,0x3e,0x20,0x20,0x2c,0x16,0x16,0x00,0x00,0x00,0x00,0x00,0x00,
	0x00,0x00,0x00,0x00,0x00,0x00,0x02,0x00,0x00,0xeb,0x14,0x14,0x95,0x0d,0x0d,0x5b,
	0x08,0x08,0xff,0x17,0x17,0xff,0x19,0x19,0xff,0x18,0x18,0xff,0x18,0x18,0xff,0x18,
	0x18,0xff,0x18,0x18,0xff,0x18,0x18,0xff,0x18,0x18,0xff,0x18,0x18,0xff,0x18,0x18,
	0xff,0x18,0x18,0xff,0x18,0x18,0xff,0x18,0x18,0xff,0x18,0x18,0xff,0x18,0x18,0xff,
	0x19,0x19,0x84,0x0c,0x0c,0x5c,0x08,0x08,0xff,0x18,0x18,0x2c,0x00,0x00,0x00,0x06,
	0x06,0x3d,0x1f,0x1f,0x3e,0x20,0x20,0x2c,0x16,0x16,0x00,0x00,0x00,0x00,0x00,0x00,
	0x00,0x00,0x00,0x00,0x00,0x00,0x05,0x00,0x00,0x38,0x19,0x19,0x2e,0x13,0x13,0x2a,
	0x0f,0x0f,0x37,0x1b,0x1b,0x39,0x1d,0x1d,0x39,0x1c,0x1c,0x39,0x1c,0x1c,0x39,0x1c,
	0x1c,0x39,0x1c,0x1c,0x39,0x1c,0x1c,0x39,0x1c,0x1c,0x39,0x1c,0x1c,0x39,0x1c,0x1c,
	0x39,0x1c,0x1c,0x39,0x1c,0x1c,0x39,0x1c,0x1c,0x39,0x1c,0x1c,0x39,0x1c,0x1c,0x35,
	0x1e,0x1e,0x00,0x11,0x11,0x79,0x09,0x09,0xff,0x17,0x17,0x2c,0x00,0x00,0x00,0x06,
	0x06,0x3d,0x1f,0x1f,0x3e,0x20,0x20,0x2c,0x16,0x16,0x00,0x00,0x00,0x00,0x00,0x00,
	0x00,0x00,0x00,0x00,0x00,0x00,0x02,0x00,0x00,0xeb,0x14,0x14,0x95,0x0d,0x0d,0x5b,
	0x08,0x08,0xff,0x17,0x17,0xff,0x19,0x19,0xff,0x18,0x18,0xff,0x18,0x18,0xff,0x18,
	0x18,0xff,0x18,0x18,0xff,0x18,0x18,0xff,0x18,0x18,0xff,0x18,0x18,0xff,0x18,0x18,
	0xff,0x18,0x18,0xff,0x18,0x18,0xff,0x18,0x18,0xff,0x18,0x18,0xff,0x18,0x18,0xff,
	0x19,0x19,0xad,0x0c,0x0c,0x08,0x0d,0x0d,0x32,0x1f,0x1f,0x08,0x02,0x02,0x07,0x04,
	0x04,0x3d,0x1f,0x1f,0x3e,0x20,0x20,0x2c,0x16,0x16,0x00,0x00,0x00,0x00,0x00,0x00,
	0x00,0x00,0x00,0x00,0x00,0x00,0x05,0x00,0x00,0x30,0x1a,0x1a,0x07,0x13,0x13,0x7e,
	0x09,0x09,0xff,0x16,0x16,0xff,0x19,0x19,0xff,0x18,0x18,0xff,0x18,0x18,0xff,0x18,
	0x18,0xff,0x18,0x18,0xff,0x18,0x18,0xff,0x18,0x18,0xff,0x18,0x18,0xff,0x18,0x18,
	0xff,0x18,0x18,0xff,0x18,0x18,0xff,0x18,0x18,0xff,0x18,0x18,0xff,0x18,0x18,0xff,
	0x19,0x19,0x84,0x0c,0x0c,0x5c,0x08,0x08,0xff,0x18,0x18,0x2c,0x00,0x00,0x00,0x06,
	0x06,0x3d,0x1f,0x1f,0x3e,0x20,0x20,0x2c,0x16,0x16,0x00,0x00,0x00,0x00,0x00,0x00,
	0x00,0x00,0x00,0x00,0x00,0x00,0x05,0x00,0x00,0x38,0x19,0x19,0x2e,0x13,0x13,0x2a,
	0x0f,0x0f,0x37,0x1b,0x1b,0x39,0x1d,0x1d,0x39,0x1c,0x1c,0x39,0x1c,0x1c,0x39,0x1c,
	0x1c,0x39,0x1c,0x1c,0x39,0x1c,0x1c,0x39,0x1c,0x1c,0x39,0x1c,0x1c,0x39,0x1c,0x1c,
	0x39,0x1c,0x1c,0x39,0x1c,0x1c,0x39,0x1c,0x1c,0x39,0x1c,0x1c,0x39,0x1c,0x1c,0x35,
	0x1e,0x1e,0x00,0x11,0x11,0x79,0x09,0x09,0xff,0x17,0x17,0x2c,0x00,0x00,0x00,0x06,
	0x06,0x3d,0x1f,0x1f,0x3e,0x20,0x20,0x2c,0x16,0x16,0x00,0x00,0x00,0x00,0x00,0x00,
	0x00,0x00,0x00,0x00,0x00,0x00,0x05,0x00,0x00,0x30,0x1a,0x1a,0x07,0x13,0x13,0x7e,
	0x09,0x09,0xff,0x16,0x16,0xff,0x19,0x19,0xff,0x18,0x18,0xff,0x18,0x18,0xff,0x18,
	0x18,0xff,0x18,0x18,0xff,0x18,0x18,0xff,0x18,0x18,0xff,0x18,0x18,0xff,0x18,0x18,
	0xff,0x18,0x18,0xff,0x18,0x18,0xff,0x18,0x18,0xff,0x18,0x18,0xff,0x18,0x18,0xff,
	0x19,0x19,0x84,0x0c,0x0c,0x5c,0x08,0x08,0xff,0x18,0x18,0x2c,0x00,0x00,0x00,0x06,
	0x06,0x3d,0x1f,0x1f,0x3e,0x20,0x20,0x2c,0x16,0x16,0x00,0x00,0x00,0x00,0x00,0x00,
	0x00,0x00,0x00,0x00,0x00,0x00,0x02,0x00,0x00,0xeb,0x14,0x14,0x95,0x0d,0x0d,0x5b,
	0x08,0x08,0xff,0x17,0x17,0xff,0x19,0x19,0xff,0x18,0x18,0xff,0x18,0x18,0xff,0x18,
	0x18,0xff,0x18,0x18,0xff,0x18,0x18,0xff,0x18,0x18,0xff,0x18,0x18,0xff,0x18,0x18,
	0xff,0x18,0x18,0xff,0x18,0x18,0xff,0x18,0x18,0xff,0x18,0x18,0xff,0x18,0x18,0xff,
	0x19,0x19,0x84,0x0c,0x0c,0x5c,0x08,0x08,0xff,0x18,0x18,0x2c,0x00,0x00,0x00,0x06,
	0x06,0x3d,0x1f,0x1f,0x3e,0x20,0x20,0x2c,0x16,0x16,0x00,0x00,0x00,0x00,0x00,0x00,
	0x00,0x00,0x00,0x00,0x00,0x00,0x05,0x00,0x00,0x38,0x19,0x19,0x2e,0x13,0x13,0x2a,
	0x0f,0x0f,0x37,0x1b,0x1b,0x39,0x1d,0x1d,0x39,0x1c,0x1c,0x39,0x1c,0x1c,0x39,0x1c,
	0x1c,0x39,0x1c,0x1c,0x39,0x1c,0x1c,0x39,0x1c,0x1c,0x39,0x1c,0x1c,0x39,0x1c,0x1c,
	0x39,0x1c,0x1c,0x39,0x1c,0x1c,0x39,0x1c,0x1c,0x39,0x1c,0x1c,0x39,0x1c,0x1c,0x35,
	0x1e,0x1e,0x00,0x11,0x11,0x79,0x09,0x09,0xff,0x17,0x17,0x2c,0x00,0x00,0x00,0x06,
	0x06,0x3d,0x1f,0x1f,0x3e,0x20,0x20,0x2c,0x16,0x16,0x00,0x00,0x00,0x00,0x00,0x00,
	0x00,0x00,0x00,0x00,0x00,0x00,0x02,0x00,0x00,0xeb,0x14,0x14,0x95,0x0d,0x0d,0x5b,
	0x08,0x08,0xff,0x17,0x17,0xff,0x19,0x19,0xff,0x18,0x18,0xff,0x18,0x18,0xff,0x18,
	0x18,0xff,0x18,0x18,0xff,0x18,0x18,0xff,0x18,0x18,0xff,0x18,0x18,0xff,0x18,0x18,
	0xff,0x18,0x18,0xff,0x18,0x18,0xff,0x18,0x18,0xff,0x18,0x18,0xff,0x18,0x18,0xff,
	0x19,0x19,0x84,0x0c,0x0c,0x5c,0x08,0x08,0xff,0x18,0x18,0x2c,0x00,0x00,0x00,0x06,
	0x06,0x3d,0x1f,0x1f,0x3e,0x20,0x20,0x2c,0x16,0x16,0x00,0x00,0x00,0x00,0x00,0x00,
	0x00,0x00,0x00,0x00,0x00,0x00,0x05,0x00,0x00,0x30,0x1a,0x1a,0x07,0x13,0x13,0x7e,
	0x09,0x09,0xff,0x16,0x16,0xff,0x19,0x19,0xff,0x18,0x18,0xff,0x18,0x18,0xff,0x18,
	0x18,0xff,0x18,0x18,0xff,0x18,0x18,0xff,0x18,0x18,0xff,0x18,0x18,0xff,0x18,0x18,
	0xff,0x18,0x18,0xff,0x18,0x18,0xff,0x18,0x18,0xff,0x18,0x18,0xff,0x18,0x18,0xff,
	0x19,0x19,0x84,0x0c,0x0c,0x5c,0x08,0x08,0xff,0x18,0x18,0x2c,0x00,0x00,0x00,0x06,
	0x06,0x3d,0x1f,0x1f,0x3e,0x20,0x20,0x2c,0x16,0x16,0x00,0x00,0x00,0x00,0x00,0x00,
	0x00,0x00,0x00,0x00,0x00,0x00,0x02,0x00,0x00,0xf3,0x14,0x14,0xbb,0x0d,0x0d,0x07,
	0x0c,0x0c,0x26,0x1c,0x1c,0x39,0x1d,0x1d,0x39,0x1c,0x1c,0x39,0x1c,0x1c,0x39,0x1c,
	0x1c,0x39,0x1c,0x1c,0x39,0x1c,0x1c,0x39,0x1c,0x1c,0x39,0x1c,0x1c,0x39,0x1c,0x1c,
	0x39,0x1c,0x1c,0x39,0x1c,0x1c,0x39,0x1c,0x1c,0x39,0x1c,0x1c,0x39,0x1d,0x1d,0x35,
	0x1e,0x1e,0x02,0x11,0x11,0x79,0x09,0x09,0xff,0x17,0x17,0x2c,0x00,0x00,0x00,0x05,
	0x05,0x3e,0x1f,0x1f,0x40,0x20,0x20,0x2b,0x16,0x16,0x00,0x00,0x00,0x00,0x00,0x00,
	0x00,0x00,0x00,0x00,0x00,0x00,0x03,0x01,0x01,0x22,0x0c,0x0c,0x38,0x17,0x17,0x3b,
	0x1e,0x1e,0x39,0x1d,0x1d,0x39,0x1c,0x1c,0x39,0x1c,0x1c,0x39,0x1c,0x1c,0x39,0x1c,
	0x1c,0x39,0x1c,0x1c,0x39,0x1c,0x1c,0x39,0x1c,0x1c,0x39,0x1c,0x1c,0x39,0x1c,0x1c,
	0x39,0x1c,0x1c,0x39,0x1c,0x1c,0x39,0x1c,0x1c,0x39,0x1c,0x1c,0x39,0x1c,0x1c,0x38,
	0x1c,0x1c,0x3d,0x20,0x20,0x37,0x17,0x17,0x21,0x0b,0x0b,0x03,0x00,0x00,0x0f,0x07,
	0x07,0x40,0x20,0x20,0x41,0x21,0x21,0x2b,0x15,0x15,0x00,0x00,0x00,0x00,0x00,0x00,
	0x00,0x00,0x00,0x00,0x00,0x00,0x04,0x00,0x00,0x48,0x06,0x06,0xad,0x0f,0x0f,0xff,
	0x1b,0x1b,0xff,0x19,0x19,0xff,0x17,0x17,0xff,0x18,0x18,0xff,0x18,0x18,0xff,0x18,
	0x18,0xff,0x18,0x18,0xff,0x18,0x18,0xff,0x18,0x18,0xff,0x18,0x18,0xff,0x18,0x18,
	0xff,0x18,0x18,0xff,0x18,0x18,0xff,0x18,0x18,0xff,0x18,0x18,0xff,0x18,0x18,0xff,
	0x18,0x18,0xff,0x1c,0x1c,0xb9,0x10,0x10,0x3d,0x05,0x05,0x0d,0x00,0x00,0x0d,0x08,
	0x08,0x40,0x20,0x20,0x41,0x21,0x21,0x2b,0x15,0x15,0x00,0x00,0x00,0x00,0x00,0x00,
	0x00,0x00,0x00,0x00,0x00,0x00,0x03,0x01,0x01,0x22,0x0c,0x0c,0x38,0x17,0x17,0x3b,
	0x1e,0x1e,0x39,0x1d,0x1d,0x39,0x1c,0x1c,0x39,0x1c,0x1c,0x39,0x1c,0x1c,0x39,0x1c,
	0x1c,0x39,0x1c,0x1c,0x39,0x1c,0x1c,0x39,0x1c,0x1c,0x39,0x1c,0x1c,0x39,0x1c,0x1c,
	0x39,0x1c,0x1c,0x39,0x1c,0x1c,0x39,0x1c,0x1c,0x39,0x1c,0x1c,0x39,0x1c,0x1c,0x3a,
	0x1c,0x1c,0x37,0x21,0x21,0x24,0x17,0x17,0x4f,0x06,0x06,0x0d,0x00,0x00,0x0d,0x08,
	0x08,0x40,0x20,0x20,0x41,0x21,0x21,0x2b,0x15,0x15,0x00,0x00,0x00,0x00,0x00,0x00,
	0x00,0x00,0x00,0x00,0x00,0x00,0x04,0x00,0x00,0x48,0x06,0x06,0xad,0x0f,0x0f,0xff,
	0x1b,0x1b,0xff,0x19,0x19,0xff,0x17,0x17,0xff,0x18,0x18,0xff,0x18,0x18,0xff,0x18,
	0x18,0xff,0x18,0x18,0xff,0x18,0x18,0xff,0x18,0x18,0xff,0x18,0x18,0xff,0x18,0x18,
	0xff,0x18,0x18,0xff,0x18,0x18,0xff,0x18,0x18,0xff,0x18,0x18,0xff,0x18,0x18,0xff,
	0x18,0x18,0xff,0x1b,0x1b,0xcc,0x10,0x10,0x0e,0x0a,0x0a,0x03,0x00,0x00,0x0f,0x07,
	0x07,0x40,0x20,0x20,0x41,0x21,0x21,0x2b,0x15,0x15,0x00,0x00,0x00,0x00,0x00,0x00,
	0x00,0x00,0x00,0x00,0x00,0x00,0x03,0x01,0x01,0x0f,0x0b,0x0b,0xb6,0x11,0x11,0xff,
	0x19,0x19,0xff,0x19,0x19,0xff,0x17,0x17,0xff,0x18,0x18,0xff,0x18,0x18,0xff,0x18,
	0x18,0xff,0x18,0x18,0xff,0x18,0x18,0xff,0x18,0x18,0xff,0x18,0x18,0xff,0x18,0x18,
	0xff,0x18,0x18,0xff,0x18,0x18,0xff,0x18,0x18,0xff,0x18,0x18,0xff,0x18,0x18,0xff,
	0x18,0x18,0xff,0x1c,0x1c,0xb9,0x10,0x10,0x3d,0x05,0x05,0x0d,0x00,0x00,0x0d,0x08,
	0x08,0x40,0x20,0x20,0x41,0x21,0x21,0x2b,0x15,0x15,0x00,0x00,0x00,0x00,0x00,0x00,
	0x00,0x00,0x00,0x00,0x00,0x00,0x03,0x01,0x01,0x22,0x0c,0x0c,0x38,0x17,0x17,0x3b,
	0x1e,0x1e,0x39,0x1d,0x1d,0x39,0x1c,0x1c,0x39,0x1c,0x1c,0x39,0x1c,0x1c,0x39,0x1c,
	0x1c,0x39,0x1c,0x1c,0x39,0x1c,0x1c,0x39,0x1c,0x1c,0x39,0x1c,0x1c,0x39,0x1c,0x1c,
	0x39,0x1c,0x1c,0x39,0x1c,0x1c,0x39,0x1c,0x1c,0x39,0x1c,0x1c,0x39,0x1c,0x1c,0x3a,
	0x1c,0x1c,0x37,0x21,0x21,0x24,0x17,0x17,0x4f,0x06,0x06,0x0d,0x00,0x00,0x0d,0x08,
	0x08,0x40,0x20,0x20,0x41,0x21,0x21,0x2b,0x15,0x15,0x00,0x00,0x00,0x00,0x00,0x00,
	0x00,0x00,0x00,0x00,0x00,0x00,0x03,0x01,0x01,0x0f,0x0b,0x0b,0xb6,0x11,0x11,0xff,
	0x19,0x19,0xff,0x19,0x19,0xff,0x17,0x17,0xff,0x18,0x18,0xff,0x18,0x18,0xff,0x18,
	0x18,0xff,0x18,0x18,0xff,0x18,0x18,0xff,0x18,0x18,0xff,0x18,0x18,0xff,0x18,0x18,
	0xff,0x18,0x18,0xff,0x18,0x18,0xff,0x18,0x18,0xff,0x18,0x18,0xff,0x18,0x18,0xff,
	0x18,0x18,0xff,0x1c,0x1c,0xb9,0x10,0x10,0x3d,0x05,0x05,0x0d,0x00,0x00,0x0d,0x08,
	0x08,0x40,0x20,0x20,0x41,0x21,0x21,0x2b,0x15,0x15,0x00,0x00,0x00,0x00,0x00,0x00,
	0x00,0x00,0x00,0x00,0x00,0x00,0x04,0x00,0x00,0x48,0x06,0x06,0xad,0x0f,0x0f,0xff,
	0x1b,0x1b,0xff,0x19,0x19,0xff,0x17,0x17,0xff,0x18,0x18,0xff,0x18,0x18,0xff,0x18,
	0x18,0xff,0x18,0x18,0xff,0x18,0x18,0xff,0x18,0x18,0xff,0x18,0x18,0xff,0x18,0x18,
	0xff,0x18,0x18,0xff,0x18,0x18,0xff,0x18,0x18,0xff,0x18,0x18,0xff,0x18,0x18,0xff,
	0x18,0x18,0xff,0x1c,0x1c,0xb9,0x10,0x10,0x3d,0x05,0x05,0x0d,0x00,0x00,0x0d,0x08,
	0x08,0x40,0x20,0x20,0x41,0x21,0x21,0x2b,0x15,0x15,0x00,0x00,0x00,0x00,0x00,0x00,
	0x00,0x00,0x00,0x00,0x00,0x00,0x03,0x01,0x01,0x22,0x0c,0x0c,0x38,0x17,0x17,0x3b,
	0x1e,0x1e,0x39,0x1d,0x1d,0x39,0x1c,0x1c,0x39,0x1c,0x1c,0x39,0x1c,0x1c,0x39,0x1c,
	0x1c,0x39,0x1c,0x1c,0x39,0x1c,0x1c,0x39,0x1c,0x1c,0x39,0x1c,0x1c,0x39,0x1c,0x1c,
	0x39,0x1c,0x1c,0x39,0x1c,0x1c,0x39,0x1c,0x1c,0x39,0x1c,0x1c,0x39,0x1c,0x1c,0x3a,
	0x1c,0x1c,0x37,0x21,0x21,0x24,0x17,0x17,0x4f,0x06,0x06,0x0d,0x00,0x00,0x0d,0x08,
	0x08,0x40,0x20,0x20,0x41,0x21,0x21,0x2b,0x15,0x15,0x00,0x00,0x00,0x00,0x00,0x00,
	0x00,0x00,0x00,0x00,0x00,0x00,0x04,0x00,0x00,0x48,0x06,0x06,0xad,0x0f,0x0f,0xff,
	0x1b,0x1b,0xff,0x19,0x19,0xff,0x17,0x17,0xff,0x18,0x18,0xff,0x18,0x18,0xff,0x18,
	0x18,0xff,0x18,0x18,0xff,0x18,0x18,0xff,0x18,0x18,0xff,0x18,0x18,0xff,0x18,0x18,
	0xff,0x18,0x18,0xff,0x18,0x18,0xff,0x18,0x18,0xff,0x18,0x18,0xff,0x18,0x18,0xff,
	0x18,0x18,0xff,0x1c,0x1c,0xb9,0x10,0x10,0x3d,0x05,0x05,0x0d,0x00,0x00,0x0d,0x08,
	0x08,0x40,0x20,0x20,0x41,0x21,0x21,0x2b,0x15,0x15,0x00,0x00,0x00,0x00,0x00,0x00,
	0x00,0x00,0x00,0x00,0x00,0x00,0x03,0x01,0x01,0x0f,0x0b,0x0b,0xb6,0x11,0x11,0xff,
	0x19,0x19,0xff,0x19,0x19,0xff,0x17,0x17,0xff,0x18,0x18,0xff,0x18,0x18,0xff,0x18,
	0x18,0xff,0x18,0x18,0xff,0x18,0x18,0xff,0x18,0x18,0xff,0x18,0x18,0xff,0x18,0x18,
	0xff,0x18,0x18,0xff,0x18,0x18,0xff,0x18,0x18,0xff,0x18,0x18,0xff,0x18,0x18,0xff,
	0x18,0x18,0xff,0x1c,0x1c,0xb9,0x10,0x10,0x3d,0x05,0x05,0x0d,0x00,0x00,0x0d,0x08,
	0x08,0x40,0x20,0x20,0x41,0x21,0x21,0x2b,0x15,0x15,0x00,0x00,0x00,0x00,0x00,0x00,
	0x00,0x00,0x00,0x00,0x00,0x00,0x04,0x00,0x00,0x59,0x06,0x06,0x31,0x14,0x14,0x2c,
	0x20,0x20,0x3c,0x1d,0x1d,0x39,0x1c,0x1c,0x39,0x1c,0x1c,0x39,0x1c,0x1c,0x39,0x1c,
	0x1c,0x39,0x1c,0x1c,0x39,0x1c,0x1c,0x39,0x1c,0x1c,0x39,0x1c,0x1c,0x39,0x1c,0x1c,
	0x39,0x1c,0x1c,0x39,0x1c,0x1c,0x39,0x1c,0x1c,0x39,0x1c,0x1c,0x39,0x1c,0x1c,0x3a,
	0x1c,0x1c,0x37,0x21,0x21,0x25,0x16,0x16,0x50,0x06,0x06,0x0d,0x00,0x00,0x0c,0x08,
	0x08,0x40,0x20,0x20,0x42,0x21,0x21,0x2a,0x15,0x15,0x00,0x00,0x00,0x00,0x00,0x00,
	0x00,0x00,0x00,0x00,0x00,0x00,0x00,0x00,0x00,0x00,0x00,0x00,0x1d,0x0e,0x0e,0x1c,
	0x0f,0x0f,0x1b,0x0d,0x0d,0x1b,0x0d,0x0d,0x1b,0x0d,0x0d,0x1b,0x0d,0x0d,0x1b,0x0d,
	0x0d,0x1b,0x0d,0x0d,0x1b,0x0d,0x0d,0x1b,0x0d,0x0d,0x1b,0x0d,0x0d,0x1b,0x0d,0x0d,
	0x1b,0x0d,0x0d,0x1b,0x0d,0x0d,0x1b,0x0d,0x0d,0x1b,0x0d,0x0d,0x1b,0x0d,0x0d,0x1b,
	0x0d,0x0d,0x1c,0x0f,0x0f,0x1d,0x0d,0x0d,0x00,0x00,0x00,0x00,0x00,0x00,0x08,0x03,
	0x03,0x1e,0x0e,0x0e,0x20,0x10,0x10,0x10,0x07,0x07,0x00,0x00,0x00,0x00,0x00,0x00,
	0x00,0x00,0x00,0x00,0x00,0x00,0x00,0x00,0x00,0x00,0x00,0x00,0x73,0x0a,0x0a,0x87,
	0x0c,0x0c,0x71,0x0a,0x0a,0x74,0x0a,0x0a,0x74,0x0a,0x0a,0x74,0x0a,0x0a,0x74,0x0a,
	0x0a,0x74,0x0a,0x0a,0x74,0x0a,0x0a,0x74,0x0a,0x0a,0x74,0x0a,0x0a,0x74,0x0a,0x0a,
	0x74,0x0a,0x0a,0x74,0x0a,0x0a,0x74,0x0a,0x0a,0x74,0x0a,0x0a,0x74,0x0a,0x0a,0x72,
	0x0a,0x0a,0x81,0x0b,0x0b,0x75,0x0a,0x0a,0x00,0x00,0x00,0x00,0x00,0x00,0x0a,0x03,
	0x03,0x1e,0x0e,0x0e,0x20,0x10,0x10,0x10,0x07,0x07,0x00,0x00,0x00,0x00,0x00,0x00,
	0x00,0x00,0x00,0x00,0x00,0x00,0x00,0x00,0x00,0x00,0x00,0x00,0x1d,0x0e,0x0e,0x1c,
	0x0f,0x0f,0x1b,0x0d,0x0d,0x1b,0x0d,0x0d,0x1b,0x0d,0x0d,0x1b,0x0d,0x0d,0x1b,0x0d,
	0x0d,0x1b,0x0d,0x0d,0x1b,0x0d,0x0d,0x1b,0x0d,0x0d,0x1b,0x0d,0x0d,0x1b,0x0d,0x0d,
	0x1b,0x0d,0x0d,0x1b,0x0d,0x0d,0x1b,0x0d,0x0d,0x1b,0x0d,0x0d,0x1b,0x0d,0x0d,0x1b,
	0x0d,0x0d,0x1f,0x0f,0x0f,0x1a,0x0e,0x0e,0x00,0x00,0x00,0x00,0x00,0x00,0x0a,0x03,
	0x03,0x1e,0x0e,0x0e,0x20,0x10,0x10,0x10,0x07,0x07,0x00,0x00,0x00,0x00,0x00,0x00,
	0x00,0x00,0x00,0x00,0x00,0x00,0x00,0x00,0x00,0x00,0x00,0x00,0x73,0x0a,0x0a,0x87,
	0x0c,0x0c,0x71,0x0a,0x0a,0x74,0x0a,0x0a,0x74,0x0a,0x0a,0x74,0x0a,0x0a,0x74,0x0a,
	0x0a,0x74,0x0a,0x0a,0x74,0x0a,0x0a,0x74,0x0a,0x0a,0x74,0x0a,0x0a,0x74,0x0a,0x0a,
	0x74,0x0a,0x0a,0x74,0x0a,0x0a,0x74,0x0a,0x0a,0x74,0x0a,0x0a,0x74,0x0a,0x0a,0x72,
	0x0a,0x0a,0x80,0x0c,0x0c,0x78,0x09,0x09,0x02,0x00,0x00,0x00,0x00,0x00,0x08,0x03,
	0x03,0x1e,0x0e,0x0e,0x20,0x10,0x10,0x10,0x07,0x07,0x00,0x00,0x00,0x00,0x00,0x00,
	0x00,0x00,0x00,0x00,0x00,0x00,0x00,0x00,0x00,0x00,0x00,0x00,0x7c,0x09,0x09,0x83,
	0x0c,0x0c,0x71,0x0a,0x0a,0x74,0x0a,0x0a,0x74,0x0a,0x0a,0x74,0x0a,0x0a,0x74,0x0a,
	0x0a,0x74,0x0a,0x0a,0x74,0x0a,0x0a,0x74,0x0a,0x0a,0x74,0x0a,0x0a,0x74,0x0a,0x0a,
	0x74,0x0a,0x0a,0x74,0x0a,0x0a,0x74,0x0a,0x0a,0x74,0x0a,0x0a,0x74,0x0a,0x0a,0x72,
	0x0a,0x0a,0x81,0x0b,0x0b,0x75,0x0a,0x0a,0x00,0x00,0x00,0x00,0x00,0x00,0x0a,0x03,
	0x03,0x1e,0x0e,0x0e,0x20,0x10,0x10,0x10,0x07,0x07,0x00,0x00,0x00,0x00,0x00,0x00,
	0x00,0x00,0x00,0x00,0x00,0x00,0x00,0x00,0x00,0x00,0x00,0x00,0x1d,0x0e,0x0e,0x1c,
	0x0f,0x0f,0x1b,0x0d,0x0d,0x1b,0x0d,0x0d,0x1b,0x0d,0x0d,0x1b,0x0d,0x0d,0x1b,0x0d,
	0x0d,0x1b,0x0d,0x0d,0x1b,0x0d,0x0d,0x1b,0x0d,0x0d,0x1b,0x0d,0x0d,0x1b,0x0d,0x0d,
	0x1b,0x0d,0x0d,0x1b,0x0d,0x0d,0x1b,0x0d,0x0d,0x1b,0x0d,0x0d,0x1b,0x0d,0x0d,0x1b,
	0x0d,0x0d,0x1f,0x0f,0x0f,0x1a,0x0e,0x0e,0x00,0x00,0x00,0x00,0x00,0x00,0x0a,0x03,
	0x03,0x1e,0x0e,0x0e,0x20,0x10,0x10,0x10,0x07,0x07,0x00,0x00,0x00,0x00,0x00,0x00,
	0x00,0x00,0x00,0x00,0x00,0x00,0x00,0x00,0x00,0x00,0x00,0x00,0x7c,0x09,0x09,0x83,
	0x0c,0x0c,0x71,0x0a,0x0a,0x74,0x0a,0x0a,0x74,0x0a,0x0a,0x74,0x0a,0x0a,0x74,0x0a,
	0x0a,0x74,0x0a,0x0a,0x74,0x0a,0x0a,0x74,0x0a,0x0a,0x74,0x0a,0x0a,0x74,0x0a,0x0a,
	0x74,0x0a,0x0a,0x74,0x0a,0x0a,0x74,0x0a,0x0a,0x74,0x0a,0x0a,0x74,0x0a,0x0a,0x72,
	0x0a,0x0a,0x81,0x0b,0x0b,0x75,0x0a,0x0a,0x00,0x00,0x00,0x00,0x00,0x00,0x0a,0x03,
	0x03,0x1e,0x0e,0x0e,0x20,0x10,0x10,0x10,0x07,0x07,0x00,0x00,0x00,0x00,0x00,0x00,
	0x00,0x00,0x00,0x00,0x00,0x00,0x00,0x00,0x00,0x00,0x00,0x00,0x73,0x0a,0x0a,0x87,
	0x0c,0x0c,0x71,0x0a,0x0a,0x74,0x0a,0x0a,0x74,0x0a,0x0a,0x74,0x0a,0x0a,0x74,0x0a,
	0x0a,0x74,0x0a,0x0a,0x74,0x0a,0x0a,0x74,0x0a,0x0a,0x74,0x0a,0x0a,0x74,0x0a,0x0a,
	0x74,0x0a,0x0a,0x74,0x0a,0x0a,0x74,0x0a,0x0a,0x74,0x0a,0x0a,0x74,0x0a,0x0a,0x72,
	0x0a,0x0a,0x81,0x0b,0x0b,0x75,0x0a,0x0a,0x00,0x00,0x00,0x00,0x00,0x00,0x0a,0x03,
	0x03,0x1e,0x0e,0x0e,0x20,0x10,0x10,0x10,0x07,0x07,0x00,0x00,0x00,0x00,0x00,0x00,
	0x00,0x00,0x00,0x00,0x00,0x00,0x00,0x00,0x00,0x00,0x00,0x00,0x1d,0x0e,0x0e,0x1c,
	0x0f,0x0f,0x1b,0x0d,0x0d,0x1b,0x0d,0x0d,0x1b,0x0d,0x0d,0x1b,0x0d,0x0d,0x1b,0x0d,
	0x0d,0x1b,0x0d,0x0d,0x1b,0x0d,0x0d,0x1b,0x0d,0x0d,0x1b,0x0d,0x0d,0x1b,0x0d,0x0d,
	0x1b,0x0d,0x0d,0x1b,0x0d,0x0d,0x1b,0x0d,0x0d,0x1b,0x0d,0x0d,0x1b,0x0d,0x0d,0x1b,
	0x0d,0x0d,0x1f,0x0f,0x0f,0x1a,0x0e,0x0e,0x00,0x00,0x00,0x00,0x00,0x00,0x0a,0x03,
	0x03,0x1e,0x0e,0x0e,0x20,0x10,0x10,0x10,0x07,0x07,0x00,0x00,0x00,0x00,0x00,0x00,
	0x00,0x00,0x00,0x00,0x00,0x00,0x00,0x00,0x00,0x00,0x00,0x00,0x73,0x0a,0x0a,0x87,
	0x0c,0x0c,0x71,0x0a,0x0a,0x74,0x0a,0x0a,0x74,0x0a,0x0a,0x74,0x0a,0x0a,0x74,0x0a,
	0x0a,0x74,0x0a,0x0a,0x74,0x0a,0x0a,0x74,0x0a,0x0a,0x74,0x0a,0x0a,0x74,0x0a,0x0a,
	0x74,0x0a,0x0a,0x74,0x0a,0x0a,0x74,0x0a,0x0a,0x74,0x0a,0x0a,0x74,0x0a,0x0a,0x72,
	0x0a,0x0a,0x81,0x0b,0x0b,0x75,0x0a,0x0a,0x00,0x00,0x00,0x00,0x00,0x00,0x0a,0x03,
	0x03,0x1e,0x0e,0x0e,0x20,0x10,0x10,0x10,0x07,0x07,0x00,0x00,0x00,0x00,0x00,0x00,
	0x00,0x00,0x00,0x00,0x00,0x00,0x00,0x00,0x00,0x00,0x00,0x00,0x7c,0x09,0x09,0x83,
	0x0c,0x0c,0x71,0x0a,0x0a,0x74,0x0a,0x0a,0x74,0x0a,0x0a,0x74,0x0a,0x0a,0x74,0x0a,
	0x0a,0x74,0x0a,0x0a,0x74,0x0a,0x0a,0x74,0x0a,0x0a,0x74,0x0a,0x0a,0x74,0x0a,0x0a,
	0x74,0x0a,0x0a,0x74,0x0a,0x0a,0x74,0x0a,0x0a,0x74,0x0a,0x0a,0x74,0x0a,0x0a,0x72,
	0x0a,0x0a,0x81,0x0b,0x0b,0x75,0x0a,0x0a,0x00,0x00,0x00,0x00,0x00,0x00,0x0a,0x03,
	0x03,0x1e,0x0e,0x0e,0x20,0x10,0x10,0x10,0x07,0x07,0x00,0x00,0x00,0x00,0x00,0x00,
	0x00,0x00,0x00,0x00,0x00,0x00,0x00,0x00,0x00,0x00,0x00,0x00,0x13,0x0d,0x0d,0x1f,
	0x0f,0x0f,0x1a,0x0d,0x0d,0x1a,0x0d,0x0d,0x1a,0x0d,0x0d,0x1a,0x0d,0x0d,0x1a,0x0d,
	0x0d,0x1a,0x0d,0x0d,0x1a,0x0d,0x0d,0x1a,0x0d,0x0d,0x1a,0x0d,0x0d,0x1a,0x0d,0x0d,
	0x1a,0x0d,0x0d,0x1a,0x0d,0x0d,0x1a,0x0d,0x0d,0x1a,0x0d,0x0d,0x1a,0x0d,0x0d,0x1a,
	0x0d,0x0d,0x1d,0x0e,0x0e,0x1a,0x0e,0x0e,0x00,0x00,0x00,0x00,0x00,0x00,0x09,0x03,
	0x03,0x1d,0x0d,0x0d,0x1e,0x10,0x10,0x0f,0x06,0x06,0x00,0x00,0x00,0x00,0x00,0x00,
	0x00,0x00,0x00,0x00,0x00,0x00,0x00,0x00,0x00,0x00,0x00,0x00,0x00,0x00,0x00,0x00,
	0x00,0x00,0x00,0x00,0x00,0x00,0x00,0x00,0x00,0x00,0x00,0x00,0x00,0x00,0x00,0x00,
	0x00,0x00,0x00,0x00,0x00,0x00,0x00,0x00,0x00,0x00,0x00,0x00,0x00,0x00,0x00,0x00,
	0x00,0x00,0x00,0x00,0x00,0x00,0x00,0x00,0x00,0x00,0x00,0x00,0x00,0x00,0x00,0x00,
	0x00,0x00,0x00,0x00,0x00,0x00,0x00,0x00,0x00,0x00,0x00,0x00,0x00,0x00,0x00,0x00,
	0x00,0x00,0x00,0x00,0x00,0x00,0x00,0x00,0x00,0x00,0x00,0x00,0x00,0x00,0x00,0x00,
	0x00,0x00,0x00,0x00,0x00,0x00,0x00,0x00,0x00,0x00,0x00,0x00,0x00,0x00,0x00,0x00,
	0x00,0x00,0x00,0x00,0x00,0x00,0x00,0x00,0x00,0x00,0x00,0x00,0x00,0x00,0x00,0x00,
	0x00,0x00,0x00,0x00,0x00,0x00,0x00,0x00,0x00,0x00,0x00,0x00,0x00,0x00,0x00,0x00,
	0x00,0x00,0x00,0x00,0x00,0x00,0x00,0x00,0x00,0x00,0x00,0x00,0x00,0x00,0x00,0x00,
	0x00,0x00,0x00,0x00,0x00,0x00,0x00,0x00,0x00,0x00,0x00,0x00,0x00,0x00,0x00,0x00,
	0x00,0x00,0x00,0x00,0x00,0x00,0x00,0x00,0x00,0x00,0x00,0x00,0x00,0x00,0x00,0x00,
	0x00,0x00,0x00,0x00,0x00,0x00,0x00,0x00,0x00,0x00,0x00,0x00,0x00,0x00,0x00,0x00,
	0x00,0x00,0x00,0x00,0x00,0x00,0x00,0x00,0x00,0x00,0x00,0x00,0x00,0x00,0x00,0x00,
	0x00,0x00,0x00,0x00,0x00,0x00,0x00,0x00,0x00,0x00,0x00,0x00,0x00,0x00,0x00,0x00,
	0x00,0x00,0x00,0x00,0x00,0x00,0x00,0x00,0x00,0x00,0x00,0x00,0x00,0x00,0x00,0x00,
	0x00,0x00,0x00,0x00,0x00,0x00,0x00,0x00,0x00,0x00,0x00,0x00,0x00,0x00,0x00,0x00,
	0x00,0x00,0x00,0x00,0x00,0x00,0x00,0x00,0x00,0x00,0x00,0x00,0x00,0x00,0x00,0x00,
	0x00,0x00,0x00,0x00,0x00,0x00,0x00,0x00,0x00,0x00,0x00,0x00,0x00,0x00,0x00,0x00,
	0x00,0x00,0x00,0x00,0x00,0x00,0x00,0x00,0x00,0x00,0x00,0x00,0x00,0x00,0x00,0x00,
	0x00,0x00,0x00,0x00,0x00,0x00,0x00,0x00,0x00,0x00,0x00,0x00,0x00,0x00,0x00,0x00,
	0x00,0x00,0x00,0x00,0x00,0x00,0x00,0x00,0x00,0x00,0x00,0x00,0x00,0x00,0x00,0x00,
	0x00,0x00,0x00,0x00,0x00,0x00,0x00,0x00,0x00,0x00,0x00,0x00,0x00,0x00,0x00,0x00,
	0x00,0x00,0x00,0x00,0x00,0x00,0x00,0x00,0x00,0x00,0x00,0x00,0x00,0x00,0x00,0x00,
	0x00,0x00,0x00,0x00,0x00,0x00,0x00,0x00,0x00,0x00,0x00,0x00,0x00,0x00,0x00,0x00,
	0x00,0x00,0x00,0x00,0x00,0x00,0x00,0x00,0x00,0x00,0x00,0x00,0x00,0x00,0x00,0x00,
	0x00,0x00,0x00,0x00,0x00,0x00,0x00,0x00,0x00,0x00,0x00,0x00,0x00,0x00,0x00,0x00,
	0x00,0x00,0x00,0x00,0x00,0x00,0x00,0x00,0x00,0x00,0x00,0x00,0x00,0x00,0x00,0x00,
	0x00,0x00,0x00,0x00,0x00,0x00,0x00,0x00,0x00,0x00,0x00,0x00,0x00,0x00,0x00,0x00,
	0x00,0x00,0x00,0x00,0x00,0x00,0x00,0x00,0x00,0x00,0x00,0x00,0x00,0x00,0x00,0x00,
	0x00,0x00,0x00,0x00,0x00,0x00,0x00,0x00,0x00,0x00,0x00,0x00,0x00,0x00,0x00,0x00,
	0x00,0x00,0x00,0x00,0x00,0x00,0x00,0x00,0x00,0x00,0x00,0x00,0x00,0x00,0x00,0x00,
	0x00,0x00,0x00,0x00,0x00,0x00,0x00,0x00,0x00,0x00,0x00,0x00,0x00,0x00,0x00,0x00,
	0x00,0x00,0x00,0x00,0x00,0x00,0x00,0x00,0x00,0x00,0x00,0x00,0x00,0x00,0x00,0x00,
	0x00,0x00,0x00,0x00,0x00,0x00,0x00,0x00,0x00,0x00,0x00,0x00,0x00,0x00,0x00,0x00,
	0x00,0x00,0x00,0x00,0x00,0x00,0x00,0x00,0x00,0x00,0x00,0x00,0x00,0x00,0x00,0x00,
	0x00,0x00,0x00,0x00,0x00,0x00,0x00,0x00,0x00,0x00,0x00,0x00,0x00,0x00,0x00,0x00,
	0x00,0x00,0x00,0x00,0x00,0x00,0x00,0x00,0x00,0x00,0x00,0x00,0x00,0x00,0x00,0x00,
	0x00,0x00,0x00,0x00,0x00,0x00,0x00,0x00,0x00,0x00,0x00,0x00,0x00,0x00,0x00,0x00,
	0x00,0x00,0x00,0x00,0x00,0x00,0x00,0x00,0x00,0x00,0x00,0x00,0x00,0x00,0x00,0x00,
	0x00,0x00,0x00,0x00,0x00,0x00,0x00,0x00,0x00,0x00,0x00,0x00,0x00,0x00,0x00,0x00,
	0x00,0x00,0x00,0x00,0x00,0x00,0x00,0x00,0x00,0x00,0x00,0x00,0x00,0x00,0x00,0x00,
	0x00,0x00,0x00,0x00,0x00,0x00,0x00,0x00,0x00,0x00,0x00,0x00,0x00,0x00,0x00,0x00,
	0x00,0x00,0x00,0x00,0x00,0x00,0x00,0x00,0x00,0x00,0x00,0x00,0x00,0x00,0x00,0x00,
	0x00,0x00,0x00,0x00,0x00,0x00,0x00,0x00,0x00,0x00,0x00,0x00,0x00,0x00,0x00,0x00,
	0x00,0x00,0x00,0x00,0x00,0x00,0x00,0x00,0x00,0x00,0x00,0x00,0x00,0x00,0x00,0x00,
	0x00,0x00,0x00,0x00,0x00,0x00,0x00,0x00,0x00,0x00,0x00,0x00,0x00,0x00,0x00,0x00,
	0x00,0x00,0x00,0x00,0x00,0x00,0x00,0x00,0x00,0x00,0x00,0x00,0x00,0x00,0x00,0x00,
	0x00,0x00,0x00,0x00,0x00,0x00,0x00,0x00,0x00,0x00,0x00,0x00,0x00,0x00,0x00,0x00,
	0x00,0x00,0x00,0x00,0x00,0x00,0x00,0x00,0x00,0x00,0x00,0x00,0x00,0x00,0x00,0x00,
	0x00,0x00,0x00,0x00,0x00,0x00,0x00,0x00,0x00,0x00,0x00,0x00,0x00,0x00,0x00,0x00,
	0x00,0x00,0x00,0x00,0x00,0x00,0x00,0x00,0x00,0x00,0x00,0x00,0x00,0x00,0x00,0x00,
	0x00,0x00,0x00,0x00,0x00,0x00,0x00,0x00,0x00,0x00,0x00,0x00,0x00,0x00,0x00,0x00,
	0x00,0x00,0x00,0x00,0x00,0x00,0x00,0x00,0x00,0x00,0x00,0x00,0x00,0x00,0x00,0x00,
	0x00,0x00,0x00,0x00,0x00,0x00,0x00,0x00,0x00,0x00,0x00,0x00,0x00,0x00,0x00,0x00,
	0x00,0x00,0x00,0x00,0x00,0x00,0x00,0x00,0x00,0x00,0x00,0x00,0x00,0x00,0x00,0x00,
	0x00,0x00,0x00,0x00,0x00,0x00,0x00,0x00,0x00,0x00,0x00,0x00,0x00,0x00,0x00,0x00,
	0x00,0x00,0x00,0x00,0x00,0x00,0x00,0x00,0x00,0x00,0x00,0x00,0x00,0x00,0x00,0x00,
	0x00,0x00,0x00,0x00,0x00,0x00,0x00,0x00,0x00,0x00,0x00,0x00,0x00,0x00,0x00,0x00,
	0x00,0x00,0x00,0x00,0x00,0x00,0x00,0x00,0x00,0x00,0x00,0x00,0x00,0x00,0x00,0x00,
	0x00,0x00,0x00,0x00,0x00,0x00,0x00,0x00,0x00,0x00,0x00,0x00,0x00,0x00,0x00,0x00,
	0x00,0x00,0x00,0x00,0x00,0x00,0x00,0x00,0x00,0x00,0x00,0x00,0x00,0x00,0x00,0x00,
	0x00,0x00,0x00,0x00,0x00,0x00,0x00,0x00,0x00,0x00,0x00,0x00,0x00,0x00,0x00,0x00,
	0x00,0x00,0x00,0x00,0x00,0x00,0x00,0x00,0x00,0x00,0x00,0x00,0x00,0x00,0x00,0x00,
	0x00,0x00,0x00,0x00,0x00,0x00,0x00,0x00,0x00,0x00,0x00,0x00,0x00,0x00,0x00,0x00,
	0x00,0x00,0x00,0x00,0x00,0x00,0x00,0x00,0x00,0x00,0x00,0x00,0x00,0x00,0x00,0x00,
	0x00,0x00,0x00,0x00,0x00,0x00,0x00,0x00,0x00,0x00,0x00,0x00,0x00,0x00,0x00,0x00,
	0x00,0x00,0x00,0x00,0x00,0x00,0x00,0x00,0x00,0x00,0x00,0x00,0x00,0x00,0x00,0x00,
	0x00,0x00,0x00,0x00,0x00,0x00,0x00,0x00,0x00,0x00,0x00,0x00,0x00,0x00,0x00,0x00,
	0x00,0x00,0x00,0x00,0x00,0x00,0x00,0x00,0x00,0x00,0x00,0x00,0x00,0x00,0x00,0x00,
	0x00,0x00,0x00,0x00,0x00,0x00,0x00,0x00,0x00,0x00,0x00,0x00,0x00,0x00,0x00,0x00,
	0x00,0x00,0x00,0x00,0x00,0x00,0x00,0x00,0x00,0x00,0x00,0x00,0x00,0x00,0x00,0x00,
	0x00,0x01,0x01,0x00,0x00,0x00,0x00,0x00,0x00,0x00,0x00,0x00,0x00,0x00,0x00,0x00,
	0x00,0x00,0x00,0x00,0x00,0x00,0x00,0x00,0x00,0x00,0x00,0x00,0x00,0x00,0x00,0x00,
	0x00,0x00,0x00,0x00,0x00,0x00,0x00,0x00,0x00,0x00,0x00,0x00,0x00,0x00,0x00,0x00,
	0x00,0x00,0x00,0x00,0x00,0x00,0x00,0x00,0x00,0x00,0x00,0x00,0x00,0x00,0x00,0x00,
	0x00,0x00,0x00,0x00,0x00,0x00,0x00,0x00,0x00,0x00,0x00,0x00,0x00,0x00,0x00,0x00,
	0x01,0x00,0x00,0x01,0x00,0x00,0x00,0x00,0x00,0x00,0x00,0x00,0x01,0x00,0x00,0x01,
	0x00,0x00,0x01,0x00,0x00,0x01,0x00,0x00,0x00,0x00,0x00,0x00,0x00,0x00,0x01,0x00,
	0x00,0x01,0x01,0x00,0x01,0x01,0x00,0x01,0x01,0x00,0x01,0x01,0x00,0x01,0x01,0x00,
	0x01,0x01,0x00,0x01,0x01,0x00,0x01,0x01,0x00,0x01,0x01,0x00,0x01,0x01,0x00,0x01,
	0x01,0x00,0x01,0x01,0x00,0x01,0x01,0x00,0x01,0x01,0x00,0x01,0x01,0x00,0x01,0x01,
	0x00,0x01,0x00,0x00,0x01,0x00,0x00,0x01,0x00,0x00,0x00,0x00,0x00,0x00,0x00,0x00,
	0x01,0x00,0x00,0x01,0x00,0x00,0x00,0x00,0x00,0x00,0x00,0x00,0x01,0x00,0x00,0x01,
	0x00,0x00,0x01,0x00,0x00,0x01,0x00,0x00,0x00,0x00,0x00,0x00,0x00,0x00,0x00,0x00,
	0x00,0x00,0x00,0x00,0x00,0x00,0x00,0x00,0x00,0x00,0x00,0x00,0x00,0x00,0x00,0x00,
	0x00,0x00,0x00,0x00,0x00,0x00,0x00,0x00,0x00,0x00,0x00,0x00,0x00,0x00,0x00,0x00,
	0x00,0x00,0x00,0x00,0x00,0x00,0x00,0x00,0x00,0x00,0x00,0x01,0x00,0x00,0x01,0x00,
	0x00,0x01,0x00,0x00,0x00,0x00,0x00,0x00,0x00,0x00,0x00,0x00,0x00,0x00,0x00,0x00,
	0x01,0x00,0x00,0x01,0x00,0x00,0x00,0x00,0x00,0x00,0x00,0x00,0x01,0x00,0x00,0x01,
	0x00,0x00,0x01,0x00,0x00,0x01,0x00,0x00,0x00,0x00,0x00,0x00,0x00,0x00,0x01,0x00,
	0x00,0x01,0x01,0x00,0x01,0x01,0x00,0x01,0x01,0x00,0x01,0x01,0x00,0x01,0x01,0x00,
	0x01,0x01,0x00,0x01,0x01,0x00,0x01,0x01,0x00,0x01,0x01,0x00,0x01,0x01,0x00,0x01,
	0x01,0x00,0x01,0x01,0x00,0x01,0x01,0x00,0x01,0x01,0x00,0x01,0x01,0x00,0x01,0x01,
	0x00,0x01,0x01,0x00,0x01,0x01,0x00,0x01,0x00,0x00,0x01,0x00,0x00,0x01,0x00,0x00,
	0x01,0x00,0x00,0x00,0x00,0x00,0x00,0x01,0x01,0x01,0x01,0x01,0x01,0x02,0x02,0x02,
	0x01,0x01,0x01,0x00,0x00,0x00,0x00,0x00,0x00,0x00,0x00,0x01,0x01,0x00,0x01,0x01,
	0x00,0x01,0x01,0x00,0x01,0x01,0x00,0x01,0x01,0x00,0x01,0x01,0x00,0x01,0x01,0x00,
	0x01,0x01,0x00,0x01,0x01,0x00,0x01,0x01,0x00,0x01,0x01,0x00,0x01,0x01,0x00,0x01,
	0x01,0x00,0x01,0x01,0x00,0x01,0x01,0x00,0x01,0x01,0x00,0x01,0x01,0x00,0x01,0x01,
	0x00,0x01,0x00,0x00,0x01,0x00,0x00,0x01,0x00,0x00,0x00,0x00,0x00,0x00,0x00,0x00,
	0x01,0x00,0x00,0x01,0x00,0x00,0x00,0x00,0x00,0x00,0x00,0x00,0x01,0x00,0x00,0x01,
	0x00,0x00,0x01,0x00,0x00,0x01,0x00,0x00,0x01,0x00,0x00,0x01,0x00,0x00,0x00,0x00,
	0x00,0x00,0x00,0x00,0x00,0x00,0x00,0x00,0x00,0x00,0x00,0x00,0x00,0x00,0x00,0x00,
	0x00,0x00,0x00,0x00,0x00,0x00,0x00,0x00,0x00,0x00,0x00,0x00,0x00,0x00,0x00,0x00,
	0x00,0x00,0x00,0x00,0x00,0x00,0x00,0x00,0x00,0x00,0x00,0x00,0x00,0x00,0x01,0x00,
	0x00,0x01,0x00,0x00,0x00,0x00,0x00,0x00,0x00,0x00,0x00,0x00,0x00,0x00,0x00,0x00,
	0x01,0x00,0x00,0x01,0x00,0x00,0x00,0x00,0x00,0x00,0x00,0x00,0x01,0x00,0x00,0x01,
	0x00,0x00,0x01,0x00,0x00,0x01,0x00,0x00,0x01,0x00,0x00,0x01,0x01,0x00,0x01,0x01,
	0x00,0x01,0x01,0x00,0x01,0x01,0x00,0x01,0x01,0x00,0x01,0x01,0x00,0x01,0x01,0x00,
	0x01,0x01,0x00,0x01,0x01,0x00,0x01,0x01,0x00,0x01,0x01,0x00,0x01,0x01,0x00,0x01,
	0x01,0x00,0x01,0x01,0x00,0x01,0x01,0x00,0x01,0x01,0x00,0x01,0x01,0x00,0x01,0x01,
	0x00,0x01,0x00,0x00,0x01,0x00,0x00,0x01,0x00,0x00,0x00,0x00,0x00,0x00,0x00,0x00,
	0x01,0x00,0x00,0x00,0x00,0x00,0x01,0x01,0x01,0x01,0x01,0x01,0x01,0x02,0x02,0x02,
	0x01,0x01,0x01,0x00,0x00,0x00,0x00,0x00,0x00,0x00,0x00,0x00,0x00,0x00,0x00,0x00,
	0x00,0x01,0x01,0x00,0x01,0x01,0x00,0x01,0x01,0x00,0x01,0x01,0x00,0x01,0x01,0x00,
	0x01,0x01,0x00,0x01,0x01,0x00,0x01,0x01,0x00,0x01,0x01,0x00,0x01,0x01,0x00,0x01,
	0x01,0x00,0x01,0x01,0x00,0x01,0x01,0x00,0x01,0x01,0x00,0x01,0x01,0x00,0x01,0x01,
	0x00,0x01,0x00,0x00,0x01,0x00,0x00,0x01,0x00,0x00,0x00,0x00,0x00,0x00,0x00,0x00,
	0x01,0x00,0x00,0x00,0x00,0x00,0x01,0x01,0x01,0x01,0x01,0x01,0x01,0x02,0x02,0x02,
	0x01,0x01,0x01,0x00,0x00,0x00,0x00,0x00,0x00,0x00,0x00,0x00,0x00,0x00,0x00,0x00,
	0x00,0x00,0x00,0x00,0x00,0x00,0x00,0x00,0x00,0x00,0x00,0x00,0x00,0x00,0x00,0x00,
	0x00,0x00,0x00,0x00,0x00,0x00,0x00,0x00,0x00,0x00,0x00,0x00,0x00,0x00,0x00,0x00,
	0x00,0x00,0x00,0x00,0x00,0x00,0x00,0x00,0x00,0x00,0x00,0x00,0x00,0x00,0x01,0x00,
	0x00,0x01,0x00,0x00,0x00,0x00,0x00,0x00,0x00,0x00,0x00,0x00,0x00,0x00,0x00,0x00,
	0x01,0x00,0x00,0x01,0x00,0x00,0x00,0x00,0x00,0x00,0x00,0x00,0x01,0x00,0x00,0x01,
	0x00,0x00,0x01,0x00,0x00,0x01,0x00,0x00,0x00,0x00,0x00,0x00,0x00,0x00,0x01,0x00,
	0x00,0x01,0x01,0x00,0x01,0x01,0x00,0x01,0x01,0x00,0x01,0x01,0x00,0x01,0x01,0x00,
	0x01,0x01,0x00,0x01,0x01,0x00,0x01,0x01,0x00,0x01,0x01,0x00,0x01,0x01,0x00,0x01,
	0x01,0x00,0x01,0x01,0x00,0x01,0x01,0x00,0x01,0x01,0x00,0x01,0x01,0x00,0x01,0x01,
	0x00,0x01,0x00,0x00,0x01,0x00,0x00,0x01,0x00,0x00,0x00,0x00,0x00,0x00,0x00,0x00,
	0x01,0x00,0x00,0x01,0x00,0x00,0x00,0x00,0x00,0x00,0x00,0x00,0x01,0x00,0x00,0x01,
	0x00,0x00,0x01,0x00,0x00,0x01,0x00,0x00,0x01,0x00,0x00,0x01,0x01,0x00,0x01,0x01,
	0x00,0x01,0x01,0x00,0x01,0x01,0x00,0x01,0x01,0x00,0x01,0x01,0x00,0x01,0x01,0x00,
	0x01,0x01,0x00,0x01,0x01,0x00,0x01,0x01,0x00,0x01,0x01,0x00,0x01,0x01,0x00,0x01,
	0x01,0x00,0x01,0x01,0x00,0x01,0x01,0x00,0x01,0x01,0x00,0x01,0x01,0x00,0x01,0x01,
	0x00,0x01,0x00,0x00,0x01,0x00,0x00,0x01,0x00,0x00,0x00,0x00,0x00,0x00,0x00,0x00,
	0x01,0x00,0x00,0x01,0x00,0x00,0x00,0x00,0x00,0x00,0x00,0x00,0x01,0x00,0x00,0x01,
	0x00,0x00,0x01,0x00,0x00,0x01,0x00,0x00,0x00,0x00,0x00,0x00,0x00,0x00,0x00,0x00,
	0x00,0x00,0x00,0x00,0x01,0x00,0x00,0x01,0x00,0x00,0x00,0x00,0x00,0x00,0x00,0x00,
	0x00,0x00,0x00,0x00,0x00,0x00,0x00,0x00,0x00,0x00,0x00,0x00,0x00,0x00,0x00,0x00,
	0x00,0x00,0x00,0x00,0x00,0x00,0x00,0x00,0x00,0x00,0x00,0x00,0x00,0x00,0x01,0x00,
	0x00,0x01,0x00,0x00,0x00,0x00,0x00,0x00,0x00,0x00,0x00,0x00,0x00,0x00,0x00,0x00,
	0x01,0x00,0x00,0x00,0x00,0x00,0x01,0x01,0x01,0x01,0x01,0x01,0x01,0x03,0x02,0x02,
	};
