/* Do not modify, auto generated with guipic.exe! */

#include "../include.h"

const u8 SpritesTransImg[108808] __attribute__ ((aligned(4))) = {
	80,5,
	20,0,
	64,21,
	CF_A8B8G8R8,
	32,
	0xff,0xff,0xff,0x00,0xff,0xff,0xff,0x00,0xff,0xff,0xff,0x00,0xff,0xff,0xff,0x00,
	0xff,0xff,0xff,0x00,0xff,0xff,0xff,0x00,0xff,0xff,0xff,0x00,0xff,0xff,0xff,0x00,
	0xff,0xff,0xff,0x00,0xff,0xff,0xff,0x00,0xff,0xff,0xff,0x00,0xff,0xff,0xff,0x00,
	0xff,0xff,0xff,0x00,0xff,0xff,0xff,0x00,0xff,0xff,0xff,0x00,0xff,0xff,0xff,0x00,
	0xff,0xff,0xff,0x00,0xff,0xff,0xff,0x00,0xff,0xff,0xff,0x00,0xff,0xff,0xff,0x00,
	0xff,0xff,0xff,0x00,0xff,0xff,0xff,0x00,0xff,0xff,0xff,0x00,0xff,0xff,0xff,0x00,
	0xff,0xff,0xff,0x00,0xff,0xff,0xff,0x00,0xff,0xff,0xff,0x00,0xff,0xff,0xff,0x00,
	0xff,0xff,0xff,0x00,0xff,0xff,0xff,0x00,0xff,0xff,0xff,0x00,0xff,0xff,0xff,0x00,
	0xff,0xff,0xff,0x00,0xff,0xff,0xff,0x00,0xff,0xff,0xff,0x00,0xff,0xff,0xff,0x00,
	0xff,0xff,0xff,0x00,0xff,0xff,0xff,0x00,0xff,0xff,0xff,0x00,0xff,0xff,0xff,0x00,
	0xff,0xff,0xff,0x00,0xff,0xff,0xff,0x00,0xff,0xff,0xff,0x00,0xff,0xff,0xff,0x00,
	0xff,0xff,0xff,0x00,0xff,0xff,0xff,0x00,0xff,0xff,0xff,0x00,0xff,0xff,0xff,0x00,
	0xff,0xff,0xff,0x00,0xff,0xff,0xff,0x00,0xff,0xff,0xff,0x00,0xff,0xff,0xff,0x00,
	0xff,0xff,0xff,0x00,0xff,0xff,0xff,0x00,0xff,0xff,0xff,0x00,0xff,0xff,0xff,0x00,
	0xff,0xff,0xff,0x00,0xff,0xff,0xff,0x00,0xff,0xff,0xff,0x00,0xff,0xff,0xff,0x00,
	0xff,0xff,0xff,0x00,0xff,0xff,0xff,0x00,0xff,0xff,0xff,0x00,0xff,0xff,0xff,0x00,
	0xff,0xff,0xff,0x00,0xff,0xff,0xff,0x00,0xff,0xff,0xff,0x00,0xff,0xff,0xff,0x00,
	0xff,0xff,0xff,0x00,0xff,0xff,0xff,0x00,0xff,0xff,0xff,0x00,0xff,0xff,0xff,0x00,
	0xff,0xff,0xff,0x00,0xff,0xff,0xff,0x00,0xff,0xff,0xff,0x00,0xff,0xff,0xff,0x00,
	0xff,0xff,0xff,0x00,0xff,0xff,0xff,0x00,0xff,0xff,0xff,0x00,0xff,0xff,0xff,0x00,
	0xff,0xff,0xff,0x00,0xff,0xff,0xff,0x00,0xff,0xff,0xff,0x00,0xff,0xff,0xff,0x00,
	0xff,0xff,0xff,0x00,0xff,0xff,0xff,0x00,0xff,0xff,0xff,0x00,0xff,0xff,0xff,0x00,
	0xff,0xff,0xff,0x00,0xff,0xff,0xff,0x00,0xff,0xff,0xff,0x00,0xff,0xff,0xff,0x00,
	0xff,0xff,0xff,0x00,0xff,0xff,0xff,0x00,0xff,0xff,0xff,0x00,0xff,0xff,0xff,0x00,
	0xff,0xff,0xff,0x00,0xff,0xff,0xff,0x00,0xff,0xff,0xff,0x00,0xff,0xff,0xff,0x00,
	0xff,0xff,0xff,0x00,0xff,0xff,0xff,0x00,0xff,0xff,0xff,0x00,0xff,0xff,0xff,0x00,
	0xff,0xff,0xff,0x00,0xff,0xff,0xff,0x00,0xff,0xff,0xff,0x00,0xff,0xff,0xff,0x00,
	0xff,0xff,0xff,0x00,0xff,0xff,0xff,0x00,0xff,0xff,0xff,0x00,0xff,0xff,0xff,0x00,
	0xff,0xff,0xff,0x00,0xff,0xff,0xff,0x00,0xff,0xff,0xff,0x00,0xff,0xff,0xff,0x00,
	0xff,0xff,0xff,0x00,0xff,0xff,0xff,0x00,0xff,0xff,0xff,0x00,0xff,0xff,0xff,0x00,
	0xff,0xff,0xff,0x00,0xff,0xff,0xff,0x00,0xff,0xff,0xff,0x00,0xff,0xff,0xff,0x00,
	0xff,0xff,0xff,0x00,0xff,0xff,0xff,0x00,0xff,0xff,0xff,0x00,0xff,0xff,0xff,0x00,
	0xff,0xff,0xff,0x00,0xff,0xff,0xff,0x00,0xff,0xff,0xff,0x00,0xff,0xff,0xff,0x00,
	0xff,0xff,0xff,0x00,0xff,0xff,0xff,0x00,0xff,0xff,0xff,0x00,0xff,0xff,0xff,0x00,
	0xff,0xff,0xff,0x00,0xff,0xff,0xff,0x00,0xff,0xff,0xff,0x00,0xff,0xff,0xff,0x00,
	0xff,0xff,0xff,0x00,0xff,0xff,0xff,0x00,0xff,0xff,0xff,0x00,0xff,0xff,0xff,0x00,
	0xff,0xff,0xff,0x00,0xff,0xff,0xff,0x00,0xff,0xff,0xff,0x00,0xff,0xff,0xff,0x00,
	0xff,0xff,0xff,0x00,0xff,0xff,0xff,0x00,0xff,0xff,0xff,0x00,0xff,0xff,0xff,0x00,
	0xff,0xff,0xff,0x00,0xff,0xff,0xff,0x00,0xff,0xff,0xff,0x00,0xff,0xff,0xff,0x00,
	0xff,0xff,0xff,0x00,0xff,0xff,0xff,0x00,0xff,0xff,0xff,0x00,0xff,0xff,0xff,0x00,
	0xff,0xff,0xff,0x00,0xff,0xff,0xff,0x00,0xff,0xff,0xff,0x00,0xff,0xff,0xff,0x00,
	0xff,0xff,0xff,0x00,0xff,0xff,0xff,0x00,0xff,0xff,0xff,0x00,0xff,0xff,0xff,0x00,
	0xff,0xff,0xff,0x00,0xff,0xff,0xff,0x00,0xff,0xff,0xff,0x00,0xff,0xff,0xff,0x00,
	0xff,0xff,0xff,0x00,0xff,0xff,0xff,0x00,0xff,0xff,0xff,0x00,0xff,0xff,0xff,0x00,
	0xff,0xff,0xff,0x00,0xff,0xff,0xff,0x00,0xff,0xff,0xff,0x00,0xff,0xff,0xff,0x00,
	0xff,0xff,0xff,0x00,0xff,0xff,0xff,0x00,0xff,0xff,0xff,0x00,0xff,0xff,0xff,0x00,
	0xff,0xff,0xff,0x00,0xff,0xff,0xff,0x00,0xff,0xff,0xff,0x00,0xff,0xff,0xff,0x00,
	0xff,0xff,0xff,0x00,0xff,0xff,0xff,0x00,0xff,0xff,0xff,0x00,0xff,0xff,0xff,0x00,
	0xff,0xff,0xff,0x00,0xff,0xff,0xff,0x00,0xff,0xff,0xff,0x00,0xff,0xff,0xff,0x00,
	0xff,0xff,0xff,0x00,0xff,0xff,0xff,0x00,0xff,0xff,0xff,0x00,0xff,0xff,0xff,0x00,
	0xff,0xff,0xff,0x00,0xff,0xff,0xff,0x00,0xff,0xff,0xff,0x00,0xff,0xff,0xff,0x00,
	0xff,0xff,0xff,0x00,0xff,0xff,0xff,0x00,0xff,0xff,0xff,0x00,0xff,0xff,0xff,0x00,
	0xff,0xff,0xff,0x00,0xff,0xff,0xff,0x00,0xff,0xff,0xff,0x00,0xff,0xff,0xff,0x00,
	0xff,0xff,0xff,0x00,0xff,0xff,0xff,0x00,0xff,0xff,0xff,0x00,0xff,0xff,0xff,0x00,
	0xff,0xff,0xff,0x00,0xff,0xff,0xff,0x00,0xff,0xff,0xff,0x00,0xff,0xff,0xff,0x00,
	0xff,0xff,0xff,0x00,0xff,0xff,0xff,0x00,0xff,0xff,0xff,0x00,0xff,0xff,0xff,0x00,
	0xff,0xff,0xff,0x00,0xff,0xff,0xff,0x00,0xff,0xff,0xff,0x00,0xff,0xff,0xff,0x00,
	0xff,0xff,0xff,0x00,0xff,0xff,0xff,0x00,0xff,0xff,0xff,0x00,0xff,0xff,0xff,0x00,
	0xff,0xff,0xff,0x00,0xff,0xff,0xff,0x00,0xff,0xff,0xff,0x00,0xff,0xff,0xff,0x00,
	0xff,0xff,0xff,0x00,0xff,0xff,0xff,0x00,0xff,0xff,0xff,0x00,0xff,0xff,0xff,0x00,
	0xff,0xff,0xff,0x00,0xff,0xff,0xff,0x00,0xff,0xff,0xff,0x00,0xff,0xff,0xff,0x00,
	0xff,0xff,0xff,0x00,0xff,0xff,0xff,0x00,0xff,0xff,0xff,0x00,0xff,0xff,0xff,0x00,
	0xff,0xff,0xff,0x00,0xff,0xff,0xff,0x00,0xff,0xff,0xff,0x00,0xff,0xff,0xff,0x00,
	0xff,0xff,0xff,0x00,0xff,0xff,0xff,0x00,0xff,0xff,0xff,0x00,0xff,0xff,0xff,0x00,
	0xff,0xff,0xff,0x00,0xff,0xff,0xff,0x00,0xff,0xff,0xff,0x00,0xff,0xff,0xff,0x00,
	0xff,0xff,0xff,0x00,0xff,0xff,0xff,0x00,0xff,0xff,0xff,0x00,0xff,0xff,0xff,0x00,
	0xff,0xff,0xff,0x00,0xff,0xff,0xff,0x00,0xff,0xff,0xff,0x00,0xff,0xff,0xff,0x00,
	0xff,0xff,0xff,0x00,0xff,0xff,0xff,0x00,0xff,0xff,0xff,0x00,0xff,0xff,0xff,0x00,
	0xff,0xff,0xff,0x00,0xff,0xff,0xff,0x00,0xff,0xff,0xff,0x00,0xff,0xff,0xff,0x00,
	0xff,0xff,0xff,0x00,0xff,0xff,0xff,0x00,0xff,0xff,0xff,0x00,0xff,0xff,0xff,0x00,
	0xff,0xff,0xff,0x00,0xff,0xff,0xff,0x00,0xff,0xff,0xff,0x00,0xff,0xff,0xff,0x00,
	0xff,0xff,0xff,0x00,0xff,0xff,0xff,0x00,0xff,0xff,0xff,0x00,0xff,0xff,0xff,0x00,
	0xff,0xff,0xff,0x00,0xff,0xff,0xff,0x00,0xff,0xff,0xff,0x00,0xff,0xff,0xff,0x00,
	0xff,0xff,0xff,0x00,0xff,0xff,0xff,0x00,0xff,0xff,0xff,0x00,0xff,0xff,0xff,0x00,
	0xff,0xff,0xff,0x00,0xff,0xff,0xff,0x00,0xff,0xff,0xff,0x00,0xff,0xff,0xff,0x00,
	0xff,0xff,0xff,0x00,0xff,0xff,0xff,0x00,0xff,0xff,0xff,0x00,0xff,0xff,0xff,0x00,
	0xff,0xff,0xff,0x00,0xff,0xff,0xff,0x00,0xff,0xff,0xff,0x00,0xff,0xff,0xff,0x00,
	0xff,0xff,0xff,0x00,0xff,0xff,0xff,0x00,0xff,0xff,0xff,0x00,0xff,0xff,0xff,0x00,
	0xff,0xff,0xff,0x00,0xff,0xff,0xff,0x00,0xff,0xff,0xff,0x00,0xff,0xff,0xff,0x00,
	0xff,0xff,0xff,0x00,0xff,0xff,0xff,0x00,0xff,0xff,0xff,0x00,0xff,0xff,0xff,0x00,
	0xff,0xff,0xff,0x00,0xff,0xff,0xff,0x00,0xff,0xff,0xff,0x00,0xff,0xff,0xff,0x00,
	0xff,0xff,0xff,0x00,0xff,0xff,0xff,0x00,0xff,0xff,0xff,0x00,0xff,0xff,0xff,0x00,
	0xff,0xff,0xff,0x00,0xff,0xff,0xff,0x00,0xff,0xff,0xff,0x00,0xff,0xff,0xff,0x00,
	0xff,0xff,0xff,0x00,0xff,0xff,0xff,0x00,0xff,0xff,0xff,0x00,0xff,0xff,0xff,0x00,
	0xff,0xff,0xff,0x00,0xff,0xff,0xff,0x00,0xff,0xff,0xff,0x00,0xff,0xff,0xff,0x00,
	0xff,0xff,0xff,0x00,0xff,0xff,0xff,0x00,0xff,0xff,0xff,0x00,0xff,0xff,0xff,0x00,
	0xff,0xff,0xff,0x00,0xff,0xff,0xff,0x00,0xff,0xff,0xff,0x00,0xff,0xff,0xff,0x00,
	0xff,0xff,0xff,0x00,0xff,0xff,0xff,0x00,0xff,0xff,0xff,0x00,0xff,0xff,0xff,0x00,
	0xff,0xff,0xff,0x00,0xff,0xff,0xff,0x00,0xff,0xff,0xff,0x00,0xff,0xff,0xff,0x00,
	0xff,0xff,0xff,0x00,0xff,0xff,0xff,0x00,0xff,0xff,0xff,0x00,0xff,0xff,0xff,0x00,
	0xff,0xff,0xff,0x00,0xff,0xff,0xff,0x00,0xff,0xff,0xff,0x00,0xff,0xff,0xff,0x00,
	0xff,0xff,0xff,0x00,0xff,0xff,0xff,0x00,0xff,0xff,0xff,0x00,0xff,0xff,0xff,0x00,
	0xff,0xff,0xff,0x00,0xff,0xff,0xff,0x00,0xff,0xff,0xff,0x00,0xff,0xff,0xff,0x00,
	0xff,0xff,0xff,0x00,0xff,0xff,0xff,0x00,0xff,0xff,0xff,0x00,0xff,0xff,0xff,0x00,
	0xff,0xff,0xff,0x00,0xff,0xff,0xff,0x00,0xff,0xff,0xff,0x00,0xff,0xff,0xff,0x00,
	0xff,0xff,0xff,0x00,0xff,0xff,0xff,0x00,0xff,0xff,0xff,0x00,0xff,0xff,0xff,0x00,
	0xff,0xff,0xff,0x00,0xff,0xff,0xff,0x00,0xff,0xff,0xff,0x00,0xff,0xff,0xff,0x00,
	0xff,0xff,0xff,0x00,0xff,0xff,0xff,0x00,0xff,0xff,0xff,0x00,0xff,0xff,0xff,0x00,
	0xff,0xff,0xff,0x00,0xff,0xff,0xff,0x00,0xff,0xff,0xff,0x00,0xff,0xff,0xff,0x00,
	0xff,0xff,0xff,0x00,0xff,0xff,0xff,0x00,0xff,0xff,0xff,0x00,0xff,0xff,0xff,0x00,
	0xff,0xff,0xff,0x00,0xff,0xff,0xff,0x00,0xff,0xff,0xff,0x00,0xff,0xff,0xff,0x00,
	0xff,0xff,0xff,0x00,0xff,0xff,0xff,0x00,0xff,0xff,0xff,0x00,0xff,0xff,0xff,0x00,
	0xff,0xff,0xff,0x00,0xff,0xff,0xff,0x00,0xff,0xff,0xff,0x00,0xff,0xff,0xff,0x00,
	0xff,0xff,0xff,0x00,0xff,0xff,0xff,0x00,0xff,0xff,0xff,0x00,0xff,0xff,0xff,0x00,
	0xff,0xff,0xff,0x00,0xff,0xff,0xff,0x00,0xff,0xff,0xff,0x00,0xff,0xff,0xff,0x00,
	0xff,0xff,0xff,0x00,0xff,0xff,0xff,0x00,0xff,0xff,0xff,0x00,0xff,0xff,0xff,0x00,
	0xff,0xff,0xff,0x00,0xff,0xff,0xff,0x00,0xff,0xff,0xff,0x00,0xff,0xff,0xff,0x00,
	0xff,0xff,0xff,0x00,0xff,0xff,0xff,0x00,0xff,0xff,0xff,0x00,0xff,0xff,0xff,0x00,
	0xff,0xff,0xff,0x00,0xff,0xff,0xff,0x00,0xff,0xff,0xff,0x00,0xff,0xff,0xff,0x00,
	0xff,0xff,0xff,0x00,0xff,0xff,0xff,0x00,0xff,0xff,0xff,0x00,0xff,0xff,0xff,0x00,
	0xff,0xff,0xff,0x00,0xff,0xff,0xff,0x00,0xff,0xff,0xff,0x00,0xff,0xff,0xff,0x00,
	0xff,0xff,0xff,0x00,0xff,0xff,0xff,0x00,0xff,0xff,0xff,0x00,0xff,0xff,0xff,0x00,
	0xff,0xff,0xff,0x00,0xff,0xff,0xff,0x00,0xff,0xff,0xff,0x00,0xff,0xff,0xff,0x00,
	0xff,0xff,0xff,0x00,0xff,0xff,0xff,0x00,0xff,0xff,0xff,0x00,0xff,0xff,0xff,0x00,
	0xff,0xff,0xff,0x00,0xff,0xff,0xff,0x00,0xff,0xff,0xff,0x00,0xff,0xff,0xff,0x00,
	0xff,0xff,0xff,0x00,0xff,0xff,0xff,0x00,0xff,0xff,0xff,0x00,0xff,0xff,0xff,0x00,
	0xff,0xff,0xff,0x00,0xff,0xff,0xff,0x00,0xff,0xff,0xff,0x00,0xff,0xff,0xff,0x00,
	0xff,0xff,0xff,0x00,0xff,0xff,0xff,0x00,0xff,0xff,0xff,0x00,0xff,0xff,0xff,0x00,
	0xff,0xff,0xff,0x00,0xff,0xff,0xff,0x00,0xff,0xff,0xff,0x00,0xff,0xff,0xff,0x00,
	0xff,0xff,0xff,0x00,0xff,0xff,0xff,0x00,0xff,0xff,0xff,0x00,0xff,0xff,0xff,0x00,
	0xff,0xff,0xff,0x00,0xff,0xff,0xff,0x00,0xff,0xff,0xff,0x00,0xff,0xff,0xff,0x00,
	0xff,0xff,0xff,0x00,0xff,0xff,0xff,0x00,0xff,0xff,0xff,0x00,0xff,0xff,0xff,0x00,
	0xff,0xff,0xff,0x00,0xff,0xff,0xff,0x00,0xff,0xff,0xff,0x00,0xff,0xff,0xff,0x00,
	0xff,0xff,0xff,0x00,0xff,0xff,0xff,0x00,0xff,0xff,0xff,0x00,0xff,0xff,0xff,0x00,
	0xff,0xff,0xff,0x00,0xff,0xff,0xff,0x00,0xff,0xff,0xff,0x00,0xff,0xff,0xff,0x00,
	0xff,0xff,0xff,0x00,0xff,0xff,0xff,0x00,0xff,0xff,0xff,0x00,0xff,0xff,0xff,0x00,
	0xff,0xff,0xff,0x00,0xff,0xff,0xff,0x00,0xff,0xff,0xff,0x00,0xff,0xff,0xff,0x00,
	0xff,0xff,0xff,0x00,0xff,0xff,0xff,0x00,0xff,0xff,0xff,0x00,0xff,0xff,0xff,0x00,
	0xff,0xff,0xff,0x00,0xff,0xff,0xff,0x00,0xff,0xff,0xff,0x00,0xff,0xff,0xff,0x00,
	0xff,0xff,0xff,0x00,0xff,0xff,0xff,0x00,0xff,0xff,0xff,0x00,0xff,0xff,0xff,0x00,
	0xff,0xff,0xff,0x00,0xff,0xff,0xff,0x00,0xff,0xff,0xff,0x00,0xff,0xff,0xff,0x00,
	0xff,0xff,0xff,0x00,0xff,0xff,0xff,0x00,0xff,0xff,0xff,0x00,0xff,0xff,0xff,0x00,
	0xff,0xff,0xff,0x00,0xff,0xff,0xff,0x00,0xff,0xff,0xff,0x00,0xff,0xff,0xff,0x00,
	0xff,0xff,0xff,0x00,0xff,0xff,0xff,0x00,0xff,0xff,0xff,0x00,0xff,0xff,0xff,0x00,
	0xff,0xff,0xff,0x00,0xff,0xff,0xff,0x00,0xff,0xff,0xff,0x00,0xff,0xff,0xff,0x00,
	0xff,0xff,0xff,0x00,0xff,0xff,0xff,0x00,0xff,0xff,0xff,0x00,0xff,0xff,0xff,0x00,
	0xff,0xff,0xff,0x00,0xff,0xff,0xff,0x00,0xff,0xff,0xff,0x00,0xff,0xff,0xff,0x00,
	0xff,0xff,0xff,0x00,0xff,0xff,0xff,0x00,0xff,0xff,0xff,0x00,0xff,0xff,0xff,0x00,
	0xff,0xff,0xff,0x00,0xff,0xff,0xff,0x00,0xff,0xff,0xff,0x00,0xff,0xff,0xff,0x00,
	0xff,0xff,0xff,0x00,0xff,0xff,0xff,0x00,0xff,0xff,0xff,0x00,0xff,0xff,0xff,0x00,
	0xff,0xff,0xff,0x00,0xff,0xff,0xff,0x00,0xff,0xff,0xff,0x00,0xff,0xff,0xff,0x00,
	0xff,0xff,0xff,0x00,0xff,0xff,0xff,0x00,0xff,0xff,0xff,0x00,0xff,0xff,0xff,0x00,
	0xff,0xff,0xff,0x00,0xff,0xff,0xff,0x00,0xff,0xff,0xff,0x00,0xff,0xff,0xff,0x00,
	0xff,0xff,0xff,0x00,0xff,0xff,0xff,0x00,0xff,0xff,0xff,0x00,0xff,0xff,0xff,0x00,
	0xff,0xff,0xff,0x00,0xff,0xff,0xff,0x00,0xff,0xff,0xff,0x00,0xff,0xff,0xff,0x00,
	0xff,0xff,0xff,0x00,0xff,0xff,0xff,0x00,0xff,0xff,0xff,0x00,0xff,0xff,0xff,0x00,
	0xff,0xff,0xff,0x00,0xff,0xff,0xff,0x00,0xff,0xff,0xff,0x00,0xff,0xff,0xff,0x00,
	0xff,0xff,0xff,0x00,0xff,0xff,0xff,0x00,0xff,0xff,0xff,0x00,0xff,0xff,0xff,0x00,
	0xff,0xff,0xff,0x00,0xff,0xff,0xff,0x00,0xff,0xff,0xff,0x00,0xff,0xff,0xff,0x00,
	0xff,0xff,0xff,0x00,0xff,0xff,0xff,0x00,0xff,0xff,0xff,0x00,0xff,0xff,0xff,0x00,
	0xff,0xff,0xff,0x00,0xff,0xff,0xff,0x00,0xff,0xff,0xff,0x00,0xff,0xff,0xff,0x00,
	0xff,0xff,0xff,0x00,0xff,0xff,0xff,0x00,0xff,0xff,0xff,0x00,0xff,0xff,0xff,0x00,
	0xff,0xff,0xff,0x00,0xff,0xff,0xff,0x00,0xff,0xff,0xff,0x00,0xff,0xff,0xff,0x00,
	0xff,0xff,0xff,0x00,0xff,0xff,0xff,0x00,0xff,0xff,0xff,0x00,0xff,0xff,0xff,0x00,
	0xff,0xff,0xff,0x00,0xff,0xff,0xff,0x00,0xff,0xff,0xff,0x00,0xff,0xff,0xff,0x00,
	0xff,0xff,0xff,0x00,0xff,0xff,0xff,0x00,0xff,0xff,0xff,0x00,0xff,0xff,0xff,0x00,
	0xff,0xff,0xff,0x00,0xff,0xff,0xff,0x00,0xff,0xff,0xff,0x00,0xff,0xff,0xff,0x00,
	0xff,0xff,0xff,0x00,0xff,0xff,0xff,0x00,0xff,0xff,0xff,0x00,0xff,0xff,0xff,0x00,
	0xff,0xff,0xff,0x00,0xff,0xff,0xff,0x00,0xff,0xff,0xff,0x00,0xff,0xff,0xff,0x00,
	0xff,0xff,0xff,0x00,0xff,0xff,0xff,0x00,0xff,0xff,0xff,0x00,0xff,0xff,0xff,0x00,
	0xff,0xff,0xff,0x00,0xff,0xff,0xff,0x00,0xff,0xff,0xff,0x00,0xff,0xff,0xff,0x00,
	0xff,0xff,0xff,0x00,0xff,0xff,0xff,0x00,0xff,0xff,0xff,0x00,0xff,0xff,0xff,0x00,
	0xff,0xff,0xff,0x00,0xff,0xff,0xff,0x00,0xff,0xff,0xff,0x00,0xff,0xff,0xff,0x00,
	0xff,0xff,0xff,0x00,0xff,0xff,0xff,0x00,0xff,0xff,0xff,0x00,0xff,0xff,0xff,0x00,
	0xff,0xff,0xff,0x00,0xff,0xff,0xff,0x00,0xff,0xff,0xff,0x00,0xff,0xff,0xff,0x00,
	0xff,0xff,0xff,0x00,0xff,0xff,0xff,0x00,0xff,0xff,0xff,0x00,0xff,0xff,0xff,0x00,
	0xff,0xff,0xff,0x00,0xff,0xff,0xff,0x00,0xff,0xff,0xff,0x00,0xff,0xff,0xff,0x00,
	0xff,0xff,0xff,0x00,0xff,0xff,0xff,0x00,0xff,0xff,0xff,0x00,0xff,0xff,0xff,0x00,
	0xff,0xff,0xff,0x00,0xff,0xff,0xff,0x00,0xff,0xff,0xff,0x00,0xff,0xff,0xff,0x00,
	0xff,0xff,0xff,0x00,0xff,0xff,0xff,0x00,0xff,0xff,0xff,0x00,0xff,0xff,0xff,0x00,
	0xff,0xff,0xff,0x00,0xff,0xff,0xff,0x00,0xff,0xff,0xff,0x00,0xff,0xff,0xff,0x00,
	0xff,0xff,0xff,0x00,0xff,0xff,0xff,0x00,0xff,0xff,0xff,0x00,0xff,0xff,0xff,0x00,
	0xff,0xff,0xff,0x00,0xff,0xff,0xff,0x00,0xff,0xff,0xff,0x00,0xff,0xff,0xff,0x00,
	0xff,0xff,0xff,0x00,0xff,0xff,0xff,0x00,0xff,0xff,0xff,0x00,0xff,0xff,0xff,0x00,
	0xff,0xff,0xff,0x00,0xff,0xff,0xff,0x00,0xff,0xff,0xff,0x00,0xff,0xff,0xff,0x00,
	0xff,0xff,0xff,0x00,0xff,0xff,0xff,0x00,0xff,0xff,0xff,0x00,0xff,0xff,0xff,0x00,
	0xff,0xff,0xff,0x00,0xff,0xff,0xff,0x00,0xff,0xff,0xff,0x00,0xff,0xff,0xff,0x00,
	0xff,0xff,0xff,0x00,0xff,0xff,0xff,0x00,0xff,0xff,0xff,0x00,0xff,0xff,0xff,0x00,
	0xff,0xff,0xff,0x00,0xff,0xff,0xff,0x00,0xff,0xff,0xff,0x00,0xff,0xff,0xff,0x00,
	0xff,0xff,0xff,0x00,0xff,0xff,0xff,0x00,0xff,0xff,0xff,0x00,0xff,0xff,0xff,0x00,
	0xff,0xff,0xff,0x00,0xff,0xff,0xff,0x00,0xff,0xff,0xff,0x00,0xff,0xff,0xff,0x00,
	0xff,0xff,0xff,0x00,0xff,0xff,0xff,0x00,0xff,0xff,0xff,0x00,0xff,0xff,0xff,0x00,
	0xff,0xff,0xff,0x00,0xff,0xff,0xff,0x00,0xff,0xff,0xff,0x00,0xff,0xff,0xff,0x00,
	0xff,0xff,0xff,0x00,0xff,0xff,0xff,0x00,0xff,0xff,0xff,0x00,0xff,0xff,0xff,0x00,
	0xff,0xff,0xff,0x00,0xff,0xff,0xff,0x00,0xff,0xff,0xff,0x00,0xff,0xff,0xff,0x00,
	0xff,0xff,0xff,0x00,0xff,0xff,0xff,0x00,0xff,0xff,0xff,0x00,0xff,0xff,0xff,0x00,
	0xff,0xff,0xff,0x00,0xff,0xff,0xff,0x00,0xff,0xff,0xff,0x00,0xff,0xff,0xff,0x00,
	0xff,0xff,0xff,0x00,0xff,0xff,0xff,0x00,0xff,0xff,0xff,0x00,0xff,0xff,0xff,0x00,
	0xff,0xff,0xff,0x00,0xff,0xff,0xff,0x00,0xff,0xff,0xff,0x00,0xff,0xff,0xff,0x00,
	0xff,0xff,0xff,0x00,0xff,0xff,0xff,0x00,0xff,0xff,0xff,0x00,0xff,0xff,0xff,0x00,
	0xff,0xff,0xff,0x00,0xff,0xff,0xff,0x00,0xff,0xff,0xff,0x00,0xff,0xff,0xff,0x00,
	0xff,0xff,0xff,0x00,0xff,0xff,0xff,0x00,0xff,0xff,0xff,0x00,0xff,0xff,0xff,0x00,
	0xff,0xff,0xff,0x00,0xff,0xff,0xff,0x00,0xff,0xff,0xff,0x00,0xff,0xff,0xff,0x00,
	0xff,0xff,0xff,0x00,0xff,0xff,0xff,0x00,0xff,0xff,0xff,0x00,0xff,0xff,0xff,0x00,
	0xff,0xff,0xff,0x00,0xff,0xff,0xff,0x00,0xff,0xff,0xff,0x00,0xff,0xff,0xff,0x00,
	0xff,0xff,0xff,0x00,0xff,0xff,0xff,0x00,0xff,0xff,0xff,0x00,0xff,0xff,0xff,0x00,
	0xff,0xff,0xff,0x00,0xff,0xff,0xff,0x00,0xff,0xff,0xff,0x00,0xff,0xff,0xff,0x00,
	0xff,0xff,0xff,0x00,0xff,0xff,0xff,0x00,0xff,0xff,0xff,0x00,0xff,0xff,0xff,0x00,
	0xff,0xff,0xff,0x00,0xff,0xff,0xff,0x00,0xff,0xff,0xff,0x00,0xff,0xff,0xff,0x00,
	0xff,0xff,0xff,0x00,0xff,0xff,0xff,0x00,0xff,0xff,0xff,0x00,0xff,0xff,0xff,0x00,
	0xff,0xff,0xff,0x00,0xff,0xff,0xff,0x00,0xff,0xff,0xff,0x00,0xff,0xff,0xff,0x00,
	0xff,0xff,0xff,0x00,0xff,0xff,0xff,0x00,0xff,0xff,0xff,0x00,0xff,0xff,0xff,0x00,
	0xff,0xff,0xff,0x00,0xff,0xff,0xff,0x00,0xff,0xff,0xff,0x00,0xff,0xff,0xff,0x00,
	0xff,0xff,0xff,0x00,0xff,0xff,0xff,0x00,0xff,0xff,0xff,0x00,0xff,0xff,0xff,0x00,
	0xff,0xff,0xff,0x00,0xff,0xff,0xff,0x00,0xff,0xff,0xff,0x00,0xff,0xff,0xff,0x00,
	0xff,0xff,0xff,0x00,0xff,0xff,0xff,0x00,0xff,0xff,0xff,0x00,0xff,0xff,0xff,0x00,
	0xff,0xff,0xff,0x00,0xff,0xff,0xff,0x00,0xff,0xff,0xff,0x00,0xff,0xff,0xff,0x00,
	0xff,0xff,0xff,0x00,0xff,0xff,0xff,0x00,0xff,0xff,0xff,0x00,0xff,0xff,0xff,0x00,
	0xff,0xff,0xff,0x00,0xff,0xff,0xff,0x00,0xff,0xff,0xff,0x00,0xff,0xff,0xff,0x00,
	0xff,0xff,0xff,0x00,0xff,0xff,0xff,0x00,0xff,0xff,0xff,0x00,0xff,0xff,0xff,0x00,
	0xff,0xff,0xff,0x00,0xff,0xff,0xff,0x00,0xff,0xff,0xff,0x00,0xff,0xff,0xff,0x00,
	0xff,0xff,0xff,0x00,0xff,0xff,0xff,0x00,0xff,0xff,0xff,0x00,0xff,0xff,0xff,0x00,
	0xff,0xff,0xff,0x00,0xff,0xff,0xff,0x00,0xff,0xff,0xff,0x00,0xff,0xff,0xff,0x00,
	0xff,0xff,0xff,0x00,0xff,0xff,0xff,0x00,0xff,0xff,0xff,0x00,0xff,0xff,0xff,0x00,
	0xff,0xff,0xff,0x00,0xff,0xff,0xff,0x00,0xff,0xff,0xff,0x00,0xff,0xff,0xff,0x00,
	0xff,0xff,0xff,0x00,0xff,0xff,0xff,0x00,0xff,0xff,0xff,0x00,0xff,0xff,0xff,0x00,
	0xff,0xff,0xff,0x00,0xff,0xff,0xff,0x00,0xff,0xff,0xff,0x00,0xff,0xff,0xff,0x00,
	0xff,0xff,0xff,0x00,0xff,0xff,0xff,0x00,0xff,0xff,0xff,0x00,0xff,0xff,0xff,0x00,
	0xff,0xff,0xff,0x00,0xff,0xff,0xff,0x00,0xff,0xff,0xff,0x00,0xff,0xff,0xff,0x00,
	0xff,0xff,0xff,0x00,0xff,0xff,0xff,0x00,0xff,0xff,0xff,0x00,0xff,0xff,0xff,0x00,
	0xff,0xff,0xff,0x00,0xff,0xff,0xff,0x00,0xff,0xff,0xff,0x00,0xff,0xff,0xff,0x00,
	0xff,0xff,0xff,0x00,0xff,0xff,0xff,0x00,0xff,0xff,0xff,0x00,0xff,0xff,0xff,0x00,
	0xff,0xff,0xff,0x00,0xff,0xff,0xff,0x00,0xff,0xff,0xff,0x00,0xff,0xff,0xff,0x00,
	0xff,0xff,0xff,0x00,0xff,0xff,0xff,0x00,0xff,0xff,0xff,0x00,0xff,0xff,0xff,0x00,
	0xff,0xff,0xff,0x00,0xff,0xff,0xff,0x00,0xff,0xff,0xff,0x00,0xff,0xff,0xff,0x00,
	0xff,0xff,0xff,0x00,0xff,0xff,0xff,0x00,0xff,0xff,0xff,0x00,0xff,0xff,0xff,0x00,
	0xff,0xff,0xff,0x00,0xff,0xff,0xff,0x00,0xff,0xff,0xff,0x00,0xff,0xff,0xff,0x00,
	0xff,0xff,0xff,0x00,0xff,0xff,0xff,0x00,0xff,0xff,0xff,0x00,0xff,0xff,0xff,0x00,
	0xff,0xff,0xff,0x00,0xff,0xff,0xff,0x00,0xff,0xff,0xff,0x00,0xff,0xff,0xff,0x00,
	0xff,0xff,0xff,0x00,0xff,0xff,0xff,0x00,0xff,0xff,0xff,0x00,0xff,0xff,0xff,0x00,
	0xff,0xff,0xff,0x00,0xff,0xff,0xff,0x00,0xff,0xff,0xff,0x00,0xff,0xff,0xff,0x00,
	0xff,0xff,0xff,0x00,0xff,0xff,0xff,0x00,0xff,0xff,0xff,0x00,0xff,0xff,0xff,0x00,
	0xff,0xff,0xff,0x00,0xff,0xff,0xff,0x00,0xff,0xff,0xff,0x00,0xff,0xff,0xff,0x00,
	0xff,0xff,0xff,0x00,0xff,0xff,0xff,0x00,0xff,0xff,0xff,0x00,0xff,0xff,0xff,0x00,
	0xff,0xff,0xff,0x00,0xff,0xff,0xff,0x00,0xff,0xff,0xff,0x00,0xff,0xff,0xff,0x00,
	0xff,0xff,0xff,0x00,0xff,0xff,0xff,0x00,0xff,0xff,0xff,0x00,0xff,0xff,0xff,0x00,
	0xff,0xff,0xff,0x00,0xff,0xff,0xff,0x00,0xff,0xff,0xff,0x00,0xff,0xff,0xff,0x00,
	0xff,0xff,0xff,0x00,0xff,0xff,0xff,0x00,0xff,0xff,0xff,0x00,0xff,0xff,0xff,0x00,
	0xff,0xff,0xff,0x00,0xff,0xff,0xff,0x00,0xff,0xff,0xff,0x00,0xff,0xff,0xff,0x00,
	0xff,0xff,0xff,0x00,0xff,0xff,0xff,0x00,0xff,0xff,0xff,0x00,0xff,0xff,0xff,0x00,
	0xff,0xff,0xff,0x00,0xff,0xff,0xff,0x00,0xff,0xff,0xff,0x00,0xff,0xff,0xff,0x00,
	0xff,0xff,0xff,0x00,0xff,0xff,0xff,0x00,0xff,0xff,0xff,0x00,0xff,0xff,0xff,0x00,
	0xff,0xff,0xff,0x00,0xff,0xff,0xff,0x00,0xff,0xff,0xff,0x00,0xff,0xff,0xff,0x00,
	0xff,0xff,0xff,0x00,0xff,0xff,0xff,0x00,0xff,0xff,0xff,0x00,0xff,0xff,0xff,0x00,
	0xff,0xff,0xff,0x00,0xff,0xff,0xff,0x00,0xff,0xff,0xff,0x00,0xff,0xff,0xff,0x00,
	0xff,0xff,0xff,0x00,0xff,0xff,0xff,0x00,0xff,0xff,0xff,0x00,0xff,0xff,0xff,0x00,
	0xff,0xff,0xff,0x00,0xff,0xff,0xff,0x00,0xff,0xff,0xff,0x00,0xff,0xff,0xff,0x00,
	0xff,0xff,0xff,0x00,0xff,0xff,0xff,0x00,0xff,0xff,0xff,0x00,0xff,0xff,0xff,0x00,
	0xff,0xff,0xff,0x00,0xff,0xff,0xff,0x00,0xff,0xff,0xff,0x00,0xff,0xff,0xff,0x00,
	0xff,0xff,0xff,0x00,0xff,0xff,0xff,0x00,0xff,0xff,0xff,0x00,0xff,0xff,0xff,0x00,
	0xff,0xff,0xff,0x00,0xff,0xff,0xff,0x00,0xff,0xff,0xff,0x00,0xff,0xff,0xff,0x00,
	0xff,0xff,0xff,0x00,0xff,0xff,0xff,0x00,0xff,0xff,0xff,0x00,0xff,0xff,0xff,0x00,
	0xff,0xff,0xff,0x00,0xff,0xff,0xff,0x00,0xff,0xff,0xff,0x00,0xff,0xff,0xff,0x00,
	0xff,0xff,0xff,0x00,0xff,0xff,0xff,0x00,0xff,0xff,0xff,0x00,0xff,0xff,0xff,0x00,
	0xff,0xff,0xff,0x00,0xff,0xff,0xff,0x00,0xff,0xff,0xff,0x00,0xff,0xff,0xff,0x00,
	0xff,0xff,0xff,0x00,0xff,0xff,0xff,0x00,0xff,0xff,0xff,0x00,0xff,0xff,0xff,0x00,
	0xff,0xff,0xff,0x00,0xff,0xff,0xff,0x00,0xff,0xff,0xff,0x00,0xff,0xff,0xff,0x00,
	0xff,0xff,0xff,0x00,0xff,0xff,0xff,0x00,0xff,0xff,0xff,0x00,0xff,0xff,0xff,0x00,
	0xff,0xff,0xff,0x00,0xff,0xff,0xff,0x00,0xff,0xff,0xff,0x00,0xff,0xff,0xff,0x00,
	0xff,0xff,0xff,0x00,0xff,0xff,0xff,0x00,0xff,0xff,0xff,0x00,0xff,0xff,0xff,0x00,
	0xff,0xff,0xff,0x00,0xff,0xff,0xff,0x00,0xff,0xff,0xff,0x00,0xff,0xff,0xff,0x00,
	0xff,0xff,0xff,0x00,0xff,0xff,0xff,0x00,0xff,0xff,0xff,0x00,0xff,0xff,0xff,0x00,
	0xff,0xff,0xff,0x00,0xff,0xff,0xff,0x00,0xff,0xff,0xff,0x00,0xff,0xff,0xff,0x00,
	0xff,0xff,0xff,0x00,0xff,0xff,0xff,0x00,0xff,0xff,0xff,0x00,0xff,0xff,0xff,0x00,
	0xff,0xff,0xff,0x00,0xff,0xff,0xff,0x00,0xff,0xff,0xff,0x00,0xff,0xff,0xff,0x00,
	0xff,0xff,0xff,0x00,0xff,0xff,0xff,0x00,0xff,0xff,0xff,0x00,0xff,0xff,0xff,0x00,
	0xff,0xff,0xff,0x00,0xff,0xff,0xff,0x00,0xff,0xff,0xff,0x00,0xff,0xff,0xff,0x00,
	0xff,0xff,0xff,0x00,0xff,0xff,0xff,0x00,0xff,0xff,0xff,0x00,0xff,0xff,0xff,0x00,
	0xff,0xff,0xff,0x00,0xff,0xff,0xff,0x00,0xff,0xff,0xff,0x00,0xff,0xff,0xff,0x00,
	0xff,0xff,0xff,0x00,0xff,0xff,0xff,0x00,0xff,0xff,0xff,0x00,0xff,0xff,0xff,0x00,
	0xff,0xff,0xff,0x00,0xff,0xff,0xff,0x00,0xff,0xff,0xff,0x00,0xff,0xff,0xff,0x00,
	0xff,0xff,0xff,0x00,0xff,0xff,0xff,0x00,0xff,0xff,0xff,0x00,0xff,0xff,0xff,0x00,
	0xff,0xff,0xff,0x00,0xff,0xff,0xff,0x00,0xff,0xff,0xff,0x00,0xff,0xff,0xff,0x00,
	0xff,0xff,0xff,0x00,0xff,0xff,0xff,0x00,0xff,0xff,0xff,0x00,0xff,0xff,0xff,0x00,
	0xff,0xff,0xff,0x00,0xff,0xff,0xff,0x00,0xff,0xff,0xff,0x00,0xff,0xff,0xff,0x00,
	0xff,0xff,0xff,0x00,0xff,0xff,0xff,0x00,0xff,0xff,0xff,0x00,0xff,0xff,0xff,0x00,
	0xff,0xff,0xff,0x00,0xff,0xff,0xff,0x00,0xff,0xff,0xff,0x00,0xff,0xff,0xff,0x00,
	0xff,0xff,0xff,0x00,0xff,0xff,0xff,0x00,0xff,0xff,0xff,0x00,0xff,0xff,0xff,0x00,
	0xff,0xff,0xff,0x00,0xff,0xff,0xff,0x00,0xff,0xff,0xff,0x00,0xff,0xff,0xff,0x00,
	0xff,0xff,0xff,0x00,0xff,0xff,0xff,0x00,0xff,0xff,0xff,0x00,0xff,0xff,0xff,0x00,
	0xff,0xff,0xff,0x00,0xff,0xff,0xff,0x00,0xff,0xff,0xff,0x00,0xff,0xff,0xff,0x00,
	0xff,0xff,0xff,0x00,0xff,0xff,0xff,0x00,0xff,0xff,0xff,0x00,0xff,0xff,0xff,0x00,
	0xff,0xff,0xff,0x00,0xff,0xff,0xff,0x00,0xff,0xff,0xff,0x00,0xff,0xff,0xff,0x00,
	0xff,0xff,0xff,0x00,0xff,0xff,0xff,0x00,0xff,0xff,0xff,0x00,0xff,0xff,0xff,0x00,
	0xff,0xff,0xff,0x00,0xff,0xff,0xff,0x00,0xff,0xff,0xff,0x00,0xff,0xff,0xff,0x00,
	0xff,0xff,0xff,0x00,0xff,0xff,0xff,0x00,0xff,0xff,0xff,0x00,0xff,0xff,0xff,0x00,
	0xff,0xff,0xff,0x00,0xff,0xff,0xff,0x00,0xff,0xff,0xff,0x00,0xff,0xff,0xff,0x00,
	0xff,0xff,0xff,0x00,0xff,0xff,0xff,0x00,0xff,0xff,0xff,0x00,0xff,0xff,0xff,0x00,
	0xff,0xff,0xff,0x00,0xff,0xff,0xff,0x00,0xff,0xff,0xff,0x00,0xff,0xff,0xff,0x00,
	0xff,0xff,0xff,0x00,0xff,0xff,0xff,0x00,0xff,0xff,0xff,0x00,0xff,0xff,0xff,0x00,
	0xff,0xff,0xff,0x00,0xff,0xff,0xff,0x00,0xff,0xff,0xff,0x00,0xff,0xff,0xff,0x00,
	0xff,0xff,0xff,0x00,0xff,0xff,0xff,0x00,0xff,0xff,0xff,0x00,0xff,0xff,0xff,0x00,
	0xff,0xff,0xff,0x00,0xff,0xff,0xff,0x00,0xff,0xff,0xff,0x00,0xff,0xff,0xff,0x00,
	0xff,0xff,0xff,0x00,0xff,0xff,0xff,0x00,0xff,0xff,0xff,0x00,0xff,0xff,0xff,0x00,
	0xff,0xff,0xff,0x00,0xff,0xff,0xff,0x00,0xff,0xff,0xff,0x00,0xff,0xff,0xff,0x00,
	0xff,0xff,0xff,0x00,0xff,0xff,0xff,0x00,0xff,0xff,0xff,0x00,0xff,0xff,0xff,0x00,
	0xff,0xff,0xff,0x00,0xff,0xff,0xff,0x00,0xff,0xff,0xff,0x00,0xff,0xff,0xff,0x00,
	0xff,0xff,0xff,0x00,0xff,0xff,0xff,0x00,0xff,0xff,0xff,0x00,0xff,0xff,0xff,0x00,
	0xff,0xff,0xff,0x00,0xff,0xff,0xff,0x00,0xff,0xff,0xff,0x00,0xff,0xff,0xff,0x00,
	0xff,0xff,0xff,0x00,0xff,0xff,0xff,0x00,0xff,0xff,0xff,0x00,0xff,0xff,0xff,0x00,
	0xff,0xff,0xff,0x00,0xff,0xff,0xff,0x00,0xff,0xff,0xff,0x00,0xff,0xff,0xff,0x00,
	0xff,0xff,0xff,0x00,0xff,0xff,0xff,0x00,0xff,0xff,0xff,0x00,0xff,0xff,0xff,0x00,
	0xff,0xff,0xff,0x00,0xff,0xff,0xff,0x00,0xff,0xff,0xff,0x00,0xff,0xff,0xff,0x00,
	0xff,0xff,0xff,0x00,0xff,0xff,0xff,0x00,0xff,0xff,0xff,0x00,0xff,0xff,0xff,0x00,
	0xff,0xff,0xff,0x00,0xff,0xff,0xff,0x00,0xff,0xff,0xff,0x00,0xff,0xff,0xff,0x00,
	0xff,0xff,0xff,0x00,0xff,0xff,0xff,0x00,0xff,0xff,0xff,0x00,0xff,0xff,0xff,0x00,
	0xff,0xff,0xff,0x00,0xff,0xff,0xff,0x00,0xff,0xff,0xff,0x00,0xff,0xff,0xff,0x00,
	0xff,0xff,0xff,0x00,0xff,0xff,0xff,0x00,0xff,0xff,0xff,0x00,0xff,0xff,0xff,0x00,
	0xff,0xff,0xff,0x00,0xff,0xff,0xff,0x00,0xff,0xff,0xff,0x00,0xff,0xff,0xff,0x00,
	0xff,0xff,0xff,0x00,0xff,0xff,0xff,0x00,0xff,0xff,0xff,0x00,0xff,0xff,0xff,0x00,
	0xff,0xff,0xff,0x00,0xff,0xff,0xff,0x00,0xff,0xff,0xff,0x00,0xff,0xff,0xff,0x00,
	0xff,0xff,0xff,0x00,0xff,0xff,0xff,0x00,0xff,0xff,0xff,0x00,0xff,0xff,0xff,0x00,
	0xff,0xff,0xff,0x00,0xff,0xff,0xff,0x00,0xff,0xff,0xff,0x00,0xff,0xff,0xff,0x00,
	0xff,0xff,0xff,0x00,0xff,0xff,0xff,0x00,0xff,0xff,0xff,0x00,0xff,0xff,0xff,0x00,
	0xff,0xff,0xff,0x00,0xff,0xff,0xff,0x00,0xff,0xff,0xff,0x00,0xff,0xff,0xff,0x00,
	0xff,0xff,0xff,0x00,0xff,0xff,0xff,0x00,0xff,0xff,0xff,0x00,0xff,0xff,0xff,0x00,
	0xff,0xff,0xff,0x00,0xff,0xff,0xff,0x00,0xff,0xff,0xff,0x00,0xff,0xff,0xff,0x00,
	0xff,0xff,0xff,0x00,0xff,0xff,0xff,0x00,0xff,0xff,0xff,0x00,0xff,0xff,0xff,0x00,
	0xff,0xff,0xff,0x00,0xff,0xff,0xff,0x00,0xff,0xff,0xff,0x00,0xff,0xff,0xff,0x00,
	0xff,0xff,0xff,0x00,0xff,0xff,0xff,0x00,0xff,0xff,0xff,0x00,0xff,0xff,0xff,0x00,
	0xff,0xff,0xff,0x00,0xff,0xff,0xff,0x00,0xff,0xff,0xff,0x00,0xff,0xff,0xff,0x00,
	0xff,0xff,0xff,0x00,0xff,0xff,0xff,0x00,0xff,0xff,0xff,0x00,0xff,0xff,0xff,0x00,
	0xff,0xff,0xff,0x00,0xff,0xff,0xff,0x00,0xff,0xff,0xff,0x00,0xff,0xff,0xff,0x00,
	0xff,0xff,0xff,0x00,0xff,0xff,0xff,0x00,0xff,0xff,0xff,0x00,0xff,0xff,0xff,0x00,
	0xff,0xff,0xff,0x00,0xff,0xff,0xff,0x00,0xff,0xff,0xff,0x00,0xff,0xff,0xff,0x00,
	0xff,0xff,0xff,0x00,0xff,0xff,0xff,0x00,0xff,0xff,0xff,0x00,0xff,0xff,0xff,0x00,
	0xff,0xff,0xff,0x00,0xff,0xff,0xff,0x00,0xff,0xff,0xff,0x00,0xff,0xff,0xff,0x00,
	0xff,0xff,0xff,0x00,0xff,0xff,0xff,0x00,0xff,0xff,0xff,0x00,0xff,0xff,0xff,0x00,
	0xff,0xff,0xff,0x00,0xff,0xff,0xff,0x00,0xff,0xff,0xff,0x00,0xff,0xff,0xff,0x00,
	0xff,0xff,0xff,0x00,0xff,0xff,0xff,0x00,0xff,0xff,0xff,0x00,0xff,0xff,0xff,0x00,
	0xff,0xff,0xff,0x00,0xff,0xff,0xff,0x00,0xff,0xff,0xff,0x00,0xff,0xff,0xff,0x00,
	0xff,0xff,0xff,0x00,0xff,0xff,0xff,0x00,0xff,0xff,0xff,0x00,0xff,0xff,0xff,0x00,
	0xff,0xff,0xff,0x00,0xff,0xff,0xff,0x00,0xff,0xff,0xff,0x00,0xff,0xff,0xff,0x00,
	0xff,0xff,0xff,0x00,0xff,0xff,0xff,0x00,0xff,0xff,0xff,0x00,0xff,0xff,0xff,0x00,
	0xff,0xff,0xff,0x00,0xff,0xff,0xff,0x00,0xff,0xff,0xff,0x00,0xff,0xff,0xff,0x00,
	0xff,0xff,0xff,0x00,0xff,0xff,0xff,0x00,0xff,0xff,0xff,0x00,0xff,0xff,0xff,0x00,
	0xff,0xff,0xff,0x00,0xff,0xff,0xff,0x00,0xff,0xff,0xff,0x00,0xff,0xff,0xff,0x00,
	0xff,0xff,0xff,0x00,0xff,0xff,0xff,0x00,0xff,0xff,0xff,0x00,0xff,0xff,0xff,0x00,
	0xff,0xff,0xff,0x00,0xff,0xff,0xff,0x00,0xff,0xff,0xff,0x00,0xff,0xff,0xff,0x00,
	0xff,0xff,0xff,0x00,0xff,0xff,0xff,0x00,0xff,0xff,0xff,0x00,0xff,0xff,0xff,0x00,
	0xff,0xff,0xff,0x00,0xff,0xff,0xff,0x00,0xff,0xff,0xff,0x00,0xff,0xff,0xff,0x00,
	0xff,0xff,0xff,0x00,0xff,0xff,0xff,0x00,0xff,0xff,0xff,0x00,0xff,0xff,0xff,0x00,
	0xff,0xff,0xff,0x00,0xff,0xff,0xff,0x00,0xff,0xff,0xff,0x00,0xff,0xff,0xff,0x00,
	0xff,0xff,0xff,0x00,0xff,0xff,0xff,0x00,0xff,0xff,0xff,0x00,0xff,0xff,0xff,0x00,
	0xff,0xff,0xff,0x00,0xff,0xff,0xff,0x00,0xff,0xff,0xff,0x00,0xff,0xff,0xff,0x00,
	0xff,0xff,0xff,0x00,0xff,0xff,0xff,0x00,0xff,0xff,0xff,0x00,0xff,0xff,0xff,0x00,
	0xff,0xff,0xff,0x00,0xff,0xff,0xff,0x00,0xff,0xff,0xff,0x00,0xff,0xff,0x00,0xff,
	0xff,0xff,0x00,0xff,0xff,0xff,0x00,0xff,0xff,0xff,0x00,0xff,0xff,0xff,0x00,0xff,
	0xff,0xff,0x00,0xff,0xff,0xff,0xff,0x00,0xff,0xff,0xff,0x00,0xff,0xff,0xff,0x00,
	0xff,0xff,0xff,0x00,0xff,0xff,0xff,0x00,0xff,0xff,0xff,0x00,0xff,0xff,0xff,0x00,
	0xff,0xff,0xff,0x00,0xff,0xff,0xff,0x00,0xff,0xff,0xff,0x00,0xff,0xff,0xff,0x00,
	0xff,0xff,0xff,0x00,0xff,0xff,0xff,0x00,0xff,0xff,0xff,0x00,0xff,0xff,0x00,0xff,
	0xff,0xff,0x00,0xff,0xff,0xff,0x00,0xff,0xff,0xff,0x00,0xff,0xff,0xff,0x00,0xff,
	0xff,0xff,0x00,0xff,0xff,0xff,0xff,0x00,0xff,0xff,0xff,0x00,0xff,0xff,0xff,0x00,
	0xff,0xff,0xff,0x00,0xff,0xff,0xff,0x00,0xff,0xff,0xff,0x00,0xff,0xff,0xff,0x00,
	0xff,0xff,0xff,0x00,0xff,0xff,0xff,0x00,0xff,0xff,0xff,0x00,0xff,0xff,0xff,0x00,
	0xff,0xff,0xff,0x00,0xff,0xff,0xff,0x00,0xff,0xff,0xff,0x00,0xff,0xff,0x00,0xff,
	0xff,0xff,0x00,0xff,0xff,0xff,0x00,0xff,0xff,0xff,0x00,0xff,0xff,0xff,0x00,0xff,
	0xff,0xff,0x00,0xff,0xff,0xff,0xff,0x00,0xff,0xff,0xff,0x00,0xff,0xff,0xff,0x00,
	0xff,0xff,0xff,0x00,0xff,0xff,0xff,0x00,0xff,0xff,0xff,0x00,0xff,0xff,0xff,0x00,
	0xff,0xff,0xff,0x00,0xff,0xff,0xff,0x00,0xff,0xff,0xff,0x00,0xff,0xff,0xff,0x00,
	0xff,0xff,0xff,0x00,0xff,0xff,0xff,0x00,0xff,0xff,0xff,0x00,0xff,0xff,0x00,0xff,
	0xff,0xff,0x00,0xff,0xff,0xff,0x00,0xff,0xff,0xff,0x00,0xff,0xff,0xff,0x00,0xff,
	0xff,0xff,0x00,0xff,0xff,0xff,0xff,0x00,0xff,0xff,0xff,0x00,0xff,0xff,0xff,0x00,
	0xff,0xff,0xff,0x00,0xff,0xff,0xff,0x00,0xff,0xff,0xff,0x00,0xff,0xff,0xff,0x00,
	0xff,0xff,0xff,0x00,0xff,0xff,0xff,0x00,0xff,0xff,0xff,0x00,0xff,0xff,0xff,0x00,
	0xff,0xff,0xff,0x00,0xff,0xff,0xff,0x00,0xff,0xff,0xff,0x00,0xff,0xff,0x00,0xff,
	0xff,0xff,0x00,0xff,0xff,0xff,0x00,0xff,0xff,0xff,0x00,0xff,0xff,0xff,0x00,0xff,
	0xff,0xff,0x00,0xff,0xff,0xff,0xff,0x00,0xff,0xff,0xff,0x00,0xff,0xff,0xff,0x00,
	0xff,0xff,0xff,0x00,0xff,0xff,0xff,0x00,0xff,0xff,0xff,0x00,0xff,0xff,0xff,0x00,
	0xff,0xff,0xff,0x00,0xff,0xff,0xff,0x00,0xff,0xff,0xff,0x00,0xff,0xff,0xff,0x00,
	0xff,0xff,0xff,0x00,0xff,0xff,0xff,0x00,0xff,0xff,0xff,0x00,0xff,0xff,0x00,0xff,
	0xff,0xff,0x00,0xff,0xff,0xff,0x00,0xff,0xff,0xff,0x00,0xff,0xff,0xff,0x00,0xff,
	0xff,0xff,0x00,0xff,0xff,0xff,0xff,0x00,0xff,0xff,0xff,0x00,0xff,0xff,0xff,0x00,
	0xff,0xff,0xff,0x00,0xff,0xff,0xff,0x00,0xff,0xff,0xff,0x00,0xff,0xff,0xff,0x00,
	0xff,0xff,0xff,0x00,0xff,0xff,0xff,0x00,0xff,0xff,0xff,0x00,0xff,0xff,0xff,0x00,
	0xff,0xff,0xff,0x00,0xff,0xff,0xff,0x00,0xff,0xff,0xff,0x00,0xff,0xff,0x00,0xff,
	0xff,0xff,0x00,0xff,0xff,0xff,0x00,0xff,0xff,0xff,0x00,0xff,0xff,0xff,0x00,0xff,
	0xff,0xff,0x00,0xff,0xff,0xff,0xff,0x00,0xff,0xff,0xff,0x00,0xff,0xff,0xff,0x00,
	0xff,0xff,0xff,0x00,0xff,0xff,0xff,0x00,0xff,0xff,0xff,0x00,0xff,0xff,0xff,0x00,
	0xff,0xff,0xff,0x00,0xff,0xff,0xff,0x00,0xff,0xff,0xff,0x00,0xff,0xff,0xff,0x00,
	0xff,0xff,0xff,0x00,0xff,0xff,0xff,0x00,0xff,0xff,0xff,0x00,0xff,0xff,0xff,0x00,
	0xff,0xff,0xff,0x00,0xff,0xff,0xff,0x00,0xff,0xff,0xff,0x00,0xff,0xff,0xff,0x00,
	0xff,0xff,0xff,0x00,0xff,0xff,0xff,0x00,0xff,0xff,0xff,0x00,0xff,0xff,0xff,0x00,
	0xff,0xff,0xff,0x00,0xff,0xff,0xff,0x00,0xff,0xff,0xff,0x00,0xff,0xff,0xff,0x00,
	0xff,0xff,0xff,0x00,0xff,0xff,0xff,0x00,0xff,0xff,0xff,0x00,0xff,0xff,0xff,0x00,
	0xff,0xff,0xff,0x00,0xff,0xff,0xff,0x00,0xff,0xff,0xff,0x00,0xff,0xff,0xff,0x00,
	0xff,0xff,0xff,0x00,0xff,0xff,0xff,0x00,0xff,0xff,0xff,0x00,0xff,0xff,0xff,0x00,
	0xff,0xff,0xff,0x00,0xff,0xff,0xff,0x00,0xff,0xff,0xff,0x00,0xff,0xff,0xff,0x00,
	0xff,0xff,0xff,0x00,0xff,0xff,0xff,0x00,0xff,0xff,0xff,0x00,0xff,0xff,0xff,0x00,
	0xff,0xff,0xff,0x00,0xff,0xff,0xff,0x00,0xff,0xff,0xff,0x00,0xff,0xff,0xff,0x00,
	0xff,0xff,0xff,0x00,0xff,0xff,0xff,0x00,0xff,0xff,0xff,0x00,0xff,0xff,0xff,0x00,
	0xff,0xff,0xff,0x00,0xff,0xff,0xff,0x00,0xff,0xff,0xff,0x00,0xff,0xff,0xff,0x00,
	0xff,0xff,0xff,0x00,0xff,0xff,0xff,0x00,0xff,0xff,0xff,0x00,0xff,0xff,0xff,0x00,
	0xff,0xff,0xff,0x00,0xff,0xff,0xff,0x00,0xff,0xff,0xff,0x00,0xff,0xff,0xff,0x00,
	0xff,0xff,0xff,0x00,0xff,0xff,0xff,0x00,0xff,0xff,0xff,0x00,0xff,0xff,0xff,0x00,
	0xff,0xff,0xff,0x00,0xff,0xff,0xff,0x00,0xff,0xff,0xff,0x00,0xff,0xff,0xff,0x00,
	0xff,0xff,0xff,0x00,0xff,0xff,0xff,0x00,0xff,0xff,0xff,0x00,0xff,0xff,0xff,0x00,
	0xff,0xff,0xff,0x00,0xff,0xff,0xff,0x00,0xff,0xff,0xff,0x00,0xff,0xff,0xff,0x00,
	0xff,0xff,0xff,0x00,0xff,0xff,0xff,0x00,0xff,0xff,0xff,0x00,0xff,0xff,0xff,0x00,
	0xff,0xff,0xff,0x00,0xff,0xff,0xff,0x00,0xff,0xff,0xff,0x00,0xff,0xff,0xff,0x00,
	0xff,0xff,0xff,0x00,0xff,0xff,0xff,0x00,0xff,0xff,0xff,0x00,0xff,0xff,0xff,0x00,
	0xff,0xff,0xff,0x00,0xff,0xff,0xff,0x00,0xff,0xff,0xff,0x00,0xff,0xff,0xff,0x00,
	0xff,0xff,0xff,0x00,0xff,0xff,0xff,0x00,0xff,0xff,0xff,0x00,0xff,0xff,0xff,0x00,
	0xff,0xff,0xff,0x00,0xff,0xff,0xff,0x00,0xff,0xff,0xff,0x00,0xff,0xff,0xff,0x00,
	0xff,0xff,0xff,0x00,0xff,0xff,0xff,0x00,0xff,0xff,0xff,0x00,0xff,0xff,0xff,0x00,
	0xff,0xff,0xff,0x00,0xff,0xff,0xff,0x00,0xff,0xff,0xff,0x00,0xff,0xff,0xff,0x00,
	0xff,0xff,0xff,0x00,0xff,0xff,0xff,0x00,0xff,0xff,0xff,0x00,0xff,0xff,0xff,0x00,
	0xff,0xff,0xff,0x00,0xff,0xff,0xff,0x00,0xff,0xff,0xff,0x00,0xff,0xff,0xff,0x00,
	0xff,0xff,0xff,0x00,0xff,0xff,0xff,0x00,0xff,0xff,0xff,0x00,0xff,0xff,0xff,0x00,
	0xff,0xff,0xff,0x00,0xff,0xff,0xff,0x00,0xff,0xff,0xff,0x00,0xff,0xff,0xff,0x00,
	0xff,0xff,0xff,0x00,0xff,0xff,0xff,0x00,0xff,0xff,0xff,0x00,0xff,0xff,0xff,0x00,
	0xff,0xff,0xff,0x00,0xff,0xff,0xff,0x00,0xff,0xff,0xff,0x00,0xff,0xff,0xff,0x00,
	0xff,0xff,0xff,0x00,0xff,0xff,0xff,0x00,0xff,0xff,0xff,0x00,0xff,0xff,0xff,0x00,
	0xff,0xff,0xff,0x00,0xff,0xff,0xff,0x00,0xff,0xff,0xff,0x00,0xff,0xff,0xff,0x00,
	0xff,0xff,0xff,0x00,0xff,0xff,0xff,0x00,0xff,0xff,0xff,0x00,0xff,0xff,0xff,0x00,
	0xff,0xff,0xff,0x00,0xff,0xff,0xff,0x00,0xff,0xff,0xff,0x00,0xff,0xff,0xff,0x00,
	0xff,0xff,0xff,0x00,0xff,0xff,0xff,0x00,0xff,0xff,0xff,0x00,0xff,0xff,0xff,0x00,
	0xff,0xff,0xff,0x00,0xff,0xff,0xff,0x00,0xff,0xff,0xff,0x00,0xff,0xff,0xff,0x00,
	0xff,0xff,0xff,0x00,0xff,0xff,0xff,0x00,0xff,0xff,0xff,0x00,0xff,0xff,0xff,0x00,
	0xff,0xff,0xff,0x00,0xff,0xff,0xff,0x00,0xff,0xff,0xff,0x00,0xff,0xff,0xff,0x00,
	0xff,0xff,0xff,0x00,0xff,0xff,0xff,0x00,0xff,0xff,0xff,0x00,0xff,0x00,0x00,0xff,
	0xff,0x00,0x00,0xff,0xff,0x00,0x00,0xff,0xff,0x00,0x00,0xff,0xff,0x00,0x00,0xff,
	0xff,0x00,0x00,0xff,0xff,0xff,0xff,0x00,0xff,0xff,0xff,0x00,0xff,0xff,0xff,0x00,
	0xff,0xff,0xff,0x00,0xff,0xff,0xff,0x00,0xff,0xff,0xff,0x00,0xff,0xff,0xff,0x00,
	0xff,0xff,0xff,0x00,0xff,0xff,0xff,0x00,0xff,0xff,0xff,0x00,0xff,0xff,0xff,0x00,
	0xff,0xff,0xff,0x00,0xff,0xff,0xff,0x00,0xff,0xff,0xff,0x00,0xff,0x00,0x00,0xff,
	0xff,0x00,0x00,0xff,0xff,0x00,0x00,0xff,0xff,0x00,0x00,0xff,0xff,0x00,0x00,0xff,
	0xff,0x00,0x00,0xff,0xff,0xff,0xff,0x00,0xff,0xff,0xff,0x00,0xff,0xff,0xff,0x00,
	0xff,0xff,0xff,0x00,0xff,0xff,0xff,0x00,0xff,0xff,0xff,0x00,0xff,0xff,0xff,0x00,
	0xff,0xff,0xff,0x00,0xff,0xff,0xff,0x00,0xff,0xff,0xff,0x00,0xff,0xff,0xff,0x00,
	0xff,0xff,0xff,0x00,0xff,0xff,0xff,0x00,0xff,0xff,0xff,0x00,0xff,0x00,0x00,0xff,
	0xff,0x00,0x00,0xff,0xff,0x00,0x00,0xff,0xff,0x00,0x00,0xff,0xff,0x00,0x00,0xff,
	0xff,0x00,0x00,0xff,0xff,0xff,0xff,0x00,0xff,0xff,0xff,0x00,0xff,0xff,0xff,0x00,
	0xff,0xff,0xff,0x00,0xff,0xff,0xff,0x00,0xff,0xff,0xff,0x00,0xff,0xff,0xff,0x00,
	0xff,0xff,0xff,0x00,0xff,0xff,0xff,0x00,0xff,0xff,0xff,0x00,0xff,0xff,0xff,0x00,
	0xff,0xff,0xff,0x00,0xff,0xff,0xff,0x00,0xff,0xff,0xff,0x00,0xff,0x00,0x00,0xff,
	0xff,0x00,0x00,0xff,0xff,0x00,0x00,0xff,0xff,0x00,0x00,0xff,0xff,0x00,0x00,0xff,
	0xff,0x00,0x00,0xff,0xff,0xff,0xff,0x00,0xff,0xff,0xff,0x00,0xff,0xff,0xff,0x00,
	0xff,0xff,0xff,0x00,0xff,0xff,0xff,0x00,0xff,0xff,0xff,0x00,0xff,0xff,0xff,0x00,
	0xff,0xff,0xff,0x00,0xff,0xff,0xff,0x00,0xff,0xff,0xff,0x00,0xff,0xff,0xff,0x00,
	0xff,0xff,0xff,0x00,0xff,0xff,0xff,0x00,0xff,0xff,0xff,0x00,0xff,0x00,0x00,0xff,
	0xff,0x00,0x00,0xff,0xff,0x00,0x00,0xff,0xff,0x00,0x00,0xff,0xff,0x00,0x00,0xff,
	0xff,0x00,0x00,0xff,0xff,0xff,0xff,0x00,0xff,0xff,0xff,0x00,0xff,0xff,0xff,0x00,
	0xff,0xff,0xff,0x00,0xff,0xff,0xff,0x00,0xff,0xff,0xff,0x00,0xff,0xff,0xff,0x00,
	0xff,0xff,0xff,0x00,0xff,0xff,0xff,0x00,0xff,0xff,0xff,0x00,0xff,0xff,0xff,0x00,
	0xff,0xff,0xff,0x00,0xff,0xff,0xff,0x00,0xff,0xff,0xff,0x00,0xff,0x00,0x00,0xff,
	0xff,0x00,0x00,0xff,0xff,0x00,0x00,0xff,0xff,0x00,0x00,0xff,0xff,0x00,0x00,0xff,
	0xff,0x00,0x00,0xff,0xff,0xff,0xff,0x00,0xff,0xff,0xff,0x00,0xff,0xff,0xff,0x00,
	0xff,0xff,0xff,0x00,0xff,0xff,0xff,0x00,0xff,0xff,0xff,0x00,0xff,0xff,0xff,0x00,
	0xff,0xff,0xff,0x00,0xff,0xff,0xff,0x00,0xff,0xff,0xff,0x00,0xff,0xff,0xff,0x00,
	0xff,0xff,0xff,0x00,0xff,0xff,0xff,0x00,0xff,0xff,0xff,0x00,0xff,0x00,0x00,0xff,
	0xff,0x00,0x00,0xff,0xff,0x00,0x00,0xff,0xff,0x00,0x00,0xff,0xff,0x00,0x00,0xff,
	0xff,0x00,0x00,0xff,0xff,0xff,0xff,0x00,0xff,0xff,0xff,0x00,0xff,0xff,0xff,0x00,
	0xff,0xff,0xff,0x00,0xff,0xff,0xff,0x00,0xff,0xff,0xff,0x00,0xff,0xff,0xff,0x00,
	0xff,0xff,0xff,0x00,0xff,0xff,0xff,0x00,0xff,0xff,0xff,0x00,0xff,0xff,0xff,0x00,
	0xff,0xff,0xff,0x00,0xff,0xff,0xff,0x00,0xff,0xff,0xff,0x00,0xff,0x00,0x00,0xff,
	0xff,0x00,0x00,0xff,0xff,0x00,0x00,0xff,0xff,0x00,0x00,0xff,0xff,0x00,0x00,0xff,
	0xff,0x00,0x00,0xff,0xff,0xff,0xff,0x00,0xff,0xff,0xff,0x00,0xff,0xff,0xff,0x00,
	0xff,0xff,0xff,0x00,0xff,0xff,0xff,0x00,0xff,0xff,0xff,0x00,0xff,0xff,0xff,0x00,
	0xff,0xff,0xff,0x00,0xff,0xff,0xff,0x00,0xff,0xff,0xff,0x00,0xff,0xff,0xff,0x00,
	0xff,0xff,0xff,0x00,0xff,0xff,0xff,0x00,0xff,0xff,0xff,0x00,0xff,0xa6,0xc3,0xff,
	0xff,0xa6,0xc3,0xff,0xff,0xa6,0xc3,0xff,0xff,0xa6,0xc3,0xff,0xff,0xa6,0xc3,0xff,
	0xff,0xa6,0xc3,0xff,0xff,0xff,0xff,0x00,0xff,0xff,0xff,0x00,0xff,0xff,0xff,0x00,
	0xff,0xff,0xff,0x00,0xff,0xff,0xff,0x00,0xff,0xff,0xff,0x00,0xff,0xff,0xff,0x00,
	0xff,0xff,0xff,0x00,0xff,0xff,0xff,0x00,0xff,0xff,0xff,0x00,0xff,0xff,0xff,0x00,
	0xff,0xff,0xff,0x00,0xff,0xff,0xff,0x00,0xff,0xff,0xff,0x00,0xff,0xa6,0xc3,0xff,
	0xff,0xa6,0xc3,0xff,0xff,0xa6,0xc3,0xff,0xff,0xa6,0xc3,0xff,0xff,0xa6,0xc3,0xff,
	0xff,0xa6,0xc3,0xff,0xff,0xff,0xff,0x00,0xff,0xff,0xff,0x00,0xff,0xff,0xff,0x00,
	0xff,0xff,0xff,0x00,0xff,0xff,0xff,0x00,0xff,0xff,0xff,0x00,0xff,0xff,0xff,0x00,
	0xff,0xff,0xff,0x00,0xff,0xff,0xff,0x00,0xff,0xff,0xff,0x00,0xff,0xff,0xff,0x00,
	0xff,0xff,0xff,0x00,0xff,0xff,0xff,0x00,0xff,0xff,0xff,0x00,0xff,0xa6,0xc3,0xff,
	0xff,0xa6,0xc3,0xff,0xff,0xa6,0xc3,0xff,0xff,0xa6,0xc3,0xff,0xff,0xa6,0xc3,0xff,
	0xff,0xa6,0xc3,0xff,0xff,0xff,0xff,0x00,0xff,0xff,0xff,0x00,0xff,0xff,0xff,0x00,
	0xff,0xff,0xff,0x00,0xff,0xff,0xff,0x00,0xff,0xff,0xff,0x00,0xff,0xff,0xff,0x00,
	0xff,0xff,0xff,0x00,0xff,0xff,0xff,0x00,0xff,0xff,0xff,0x00,0xff,0xff,0xff,0x00,
	0xff,0xff,0xff,0x00,0xff,0xff,0xff,0x00,0xff,0xff,0xff,0x00,0xff,0xa6,0xc3,0xff,
	0xff,0xa6,0xc3,0xff,0xff,0xa6,0xc3,0xff,0xff,0xa6,0xc3,0xff,0xff,0xa6,0xc3,0xff,
	0xff,0xa6,0xc3,0xff,0xff,0xff,0xff,0x00,0xff,0xff,0xff,0x00,0xff,0xff,0xff,0x00,
	0xff,0xff,0xff,0x00,0xff,0xff,0xff,0x00,0xff,0xff,0xff,0x00,0xff,0xff,0xff,0x00,
	0xff,0xff,0xff,0x00,0xff,0xff,0xff,0x00,0xff,0xff,0xff,0x00,0xff,0xff,0xff,0x00,
	0xff,0xff,0xff,0x00,0xff,0xff,0xff,0x00,0xff,0xff,0xff,0x00,0xff,0xa6,0xc3,0xff,
	0xff,0xa6,0xc3,0xff,0xff,0xa6,0xc3,0xff,0xff,0xa6,0xc3,0xff,0xff,0xa6,0xc3,0xff,
	0xff,0xa6,0xc3,0xff,0xff,0xff,0xff,0x00,0xff,0xff,0xff,0x00,0xff,0xff,0xff,0x00,
	0xff,0xff,0xff,0x00,0xff,0xff,0xff,0x00,0xff,0xff,0xff,0x00,0xff,0xff,0xff,0x00,
	0xff,0xff,0xff,0x00,0xff,0xff,0xff,0x00,0xff,0xff,0xff,0x00,0xff,0xff,0xff,0x00,
	0xff,0xff,0xff,0x00,0xff,0xff,0xff,0x00,0xff,0xff,0xff,0x00,0xff,0xa6,0xc3,0xff,
	0xff,0xa6,0xc3,0xff,0xff,0xa6,0xc3,0xff,0xff,0xa6,0xc3,0xff,0xff,0xa6,0xc3,0xff,
	0xff,0xa6,0xc3,0xff,0xff,0xff,0xff,0x00,0xff,0xff,0xff,0x00,0xff,0xff,0xff,0x00,
	0xff,0xff,0xff,0x00,0xff,0xff,0xff,0x00,0xff,0xff,0xff,0x00,0xff,0xff,0xff,0x00,
	0xff,0xff,0xff,0x00,0xff,0xff,0xff,0x00,0xff,0xff,0xff,0x00,0xff,0xff,0xff,0x00,
	0xff,0xff,0xff,0x00,0xff,0xff,0xff,0x00,0xff,0xff,0xff,0x00,0xff,0xa6,0xc3,0xff,
	0xff,0xa6,0xc3,0xff,0xff,0xa6,0xc3,0xff,0xff,0xa6,0xc3,0xff,0xff,0xa6,0xc3,0xff,
	0xff,0xa6,0xc3,0xff,0xff,0xff,0xff,0x00,0xff,0xff,0xff,0x00,0xff,0xff,0xff,0x00,
	0xff,0xff,0xff,0x00,0xff,0xff,0xff,0x00,0xff,0xff,0xff,0x00,0xff,0xff,0xff,0x00,
	0xff,0xff,0xff,0x00,0xff,0xff,0xff,0x00,0xff,0xff,0xff,0x00,0xff,0xff,0xff,0x00,
	0xff,0xff,0xff,0x00,0xff,0xff,0xff,0x00,0xff,0xff,0xff,0x00,0xff,0xa6,0xc3,0xff,
	0xff,0xa6,0xc3,0xff,0xff,0xa6,0xc3,0xff,0xff,0xa6,0xc3,0xff,0xff,0xa6,0xc3,0xff,
	0xff,0xa6,0xc3,0xff,0xff,0xff,0xff,0x00,0xff,0xff,0xff,0x00,0xff,0xff,0xff,0x00,
	0xff,0xff,0xff,0x00,0xff,0xff,0xff,0x00,0xff,0xff,0xff,0x00,0xff,0xff,0xff,0x00,
	0xff,0xff,0xff,0x00,0xff,0xff,0xff,0x00,0xff,0xff,0xff,0x00,0xff,0xff,0xff,0x00,
	0xff,0xff,0xff,0x00,0xff,0xff,0xff,0x00,0xff,0xff,0xff,0x00,0x00,0xe6,0xff,0xff,
	0x00,0xe6,0xff,0xff,0x00,0xe6,0xff,0xff,0x00,0xe6,0xff,0xff,0x00,0xe6,0xff,0xff,
	0x00,0xe6,0xff,0xff,0xff,0xff,0xff,0x00,0xff,0xff,0xff,0x00,0xff,0xff,0xff,0x00,
	0xff,0xff,0xff,0x00,0xff,0xff,0xff,0x00,0xff,0xff,0xff,0x00,0xff,0xff,0xff,0x00,
	0xff,0xff,0xff,0x00,0xff,0xff,0xff,0x00,0xff,0xff,0xff,0x00,0xff,0xff,0xff,0x00,
	0xff,0xff,0xff,0x00,0xff,0xff,0xff,0x00,0xff,0xff,0xff,0x00,0x00,0xe6,0xff,0xff,
	0x00,0xe6,0xff,0xff,0x00,0xe6,0xff,0xff,0x00,0xe6,0xff,0xff,0x00,0xe6,0xff,0xff,
	0x00,0xe6,0xff,0xff,0xff,0xff,0xff,0x00,0xff,0xff,0xff,0x00,0xff,0xff,0xff,0x00,
	0xff,0xff,0xff,0x00,0xff,0xff,0xff,0x00,0xff,0xff,0xff,0x00,0xff,0xff,0xff,0x00,
	0xff,0xff,0xff,0x00,0xff,0xff,0xff,0x00,0xff,0xff,0xff,0x00,0xff,0xff,0xff,0x00,
	0xff,0xff,0xff,0x00,0xff,0xff,0xff,0x00,0xff,0xff,0xff,0x00,0x00,0xe6,0xff,0xff,
	0x00,0xe6,0xff,0xff,0x00,0xe6,0xff,0xff,0x00,0xe6,0xff,0xff,0x00,0xe6,0xff,0xff,
	0x00,0xe6,0xff,0xff,0xff,0xff,0xff,0x00,0xff,0xff,0xff,0x00,0xff,0xff,0xff,0x00,
	0xff,0xff,0xff,0x00,0xff,0xff,0xff,0x00,0xff,0xff,0xff,0x00,0xff,0xff,0xff,0x00,
	0xff,0xff,0xff,0x00,0xff,0xff,0xff,0x00,0xff,0xff,0xff,0x00,0xff,0xff,0xff,0x00,
	0xff,0xff,0xff,0x00,0xff,0xff,0xff,0x00,0xff,0xff,0xff,0x00,0x00,0xe6,0xff,0xff,
	0x00,0xe6,0xff,0xff,0x00,0xe6,0xff,0xff,0x00,0xe6,0xff,0xff,0x00,0xe6,0xff,0xff,
	0x00,0xe6,0xff,0xff,0xff,0xff,0xff,0x00,0xff,0xff,0xff,0x00,0xff,0xff,0xff,0x00,
	0xff,0xff,0xff,0x00,0xff,0xff,0xff,0x00,0xff,0xff,0xff,0x00,0xff,0xff,0xff,0x00,
	0xff,0xff,0xff,0x00,0xff,0xff,0xff,0x00,0xff,0xff,0xff,0x00,0xff,0xff,0xff,0x00,
	0xff,0xff,0xff,0x00,0xff,0xff,0xff,0x00,0xff,0xff,0xff,0x00,0x00,0xe6,0xff,0xff,
	0x00,0xe6,0xff,0xff,0x00,0xe6,0xff,0xff,0x00,0xe6,0xff,0xff,0x00,0xe6,0xff,0xff,
	0x00,0xe6,0xff,0xff,0xff,0xff,0xff,0x00,0xff,0xff,0xff,0x00,0xff,0xff,0xff,0x00,
	0xff,0xff,0xff,0x00,0xff,0xff,0xff,0x00,0xff,0xff,0xff,0x00,0xff,0xff,0xff,0x00,
	0xff,0xff,0xff,0x00,0xff,0xff,0xff,0x00,0xff,0xff,0xff,0x00,0xff,0xff,0xff,0x00,
	0xff,0xff,0xff,0x00,0xff,0xff,0xff,0x00,0xff,0xff,0xff,0x00,0x00,0xe6,0xff,0xff,
	0x00,0xe6,0xff,0xff,0x00,0xe6,0xff,0xff,0x00,0xe6,0xff,0xff,0x00,0xe6,0xff,0xff,
	0x00,0xe6,0xff,0xff,0xff,0xff,0xff,0x00,0xff,0xff,0xff,0x00,0xff,0xff,0xff,0x00,
	0xff,0xff,0xff,0x00,0xff,0xff,0xff,0x00,0xff,0xff,0xff,0x00,0xff,0xff,0xff,0x00,
	0xff,0xff,0xff,0x00,0xff,0xff,0xff,0x00,0xff,0xff,0xff,0x00,0xff,0xff,0xff,0x00,
	0xff,0xff,0xff,0x00,0xff,0xff,0xff,0x00,0xff,0xff,0xff,0x00,0x00,0xe6,0xff,0xff,
	0x00,0xe6,0xff,0xff,0x00,0xe6,0xff,0xff,0x00,0xe6,0xff,0xff,0x00,0xe6,0xff,0xff,
	0x00,0xe6,0xff,0xff,0xff,0xff,0xff,0x00,0xff,0xff,0xff,0x00,0xff,0xff,0xff,0x00,
	0xff,0xff,0xff,0x00,0xff,0xff,0xff,0x00,0xff,0xff,0xff,0x00,0xff,0xff,0xff,0x00,
	0xff,0xff,0xff,0x00,0xff,0xff,0xff,0x00,0xff,0xff,0xff,0x00,0xff,0xff,0xff,0x00,
	0xff,0xff,0xff,0x00,0xff,0xff,0xff,0x00,0xff,0xff,0xff,0x00,0x00,0xe6,0xff,0xff,
	0x00,0xe6,0xff,0xff,0x00,0xe6,0xff,0xff,0x00,0xe6,0xff,0xff,0x00,0xe6,0xff,0xff,
	0x00,0xe6,0xff,0xff,0xff,0xff,0xff,0x00,0xff,0xff,0xff,0x00,0xff,0xff,0xff,0x00,
	0xff,0xff,0xff,0x00,0xff,0xff,0xff,0x00,0xff,0xff,0xff,0x00,0xff,0xff,0xff,0x00,
	0xff,0xff,0xff,0x00,0xff,0xff,0xff,0x00,0xff,0xff,0xff,0x00,0xff,0xff,0xff,0x00,
	0xff,0xff,0xff,0x00,0xff,0xff,0xff,0x00,0xff,0xff,0xff,0x00,0xff,0xa6,0x00,0xff,
	0xff,0xa6,0x00,0xff,0xff,0xa6,0x00,0xff,0xff,0xa6,0x00,0xff,0xff,0xa6,0x00,0xff,
	0xff,0xa6,0x00,0xff,0xff,0xff,0xff,0x00,0xff,0xff,0xff,0x00,0xff,0xff,0xff,0x00,
	0xff,0xff,0xff,0x00,0xff,0xff,0xff,0x00,0xff,0xff,0xff,0x00,0xff,0xff,0xff,0x00,
	0xff,0xff,0xff,0x00,0xff,0xff,0xff,0x00,0xff,0xff,0xff,0x00,0xff,0xff,0xff,0x00,
	0xff,0xff,0xff,0x00,0xff,0xff,0xff,0x00,0xff,0xff,0xff,0x00,0xff,0xa6,0x00,0xff,
	0xff,0xa6,0x00,0xff,0xff,0xa6,0x00,0xff,0xff,0xa6,0x00,0xff,0xff,0xa6,0x00,0xff,
	0xff,0xa6,0x00,0xff,0xff,0xff,0xff,0x00,0xff,0xff,0xff,0x00,0xff,0xff,0xff,0x00,
	0xff,0xff,0xff,0x00,0xff,0xff,0xff,0x00,0xff,0xff,0xff,0x00,0xff,0xff,0xff,0x00,
	0xff,0xff,0xff,0x00,0xff,0xff,0xff,0x00,0xff,0xff,0xff,0x00,0xff,0xff,0xff,0x00,
	0xff,0xff,0xff,0x00,0xff,0xff,0xff,0x00,0xff,0xff,0xff,0x00,0xff,0xa6,0x00,0xff,
	0xff,0xa6,0x00,0xff,0xff,0xa6,0x00,0xff,0xff,0xa6,0x00,0xff,0xff,0xa6,0x00,0xff,
	0xff,0xa6,0x00,0xff,0xff,0xff,0xff,0x00,0xff,0xff,0xff,0x00,0xff,0xff,0xff,0x00,
	0xff,0xff,0xff,0x00,0xff,0xff,0xff,0x00,0xff,0xff,0xff,0x00,0xff,0xff,0xff,0x00,
	0xff,0xff,0xff,0x00,0xff,0xff,0xff,0x00,0xff,0xff,0xff,0x00,0xff,0xff,0xff,0x00,
	0xff,0xff,0xff,0x00,0xff,0xff,0xff,0x00,0xff,0xff,0xff,0x00,0xff,0xa6,0x00,0xff,
	0xff,0xa6,0x00,0xff,0xff,0xa6,0x00,0xff,0xff,0xa6,0x00,0xff,0xff,0xa6,0x00,0xff,
	0xff,0xa6,0x00,0xff,0xff,0xff,0xff,0x00,0xff,0xff,0xff,0x00,0xff,0xff,0xff,0x00,
	0xff,0xff,0xff,0x00,0xff,0xff,0xff,0x00,0xff,0xff,0xff,0x00,0xff,0xff,0xff,0x00,
	0xff,0xff,0xff,0x00,0xff,0xff,0xff,0x00,0xff,0xff,0xff,0x00,0xff,0xff,0xff,0x00,
	0xff,0xff,0xff,0x00,0xff,0xff,0xff,0x00,0xff,0xff,0xff,0x00,0xff,0xa6,0x00,0xff,
	0xff,0xa6,0x00,0xff,0xff,0xa6,0x00,0xff,0xff,0xa6,0x00,0xff,0xff,0xa6,0x00,0xff,
	0xff,0xa6,0x00,0xff,0xff,0xff,0xff,0x00,0xff,0xff,0xff,0x00,0xff,0xff,0xff,0x00,
	0xff,0xff,0xff,0x00,0xff,0xff,0xff,0x00,0xff,0xff,0xff,0x00,0xff,0xff,0xff,0x00,
	0xff,0xff,0xff,0x00,0xff,0xff,0xff,0x00,0xff,0xff,0xff,0x00,0xff,0xff,0xff,0x00,
	0xff,0xff,0xff,0x00,0xff,0xff,0xff,0x00,0xff,0xff,0xff,0x00,0xff,0xa6,0x00,0xff,
	0xff,0xa6,0x00,0xff,0xff,0xa6,0x00,0xff,0xff,0xa6,0x00,0xff,0xff,0xa6,0x00,0xff,
	0xff,0xa6,0x00,0xff,0xff,0xff,0xff,0x00,0xff,0xff,0xff,0x00,0xff,0xff,0xff,0x00,
	0xff,0xff,0xff,0x00,0xff,0xff,0xff,0x00,0xff,0xff,0xff,0x00,0xff,0xff,0xff,0x00,
	0xff,0xff,0xff,0x00,0xff,0xff,0xff,0x00,0xff,0xff,0xff,0x00,0xff,0xff,0xff,0x00,
	0xff,0xff,0xff,0x00,0xff,0xff,0xff,0x00,0xff,0xff,0xff,0x00,0xff,0xa6,0x00,0xff,
	0xff,0xa6,0x00,0xff,0xff,0xa6,0x00,0xff,0xff,0xa6,0x00,0xff,0xff,0xa6,0x00,0xff,
	0xff,0xa6,0x00,0xff,0xff,0xff,0xff,0x00,0xff,0xff,0xff,0x00,0xff,0xff,0xff,0x00,
	0xff,0xff,0xff,0x00,0xff,0xff,0xff,0x00,0xff,0xff,0xff,0x00,0xff,0xff,0xff,0x00,
	0xff,0xff,0xff,0x00,0xff,0xff,0xff,0x00,0xff,0xff,0xff,0x00,0xff,0xff,0xff,0x00,
	0xff,0xff,0xff,0x00,0xff,0xff,0xff,0x00,0xff,0xff,0xff,0x00,0xff,0xa6,0x00,0xff,
	0xff,0xa6,0x00,0xff,0xff,0xa6,0x00,0xff,0xff,0xa6,0x00,0xff,0xff,0xa6,0x00,0xff,
	0xff,0xa6,0x00,0xff,0xff,0xff,0xff,0x00,0xff,0xff,0xff,0x00,0xff,0xff,0xff,0x00,
	0xff,0xff,0xff,0x00,0xff,0xff,0xff,0x00,0xff,0xff,0xff,0x00,0xff,0xff,0xff,0x00,
	0xff,0xff,0xff,0x00,0xff,0xff,0xff,0x00,0xff,0xff,0xff,0x00,0xff,0xff,0xff,0x00,
	0xff,0xff,0xff,0x00,0xff,0xff,0xff,0x00,0xff,0xff,0xff,0x00,0xff,0xff,0xff,0x00,
	0xff,0xff,0xff,0x00,0xff,0xff,0xff,0x00,0xff,0xff,0xff,0x00,0xff,0xff,0xff,0x00,
	0xff,0xff,0xff,0x00,0xff,0xff,0xff,0x00,0xff,0xff,0xff,0x00,0xff,0xff,0xff,0x00,
	0xff,0xff,0xff,0x00,0xff,0xff,0xff,0x00,0xff,0xff,0xff,0x00,0xff,0xff,0xff,0x00,
	0xff,0xff,0xff,0x00,0xff,0xff,0xff,0x00,0xff,0xff,0xff,0x00,0xff,0xff,0xff,0x00,
	0xff,0xff,0xff,0x00,0xff,0xff,0xff,0x00,0xff,0xff,0xff,0x00,0xff,0xff,0xff,0x00,
	0xff,0xff,0xff,0x00,0xff,0xff,0xff,0x00,0xff,0xff,0xff,0x00,0xff,0xff,0xff,0x00,
	0xff,0xff,0xff,0x00,0xff,0xff,0xff,0x00,0xff,0xff,0xff,0x00,0xff,0xff,0xff,0x00,
	0xff,0xff,0xff,0x00,0xff,0xff,0xff,0x00,0xff,0xff,0xff,0x00,0xff,0xff,0xff,0x00,
	0xff,0xff,0xff,0x00,0xff,0xff,0xff,0x00,0xff,0xff,0xff,0x00,0xff,0xff,0xff,0x00,
	0xff,0xff,0xff,0x00,0xff,0xff,0xff,0x00,0xff,0xff,0xff,0x00,0xff,0xff,0xff,0x00,
	0xff,0xff,0xff,0x00,0xff,0xff,0xff,0x00,0xff,0xff,0xff,0x00,0xff,0xff,0xff,0x00,
	0xff,0xff,0xff,0x00,0xff,0xff,0xff,0x00,0xff,0xff,0xff,0x00,0xff,0xff,0xff,0x00,
	0xff,0xff,0xff,0x00,0xff,0xff,0xff,0x00,0xff,0xff,0xff,0x00,0xff,0xff,0xff,0x00,
	0xff,0xff,0xff,0x00,0xff,0xff,0xff,0x00,0xff,0xff,0xff,0x00,0xff,0xff,0xff,0x00,
	0xff,0xff,0xff,0x00,0xff,0xff,0xff,0x00,0xff,0xff,0xff,0x00,0xff,0xff,0xff,0x00,
	0xff,0xff,0xff,0x00,0xff,0xff,0xff,0x00,0xff,0xff,0xff,0x00,0xff,0xff,0xff,0x00,
	0xff,0xff,0xff,0x00,0xff,0xff,0xff,0x00,0xff,0xff,0xff,0x00,0xff,0xff,0xff,0x00,
	0xff,0xff,0xff,0x00,0xff,0xff,0xff,0x00,0xff,0xff,0xff,0x00,0xff,0xff,0xff,0x00,
	0xff,0xff,0xff,0x00,0xff,0xff,0xff,0x00,0xff,0xff,0xff,0x00,0xff,0xff,0xff,0x00,
	0xff,0xff,0xff,0x00,0xff,0xff,0xff,0x00,0xff,0xff,0xff,0x00,0x00,0x00,0xc3,0xff,
	0x00,0x00,0xc3,0xff,0x00,0x00,0xc3,0xff,0x00,0x00,0xc3,0xff,0x00,0x00,0xc3,0xff,
	0x00,0x00,0xc3,0xff,0xff,0xff,0xff,0x00,0xff,0xff,0xff,0x00,0xff,0xff,0xff,0x00,
	0xff,0xff,0xff,0x00,0xff,0xff,0xff,0x00,0xff,0xff,0xff,0x00,0xff,0xff,0xff,0x00,
	0xff,0xff,0xff,0x00,0xff,0xff,0xff,0x00,0xff,0xff,0xff,0x00,0xff,0xff,0xff,0x00,
	0xff,0xff,0xff,0x00,0xff,0xff,0xff,0x00,0xff,0xff,0xff,0x00,0x00,0x00,0xc3,0xff,
	0x00,0x00,0xc3,0xff,0x00,0x00,0xc3,0xff,0x00,0x00,0xc3,0xff,0x00,0x00,0xc3,0xff,
	0x00,0x00,0xc3,0xff,0xff,0xff,0xff,0x00,0xff,0xff,0xff,0x00,0xff,0xff,0xff,0x00,
	0xff,0xff,0xff,0x00,0xff,0xff,0xff,0x00,0xff,0xff,0xff,0x00,0xff,0xff,0xff,0x00,
	0xff,0xff,0xff,0x00,0xff,0xff,0xff,0x00,0xff,0xff,0xff,0x00,0xff,0xff,0xff,0x00,
	0xff,0xff,0xff,0x00,0xff,0xff,0xff,0x00,0xff,0xff,0xff,0x00,0xff,0xff,0xff,0xff,
	0xff,0xff,0xff,0xff,0xff,0xff,0xff,0xff,0xff,0xff,0xff,0xff,0xff,0xff,0xff,0xff,
	0xff,0xff,0xff,0xff,0xff,0xff,0xff,0x00,0xff,0xff,0xff,0x00,0xff,0xff,0xff,0x00,
	0xff,0xff,0xff,0x00,0xff,0xff,0xff,0x00,0xff,0xff,0xff,0x00,0xff,0xff,0xff,0x00,
	0xff,0xff,0xff,0x00,0xff,0xff,0xff,0x00,0xff,0xff,0xff,0x00,0xff,0xff,0xff,0x00,
	0xff,0xff,0xff,0x00,0xff,0xff,0xff,0x00,0xff,0xff,0xff,0x00,0xff,0xff,0xff,0xff,
	0xff,0xff,0xff,0xff,0xff,0xff,0xff,0xff,0xff,0xff,0xff,0xff,0xff,0xff,0xff,0xff,
	0xff,0xff,0xff,0xff,0xff,0xff,0xff,0x00,0xff,0xff,0xff,0x00,0xff,0xff,0xff,0x00,
	0xff,0xff,0xff,0x00,0xff,0xff,0xff,0x00,0xff,0xff,0xff,0x00,0xff,0xff,0xff,0x00,
	0xff,0xff,0xff,0x00,0xff,0xff,0xff,0x00,0xff,0xff,0xff,0x00,0xff,0xff,0xff,0x00,
	0xff,0xff,0xff,0x00,0xff,0xff,0xff,0x00,0xff,0xff,0xff,0x00,0xff,0xff,0xff,0x00,
	0xff,0xff,0xff,0x00,0xff,0xff,0xff,0x00,0xff,0xff,0xff,0x00,0xff,0xff,0xff,0x00,
	0xff,0xff,0xff,0x00,0xff,0xff,0xff,0x00,0xff,0xff,0xff,0x00,0xff,0xff,0xff,0x00,
	0xff,0xff,0xff,0x00,0xff,0xff,0xff,0x00,0xff,0xff,0xff,0x00,0xff,0xff,0xff,0x00,
	0xff,0xff,0xff,0x00,0xff,0xff,0xff,0x00,0xff,0xff,0xff,0x00,0xff,0xff,0xff,0x00,
	0xff,0xff,0xff,0x00,0xff,0xff,0xff,0x00,0xff,0xff,0xff,0x00,0xff,0xff,0xff,0x00,
	0xff,0xff,0xff,0x00,0xe6,0xe6,0xff,0xff,0xff,0xff,0xff,0x00,0xff,0xff,0xff,0x00,
	0xff,0xff,0xff,0x00,0xff,0xff,0xff,0x00,0xff,0xff,0xff,0x00,0xff,0xff,0xff,0x00,
	0xff,0xff,0xff,0x00,0xff,0xff,0xff,0x00,0xff,0xff,0xff,0x00,0xff,0xff,0xff,0x00,
	0xff,0xff,0xff,0x00,0xff,0xff,0xff,0x00,0xff,0xff,0xff,0x00,0xff,0xff,0xff,0x00,
	0xff,0xff,0xff,0x00,0xff,0xff,0xff,0x00,0xff,0xff,0xff,0x00,0xff,0xff,0xff,0x00,
	0xff,0xff,0xff,0x00,0xff,0xff,0xff,0x00,0xff,0xff,0xff,0x00,0xff,0xff,0xff,0x00,
	0xff,0xff,0xff,0x00,0xff,0xff,0xff,0x00,0xff,0xff,0xff,0x00,0xff,0xff,0xff,0x00,
	0xff,0xff,0xff,0x00,0xff,0xff,0xff,0x00,0xff,0xff,0xff,0x00,0xff,0xff,0xff,0x00,
	0xff,0xff,0xff,0x00,0xff,0xff,0xff,0x00,0xff,0xff,0xff,0x00,0xff,0xff,0xff,0x00,
	0xff,0xff,0xff,0x00,0xff,0xff,0xff,0x00,0xff,0xff,0xff,0x00,0xff,0xff,0xff,0x00,
	0xff,0xff,0xff,0x00,0xff,0xff,0xff,0x00,0xff,0xff,0xff,0x00,0xff,0xff,0xff,0x00,
	0xff,0xff,0xff,0x00,0xff,0xff,0xff,0x00,0xff,0xff,0xff,0x00,0xff,0xff,0xff,0x00,
	0xff,0xff,0xff,0x00,0xff,0xff,0xff,0x00,0xff,0xff,0xff,0x00,0xff,0xff,0xff,0x00,
	0xff,0xff,0xff,0x00,0xff,0xff,0xff,0x00,0xff,0xff,0xff,0x00,0xff,0xff,0xff,0x00,
	0xff,0xff,0xff,0x00,0x54,0xc3,0xe3,0xff,0x54,0xc3,0xe3,0xff,0xff,0xff,0xff,0x00,
	0xff,0xff,0xff,0x00,0xff,0xff,0xff,0x00,0xff,0xff,0xff,0x00,0xff,0xff,0xff,0x00,
	0xff,0xff,0xff,0x00,0xff,0xff,0xff,0x00,0xff,0xff,0xff,0x00,0xff,0xff,0xff,0x00,
	0xff,0xff,0xff,0x00,0xff,0xff,0xff,0x00,0xff,0xff,0xff,0x00,0xff,0xff,0xff,0x00,
	0xff,0xff,0xff,0x00,0xff,0xff,0xff,0x00,0xff,0xff,0xff,0x00,0xff,0xff,0xff,0x00,
	0xff,0xff,0xff,0x00,0xff,0xff,0xff,0x00,0xff,0xff,0xff,0x00,0xff,0xff,0xff,0x00,
	0xff,0xff,0xff,0x00,0xff,0xff,0xff,0x00,0xff,0xff,0xff,0x00,0xff,0xff,0xff,0x00,
	0xff,0xff,0xff,0x00,0xff,0xff,0xff,0x00,0xff,0xff,0xff,0x00,0xff,0xff,0xff,0x00,
	0xff,0xff,0xff,0x00,0xff,0xff,0xff,0x00,0xff,0xff,0xff,0x00,0xff,0xff,0xff,0x00,
	0xff,0xff,0xff,0x00,0xff,0xff,0xff,0x00,0xff,0xff,0xff,0x00,0xff,0xff,0xff,0x00,
	0xff,0xff,0xff,0x00,0xff,0xff,0xff,0x00,0xff,0xff,0xff,0x00,0xff,0xff,0xff,0x00,
	0xff,0xff,0xff,0x00,0xff,0xff,0xff,0x00,0xff,0xff,0xff,0x00,0xff,0xff,0xff,0x00,
	0xff,0xff,0xff,0x00,0xff,0xff,0xff,0x00,0xff,0xff,0xff,0x00,0xff,0xff,0xff,0x00,
	0xff,0xff,0xff,0x00,0xff,0xff,0xff,0x00,0xff,0xff,0xff,0x00,0xff,0xff,0xff,0x00,
	0xff,0xff,0xff,0x00,0xff,0xff,0xff,0x00,0xff,0xff,0xff,0x00,0xff,0xff,0xff,0x00,
	0xff,0xff,0xff,0x00,0xff,0xff,0xff,0x00,0xff,0xff,0xff,0x00,0xff,0xff,0xff,0x00,
	0xff,0xff,0xff,0x00,0xff,0xff,0xff,0x00,0xff,0xff,0xff,0x00,0xff,0xff,0xff,0x00,
	0xff,0xff,0xff,0x00,0xff,0xff,0xff,0x00,0xff,0xff,0xff,0x00,0xff,0xff,0xff,0x00,
	0xff,0xff,0xff,0x00,0xff,0xff,0xff,0x00,0xff,0xff,0xff,0x00,0xff,0xff,0xff,0x00,
	0xff,0xff,0xff,0x00,0xff,0xff,0xff,0x00,0xff,0xff,0xff,0x00,0xff,0xff,0xff,0x00,
	0xff,0xff,0xff,0x00,0xff,0xff,0xff,0x00,0xff,0xff,0xff,0x00,0xff,0xff,0xff,0x00,
	0xff,0xff,0xff,0x00,0xff,0xff,0xff,0x00,0xff,0xff,0xff,0x00,0xff,0xff,0xff,0x00,
	0xff,0xff,0xff,0x00,0xff,0xff,0xff,0x00,0xff,0xff,0xff,0x00,0xff,0xff,0xff,0x00,
	0xff,0xff,0xff,0x00,0xff,0xff,0xff,0x00,0xff,0xff,0xff,0x00,0xff,0xff,0xff,0x00,
	0xff,0xff,0xff,0x00,0xff,0xff,0xff,0x00,0xff,0xff,0xff,0x00,0xff,0xff,0xff,0x00,
	0xff,0xff,0xff,0x00,0xff,0xff,0xff,0x00,0xff,0xff,0xff,0x00,0xff,0xff,0xff,0x00,
	0xff,0xff,0xff,0x00,0xff,0xff,0xff,0x00,0xff,0xff,0xff,0x00,0xff,0xff,0xff,0x00,
	0xff,0xff,0xff,0x00,0xff,0xff,0xff,0x00,0xff,0xff,0xff,0x00,0xff,0xff,0xff,0x00,
	0xff,0xff,0xff,0x00,0xff,0xff,0xff,0x00,0xff,0xff,0xff,0x00,0xff,0xff,0xff,0x00,
	0xff,0xff,0xff,0x00,0xff,0xff,0xff,0x00,0xff,0xff,0xff,0x00,0xff,0xff,0xff,0x00,
	0xff,0xff,0xff,0x00,0xff,0xff,0xff,0x00,0xff,0xff,0xff,0x00,0xff,0xff,0xff,0x00,
	0xff,0xff,0xff,0x00,0xff,0xff,0xff,0x00,0xff,0xff,0xff,0x00,0xff,0xff,0xff,0x00,
	0xff,0xff,0xff,0x00,0xff,0xff,0xff,0x00,0xff,0xff,0xff,0x00,0xff,0xff,0xff,0x00,
	0xff,0xff,0xff,0x00,0xff,0xff,0xff,0x00,0xff,0xff,0xff,0x00,0xff,0xff,0xff,0x00,
	0xff,0xff,0xff,0x00,0xff,0xff,0xff,0x00,0xff,0xff,0xff,0x00,0xff,0xff,0xff,0x00,
	0xff,0xff,0xff,0x00,0xff,0xff,0xff,0x00,0xff,0xff,0xff,0x00,0xff,0xff,0xff,0x00,
	0xff,0xff,0xff,0x00,0xff,0xff,0xff,0x00,0xff,0xff,0xff,0x00,0xff,0xff,0xff,0x00,
	0xff,0xff,0xff,0x00,0xff,0xff,0xff,0x00,0xff,0xff,0xff,0x00,0xff,0xff,0xff,0x00,
	0xff,0xff,0xff,0x00,0xff,0xff,0xff,0x00,0xff,0xff,0xff,0x00,0xff,0xff,0xff,0x00,
	0xff,0xff,0xff,0x00,0xff,0xff,0xff,0x00,0xff,0xff,0xff,0x00,0xff,0xff,0xff,0x00,
	0xff,0xff,0xff,0x00,0xff,0xff,0xff,0x00,0xff,0xff,0xff,0x00,0xff,0xff,0xff,0x00,
	0xff,0xff,0xff,0x00,0xff,0xff,0xff,0x00,0xff,0xff,0xff,0x00,0xff,0xff,0xff,0x00,
	0xff,0xff,0xff,0x00,0xff,0xff,0xff,0x00,0xff,0xff,0xff,0x00,0xff,0xff,0xff,0x00,
	0xff,0xff,0xff,0x00,0xff,0xff,0xff,0x00,0xff,0xff,0xff,0x00,0xff,0xff,0xff,0x00,
	0xff,0xff,0xff,0x00,0xff,0xff,0xff,0x00,0xff,0xff,0xff,0x00,0xff,0xff,0xff,0x00,
	0xff,0xff,0xff,0x00,0xff,0xff,0x00,0xff,0xff,0xff,0x00,0xff,0xff,0xff,0x00,0xff,
	0xff,0xff,0x00,0xff,0xff,0xff,0x00,0xff,0xff,0xff,0x00,0xff,0xff,0xff,0x00,0xff,
	0xff,0xff,0x00,0xff,0xff,0xff,0x00,0xff,0xff,0xff,0x00,0xff,0xff,0xff,0xff,0x00,
	0xff,0xff,0xff,0x00,0xff,0xff,0xff,0x00,0xff,0xff,0xff,0x00,0xff,0xff,0xff,0x00,
	0xff,0xff,0xff,0x00,0xff,0xff,0xff,0x00,0xff,0xff,0xff,0x00,0xff,0xff,0xff,0x00,
	0xff,0xff,0xff,0x00,0xff,0xff,0x00,0xff,0xff,0xff,0x00,0xff,0xff,0xff,0x00,0xff,
	0xff,0xff,0x00,0xff,0xff,0xff,0x00,0xff,0xff,0xff,0x00,0xff,0xff,0xff,0x00,0xff,
	0xff,0xff,0x00,0xff,0xff,0xff,0x00,0xff,0xff,0xff,0x00,0xff,0xff,0xff,0xff,0x00,
	0xff,0xff,0xff,0x00,0xff,0xff,0xff,0x00,0xff,0xff,0xff,0x00,0xff,0xff,0xff,0x00,
	0xff,0xff,0xff,0x00,0xff,0xff,0xff,0x00,0xff,0xff,0xff,0x00,0xff,0xff,0xff,0x00,
	0xff,0xff,0xff,0x00,0xff,0xff,0x00,0xff,0xff,0xff,0x00,0xff,0xff,0xff,0x00,0xff,
	0xff,0xff,0x00,0xff,0xff,0xff,0x00,0xff,0xff,0xff,0x00,0xff,0xff,0xff,0x00,0xff,
	0xff,0xff,0x00,0xff,0xff,0xff,0x00,0xff,0xff,0xff,0x00,0xff,0xff,0xff,0xff,0x00,
	0xff,0xff,0xff,0x00,0xff,0xff,0xff,0x00,0xff,0xff,0xff,0x00,0xff,0xff,0xff,0x00,
	0xff,0xff,0xff,0x00,0xff,0xff,0xff,0x00,0xff,0xff,0xff,0x00,0xff,0xff,0xff,0x00,
	0xff,0xff,0xff,0x00,0xff,0xff,0x00,0xff,0xff,0xff,0x00,0xff,0xff,0xff,0x00,0xff,
	0xff,0xff,0x00,0xff,0xff,0xff,0x00,0xff,0xff,0xff,0x00,0xff,0xff,0xff,0x00,0xff,
	0xff,0xff,0x00,0xff,0xff,0xff,0x00,0xff,0xff,0xff,0x00,0xff,0xff,0xff,0xff,0x00,
	0xff,0xff,0xff,0x00,0xff,0xff,0xff,0x00,0xff,0xff,0xff,0x00,0xff,0xff,0xff,0x00,
	0xff,0xff,0xff,0x00,0xff,0xff,0xff,0x00,0xff,0xff,0xff,0x00,0xff,0xff,0xff,0x00,
	0xff,0xff,0xff,0x00,0xff,0xff,0x00,0xff,0xff,0xff,0x00,0xff,0xff,0xff,0x00,0xff,
	0xff,0xff,0x00,0xff,0xff,0xff,0x00,0xff,0xff,0xff,0x00,0xff,0xff,0xff,0x00,0xff,
	0xff,0xff,0x00,0xff,0xff,0xff,0x00,0xff,0xff,0xff,0x00,0xff,0xff,0xff,0xff,0x00,
	0xff,0xff,0xff,0x00,0xff,0xff,0xff,0x00,0xff,0xff,0xff,0x00,0xff,0xff,0xff,0x00,
	0xff,0xff,0xff,0x00,0xff,0xff,0xff,0x00,0xff,0xff,0xff,0x00,0xff,0xff,0xff,0x00,
	0xff,0xff,0xff,0x00,0xff,0xff,0x00,0xff,0xff,0xff,0x00,0xff,0xff,0xff,0x00,0xff,
	0xff,0xff,0x00,0xff,0xff,0xff,0x00,0xff,0xff,0xff,0x00,0xff,0xff,0xff,0x00,0xff,
	0xff,0xff,0x00,0xff,0xff,0xff,0x00,0xff,0xff,0xff,0x00,0xff,0xff,0xff,0xff,0x00,
	0xff,0xff,0xff,0x00,0xff,0xff,0xff,0x00,0xff,0xff,0xff,0x00,0xff,0xff,0xff,0x00,
	0xff,0xff,0xff,0x00,0xff,0xff,0xff,0x00,0xff,0xff,0xff,0x00,0xff,0xff,0xff,0x00,
	0xff,0xff,0xff,0x00,0xff,0xff,0x00,0xff,0xff,0xff,0x00,0xff,0xff,0xff,0x00,0xff,
	0xff,0xff,0x00,0xff,0xff,0xff,0x00,0xff,0xff,0xff,0x00,0xff,0xff,0xff,0x00,0xff,
	0xff,0xff,0x00,0xff,0xff,0xff,0x00,0xff,0xff,0xff,0x00,0xff,0xff,0xff,0xff,0x00,
	0xff,0xff,0xff,0x00,0xff,0xff,0xff,0x00,0xff,0xff,0xff,0x00,0xff,0xff,0xff,0x00,
	0xff,0xff,0xff,0x00,0xff,0xff,0xff,0x00,0xff,0xff,0xff,0x00,0xff,0xff,0xff,0x00,
	0xff,0xff,0xff,0x00,0xff,0xff,0x00,0xff,0xff,0xff,0x00,0xff,0xff,0xff,0xff,0x00,
	0xff,0xff,0xff,0x00,0xff,0xff,0xff,0x00,0xff,0xff,0xff,0x00,0xff,0xff,0xff,0x00,
	0xff,0xff,0xff,0x00,0xff,0xff,0x00,0xff,0xff,0xff,0x00,0xff,0xff,0xff,0xff,0x00,
	0xff,0xff,0xff,0x00,0xff,0xff,0xff,0x00,0xff,0xff,0xff,0x00,0xff,0xff,0xff,0x00,
	0xff,0xff,0xff,0x00,0xff,0xff,0xff,0x00,0xff,0xff,0xff,0x00,0xff,0xff,0xff,0x00,
	0xff,0xff,0xff,0x00,0xff,0xff,0xff,0x00,0xff,0xff,0xff,0x00,0xff,0xff,0xff,0x00,
	0xff,0xff,0xff,0x00,0xff,0xff,0xff,0x00,0xff,0xff,0xff,0x00,0xff,0xff,0xff,0x00,
	0xff,0xff,0xff,0x00,0xff,0xff,0xff,0x00,0xff,0xff,0xff,0x00,0xff,0xff,0xff,0x00,
	0xff,0xff,0xff,0x00,0xff,0xff,0xff,0x00,0xff,0xff,0xff,0x00,0xff,0xff,0xff,0x00,
	0xff,0xff,0xff,0x00,0xff,0xff,0xff,0x00,0xff,0xff,0xff,0x00,0xff,0xff,0xff,0x00,
	0xff,0xff,0xff,0x00,0xff,0xff,0xff,0x00,0xff,0xff,0xff,0x00,0xff,0xff,0xff,0x00,
	0xff,0xff,0xff,0x00,0xff,0xff,0xff,0x00,0xff,0xff,0xff,0x00,0xff,0xff,0xff,0x00,
	0xff,0xff,0xff,0x00,0xff,0xff,0xff,0x00,0xff,0xff,0xff,0x00,0xff,0xff,0xff,0x00,
	0xff,0xff,0xff,0x00,0xff,0xff,0xff,0x00,0xff,0xff,0xff,0x00,0xff,0xff,0xff,0x00,
	0xff,0xff,0xff,0x00,0xff,0xff,0xff,0x00,0xff,0xff,0xff,0x00,0xff,0xff,0xff,0x00,
	0xff,0xff,0xff,0x00,0xff,0xff,0xff,0x00,0xff,0xff,0xff,0x00,0xff,0xff,0xff,0x00,
	0xff,0xff,0xff,0x00,0xff,0xff,0xff,0x00,0xff,0xff,0xff,0x00,0xff,0xff,0xff,0x00,
	0xff,0xff,0xff,0x00,0xff,0xff,0xff,0x00,0xff,0xff,0xff,0x00,0xff,0xff,0xff,0x00,
	0xff,0xff,0xff,0x00,0xff,0xff,0xff,0x00,0xff,0xff,0xff,0x00,0xff,0xff,0xff,0x00,
	0xff,0xff,0xff,0x00,0xff,0xff,0xff,0x00,0xff,0xff,0xff,0x00,0xff,0xff,0xff,0x00,
	0xff,0xff,0xff,0x00,0xff,0xff,0xff,0x00,0xff,0xff,0xff,0x00,0xff,0xff,0xff,0x00,
	0xff,0xff,0xff,0x00,0xff,0xff,0xff,0x00,0xff,0xff,0xff,0x00,0xff,0xff,0xff,0x00,
	0xff,0xff,0xff,0x00,0xff,0xff,0xff,0x00,0xff,0xff,0xff,0x00,0xff,0xff,0xff,0x00,
	0xff,0xff,0xff,0x00,0xff,0xff,0xff,0x00,0xff,0xff,0xff,0x00,0xff,0xff,0xff,0x00,
	0xff,0xff,0xff,0x00,0xff,0xff,0xff,0x00,0xff,0xff,0xff,0x00,0xff,0xff,0xff,0x00,
	0xff,0xff,0xff,0x00,0xff,0xff,0xff,0x00,0xff,0xff,0xff,0x00,0xff,0xff,0xff,0x00,
	0xff,0xff,0xff,0x00,0xff,0xff,0xff,0x00,0xff,0xff,0xff,0x00,0xff,0xff,0xff,0x00,
	0xff,0xff,0xff,0x00,0xff,0xff,0xff,0x00,0xff,0xff,0xff,0x00,0xff,0xff,0xff,0x00,
	0xff,0xff,0xff,0x00,0xff,0xff,0xff,0x00,0xff,0xff,0xff,0x00,0xff,0xff,0xff,0x00,
	0xff,0xff,0xff,0x00,0xff,0xff,0xff,0x00,0xff,0xff,0xff,0x00,0xff,0xff,0xff,0x00,
	0xff,0xff,0xff,0x00,0xff,0xff,0xff,0x00,0xff,0xff,0xff,0x00,0xff,0xff,0xff,0x00,
	0xff,0xff,0xff,0x00,0xff,0xff,0xff,0x00,0xff,0xff,0xff,0x00,0xff,0xff,0xff,0x00,
	0xff,0xff,0xff,0x00,0xff,0xff,0xff,0x00,0xff,0xff,0xff,0x00,0xff,0xff,0xff,0x00,
	0xff,0xff,0xff,0x00,0xff,0xff,0xff,0x00,0xff,0xff,0xff,0x00,0xff,0xff,0xff,0x00,
	0xff,0xff,0xff,0x00,0xff,0xff,0xff,0x00,0xff,0xff,0xff,0x00,0xff,0xff,0xff,0x00,
	0xff,0xff,0xff,0x00,0xff,0xff,0xff,0x00,0xff,0xff,0xff,0x00,0xff,0xff,0xff,0x00,
	0xff,0xff,0xff,0x00,0xff,0xff,0xff,0x00,0xff,0xff,0xff,0x00,0xff,0xff,0xff,0x00,
	0xff,0xff,0xff,0x00,0xff,0xff,0xff,0x00,0xff,0xff,0xff,0x00,0xff,0xff,0xff,0x00,
	0xff,0xff,0xff,0x00,0xff,0xff,0xff,0x00,0xff,0xff,0xff,0x00,0xff,0xff,0xff,0x00,
	0xff,0xff,0xff,0x00,0xff,0xff,0xff,0x00,0xff,0xff,0xff,0x00,0xff,0xff,0xff,0x00,
	0xff,0x00,0x00,0xff,0xff,0x00,0x00,0xff,0xff,0x00,0x00,0xff,0xff,0x00,0x00,0xff,
	0xff,0x00,0x00,0xff,0xff,0x00,0x00,0xff,0xff,0x00,0x00,0xff,0xff,0x00,0x00,0xff,
	0xff,0x00,0x00,0xff,0xff,0x00,0x00,0xff,0xff,0x00,0x00,0xff,0xff,0x00,0x00,0xff,
	0xff,0xff,0xff,0x00,0xff,0xff,0xff,0x00,0xff,0xff,0xff,0x00,0xff,0xff,0xff,0x00,
	0xff,0xff,0xff,0x00,0xff,0xff,0xff,0x00,0xff,0xff,0xff,0x00,0xff,0xff,0xff,0x00,
	0xff,0x00,0x00,0xff,0xff,0x00,0x00,0xff,0xff,0x00,0x00,0xff,0xff,0x00,0x00,0xff,
	0xff,0x00,0x00,0xff,0xff,0x00,0x00,0xff,0xff,0x00,0x00,0xff,0xff,0x00,0x00,0xff,
	0xff,0x00,0x00,0xff,0xff,0x00,0x00,0xff,0xff,0x00,0x00,0xff,0xff,0x00,0x00,0xff,
	0xff,0xff,0xff,0x00,0xff,0xff,0xff,0x00,0xff,0xff,0xff,0x00,0xff,0xff,0xff,0x00,
	0xff,0xff,0xff,0x00,0xff,0xff,0xff,0x00,0xff,0xff,0xff,0x00,0xff,0xff,0xff,0x00,
	0xff,0x00,0x00,0xff,0xff,0x00,0x00,0xff,0xff,0x00,0x00,0xff,0xff,0x00,0x00,0xff,
	0xff,0x00,0x00,0xff,0xff,0x00,0x00,0xff,0xff,0x00,0x00,0xff,0xff,0x00,0x00,0xff,
	0xff,0x00,0x00,0xff,0xff,0x00,0x00,0xff,0xff,0x00,0x00,0xff,0xff,0x00,0x00,0xff,
	0xff,0xff,0xff,0x00,0xff,0xff,0xff,0x00,0xff,0xff,0xff,0x00,0xff,0xff,0xff,0x00,
	0xff,0xff,0xff,0x00,0xff,0xff,0xff,0x00,0xff,0xff,0xff,0x00,0xff,0xff,0xff,0x00,
	0xff,0x00,0x00,0xff,0xff,0x00,0x00,0xff,0xff,0x00,0x00,0xff,0xff,0x00,0x00,0xff,
	0xff,0x00,0x00,0xff,0xff,0x00,0x00,0xff,0xff,0x00,0x00,0xff,0xff,0x00,0x00,0xff,
	0xff,0x00,0x00,0xff,0xff,0x00,0x00,0xff,0xff,0x00,0x00,0xff,0xff,0x00,0x00,0xff,
	0xff,0xff,0xff,0x00,0xff,0xff,0xff,0x00,0xff,0xff,0xff,0x00,0xff,0xff,0xff,0x00,
	0xff,0xff,0xff,0x00,0xff,0xff,0xff,0x00,0xff,0xff,0xff,0x00,0xff,0xff,0xff,0x00,
	0xff,0x00,0x00,0xff,0xff,0x00,0x00,0xff,0xff,0x00,0x00,0xff,0xff,0x00,0x00,0xff,
	0xff,0x00,0x00,0xff,0xff,0x00,0x00,0xff,0xff,0x00,0x00,0xff,0xff,0x00,0x00,0xff,
	0xff,0x00,0x00,0xff,0xff,0x00,0x00,0xff,0xff,0x00,0x00,0xff,0xff,0x00,0x00,0xff,
	0xff,0xff,0xff,0x00,0xff,0xff,0xff,0x00,0xff,0xff,0xff,0x00,0xff,0xff,0xff,0x00,
	0xff,0xff,0xff,0x00,0xff,0xff,0xff,0x00,0xff,0xff,0xff,0x00,0xff,0xff,0xff,0x00,
	0xff,0x00,0x00,0xff,0xff,0x00,0x00,0xff,0xff,0x00,0x00,0xff,0xff,0x00,0x00,0xff,
	0xff,0x00,0x00,0xff,0xff,0x00,0x00,0xff,0xff,0x00,0x00,0xff,0xff,0x00,0x00,0xff,
	0xff,0x00,0x00,0xff,0xff,0x00,0x00,0xff,0xff,0x00,0x00,0xff,0xff,0x00,0x00,0xff,
	0xff,0xff,0xff,0x00,0xff,0xff,0xff,0x00,0xff,0xff,0xff,0x00,0xff,0xff,0xff,0x00,
	0xff,0xff,0xff,0x00,0xff,0xff,0xff,0x00,0xff,0xff,0xff,0x00,0xff,0xff,0xff,0x00,
	0xff,0x00,0x00,0xff,0xff,0x00,0x00,0xff,0xff,0x00,0x00,0xff,0xff,0x00,0x00,0xff,
	0xff,0x00,0x00,0xff,0xff,0x00,0x00,0xff,0xff,0x00,0x00,0xff,0xff,0x00,0x00,0xff,
	0xff,0x00,0x00,0xff,0xff,0x00,0x00,0xff,0xff,0x00,0x00,0xff,0xff,0x00,0x00,0xff,
	0xff,0xff,0xff,0x00,0xff,0xff,0xff,0x00,0xff,0xff,0xff,0x00,0xff,0xff,0xff,0x00,
	0xff,0xff,0xff,0x00,0xff,0xff,0xff,0x00,0xff,0xff,0xff,0x00,0xff,0xff,0xff,0x00,
	0xff,0x00,0x00,0xff,0xff,0x00,0x00,0xff,0xff,0x00,0x00,0xff,0xff,0x00,0x00,0xff,
	0xff,0x00,0x00,0xff,0xff,0x00,0x00,0xff,0xff,0x00,0x00,0xff,0xff,0x00,0x00,0xff,
	0xff,0x00,0x00,0xff,0xff,0x00,0x00,0xff,0xff,0x00,0x00,0xff,0xff,0x00,0x00,0xff,
	0xff,0xff,0xff,0x00,0xff,0xff,0xff,0x00,0xff,0xff,0xff,0x00,0xff,0xff,0xff,0x00,
	0xff,0xff,0xff,0x00,0xff,0xff,0xff,0x00,0xff,0xff,0xff,0x00,0xff,0xff,0xff,0x00,
	0xff,0xa6,0xc3,0xff,0xff,0xa6,0xc3,0xff,0xff,0xa6,0xc3,0xff,0xff,0xa6,0xc3,0xff,
	0xff,0xa6,0xc3,0xff,0xff,0xa6,0xc3,0xff,0xff,0xa6,0xc3,0xff,0xff,0xa6,0xc3,0xff,
	0xff,0xa6,0xc3,0xff,0xff,0xa6,0xc3,0xff,0xff,0xa6,0xc3,0xff,0xff,0xa6,0xc3,0xff,
	0xff,0xff,0xff,0x00,0xff,0xff,0xff,0x00,0xff,0xff,0xff,0x00,0xff,0xff,0xff,0x00,
	0xff,0xff,0xff,0x00,0xff,0xff,0xff,0x00,0xff,0xff,0xff,0x00,0xff,0xff,0xff,0x00,
	0xff,0xa6,0xc3,0xff,0xff,0xa6,0xc3,0xff,0xff,0xa6,0xc3,0xff,0xff,0xa6,0xc3,0xff,
	0xff,0xa6,0xc3,0xff,0xff,0xa6,0xc3,0xff,0xff,0xa6,0xc3,0xff,0xff,0xa6,0xc3,0xff,
	0xff,0xa6,0xc3,0xff,0xff,0xa6,0xc3,0xff,0xff,0xa6,0xc3,0xff,0xff,0xa6,0xc3,0xff,
	0xff,0xff,0xff,0x00,0xff,0xff,0xff,0x00,0xff,0xff,0xff,0x00,0xff,0xff,0xff,0x00,
	0xff,0xff,0xff,0x00,0xff,0xff,0xff,0x00,0xff,0xff,0xff,0x00,0xff,0xff,0xff,0x00,
	0xff,0xa6,0xc3,0xff,0xff,0xa6,0xc3,0xff,0xff,0xa6,0xc3,0xff,0xff,0xa6,0xc3,0xff,
	0xff,0xa6,0xc3,0xff,0xff,0xa6,0xc3,0xff,0xff,0xa6,0xc3,0xff,0xff,0xa6,0xc3,0xff,
	0xff,0xa6,0xc3,0xff,0xff,0xa6,0xc3,0xff,0xff,0xa6,0xc3,0xff,0xff,0xa6,0xc3,0xff,
	0xff,0xff,0xff,0x00,0xff,0xff,0xff,0x00,0xff,0xff,0xff,0x00,0xff,0xff,0xff,0x00,
	0xff,0xff,0xff,0x00,0xff,0xff,0xff,0x00,0xff,0xff,0xff,0x00,0xff,0xff,0xff,0x00,
	0xff,0xa6,0xc3,0xff,0xff,0xa6,0xc3,0xff,0xff,0xa6,0xc3,0xff,0xff,0xa6,0xc3,0xff,
	0xff,0xa6,0xc3,0xff,0xff,0xa6,0xc3,0xff,0xff,0xa6,0xc3,0xff,0xff,0xa6,0xc3,0xff,
	0xff,0xa6,0xc3,0xff,0xff,0xa6,0xc3,0xff,0xff,0xa6,0xc3,0xff,0xff,0xa6,0xc3,0xff,
	0xff,0xff,0xff,0x00,0xff,0xff,0xff,0x00,0xff,0xff,0xff,0x00,0xff,0xff,0xff,0x00,
	0xff,0xff,0xff,0x00,0xff,0xff,0xff,0x00,0xff,0xff,0xff,0x00,0xff,0xff,0xff,0x00,
	0xff,0xa6,0xc3,0xff,0xff,0xa6,0xc3,0xff,0xff,0xa6,0xc3,0xff,0xff,0xa6,0xc3,0xff,
	0xff,0xa6,0xc3,0xff,0xff,0xa6,0xc3,0xff,0xff,0xa6,0xc3,0xff,0xff,0xa6,0xc3,0xff,
	0xff,0xa6,0xc3,0xff,0xff,0xa6,0xc3,0xff,0xff,0xa6,0xc3,0xff,0xff,0xa6,0xc3,0xff,
	0xff,0xff,0xff,0x00,0xff,0xff,0xff,0x00,0xff,0xff,0xff,0x00,0xff,0xff,0xff,0x00,
	0xff,0xff,0xff,0x00,0xff,0xff,0xff,0x00,0xff,0xff,0xff,0x00,0xff,0xff,0xff,0x00,
	0xff,0xa6,0xc3,0xff,0xff,0xa6,0xc3,0xff,0xff,0xa6,0xc3,0xff,0xff,0xa6,0xc3,0xff,
	0xff,0xa6,0xc3,0xff,0xff,0xa6,0xc3,0xff,0xff,0xa6,0xc3,0xff,0xff,0xa6,0xc3,0xff,
	0xff,0xa6,0xc3,0xff,0xff,0xa6,0xc3,0xff,0xff,0xa6,0xc3,0xff,0xff,0xa6,0xc3,0xff,
	0xff,0xff,0xff,0x00,0xff,0xff,0xff,0x00,0xff,0xff,0xff,0x00,0xff,0xff,0xff,0x00,
	0xff,0xff,0xff,0x00,0xff,0xff,0xff,0x00,0xff,0xff,0xff,0x00,0xff,0xff,0xff,0x00,
	0xff,0xa6,0xc3,0xff,0xff,0xa6,0xc3,0xff,0xff,0xa6,0xc3,0xff,0xff,0xa6,0xc3,0xff,
	0xff,0xa6,0xc3,0xff,0xff,0xa6,0xc3,0xff,0xff,0xa6,0xc3,0xff,0xff,0xa6,0xc3,0xff,
	0xff,0xa6,0xc3,0xff,0xff,0xa6,0xc3,0xff,0xff,0xa6,0xc3,0xff,0xff,0xa6,0xc3,0xff,
	0xff,0xff,0xff,0x00,0xff,0xff,0xff,0x00,0xff,0xff,0xff,0x00,0xff,0xff,0xff,0x00,
	0xff,0xff,0xff,0x00,0xff,0xff,0xff,0x00,0xff,0xff,0xff,0x00,0xff,0xff,0xff,0x00,
	0xff,0xa6,0xc3,0xff,0xff,0xa6,0xc3,0xff,0xff,0xa6,0xc3,0xff,0xff,0xa6,0xc3,0xff,
	0xff,0xa6,0xc3,0xff,0xff,0xa6,0xc3,0xff,0xff,0xa6,0xc3,0xff,0xff,0xa6,0xc3,0xff,
	0xff,0xa6,0xc3,0xff,0xff,0xa6,0xc3,0xff,0xff,0xa6,0xc3,0xff,0xff,0xa6,0xc3,0xff,
	0xff,0xff,0xff,0x00,0xff,0xff,0xff,0x00,0xff,0xff,0xff,0x00,0xff,0xff,0xff,0x00,
	0xff,0xff,0xff,0x00,0xff,0xff,0xff,0x00,0xff,0xff,0xff,0x00,0xff,0xff,0xff,0x00,
	0x00,0xe6,0xff,0xff,0x00,0xe6,0xff,0xff,0x00,0xe6,0xff,0xff,0x00,0xe6,0xff,0xff,
	0x00,0xe6,0xff,0xff,0x00,0xe6,0xff,0xff,0x00,0xe6,0xff,0xff,0x00,0xe6,0xff,0xff,
	0x00,0xe6,0xff,0xff,0x00,0xe6,0xff,0xff,0x00,0xe6,0xff,0xff,0x00,0xe6,0xff,0xff,
	0xff,0xff,0xff,0x00,0xff,0xff,0xff,0x00,0xff,0xff,0xff,0x00,0xff,0xff,0xff,0x00,
	0xff,0xff,0xff,0x00,0xff,0xff,0xff,0x00,0xff,0xff,0xff,0x00,0xff,0xff,0xff,0x00,
	0x00,0xe6,0xff,0xff,0x00,0xe6,0xff,0xff,0x00,0xe6,0xff,0xff,0x00,0xe6,0xff,0xff,
	0x00,0xe6,0xff,0xff,0x00,0xe6,0xff,0xff,0x00,0xe6,0xff,0xff,0x00,0xe6,0xff,0xff,
	0x00,0xe6,0xff,0xff,0x00,0xe6,0xff,0xff,0x00,0xe6,0xff,0xff,0x00,0xe6,0xff,0xff,
	0xff,0xff,0xff,0x00,0xff,0xff,0xff,0x00,0xff,0xff,0xff,0x00,0xff,0xff,0xff,0x00,
	0xff,0xff,0xff,0x00,0xff,0xff,0xff,0x00,0xff,0xff,0xff,0x00,0xff,0xff,0xff,0x00,
	0x00,0xe6,0xff,0xff,0x00,0xe6,0xff,0xff,0x00,0xe6,0xff,0xff,0x00,0xe6,0xff,0xff,
	0x00,0xe6,0xff,0xff,0x00,0xe6,0xff,0xff,0x00,0xe6,0xff,0xff,0x00,0xe6,0xff,0xff,
	0x00,0xe6,0xff,0xff,0x00,0xe6,0xff,0xff,0x00,0xe6,0xff,0xff,0x00,0xe6,0xff,0xff,
	0xff,0xff,0xff,0x00,0xff,0xff,0xff,0x00,0xff,0xff,0xff,0x00,0xff,0xff,0xff,0x00,
	0xff,0xff,0xff,0x00,0xff,0xff,0xff,0x00,0xff,0xff,0xff,0x00,0xff,0xff,0xff,0x00,
	0x00,0xe6,0xff,0xff,0x00,0xe6,0xff,0xff,0x00,0xe6,0xff,0xff,0x00,0xe6,0xff,0xff,
	0x00,0xe6,0xff,0xff,0x00,0xe6,0xff,0xff,0x00,0xe6,0xff,0xff,0x00,0xe6,0xff,0xff,
	0x00,0xe6,0xff,0xff,0x00,0xe6,0xff,0xff,0x00,0xe6,0xff,0xff,0x00,0xe6,0xff,0xff,
	0xff,0xff,0xff,0x00,0xff,0xff,0xff,0x00,0xff,0xff,0xff,0x00,0xff,0xff,0xff,0x00,
	0xff,0xff,0xff,0x00,0xff,0xff,0xff,0x00,0xff,0xff,0xff,0x00,0xff,0xff,0xff,0x00,
	0x00,0xe6,0xff,0xff,0x00,0xe6,0xff,0xff,0x00,0xe6,0xff,0xff,0x00,0xe6,0xff,0xff,
	0x00,0xe6,0xff,0xff,0x00,0xe6,0xff,0xff,0x00,0xe6,0xff,0xff,0x00,0xe6,0xff,0xff,
	0x00,0xe6,0xff,0xff,0x00,0xe6,0xff,0xff,0x00,0xe6,0xff,0xff,0x00,0xe6,0xff,0xff,
	0xff,0xff,0xff,0x00,0xff,0xff,0xff,0x00,0xff,0xff,0xff,0x00,0xff,0xff,0xff,0x00,
	0xff,0xff,0xff,0x00,0xff,0xff,0xff,0x00,0xff,0xff,0xff,0x00,0xff,0xff,0xff,0x00,
	0x00,0xe6,0xff,0xff,0x00,0xe6,0xff,0xff,0x00,0xe6,0xff,0xff,0x00,0xe6,0xff,0xff,
	0x00,0xe6,0xff,0xff,0x00,0xe6,0xff,0xff,0x00,0xe6,0xff,0xff,0x00,0xe6,0xff,0xff,
	0x00,0xe6,0xff,0xff,0x00,0xe6,0xff,0xff,0x00,0xe6,0xff,0xff,0x00,0xe6,0xff,0xff,
	0xff,0xff,0xff,0x00,0xff,0xff,0xff,0x00,0xff,0xff,0xff,0x00,0xff,0xff,0xff,0x00,
	0xff,0xff,0xff,0x00,0xff,0xff,0xff,0x00,0xff,0xff,0xff,0x00,0xff,0xff,0xff,0x00,
	0x00,0xe6,0xff,0xff,0x00,0xe6,0xff,0xff,0x00,0xe6,0xff,0xff,0x00,0xe6,0xff,0xff,
	0x00,0xe6,0xff,0xff,0x00,0xe6,0xff,0xff,0x00,0xe6,0xff,0xff,0x00,0xe6,0xff,0xff,
	0x00,0xe6,0xff,0xff,0x00,0xe6,0xff,0xff,0x00,0xe6,0xff,0xff,0x00,0xe6,0xff,0xff,
	0xff,0xff,0xff,0x00,0xff,0xff,0xff,0x00,0xff,0xff,0xff,0x00,0xff,0xff,0xff,0x00,
	0xff,0xff,0xff,0x00,0xff,0xff,0xff,0x00,0xff,0xff,0xff,0x00,0xff,0xff,0xff,0x00,
	0x00,0xe6,0xff,0xff,0x00,0xe6,0xff,0xff,0x00,0xe6,0xff,0xff,0x00,0xe6,0xff,0xff,
	0x00,0xe6,0xff,0xff,0x00,0xe6,0xff,0xff,0x00,0xe6,0xff,0xff,0x00,0xe6,0xff,0xff,
	0x00,0xe6,0xff,0xff,0x00,0xe6,0xff,0xff,0x00,0xe6,0xff,0xff,0x00,0xe6,0xff,0xff,
	0xff,0xff,0xff,0x00,0xff,0xff,0xff,0x00,0xff,0xff,0xff,0x00,0xff,0xff,0xff,0x00,
	0xff,0xff,0xff,0x00,0xff,0xff,0xff,0x00,0xff,0xff,0xff,0x00,0xff,0xff,0xff,0x00,
	0xff,0xa6,0x00,0xff,0xff,0xa6,0x00,0xff,0xff,0xa6,0x00,0xff,0xff,0xa6,0x00,0xff,
	0xff,0xa6,0x00,0xff,0xff,0xa6,0x00,0xff,0xff,0xa6,0x00,0xff,0xff,0xa6,0x00,0xff,
	0xff,0xa6,0x00,0xff,0xff,0xa6,0x00,0xff,0xff,0xa6,0x00,0xff,0xff,0xa6,0x00,0xff,
	0xff,0xff,0xff,0x00,0xff,0xff,0xff,0x00,0xff,0xff,0xff,0x00,0xff,0xff,0xff,0x00,
	0xff,0xff,0xff,0x00,0xff,0xff,0xff,0x00,0xff,0xff,0xff,0x00,0xff,0xff,0xff,0x00,
	0xff,0xa6,0x00,0xff,0xff,0xa6,0x00,0xff,0xff,0xa6,0x00,0xff,0xff,0xa6,0x00,0xff,
	0xff,0xa6,0x00,0xff,0xff,0xa6,0x00,0xff,0xff,0xa6,0x00,0xff,0xff,0xa6,0x00,0xff,
	0xff,0xa6,0x00,0xff,0xff,0xa6,0x00,0xff,0xff,0xa6,0x00,0xff,0xff,0xa6,0x00,0xff,
	0xff,0xff,0xff,0x00,0xff,0xff,0xff,0x00,0xff,0xff,0xff,0x00,0xff,0xff,0xff,0x00,
	0xff,0xff,0xff,0x00,0xff,0xff,0xff,0x00,0xff,0xff,0xff,0x00,0xff,0xff,0xff,0x00,
	0xff,0xa6,0x00,0xff,0xff,0xa6,0x00,0xff,0xff,0xa6,0x00,0xff,0xff,0xa6,0x00,0xff,
	0xff,0xa6,0x00,0xff,0xff,0xa6,0x00,0xff,0xff,0xa6,0x00,0xff,0xff,0xa6,0x00,0xff,
	0xff,0xa6,0x00,0xff,0xff,0xa6,0x00,0xff,0xff,0xa6,0x00,0xff,0xff,0xa6,0x00,0xff,
	0xff,0xff,0xff,0x00,0xff,0xff,0xff,0x00,0xff,0xff,0xff,0x00,0xff,0xff,0xff,0x00,
	0xff,0xff,0xff,0x00,0xff,0xff,0xff,0x00,0xff,0xff,0xff,0x00,0xff,0xff,0xff,0x00,
	0xff,0xa6,0x00,0xff,0xff,0xa6,0x00,0xff,0xff,0xa6,0x00,0xff,0xff,0xa6,0x00,0xff,
	0xff,0xa6,0x00,0xff,0xff,0xa6,0x00,0xff,0xff,0xa6,0x00,0xff,0xff,0xa6,0x00,0xff,
	0xff,0xa6,0x00,0xff,0xff,0xa6,0x00,0xff,0xff,0xa6,0x00,0xff,0xff,0xa6,0x00,0xff,
	0xff,0xff,0xff,0x00,0xff,0xff,0xff,0x00,0xff,0xff,0xff,0x00,0xff,0xff,0xff,0x00,
	0xff,0xff,0xff,0x00,0xff,0xff,0xff,0x00,0xff,0xff,0xff,0x00,0xff,0xff,0xff,0x00,
	0xff,0xa6,0x00,0xff,0xff,0xa6,0x00,0xff,0xff,0xa6,0x00,0xff,0xff,0xa6,0x00,0xff,
	0xff,0xa6,0x00,0xff,0xff,0xa6,0x00,0xff,0xff,0xa6,0x00,0xff,0xff,0xa6,0x00,0xff,
	0xff,0xa6,0x00,0xff,0xff,0xa6,0x00,0xff,0xff,0xa6,0x00,0xff,0xff,0xa6,0x00,0xff,
	0xff,0xff,0xff,0x00,0xff,0xff,0xff,0x00,0xff,0xff,0xff,0x00,0xff,0xff,0xff,0x00,
	0xff,0xff,0xff,0x00,0xff,0xff,0xff,0x00,0xff,0xff,0xff,0x00,0xff,0xff,0xff,0x00,
	0xff,0xa6,0x00,0xff,0xff,0xa6,0x00,0xff,0xff,0xa6,0x00,0xff,0xff,0xa6,0x00,0xff,
	0xff,0xa6,0x00,0xff,0xff,0xa6,0x00,0xff,0xff,0xa6,0x00,0xff,0xff,0xa6,0x00,0xff,
	0xff,0xa6,0x00,0xff,0xff,0xa6,0x00,0xff,0xff,0xa6,0x00,0xff,0xff,0xa6,0x00,0xff,
	0xff,0xff,0xff,0x00,0xff,0xff,0xff,0x00,0xff,0xff,0xff,0x00,0xff,0xff,0xff,0x00,
	0xff,0xff,0xff,0x00,0xff,0xff,0xff,0x00,0xff,0xff,0xff,0x00,0xff,0xff,0xff,0x00,
	0xff,0xa6,0x00,0xff,0xff,0xa6,0x00,0xff,0xff,0xa6,0x00,0xff,0xff,0xa6,0x00,0xff,
	0xff,0xa6,0x00,0xff,0xff,0xa6,0x00,0xff,0xff,0xa6,0x00,0xff,0xff,0xa6,0x00,0xff,
	0xff,0xa6,0x00,0xff,0xff,0xa6,0x00,0xff,0xff,0xa6,0x00,0xff,0xff,0xa6,0x00,0xff,
	0xff,0xff,0xff,0x00,0xff,0xff,0xff,0x00,0xff,0xff,0xff,0x00,0xff,0xff,0xff,0x00,
	0xff,0xff,0xff,0x00,0xff,0xff,0xff,0x00,0xff,0xff,0xff,0x00,0xff,0xff,0xff,0x00,
	0xff,0xa6,0x00,0xff,0xff,0xa6,0x00,0xff,0xff,0xa6,0x00,0xff,0xff,0xa6,0x00,0xff,
	0xff,0xa6,0x00,0xff,0xff,0xa6,0x00,0xff,0xff,0xa6,0x00,0xff,0xff,0xa6,0x00,0xff,
	0xff,0xa6,0x00,0xff,0xff,0xa6,0x00,0xff,0xff,0xa6,0x00,0xff,0xff,0xa6,0x00,0xff,
	0xff,0xff,0xff,0x00,0xff,0xff,0xff,0x00,0xff,0xff,0xff,0x00,0xff,0xff,0xff,0x00,
	0xff,0xff,0xff,0x00,0xff,0xff,0xff,0x00,0xff,0xff,0xff,0x00,0xff,0xff,0xff,0x00,
	0xff,0xff,0xff,0x00,0xff,0xff,0xff,0x00,0xff,0xff,0xff,0x00,0xff,0xff,0xff,0x00,
	0xff,0xff,0xff,0x00,0xff,0xff,0xff,0x00,0xff,0xff,0xff,0x00,0xff,0xff,0xff,0x00,
	0xff,0xff,0xff,0x00,0xff,0xff,0xff,0x00,0xff,0xff,0xff,0x00,0xff,0xff,0xff,0x00,
	0xff,0xff,0xff,0x00,0xff,0xff,0xff,0x00,0xff,0xff,0xff,0x00,0xff,0xff,0xff,0x00,
	0xff,0xff,0xff,0x00,0xff,0xff,0xff,0x00,0xff,0xff,0xff,0x00,0xff,0xff,0xff,0x00,
	0xff,0xff,0xff,0x00,0xff,0xff,0xff,0x00,0xff,0xff,0xff,0x00,0xff,0xff,0xff,0x00,
	0xff,0xff,0xff,0x00,0xff,0xff,0xff,0x00,0xff,0xff,0xff,0x00,0xff,0xff,0xff,0x00,
	0xff,0xff,0xff,0x00,0xff,0xff,0xff,0x00,0xff,0xff,0xff,0x00,0xff,0xff,0xff,0x00,
	0xff,0xff,0xff,0x00,0xff,0xff,0xff,0x00,0xff,0xff,0xff,0x00,0xff,0xff,0xff,0x00,
	0xff,0xff,0xff,0x00,0xff,0xff,0xff,0x00,0xff,0xff,0xff,0x00,0xff,0xff,0xff,0x00,
	0xff,0xff,0xff,0x00,0xff,0xff,0xff,0x00,0xff,0xff,0xff,0x00,0xff,0xff,0xff,0x00,
	0xff,0xff,0xff,0x00,0xff,0xff,0xff,0x00,0xff,0xff,0xff,0x00,0xff,0xff,0xff,0x00,
	0xff,0xff,0xff,0x00,0xff,0xff,0xff,0x00,0xff,0xff,0xff,0x00,0xff,0xff,0xff,0x00,
	0xff,0xff,0xff,0x00,0xff,0xff,0xff,0x00,0xff,0xff,0xff,0x00,0xff,0xff,0xff,0x00,
	0xff,0xff,0xff,0x00,0xff,0xff,0xff,0x00,0xff,0xff,0xff,0x00,0xff,0xff,0xff,0x00,
	0xff,0xff,0xff,0x00,0xff,0xff,0xff,0x00,0xff,0xff,0xff,0x00,0xff,0xff,0xff,0x00,
	0xff,0xff,0xff,0x00,0xff,0xff,0xff,0x00,0xff,0xff,0xff,0x00,0xff,0xff,0xff,0x00,
	0xff,0xff,0xff,0x00,0xff,0xff,0xff,0x00,0xff,0xff,0xff,0x00,0xff,0xff,0xff,0x00,
	0xff,0xff,0xff,0x00,0xff,0xff,0xff,0x00,0xff,0xff,0xff,0x00,0xff,0xff,0xff,0x00,
	0xff,0xff,0xff,0x00,0xff,0xff,0xff,0x00,0xff,0xff,0xff,0x00,0xff,0xff,0xff,0x00,
	0x00,0x00,0xc3,0xff,0x00,0x00,0xc3,0xff,0x00,0x00,0xc3,0xff,0x00,0x00,0xc3,0xff,
	0x00,0x00,0xc3,0xff,0x00,0x00,0xc3,0xff,0x00,0x00,0xc3,0xff,0x00,0x00,0xc3,0xff,
	0x00,0x00,0xc3,0xff,0x00,0x00,0xc3,0xff,0x00,0x00,0xc3,0xff,0x00,0x00,0xc3,0xff,
	0xff,0xff,0xff,0x00,0xff,0xff,0xff,0x00,0xff,0xff,0xff,0x00,0xff,0xff,0xff,0x00,
	0xff,0xff,0xff,0x00,0xff,0xff,0xff,0x00,0xff,0xff,0xff,0x00,0xff,0xff,0xff,0x00,
	0x00,0x00,0xc3,0xff,0x00,0x00,0xc3,0xff,0x00,0x00,0xc3,0xff,0x00,0x00,0xc3,0xff,
	0x00,0x00,0xc3,0xff,0x00,0x00,0xc3,0xff,0x00,0x00,0xc3,0xff,0x00,0x00,0xc3,0xff,
	0x00,0x00,0xc3,0xff,0x00,0x00,0xc3,0xff,0x00,0x00,0xc3,0xff,0x00,0x00,0xc3,0xff,
	0xff,0xff,0xff,0x00,0xff,0xff,0xff,0x00,0xff,0xff,0xff,0x00,0xff,0xff,0xff,0x00,
	0xff,0xff,0xff,0x00,0xff,0xff,0xff,0x00,0xff,0xff,0xff,0x00,0xff,0xff,0xff,0x00,
	0xff,0xff,0xff,0xff,0xff,0xff,0xff,0xff,0xff,0xff,0xff,0xff,0xff,0xff,0xff,0xff,
	0xff,0xff,0xff,0xff,0xff,0xff,0xff,0xff,0xff,0xff,0xff,0xff,0xff,0xff,0xff,0xff,
	0xff,0xff,0xff,0xff,0xff,0xff,0xff,0xff,0xff,0xff,0xff,0xff,0xff,0xff,0xff,0xff,
	0xff,0xff,0xff,0x00,0xff,0xff,0xff,0x00,0xff,0xff,0xff,0x00,0xff,0xff,0xff,0x00,
	0xff,0xff,0xff,0x00,0xff,0xff,0xff,0x00,0xff,0xff,0xff,0x00,0xff,0xff,0xff,0x00,
	0xff,0xff,0xff,0xff,0xff,0xff,0xff,0xff,0xff,0xff,0xff,0xff,0xff,0xff,0xff,0xff,
	0xff,0xff,0xff,0xff,0xff,0xff,0xff,0xff,0xff,0xff,0xff,0xff,0xff,0xff,0xff,0xff,
	0xff,0xff,0xff,0xff,0xff,0xff,0xff,0xff,0xff,0xff,0xff,0xff,0xff,0xff,0xff,0xff,
	0xff,0xff,0xff,0x00,0xff,0xff,0xff,0x00,0xff,0xff,0xff,0x00,0xff,0xff,0xff,0x00,
	0xff,0xff,0xff,0x00,0xff,0xff,0xff,0x00,0xff,0xff,0xff,0x00,0xff,0xff,0xff,0x00,
	0xff,0xff,0xff,0x00,0xff,0xff,0xff,0x00,0xff,0xff,0xff,0x00,0xff,0xff,0xff,0x00,
	0xff,0xff,0xff,0x00,0xff,0xff,0xff,0x00,0xff,0xff,0xff,0x00,0xff,0xff,0xff,0x00,
	0xff,0xff,0xff,0x00,0xf9,0xbc,0x54,0xff,0xf9,0xbc,0x54,0xff,0xf9,0xbc,0x54,0xff,
	0xf9,0xbc,0x54,0xff,0xf9,0xbc,0x54,0xff,0xff,0xff,0xff,0x00,0xff,0xff,0xff,0x00,
	0xff,0xff,0xff,0x00,0xff,0xff,0xff,0x00,0xff,0xff,0xff,0x00,0xff,0xff,0xff,0x00,
	0xff,0xff,0xff,0x00,0xff,0xff,0xff,0x00,0x00,0xdc,0x00,0xff,0x00,0xdc,0x00,0xff,
	0xe6,0xe6,0xff,0xff,0xe6,0xe6,0xff,0xff,0x00,0xdc,0x00,0xff,0x00,0xdc,0x00,0xff,
	0x00,0xdc,0x00,0xff,0x00,0xdc,0x00,0xff,0xff,0xff,0xff,0x00,0xff,0xff,0xff,0x00,
	0xff,0xff,0xff,0x00,0xff,0xff,0xff,0x00,0xff,0xff,0xff,0x00,0xff,0xff,0xff,0x00,
	0xff,0xff,0xff,0x00,0xff,0xff,0xff,0x00,0xff,0xff,0xff,0x00,0xff,0xff,0xff,0x00,
	0xff,0xff,0xff,0x00,0xff,0xff,0xff,0x00,0xff,0xff,0xff,0x00,0xff,0xff,0xff,0x00,
	0xff,0xff,0xff,0x00,0xf9,0xbc,0x54,0xff,0xf9,0xbc,0x54,0xff,0x00,0xff,0x00,0xff,
	0x00,0xff,0x00,0xff,0x00,0xff,0x00,0xff,0x00,0xff,0x00,0xff,0x00,0xff,0x00,0xff,
	0x00,0xff,0x00,0xff,0xff,0xff,0xff,0x00,0xff,0xff,0xff,0x00,0xff,0xff,0xff,0x00,
	0xff,0xff,0xff,0x00,0xff,0xff,0xff,0x00,0xff,0xff,0xff,0x00,0xff,0xff,0xff,0x00,
	0xff,0xff,0xff,0x00,0xff,0xff,0xff,0x00,0xff,0xff,0xff,0x00,0xff,0xff,0xff,0x00,
	0xff,0xff,0xff,0x00,0xff,0xff,0xff,0x00,0xff,0xff,0xff,0x00,0xf9,0xbc,0x54,0xff,
	0xf9,0xbc,0x54,0xff,0xff,0xff,0xff,0x00,0xff,0xff,0xff,0x00,0xff,0xff,0xff,0x00,
	0xff,0xff,0xff,0x00,0xff,0xff,0xff,0x00,0xff,0xff,0xff,0x00,0xff,0xff,0xff,0x00,
	0xff,0xff,0xff,0x00,0xff,0xff,0xff,0x00,0xff,0xff,0xff,0x00,0xff,0xff,0xff,0x00,
	0xff,0xff,0xff,0x00,0xff,0xff,0xff,0x00,0x54,0xc3,0xe3,0xff,0x54,0xc3,0xe3,0xff,
	0x54,0xc3,0xe3,0xff,0x54,0xc3,0xe3,0xff,0x54,0xc3,0xe3,0xff,0x54,0xc3,0xe3,0xff,
	0x54,0xc3,0xe3,0xff,0xff,0xff,0xff,0x00,0xff,0xff,0xff,0x00,0xff,0xff,0xff,0x00,
	0xff,0xff,0xff,0x00,0xff,0xff,0xff,0x00,0xff,0xff,0xff,0x00,0xff,0xff,0xff,0x00,
	0xff,0xff,0xff,0x00,0xff,0xff,0xff,0x00,0xff,0xff,0xff,0x00,0xff,0xff,0xff,0x00,
	0xff,0xff,0xff,0x00,0xff,0xff,0xff,0x00,0xff,0xff,0xff,0x00,0xff,0xff,0xff,0x00,
	0xff,0xff,0xff,0x00,0xff,0xff,0xff,0x00,0xff,0xff,0xff,0x00,0xff,0xff,0xff,0x00,
	0xff,0xff,0xff,0x00,0xff,0xff,0xff,0x00,0xff,0xff,0xff,0x00,0xff,0xff,0xff,0x00,
	0xff,0xff,0xff,0x00,0xff,0xff,0xff,0x00,0xff,0xff,0xff,0x00,0xff,0xff,0xff,0x00,
	0xff,0xff,0xff,0x00,0xff,0xff,0xff,0x00,0xff,0xff,0xff,0x00,0xff,0xff,0xff,0x00,
	0xff,0xff,0xff,0x00,0xff,0xff,0xff,0x00,0xff,0xff,0x00,0xff,0xff,0xff,0x00,0xff,
	0xff,0xff,0xff,0x00,0xff,0xff,0xff,0x00,0xff,0xff,0xff,0x00,0xff,0xff,0x00,0xff,
	0xff,0xff,0x00,0xff,0xff,0xff,0xff,0x00,0xff,0xff,0xff,0x00,0xff,0xff,0xff,0x00,
	0xff,0xff,0xff,0x00,0xff,0xff,0xff,0x00,0xff,0xff,0xff,0x00,0xff,0xff,0xff,0x00,
	0xff,0xff,0xff,0x00,0xff,0xff,0xff,0x00,0xff,0xff,0xff,0x00,0xff,0xff,0xff,0x00,
	0xff,0xff,0xff,0x00,0xff,0xff,0xff,0x00,0x54,0xc3,0xe3,0xff,0x54,0xc3,0xe3,0xff,
	0xff,0xff,0xff,0x00,0xff,0xff,0xff,0x00,0xff,0xff,0xff,0x00,0xff,0xff,0xff,0x00,
	0x54,0xc3,0xe3,0xff,0x54,0xc3,0xe3,0xff,0xff,0xff,0xff,0x00,0xff,0xff,0xff,0x00,
	0xff,0xff,0xff,0x00,0xff,0xff,0xff,0x00,0xff,0xff,0xff,0x00,0xff,0xff,0xff,0x00,
	0xff,0xff,0xff,0x00,0xff,0xff,0xff,0x00,0xff,0xff,0xff,0x00,0xff,0xff,0xff,0x00,
	0xff,0xff,0xff,0x00,0xff,0xff,0xff,0x00,0xff,0xff,0xff,0x00,0xff,0xff,0xff,0x00,
	0xff,0xff,0xff,0x00,0xff,0xff,0xff,0x00,0xff,0xff,0xff,0x00,0xff,0xff,0xff,0x00,
	0xff,0xff,0xff,0x00,0xff,0xff,0xff,0x00,0xff,0xff,0xff,0x00,0xff,0xff,0xff,0x00,
	0xff,0xff,0xff,0x00,0xff,0xff,0xff,0x00,0xff,0xff,0xff,0x00,0xff,0xff,0xff,0x00,
	0xff,0xff,0xff,0x00,0xff,0xff,0xff,0x00,0xff,0xff,0xff,0x00,0xff,0xff,0xff,0x00,
	0xff,0xff,0xff,0x00,0xff,0xff,0xff,0x00,0xff,0xff,0xff,0x00,0xff,0xff,0xff,0x00,
	0xff,0xff,0xff,0x00,0xff,0xff,0xff,0x00,0xff,0xff,0xff,0x00,0xff,0xff,0xff,0x00,
	0xff,0xff,0xff,0x00,0xff,0xff,0xff,0x00,0xff,0xff,0xff,0x00,0xff,0xff,0xff,0x00,
	0xff,0xff,0xff,0x00,0xff,0xff,0xff,0x00,0xff,0xff,0xff,0x00,0xff,0xff,0xff,0x00,
	0xff,0xff,0xff,0x00,0xff,0xff,0xff,0x00,0xff,0xff,0xff,0x00,0xff,0xff,0xff,0x00,
	0xff,0xff,0xff,0x00,0xff,0xff,0xff,0x00,0xff,0xff,0xff,0x00,0xff,0xff,0xff,0x00,
	0xff,0xff,0xff,0x00,0xff,0xff,0xff,0x00,0xff,0xff,0xff,0x00,0xff,0xff,0xff,0x00,
	0xff,0xff,0xff,0x00,0xff,0xff,0xff,0x00,0xff,0xff,0xff,0x00,0xff,0xff,0xff,0x00,
	0xff,0xff,0xff,0x00,0xff,0xff,0xff,0x00,0xff,0xff,0xff,0x00,0xff,0xff,0xff,0x00,
	0xff,0xff,0xff,0x00,0xff,0xff,0xff,0x00,0xff,0xff,0xff,0x00,0xff,0xff,0xff,0x00,
	0xff,0xff,0xff,0x00,0xff,0xff,0xff,0x00,0xff,0xff,0xff,0x00,0xff,0xff,0xff,0x00,
	0xff,0xff,0xff,0x00,0xff,0xff,0xff,0x00,0xff,0xff,0xff,0x00,0xff,0xff,0xff,0x00,
	0xff,0xff,0xff,0x00,0xff,0xff,0xff,0x00,0xff,0xff,0xff,0x00,0xff,0xff,0xff,0x00,
	0xff,0xff,0xff,0x00,0xff,0xff,0xff,0x00,0xff,0xff,0xff,0x00,0xff,0xff,0xff,0x00,
	0xff,0xff,0xff,0x00,0xff,0xff,0xff,0x00,0xff,0xff,0xff,0x00,0xff,0xff,0xff,0x00,
	0xff,0xff,0xff,0x00,0xff,0xff,0xff,0x00,0xff,0xff,0xff,0x00,0xff,0xff,0xff,0x00,
	0xff,0xff,0xff,0x00,0xff,0xff,0xff,0x00,0xff,0xff,0xff,0x00,0xff,0xff,0xff,0x00,
	0xff,0xff,0xff,0x00,0xff,0xff,0xff,0x00,0xff,0xff,0xff,0x00,0xff,0xff,0xff,0x00,
	0xff,0xff,0xff,0x00,0xff,0xff,0xff,0x00,0xff,0xff,0xff,0x00,0xff,0xff,0xff,0x00,
	0xff,0xff,0xff,0x00,0xff,0xff,0xff,0x00,0xff,0xff,0xff,0x00,0xff,0xff,0xff,0x00,
	0xff,0xff,0x00,0xff,0xff,0xff,0x00,0xff,0xff,0xff,0x00,0xff,0xff,0xff,0x00,0xff,
	0xff,0xff,0x00,0xff,0xff,0xff,0x00,0xff,0xff,0xff,0x00,0xff,0xff,0xff,0x00,0xff,
	0xff,0xff,0x00,0xff,0xff,0xff,0x00,0xff,0xff,0xff,0x00,0xff,0xff,0xff,0x00,0xff,
	0xff,0xff,0xff,0x00,0xff,0xff,0xff,0x00,0xff,0xff,0xff,0x00,0xff,0xff,0xff,0x00,
	0xff,0xff,0xff,0x00,0xff,0xff,0xff,0x00,0xff,0xff,0xff,0x00,0xff,0xff,0xff,0x00,
	0xff,0xff,0x00,0xff,0xff,0xff,0x00,0xff,0xff,0xff,0x00,0xff,0xff,0xff,0x00,0xff,
	0xff,0xff,0x00,0xff,0xff,0xff,0x00,0xff,0xff,0xff,0x00,0xff,0xff,0xff,0x00,0xff,
	0xff,0xff,0x00,0xff,0xff,0xff,0x00,0xff,0xff,0xff,0x00,0xff,0xff,0xff,0x00,0xff,
	0xff,0xff,0xff,0x00,0xff,0xff,0xff,0x00,0xff,0xff,0xff,0x00,0xff,0xff,0xff,0x00,
	0xff,0xff,0xff,0x00,0xff,0xff,0xff,0x00,0xff,0xff,0xff,0x00,0xff,0xff,0xff,0x00,
	0xff,0xff,0xff,0x00,0xff,0xff,0x00,0xff,0xff,0xff,0x00,0xff,0xff,0xff,0x00,0xff,
	0xff,0xff,0x00,0xff,0xff,0xff,0x00,0xff,0xff,0xff,0x00,0xff,0xff,0xff,0x00,0xff,
	0xff,0xff,0x00,0xff,0xff,0xff,0x00,0xff,0xff,0xff,0x00,0xff,0xff,0xff,0x00,0xff,
	0xff,0xff,0xff,0x00,0xff,0xff,0xff,0x00,0xff,0xff,0xff,0x00,0xff,0xff,0xff,0x00,
	0xff,0xff,0xff,0x00,0xff,0xff,0xff,0x00,0xff,0xff,0xff,0x00,0xff,0xff,0xff,0x00,
	0xff,0xff,0x00,0xff,0xff,0xff,0x00,0xff,0xff,0xff,0x00,0xff,0xff,0xff,0x00,0xff,
	0xff,0xff,0x00,0xff,0xff,0xff,0x00,0xff,0xff,0xff,0x00,0xff,0xff,0xff,0x00,0xff,
	0xff,0xff,0x00,0xff,0xff,0xff,0x00,0xff,0xff,0xff,0x00,0xff,0xff,0xff,0x00,0xff,
	0xff,0xff,0xff,0x00,0xff,0xff,0xff,0x00,0xff,0xff,0xff,0x00,0xff,0xff,0xff,0x00,
	0xff,0xff,0xff,0x00,0xff,0xff,0xff,0x00,0xff,0xff,0xff,0x00,0xff,0xff,0xff,0x00,
	0xff,0xff,0x00,0xff,0xff,0xff,0x00,0xff,0xff,0xff,0x00,0xff,0xff,0xff,0x00,0xff,
	0xff,0xff,0x00,0xff,0xff,0xff,0x00,0xff,0xff,0xff,0x00,0xff,0xff,0xff,0x00,0xff,
	0xff,0xff,0x00,0xff,0xff,0xff,0x00,0xff,0xff,0xff,0x00,0xff,0xff,0xff,0x00,0xff,
	0xff,0xff,0xff,0x00,0xff,0xff,0xff,0x00,0xff,0xff,0xff,0x00,0xff,0xff,0xff,0x00,
	0xff,0xff,0xff,0x00,0xff,0xff,0xff,0x00,0xff,0xff,0xff,0x00,0xff,0xff,0xff,0x00,
	0xff,0xff,0x00,0xff,0xff,0xff,0x00,0xff,0xff,0xff,0x00,0xff,0xff,0xff,0x00,0xff,
	0xff,0xff,0x00,0xff,0xff,0xff,0x00,0xff,0xff,0xff,0x00,0xff,0xff,0xff,0x00,0xff,
	0xff,0xff,0x00,0xff,0xff,0xff,0x00,0xff,0xff,0xff,0x00,0xff,0xff,0xff,0x00,0xff,
	0xff,0xff,0xff,0x00,0xff,0xff,0xff,0x00,0xff,0xff,0xff,0x00,0xff,0xff,0xff,0x00,
	0xff,0xff,0xff,0x00,0xff,0xff,0xff,0x00,0xff,0xff,0xff,0x00,0xff,0xff,0xff,0x00,
	0xff,0xff,0x00,0xff,0xff,0xff,0x00,0xff,0xff,0xff,0x00,0xff,0xff,0xff,0x00,0xff,
	0xff,0xff,0x00,0xff,0xff,0xff,0x00,0xff,0xff,0xff,0x00,0xff,0xff,0xff,0x00,0xff,
	0xff,0xff,0x00,0xff,0xff,0xff,0x00,0xff,0xff,0xff,0x00,0xff,0xff,0xff,0xff,0x00,
	0xff,0xff,0xff,0x00,0xff,0xff,0xff,0x00,0xff,0xff,0xff,0x00,0xff,0xff,0xff,0x00,
	0xff,0xff,0xff,0x00,0xff,0xff,0xff,0x00,0xff,0xff,0xff,0x00,0xff,0xff,0xff,0x00,
	0xff,0xff,0x00,0xff,0xff,0xff,0x00,0xff,0xff,0xff,0x00,0xff,0xff,0xff,0xff,0x00,
	0xff,0xff,0xff,0x00,0xff,0xff,0xff,0x00,0xff,0xff,0xff,0x00,0xff,0xff,0xff,0x00,
	0xff,0xff,0xff,0x00,0xff,0xff,0x00,0xff,0xff,0xff,0x00,0xff,0xff,0xff,0x00,0xff,
	0xff,0xff,0xff,0x00,0xff,0xff,0xff,0x00,0xff,0xff,0xff,0x00,0xff,0xff,0xff,0x00,
	0xff,0xff,0xff,0x00,0xff,0xff,0xff,0x00,0xff,0xff,0xff,0x00,0xff,0xff,0xff,0x00,
	0xff,0xff,0xff,0x00,0xff,0xff,0xff,0x00,0xff,0xff,0xff,0x00,0xff,0xff,0xff,0x00,
	0xff,0xff,0xff,0x00,0xff,0xff,0xff,0x00,0xff,0xff,0xff,0x00,0xff,0xff,0xff,0x00,
	0xff,0xff,0xff,0x00,0xff,0xff,0xff,0x00,0xff,0xff,0xff,0x00,0xff,0xff,0xff,0x00,
	0xff,0xff,0xff,0x00,0xff,0xff,0xff,0x00,0xff,0xff,0xff,0x00,0xff,0xff,0xff,0x00,
	0xff,0xff,0xff,0x00,0xff,0xff,0xff,0x00,0xff,0xff,0xff,0x00,0xff,0xff,0xff,0x00,
	0xff,0xff,0xff,0x00,0xff,0xff,0xff,0x00,0xff,0xff,0xff,0x00,0xff,0xff,0xff,0x00,
	0xff,0xff,0xff,0x00,0xff,0xff,0xff,0x00,0xff,0xff,0xff,0x00,0xff,0xff,0xff,0x00,
	0xff,0xff,0xff,0x00,0xff,0xff,0xff,0x00,0xff,0xff,0xff,0x00,0xff,0xff,0xff,0x00,
	0xff,0xff,0xff,0x00,0xff,0xff,0xff,0x00,0xff,0xff,0xff,0x00,0xff,0xff,0xff,0x00,
	0xff,0xff,0xff,0x00,0xff,0xff,0xff,0x00,0xff,0xff,0xff,0x00,0xff,0xff,0xff,0x00,
	0xff,0xff,0xff,0x00,0xff,0xff,0xff,0x00,0xff,0xff,0xff,0x00,0xff,0xff,0xff,0x00,
	0xff,0xff,0xff,0x00,0xff,0xff,0xff,0x00,0xff,0xff,0xff,0x00,0xff,0xff,0xff,0x00,
	0xff,0xff,0xff,0x00,0xff,0xff,0xff,0x00,0xff,0xff,0xff,0x00,0xff,0xff,0xff,0x00,
	0xff,0xff,0xff,0x00,0xff,0xff,0xff,0x00,0xff,0xff,0xff,0x00,0xff,0xff,0xff,0x00,
	0xff,0xff,0xff,0x00,0xff,0xff,0xff,0x00,0xff,0xff,0xff,0x00,0xff,0xff,0xff,0x00,
	0xff,0xff,0xff,0x00,0xff,0xff,0xff,0x00,0xff,0xff,0xff,0x00,0xff,0xff,0xff,0x00,
	0xff,0xff,0xff,0x00,0xff,0xff,0xff,0x00,0xff,0xff,0xff,0x00,0xff,0xff,0xff,0x00,
	0xff,0xff,0xff,0x00,0xff,0xff,0xff,0x00,0xff,0xff,0xff,0x00,0xff,0xff,0xff,0x00,
	0xff,0xff,0xff,0x00,0xff,0xff,0xff,0x00,0xff,0xff,0xff,0x00,0xff,0xff,0xff,0x00,
	0xff,0xff,0xff,0x00,0xff,0xff,0xff,0x00,0xff,0xff,0xff,0x00,0xff,0xff,0xff,0x00,
	0xff,0xff,0xff,0x00,0xff,0xff,0xff,0x00,0xff,0xff,0xff,0x00,0xff,0xff,0xff,0x00,
	0xff,0xff,0xff,0x00,0xff,0xff,0xff,0x00,0xff,0xff,0xff,0x00,0xff,0xff,0xff,0x00,
	0xff,0xff,0xff,0x00,0xff,0xff,0xff,0x00,0xff,0xff,0xff,0x00,0xff,0xff,0xff,0x00,
	0xff,0xff,0xff,0x00,0xff,0xff,0xff,0x00,0xff,0xff,0xff,0x00,0xff,0xff,0xff,0x00,
	0xff,0xff,0xff,0x00,0xff,0xff,0xff,0x00,0xff,0xff,0xff,0x00,0xff,0xff,0xff,0x00,
	0xff,0xff,0xff,0x00,0xff,0xff,0xff,0x00,0xff,0xff,0xff,0x00,0xff,0xff,0xff,0x00,
	0xff,0xff,0xff,0x00,0xff,0xff,0xff,0x00,0xff,0xff,0xff,0x00,0xff,0xff,0xff,0x00,
	0xff,0xff,0xff,0x00,0xff,0xff,0xff,0x00,0xff,0xff,0xff,0x00,0xff,0xff,0xff,0x00,
	0xff,0xff,0xff,0x00,0xff,0xff,0xff,0x00,0xff,0xff,0xff,0x00,0xff,0xff,0xff,0x00,
	0xff,0xff,0xff,0x00,0xff,0xff,0xff,0x00,0xff,0xff,0xff,0x00,0xff,0xff,0xff,0x00,
	0xff,0xff,0xff,0x00,0xff,0xff,0xff,0x00,0xff,0xff,0xff,0x00,0xff,0xff,0xff,0x00,
	0xff,0xff,0xff,0x00,0xff,0xff,0x00,0xff,0xff,0xff,0xff,0x00,0xff,0xff,0xff,0x00,
	0xff,0xff,0xff,0x00,0xff,0xff,0xff,0x00,0xff,0xff,0xff,0x00,0xff,0xff,0xff,0x00,
	0xff,0xff,0xff,0x00,0xff,0xff,0xff,0x00,0xff,0xff,0xff,0x00,0xff,0xff,0xff,0x00,
	0xff,0xff,0xff,0x00,0xff,0xff,0xff,0x00,0xff,0xff,0xff,0x00,0xff,0x00,0x00,0xff,
	0xff,0x00,0x00,0xff,0xff,0x00,0x00,0xff,0xff,0x00,0x00,0xff,0xff,0x00,0x00,0xff,
	0xff,0x00,0x00,0xff,0xff,0x00,0x00,0xff,0xff,0x00,0x00,0xff,0xff,0x00,0x00,0xff,
	0xff,0x00,0x00,0xff,0xff,0x00,0x00,0xff,0xff,0x00,0x00,0xff,0xff,0x00,0x00,0xff,
	0xff,0x00,0x00,0xff,0xff,0xff,0xff,0x00,0xff,0xff,0xff,0x00,0xff,0xff,0xff,0x00,
	0xff,0xff,0xff,0x00,0xff,0xff,0xff,0x00,0xff,0xff,0xff,0x00,0xff,0x00,0x00,0xff,
	0xff,0x00,0x00,0xff,0xff,0x00,0x00,0xff,0xff,0x00,0x00,0xff,0xff,0x00,0x00,0xff,
	0xff,0x00,0x00,0xff,0xff,0x00,0x00,0xff,0xff,0x00,0x00,0xff,0xff,0x00,0x00,0xff,
	0xff,0x00,0x00,0xff,0xff,0x00,0x00,0xff,0xff,0x00,0x00,0xff,0xff,0x00,0x00,0xff,
	0xff,0x00,0x00,0xff,0xff,0xff,0xff,0x00,0xff,0xff,0xff,0x00,0xff,0xff,0xff,0x00,
	0xff,0xff,0xff,0x00,0xff,0xff,0xff,0x00,0xff,0xff,0xff,0x00,0xff,0x00,0x00,0xff,
	0xff,0x00,0x00,0xff,0xff,0x00,0x00,0xff,0xff,0x00,0x00,0xff,0xff,0x00,0x00,0xff,
	0xff,0x00,0x00,0xff,0xff,0x00,0x00,0xff,0xff,0x00,0x00,0xff,0xff,0x00,0x00,0xff,
	0xff,0x00,0x00,0xff,0xff,0x00,0x00,0xff,0xff,0x00,0x00,0xff,0xff,0x00,0x00,0xff,
	0xff,0x00,0x00,0xff,0xff,0xff,0xff,0x00,0xff,0xff,0xff,0x00,0xff,0xff,0xff,0x00,
	0xff,0xff,0xff,0x00,0xff,0xff,0xff,0x00,0xff,0xff,0xff,0x00,0xff,0x00,0x00,0xff,
	0xff,0x00,0x00,0xff,0xff,0x00,0x00,0xff,0xff,0x00,0x00,0xff,0xff,0x00,0x00,0xff,
	0xff,0x00,0x00,0xff,0xff,0x00,0x00,0xff,0xff,0x00,0x00,0xff,0xff,0x00,0x00,0xff,
	0xff,0x00,0x00,0xff,0xff,0x00,0x00,0xff,0xff,0x00,0x00,0xff,0xff,0x00,0x00,0xff,
	0xff,0x00,0x00,0xff,0xff,0xff,0xff,0x00,0xff,0xff,0xff,0x00,0xff,0xff,0xff,0x00,
	0xff,0xff,0xff,0x00,0xff,0xff,0xff,0x00,0xff,0xff,0xff,0x00,0xff,0x00,0x00,0xff,
	0xff,0x00,0x00,0xff,0xff,0x00,0x00,0xff,0xff,0x00,0x00,0xff,0xff,0x00,0x00,0xff,
	0xff,0x00,0x00,0xff,0xff,0x00,0x00,0xff,0xff,0x00,0x00,0xff,0xff,0x00,0x00,0xff,
	0xff,0x00,0x00,0xff,0xff,0x00,0x00,0xff,0xff,0x00,0x00,0xff,0xff,0x00,0x00,0xff,
	0xff,0x00,0x00,0xff,0xff,0xff,0xff,0x00,0xff,0xff,0xff,0x00,0xff,0xff,0xff,0x00,
	0xff,0xff,0xff,0x00,0xff,0xff,0xff,0x00,0xff,0xff,0xff,0x00,0xff,0x00,0x00,0xff,
	0xff,0x00,0x00,0xff,0xff,0x00,0x00,0xff,0xff,0x00,0x00,0xff,0xff,0x00,0x00,0xff,
	0xff,0x00,0x00,0xff,0xff,0x00,0x00,0xff,0xff,0x00,0x00,0xff,0xff,0x00,0x00,0xff,
	0xff,0x00,0x00,0xff,0xff,0x00,0x00,0xff,0xff,0x00,0x00,0xff,0xff,0x00,0x00,0xff,
	0xff,0x00,0x00,0xff,0xff,0xff,0xff,0x00,0xff,0xff,0xff,0x00,0xff,0xff,0xff,0x00,
	0xff,0xff,0xff,0x00,0xff,0xff,0xff,0x00,0xff,0xff,0xff,0x00,0xff,0x00,0x00,0xff,
	0xff,0x00,0x00,0xff,0x00,0x00,0xc3,0xff,0x00,0x00,0xc3,0xff,0x00,0x00,0xc3,0xff,
	0xff,0x00,0x00,0xff,0xff,0x00,0x00,0xff,0xff,0x00,0x00,0xff,0xff,0x00,0x00,0xff,
	0x00,0x00,0xc3,0xff,0x00,0x00,0xc3,0xff,0x00,0x00,0xc3,0xff,0xff,0x00,0x00,0xff,
	0xff,0x00,0x00,0xff,0xff,0xff,0xff,0x00,0xff,0xff,0xff,0x00,0xff,0xff,0xff,0x00,
	0xff,0xff,0xff,0x00,0xff,0xff,0xff,0x00,0xff,0xff,0xff,0x00,0xff,0x00,0x00,0xff,
	0xff,0x00,0x00,0xff,0x00,0x00,0xc3,0xff,0x00,0x00,0xc3,0xff,0x00,0x00,0xc3,0xff,
	0xff,0x00,0x00,0xff,0xff,0x00,0x00,0xff,0xff,0x00,0x00,0xff,0xff,0x00,0x00,0xff,
	0x00,0x00,0xc3,0xff,0x00,0x00,0xc3,0xff,0x00,0x00,0xc3,0xff,0xff,0x00,0x00,0xff,
	0xff,0x00,0x00,0xff,0xff,0xff,0xff,0x00,0xff,0xff,0xff,0x00,0xff,0xff,0xff,0x00,
	0xff,0xff,0xff,0x00,0xff,0xff,0xff,0x00,0xff,0xff,0xff,0x00,0xff,0xa6,0xc3,0xff,
	0xff,0xa6,0xc3,0xff,0xff,0xa6,0xc3,0xff,0xff,0xa6,0xc3,0xff,0xff,0xa6,0xc3,0xff,
	0xff,0xa6,0xc3,0xff,0xff,0xa6,0xc3,0xff,0xff,0xa6,0xc3,0xff,0xff,0xa6,0xc3,0xff,
	0xff,0xa6,0xc3,0xff,0xff,0xa6,0xc3,0xff,0xff,0xa6,0xc3,0xff,0xff,0xa6,0xc3,0xff,
	0xff,0xa6,0xc3,0xff,0xff,0xff,0xff,0x00,0xff,0xff,0xff,0x00,0xff,0xff,0xff,0x00,
	0xff,0xff,0xff,0x00,0xff,0xff,0xff,0x00,0xff,0xff,0xff,0x00,0xff,0xa6,0xc3,0xff,
	0xff,0xa6,0xc3,0xff,0xff,0xa6,0xc3,0xff,0xff,0xa6,0xc3,0xff,0xff,0xa6,0xc3,0xff,
	0xff,0xa6,0xc3,0xff,0xff,0xa6,0xc3,0xff,0xff,0xa6,0xc3,0xff,0xff,0xa6,0xc3,0xff,
	0xff,0xa6,0xc3,0xff,0xff,0xa6,0xc3,0xff,0xff,0xa6,0xc3,0xff,0xff,0xa6,0xc3,0xff,
	0xff,0xa6,0xc3,0xff,0xff,0xff,0xff,0x00,0xff,0xff,0xff,0x00,0xff,0xff,0xff,0x00,
	0xff,0xff,0xff,0x00,0xff,0xff,0xff,0x00,0xff,0xff,0xff,0x00,0xff,0xa6,0xc3,0xff,
	0xff,0xa6,0xc3,0xff,0xff,0xa6,0xc3,0xff,0xff,0xa6,0xc3,0xff,0xff,0xa6,0xc3,0xff,
	0xff,0xa6,0xc3,0xff,0xff,0xa6,0xc3,0xff,0xff,0xa6,0xc3,0xff,0xff,0xa6,0xc3,0xff,
	0xff,0xa6,0xc3,0xff,0xff,0xa6,0xc3,0xff,0xff,0xa6,0xc3,0xff,0xff,0xa6,0xc3,0xff,
	0xff,0xa6,0xc3,0xff,0xff,0xff,0xff,0x00,0xff,0xff,0xff,0x00,0xff,0xff,0xff,0x00,
	0xff,0xff,0xff,0x00,0xff,0xff,0xff,0x00,0xff,0xff,0xff,0x00,0xff,0xa6,0xc3,0xff,
	0xff,0xa6,0xc3,0xff,0xff,0xa6,0xc3,0xff,0xff,0xa6,0xc3,0xff,0xff,0xa6,0xc3,0xff,
	0xff,0xa6,0xc3,0xff,0xff,0xa6,0xc3,0xff,0xff,0xa6,0xc3,0xff,0xff,0xa6,0xc3,0xff,
	0xff,0xa6,0xc3,0xff,0xff,0xa6,0xc3,0xff,0xff,0xa6,0xc3,0xff,0xff,0xa6,0xc3,0xff,
	0xff,0xa6,0xc3,0xff,0xff,0xff,0xff,0x00,0xff,0xff,0xff,0x00,0xff,0xff,0xff,0x00,
	0xff,0xff,0xff,0x00,0xff,0xff,0xff,0x00,0xff,0xff,0xff,0x00,0xff,0xa6,0xc3,0xff,
	0xff,0xa6,0xc3,0xff,0xff,0xa6,0xc3,0xff,0xff,0xa6,0xc3,0xff,0xff,0xa6,0xc3,0xff,
	0xff,0xa6,0xc3,0xff,0xff,0xa6,0xc3,0xff,0xff,0xa6,0xc3,0xff,0xff,0xa6,0xc3,0xff,
	0xff,0xa6,0xc3,0xff,0xff,0xa6,0xc3,0xff,0xff,0xa6,0xc3,0xff,0xff,0xa6,0xc3,0xff,
	0xff,0xa6,0xc3,0xff,0xff,0xff,0xff,0x00,0xff,0xff,0xff,0x00,0xff,0xff,0xff,0x00,
	0xff,0xff,0xff,0x00,0xff,0xff,0xff,0x00,0xff,0xff,0xff,0x00,0xff,0xa6,0xc3,0xff,
	0xff,0xa6,0xc3,0xff,0xff,0xa6,0xc3,0xff,0xff,0xa6,0xc3,0xff,0xff,0xa6,0xc3,0xff,
	0xff,0xa6,0xc3,0xff,0xff,0xa6,0xc3,0xff,0xff,0xa6,0xc3,0xff,0xff,0xa6,0xc3,0xff,
	0xff,0xa6,0xc3,0xff,0xff,0xa6,0xc3,0xff,0xff,0xa6,0xc3,0xff,0xff,0xa6,0xc3,0xff,
	0xff,0xa6,0xc3,0xff,0xff,0xff,0xff,0x00,0xff,0xff,0xff,0x00,0xff,0xff,0xff,0x00,
	0xff,0xff,0xff,0x00,0xff,0xff,0xff,0x00,0xff,0xff,0xff,0x00,0xff,0xa6,0xc3,0xff,
	0xff,0xa6,0xc3,0xff,0x00,0x00,0xc3,0xff,0x00,0x00,0xc3,0xff,0x00,0x00,0xc3,0xff,
	0xff,0xa6,0xc3,0xff,0xff,0xa6,0xc3,0xff,0xff,0xa6,0xc3,0xff,0xff,0xa6,0xc3,0xff,
	0x00,0x00,0xc3,0xff,0x00,0x00,0xc3,0xff,0x00,0x00,0xc3,0xff,0xff,0xa6,0xc3,0xff,
	0xff,0xa6,0xc3,0xff,0xff,0xff,0xff,0x00,0xff,0xff,0xff,0x00,0xff,0xff,0xff,0x00,
	0xff,0xff,0xff,0x00,0xff,0xff,0xff,0x00,0xff,0xff,0xff,0x00,0xff,0xa6,0xc3,0xff,
	0xff,0xa6,0xc3,0xff,0x00,0x00,0xc3,0xff,0x00,0x00,0xc3,0xff,0x00,0x00,0xc3,0xff,
	0xff,0xa6,0xc3,0xff,0xff,0xa6,0xc3,0xff,0xff,0xa6,0xc3,0xff,0xff,0xa6,0xc3,0xff,
	0x00,0x00,0xc3,0xff,0x00,0x00,0xc3,0xff,0x00,0x00,0xc3,0xff,0xff,0xa6,0xc3,0xff,
	0xff,0xa6,0xc3,0xff,0xff,0xff,0xff,0x00,0xff,0xff,0xff,0x00,0xff,0xff,0xff,0x00,
	0xff,0xff,0xff,0x00,0xff,0xff,0xff,0x00,0xff,0xff,0xff,0x00,0x00,0xe6,0xff,0xff,
	0x00,0xe6,0xff,0xff,0x00,0xe6,0xff,0xff,0x00,0xe6,0xff,0xff,0x00,0xe6,0xff,0xff,
	0x00,0xe6,0xff,0xff,0x00,0xe6,0xff,0xff,0x00,0xe6,0xff,0xff,0x00,0xe6,0xff,0xff,
	0x00,0xe6,0xff,0xff,0x00,0xe6,0xff,0xff,0x00,0xe6,0xff,0xff,0x00,0xe6,0xff,0xff,
	0x00,0xe6,0xff,0xff,0xff,0xff,0xff,0x00,0xff,0xff,0xff,0x00,0xff,0xff,0xff,0x00,
	0xff,0xff,0xff,0x00,0xff,0xff,0xff,0x00,0xff,0xff,0xff,0x00,0x00,0xe6,0xff,0xff,
	0x00,0xe6,0xff,0xff,0x00,0xe6,0xff,0xff,0x00,0xe6,0xff,0xff,0x00,0xe6,0xff,0xff,
	0x00,0xe6,0xff,0xff,0x00,0xe6,0xff,0xff,0x00,0xe6,0xff,0xff,0x00,0xe6,0xff,0xff,
	0x00,0xe6,0xff,0xff,0x00,0xe6,0xff,0xff,0x00,0xe6,0xff,0xff,0x00,0xe6,0xff,0xff,
	0x00,0xe6,0xff,0xff,0xff,0xff,0xff,0x00,0xff,0xff,0xff,0x00,0xff,0xff,0xff,0x00,
	0xff,0xff,0xff,0x00,0xff,0xff,0xff,0x00,0xff,0xff,0xff,0x00,0x00,0xe6,0xff,0xff,
	0x00,0xe6,0xff,0xff,0x00,0xe6,0xff,0xff,0x00,0xe6,0xff,0xff,0x00,0xe6,0xff,0xff,
	0x00,0xe6,0xff,0xff,0x00,0xe6,0xff,0xff,0x00,0xe6,0xff,0xff,0x00,0xe6,0xff,0xff,
	0x00,0xe6,0xff,0xff,0x00,0xe6,0xff,0xff,0x00,0xe6,0xff,0xff,0x00,0xe6,0xff,0xff,
	0x00,0xe6,0xff,0xff,0xff,0xff,0xff,0x00,0xff,0xff,0xff,0x00,0xff,0xff,0xff,0x00,
	0xff,0xff,0xff,0x00,0xff,0xff,0xff,0x00,0xff,0xff,0xff,0x00,0x00,0xe6,0xff,0xff,
	0x00,0xe6,0xff,0xff,0x00,0xe6,0xff,0xff,0x00,0xe6,0xff,0xff,0x00,0xe6,0xff,0xff,
	0x00,0xe6,0xff,0xff,0x00,0xe6,0xff,0xff,0x00,0xe6,0xff,0xff,0x00,0xe6,0xff,0xff,
	0x00,0xe6,0xff,0xff,0x00,0xe6,0xff,0xff,0x00,0xe6,0xff,0xff,0x00,0xe6,0xff,0xff,
	0x00,0xe6,0xff,0xff,0xff,0xff,0xff,0x00,0xff,0xff,0xff,0x00,0xff,0xff,0xff,0x00,
	0xff,0xff,0xff,0x00,0xff,0xff,0xff,0x00,0xff,0xff,0xff,0x00,0x00,0xe6,0xff,0xff,
	0x00,0xe6,0xff,0xff,0x00,0xe6,0xff,0xff,0x00,0xe6,0xff,0xff,0x00,0xe6,0xff,0xff,
	0x00,0xe6,0xff,0xff,0x00,0xe6,0xff,0xff,0x00,0xe6,0xff,0xff,0x00,0xe6,0xff,0xff,
	0x00,0xe6,0xff,0xff,0x00,0xe6,0xff,0xff,0x00,0xe6,0xff,0xff,0x00,0xe6,0xff,0xff,
	0x00,0xe6,0xff,0xff,0xff,0xff,0xff,0x00,0xff,0xff,0xff,0x00,0xff,0xff,0xff,0x00,
	0xff,0xff,0xff,0x00,0xff,0xff,0xff,0x00,0xff,0xff,0xff,0x00,0x00,0xe6,0xff,0xff,
	0x00,0xe6,0xff,0xff,0x00,0xe6,0xff,0xff,0x00,0xe6,0xff,0xff,0x00,0xe6,0xff,0xff,
	0x00,0xe6,0xff,0xff,0x00,0xe6,0xff,0xff,0x00,0xe6,0xff,0xff,0x00,0xe6,0xff,0xff,
	0x00,0xe6,0xff,0xff,0x00,0xe6,0xff,0xff,0x00,0xe6,0xff,0xff,0x00,0xe6,0xff,0xff,
	0x00,0xe6,0xff,0xff,0xff,0xff,0xff,0x00,0xff,0xff,0xff,0x00,0xff,0xff,0xff,0x00,
	0xff,0xff,0xff,0x00,0xff,0xff,0xff,0x00,0xff,0xff,0xff,0x00,0x00,0xe6,0xff,0xff,
	0x00,0xe6,0xff,0xff,0x00,0x00,0xc3,0xff,0x00,0x00,0xc3,0xff,0x00,0x00,0xc3,0xff,
	0x00,0xe6,0xff,0xff,0x00,0xe6,0xff,0xff,0x00,0xe6,0xff,0xff,0x00,0xe6,0xff,0xff,
	0x00,0x00,0xc3,0xff,0x00,0x00,0xc3,0xff,0x00,0x00,0xc3,0xff,0x00,0xe6,0xff,0xff,
	0x00,0xe6,0xff,0xff,0xff,0xff,0xff,0x00,0xff,0xff,0xff,0x00,0xff,0xff,0xff,0x00,
	0xff,0xff,0xff,0x00,0xff,0xff,0xff,0x00,0xff,0xff,0xff,0x00,0x00,0xe6,0xff,0xff,
	0x00,0xe6,0xff,0xff,0x00,0x00,0xc3,0xff,0x00,0x00,0xc3,0xff,0x00,0x00,0xc3,0xff,
	0x00,0xe6,0xff,0xff,0x00,0xe6,0xff,0xff,0x00,0xe6,0xff,0xff,0x00,0xe6,0xff,0xff,
	0x00,0x00,0xc3,0xff,0x00,0x00,0xc3,0xff,0x00,0x00,0xc3,0xff,0x00,0xe6,0xff,0xff,
	0x00,0xe6,0xff,0xff,0xff,0xff,0xff,0x00,0xff,0xff,0xff,0x00,0xff,0xff,0xff,0x00,
	0xff,0xff,0xff,0x00,0xff,0xff,0xff,0x00,0xff,0xff,0xff,0x00,0xff,0xa6,0x00,0xff,
	0xff,0xa6,0x00,0xff,0xff,0xa6,0x00,0xff,0xff,0xa6,0x00,0xff,0xff,0xa6,0x00,0xff,
	0xff,0xa6,0x00,0xff,0xff,0xa6,0x00,0xff,0xff,0xa6,0x00,0xff,0xff,0xa6,0x00,0xff,
	0xff,0xa6,0x00,0xff,0xff,0xa6,0x00,0xff,0xff,0xa6,0x00,0xff,0xff,0xa6,0x00,0xff,
	0xff,0xa6,0x00,0xff,0xff,0xff,0xff,0x00,0xff,0xff,0xff,0x00,0xff,0xff,0xff,0x00,
	0xff,0xff,0xff,0x00,0xff,0xff,0xff,0x00,0xff,0xff,0xff,0x00,0xff,0xa6,0x00,0xff,
	0xff,0xa6,0x00,0xff,0xff,0xa6,0x00,0xff,0xff,0xa6,0x00,0xff,0xff,0xa6,0x00,0xff,
	0xff,0xa6,0x00,0xff,0xff,0xa6,0x00,0xff,0xff,0xa6,0x00,0xff,0xff,0xa6,0x00,0xff,
	0xff,0xa6,0x00,0xff,0xff,0xa6,0x00,0xff,0xff,0xa6,0x00,0xff,0xff,0xa6,0x00,0xff,
	0xff,0xa6,0x00,0xff,0xff,0xff,0xff,0x00,0xff,0xff,0xff,0x00,0xff,0xff,0xff,0x00,
	0xff,0xff,0xff,0x00,0xff,0xff,0xff,0x00,0xff,0xff,0xff,0x00,0xff,0xa6,0x00,0xff,
	0xff,0xa6,0x00,0xff,0xff,0xa6,0x00,0xff,0xff,0xa6,0x00,0xff,0xff,0xa6,0x00,0xff,
	0xff,0xa6,0x00,0xff,0xff,0xa6,0x00,0xff,0xff,0xa6,0x00,0xff,0xff,0xa6,0x00,0xff,
	0xff,0xa6,0x00,0xff,0xff,0xa6,0x00,0xff,0xff,0xa6,0x00,0xff,0xff,0xa6,0x00,0xff,
	0xff,0xa6,0x00,0xff,0xff,0xff,0xff,0x00,0xff,0xff,0xff,0x00,0xff,0xff,0xff,0x00,
	0xff,0xff,0xff,0x00,0xff,0xff,0xff,0x00,0xff,0xff,0xff,0x00,0xff,0xa6,0x00,0xff,
	0xff,0xa6,0x00,0xff,0xff,0xa6,0x00,0xff,0xff,0xa6,0x00,0xff,0xff,0xa6,0x00,0xff,
	0xff,0xa6,0x00,0xff,0xff,0xa6,0x00,0xff,0xff,0xa6,0x00,0xff,0xff,0xa6,0x00,0xff,
	0xff,0xa6,0x00,0xff,0xff,0xa6,0x00,0xff,0xff,0xa6,0x00,0xff,0xff,0xa6,0x00,0xff,
	0xff,0xa6,0x00,0xff,0xff,0xff,0xff,0x00,0xff,0xff,0xff,0x00,0xff,0xff,0xff,0x00,
	0xff,0xff,0xff,0x00,0xff,0xff,0xff,0x00,0xff,0xff,0xff,0x00,0xff,0xa6,0x00,0xff,
	0xff,0xa6,0x00,0xff,0xff,0xa6,0x00,0xff,0xff,0xa6,0x00,0xff,0xff,0xa6,0x00,0xff,
	0xff,0xa6,0x00,0xff,0xff,0xa6,0x00,0xff,0xff,0xa6,0x00,0xff,0xff,0xa6,0x00,0xff,
	0xff,0xa6,0x00,0xff,0xff,0xa6,0x00,0xff,0xff,0xa6,0x00,0xff,0xff,0xa6,0x00,0xff,
	0xff,0xa6,0x00,0xff,0xff,0xff,0xff,0x00,0xff,0xff,0xff,0x00,0xff,0xff,0xff,0x00,
	0xff,0xff,0xff,0x00,0xff,0xff,0xff,0x00,0xff,0xff,0xff,0x00,0xff,0xa6,0x00,0xff,
	0xff,0xa6,0x00,0xff,0xff,0xa6,0x00,0xff,0xff,0xa6,0x00,0xff,0xff,0xa6,0x00,0xff,
	0xff,0xa6,0x00,0xff,0xff,0xa6,0x00,0xff,0xff,0xa6,0x00,0xff,0xff,0xa6,0x00,0xff,
	0xff,0xa6,0x00,0xff,0xff,0xa6,0x00,0xff,0xff,0xa6,0x00,0xff,0xff,0xa6,0x00,0xff,
	0xff,0xa6,0x00,0xff,0xff,0xff,0xff,0x00,0xff,0xff,0xff,0x00,0xff,0xff,0xff,0x00,
	0xff,0xff,0xff,0x00,0xff,0xff,0xff,0x00,0xff,0xff,0xff,0x00,0xff,0xa6,0x00,0xff,
	0xff,0xa6,0x00,0xff,0x00,0x00,0xc3,0xff,0x00,0x00,0xc3,0xff,0x00,0x00,0xc3,0xff,
	0xff,0xa6,0x00,0xff,0xff,0xa6,0x00,0xff,0xff,0xa6,0x00,0xff,0xff,0xa6,0x00,0xff,
	0x00,0x00,0xc3,0xff,0x00,0x00,0xc3,0xff,0x00,0x00,0xc3,0xff,0xff,0xa6,0x00,0xff,
	0xff,0xa6,0x00,0xff,0xff,0xff,0xff,0x00,0xff,0xff,0xff,0x00,0xff,0xff,0xff,0x00,
	0xff,0xff,0xff,0x00,0xff,0xff,0xff,0x00,0xff,0xff,0xff,0x00,0xff,0xa6,0x00,0xff,
	0xff,0xa6,0x00,0xff,0x00,0x00,0xc3,0xff,0x00,0x00,0xc3,0xff,0x00,0x00,0xc3,0xff,
	0xff,0xa6,0x00,0xff,0xff,0xa6,0x00,0xff,0xff,0xa6,0x00,0xff,0xff,0xa6,0x00,0xff,
	0x00,0x00,0xc3,0xff,0x00,0x00,0xc3,0xff,0x00,0x00,0xc3,0xff,0xff,0xa6,0x00,0xff,
	0xff,0xa6,0x00,0xff,0xff,0xff,0xff,0x00,0xff,0xff,0xff,0x00,0xff,0xff,0xff,0x00,
	0xff,0xff,0xff,0x00,0xff,0xff,0xff,0x00,0xff,0xff,0xff,0x00,0xff,0xff,0xff,0x00,
	0xff,0xff,0xff,0x00,0xff,0xff,0xff,0x00,0xff,0xff,0xff,0x00,0xff,0xff,0xff,0x00,
	0xff,0xff,0xff,0x00,0xff,0xff,0xff,0x00,0xff,0xff,0xff,0x00,0xff,0xff,0xff,0x00,
	0xff,0xff,0xff,0x00,0xff,0xff,0xff,0x00,0xff,0xff,0xff,0x00,0xff,0xff,0xff,0x00,
	0xff,0xff,0xff,0x00,0xff,0xff,0xff,0x00,0xff,0xff,0xff,0x00,0xff,0xff,0xff,0x00,
	0xff,0xff,0xff,0x00,0xff,0xff,0xff,0x00,0xff,0xff,0xff,0x00,0xff,0xff,0xff,0x00,
	0xff,0xff,0xff,0x00,0xff,0xff,0xff,0x00,0xff,0xff,0xff,0x00,0xff,0xff,0xff,0x00,
	0xff,0xff,0xff,0x00,0xff,0xff,0xff,0x00,0xff,0xff,0xff,0x00,0xff,0xff,0xff,0x00,
	0xff,0xff,0xff,0x00,0xff,0xff,0xff,0x00,0xff,0xff,0xff,0x00,0xff,0xff,0xff,0x00,
	0xff,0xff,0xff,0x00,0xff,0xff,0xff,0x00,0xff,0xff,0xff,0x00,0xff,0xff,0xff,0x00,
	0xff,0xff,0xff,0x00,0xff,0xff,0xff,0x00,0xff,0xff,0xff,0x00,0xff,0xff,0xff,0x00,
	0xff,0xff,0xff,0x00,0xff,0xff,0xff,0x00,0xff,0xff,0xff,0x00,0xff,0xff,0xff,0x00,
	0xff,0xff,0xff,0x00,0xff,0xff,0xff,0x00,0xff,0xff,0xff,0x00,0xff,0xff,0xff,0x00,
	0xff,0xff,0xff,0x00,0xff,0xff,0xff,0x00,0xff,0xff,0xff,0x00,0xff,0xff,0xff,0x00,
	0xff,0xff,0xff,0x00,0xff,0xff,0xff,0x00,0xff,0xff,0xff,0x00,0xff,0xff,0xff,0x00,
	0xff,0xff,0xff,0x00,0xff,0xff,0xff,0x00,0xff,0xff,0xff,0x00,0xff,0xff,0xff,0x00,
	0xff,0xff,0xff,0x00,0x00,0x00,0xc3,0xff,0x00,0x00,0xc3,0xff,0x00,0x00,0xc3,0xff,
	0xff,0xff,0xff,0x00,0xff,0xff,0xff,0x00,0xff,0xff,0xff,0x00,0xff,0xff,0xff,0x00,
	0x00,0x00,0xc3,0xff,0x00,0x00,0xc3,0xff,0x00,0x00,0xc3,0xff,0xff,0xff,0xff,0x00,
	0xff,0xff,0xff,0x00,0xff,0xff,0xff,0x00,0xff,0xff,0xff,0x00,0xff,0xff,0xff,0x00,
	0xff,0xff,0xff,0x00,0xff,0xff,0xff,0x00,0xff,0xff,0xff,0x00,0x00,0x00,0xc3,0xff,
	0x00,0x00,0xc3,0xff,0x00,0x00,0xc3,0xff,0x00,0x00,0xc3,0xff,0x00,0x00,0xc3,0xff,
	0x00,0x00,0xc3,0xff,0x00,0x00,0xc3,0xff,0x00,0x00,0xc3,0xff,0x00,0x00,0xc3,0xff,
	0x00,0x00,0xc3,0xff,0x00,0x00,0xc3,0xff,0x00,0x00,0xc3,0xff,0x00,0x00,0xc3,0xff,
	0x00,0x00,0xc3,0xff,0xff,0xff,0xff,0x00,0xff,0xff,0xff,0x00,0xff,0xff,0xff,0x00,
	0xff,0xff,0xff,0x00,0xff,0xff,0xff,0x00,0xff,0xff,0xff,0x00,0x00,0x00,0xc3,0xff,
	0x00,0x00,0xc3,0xff,0x00,0x00,0xc3,0xff,0x00,0x00,0xc3,0xff,0x00,0x00,0xc3,0xff,
	0x00,0x00,0xc3,0xff,0x00,0x00,0xc3,0xff,0x00,0x00,0xc3,0xff,0x00,0x00,0xc3,0xff,
	0x00,0x00,0xc3,0xff,0x00,0x00,0xc3,0xff,0x00,0x00,0xc3,0xff,0x00,0x00,0xc3,0xff,
	0x00,0x00,0xc3,0xff,0xff,0xff,0xff,0x00,0xff,0xff,0xff,0x00,0xff,0xff,0xff,0x00,
	0xff,0xff,0xff,0x00,0xff,0xff,0xff,0x00,0xff,0xff,0xff,0x00,0xff,0xff,0xff,0xff,
	0xff,0xff,0xff,0xff,0xff,0xff,0xff,0xff,0xff,0xff,0xff,0xff,0xff,0xff,0xff,0xff,
	0xff,0xff,0xff,0xff,0xff,0xff,0xff,0xff,0xff,0xff,0xff,0xff,0xff,0xff,0xff,0xff,
	0xff,0xff,0xff,0xff,0xff,0xff,0xff,0xff,0xff,0xff,0xff,0xff,0xff,0xff,0xff,0xff,
	0xff,0xff,0xff,0xff,0xff,0xff,0xff,0x00,0xff,0xff,0xff,0x00,0xff,0xff,0xff,0x00,
	0xff,0xff,0xff,0x00,0xff,0xff,0xff,0x00,0xff,0xff,0xff,0x00,0xff,0xff,0xff,0xff,
	0xff,0xff,0xff,0xff,0xff,0xff,0xff,0xff,0xff,0xff,0xff,0xff,0xff,0xff,0xff,0xff,
	0xff,0xff,0xff,0xff,0xff,0xff,0xff,0xff,0xff,0xff,0xff,0xff,0xff,0xff,0xff,0xff,
	0xff,0xff,0xff,0xff,0xff,0xff,0xff,0xff,0xff,0xff,0xff,0xff,0xff,0xff,0xff,0xff,
	0xff,0xff,0xff,0xff,0xff,0xff,0xff,0x00,0xff,0xff,0xff,0x00,0xff,0xff,0xff,0x00,
	0xff,0xff,0xff,0x00,0xff,0xff,0xff,0x00,0xff,0xff,0xff,0x00,0xff,0xff,0xff,0x00,
	0xff,0xff,0xff,0x00,0xff,0xff,0xff,0x00,0xff,0xff,0xff,0x00,0xff,0xff,0xff,0x00,
	0xff,0xff,0xff,0x00,0xff,0xff,0xff,0x00,0xff,0xff,0xff,0x00,0xff,0xff,0xff,0x00,
	0xf9,0xbc,0x54,0xff,0xf9,0xbc,0x54,0xff,0xf9,0xbc,0x54,0xff,0xf9,0xbc,0x54,0xff,
	0xf9,0xbc,0x54,0xff,0xff,0xff,0xff,0x00,0xff,0xff,0xff,0x00,0xff,0xff,0xff,0x00,
	0xff,0xff,0xff,0x00,0xff,0xff,0xff,0x00,0xff,0xff,0xff,0x00,0xff,0xff,0xff,0x00,
	0x00,0xdc,0x00,0xff,0x00,0xdc,0x00,0xff,0x00,0xdc,0x00,0xff,0x00,0xdc,0x00,0xff,
	0xe6,0xe6,0xff,0xff,0xe6,0xe6,0xff,0xff,0x00,0xdc,0x00,0xff,0x00,0xdc,0x00,0xff,
	0x00,0xdc,0x00,0xff,0xff,0xff,0xff,0x00,0xff,0xff,0xff,0x00,0xff,0xff,0xff,0x00,
	0xff,0xff,0xff,0x00,0xff,0xff,0xff,0x00,0xff,0xff,0xff,0x00,0xff,0xff,0xff,0x00,
	0xff,0xff,0xff,0x00,0xff,0xff,0xff,0x00,0xff,0xff,0xff,0x00,0xff,0xff,0xff,0x00,
	0xff,0xff,0xff,0x00,0xff,0xff,0xff,0x00,0xff,0xff,0xff,0x00,0xff,0xff,0xff,0x00,
	0xff,0xff,0xff,0x00,0xf9,0xbc,0x54,0xff,0xf9,0xbc,0x54,0xff,0x00,0xff,0x00,0xff,
	0x00,0xff,0x00,0xff,0x00,0xff,0x00,0xff,0x00,0xff,0x00,0xff,0x00,0xff,0x00,0xff,
	0x00,0xff,0x00,0xff,0xff,0xff,0xff,0x00,0xff,0xff,0xff,0x00,0xff,0xff,0xff,0x00,
	0xff,0xff,0xff,0x00,0xff,0xff,0xff,0x00,0xff,0xff,0xff,0x00,0xff,0xff,0xff,0x00,
	0xff,0x00,0x00,0xff,0xff,0x00,0x00,0xff,0xff,0x00,0x00,0xff,0xff,0x00,0x00,0xff,
	0xff,0xff,0xff,0x00,0xff,0xff,0xff,0x00,0xf9,0xbc,0x54,0xff,0xf9,0xbc,0x54,0xff,
	0xff,0xff,0xff,0x00,0xff,0xff,0xff,0x00,0xff,0x00,0x00,0xff,0xff,0x00,0x00,0xff,
	0xff,0x00,0x00,0xff,0xff,0xff,0xff,0x00,0xff,0xff,0xff,0x00,0xff,0xff,0xff,0x00,
	0xff,0xff,0xff,0x00,0xff,0xff,0xff,0x00,0xff,0xff,0xff,0x00,0xff,0xff,0xff,0x00,
	0xff,0xff,0xff,0x00,0xff,0xff,0xff,0x00,0xff,0xff,0xff,0x00,0xff,0xff,0xff,0x00,
	0xff,0xff,0xff,0x00,0x54,0xc3,0xe3,0xff,0x54,0xc3,0xe3,0xff,0xff,0xff,0xff,0x00,
	0xff,0xff,0xff,0x00,0xff,0xff,0xff,0x00,0xff,0xff,0xff,0x00,0xff,0xff,0xff,0x00,
	0xff,0xff,0xff,0x00,0xff,0xff,0xff,0x00,0xff,0xff,0xff,0x00,0xff,0xff,0xff,0x00,
	0xff,0xff,0xff,0x00,0xff,0xff,0xff,0x00,0xff,0xff,0xff,0x00,0xff,0xff,0xff,0x00,
	0xff,0xff,0xff,0x00,0xff,0xff,0xff,0x00,0xff,0xff,0xff,0x00,0xff,0xff,0xff,0x00,
	0xff,0xff,0xff,0x00,0xff,0x00,0x00,0xff,0xff,0x00,0x00,0xff,0xff,0xff,0xff,0x00,
	0xff,0xff,0xff,0x00,0xff,0xff,0xff,0x00,0xff,0xff,0xff,0x00,0xff,0xff,0xff,0x00,
	0xff,0xff,0xff,0x00,0xff,0xff,0xff,0x00,0xff,0xff,0xff,0x00,0xff,0xff,0xff,0x00,
	0xff,0xff,0xff,0x00,0xff,0xff,0xff,0x00,0xff,0xff,0xff,0x00,0xff,0xff,0xff,0x00,
	0xff,0xff,0xff,0x00,0xff,0xff,0x00,0xff,0xff,0xff,0x00,0xff,0xff,0xff,0x00,0xff,
	0xff,0xff,0xff,0x00,0xff,0xff,0xff,0x00,0xff,0xff,0xff,0x00,0xff,0xff,0x00,0xff,
	0xff,0xff,0x00,0xff,0xff,0xff,0x00,0xff,0xff,0xff,0xff,0x00,0xff,0xff,0xff,0x00,
	0xff,0xff,0xff,0x00,0xff,0xff,0xff,0x00,0xff,0xff,0xff,0x00,0xff,0xff,0xff,0x00,
	0xff,0xff,0xff,0x00,0xff,0xff,0xff,0x00,0xff,0xff,0xff,0x00,0xff,0xff,0xff,0x00,
	0xff,0xff,0xff,0x00,0x54,0xc3,0xe3,0xff,0x54,0xc3,0xe3,0xff,0x54,0xc3,0xe3,0xff,
	0xff,0xff,0xff,0x00,0xff,0xff,0xff,0x00,0xff,0xff,0xff,0x00,0xff,0xff,0xff,0x00,
	0x54,0xc3,0xe3,0xff,0x54,0xc3,0xe3,0xff,0x54,0xc3,0xe3,0xff,0xff,0xff,0xff,0x00,
	0xff,0xff,0xff,0x00,0xff,0xff,0xff,0x00,0xff,0xff,0xff,0x00,0xff,0xff,0xff,0x00,
	0xff,0xff,0xff,0x00,0xff,0xff,0xff,0x00,0xff,0xff,0xff,0x00,0xff,0xff,0xff,0x00,
	0xff,0xff,0xff,0x00,0xff,0xff,0xff,0x00,0xff,0xff,0xff,0x00,0xff,0xff,0xff,0x00,
	0xff,0xff,0xff,0x00,0xff,0xff,0xff,0x00,0xff,0xff,0xff,0x00,0xff,0xff,0xff,0x00,
	0xff,0xff,0xff,0x00,0xff,0xff,0xff,0x00,0xff,0xff,0xff,0x00,0xff,0xff,0xff,0x00,
	0xff,0xff,0xff,0x00,0xff,0xff,0xff,0x00,0xff,0xff,0xff,0x00,0xff,0xff,0xff,0x00,
	0xff,0xff,0xff,0x00,0xff,0xff,0xff,0x00,0xff,0xff,0xff,0x00,0xff,0xff,0xff,0x00,
	0xff,0xff,0xff,0x00,0xff,0xff,0xff,0x00,0xff,0xff,0xff,0x00,0xff,0xff,0xff,0x00,
	0xff,0xff,0xff,0x00,0xff,0xff,0xff,0x00,0xff,0xff,0xff,0x00,0xff,0xff,0xff,0x00,
	0xff,0xff,0xff,0x00,0xff,0xff,0xff,0x00,0xff,0xff,0xff,0x00,0xff,0xff,0xff,0x00,
	0xff,0xff,0xff,0x00,0xff,0xff,0xff,0x00,0xff,0xff,0xff,0x00,0xff,0xff,0xff,0x00,
	0xff,0xff,0xff,0x00,0xff,0xff,0xff,0x00,0xff,0xff,0xff,0x00,0xff,0xff,0xff,0x00,
	0xff,0xff,0xff,0x00,0xff,0xff,0xff,0x00,0xff,0xff,0xff,0x00,0xff,0xff,0xff,0x00,
	0xff,0xff,0xff,0x00,0xff,0xff,0xff,0x00,0xff,0xff,0xff,0x00,0xff,0xff,0xff,0x00,
	0xff,0xff,0xff,0x00,0xff,0xff,0xff,0x00,0xff,0xff,0xff,0x00,0xff,0xff,0xff,0x00,
	0xff,0xff,0xff,0x00,0xff,0xff,0xff,0x00,0xff,0xff,0xff,0x00,0xff,0xff,0xff,0x00,
	0xff,0xff,0xff,0x00,0xff,0xff,0xff,0x00,0xff,0xff,0xff,0x00,0xff,0xff,0xff,0x00,
	0xff,0xff,0xff,0x00,0xff,0xff,0xff,0x00,0xff,0xff,0xff,0x00,0xff,0xff,0xff,0x00,
	0xff,0xff,0xff,0x00,0xff,0xff,0xff,0x00,0xff,0xff,0xff,0x00,0xff,0xff,0xff,0x00,
	0xff,0xff,0xff,0x00,0xff,0xff,0xff,0x00,0xff,0xff,0xff,0x00,0xff,0xff,0xff,0x00,
	0xff,0xff,0xff,0x00,0xff,0xff,0xff,0x00,0xff,0xff,0xff,0x00,0xff,0xff,0xff,0x00,
	0xff,0xff,0xff,0x00,0xff,0xff,0xff,0x00,0xff,0xff,0xff,0x00,0xff,0xff,0xff,0x00,
	0xff,0xff,0xff,0x00,0xff,0xff,0xff,0x00,0xff,0xff,0xff,0x00,0xff,0xff,0xff,0x00,
	0xff,0xff,0xff,0x00,0xff,0xff,0xff,0x00,0xff,0xff,0xff,0x00,0xff,0xff,0xff,0x00,
	0xff,0xff,0xff,0x00,0xff,0xff,0xff,0x00,0xff,0xff,0xff,0x00,0xff,0xff,0xff,0x00,
	0xff,0xff,0xff,0x00,0xff,0xff,0xff,0x00,0xff,0xff,0xff,0x00,0xff,0xff,0xff,0x00,
	0xff,0xff,0xff,0x00,0xff,0xff,0xff,0x00,0xff,0xff,0xff,0x00,0xff,0xff,0x00,0xff,
	0xff,0xff,0x00,0xff,0xff,0xff,0x00,0xff,0xff,0xff,0x00,0xff,0xff,0xff,0x00,0xff,
	0xff,0xff,0x00,0xff,0xff,0xff,0x00,0xff,0xff,0xff,0x00,0xff,0xff,0xff,0x00,0xff,
	0xff,0xff,0x00,0xff,0xff,0xff,0x00,0xff,0xff,0xff,0x00,0xff,0xff,0xff,0x00,0xff,
	0xff,0xff,0x00,0xff,0xff,0xff,0xff,0x00,0xff,0xff,0xff,0x00,0xff,0xff,0xff,0x00,
	0xff,0xff,0xff,0x00,0xff,0xff,0xff,0x00,0xff,0xff,0xff,0x00,0xff,0xff,0x00,0xff,
	0xff,0xff,0x00,0xff,0xff,0xff,0x00,0xff,0xff,0xff,0x00,0xff,0xff,0xff,0x00,0xff,
	0xff,0xff,0x00,0xff,0xff,0xff,0x00,0xff,0xff,0xff,0x00,0xff,0xff,0xff,0x00,0xff,
	0xff,0xff,0x00,0xff,0xff,0xff,0x00,0xff,0xff,0xff,0x00,0xff,0xff,0xff,0x00,0xff,
	0xff,0xff,0x00,0xff,0xff,0xff,0xff,0x00,0xff,0xff,0xff,0x00,0xff,0xff,0xff,0x00,
	0xff,0xff,0xff,0x00,0xff,0xff,0xff,0x00,0xff,0xff,0xff,0x00,0xff,0xff,0xff,0x00,
	0xff,0xff,0xff,0x00,0xff,0xff,0xff,0x00,0xff,0xff,0x00,0xff,0xff,0xff,0x00,0xff,
	0xff,0xff,0x00,0xff,0xff,0xff,0x00,0xff,0xff,0xff,0x00,0xff,0xff,0xff,0x00,0xff,
	0xff,0xff,0x00,0xff,0xff,0xff,0x00,0xff,0xff,0xff,0x00,0xff,0xff,0xff,0x00,0xff,
	0xff,0xff,0x00,0xff,0xff,0xff,0xff,0x00,0xff,0xff,0xff,0x00,0xff,0xff,0xff,0x00,
	0xff,0xff,0xff,0x00,0xff,0xff,0xff,0x00,0xff,0xff,0xff,0x00,0xff,0xff,0x00,0xff,
	0xff,0xff,0x00,0xff,0xff,0xff,0x00,0xff,0xff,0xff,0x00,0xff,0xff,0xff,0x00,0xff,
	0xff,0xff,0x00,0xff,0xff,0xff,0x00,0xff,0xff,0xff,0x00,0xff,0xff,0xff,0x00,0xff,
	0xff,0xff,0x00,0xff,0xff,0xff,0x00,0xff,0xff,0xff,0x00,0xff,0xff,0xff,0x00,0xff,
	0xff,0xff,0x00,0xff,0xff,0xff,0xff,0x00,0xff,0xff,0xff,0x00,0xff,0xff,0xff,0x00,
	0xff,0xff,0xff,0x00,0xff,0xff,0xff,0x00,0xff,0xff,0xff,0x00,0xff,0xff,0x00,0xff,
	0xff,0xff,0x00,0xff,0xff,0xff,0x00,0xff,0xff,0xff,0x00,0xff,0xff,0xff,0x00,0xff,
	0xff,0xff,0x00,0xff,0xff,0xff,0x00,0xff,0xff,0xff,0x00,0xff,0xff,0xff,0x00,0xff,
	0xff,0xff,0x00,0xff,0xff,0xff,0x00,0xff,0xff,0xff,0x00,0xff,0xff,0xff,0x00,0xff,
	0xff,0xff,0x00,0xff,0xff,0xff,0xff,0x00,0xff,0xff,0xff,0x00,0xff,0xff,0xff,0x00,
	0xff,0xff,0xff,0x00,0xff,0xff,0xff,0x00,0xff,0xff,0xff,0x00,0xff,0xff,0x00,0xff,
	0xff,0xff,0x00,0xff,0xff,0xff,0x00,0xff,0xff,0xff,0x00,0xff,0xff,0xff,0x00,0xff,
	0xff,0xff,0x00,0xff,0xff,0xff,0x00,0xff,0xff,0xff,0x00,0xff,0xff,0xff,0x00,0xff,
	0xff,0xff,0x00,0xff,0xff,0xff,0x00,0xff,0xff,0xff,0x00,0xff,0xff,0xff,0x00,0xff,
	0xff,0xff,0x00,0xff,0xff,0xff,0xff,0x00,0xff,0xff,0xff,0x00,0xff,0xff,0xff,0x00,
	0xff,0xff,0xff,0x00,0xff,0xff,0xff,0x00,0xff,0xff,0xff,0x00,0xff,0xff,0x00,0xff,
	0xff,0xff,0x00,0xff,0xff,0xff,0x00,0xff,0xff,0xff,0x00,0xff,0xff,0xff,0x00,0xff,
	0xff,0xff,0x00,0xff,0xff,0xff,0x00,0xff,0xff,0xff,0x00,0xff,0xff,0xff,0x00,0xff,
	0xff,0xff,0x00,0xff,0xff,0xff,0x00,0xff,0xff,0xff,0xff,0x00,0xff,0xff,0xff,0x00,
	0xff,0xff,0xff,0x00,0xff,0xff,0xff,0x00,0xff,0xff,0xff,0x00,0xff,0xff,0xff,0x00,
	0xff,0xff,0xff,0x00,0xff,0xff,0xff,0x00,0xff,0xff,0xff,0x00,0xff,0xff,0x00,0xff,
	0xff,0xff,0x00,0xff,0xff,0xff,0x00,0xff,0xff,0xff,0x00,0xff,0xff,0xff,0xff,0x00,
	0xff,0xff,0xff,0x00,0xff,0xff,0xff,0x00,0xff,0xff,0xff,0x00,0xff,0xff,0xff,0x00,
	0xff,0xff,0xff,0x00,0xff,0xff,0x00,0xff,0xff,0xff,0x00,0xff,0xff,0xff,0x00,0xff,
	0xff,0xff,0x00,0xff,0xff,0xff,0xff,0x00,0xff,0xff,0xff,0x00,0xff,0xff,0xff,0x00,
	0xff,0xff,0xff,0x00,0xff,0xff,0xff,0x00,0xff,0xff,0xff,0x00,0xff,0xff,0xff,0x00,
	0xff,0xff,0xff,0x00,0xff,0xff,0xff,0x00,0xff,0xff,0xff,0x00,0xff,0xff,0xff,0x00,
	0xff,0xff,0xff,0x00,0xff,0xff,0xff,0x00,0xff,0xff,0xff,0x00,0xff,0xff,0xff,0x00,
	0xff,0xff,0xff,0x00,0xff,0xff,0xff,0x00,0xff,0xff,0xff,0x00,0xff,0xff,0xff,0x00,
	0xff,0xff,0xff,0x00,0xff,0xff,0xff,0x00,0xff,0xff,0xff,0x00,0xff,0xff,0xff,0x00,
	0xff,0xff,0xff,0x00,0xff,0xff,0xff,0x00,0xff,0xff,0xff,0x00,0xff,0xff,0xff,0x00,
	0xff,0xff,0xff,0x00,0xff,0xff,0xff,0x00,0xff,0xff,0xff,0x00,0xff,0xff,0xff,0x00,
	0xff,0xff,0xff,0x00,0xff,0xff,0xff,0x00,0xff,0xff,0xff,0x00,0xff,0xff,0xff,0x00,
	0xff,0xff,0xff,0x00,0xff,0xff,0xff,0x00,0xff,0xff,0xff,0x00,0xff,0xff,0xff,0x00,
	0xff,0xff,0xff,0x00,0xff,0xff,0xff,0x00,0xff,0xff,0xff,0x00,0xff,0xff,0xff,0x00,
	0xff,0xff,0xff,0x00,0xff,0xff,0xff,0x00,0xff,0xff,0xff,0x00,0xff,0xff,0xff,0x00,
	0xff,0xff,0xff,0x00,0xff,0xff,0xff,0x00,0xff,0xff,0xff,0x00,0xff,0xff,0xff,0x00,
	0xff,0xff,0xff,0x00,0xff,0xff,0xff,0x00,0xff,0xff,0xff,0x00,0xff,0xff,0xff,0x00,
	0xff,0xff,0xff,0x00,0xff,0xff,0xff,0x00,0xff,0xff,0xff,0x00,0xff,0xff,0xff,0x00,
	0xff,0xff,0xff,0x00,0xff,0xff,0xff,0x00,0xff,0xff,0xff,0x00,0xff,0xff,0xff,0x00,
	0xff,0xff,0xff,0x00,0xff,0xff,0xff,0x00,0xff,0xff,0xff,0x00,0xff,0xff,0xff,0x00,
	0xff,0xff,0xff,0x00,0xff,0xff,0xff,0x00,0xff,0xff,0xff,0x00,0xff,0xff,0xff,0x00,
	0xff,0xff,0xff,0x00,0xff,0xff,0xff,0x00,0xff,0xff,0xff,0x00,0xff,0xff,0xff,0x00,
	0xff,0xff,0xff,0x00,0xff,0xff,0xff,0x00,0xff,0xff,0xff,0x00,0xff,0xff,0xff,0x00,
	0xff,0xff,0xff,0x00,0xff,0xff,0xff,0x00,0xff,0xff,0xff,0x00,0xff,0xff,0xff,0x00,
	0xff,0xff,0xff,0x00,0xff,0xff,0xff,0x00,0xff,0xff,0xff,0x00,0xff,0xff,0xff,0x00,
	0xff,0xff,0xff,0x00,0xff,0xff,0xff,0x00,0xff,0xff,0xff,0x00,0xff,0xff,0xff,0x00,
	0xff,0xff,0xff,0x00,0xff,0xff,0xff,0x00,0xff,0xff,0xff,0x00,0xff,0xff,0xff,0x00,
	0xff,0xff,0xff,0x00,0xff,0xff,0xff,0x00,0xff,0xff,0xff,0x00,0xff,0xff,0xff,0x00,
	0xff,0xff,0xff,0x00,0xff,0xff,0xff,0x00,0xff,0xff,0xff,0x00,0xff,0xff,0xff,0x00,
	0xff,0xff,0xff,0x00,0xff,0xff,0xff,0x00,0xff,0xff,0xff,0x00,0xff,0xff,0xff,0x00,
	0xff,0xff,0xff,0x00,0xff,0xff,0xff,0x00,0xff,0xff,0xff,0x00,0xff,0xff,0xff,0x00,
	0xff,0xff,0xff,0x00,0xff,0xff,0xff,0x00,0xff,0xff,0xff,0x00,0xff,0xff,0xff,0x00,
	0xff,0xff,0xff,0x00,0xff,0xff,0xff,0x00,0xff,0xff,0xff,0x00,0xff,0xff,0xff,0x00,
	0xff,0xff,0xff,0x00,0xff,0xff,0xff,0x00,0xff,0xff,0xff,0x00,0xff,0xff,0xff,0x00,
	0xff,0xff,0xff,0x00,0xff,0xff,0xff,0x00,0xff,0xff,0xff,0x00,0xff,0xff,0xff,0x00,
	0xff,0xff,0xff,0x00,0xff,0xff,0xff,0x00,0xff,0xff,0x00,0xff,0xff,0xff,0xff,0x00,
	0xff,0xff,0xff,0x00,0xff,0xff,0x00,0xff,0xff,0xff,0xff,0x00,0xff,0xff,0xff,0x00,
	0xff,0xff,0x00,0xff,0xff,0xff,0xff,0x00,0xff,0xff,0xff,0x00,0xff,0xff,0xff,0x00,
	0xff,0xff,0xff,0x00,0xff,0xff,0xff,0x00,0xff,0xff,0xff,0x00,0xff,0xff,0xff,0x00,
	0xff,0xff,0xff,0x00,0xff,0xff,0xff,0x00,0xff,0xff,0xff,0x00,0xff,0x00,0x00,0xff,
	0xff,0x00,0x00,0xff,0xff,0x00,0x00,0xff,0xff,0x00,0x00,0xff,0xff,0x00,0x00,0xff,
	0xff,0x00,0x00,0xff,0xff,0x00,0x00,0xff,0xff,0x00,0x00,0xff,0xff,0x00,0x00,0xff,
	0xff,0x00,0x00,0xff,0xff,0x00,0x00,0xff,0xff,0x00,0x00,0xff,0xff,0x00,0x00,0xff,
	0xff,0x00,0x00,0xff,0xff,0xff,0xff,0x00,0xff,0xff,0xff,0x00,0xff,0xff,0xff,0x00,
	0xff,0xff,0xff,0x00,0xff,0xff,0xff,0x00,0xff,0xff,0xff,0x00,0xff,0x00,0x00,0xff,
	0xff,0x00,0x00,0xff,0xff,0x00,0x00,0xff,0xff,0x00,0x00,0xff,0xff,0x00,0x00,0xff,
	0xff,0x00,0x00,0xff,0xff,0x00,0x00,0xff,0xff,0x00,0x00,0xff,0xff,0x00,0x00,0xff,
	0xff,0x00,0x00,0xff,0xff,0x00,0x00,0xff,0xff,0x00,0x00,0xff,0xff,0x00,0x00,0xff,
	0xff,0x00,0x00,0xff,0xff,0xff,0xff,0x00,0xff,0xff,0xff,0x00,0xff,0xff,0xff,0x00,
	0xff,0xff,0xff,0x00,0xff,0xff,0xff,0x00,0xff,0xff,0xff,0x00,0xff,0x00,0x00,0xff,
	0xff,0x00,0x00,0xff,0xff,0x00,0x00,0xff,0xff,0x00,0x00,0xff,0xff,0x00,0x00,0xff,
	0xff,0x00,0x00,0xff,0xff,0x00,0x00,0xff,0xff,0x00,0x00,0xff,0xff,0x00,0x00,0xff,
	0xff,0x00,0x00,0xff,0xff,0x00,0x00,0xff,0xff,0x00,0x00,0xff,0xff,0x00,0x00,0xff,
	0xff,0x00,0x00,0xff,0xff,0xff,0xff,0x00,0xff,0xff,0xff,0x00,0xff,0xff,0xff,0x00,
	0xff,0xff,0xff,0x00,0xff,0xff,0xff,0x00,0xff,0xff,0xff,0x00,0xff,0x00,0x00,0xff,
	0xff,0x00,0x00,0xff,0xff,0x00,0x00,0xff,0xff,0x00,0x00,0xff,0xff,0x00,0x00,0xff,
	0xff,0x00,0x00,0xff,0xff,0x00,0x00,0xff,0xff,0x00,0x00,0xff,0xff,0x00,0x00,0xff,
	0xff,0x00,0x00,0xff,0xff,0x00,0x00,0xff,0xff,0x00,0x00,0xff,0xff,0x00,0x00,0xff,
	0xff,0x00,0x00,0xff,0xff,0xff,0xff,0x00,0xff,0xff,0xff,0x00,0xff,0xff,0xff,0x00,
	0xff,0xff,0xff,0x00,0xff,0xff,0xff,0x00,0xff,0xff,0xff,0x00,0xff,0x00,0x00,0xff,
	0xff,0x00,0x00,0xff,0xff,0x00,0x00,0xff,0xff,0x00,0x00,0xff,0xff,0x00,0x00,0xff,
	0xff,0x00,0x00,0xff,0xff,0x00,0x00,0xff,0xff,0x00,0x00,0xff,0xff,0x00,0x00,0xff,
	0xff,0x00,0x00,0xff,0xff,0x00,0x00,0xff,0xff,0x00,0x00,0xff,0xff,0x00,0x00,0xff,
	0xff,0x00,0x00,0xff,0xff,0xff,0xff,0x00,0xff,0xff,0xff,0x00,0xff,0xff,0xff,0x00,
	0xff,0xff,0xff,0x00,0xff,0xff,0xff,0x00,0xff,0xff,0xff,0x00,0xff,0x00,0x00,0xff,
	0xff,0x00,0x00,0xff,0xff,0x00,0x00,0xff,0xff,0x00,0x00,0xff,0xff,0x00,0x00,0xff,
	0xff,0x00,0x00,0xff,0xff,0x00,0x00,0xff,0xff,0x00,0x00,0xff,0xff,0x00,0x00,0xff,
	0xff,0x00,0x00,0xff,0xff,0x00,0x00,0xff,0xff,0x00,0x00,0xff,0xff,0x00,0x00,0xff,
	0xff,0x00,0x00,0xff,0xff,0xff,0xff,0x00,0xff,0xff,0xff,0x00,0xff,0xff,0xff,0x00,
	0xff,0xff,0xff,0x00,0xff,0xff,0xff,0x00,0xff,0xff,0xff,0x00,0xff,0x00,0x00,0xff,
	0xff,0xff,0xff,0xff,0x00,0x00,0xc3,0xff,0x00,0x00,0xc3,0xff,0x00,0x00,0xc3,0xff,
	0xff,0x00,0x00,0xff,0xff,0x00,0x00,0xff,0xff,0x00,0x00,0xff,0xff,0x00,0x00,0xff,
	0x00,0x00,0xc3,0xff,0x00,0x00,0xc3,0xff,0x00,0x00,0xc3,0xff,0xff,0xff,0xff,0xff,
	0xff,0x00,0x00,0xff,0xff,0xff,0xff,0x00,0xff,0xff,0xff,0x00,0xff,0xff,0xff,0x00,
	0xff,0xff,0xff,0x00,0xff,0xff,0xff,0x00,0xff,0xff,0xff,0x00,0xff,0x00,0x00,0xff,
	0xff,0xff,0xff,0xff,0x00,0x00,0xc3,0xff,0x00,0x00,0xc3,0xff,0x00,0x00,0xc3,0xff,
	0xff,0x00,0x00,0xff,0xff,0x00,0x00,0xff,0xff,0x00,0x00,0xff,0xff,0x00,0x00,0xff,
	0x00,0x00,0xc3,0xff,0x00,0x00,0xc3,0xff,0x00,0x00,0xc3,0xff,0xff,0xff,0xff,0xff,
	0xff,0x00,0x00,0xff,0xff,0xff,0xff,0x00,0xff,0xff,0xff,0x00,0xff,0xff,0xff,0x00,
	0xff,0xff,0xff,0x00,0xff,0xff,0xff,0x00,0xff,0xff,0xff,0x00,0xff,0xa6,0xc3,0xff,
	0xff,0xa6,0xc3,0xff,0xff,0xa6,0xc3,0xff,0xff,0xa6,0xc3,0xff,0xff,0xa6,0xc3,0xff,
	0xff,0xa6,0xc3,0xff,0xff,0xa6,0xc3,0xff,0xff,0xa6,0xc3,0xff,0xff,0xa6,0xc3,0xff,
	0xff,0xa6,0xc3,0xff,0xff,0xa6,0xc3,0xff,0xff,0xa6,0xc3,0xff,0xff,0xa6,0xc3,0xff,
	0xff,0xa6,0xc3,0xff,0xff,0xff,0xff,0x00,0xff,0xff,0xff,0x00,0xff,0xff,0xff,0x00,
	0xff,0xff,0xff,0x00,0xff,0xff,0xff,0x00,0xff,0xff,0xff,0x00,0xff,0xa6,0xc3,0xff,
	0xff,0xa6,0xc3,0xff,0xff,0xa6,0xc3,0xff,0xff,0xa6,0xc3,0xff,0xff,0xa6,0xc3,0xff,
	0xff,0xa6,0xc3,0xff,0xff,0xa6,0xc3,0xff,0xff,0xa6,0xc3,0xff,0xff,0xa6,0xc3,0xff,
	0xff,0xa6,0xc3,0xff,0xff,0xa6,0xc3,0xff,0xff,0xa6,0xc3,0xff,0xff,0xa6,0xc3,0xff,
	0xff,0xa6,0xc3,0xff,0xff,0xff,0xff,0x00,0xff,0xff,0xff,0x00,0xff,0xff,0xff,0x00,
	0xff,0xff,0xff,0x00,0xff,0xff,0xff,0x00,0xff,0xff,0xff,0x00,0xff,0xa6,0xc3,0xff,
	0xff,0xa6,0xc3,0xff,0xff,0xa6,0xc3,0xff,0xff,0xa6,0xc3,0xff,0xff,0xa6,0xc3,0xff,
	0xff,0xa6,0xc3,0xff,0xff,0xa6,0xc3,0xff,0xff,0xa6,0xc3,0xff,0xff,0xa6,0xc3,0xff,
	0xff,0xa6,0xc3,0xff,0xff,0xa6,0xc3,0xff,0xff,0xa6,0xc3,0xff,0xff,0xa6,0xc3,0xff,
	0xff,0xa6,0xc3,0xff,0xff,0xff,0xff,0x00,0xff,0xff,0xff,0x00,0xff,0xff,0xff,0x00,
	0xff,0xff,0xff,0x00,0xff,0xff,0xff,0x00,0xff,0xff,0xff,0x00,0xff,0xa6,0xc3,0xff,
	0xff,0xa6,0xc3,0xff,0xff,0xa6,0xc3,0xff,0xff,0xa6,0xc3,0xff,0xff,0xa6,0xc3,0xff,
	0xff,0xa6,0xc3,0xff,0xff,0xa6,0xc3,0xff,0xff,0xa6,0xc3,0xff,0xff,0xa6,0xc3,0xff,
	0xff,0xa6,0xc3,0xff,0xff,0xa6,0xc3,0xff,0xff,0xa6,0xc3,0xff,0xff,0xa6,0xc3,0xff,
	0xff,0xa6,0xc3,0xff,0xff,0xff,0xff,0x00,0xff,0xff,0xff,0x00,0xff,0xff,0xff,0x00,
	0xff,0xff,0xff,0x00,0xff,0xff,0xff,0x00,0xff,0xff,0xff,0x00,0xff,0xa6,0xc3,0xff,
	0xff,0xa6,0xc3,0xff,0xff,0xa6,0xc3,0xff,0xff,0xa6,0xc3,0xff,0xff,0xa6,0xc3,0xff,
	0xff,0xa6,0xc3,0xff,0xff,0xa6,0xc3,0xff,0xff,0xa6,0xc3,0xff,0xff,0xa6,0xc3,0xff,
	0xff,0xa6,0xc3,0xff,0xff,0xa6,0xc3,0xff,0xff,0xa6,0xc3,0xff,0xff,0xa6,0xc3,0xff,
	0xff,0xa6,0xc3,0xff,0xff,0xff,0xff,0x00,0xff,0xff,0xff,0x00,0xff,0xff,0xff,0x00,
	0xff,0xff,0xff,0x00,0xff,0xff,0xff,0x00,0xff,0xff,0xff,0x00,0xff,0xa6,0xc3,0xff,
	0xff,0xa6,0xc3,0xff,0xff,0xa6,0xc3,0xff,0xff,0xa6,0xc3,0xff,0xff,0xa6,0xc3,0xff,
	0xff,0xa6,0xc3,0xff,0xff,0xa6,0xc3,0xff,0xff,0xa6,0xc3,0xff,0xff,0xa6,0xc3,0xff,
	0xff,0xa6,0xc3,0xff,0xff,0xa6,0xc3,0xff,0xff,0xa6,0xc3,0xff,0xff,0xa6,0xc3,0xff,
	0xff,0xa6,0xc3,0xff,0xff,0xff,0xff,0x00,0xff,0xff,0xff,0x00,0xff,0xff,0xff,0x00,
	0xff,0xff,0xff,0x00,0xff,0xff,0xff,0x00,0xff,0xff,0xff,0x00,0xff,0xa6,0xc3,0xff,
	0xff,0xff,0xff,0xff,0x00,0x00,0xc3,0xff,0x00,0x00,0xc3,0xff,0x00,0x00,0xc3,0xff,
	0xff,0xa6,0xc3,0xff,0xff,0xa6,0xc3,0xff,0xff,0xa6,0xc3,0xff,0xff,0xa6,0xc3,0xff,
	0x00,0x00,0xc3,0xff,0x00,0x00,0xc3,0xff,0x00,0x00,0xc3,0xff,0xff,0xff,0xff,0xff,
	0xff,0xa6,0xc3,0xff,0xff,0xff,0xff,0x00,0xff,0xff,0xff,0x00,0xff,0xff,0xff,0x00,
	0xff,0xff,0xff,0x00,0xff,0xff,0xff,0x00,0xff,0xff,0xff,0x00,0xff,0xa6,0xc3,0xff,
	0xff,0xff,0xff,0xff,0x00,0x00,0xc3,0xff,0x00,0x00,0xc3,0xff,0x00,0x00,0xc3,0xff,
	0xff,0xa6,0xc3,0xff,0xff,0xa6,0xc3,0xff,0xff,0xa6,0xc3,0xff,0xff,0xa6,0xc3,0xff,
	0x00,0x00,0xc3,0xff,0x00,0x00,0xc3,0xff,0x00,0x00,0xc3,0xff,0xff,0xff,0xff,0xff,
	0xff,0xa6,0xc3,0xff,0xff,0xff,0xff,0x00,0xff,0xff,0xff,0x00,0xff,0xff,0xff,0x00,
	0xff,0xff,0xff,0x00,0xff,0xff,0xff,0x00,0xff,0xff,0xff,0x00,0x00,0xe6,0xff,0xff,
	0x00,0xe6,0xff,0xff,0x00,0xe6,0xff,0xff,0x00,0xe6,0xff,0xff,0x00,0xe6,0xff,0xff,
	0x00,0xe6,0xff,0xff,0x00,0xe6,0xff,0xff,0x00,0xe6,0xff,0xff,0x00,0xe6,0xff,0xff,
	0x00,0xe6,0xff,0xff,0x00,0xe6,0xff,0xff,0x00,0xe6,0xff,0xff,0x00,0xe6,0xff,0xff,
	0x00,0xe6,0xff,0xff,0xff,0xff,0xff,0x00,0xff,0xff,0xff,0x00,0xff,0xff,0xff,0x00,
	0xff,0xff,0xff,0x00,0xff,0xff,0xff,0x00,0xff,0xff,0xff,0x00,0x00,0xe6,0xff,0xff,
	0x00,0xe6,0xff,0xff,0x00,0xe6,0xff,0xff,0x00,0xe6,0xff,0xff,0x00,0xe6,0xff,0xff,
	0x00,0xe6,0xff,0xff,0x00,0xe6,0xff,0xff,0x00,0xe6,0xff,0xff,0x00,0xe6,0xff,0xff,
	0x00,0xe6,0xff,0xff,0x00,0xe6,0xff,0xff,0x00,0xe6,0xff,0xff,0x00,0xe6,0xff,0xff,
	0x00,0xe6,0xff,0xff,0xff,0xff,0xff,0x00,0xff,0xff,0xff,0x00,0xff,0xff,0xff,0x00,
	0xff,0xff,0xff,0x00,0xff,0xff,0xff,0x00,0xff,0xff,0xff,0x00,0x00,0xe6,0xff,0xff,
	0x00,0xe6,0xff,0xff,0x00,0xe6,0xff,0xff,0x00,0xe6,0xff,0xff,0x00,0xe6,0xff,0xff,
	0x00,0xe6,0xff,0xff,0x00,0xe6,0xff,0xff,0x00,0xe6,0xff,0xff,0x00,0xe6,0xff,0xff,
	0x00,0xe6,0xff,0xff,0x00,0xe6,0xff,0xff,0x00,0xe6,0xff,0xff,0x00,0xe6,0xff,0xff,
	0x00,0xe6,0xff,0xff,0xff,0xff,0xff,0x00,0xff,0xff,0xff,0x00,0xff,0xff,0xff,0x00,
	0xff,0xff,0xff,0x00,0xff,0xff,0xff,0x00,0xff,0xff,0xff,0x00,0x00,0xe6,0xff,0xff,
	0x00,0xe6,0xff,0xff,0x00,0xe6,0xff,0xff,0x00,0xe6,0xff,0xff,0x00,0xe6,0xff,0xff,
	0x00,0xe6,0xff,0xff,0x00,0xe6,0xff,0xff,0x00,0xe6,0xff,0xff,0x00,0xe6,0xff,0xff,
	0x00,0xe6,0xff,0xff,0x00,0xe6,0xff,0xff,0x00,0xe6,0xff,0xff,0x00,0xe6,0xff,0xff,
	0x00,0xe6,0xff,0xff,0xff,0xff,0xff,0x00,0xff,0xff,0xff,0x00,0xff,0xff,0xff,0x00,
	0xff,0xff,0xff,0x00,0xff,0xff,0xff,0x00,0xff,0xff,0xff,0x00,0x00,0xe6,0xff,0xff,
	0x00,0xe6,0xff,0xff,0x00,0xe6,0xff,0xff,0x00,0xe6,0xff,0xff,0x00,0xe6,0xff,0xff,
	0x00,0xe6,0xff,0xff,0x00,0xe6,0xff,0xff,0x00,0xe6,0xff,0xff,0x00,0xe6,0xff,0xff,
	0x00,0xe6,0xff,0xff,0x00,0xe6,0xff,0xff,0x00,0xe6,0xff,0xff,0x00,0xe6,0xff,0xff,
	0x00,0xe6,0xff,0xff,0xff,0xff,0xff,0x00,0xff,0xff,0xff,0x00,0xff,0xff,0xff,0x00,
	0xff,0xff,0xff,0x00,0xff,0xff,0xff,0x00,0xff,0xff,0xff,0x00,0x00,0xe6,0xff,0xff,
	0x00,0xe6,0xff,0xff,0x00,0xe6,0xff,0xff,0x00,0xe6,0xff,0xff,0x00,0xe6,0xff,0xff,
	0x00,0xe6,0xff,0xff,0x00,0xe6,0xff,0xff,0x00,0xe6,0xff,0xff,0x00,0xe6,0xff,0xff,
	0x00,0xe6,0xff,0xff,0x00,0xe6,0xff,0xff,0x00,0xe6,0xff,0xff,0x00,0xe6,0xff,0xff,
	0x00,0xe6,0xff,0xff,0xff,0xff,0xff,0x00,0xff,0xff,0xff,0x00,0xff,0xff,0xff,0x00,
	0xff,0xff,0xff,0x00,0xff,0xff,0xff,0x00,0xff,0xff,0xff,0x00,0x00,0xe6,0xff,0xff,
	0xff,0xff,0xff,0xff,0x00,0x00,0xc3,0xff,0x00,0x00,0xc3,0xff,0x00,0x00,0xc3,0xff,
	0x00,0xe6,0xff,0xff,0x00,0xe6,0xff,0xff,0x00,0xe6,0xff,0xff,0x00,0xe6,0xff,0xff,
	0x00,0x00,0xc3,0xff,0x00,0x00,0xc3,0xff,0x00,0x00,0xc3,0xff,0xff,0xff,0xff,0xff,
	0x00,0xe6,0xff,0xff,0xff,0xff,0xff,0x00,0xff,0xff,0xff,0x00,0xff,0xff,0xff,0x00,
	0xff,0xff,0xff,0x00,0xff,0xff,0xff,0x00,0xff,0xff,0xff,0x00,0x00,0xe6,0xff,0xff,
	0xff,0xff,0xff,0xff,0x00,0x00,0xc3,0xff,0x00,0x00,0xc3,0xff,0x00,0x00,0xc3,0xff,
	0x00,0xe6,0xff,0xff,0x00,0xe6,0xff,0xff,0x00,0xe6,0xff,0xff,0x00,0xe6,0xff,0xff,
	0x00,0x00,0xc3,0xff,0x00,0x00,0xc3,0xff,0x00,0x00,0xc3,0xff,0xff,0xff,0xff,0xff,
	0x00,0xe6,0xff,0xff,0xff,0xff,0xff,0x00,0xff,0xff,0xff,0x00,0xff,0xff,0xff,0x00,
	0xff,0xff,0xff,0x00,0xff,0xff,0xff,0x00,0xff,0xff,0xff,0x00,0xff,0xa6,0x00,0xff,
	0xff,0xa6,0x00,0xff,0xff,0xa6,0x00,0xff,0xff,0xa6,0x00,0xff,0xff,0xa6,0x00,0xff,
	0xff,0xa6,0x00,0xff,0xff,0xa6,0x00,0xff,0xff,0xa6,0x00,0xff,0xff,0xa6,0x00,0xff,
	0xff,0xa6,0x00,0xff,0xff,0xa6,0x00,0xff,0xff,0xa6,0x00,0xff,0xff,0xa6,0x00,0xff,
	0xff,0xa6,0x00,0xff,0xff,0xff,0xff,0x00,0xff,0xff,0xff,0x00,0xff,0xff,0xff,0x00,
	0xff,0xff,0xff,0x00,0xff,0xff,0xff,0x00,0xff,0xff,0xff,0x00,0xff,0xa6,0x00,0xff,
	0xff,0xa6,0x00,0xff,0xff,0xa6,0x00,0xff,0xff,0xa6,0x00,0xff,0xff,0xa6,0x00,0xff,
	0xff,0xa6,0x00,0xff,0xff,0xa6,0x00,0xff,0xff,0xa6,0x00,0xff,0xff,0xa6,0x00,0xff,
	0xff,0xa6,0x00,0xff,0xff,0xa6,0x00,0xff,0xff,0xa6,0x00,0xff,0xff,0xa6,0x00,0xff,
	0xff,0xa6,0x00,0xff,0xff,0xff,0xff,0x00,0xff,0xff,0xff,0x00,0xff,0xff,0xff,0x00,
	0xff,0xff,0xff,0x00,0xff,0xff,0xff,0x00,0xff,0xff,0xff,0x00,0xff,0xa6,0x00,0xff,
	0xff,0xa6,0x00,0xff,0xff,0xa6,0x00,0xff,0xff,0xa6,0x00,0xff,0xff,0xa6,0x00,0xff,
	0xff,0xa6,0x00,0xff,0xff,0xa6,0x00,0xff,0xff,0xa6,0x00,0xff,0xff,0xa6,0x00,0xff,
	0xff,0xa6,0x00,0xff,0xff,0xa6,0x00,0xff,0xff,0xa6,0x00,0xff,0xff,0xa6,0x00,0xff,
	0xff,0xa6,0x00,0xff,0xff,0xff,0xff,0x00,0xff,0xff,0xff,0x00,0xff,0xff,0xff,0x00,
	0xff,0xff,0xff,0x00,0xff,0xff,0xff,0x00,0xff,0xff,0xff,0x00,0xff,0xa6,0x00,0xff,
	0xff,0xa6,0x00,0xff,0xff,0xa6,0x00,0xff,0xff,0xa6,0x00,0xff,0xff,0xa6,0x00,0xff,
	0xff,0xa6,0x00,0xff,0xff,0xa6,0x00,0xff,0xff,0xa6,0x00,0xff,0xff,0xa6,0x00,0xff,
	0xff,0xa6,0x00,0xff,0xff,0xa6,0x00,0xff,0xff,0xa6,0x00,0xff,0xff,0xa6,0x00,0xff,
	0xff,0xa6,0x00,0xff,0xff,0xff,0xff,0x00,0xff,0xff,0xff,0x00,0xff,0xff,0xff,0x00,
	0xff,0xff,0xff,0x00,0xff,0xff,0xff,0x00,0xff,0xff,0xff,0x00,0xff,0xa6,0x00,0xff,
	0xff,0xa6,0x00,0xff,0xff,0xa6,0x00,0xff,0xff,0xa6,0x00,0xff,0xff,0xa6,0x00,0xff,
	0xff,0xa6,0x00,0xff,0xff,0xa6,0x00,0xff,0xff,0xa6,0x00,0xff,0xff,0xa6,0x00,0xff,
	0xff,0xa6,0x00,0xff,0xff,0xa6,0x00,0xff,0xff,0xa6,0x00,0xff,0xff,0xa6,0x00,0xff,
	0xff,0xa6,0x00,0xff,0xff,0xff,0xff,0x00,0xff,0xff,0xff,0x00,0xff,0xff,0xff,0x00,
	0xff,0xff,0xff,0x00,0xff,0xff,0xff,0x00,0xff,0xff,0xff,0x00,0xff,0xa6,0x00,0xff,
	0xff,0xa6,0x00,0xff,0xff,0xa6,0x00,0xff,0xff,0xa6,0x00,0xff,0xff,0xa6,0x00,0xff,
	0xff,0xa6,0x00,0xff,0xff,0xa6,0x00,0xff,0xff,0xa6,0x00,0xff,0xff,0xa6,0x00,0xff,
	0xff,0xa6,0x00,0xff,0xff,0xa6,0x00,0xff,0xff,0xa6,0x00,0xff,0xff,0xa6,0x00,0xff,
	0xff,0xa6,0x00,0xff,0xff,0xff,0xff,0x00,0xff,0xff,0xff,0x00,0xff,0xff,0xff,0x00,
	0xff,0xff,0xff,0x00,0xff,0xff,0xff,0x00,0xff,0xff,0xff,0x00,0xff,0xa6,0x00,0xff,
	0xff,0xff,0xff,0xff,0x00,0x00,0xc3,0xff,0x00,0x00,0xc3,0xff,0x00,0x00,0xc3,0xff,
	0xff,0xa6,0x00,0xff,0xff,0xa6,0x00,0xff,0xff,0xa6,0x00,0xff,0xff,0xa6,0x00,0xff,
	0x00,0x00,0xc3,0xff,0x00,0x00,0xc3,0xff,0x00,0x00,0xc3,0xff,0xff,0xff,0xff,0xff,
	0xff,0xa6,0x00,0xff,0xff,0xff,0xff,0x00,0xff,0xff,0xff,0x00,0xff,0xff,0xff,0x00,
	0xff,0xff,0xff,0x00,0xff,0xff,0xff,0x00,0xff,0xff,0xff,0x00,0xff,0xa6,0x00,0xff,
	0xff,0xff,0xff,0xff,0x00,0x00,0xc3,0xff,0x00,0x00,0xc3,0xff,0x00,0x00,0xc3,0xff,
	0xff,0xa6,0x00,0xff,0xff,0xa6,0x00,0xff,0xff,0xa6,0x00,0xff,0xff,0xa6,0x00,0xff,
	0x00,0x00,0xc3,0xff,0x00,0x00,0xc3,0xff,0x00,0x00,0xc3,0xff,0xff,0xff,0xff,0xff,
	0xff,0xa6,0x00,0xff,0xff,0xff,0xff,0x00,0xff,0xff,0xff,0x00,0xff,0xff,0xff,0x00,
	0xff,0xff,0xff,0x00,0xff,0xff,0xff,0x00,0xff,0xff,0xff,0x00,0xff,0xff,0xff,0x00,
	0xff,0xff,0xff,0x00,0xff,0xff,0xff,0x00,0xff,0xff,0xff,0x00,0xff,0xff,0xff,0x00,
	0xff,0xff,0xff,0x00,0xff,0xff,0xff,0x00,0xff,0xff,0xff,0x00,0xff,0xff,0xff,0x00,
	0xff,0xff,0xff,0x00,0xff,0xff,0xff,0x00,0xff,0xff,0xff,0x00,0xff,0xff,0xff,0x00,
	0xff,0xff,0xff,0x00,0xff,0xff,0xff,0x00,0xff,0xff,0xff,0x00,0xff,0xff,0xff,0x00,
	0xff,0xff,0xff,0x00,0xff,0xff,0xff,0x00,0xff,0xff,0xff,0x00,0xff,0xff,0xff,0x00,
	0xff,0xff,0xff,0x00,0xff,0xff,0xff,0x00,0xff,0xff,0xff,0x00,0xff,0xff,0xff,0x00,
	0xff,0xff,0xff,0x00,0xff,0xff,0xff,0x00,0xff,0xff,0xff,0x00,0xff,0xff,0xff,0x00,
	0xff,0xff,0xff,0x00,0xff,0xff,0xff,0x00,0xff,0xff,0xff,0x00,0xff,0xff,0xff,0x00,
	0xff,0xff,0xff,0x00,0xff,0xff,0xff,0x00,0xff,0xff,0xff,0x00,0xff,0xff,0xff,0x00,
	0xff,0xff,0xff,0x00,0xff,0xff,0xff,0x00,0xff,0xff,0xff,0x00,0xff,0xff,0xff,0x00,
	0xff,0xff,0xff,0x00,0xff,0xff,0xff,0x00,0xff,0xff,0xff,0x00,0xff,0xff,0xff,0x00,
	0xff,0xff,0xff,0x00,0xff,0xff,0xff,0x00,0xff,0xff,0xff,0x00,0xff,0xff,0xff,0x00,
	0xff,0xff,0xff,0x00,0xff,0xff,0xff,0x00,0xff,0xff,0xff,0x00,0xff,0xff,0xff,0x00,
	0xff,0xff,0xff,0x00,0xff,0xff,0xff,0x00,0xff,0xff,0xff,0x00,0xff,0xff,0xff,0x00,
	0xff,0xff,0xff,0x00,0xff,0xff,0xff,0x00,0xff,0xff,0xff,0x00,0xff,0xff,0xff,0x00,
	0xff,0xff,0xff,0xff,0x00,0x00,0xc3,0xff,0x00,0x00,0xc3,0xff,0x00,0x00,0xc3,0xff,
	0xff,0xff,0xff,0x00,0xff,0xff,0xff,0x00,0xff,0xff,0xff,0x00,0xff,0xff,0xff,0x00,
	0x00,0x00,0xc3,0xff,0x00,0x00,0xc3,0xff,0x00,0x00,0xc3,0xff,0xff,0xff,0xff,0xff,
	0xff,0xff,0xff,0x00,0xff,0xff,0xff,0x00,0xff,0xff,0xff,0x00,0xff,0xff,0xff,0x00,
	0xff,0xff,0xff,0x00,0xff,0xff,0xff,0x00,0xff,0xff,0xff,0x00,0x00,0x00,0xc3,0xff,
	0x00,0x00,0xc3,0xff,0x00,0x00,0xc3,0xff,0x00,0x00,0xc3,0xff,0x00,0x00,0xc3,0xff,
	0x00,0x00,0xc3,0xff,0x00,0x00,0xc3,0xff,0x00,0x00,0xc3,0xff,0x00,0x00,0xc3,0xff,
	0x00,0x00,0xc3,0xff,0x00,0x00,0xc3,0xff,0x00,0x00,0xc3,0xff,0x00,0x00,0xc3,0xff,
	0x00,0x00,0xc3,0xff,0xff,0xff,0xff,0x00,0xff,0xff,0xff,0x00,0xff,0xff,0xff,0x00,
	0xff,0xff,0xff,0x00,0xff,0xff,0xff,0x00,0xff,0xff,0xff,0x00,0x00,0x00,0xc3,0xff,
	0x00,0x00,0xc3,0xff,0x00,0x00,0xc3,0xff,0x00,0x00,0xc3,0xff,0x00,0x00,0xc3,0xff,
	0x00,0x00,0xc3,0xff,0x00,0x00,0xc3,0xff,0x00,0x00,0xc3,0xff,0x00,0x00,0xc3,0xff,
	0x00,0x00,0xc3,0xff,0x00,0x00,0xc3,0xff,0x00,0x00,0xc3,0xff,0x00,0x00,0xc3,0xff,
	0x00,0x00,0xc3,0xff,0xff,0xff,0xff,0x00,0xff,0xff,0xff,0x00,0xff,0xff,0xff,0x00,
	0xff,0xff,0xff,0x00,0xff,0xff,0xff,0x00,0xff,0xff,0xff,0x00,0xff,0xff,0xff,0xff,
	0xff,0xff,0xff,0xff,0xff,0xff,0xff,0xff,0xff,0xff,0xff,0xff,0xff,0xff,0xff,0xff,
	0xff,0xff,0xff,0xff,0xff,0xff,0xff,0xff,0xff,0xff,0xff,0xff,0xff,0xff,0xff,0xff,
	0xff,0xff,0xff,0xff,0xff,0xff,0xff,0xff,0xff,0xff,0xff,0xff,0xff,0xff,0xff,0xff,
	0xff,0xff,0xff,0xff,0xff,0xff,0xff,0x00,0xff,0xff,0xff,0x00,0xff,0xff,0xff,0x00,
	0xff,0xff,0xff,0x00,0xff,0xff,0xff,0x00,0xff,0xff,0xff,0x00,0xff,0xff,0xff,0xff,
	0xff,0xff,0xff,0xff,0xff,0xff,0xff,0xff,0xff,0xff,0xff,0xff,0xff,0xff,0xff,0xff,
	0xff,0xff,0xff,0xff,0xff,0xff,0xff,0xff,0xff,0xff,0xff,0xff,0xff,0xff,0xff,0xff,
	0xff,0xff,0xff,0xff,0xff,0xff,0xff,0xff,0xff,0xff,0xff,0xff,0xff,0xff,0xff,0xff,
	0xff,0xff,0xff,0xff,0xff,0xff,0xff,0x00,0xff,0xff,0xff,0x00,0xff,0xff,0xff,0x00,
	0xff,0xff,0xff,0x00,0xff,0xff,0xff,0x00,0xff,0xff,0xff,0x00,0xff,0xff,0xff,0x00,
	0xff,0xff,0xff,0x00,0xff,0xff,0xff,0x00,0xff,0xff,0xff,0x00,0xff,0xff,0xff,0x00,
	0xff,0xff,0xff,0x00,0xff,0xff,0xff,0x00,0xf9,0xbc,0x54,0xff,0xf9,0xbc,0x54,0xff,
	0xff,0xff,0xff,0x00,0xff,0xff,0xff,0x00,0xf9,0xbc,0x54,0xff,0xf9,0xbc,0x54,0xff,
	0xff,0xff,0xff,0x00,0xff,0xff,0xff,0x00,0xff,0xff,0xff,0x00,0xff,0xff,0xff,0x00,
	0xff,0xff,0xff,0x00,0xff,0xff,0xff,0x00,0x00,0xdc,0x00,0xff,0x00,0xdc,0x00,0xff,
	0x00,0xdc,0x00,0xff,0x00,0xdc,0x00,0xff,0x00,0xdc,0x00,0xff,0x00,0xdc,0x00,0xff,
	0x00,0xdc,0x00,0xff,0x00,0xdc,0x00,0xff,0x00,0xdc,0x00,0xff,0x00,0xdc,0x00,0xff,
	0xff,0x00,0x00,0xff,0xff,0x00,0x00,0xff,0xff,0x00,0x00,0xff,0xff,0xff,0xff,0x00,
	0xff,0xff,0xff,0x00,0xff,0xff,0xff,0x00,0xff,0xff,0xff,0x00,0xff,0xff,0xff,0x00,
	0xff,0xff,0xff,0x00,0xff,0xff,0xff,0x00,0xff,0xff,0xff,0x00,0xff,0xff,0xff,0x00,
	0xff,0xff,0xff,0x00,0xff,0xff,0xff,0x00,0xff,0xff,0xff,0x00,0xf9,0xbc,0x54,0xff,
	0xf9,0xbc,0x54,0xff,0xf9,0xbc,0x54,0xff,0xf9,0xbc,0x54,0xff,0xf9,0xbc,0x54,0xff,
	0x00,0xff,0x00,0xff,0x00,0xff,0x00,0xff,0x00,0xff,0x00,0xff,0x00,0xff,0x00,0xff,
	0xff,0xff,0xff,0x00,0xff,0xff,0xff,0x00,0xff,0xff,0xff,0x00,0xff,0xff,0xff,0x00,
	0xff,0xff,0xff,0x00,0xff,0xff,0xff,0x00,0xff,0xff,0xff,0x00,0xff,0x00,0x00,0xff,
	0xff,0x00,0x00,0xff,0xff,0x00,0x00,0xff,0xff,0x00,0x00,0xff,0xff,0x00,0x00,0xff,
	0xff,0x00,0x00,0xff,0xff,0x00,0x00,0xff,0xf9,0xbc,0x54,0xff,0xf9,0xbc,0x54,0xff,
	0xff,0x00,0x00,0xff,0xff,0x00,0x00,0xff,0xff,0x00,0x00,0xff,0xff,0x00,0x00,0xff,
	0xff,0x00,0x00,0xff,0xff,0x00,0x00,0xff,0xff,0xff,0xff,0x00,0xff,0xff,0xff,0x00,
	0xff,0xff,0xff,0x00,0xff,0xff,0xff,0x00,0xff,0xff,0xff,0x00,0xff,0xff,0xff,0x00,
	0xff,0xff,0xff,0x00,0xff,0xff,0xff,0x00,0xff,0xff,0xff,0x00,0xff,0xff,0xff,0x00,
	0xff,0xff,0xff,0x00,0x54,0xc3,0xe3,0xff,0x54,0xc3,0xe3,0xff,0xff,0xff,0xff,0x00,
	0xff,0xff,0xff,0x00,0xff,0xff,0xff,0x00,0xff,0xff,0xff,0x00,0xff,0xff,0xff,0x00,
	0xff,0xff,0xff,0x00,0xff,0xff,0xff,0x00,0xff,0xff,0xff,0x00,0xff,0xff,0xff,0x00,
	0xff,0xff,0xff,0x00,0xff,0xff,0xff,0x00,0xff,0xff,0xff,0x00,0xff,0xff,0xff,0x00,
	0xff,0xff,0xff,0x00,0xff,0xff,0xff,0x00,0xff,0xff,0xff,0x00,0xff,0xff,0xff,0x00,
	0xff,0xff,0xff,0x00,0xff,0x00,0x00,0xff,0xff,0x00,0x00,0xff,0xff,0xff,0xff,0x00,
	0xff,0xff,0xff,0x00,0xff,0xff,0xff,0x00,0xff,0xff,0xff,0x00,0xff,0xff,0xff,0x00,
	0xff,0xff,0xff,0x00,0xff,0xff,0xff,0x00,0xff,0xff,0xff,0x00,0xff,0xff,0xff,0x00,
	0xff,0xff,0xff,0x00,0xff,0xff,0xff,0x00,0xff,0xff,0xff,0x00,0xff,0xff,0xff,0x00,
	0xff,0xff,0x00,0xff,0xff,0xff,0x00,0xff,0xff,0xff,0x00,0xff,0xff,0xff,0x00,0xff,
	0xff,0xff,0x00,0xff,0xff,0xff,0x00,0xff,0xff,0xff,0x00,0xff,0xff,0xff,0x00,0xff,
	0xff,0xff,0x00,0xff,0xff,0xff,0x00,0xff,0xff,0xff,0x00,0xff,0xff,0xff,0xff,0x00,
	0xff,0xff,0xff,0x00,0xff,0xff,0xff,0x00,0xff,0xff,0xff,0x00,0xff,0xff,0xff,0x00,
	0xff,0xff,0xff,0x00,0xff,0xff,0xff,0x00,0xff,0xff,0xff,0x00,0xff,0xff,0xff,0x00,
	0xff,0xff,0xff,0x00,0x54,0xc3,0xe3,0xff,0x54,0xc3,0xe3,0xff,0x54,0xc3,0xe3,0xff,
	0x54,0xc3,0xe3,0xff,0x54,0xc3,0xe3,0xff,0x54,0xc3,0xe3,0xff,0x54,0xc3,0xe3,0xff,
	0x54,0xc3,0xe3,0xff,0x54,0xc3,0xe3,0xff,0x54,0xc3,0xe3,0xff,0xff,0xff,0xff,0x00,
	0xff,0xff,0xff,0x00,0xff,0xff,0xff,0x00,0xff,0xff,0xff,0x00,0xff,0xff,0xff,0x00,
	0xff,0xff,0xff,0x00,0xff,0xff,0xff,0x00,0xff,0xff,0xff,0x00,0xff,0xff,0xff,0x00,
	0xff,0xff,0xff,0x00,0xff,0xff,0xff,0x00,0xff,0xff,0xff,0x00,0xff,0xff,0xff,0x00,
	0xff,0xff,0xff,0x00,0xff,0xff,0xff,0x00,0xff,0xff,0xff,0x00,0xff,0xff,0xff,0x00,
	0xff,0xff,0xff,0x00,0xff,0xff,0xff,0x00,0xff,0xff,0xff,0x00,0xff,0xff,0xff,0x00,
	0xff,0xff,0xff,0x00,0xff,0xff,0xff,0x00,0xff,0xff,0xff,0x00,0xff,0xff,0xff,0x00,
	0xff,0xff,0xff,0x00,0xff,0xff,0xff,0x00,0xff,0xff,0xff,0x00,0xff,0xff,0xff,0x00,
	0xff,0xff,0xff,0x00,0xff,0xff,0xff,0x00,0xff,0xff,0xff,0x00,0xff,0xff,0xff,0x00,
	0xff,0xff,0xff,0x00,0xff,0xff,0xff,0x00,0xff,0xff,0xff,0x00,0xff,0xff,0xff,0x00,
	0xff,0xff,0xff,0x00,0xff,0xff,0xff,0x00,0xff,0xff,0xff,0x00,0xff,0xff,0xff,0x00,
	0xff,0xff,0xff,0x00,0xff,0xff,0xff,0x00,0xff,0xff,0xff,0x00,0xff,0xff,0xff,0x00,
	0xff,0xff,0xff,0x00,0xff,0xff,0xff,0x00,0xff,0xff,0xff,0x00,0xff,0xff,0xff,0x00,
	0xff,0xff,0xff,0x00,0xff,0xff,0xff,0x00,0xff,0xff,0xff,0x00,0xff,0xff,0xff,0x00,
	0xff,0xff,0xff,0x00,0xff,0xff,0xff,0x00,0xff,0xff,0xff,0x00,0xff,0xff,0xff,0x00,
	0xff,0xff,0xff,0x00,0xff,0xff,0xff,0x00,0xff,0xff,0xff,0x00,0xff,0xff,0xff,0x00,
	0xff,0xff,0xff,0x00,0xff,0xff,0xff,0x00,0xff,0xff,0xff,0x00,0xff,0xff,0xff,0x00,
	0xff,0xff,0xff,0x00,0xff,0xff,0xff,0x00,0xff,0xff,0xff,0x00,0xff,0xff,0xff,0x00,
	0xff,0xff,0xff,0x00,0xff,0xff,0xff,0x00,0xff,0xff,0xff,0x00,0xff,0xff,0xff,0x00,
	0xff,0xff,0xff,0x00,0xff,0xff,0xff,0x00,0xff,0xff,0xff,0x00,0xff,0xff,0xff,0x00,
	0xff,0xff,0xff,0x00,0xff,0xff,0xff,0x00,0xff,0xff,0xff,0x00,0xff,0xff,0xff,0x00,
	0xff,0xff,0xff,0x00,0xff,0xff,0xff,0x00,0xff,0xff,0xff,0x00,0xff,0xff,0xff,0x00,
	0xff,0xff,0xff,0x00,0xff,0xff,0xff,0x00,0xff,0xff,0xff,0x00,0xff,0xff,0xff,0x00,
	0xff,0xff,0xff,0x00,0xff,0xff,0xff,0x00,0xff,0xff,0xff,0x00,0xff,0xff,0xff,0x00,
	0xff,0xff,0xff,0x00,0xff,0xff,0xff,0x00,0xff,0xff,0xff,0x00,0xff,0xff,0xff,0x00,
	0xff,0xff,0xff,0x00,0xff,0xff,0xff,0x00,0xff,0xff,0xff,0x00,0xff,0xff,0xff,0x00,
	0xff,0xff,0xff,0x00,0xff,0xff,0xff,0x00,0xff,0xff,0xff,0x00,0xff,0xff,0xff,0x00,
	0xff,0xff,0xff,0x00,0xff,0xff,0xff,0x00,0xff,0xff,0x00,0xff,0xff,0xff,0x00,0xff,
	0xff,0xff,0x00,0xff,0xff,0xff,0x00,0xff,0xff,0xff,0x00,0xff,0xff,0xff,0x00,0xff,
	0xff,0xff,0x00,0xff,0xff,0xff,0x00,0xff,0xff,0xff,0x00,0xff,0xff,0xff,0x00,0xff,
	0xff,0xff,0x00,0xff,0xff,0xff,0x00,0xff,0xff,0xff,0x00,0xff,0xff,0xff,0x00,0xff,
	0xff,0xff,0x00,0xff,0xff,0xff,0x00,0xff,0xff,0xff,0xff,0x00,0xff,0xff,0xff,0x00,
	0xff,0xff,0xff,0x00,0xff,0xff,0xff,0x00,0xff,0xff,0x00,0xff,0xff,0xff,0x00,0xff,
	0xff,0xff,0x00,0xff,0xff,0xff,0x00,0xff,0xff,0xff,0x00,0xff,0xff,0xff,0x00,0xff,
	0xff,0xff,0x00,0xff,0xff,0xff,0x00,0xff,0xff,0xff,0x00,0xff,0xff,0xff,0x00,0xff,
	0xff,0xff,0x00,0xff,0xff,0xff,0x00,0xff,0xff,0xff,0x00,0xff,0xff,0xff,0x00,0xff,
	0xff,0xff,0x00,0xff,0xff,0xff,0x00,0xff,0xff,0xff,0xff,0x00,0xff,0xff,0xff,0x00,
	0xff,0xff,0xff,0x00,0xff,0xff,0xff,0x00,0xff,0xff,0xff,0x00,0xff,0xff,0xff,0x00,
	0xff,0xff,0xff,0x00,0xff,0xff,0xff,0x00,0xff,0xff,0xff,0x00,0xff,0xff,0x00,0xff,
	0xff,0xff,0x00,0xff,0xff,0xff,0x00,0xff,0xff,0xff,0x00,0xff,0xff,0xff,0x00,0xff,
	0xff,0xff,0x00,0xff,0xff,0xff,0x00,0xff,0xff,0xff,0x00,0xff,0xff,0xff,0x00,0xff,
	0xff,0xff,0x00,0xff,0xff,0xff,0x00,0xff,0xff,0xff,0xff,0x00,0xff,0xff,0xff,0x00,
	0xff,0xff,0xff,0x00,0xff,0xff,0xff,0x00,0xff,0xff,0x00,0xff,0xff,0xff,0x00,0xff,
	0xff,0xff,0x00,0xff,0xff,0xff,0x00,0xff,0xff,0xff,0x00,0xff,0xff,0xff,0x00,0xff,
	0xff,0xff,0x00,0xff,0xff,0xff,0x00,0xff,0xff,0xff,0x00,0xff,0xff,0xff,0x00,0xff,
	0xff,0xff,0x00,0xff,0xff,0xff,0x00,0xff,0xff,0xff,0x00,0xff,0xff,0xff,0x00,0xff,
	0xff,0xff,0x00,0xff,0xff,0xff,0x00,0xff,0xff,0xff,0xff,0x00,0xff,0xff,0xff,0x00,
	0xff,0xff,0xff,0x00,0xff,0xff,0xff,0x00,0xff,0xff,0x00,0xff,0xff,0xff,0x00,0xff,
	0xff,0xff,0x00,0xff,0xff,0xff,0x00,0xff,0xff,0xff,0x00,0xff,0xff,0xff,0x00,0xff,
	0xff,0xff,0x00,0xff,0xff,0xff,0x00,0xff,0xff,0xff,0x00,0xff,0xff,0xff,0x00,0xff,
	0xff,0xff,0x00,0xff,0xff,0xff,0x00,0xff,0xff,0xff,0x00,0xff,0xff,0xff,0x00,0xff,
	0xff,0xff,0x00,0xff,0xff,0xff,0x00,0xff,0xff,0xff,0xff,0x00,0xff,0xff,0xff,0x00,
	0xff,0xff,0xff,0x00,0xff,0xff,0xff,0x00,0xff,0xff,0x00,0xff,0xff,0xff,0x00,0xff,
	0xff,0xff,0x00,0xff,0xff,0xff,0x00,0xff,0xff,0xff,0x00,0xff,0xff,0xff,0x00,0xff,
	0xff,0xff,0x00,0xff,0xff,0xff,0x00,0xff,0xff,0xff,0x00,0xff,0xff,0xff,0x00,0xff,
	0xff,0xff,0x00,0xff,0xff,0xff,0x00,0xff,0xff,0xff,0x00,0xff,0xff,0xff,0x00,0xff,
	0xff,0xff,0x00,0xff,0xff,0xff,0x00,0xff,0xff,0xff,0xff,0x00,0xff,0xff,0xff,0x00,
	0xff,0xff,0xff,0x00,0xff,0xff,0xff,0x00,0xff,0xff,0x00,0xff,0xff,0xff,0x00,0xff,
	0xff,0xff,0x00,0xff,0xff,0xff,0x00,0xff,0xff,0xff,0x00,0xff,0xff,0xff,0x00,0xff,
	0xff,0xff,0x00,0xff,0xff,0xff,0x00,0xff,0xff,0xff,0x00,0xff,0xff,0xff,0x00,0xff,
	0xff,0xff,0x00,0xff,0xff,0xff,0xff,0x00,0xff,0xff,0xff,0x00,0xff,0xff,0xff,0x00,
	0xff,0xff,0xff,0x00,0xff,0xff,0xff,0x00,0xff,0xff,0xff,0x00,0xff,0xff,0xff,0x00,
	0xff,0xff,0xff,0x00,0xff,0xff,0xff,0x00,0xff,0xff,0x00,0xff,0xff,0xff,0x00,0xff,
	0xff,0xff,0x00,0xff,0xff,0xff,0x00,0xff,0xff,0xff,0x00,0xff,0xff,0xff,0x00,0xff,
	0xff,0xff,0xff,0x00,0xff,0xff,0xff,0x00,0xff,0xff,0xff,0x00,0xff,0xff,0xff,0x00,
	0xff,0xff,0x00,0xff,0xff,0xff,0x00,0xff,0xff,0xff,0x00,0xff,0xff,0xff,0x00,0xff,
	0xff,0xff,0x00,0xff,0xff,0xff,0x00,0xff,0xff,0xff,0xff,0x00,0xff,0xff,0xff,0x00,
	0xff,0xff,0xff,0x00,0xff,0xff,0xff,0x00,0xff,0xff,0x00,0xff,0xff,0xff,0x00,0xff,
	0xff,0xff,0xff,0x00,0xff,0xff,0xff,0x00,0xff,0xff,0xff,0x00,0xff,0xff,0xff,0x00,
	0xff,0xff,0xff,0x00,0xff,0xff,0xff,0x00,0xff,0xff,0xff,0x00,0xff,0xff,0xff,0x00,
	0xff,0xff,0xff,0x00,0xff,0xff,0xff,0x00,0xff,0xff,0xff,0x00,0xff,0xff,0xff,0x00,
	0xff,0xff,0x00,0xff,0xff,0xff,0x00,0xff,0xff,0xff,0xff,0x00,0xff,0xff,0xff,0x00,
	0xff,0xff,0xff,0x00,0xff,0xff,0xff,0x00,0xff,0xff,0xff,0x00,0xff,0xff,0xff,0x00,
	0xff,0xff,0xff,0x00,0xff,0xff,0xff,0x00,0xff,0xff,0xff,0x00,0xff,0xff,0xff,0x00,
	0xff,0xff,0xff,0x00,0xff,0xff,0xff,0x00,0xff,0xff,0xff,0x00,0xff,0xff,0xff,0x00,
	0xff,0xff,0xff,0x00,0xff,0xff,0xff,0x00,0xff,0xff,0xff,0x00,0xff,0xff,0xff,0x00,
	0xff,0xff,0xff,0x00,0xff,0xff,0xff,0x00,0xff,0xff,0xff,0x00,0xff,0xff,0xff,0x00,
	0xff,0xff,0xff,0x00,0xff,0xff,0xff,0x00,0xff,0xff,0xff,0x00,0xff,0xff,0xff,0x00,
	0xff,0xff,0xff,0x00,0xff,0xff,0xff,0x00,0xff,0xff,0xff,0x00,0xff,0xff,0xff,0x00,
	0xff,0xff,0xff,0x00,0xff,0xff,0xff,0x00,0xff,0xff,0xff,0x00,0xff,0xff,0xff,0x00,
	0xff,0xff,0xff,0x00,0xff,0xff,0xff,0x00,0xff,0xff,0xff,0x00,0xff,0xff,0xff,0x00,
	0xff,0xff,0xff,0x00,0xff,0xff,0xff,0x00,0xff,0xff,0xff,0x00,0xff,0xff,0xff,0x00,
	0xff,0xff,0xff,0x00,0xff,0xff,0xff,0x00,0xff,0xff,0xff,0x00,0xff,0xff,0xff,0x00,
	0xff,0xff,0xff,0x00,0xff,0xff,0xff,0x00,0xff,0xff,0xff,0x00,0xff,0xff,0xff,0x00,
	0xff,0xff,0xff,0x00,0xff,0xff,0xff,0x00,0xff,0xff,0xff,0x00,0xff,0xff,0xff,0x00,
	0xff,0xff,0xff,0x00,0xff,0xff,0xff,0x00,0xff,0xff,0xff,0x00,0xff,0xff,0xff,0x00,
	0xff,0xff,0xff,0x00,0xff,0xff,0xff,0x00,0xff,0xff,0xff,0x00,0xff,0xff,0xff,0x00,
	0xff,0xff,0xff,0x00,0xff,0xff,0xff,0x00,0xff,0xff,0xff,0x00,0xff,0xff,0xff,0x00,
	0xff,0xff,0xff,0x00,0xff,0xff,0xff,0x00,0xff,0xff,0xff,0x00,0xff,0xff,0xff,0x00,
	0xff,0xff,0xff,0x00,0xff,0xff,0xff,0x00,0xff,0xff,0xff,0x00,0xff,0xff,0xff,0x00,
	0xff,0xff,0xff,0x00,0xff,0xff,0xff,0x00,0xff,0xff,0xff,0x00,0xff,0xff,0xff,0x00,
	0xff,0xff,0xff,0x00,0xff,0xff,0xff,0x00,0xff,0xff,0xff,0x00,0xff,0xff,0xff,0x00,
	0xff,0xff,0xff,0x00,0xff,0xff,0xff,0x00,0xff,0xff,0xff,0x00,0xff,0xff,0xff,0x00,
	0xff,0xff,0xff,0x00,0xff,0xff,0xff,0x00,0xff,0xff,0xff,0x00,0xff,0xff,0xff,0x00,
	0xff,0xff,0xff,0x00,0xff,0xff,0xff,0x00,0xff,0xff,0xff,0x00,0xff,0xff,0xff,0x00,
	0xff,0xff,0xff,0x00,0xff,0xff,0xff,0x00,0xff,0xff,0xff,0x00,0xff,0xff,0xff,0x00,
	0xff,0xff,0xff,0x00,0xff,0xff,0xff,0x00,0xff,0xff,0xff,0x00,0xff,0xff,0xff,0x00,
	0xff,0xff,0xff,0x00,0xff,0xff,0xff,0x00,0xff,0xff,0xff,0x00,0xff,0xff,0xff,0x00,
	0xff,0xff,0xff,0x00,0xff,0xff,0xff,0x00,0xff,0xff,0xff,0x00,0xff,0xff,0xff,0x00,
	0xff,0xff,0xff,0x00,0xff,0xff,0x00,0xff,0xff,0xff,0xff,0x00,0xff,0xff,0xff,0x00,
	0xff,0xff,0xff,0x00,0xff,0xff,0xff,0x00,0xff,0xff,0xff,0x00,0xff,0xff,0xff,0x00,
	0xff,0xff,0xff,0x00,0xff,0xff,0xff,0x00,0xff,0xff,0xff,0x00,0xff,0xff,0xff,0x00,
	0xff,0xff,0xff,0x00,0xff,0xff,0xff,0x00,0xff,0x00,0x00,0xff,0xff,0x00,0x00,0xff,
	0xff,0xff,0xff,0xff,0xff,0xff,0xff,0xff,0xff,0x00,0x00,0xff,0xff,0x00,0x00,0xff,
	0xff,0x00,0x00,0xff,0xff,0x00,0x00,0xff,0xff,0x00,0x00,0xff,0xff,0x00,0x00,0xff,
	0xff,0xff,0xff,0xff,0xff,0xff,0xff,0xff,0xff,0x00,0x00,0xff,0xff,0x00,0x00,0xff,
	0xff,0x00,0x00,0xff,0xff,0x00,0x00,0xff,0xff,0xff,0xff,0x00,0xff,0xff,0xff,0x00,
	0xff,0xff,0xff,0x00,0xff,0xff,0xff,0x00,0xff,0x00,0x00,0xff,0xff,0x00,0x00,0xff,
	0xff,0xff,0xff,0xff,0xff,0xff,0xff,0xff,0xff,0x00,0x00,0xff,0xff,0x00,0x00,0xff,
	0xff,0x00,0x00,0xff,0xff,0x00,0x00,0xff,0xff,0x00,0x00,0xff,0xff,0x00,0x00,0xff,
	0xff,0xff,0xff,0xff,0xff,0xff,0xff,0xff,0xff,0x00,0x00,0xff,0xff,0x00,0x00,0xff,
	0xff,0x00,0x00,0xff,0xff,0x00,0x00,0xff,0xff,0xff,0xff,0x00,0xff,0xff,0xff,0x00,
	0xff,0xff,0xff,0x00,0xff,0xff,0xff,0x00,0xff,0x00,0x00,0xff,0xff,0x00,0x00,0xff,
	0xff,0x00,0x00,0xff,0xff,0x00,0x00,0xff,0xff,0x00,0x00,0xff,0xff,0x00,0x00,0xff,
	0xff,0x00,0x00,0xff,0xff,0x00,0x00,0xff,0xff,0x00,0x00,0xff,0xff,0x00,0x00,0xff,
	0xff,0x00,0x00,0xff,0xff,0x00,0x00,0xff,0xff,0x00,0x00,0xff,0xff,0x00,0x00,0xff,
	0xff,0x00,0x00,0xff,0xff,0x00,0x00,0xff,0xff,0xff,0xff,0x00,0xff,0xff,0xff,0x00,
	0xff,0xff,0xff,0x00,0xff,0xff,0xff,0x00,0xff,0x00,0x00,0xff,0xff,0x00,0x00,0xff,
	0xff,0x00,0x00,0xff,0xff,0x00,0x00,0xff,0xff,0x00,0x00,0xff,0xff,0x00,0x00,0xff,
	0xff,0x00,0x00,0xff,0xff,0x00,0x00,0xff,0xff,0x00,0x00,0xff,0xff,0x00,0x00,0xff,
	0xff,0x00,0x00,0xff,0xff,0x00,0x00,0xff,0xff,0x00,0x00,0xff,0xff,0x00,0x00,0xff,
	0xff,0x00,0x00,0xff,0xff,0x00,0x00,0xff,0xff,0xff,0xff,0x00,0xff,0xff,0xff,0x00,
	0xff,0xff,0xff,0x00,0xff,0xff,0xff,0x00,0xff,0x00,0x00,0xff,0xff,0x00,0x00,0xff,
	0xff,0x00,0x00,0xff,0xff,0x00,0x00,0xff,0xff,0xff,0xff,0xff,0xff,0xff,0xff,0xff,
	0xff,0x00,0x00,0xff,0xff,0x00,0x00,0xff,0xff,0x00,0x00,0xff,0xff,0x00,0x00,0xff,
	0xff,0x00,0x00,0xff,0xff,0x00,0x00,0xff,0xff,0xff,0xff,0xff,0xff,0xff,0xff,0xff,
	0xff,0x00,0x00,0xff,0xff,0x00,0x00,0xff,0xff,0xff,0xff,0x00,0xff,0xff,0xff,0x00,
	0xff,0xff,0xff,0x00,0xff,0xff,0xff,0x00,0xff,0x00,0x00,0xff,0xff,0x00,0x00,0xff,
	0xff,0x00,0x00,0xff,0xff,0x00,0x00,0xff,0xff,0xff,0xff,0xff,0xff,0xff,0xff,0xff,
	0xff,0x00,0x00,0xff,0xff,0x00,0x00,0xff,0xff,0x00,0x00,0xff,0xff,0x00,0x00,0xff,
	0xff,0x00,0x00,0xff,0xff,0x00,0x00,0xff,0xff,0xff,0xff,0xff,0xff,0xff,0xff,0xff,
	0xff,0x00,0x00,0xff,0xff,0x00,0x00,0xff,0xff,0xff,0xff,0x00,0xff,0xff,0xff,0x00,
	0xff,0xff,0xff,0x00,0xff,0xff,0xff,0x00,0xff,0x00,0x00,0xff,0xff,0xff,0xff,0xff,
	0xff,0xff,0xff,0xff,0x00,0x00,0xc3,0xff,0x00,0x00,0xc3,0xff,0x00,0x00,0xc3,0xff,
	0xff,0xff,0xff,0xff,0xff,0x00,0x00,0xff,0xff,0x00,0x00,0xff,0xff,0xff,0xff,0xff,
	0x00,0x00,0xc3,0xff,0x00,0x00,0xc3,0xff,0x00,0x00,0xc3,0xff,0xff,0xff,0xff,0xff,
	0xff,0xff,0xff,0xff,0xff,0x00,0x00,0xff,0xff,0xff,0xff,0x00,0xff,0xff,0xff,0x00,
	0xff,0xff,0xff,0x00,0xff,0xff,0xff,0x00,0xff,0x00,0x00,0xff,0xff,0xff,0xff,0xff,
	0xff,0xff,0xff,0xff,0x00,0x00,0xc3,0xff,0x00,0x00,0xc3,0xff,0x00,0x00,0xc3,0xff,
	0xff,0xff,0xff,0xff,0xff,0x00,0x00,0xff,0xff,0x00,0x00,0xff,0xff,0xff,0xff,0xff,
	0x00,0x00,0xc3,0xff,0x00,0x00,0xc3,0xff,0x00,0x00,0xc3,0xff,0xff,0xff,0xff,0xff,
	0xff,0xff,0xff,0xff,0xff,0x00,0x00,0xff,0xff,0xff,0xff,0x00,0xff,0xff,0xff,0x00,
	0xff,0xff,0xff,0x00,0xff,0xff,0xff,0x00,0xff,0xa6,0xc3,0xff,0xff,0xa6,0xc3,0xff,
	0xff,0xff,0xff,0xff,0xff,0xff,0xff,0xff,0xff,0xa6,0xc3,0xff,0xff,0xa6,0xc3,0xff,
	0xff,0xa6,0xc3,0xff,0xff,0xa6,0xc3,0xff,0xff,0xa6,0xc3,0xff,0xff,0xa6,0xc3,0xff,
	0xff,0xff,0xff,0xff,0xff,0xff,0xff,0xff,0xff,0xa6,0xc3,0xff,0xff,0xa6,0xc3,0xff,
	0xff,0xa6,0xc3,0xff,0xff,0xa6,0xc3,0xff,0xff,0xff,0xff,0x00,0xff,0xff,0xff,0x00,
	0xff,0xff,0xff,0x00,0xff,0xff,0xff,0x00,0xff,0xa6,0xc3,0xff,0xff,0xa6,0xc3,0xff,
	0xff,0xff,0xff,0xff,0xff,0xff,0xff,0xff,0xff,0xa6,0xc3,0xff,0xff,0xa6,0xc3,0xff,
	0xff,0xa6,0xc3,0xff,0xff,0xa6,0xc3,0xff,0xff,0xa6,0xc3,0xff,0xff,0xa6,0xc3,0xff,
	0xff,0xff,0xff,0xff,0xff,0xff,0xff,0xff,0xff,0xa6,0xc3,0xff,0xff,0xa6,0xc3,0xff,
	0xff,0xa6,0xc3,0xff,0xff,0xa6,0xc3,0xff,0xff,0xff,0xff,0x00,0xff,0xff,0xff,0x00,
	0xff,0xff,0xff,0x00,0xff,0xff,0xff,0x00,0xff,0xa6,0xc3,0xff,0xff,0xa6,0xc3,0xff,
	0xff,0xa6,0xc3,0xff,0xff,0xa6,0xc3,0xff,0xff,0xa6,0xc3,0xff,0xff,0xa6,0xc3,0xff,
	0xff,0xa6,0xc3,0xff,0xff,0xa6,0xc3,0xff,0xff,0xa6,0xc3,0xff,0xff,0xa6,0xc3,0xff,
	0xff,0xa6,0xc3,0xff,0xff,0xa6,0xc3,0xff,0xff,0xa6,0xc3,0xff,0xff,0xa6,0xc3,0xff,
	0xff,0xa6,0xc3,0xff,0xff,0xa6,0xc3,0xff,0xff,0xff,0xff,0x00,0xff,0xff,0xff,0x00,
	0xff,0xff,0xff,0x00,0xff,0xff,0xff,0x00,0xff,0xa6,0xc3,0xff,0xff,0xa6,0xc3,0xff,
	0xff,0xa6,0xc3,0xff,0xff,0xa6,0xc3,0xff,0xff,0xa6,0xc3,0xff,0xff,0xa6,0xc3,0xff,
	0xff,0xa6,0xc3,0xff,0xff,0xa6,0xc3,0xff,0xff,0xa6,0xc3,0xff,0xff,0xa6,0xc3,0xff,
	0xff,0xa6,0xc3,0xff,0xff,0xa6,0xc3,0xff,0xff,0xa6,0xc3,0xff,0xff,0xa6,0xc3,0xff,
	0xff,0xa6,0xc3,0xff,0xff,0xa6,0xc3,0xff,0xff,0xff,0xff,0x00,0xff,0xff,0xff,0x00,
	0xff,0xff,0xff,0x00,0xff,0xff,0xff,0x00,0xff,0xa6,0xc3,0xff,0xff,0xa6,0xc3,0xff,
	0xff,0xa6,0xc3,0xff,0xff,0xa6,0xc3,0xff,0xff,0xff,0xff,0xff,0xff,0xff,0xff,0xff,
	0xff,0xa6,0xc3,0xff,0xff,0xa6,0xc3,0xff,0xff,0xa6,0xc3,0xff,0xff,0xa6,0xc3,0xff,
	0xff,0xa6,0xc3,0xff,0xff,0xa6,0xc3,0xff,0xff,0xff,0xff,0xff,0xff,0xff,0xff,0xff,
	0xff,0xa6,0xc3,0xff,0xff,0xa6,0xc3,0xff,0xff,0xff,0xff,0x00,0xff,0xff,0xff,0x00,
	0xff,0xff,0xff,0x00,0xff,0xff,0xff,0x00,0xff,0xa6,0xc3,0xff,0xff,0xa6,0xc3,0xff,
	0xff,0xa6,0xc3,0xff,0xff,0xa6,0xc3,0xff,0xff,0xff,0xff,0xff,0xff,0xff,0xff,0xff,
	0xff,0xa6,0xc3,0xff,0xff,0xa6,0xc3,0xff,0xff,0xa6,0xc3,0xff,0xff,0xa6,0xc3,0xff,
	0xff,0xa6,0xc3,0xff,0xff,0xa6,0xc3,0xff,0xff,0xff,0xff,0xff,0xff,0xff,0xff,0xff,
	0xff,0xa6,0xc3,0xff,0xff,0xa6,0xc3,0xff,0xff,0xff,0xff,0x00,0xff,0xff,0xff,0x00,
	0xff,0xff,0xff,0x00,0xff,0xff,0xff,0x00,0xff,0xa6,0xc3,0xff,0xff,0xff,0xff,0xff,
	0xff,0xff,0xff,0xff,0x00,0x00,0xc3,0xff,0x00,0x00,0xc3,0xff,0x00,0x00,0xc3,0xff,
	0xff,0xff,0xff,0xff,0xff,0xa6,0xc3,0xff,0xff,0xa6,0xc3,0xff,0xff,0xff,0xff,0xff,
	0x00,0x00,0xc3,0xff,0x00,0x00,0xc3,0xff,0x00,0x00,0xc3,0xff,0xff,0xff,0xff,0xff,
	0xff,0xff,0xff,0xff,0xff,0xa6,0xc3,0xff,0xff,0xff,0xff,0x00,0xff,0xff,0xff,0x00,
	0xff,0xff,0xff,0x00,0xff,0xff,0xff,0x00,0xff,0xa6,0xc3,0xff,0xff,0xff,0xff,0xff,
	0xff,0xff,0xff,0xff,0x00,0x00,0xc3,0xff,0x00,0x00,0xc3,0xff,0x00,0x00,0xc3,0xff,
	0xff,0xff,0xff,0xff,0xff,0xa6,0xc3,0xff,0xff,0xa6,0xc3,0xff,0xff,0xff,0xff,0xff,
	0x00,0x00,0xc3,0xff,0x00,0x00,0xc3,0xff,0x00,0x00,0xc3,0xff,0xff,0xff,0xff,0xff,
	0xff,0xff,0xff,0xff,0xff,0xa6,0xc3,0xff,0xff,0xff,0xff,0x00,0xff,0xff,0xff,0x00,
	0xff,0xff,0xff,0x00,0xff,0xff,0xff,0x00,0x00,0xe6,0xff,0xff,0x00,0xe6,0xff,0xff,
	0xff,0xff,0xff,0xff,0xff,0xff,0xff,0xff,0x00,0xe6,0xff,0xff,0x00,0xe6,0xff,0xff,
	0x00,0xe6,0xff,0xff,0x00,0xe6,0xff,0xff,0x00,0xe6,0xff,0xff,0x00,0xe6,0xff,0xff,
	0xff,0xff,0xff,0xff,0xff,0xff,0xff,0xff,0x00,0xe6,0xff,0xff,0x00,0xe6,0xff,0xff,
	0x00,0xe6,0xff,0xff,0x00,0xe6,0xff,0xff,0xff,0xff,0xff,0x00,0xff,0xff,0xff,0x00,
	0xff,0xff,0xff,0x00,0xff,0xff,0xff,0x00,0x00,0xe6,0xff,0xff,0x00,0xe6,0xff,0xff,
	0xff,0xff,0xff,0xff,0xff,0xff,0xff,0xff,0x00,0xe6,0xff,0xff,0x00,0xe6,0xff,0xff,
	0x00,0xe6,0xff,0xff,0x00,0xe6,0xff,0xff,0x00,0xe6,0xff,0xff,0x00,0xe6,0xff,0xff,
	0xff,0xff,0xff,0xff,0xff,0xff,0xff,0xff,0x00,0xe6,0xff,0xff,0x00,0xe6,0xff,0xff,
	0x00,0xe6,0xff,0xff,0x00,0xe6,0xff,0xff,0xff,0xff,0xff,0x00,0xff,0xff,0xff,0x00,
	0xff,0xff,0xff,0x00,0xff,0xff,0xff,0x00,0x00,0xe6,0xff,0xff,0x00,0xe6,0xff,0xff,
	0x00,0xe6,0xff,0xff,0x00,0xe6,0xff,0xff,0x00,0xe6,0xff,0xff,0x00,0xe6,0xff,0xff,
	0x00,0xe6,0xff,0xff,0x00,0xe6,0xff,0xff,0x00,0xe6,0xff,0xff,0x00,0xe6,0xff,0xff,
	0x00,0xe6,0xff,0xff,0x00,0xe6,0xff,0xff,0x00,0xe6,0xff,0xff,0x00,0xe6,0xff,0xff,
	0x00,0xe6,0xff,0xff,0x00,0xe6,0xff,0xff,0xff,0xff,0xff,0x00,0xff,0xff,0xff,0x00,
	0xff,0xff,0xff,0x00,0xff,0xff,0xff,0x00,0x00,0xe6,0xff,0xff,0x00,0xe6,0xff,0xff,
	0x00,0xe6,0xff,0xff,0x00,0xe6,0xff,0xff,0x00,0xe6,0xff,0xff,0x00,0xe6,0xff,0xff,
	0x00,0xe6,0xff,0xff,0x00,0xe6,0xff,0xff,0x00,0xe6,0xff,0xff,0x00,0xe6,0xff,0xff,
	0x00,0xe6,0xff,0xff,0x00,0xe6,0xff,0xff,0x00,0xe6,0xff,0xff,0x00,0xe6,0xff,0xff,
	0x00,0xe6,0xff,0xff,0x00,0xe6,0xff,0xff,0xff,0xff,0xff,0x00,0xff,0xff,0xff,0x00,
	0xff,0xff,0xff,0x00,0xff,0xff,0xff,0x00,0x00,0xe6,0xff,0xff,0x00,0xe6,0xff,0xff,
	0x00,0xe6,0xff,0xff,0x00,0xe6,0xff,0xff,0xff,0xff,0xff,0xff,0xff,0xff,0xff,0xff,
	0x00,0xe6,0xff,0xff,0x00,0xe6,0xff,0xff,0x00,0xe6,0xff,0xff,0x00,0xe6,0xff,0xff,
	0x00,0xe6,0xff,0xff,0x00,0xe6,0xff,0xff,0xff,0xff,0xff,0xff,0xff,0xff,0xff,0xff,
	0x00,0xe6,0xff,0xff,0x00,0xe6,0xff,0xff,0xff,0xff,0xff,0x00,0xff,0xff,0xff,0x00,
	0xff,0xff,0xff,0x00,0xff,0xff,0xff,0x00,0x00,0xe6,0xff,0xff,0x00,0xe6,0xff,0xff,
	0x00,0xe6,0xff,0xff,0x00,0xe6,0xff,0xff,0xff,0xff,0xff,0xff,0xff,0xff,0xff,0xff,
	0x00,0xe6,0xff,0xff,0x00,0xe6,0xff,0xff,0x00,0xe6,0xff,0xff,0x00,0xe6,0xff,0xff,
	0x00,0xe6,0xff,0xff,0x00,0xe6,0xff,0xff,0xff,0xff,0xff,0xff,0xff,0xff,0xff,0xff,
	0x00,0xe6,0xff,0xff,0x00,0xe6,0xff,0xff,0xff,0xff,0xff,0x00,0xff,0xff,0xff,0x00,
	0xff,0xff,0xff,0x00,0xff,0xff,0xff,0x00,0x00,0xe6,0xff,0xff,0xff,0xff,0xff,0xff,
	0xff,0xff,0xff,0xff,0x00,0x00,0xc3,0xff,0x00,0x00,0xc3,0xff,0x00,0x00,0xc3,0xff,
	0xff,0xff,0xff,0xff,0x00,0xe6,0xff,0xff,0x00,0xe6,0xff,0xff,0xff,0xff,0xff,0xff,
	0x00,0x00,0xc3,0xff,0x00,0x00,0xc3,0xff,0x00,0x00,0xc3,0xff,0xff,0xff,0xff,0xff,
	0xff,0xff,0xff,0xff,0x00,0xe6,0xff,0xff,0xff,0xff,0xff,0x00,0xff,0xff,0xff,0x00,
	0xff,0xff,0xff,0x00,0xff,0xff,0xff,0x00,0x00,0xe6,0xff,0xff,0xff,0xff,0xff,0xff,
	0xff,0xff,0xff,0xff,0x00,0x00,0xc3,0xff,0x00,0x00,0xc3,0xff,0x00,0x00,0xc3,0xff,
	0xff,0xff,0xff,0xff,0x00,0xe6,0xff,0xff,0x00,0xe6,0xff,0xff,0xff,0xff,0xff,0xff,
	0x00,0x00,0xc3,0xff,0x00,0x00,0xc3,0xff,0x00,0x00,0xc3,0xff,0xff,0xff,0xff,0xff,
	0xff,0xff,0xff,0xff,0x00,0xe6,0xff,0xff,0xff,0xff,0xff,0x00,0xff,0xff,0xff,0x00,
	0xff,0xff,0xff,0x00,0xff,0xff,0xff,0x00,0xff,0xa6,0x00,0xff,0xff,0xa6,0x00,0xff,
	0xff,0xff,0xff,0xff,0xff,0xff,0xff,0xff,0xff,0xa6,0x00,0xff,0xff,0xa6,0x00,0xff,
	0xff,0xa6,0x00,0xff,0xff,0xa6,0x00,0xff,0xff,0xa6,0x00,0xff,0xff,0xa6,0x00,0xff,
	0xff,0xff,0xff,0xff,0xff,0xff,0xff,0xff,0xff,0xa6,0x00,0xff,0xff,0xa6,0x00,0xff,
	0xff,0xa6,0x00,0xff,0xff,0xa6,0x00,0xff,0xff,0xff,0xff,0x00,0xff,0xff,0xff,0x00,
	0xff,0xff,0xff,0x00,0xff,0xff,0xff,0x00,0xff,0xa6,0x00,0xff,0xff,0xa6,0x00,0xff,
	0xff,0xff,0xff,0xff,0xff,0xff,0xff,0xff,0xff,0xa6,0x00,0xff,0xff,0xa6,0x00,0xff,
	0xff,0xa6,0x00,0xff,0xff,0xa6,0x00,0xff,0xff,0xa6,0x00,0xff,0xff,0xa6,0x00,0xff,
	0xff,0xff,0xff,0xff,0xff,0xff,0xff,0xff,0xff,0xa6,0x00,0xff,0xff,0xa6,0x00,0xff,
	0xff,0xa6,0x00,0xff,0xff,0xa6,0x00,0xff,0xff,0xff,0xff,0x00,0xff,0xff,0xff,0x00,
	0xff,0xff,0xff,0x00,0xff,0xff,0xff,0x00,0xff,0xa6,0x00,0xff,0xff,0xa6,0x00,0xff,
	0xff,0xa6,0x00,0xff,0xff,0xa6,0x00,0xff,0xff,0xa6,0x00,0xff,0xff,0xa6,0x00,0xff,
	0xff,0xa6,0x00,0xff,0xff,0xa6,0x00,0xff,0xff,0xa6,0x00,0xff,0xff,0xa6,0x00,0xff,
	0xff,0xa6,0x00,0xff,0xff,0xa6,0x00,0xff,0xff,0xa6,0x00,0xff,0xff,0xa6,0x00,0xff,
	0xff,0xa6,0x00,0xff,0xff,0xa6,0x00,0xff,0xff,0xff,0xff,0x00,0xff,0xff,0xff,0x00,
	0xff,0xff,0xff,0x00,0xff,0xff,0xff,0x00,0xff,0xa6,0x00,0xff,0xff,0xa6,0x00,0xff,
	0xff,0xa6,0x00,0xff,0xff,0xa6,0x00,0xff,0xff,0xa6,0x00,0xff,0xff,0xa6,0x00,0xff,
	0xff,0xa6,0x00,0xff,0xff,0xa6,0x00,0xff,0xff,0xa6,0x00,0xff,0xff,0xa6,0x00,0xff,
	0xff,0xa6,0x00,0xff,0xff,0xa6,0x00,0xff,0xff,0xa6,0x00,0xff,0xff,0xa6,0x00,0xff,
	0xff,0xa6,0x00,0xff,0xff,0xa6,0x00,0xff,0xff,0xff,0xff,0x00,0xff,0xff,0xff,0x00,
	0xff,0xff,0xff,0x00,0xff,0xff,0xff,0x00,0xff,0xa6,0x00,0xff,0xff,0xa6,0x00,0xff,
	0xff,0xa6,0x00,0xff,0xff,0xa6,0x00,0xff,0xff,0xff,0xff,0xff,0xff,0xff,0xff,0xff,
	0xff,0xa6,0x00,0xff,0xff,0xa6,0x00,0xff,0xff,0xa6,0x00,0xff,0xff,0xa6,0x00,0xff,
	0xff,0xa6,0x00,0xff,0xff,0xa6,0x00,0xff,0xff,0xff,0xff,0xff,0xff,0xff,0xff,0xff,
	0xff,0xa6,0x00,0xff,0xff,0xa6,0x00,0xff,0xff,0xff,0xff,0x00,0xff,0xff,0xff,0x00,
	0xff,0xff,0xff,0x00,0xff,0xff,0xff,0x00,0xff,0xa6,0x00,0xff,0xff,0xa6,0x00,0xff,
	0xff,0xa6,0x00,0xff,0xff,0xa6,0x00,0xff,0xff,0xff,0xff,0xff,0xff,0xff,0xff,0xff,
	0xff,0xa6,0x00,0xff,0xff,0xa6,0x00,0xff,0xff,0xa6,0x00,0xff,0xff,0xa6,0x00,0xff,
	0xff,0xa6,0x00,0xff,0xff,0xa6,0x00,0xff,0xff,0xff,0xff,0xff,0xff,0xff,0xff,0xff,
	0xff,0xa6,0x00,0xff,0xff,0xa6,0x00,0xff,0xff,0xff,0xff,0x00,0xff,0xff,0xff,0x00,
	0xff,0xff,0xff,0x00,0xff,0xff,0xff,0x00,0xff,0xa6,0x00,0xff,0xff,0xff,0xff,0xff,
	0xff,0xff,0xff,0xff,0x00,0x00,0xc3,0xff,0x00,0x00,0xc3,0xff,0x00,0x00,0xc3,0xff,
	0xff,0xff,0xff,0xff,0xff,0xa6,0x00,0xff,0xff,0xa6,0x00,0xff,0xff,0xff,0xff,0xff,
	0x00,0x00,0xc3,0xff,0x00,0x00,0xc3,0xff,0x00,0x00,0xc3,0xff,0xff,0xff,0xff,0xff,
	0xff,0xff,0xff,0xff,0xff,0xa6,0x00,0xff,0xff,0xff,0xff,0x00,0xff,0xff,0xff,0x00,
	0xff,0xff,0xff,0x00,0xff,0xff,0xff,0x00,0xff,0xa6,0x00,0xff,0xff,0xff,0xff,0xff,
	0xff,0xff,0xff,0xff,0x00,0x00,0xc3,0xff,0x00,0x00,0xc3,0xff,0x00,0x00,0xc3,0xff,
	0xff,0xff,0xff,0xff,0xff,0xa6,0x00,0xff,0xff,0xa6,0x00,0xff,0xff,0xff,0xff,0xff,
	0x00,0x00,0xc3,0xff,0x00,0x00,0xc3,0xff,0x00,0x00,0xc3,0xff,0xff,0xff,0xff,0xff,
	0xff,0xff,0xff,0xff,0xff,0xa6,0x00,0xff,0xff,0xff,0xff,0x00,0xff,0xff,0xff,0x00,
	0xff,0xff,0xff,0x00,0xff,0xff,0xff,0x00,0xff,0xff,0xff,0x00,0xff,0xff,0xff,0x00,
	0xff,0xff,0xff,0xff,0xff,0xff,0xff,0xff,0xff,0xff,0xff,0x00,0xff,0xff,0xff,0x00,
	0xff,0xff,0xff,0x00,0xff,0xff,0xff,0x00,0xff,0xff,0xff,0x00,0xff,0xff,0xff,0x00,
	0xff,0xff,0xff,0xff,0xff,0xff,0xff,0xff,0xff,0xff,0xff,0x00,0xff,0xff,0xff,0x00,
	0xff,0xff,0xff,0x00,0xff,0xff,0xff,0x00,0xff,0xff,0xff,0x00,0xff,0xff,0xff,0x00,
	0xff,0xff,0xff,0x00,0xff,0xff,0xff,0x00,0xff,0xff,0xff,0x00,0xff,0xff,0xff,0x00,
	0xff,0xff,0xff,0x00,0xff,0xff,0xff,0x00,0xff,0xff,0xff,0x00,0xff,0xff,0xff,0x00,
	0xff,0xff,0xff,0x00,0xff,0xff,0xff,0x00,0xff,0xff,0xff,0x00,0xff,0xff,0xff,0x00,
	0xff,0xff,0xff,0x00,0xff,0xff,0xff,0x00,0xff,0xff,0xff,0x00,0xff,0xff,0xff,0x00,
	0xff,0xff,0xff,0x00,0xff,0xff,0xff,0x00,0xff,0xff,0xff,0x00,0xff,0xff,0xff,0x00,
	0xff,0xff,0xff,0x00,0xff,0xff,0xff,0x00,0xff,0xff,0xff,0x00,0xff,0xff,0xff,0x00,
	0xff,0xff,0xff,0x00,0xff,0xff,0xff,0x00,0xff,0xff,0xff,0xff,0xff,0xff,0xff,0xff,
	0xff,0xff,0xff,0x00,0xff,0xff,0xff,0x00,0xff,0xff,0xff,0x00,0xff,0xff,0xff,0x00,
	0xff,0xff,0xff,0x00,0xff,0xff,0xff,0x00,0xff,0xff,0xff,0xff,0xff,0xff,0xff,0xff,
	0xff,0xff,0xff,0x00,0xff,0xff,0xff,0x00,0xff,0xff,0xff,0x00,0xff,0xff,0xff,0x00,
	0xff,0xff,0xff,0x00,0xff,0xff,0xff,0x00,0xff,0xff,0xff,0x00,0xff,0xff,0xff,0xff,
	0xff,0xff,0xff,0xff,0x00,0x00,0xc3,0xff,0x00,0x00,0xc3,0xff,0x00,0x00,0xc3,0xff,
	0xff,0xff,0xff,0xff,0xff,0xff,0xff,0x00,0xff,0xff,0xff,0x00,0xff,0xff,0xff,0xff,
	0x00,0x00,0xc3,0xff,0x00,0x00,0xc3,0xff,0x00,0x00,0xc3,0xff,0xff,0xff,0xff,0xff,
	0xff,0xff,0xff,0xff,0xff,0xff,0xff,0x00,0xff,0xff,0xff,0x00,0xff,0xff,0xff,0x00,
	0xff,0xff,0xff,0x00,0xff,0xff,0xff,0x00,0x00,0x00,0xc3,0xff,0x00,0x00,0xc3,0xff,
	0x00,0x00,0xc3,0xff,0x00,0x00,0xc3,0xff,0x00,0x00,0xc3,0xff,0x00,0x00,0xc3,0xff,
	0x00,0x00,0xc3,0xff,0x00,0x00,0xc3,0xff,0x00,0x00,0xc3,0xff,0x00,0x00,0xc3,0xff,
	0x00,0x00,0xc3,0xff,0x00,0x00,0xc3,0xff,0x00,0x00,0xc3,0xff,0x00,0x00,0xc3,0xff,
	0x00,0x00,0xc3,0xff,0x00,0x00,0xc3,0xff,0xff,0xff,0xff,0x00,0xff,0xff,0xff,0x00,
	0xff,0xff,0xff,0x00,0xff,0xff,0xff,0x00,0x00,0x00,0xc3,0xff,0x00,0x00,0xc3,0xff,
	0x00,0x00,0xc3,0xff,0x00,0x00,0xc3,0xff,0x00,0x00,0xc3,0xff,0x00,0x00,0xc3,0xff,
	0x00,0x00,0xc3,0xff,0x00,0x00,0xc3,0xff,0x00,0x00,0xc3,0xff,0x00,0x00,0xc3,0xff,
	0x00,0x00,0xc3,0xff,0x00,0x00,0xc3,0xff,0x00,0x00,0xc3,0xff,0x00,0x00,0xc3,0xff,
	0x00,0x00,0xc3,0xff,0x00,0x00,0xc3,0xff,0xff,0xff,0xff,0x00,0xff,0xff,0xff,0x00,
	0xff,0xff,0xff,0x00,0xff,0xff,0xff,0x00,0xff,0xff,0xff,0xff,0xff,0xff,0xff,0xff,
	0xff,0xff,0xff,0xff,0xff,0xff,0xff,0xff,0xff,0xff,0xff,0xff,0xff,0xff,0xff,0xff,
	0xff,0xff,0xff,0xff,0xff,0xff,0xff,0xff,0xff,0xff,0xff,0xff,0xff,0xff,0xff,0xff,
	0xff,0xff,0xff,0xff,0xff,0xff,0xff,0xff,0xff,0xff,0xff,0xff,0xff,0xff,0xff,0xff,
	0xff,0xff,0xff,0xff,0xff,0xff,0xff,0xff,0xff,0xff,0xff,0x00,0xff,0xff,0xff,0x00,
	0xff,0xff,0xff,0x00,0xff,0xff,0xff,0x00,0xff,0xff,0xff,0xff,0xff,0xff,0xff,0xff,
	0xff,0xff,0xff,0xff,0xff,0xff,0xff,0xff,0xff,0xff,0xff,0xff,0xff,0xff,0xff,0xff,
	0xff,0xff,0xff,0xff,0xff,0xff,0xff,0xff,0xff,0xff,0xff,0xff,0xff,0xff,0xff,0xff,
	0xff,0xff,0xff,0xff,0xff,0xff,0xff,0xff,0xff,0xff,0xff,0xff,0xff,0xff,0xff,0xff,
	0xff,0xff,0xff,0xff,0xff,0xff,0xff,0xff,0xff,0xff,0xff,0x00,0xff,0xff,0xff,0x00,
	0xff,0xff,0xff,0x00,0xff,0xff,0xff,0x00,0xff,0xff,0xff,0x00,0xff,0xff,0xff,0x00,
	0xff,0xff,0xff,0x00,0xff,0xff,0xff,0x00,0xff,0xff,0xff,0x00,0xff,0xff,0xff,0x00,
	0xff,0xff,0xff,0x00,0xf9,0xbc,0x54,0xff,0xf9,0xbc,0x54,0xff,0xff,0xff,0xff,0x00,
	0xff,0xff,0xff,0x00,0xf9,0xbc,0x54,0xff,0xf9,0xbc,0x54,0xff,0xf9,0xbc,0x54,0xff,
	0xff,0xff,0xff,0x00,0xff,0xff,0xff,0x00,0xff,0xff,0xff,0x00,0xff,0xff,0xff,0x00,
	0xff,0xff,0xff,0x00,0xff,0xff,0xff,0x00,0xff,0xff,0xff,0x00,0xff,0x00,0x00,0xff,
	0x00,0xdc,0x00,0xff,0x00,0xdc,0x00,0xff,0x00,0xdc,0x00,0xff,0x00,0xdc,0x00,0xff,
	0x00,0xdc,0x00,0xff,0x00,0xdc,0x00,0xff,0xff,0x00,0x00,0xff,0x00,0xdc,0x00,0xff,
	0xff,0x00,0x00,0xff,0xff,0x00,0x00,0xff,0xe6,0xe6,0xff,0xff,0xff,0x00,0x00,0xff,
	0xff,0x00,0x00,0xff,0xff,0xff,0xff,0x00,0xff,0xff,0xff,0x00,0xff,0xff,0xff,0x00,
	0xff,0xff,0xff,0x00,0xff,0xff,0xff,0x00,0xff,0xff,0xff,0x00,0xff,0xff,0xff,0x00,
	0xff,0xff,0xff,0x00,0xf9,0xbc,0x54,0xff,0xf9,0xbc,0x54,0xff,0xf9,0xbc,0x54,0xff,
	0xf9,0xbc,0x54,0xff,0xf9,0xbc,0x54,0xff,0xf9,0xbc,0x54,0xff,0xf9,0xbc,0x54,0xff,
	0xf9,0xbc,0x54,0xff,0xf9,0xbc,0x54,0xff,0xff,0xff,0xff,0x00,0xff,0xff,0xff,0x00,
	0xff,0xff,0xff,0x00,0xff,0xff,0xff,0x00,0xff,0xff,0xff,0x00,0xff,0xff,0xff,0x00,
	0xff,0xff,0xff,0x00,0xff,0xff,0xff,0x00,0xff,0x00,0x00,0xff,0xff,0x00,0x00,0xff,
	0xff,0x00,0x00,0xff,0xff,0x00,0x00,0xff,0xff,0x00,0x00,0xff,0xff,0x00,0x00,0xff,
	0xff,0x00,0x00,0xff,0xff,0x00,0x00,0xff,0xf9,0xbc,0x54,0xff,0xf9,0xbc,0x54,0xff,
	0xff,0x00,0x00,0xff,0xff,0x00,0x00,0xff,0xff,0x00,0x00,0xff,0xff,0x00,0x00,0xff,
	0xff,0x00,0x00,0xff,0xff,0x00,0x00,0xff,0xff,0xff,0xff,0x00,0xff,0xff,0xff,0x00,
	0xff,0xff,0xff,0x00,0xff,0xff,0xff,0x00,0xff,0xff,0xff,0x00,0xff,0xff,0xff,0x00,
	0xff,0xff,0xff,0x00,0xff,0xff,0xff,0x00,0xff,0xff,0xff,0x00,0x00,0xff,0x00,0xff,
	0x00,0xff,0x00,0xff,0xe6,0xe6,0xff,0xff,0xe6,0xe6,0xff,0xff,0x00,0xff,0x00,0xff,
	0x00,0xff,0x00,0xff,0xff,0xff,0xff,0x00,0xff,0xff,0xff,0x00,0xff,0xff,0xff,0x00,
	0xff,0xff,0xff,0x00,0xff,0xff,0xff,0x00,0xff,0xff,0xff,0x00,0xff,0xff,0xff,0x00,
	0xff,0xff,0xff,0x00,0xff,0xff,0xff,0x00,0xff,0xff,0xff,0x00,0x29,0x29,0xff,0xff,
	0xff,0xff,0xff,0x00,0xff,0xff,0xff,0x00,0xff,0xff,0xff,0x00,0xff,0xff,0xff,0x00,
	0xff,0x00,0x00,0xff,0xff,0x00,0x00,0xff,0xff,0x00,0x00,0xff,0xff,0x00,0x00,0xff,
	0xff,0xff,0xff,0x00,0xff,0xff,0xff,0x00,0xff,0xff,0xff,0x00,0xff,0xff,0xff,0x00,
	0x29,0x29,0xff,0xff,0xff,0xff,0xff,0x00,0xff,0xff,0xff,0x00,0xff,0xff,0xff,0x00,
	0xff,0xff,0xff,0x00,0xff,0xff,0xff,0x00,0xff,0xff,0xff,0x00,0xff,0xff,0xff,0x00,
	0xff,0xff,0x00,0xff,0xff,0xff,0x00,0xff,0xff,0xff,0x00,0xff,0xff,0xff,0xff,0x00,
	0xff,0xff,0x00,0xff,0xff,0xff,0x00,0xff,0xff,0xff,0x00,0xff,0xff,0xff,0x00,0xff,
	0xff,0xff,0x00,0xff,0xff,0xff,0x00,0xff,0xff,0xff,0x00,0xff,0xff,0xff,0xff,0x00,
	0xff,0xff,0xff,0x00,0xff,0xff,0xff,0x00,0xff,0xff,0xff,0x00,0xff,0xff,0xff,0x00,
	0xff,0xff,0xff,0x00,0xff,0xff,0xff,0x00,0xff,0xff,0xff,0x00,0xff,0xff,0xff,0x00,
	0xff,0xff,0xff,0x00,0x54,0xc3,0xe3,0xff,0x54,0xc3,0xe3,0xff,0x54,0xc3,0xe3,0xff,
	0x54,0xc3,0xe3,0xff,0x54,0xc3,0xe3,0xff,0x54,0xc3,0xe3,0xff,0x54,0xc3,0xe3,0xff,
	0x54,0xc3,0xe3,0xff,0x54,0xc3,0xe3,0xff,0x54,0xc3,0xe3,0xff,0xff,0xff,0xff,0x00,
	0xff,0xff,0xff,0x00,0xff,0xff,0xff,0x00,0xff,0xff,0xff,0x00,0xff,0xff,0xff,0x00,
	0xff,0xff,0xff,0x00,0xff,0xff,0xff,0x00,0xff,0xff,0xff,0x00,0xff,0xff,0xff,0x00,
	0xff,0xff,0xff,0x00,0xff,0xff,0xff,0x00,0xff,0xff,0xff,0x00,0xff,0xff,0xff,0x00,
	0xff,0xff,0xff,0x00,0xff,0xff,0xff,0x00,0xff,0xff,0xff,0x00,0xff,0xff,0xff,0x00,
	0xff,0xff,0xff,0x00,0xff,0xff,0xff,0x00,0xff,0xff,0xff,0x00,0xff,0xff,0xff,0x00,
	0xff,0xff,0xff,0x00,0xff,0xff,0xff,0x00,0xff,0xff,0xff,0x00,0xff,0xff,0xff,0x00,
	0xff,0xff,0xff,0x00,0xff,0xff,0xff,0x00,0xff,0xff,0xff,0x00,0xff,0xff,0xff,0x00,
	0xff,0xff,0xff,0x00,0xff,0xff,0xff,0x00,0xff,0xff,0xff,0x00,0xff,0xff,0xff,0x00,
	0xff,0xff,0xff,0x00,0xff,0xff,0xff,0x00,0xff,0xff,0xff,0x00,0xff,0xff,0xff,0x00,
	0xff,0xff,0xff,0x00,0xff,0xff,0xff,0x00,0xff,0xff,0xff,0x00,0xff,0xff,0xff,0x00,
	0xff,0xff,0xff,0x00,0xff,0xff,0xff,0x00,0xff,0xff,0xff,0x00,0xff,0xff,0xff,0x00,
	0xff,0xff,0xff,0x00,0xff,0xff,0xff,0x00,0xff,0xff,0xff,0x00,0xff,0xff,0xff,0x00,
	0xff,0xff,0xff,0x00,0xff,0xff,0xff,0x00,0xff,0xff,0xff,0x00,0xff,0xff,0xff,0x00,
	0xff,0xff,0xff,0x00,0xff,0xff,0xff,0x00,0xff,0xff,0xff,0x00,0xff,0xff,0xff,0x00,
	0xff,0xff,0xff,0x00,0xff,0xff,0xff,0x00,0xff,0xff,0xff,0x00,0xff,0xff,0xff,0x00,
	0xff,0xff,0xff,0x00,0xff,0xff,0xff,0x00,0xff,0xff,0xff,0x00,0xff,0xff,0xff,0x00,
	0xff,0xff,0xff,0x00,0xff,0xff,0xff,0x00,0xff,0xff,0xff,0x00,0xff,0xff,0xff,0x00,
	0xff,0xff,0xff,0x00,0xff,0xff,0xff,0x00,0xff,0xff,0xff,0x00,0xff,0xff,0xff,0x00,
	0xff,0xff,0xff,0x00,0xff,0xff,0xff,0x00,0xff,0xff,0xff,0x00,0xff,0xff,0xff,0x00,
	0xff,0xff,0xff,0x00,0xff,0xff,0xff,0x00,0xff,0xff,0xff,0x00,0xff,0xff,0xff,0x00,
	0xff,0xff,0xff,0x00,0xff,0xff,0xff,0x00,0xff,0xff,0xff,0x00,0xff,0xff,0xff,0x00,
	0xff,0xff,0xff,0x00,0xff,0xff,0xff,0x00,0xff,0xff,0xff,0x00,0xff,0xff,0xff,0x00,
	0xff,0xff,0xff,0x00,0xff,0xff,0xff,0x00,0xff,0xff,0xff,0x00,0xff,0xff,0xff,0x00,
	0xff,0xff,0xff,0x00,0xff,0xff,0xff,0x00,0xff,0xff,0xff,0x00,0xff,0xff,0xff,0x00,
	0xff,0xff,0xff,0x00,0xff,0xff,0xff,0x00,0xff,0xff,0xff,0x00,0xff,0xff,0xff,0x00,
	0xff,0xff,0xff,0x00,0xff,0xff,0xff,0x00,0xff,0xff,0xff,0x00,0xff,0xff,0xff,0x00,
	0xff,0xff,0xff,0x00,0xff,0xff,0xff,0x00,0xff,0xff,0x00,0xff,0xff,0xff,0x00,0xff,
	0xff,0xff,0x00,0xff,0xff,0xff,0x00,0xff,0xff,0xff,0x00,0xff,0xff,0xff,0x00,0xff,
	0xff,0xff,0x00,0xff,0xff,0xff,0x00,0xff,0xff,0xff,0x00,0xff,0xff,0xff,0x00,0xff,
	0xff,0xff,0x00,0xff,0xff,0xff,0x00,0xff,0xff,0xff,0x00,0xff,0xff,0xff,0x00,0xff,
	0xff,0xff,0x00,0xff,0xff,0xff,0x00,0xff,0xff,0xff,0xff,0x00,0xff,0xff,0xff,0x00,
	0xff,0xff,0xff,0x00,0xff,0xff,0xff,0x00,0xff,0xff,0x00,0xff,0xff,0xff,0x00,0xff,
	0xff,0xff,0x00,0xff,0xff,0xff,0x00,0xff,0xff,0xff,0x00,0xff,0xff,0xff,0x00,0xff,
	0xff,0xff,0x00,0xff,0xff,0xff,0x00,0xff,0xff,0xff,0x00,0xff,0xff,0xff,0x00,0xff,
	0xff,0xff,0x00,0xff,0xff,0xff,0x00,0xff,0xff,0xff,0x00,0xff,0xff,0xff,0x00,0xff,
	0xff,0xff,0x00,0xff,0xff,0xff,0x00,0xff,0xff,0xff,0xff,0x00,0xff,0xff,0xff,0x00,
	0xff,0xff,0xff,0x00,0xff,0xff,0xff,0x00,0xff,0xff,0xff,0x00,0xff,0xff,0xff,0x00,
	0xff,0xff,0xff,0x00,0xff,0xff,0xff,0x00,0xff,0xff,0xff,0x00,0xff,0xff,0xff,0x00,
	0xff,0xff,0x00,0xff,0xff,0xff,0x00,0xff,0xff,0xff,0x00,0xff,0xff,0xff,0x00,0xff,
	0xff,0xff,0x00,0xff,0xff,0xff,0x00,0xff,0xff,0xff,0x00,0xff,0xff,0xff,0x00,0xff,
	0xff,0xff,0x00,0xff,0xff,0xff,0x00,0xff,0xff,0xff,0xff,0x00,0xff,0xff,0xff,0x00,
	0xff,0xff,0xff,0x00,0xff,0xff,0xff,0x00,0xff,0xff,0x00,0xff,0xff,0xff,0x00,0xff,
	0xff,0xff,0x00,0xff,0xff,0xff,0x00,0xff,0xff,0xff,0x00,0xff,0xff,0xff,0x00,0xff,
	0xff,0xff,0x00,0xff,0xff,0xff,0x00,0xff,0xff,0xff,0x00,0xff,0xff,0xff,0x00,0xff,
	0xff,0xff,0x00,0xff,0xff,0xff,0x00,0xff,0xff,0xff,0x00,0xff,0xff,0xff,0x00,0xff,
	0xff,0xff,0x00,0xff,0xff,0xff,0x00,0xff,0xff,0xff,0xff,0x00,0xff,0xff,0xff,0x00,
	0xff,0xff,0xff,0x00,0xff,0xff,0xff,0x00,0xff,0xff,0x00,0xff,0xff,0xff,0x00,0xff,
	0xff,0xff,0x00,0xff,0xff,0xff,0x00,0xff,0xff,0xff,0x00,0xff,0xff,0xff,0x00,0xff,
	0xff,0xff,0x00,0xff,0xff,0xff,0x00,0xff,0xff,0xff,0x00,0xff,0xff,0xff,0x00,0xff,
	0xff,0xff,0x00,0xff,0xff,0xff,0x00,0xff,0xff,0xff,0x00,0xff,0xff,0xff,0x00,0xff,
	0xff,0xff,0x00,0xff,0xff,0xff,0x00,0xff,0xff,0xff,0xff,0x00,0xff,0xff,0xff,0x00,
	0xff,0xff,0xff,0x00,0xff,0xff,0xff,0x00,0xff,0xff,0x00,0xff,0xff,0xff,0x00,0xff,
	0xff,0xff,0x00,0xff,0xff,0xff,0x00,0xff,0xff,0xff,0x00,0xff,0xff,0xff,0x00,0xff,
	0xff,0xff,0x00,0xff,0xff,0xff,0x00,0xff,0xff,0xff,0x00,0xff,0xff,0xff,0x00,0xff,
	0xff,0xff,0x00,0xff,0xff,0xff,0x00,0xff,0xff,0xff,0x00,0xff,0xff,0xff,0x00,0xff,
	0xff,0xff,0x00,0xff,0xff,0xff,0x00,0xff,0xff,0xff,0xff,0x00,0xff,0xff,0xff,0x00,
	0xff,0xff,0xff,0x00,0xff,0xff,0xff,0x00,0xff,0xff,0x00,0xff,0xff,0xff,0x00,0xff,
	0xff,0xff,0x00,0xff,0xff,0xff,0x00,0xff,0xff,0xff,0x00,0xff,0xff,0xff,0x00,0xff,
	0xff,0xff,0x00,0xff,0xff,0xff,0x00,0xff,0xff,0xff,0x00,0xff,0xff,0xff,0x00,0xff,
	0xff,0xff,0xff,0x00,0xff,0xff,0xff,0x00,0xff,0xff,0xff,0x00,0xff,0xff,0xff,0x00,
	0xff,0xff,0xff,0x00,0xff,0xff,0xff,0x00,0xff,0xff,0xff,0x00,0xff,0xff,0xff,0x00,
	0xff,0xff,0xff,0x00,0xff,0xff,0xff,0x00,0xff,0xff,0x00,0xff,0xff,0xff,0x00,0xff,
	0xff,0xff,0x00,0xff,0xff,0xff,0x00,0xff,0xff,0xff,0x00,0xff,0xff,0xff,0x00,0xff,
	0xff,0xff,0xff,0x00,0xff,0xff,0xff,0x00,0xff,0xff,0xff,0x00,0xff,0xff,0xff,0x00,
	0xff,0xff,0x00,0xff,0xff,0xff,0x00,0xff,0xff,0xff,0x00,0xff,0xff,0xff,0x00,0xff,
	0xff,0xff,0x00,0xff,0xff,0xff,0x00,0xff,0xff,0xff,0xff,0x00,0xff,0xff,0xff,0x00,
	0xff,0xff,0xff,0x00,0xff,0xff,0xff,0x00,0xff,0xff,0x00,0xff,0xff,0xff,0x00,0xff,
	0xff,0xff,0x00,0xff,0xff,0xff,0xff,0x00,0xff,0xff,0xff,0x00,0xff,0xff,0xff,0x00,
	0xff,0xff,0xff,0x00,0xff,0xff,0xff,0x00,0xff,0xff,0xff,0x00,0xff,0xff,0xff,0x00,
	0xff,0xff,0xff,0x00,0xff,0xff,0xff,0x00,0xff,0xff,0xff,0x00,0xff,0xff,0x00,0xff,
	0xff,0xff,0x00,0xff,0xff,0xff,0x00,0xff,0xff,0xff,0xff,0x00,0xff,0xff,0xff,0x00,
	0xff,0xff,0xff,0x00,0xff,0xff,0xff,0x00,0xff,0xff,0xff,0x00,0xff,0xff,0xff,0x00,
	0xff,0xff,0xff,0x00,0xff,0xff,0xff,0x00,0xff,0xff,0xff,0x00,0xff,0xff,0xff,0x00,
	0xff,0xff,0xff,0x00,0xff,0xff,0xff,0x00,0xff,0xff,0xff,0x00,0xff,0xff,0xff,0x00,
	0xff,0xff,0xff,0x00,0xff,0xff,0xff,0x00,0xff,0xff,0xff,0x00,0xff,0xff,0xff,0x00,
	0xff,0xff,0xff,0x00,0xff,0xff,0xff,0x00,0xff,0xff,0xff,0x00,0xff,0xff,0xff,0x00,
	0xff,0xff,0xff,0x00,0xff,0xff,0xff,0x00,0xff,0xff,0xff,0x00,0xff,0xff,0xff,0x00,
	0xff,0xff,0xff,0x00,0xff,0xff,0xff,0x00,0xff,0xff,0xff,0x00,0xff,0xff,0xff,0x00,
	0xff,0xff,0xff,0x00,0xff,0xff,0xff,0x00,0xff,0xff,0xff,0x00,0xff,0xff,0xff,0x00,
	0xff,0xff,0xff,0x00,0xff,0xff,0xff,0x00,0xff,0xff,0xff,0x00,0xff,0xff,0xff,0x00,
	0xff,0xff,0xff,0x00,0xff,0xff,0xff,0x00,0xff,0xff,0xff,0x00,0xff,0xff,0xff,0x00,
	0xff,0xff,0xff,0x00,0xff,0xff,0xff,0x00,0xff,0xff,0xff,0x00,0xff,0xff,0xff,0x00,
	0xff,0xff,0xff,0x00,0xff,0xff,0xff,0x00,0xff,0xff,0xff,0x00,0xff,0xff,0xff,0x00,
	0xff,0xff,0xff,0x00,0xff,0xff,0xff,0x00,0xff,0xff,0xff,0x00,0xff,0xff,0xff,0x00,
	0xff,0xff,0xff,0x00,0xff,0xff,0xff,0x00,0xff,0xff,0xff,0x00,0xff,0xff,0xff,0x00,
	0xff,0xff,0xff,0x00,0xff,0xff,0xff,0x00,0xff,0xff,0xff,0x00,0xff,0xff,0xff,0x00,
	0xff,0xff,0xff,0x00,0xff,0xff,0xff,0x00,0xff,0xff,0xff,0x00,0xff,0xff,0xff,0x00,
	0xff,0xff,0xff,0x00,0xff,0xff,0xff,0x00,0xff,0xff,0xff,0x00,0xff,0xff,0xff,0x00,
	0xff,0xff,0xff,0x00,0xff,0xff,0xff,0x00,0xff,0xff,0xff,0x00,0xff,0xff,0xff,0x00,
	0xff,0xff,0xff,0x00,0xff,0xff,0xff,0x00,0xff,0xff,0xff,0x00,0xff,0xff,0xff,0x00,
	0xff,0xff,0xff,0x00,0xff,0xff,0xff,0x00,0xff,0xff,0xff,0x00,0xff,0xff,0xff,0x00,
	0xff,0xff,0xff,0x00,0xff,0xff,0xff,0x00,0xff,0xff,0xff,0x00,0xff,0xff,0xff,0x00,
	0xff,0xff,0xff,0x00,0xff,0xff,0xff,0x00,0xff,0xff,0xff,0x00,0xff,0xff,0xff,0x00,
	0xff,0xff,0xff,0x00,0xff,0xff,0xff,0x00,0xff,0xff,0xff,0x00,0xff,0xff,0xff,0x00,
	0xff,0xff,0xff,0x00,0xff,0xff,0xff,0x00,0xff,0xff,0xff,0x00,0xff,0xff,0xff,0x00,
	0xff,0xff,0xff,0x00,0xff,0xff,0xff,0x00,0xff,0xff,0xff,0x00,0xff,0xff,0xff,0x00,
	0xff,0xff,0xff,0x00,0xff,0xff,0xff,0x00,0xff,0xff,0xff,0x00,0xff,0xff,0xff,0x00,
	0xff,0xff,0xff,0x00,0xff,0xff,0xff,0x00,0xff,0xff,0xff,0x00,0xff,0xff,0xff,0x00,
	0xff,0xff,0xff,0x00,0xff,0xff,0x00,0xff,0xff,0xff,0xff,0x00,0xff,0xff,0xff,0x00,
	0xff,0xff,0xff,0x00,0xff,0xff,0xff,0x00,0xff,0xff,0xff,0x00,0xff,0xff,0xff,0x00,
	0xff,0xff,0xff,0x00,0xff,0xff,0xff,0x00,0xff,0xff,0xff,0x00,0xff,0xff,0xff,0x00,
	0xff,0xff,0xff,0x00,0xff,0xff,0xff,0x00,0xff,0x00,0x00,0xff,0xff,0xff,0xff,0xff,
	0xff,0xff,0xff,0xff,0xff,0xff,0xff,0xff,0xff,0xff,0xff,0xff,0xff,0x00,0x00,0xff,
	0xff,0x00,0x00,0xff,0xff,0x00,0x00,0xff,0xff,0x00,0x00,0xff,0xff,0xff,0xff,0xff,
	0xff,0xff,0xff,0xff,0xff,0xff,0xff,0xff,0xff,0xff,0xff,0xff,0xff,0x00,0x00,0xff,
	0xff,0x00,0x00,0xff,0xff,0x00,0x00,0xff,0xff,0xff,0xff,0x00,0xff,0xff,0xff,0x00,
	0xff,0xff,0xff,0x00,0xff,0xff,0xff,0x00,0xff,0x00,0x00,0xff,0xff,0xff,0xff,0xff,
	0xff,0xff,0xff,0xff,0xff,0xff,0xff,0xff,0xff,0xff,0xff,0xff,0xff,0x00,0x00,0xff,
	0xff,0x00,0x00,0xff,0xff,0x00,0x00,0xff,0xff,0x00,0x00,0xff,0xff,0xff,0xff,0xff,
	0xff,0xff,0xff,0xff,0xff,0xff,0xff,0xff,0xff,0xff,0xff,0xff,0xff,0x00,0x00,0xff,
	0xff,0x00,0x00,0xff,0xff,0x00,0x00,0xff,0xff,0xff,0xff,0x00,0xff,0xff,0xff,0x00,
	0xff,0xff,0xff,0x00,0xff,0xff,0xff,0x00,0xff,0x00,0x00,0xff,0xff,0x00,0x00,0xff,
	0xff,0x00,0x00,0xff,0xff,0x00,0x00,0xff,0xff,0x00,0x00,0xff,0xff,0x00,0x00,0xff,
	0xff,0x00,0x00,0xff,0xff,0x00,0x00,0xff,0xff,0x00,0x00,0xff,0xff,0x00,0x00,0xff,
	0xff,0x00,0x00,0xff,0xff,0x00,0x00,0xff,0xff,0x00,0x00,0xff,0xff,0x00,0x00,0xff,
	0xff,0x00,0x00,0xff,0xff,0x00,0x00,0xff,0xff,0xff,0xff,0x00,0xff,0xff,0xff,0x00,
	0xff,0xff,0xff,0x00,0xff,0xff,0xff,0x00,0xff,0x00,0x00,0xff,0xff,0x00,0x00,0xff,
	0xff,0x00,0x00,0xff,0xff,0x00,0x00,0xff,0xff,0x00,0x00,0xff,0xff,0x00,0x00,0xff,
	0xff,0x00,0x00,0xff,0xff,0x00,0x00,0xff,0xff,0x00,0x00,0xff,0xff,0x00,0x00,0xff,
	0xff,0x00,0x00,0xff,0xff,0x00,0x00,0xff,0xff,0x00,0x00,0xff,0xff,0x00,0x00,0xff,
	0xff,0x00,0x00,0xff,0xff,0x00,0x00,0xff,0xff,0xff,0xff,0x00,0xff,0xff,0xff,0x00,
	0xff,0xff,0xff,0x00,0xff,0xff,0xff,0x00,0xff,0x00,0x00,0xff,0xff,0x00,0x00,0xff,
	0xff,0x00,0x00,0xff,0xff,0xff,0xff,0xff,0xff,0xff,0xff,0xff,0xff,0xff,0xff,0xff,
	0xff,0xff,0xff,0xff,0xff,0x00,0x00,0xff,0xff,0x00,0x00,0xff,0xff,0x00,0x00,0xff,
	0xff,0x00,0x00,0xff,0xff,0xff,0xff,0xff,0xff,0xff,0xff,0xff,0xff,0xff,0xff,0xff,
	0xff,0xff,0xff,0xff,0xff,0x00,0x00,0xff,0xff,0xff,0xff,0x00,0xff,0xff,0xff,0x00,
	0xff,0xff,0xff,0x00,0xff,0xff,0xff,0x00,0xff,0x00,0x00,0xff,0xff,0x00,0x00,0xff,
	0xff,0x00,0x00,0xff,0xff,0xff,0xff,0xff,0xff,0xff,0xff,0xff,0xff,0xff,0xff,0xff,
	0xff,0xff,0xff,0xff,0xff,0x00,0x00,0xff,0xff,0x00,0x00,0xff,0xff,0x00,0x00,0xff,
	0xff,0x00,0x00,0xff,0xff,0xff,0xff,0xff,0xff,0xff,0xff,0xff,0xff,0xff,0xff,0xff,
	0xff,0xff,0xff,0xff,0xff,0x00,0x00,0xff,0xff,0xff,0xff,0x00,0xff,0xff,0xff,0x00,
	0xff,0xff,0xff,0x00,0xff,0xff,0xff,0x00,0xff,0x00,0x00,0xff,0xff,0xff,0xff,0xff,
	0xff,0xff,0xff,0xff,0x00,0x00,0xc3,0xff,0x00,0x00,0xc3,0xff,0x00,0x00,0xc3,0xff,
	0xff,0xff,0xff,0xff,0xff,0x00,0x00,0xff,0xff,0x00,0x00,0xff,0xff,0xff,0xff,0xff,
	0x00,0x00,0xc3,0xff,0x00,0x00,0xc3,0xff,0x00,0x00,0xc3,0xff,0xff,0xff,0xff,0xff,
	0xff,0xff,0xff,0xff,0xff,0x00,0x00,0xff,0xff,0xff,0xff,0x00,0xff,0xff,0xff,0x00,
	0xff,0xff,0xff,0x00,0xff,0xff,0xff,0x00,0xff,0x00,0x00,0xff,0xff,0xff,0xff,0xff,
	0xff,0xff,0xff,0xff,0x00,0x00,0xc3,0xff,0x00,0x00,0xc3,0xff,0x00,0x00,0xc3,0xff,
	0xff,0xff,0xff,0xff,0xff,0x00,0x00,0xff,0xff,0x00,0x00,0xff,0xff,0xff,0xff,0xff,
	0x00,0x00,0xc3,0xff,0x00,0x00,0xc3,0xff,0x00,0x00,0xc3,0xff,0xff,0xff,0xff,0xff,
	0xff,0xff,0xff,0xff,0xff,0x00,0x00,0xff,0xff,0xff,0xff,0x00,0xff,0xff,0xff,0x00,
	0xff,0xff,0xff,0x00,0xff,0xff,0xff,0x00,0xff,0xa6,0xc3,0xff,0xff,0xff,0xff,0xff,
	0xff,0xff,0xff,0xff,0xff,0xff,0xff,0xff,0xff,0xff,0xff,0xff,0xff,0xa6,0xc3,0xff,
	0xff,0xa6,0xc3,0xff,0xff,0xa6,0xc3,0xff,0xff,0xa6,0xc3,0xff,0xff,0xff,0xff,0xff,
	0xff,0xff,0xff,0xff,0xff,0xff,0xff,0xff,0xff,0xff,0xff,0xff,0xff,0xa6,0xc3,0xff,
	0xff,0xa6,0xc3,0xff,0xff,0xa6,0xc3,0xff,0xff,0xff,0xff,0x00,0xff,0xff,0xff,0x00,
	0xff,0xff,0xff,0x00,0xff,0xff,0xff,0x00,0xff,0xa6,0xc3,0xff,0xff,0xff,0xff,0xff,
	0xff,0xff,0xff,0xff,0xff,0xff,0xff,0xff,0xff,0xff,0xff,0xff,0xff,0xa6,0xc3,0xff,
	0xff,0xa6,0xc3,0xff,0xff,0xa6,0xc3,0xff,0xff,0xa6,0xc3,0xff,0xff,0xff,0xff,0xff,
	0xff,0xff,0xff,0xff,0xff,0xff,0xff,0xff,0xff,0xff,0xff,0xff,0xff,0xa6,0xc3,0xff,
	0xff,0xa6,0xc3,0xff,0xff,0xa6,0xc3,0xff,0xff,0xff,0xff,0x00,0xff,0xff,0xff,0x00,
	0xff,0xff,0xff,0x00,0xff,0xff,0xff,0x00,0xff,0xa6,0xc3,0xff,0xff,0xa6,0xc3,0xff,
	0xff,0xa6,0xc3,0xff,0xff,0xa6,0xc3,0xff,0xff,0xa6,0xc3,0xff,0xff,0xa6,0xc3,0xff,
	0xff,0xa6,0xc3,0xff,0xff,0xa6,0xc3,0xff,0xff,0xa6,0xc3,0xff,0xff,0xa6,0xc3,0xff,
	0xff,0xa6,0xc3,0xff,0xff,0xa6,0xc3,0xff,0xff,0xa6,0xc3,0xff,0xff,0xa6,0xc3,0xff,
	0xff,0xa6,0xc3,0xff,0xff,0xa6,0xc3,0xff,0xff,0xff,0xff,0x00,0xff,0xff,0xff,0x00,
	0xff,0xff,0xff,0x00,0xff,0xff,0xff,0x00,0xff,0xa6,0xc3,0xff,0xff,0xa6,0xc3,0xff,
	0xff,0xa6,0xc3,0xff,0xff,0xa6,0xc3,0xff,0xff,0xa6,0xc3,0xff,0xff,0xa6,0xc3,0xff,
	0xff,0xa6,0xc3,0xff,0xff,0xa6,0xc3,0xff,0xff,0xa6,0xc3,0xff,0xff,0xa6,0xc3,0xff,
	0xff,0xa6,0xc3,0xff,0xff,0xa6,0xc3,0xff,0xff,0xa6,0xc3,0xff,0xff,0xa6,0xc3,0xff,
	0xff,0xa6,0xc3,0xff,0xff,0xa6,0xc3,0xff,0xff,0xff,0xff,0x00,0xff,0xff,0xff,0x00,
	0xff,0xff,0xff,0x00,0xff,0xff,0xff,0x00,0xff,0xa6,0xc3,0xff,0xff,0xa6,0xc3,0xff,
	0xff,0xa6,0xc3,0xff,0xff,0xff,0xff,0xff,0xff,0xff,0xff,0xff,0xff,0xff,0xff,0xff,
	0xff,0xff,0xff,0xff,0xff,0xa6,0xc3,0xff,0xff,0xa6,0xc3,0xff,0xff,0xa6,0xc3,0xff,
	0xff,0xa6,0xc3,0xff,0xff,0xff,0xff,0xff,0xff,0xff,0xff,0xff,0xff,0xff,0xff,0xff,
	0xff,0xff,0xff,0xff,0xff,0xa6,0xc3,0xff,0xff,0xff,0xff,0x00,0xff,0xff,0xff,0x00,
	0xff,0xff,0xff,0x00,0xff,0xff,0xff,0x00,0xff,0xa6,0xc3,0xff,0xff,0xa6,0xc3,0xff,
	0xff,0xa6,0xc3,0xff,0xff,0xff,0xff,0xff,0xff,0xff,0xff,0xff,0xff,0xff,0xff,0xff,
	0xff,0xff,0xff,0xff,0xff,0xa6,0xc3,0xff,0xff,0xa6,0xc3,0xff,0xff,0xa6,0xc3,0xff,
	0xff,0xa6,0xc3,0xff,0xff,0xff,0xff,0xff,0xff,0xff,0xff,0xff,0xff,0xff,0xff,0xff,
	0xff,0xff,0xff,0xff,0xff,0xa6,0xc3,0xff,0xff,0xff,0xff,0x00,0xff,0xff,0xff,0x00,
	0xff,0xff,0xff,0x00,0xff,0xff,0xff,0x00,0xff,0xa6,0xc3,0xff,0xff,0xff,0xff,0xff,
	0xff,0xff,0xff,0xff,0x00,0x00,0xc3,0xff,0x00,0x00,0xc3,0xff,0x00,0x00,0xc3,0xff,
	0xff,0xff,0xff,0xff,0xff,0xa6,0xc3,0xff,0xff,0xa6,0xc3,0xff,0xff,0xff,0xff,0xff,
	0x00,0x00,0xc3,0xff,0x00,0x00,0xc3,0xff,0x00,0x00,0xc3,0xff,0xff,0xff,0xff,0xff,
	0xff,0xff,0xff,0xff,0xff,0xa6,0xc3,0xff,0xff,0xff,0xff,0x00,0xff,0xff,0xff,0x00,
	0xff,0xff,0xff,0x00,0xff,0xff,0xff,0x00,0xff,0xa6,0xc3,0xff,0xff,0xff,0xff,0xff,
	0xff,0xff,0xff,0xff,0x00,0x00,0xc3,0xff,0x00,0x00,0xc3,0xff,0x00,0x00,0xc3,0xff,
	0xff,0xff,0xff,0xff,0xff,0xa6,0xc3,0xff,0xff,0xa6,0xc3,0xff,0xff,0xff,0xff,0xff,
	0x00,0x00,0xc3,0xff,0x00,0x00,0xc3,0xff,0x00,0x00,0xc3,0xff,0xff,0xff,0xff,0xff,
	0xff,0xff,0xff,0xff,0xff,0xa6,0xc3,0xff,0xff,0xff,0xff,0x00,0xff,0xff,0xff,0x00,
	0xff,0xff,0xff,0x00,0xff,0xff,0xff,0x00,0x00,0xe6,0xff,0xff,0xff,0xff,0xff,0xff,
	0xff,0xff,0xff,0xff,0xff,0xff,0xff,0xff,0xff,0xff,0xff,0xff,0x00,0xe6,0xff,0xff,
	0x00,0xe6,0xff,0xff,0x00,0xe6,0xff,0xff,0x00,0xe6,0xff,0xff,0xff,0xff,0xff,0xff,
	0xff,0xff,0xff,0xff,0xff,0xff,0xff,0xff,0xff,0xff,0xff,0xff,0x00,0xe6,0xff,0xff,
	0x00,0xe6,0xff,0xff,0x00,0xe6,0xff,0xff,0xff,0xff,0xff,0x00,0xff,0xff,0xff,0x00,
	0xff,0xff,0xff,0x00,0xff,0xff,0xff,0x00,0x00,0xe6,0xff,0xff,0xff,0xff,0xff,0xff,
	0xff,0xff,0xff,0xff,0xff,0xff,0xff,0xff,0xff,0xff,0xff,0xff,0x00,0xe6,0xff,0xff,
	0x00,0xe6,0xff,0xff,0x00,0xe6,0xff,0xff,0x00,0xe6,0xff,0xff,0xff,0xff,0xff,0xff,
	0xff,0xff,0xff,0xff,0xff,0xff,0xff,0xff,0xff,0xff,0xff,0xff,0x00,0xe6,0xff,0xff,
	0x00,0xe6,0xff,0xff,0x00,0xe6,0xff,0xff,0xff,0xff,0xff,0x00,0xff,0xff,0xff,0x00,
	0xff,0xff,0xff,0x00,0xff,0xff,0xff,0x00,0x00,0xe6,0xff,0xff,0x00,0xe6,0xff,0xff,
	0x00,0xe6,0xff,0xff,0x00,0xe6,0xff,0xff,0x00,0xe6,0xff,0xff,0x00,0xe6,0xff,0xff,
	0x00,0xe6,0xff,0xff,0x00,0xe6,0xff,0xff,0x00,0xe6,0xff,0xff,0x00,0xe6,0xff,0xff,
	0x00,0xe6,0xff,0xff,0x00,0xe6,0xff,0xff,0x00,0xe6,0xff,0xff,0x00,0xe6,0xff,0xff,
	0x00,0xe6,0xff,0xff,0x00,0xe6,0xff,0xff,0xff,0xff,0xff,0x00,0xff,0xff,0xff,0x00,
	0xff,0xff,0xff,0x00,0xff,0xff,0xff,0x00,0x00,0xe6,0xff,0xff,0x00,0xe6,0xff,0xff,
	0x00,0xe6,0xff,0xff,0x00,0xe6,0xff,0xff,0x00,0xe6,0xff,0xff,0x00,0xe6,0xff,0xff,
	0x00,0xe6,0xff,0xff,0x00,0xe6,0xff,0xff,0x00,0xe6,0xff,0xff,0x00,0xe6,0xff,0xff,
	0x00,0xe6,0xff,0xff,0x00,0xe6,0xff,0xff,0x00,0xe6,0xff,0xff,0x00,0xe6,0xff,0xff,
	0x00,0xe6,0xff,0xff,0x00,0xe6,0xff,0xff,0xff,0xff,0xff,0x00,0xff,0xff,0xff,0x00,
	0xff,0xff,0xff,0x00,0xff,0xff,0xff,0x00,0x00,0xe6,0xff,0xff,0x00,0xe6,0xff,0xff,
	0x00,0xe6,0xff,0xff,0xff,0xff,0xff,0xff,0xff,0xff,0xff,0xff,0xff,0xff,0xff,0xff,
	0xff,0xff,0xff,0xff,0x00,0xe6,0xff,0xff,0x00,0xe6,0xff,0xff,0x00,0xe6,0xff,0xff,
	0x00,0xe6,0xff,0xff,0xff,0xff,0xff,0xff,0xff,0xff,0xff,0xff,0xff,0xff,0xff,0xff,
	0xff,0xff,0xff,0xff,0x00,0xe6,0xff,0xff,0xff,0xff,0xff,0x00,0xff,0xff,0xff,0x00,
	0xff,0xff,0xff,0x00,0xff,0xff,0xff,0x00,0x00,0xe6,0xff,0xff,0x00,0xe6,0xff,0xff,
	0x00,0xe6,0xff,0xff,0xff,0xff,0xff,0xff,0xff,0xff,0xff,0xff,0xff,0xff,0xff,0xff,
	0xff,0xff,0xff,0xff,0x00,0xe6,0xff,0xff,0x00,0xe6,0xff,0xff,0x00,0xe6,0xff,0xff,
	0x00,0xe6,0xff,0xff,0xff,0xff,0xff,0xff,0xff,0xff,0xff,0xff,0xff,0xff,0xff,0xff,
	0xff,0xff,0xff,0xff,0x00,0xe6,0xff,0xff,0xff,0xff,0xff,0x00,0xff,0xff,0xff,0x00,
	0xff,0xff,0xff,0x00,0xff,0xff,0xff,0x00,0x00,0xe6,0xff,0xff,0xff,0xff,0xff,0xff,
	0xff,0xff,0xff,0xff,0x00,0x00,0xc3,0xff,0x00,0x00,0xc3,0xff,0x00,0x00,0xc3,0xff,
	0xff,0xff,0xff,0xff,0x00,0xe6,0xff,0xff,0x00,0xe6,0xff,0xff,0xff,0xff,0xff,0xff,
	0x00,0x00,0xc3,0xff,0x00,0x00,0xc3,0xff,0x00,0x00,0xc3,0xff,0xff,0xff,0xff,0xff,
	0xff,0xff,0xff,0xff,0x00,0xe6,0xff,0xff,0xff,0xff,0xff,0x00,0xff,0xff,0xff,0x00,
	0xff,0xff,0xff,0x00,0xff,0xff,0xff,0x00,0x00,0xe6,0xff,0xff,0xff,0xff,0xff,0xff,
	0xff,0xff,0xff,0xff,0x00,0x00,0xc3,0xff,0x00,0x00,0xc3,0xff,0x00,0x00,0xc3,0xff,
	0xff,0xff,0xff,0xff,0x00,0xe6,0xff,0xff,0x00,0xe6,0xff,0xff,0xff,0xff,0xff,0xff,
	0x00,0x00,0xc3,0xff,0x00,0x00,0xc3,0xff,0x00,0x00,0xc3,0xff,0xff,0xff,0xff,0xff,
	0xff,0xff,0xff,0xff,0x00,0xe6,0xff,0xff,0xff,0xff,0xff,0x00,0xff,0xff,0xff,0x00,
	0xff,0xff,0xff,0x00,0xff,0xff,0xff,0x00,0xff,0xa6,0x00,0xff,0xff,0xff,0xff,0xff,
	0xff,0xff,0xff,0xff,0xff,0xff,0xff,0xff,0xff,0xff,0xff,0xff,0xff,0xa6,0x00,0xff,
	0xff,0xa6,0x00,0xff,0xff,0xa6,0x00,0xff,0xff,0xa6,0x00,0xff,0xff,0xff,0xff,0xff,
	0xff,0xff,0xff,0xff,0xff,0xff,0xff,0xff,0xff,0xff,0xff,0xff,0xff,0xa6,0x00,0xff,
	0xff,0xa6,0x00,0xff,0xff,0xa6,0x00,0xff,0xff,0xff,0xff,0x00,0xff,0xff,0xff,0x00,
	0xff,0xff,0xff,0x00,0xff,0xff,0xff,0x00,0xff,0xa6,0x00,0xff,0xff,0xff,0xff,0xff,
	0xff,0xff,0xff,0xff,0xff,0xff,0xff,0xff,0xff,0xff,0xff,0xff,0xff,0xa6,0x00,0xff,
	0xff,0xa6,0x00,0xff,0xff,0xa6,0x00,0xff,0xff,0xa6,0x00,0xff,0xff,0xff,0xff,0xff,
	0xff,0xff,0xff,0xff,0xff,0xff,0xff,0xff,0xff,0xff,0xff,0xff,0xff,0xa6,0x00,0xff,
	0xff,0xa6,0x00,0xff,0xff,0xa6,0x00,0xff,0xff,0xff,0xff,0x00,0xff,0xff,0xff,0x00,
	0xff,0xff,0xff,0x00,0xff,0xff,0xff,0x00,0xff,0xa6,0x00,0xff,0xff,0xa6,0x00,0xff,
	0xff,0xa6,0x00,0xff,0xff,0xa6,0x00,0xff,0xff,0xa6,0x00,0xff,0xff,0xa6,0x00,0xff,
	0xff,0xa6,0x00,0xff,0xff,0xa6,0x00,0xff,0xff,0xa6,0x00,0xff,0xff,0xa6,0x00,0xff,
	0xff,0xa6,0x00,0xff,0xff,0xa6,0x00,0xff,0xff,0xa6,0x00,0xff,0xff,0xa6,0x00,0xff,
	0xff,0xa6,0x00,0xff,0xff,0xa6,0x00,0xff,0xff,0xff,0xff,0x00,0xff,0xff,0xff,0x00,
	0xff,0xff,0xff,0x00,0xff,0xff,0xff,0x00,0xff,0xa6,0x00,0xff,0xff,0xa6,0x00,0xff,
	0xff,0xa6,0x00,0xff,0xff,0xa6,0x00,0xff,0xff,0xa6,0x00,0xff,0xff,0xa6,0x00,0xff,
	0xff,0xa6,0x00,0xff,0xff,0xa6,0x00,0xff,0xff,0xa6,0x00,0xff,0xff,0xa6,0x00,0xff,
	0xff,0xa6,0x00,0xff,0xff,0xa6,0x00,0xff,0xff,0xa6,0x00,0xff,0xff,0xa6,0x00,0xff,
	0xff,0xa6,0x00,0xff,0xff,0xa6,0x00,0xff,0xff,0xff,0xff,0x00,0xff,0xff,0xff,0x00,
	0xff,0xff,0xff,0x00,0xff,0xff,0xff,0x00,0xff,0xa6,0x00,0xff,0xff,0xa6,0x00,0xff,
	0xff,0xa6,0x00,0xff,0xff,0xff,0xff,0xff,0xff,0xff,0xff,0xff,0xff,0xff,0xff,0xff,
	0xff,0xff,0xff,0xff,0xff,0xa6,0x00,0xff,0xff,0xa6,0x00,0xff,0xff,0xa6,0x00,0xff,
	0xff,0xa6,0x00,0xff,0xff,0xff,0xff,0xff,0xff,0xff,0xff,0xff,0xff,0xff,0xff,0xff,
	0xff,0xff,0xff,0xff,0xff,0xa6,0x00,0xff,0xff,0xff,0xff,0x00,0xff,0xff,0xff,0x00,
	0xff,0xff,0xff,0x00,0xff,0xff,0xff,0x00,0xff,0xa6,0x00,0xff,0xff,0xa6,0x00,0xff,
	0xff,0xa6,0x00,0xff,0xff,0xff,0xff,0xff,0xff,0xff,0xff,0xff,0xff,0xff,0xff,0xff,
	0xff,0xff,0xff,0xff,0xff,0xa6,0x00,0xff,0xff,0xa6,0x00,0xff,0xff,0xa6,0x00,0xff,
	0xff,0xa6,0x00,0xff,0xff,0xff,0xff,0xff,0xff,0xff,0xff,0xff,0xff,0xff,0xff,0xff,
	0xff,0xff,0xff,0xff,0xff,0xa6,0x00,0xff,0xff,0xff,0xff,0x00,0xff,0xff,0xff,0x00,
	0xff,0xff,0xff,0x00,0xff,0xff,0xff,0x00,0xff,0xa6,0x00,0xff,0xff,0xff,0xff,0xff,
	0xff,0xff,0xff,0xff,0x00,0x00,0xc3,0xff,0x00,0x00,0xc3,0xff,0x00,0x00,0xc3,0xff,
	0xff,0xff,0xff,0xff,0xff,0xa6,0x00,0xff,0xff,0xa6,0x00,0xff,0xff,0xff,0xff,0xff,
	0x00,0x00,0xc3,0xff,0x00,0x00,0xc3,0xff,0x00,0x00,0xc3,0xff,0xff,0xff,0xff,0xff,
	0xff,0xff,0xff,0xff,0xff,0xa6,0x00,0xff,0xff,0xff,0xff,0x00,0xff,0xff,0xff,0x00,
	0xff,0xff,0xff,0x00,0xff,0xff,0xff,0x00,0xff,0xa6,0x00,0xff,0xff,0xff,0xff,0xff,
	0xff,0xff,0xff,0xff,0x00,0x00,0xc3,0xff,0x00,0x00,0xc3,0xff,0x00,0x00,0xc3,0xff,
	0xff,0xff,0xff,0xff,0xff,0xa6,0x00,0xff,0xff,0xa6,0x00,0xff,0xff,0xff,0xff,0xff,
	0x00,0x00,0xc3,0xff,0x00,0x00,0xc3,0xff,0x00,0x00,0xc3,0xff,0xff,0xff,0xff,0xff,
	0xff,0xff,0xff,0xff,0xff,0xa6,0x00,0xff,0xff,0xff,0xff,0x00,0xff,0xff,0xff,0x00,
	0xff,0xff,0xff,0x00,0xff,0xff,0xff,0x00,0xff,0xff,0xff,0x00,0xff,0xff,0xff,0xff,
	0xff,0xff,0xff,0xff,0xff,0xff,0xff,0xff,0xff,0xff,0xff,0xff,0xff,0xff,0xff,0x00,
	0xff,0xff,0xff,0x00,0xff,0xff,0xff,0x00,0xff,0xff,0xff,0x00,0xff,0xff,0xff,0xff,
	0xff,0xff,0xff,0xff,0xff,0xff,0xff,0xff,0xff,0xff,0xff,0xff,0xff,0xff,0xff,0x00,
	0xff,0xff,0xff,0x00,0xff,0xff,0xff,0x00,0xff,0xff,0xff,0x00,0xff,0xff,0xff,0x00,
	0xff,0xff,0xff,0x00,0xff,0xff,0xff,0x00,0xff,0xff,0xff,0x00,0xff,0xff,0xff,0x00,
	0xff,0xff,0xff,0x00,0xff,0xff,0xff,0x00,0xff,0xff,0xff,0x00,0xff,0xff,0xff,0x00,
	0xff,0xff,0xff,0x00,0xff,0xff,0xff,0x00,0xff,0xff,0xff,0x00,0xff,0xff,0xff,0x00,
	0xff,0xff,0xff,0x00,0xff,0xff,0xff,0x00,0xff,0xff,0xff,0x00,0xff,0xff,0xff,0x00,
	0xff,0xff,0xff,0x00,0xff,0xff,0xff,0x00,0xff,0xff,0xff,0x00,0xff,0xff,0xff,0x00,
	0xff,0xff,0xff,0x00,0xff,0xff,0xff,0x00,0xff,0xff,0xff,0x00,0xff,0xff,0xff,0x00,
	0xff,0xff,0xff,0x00,0xff,0xff,0xff,0xff,0xff,0xff,0xff,0xff,0xff,0xff,0xff,0xff,
	0xff,0xff,0xff,0xff,0xff,0xff,0xff,0x00,0xff,0xff,0xff,0x00,0xff,0xff,0xff,0x00,
	0xff,0xff,0xff,0x00,0xff,0xff,0xff,0xff,0xff,0xff,0xff,0xff,0xff,0xff,0xff,0xff,
	0xff,0xff,0xff,0xff,0xff,0xff,0xff,0x00,0xff,0xff,0xff,0x00,0xff,0xff,0xff,0x00,
	0xff,0xff,0xff,0x00,0xff,0xff,0xff,0x00,0xff,0xff,0xff,0x00,0xff,0xff,0xff,0xff,
	0xff,0xff,0xff,0xff,0x00,0x00,0xc3,0xff,0x00,0x00,0xc3,0xff,0x00,0x00,0xc3,0xff,
	0xff,0xff,0xff,0xff,0xff,0xff,0xff,0x00,0xff,0xff,0xff,0x00,0xff,0xff,0xff,0xff,
	0x00,0x00,0xc3,0xff,0x00,0x00,0xc3,0xff,0x00,0x00,0xc3,0xff,0xff,0xff,0xff,0xff,
	0xff,0xff,0xff,0xff,0xff,0xff,0xff,0x00,0xff,0xff,0xff,0x00,0xff,0xff,0xff,0x00,
	0xff,0xff,0xff,0x00,0xff,0xff,0xff,0x00,0x00,0x00,0xc3,0xff,0x00,0x00,0xc3,0xff,
	0x00,0x00,0xc3,0xff,0x00,0x00,0xc3,0xff,0x00,0x00,0xc3,0xff,0x00,0x00,0xc3,0xff,
	0x00,0x00,0xc3,0xff,0x00,0x00,0xc3,0xff,0x00,0x00,0xc3,0xff,0x00,0x00,0xc3,0xff,
	0x00,0x00,0xc3,0xff,0x00,0x00,0xc3,0xff,0x00,0x00,0xc3,0xff,0x00,0x00,0xc3,0xff,
	0x00,0x00,0xc3,0xff,0x00,0x00,0xc3,0xff,0xff,0xff,0xff,0x00,0xff,0xff,0xff,0x00,
	0xff,0xff,0xff,0x00,0xff,0xff,0xff,0x00,0x00,0x00,0xc3,0xff,0x00,0x00,0xc3,0xff,
	0x00,0x00,0xc3,0xff,0x00,0x00,0xc3,0xff,0x00,0x00,0xc3,0xff,0x00,0x00,0xc3,0xff,
	0x00,0x00,0xc3,0xff,0x00,0x00,0xc3,0xff,0x00,0x00,0xc3,0xff,0x00,0x00,0xc3,0xff,
	0x00,0x00,0xc3,0xff,0x00,0x00,0xc3,0xff,0x00,0x00,0xc3,0xff,0x00,0x00,0xc3,0xff,
	0x00,0x00,0xc3,0xff,0x00,0x00,0xc3,0xff,0xff,0xff,0xff,0x00,0xff,0xff,0xff,0x00,
	0xff,0xff,0xff,0x00,0xff,0xff,0xff,0x00,0xff,0xff,0xff,0xff,0xff,0xff,0xff,0xff,
	0xff,0xff,0xff,0xff,0xff,0xff,0xff,0xff,0xff,0xff,0xff,0xff,0xff,0xff,0xff,0xff,
	0xff,0xff,0xff,0xff,0xff,0xff,0xff,0xff,0xff,0xff,0xff,0xff,0xff,0xff,0xff,0xff,
	0xff,0xff,0xff,0xff,0xff,0xff,0xff,0xff,0xff,0xff,0xff,0xff,0xff,0xff,0xff,0xff,
	0xff,0xff,0xff,0xff,0xff,0xff,0xff,0xff,0xff,0xff,0xff,0x00,0xff,0xff,0xff,0x00,
	0xff,0xff,0xff,0x00,0xff,0xff,0xff,0x00,0xff,0xff,0xff,0xff,0xff,0xff,0xff,0xff,
	0xff,0xff,0xff,0xff,0xff,0xff,0xff,0xff,0xff,0xff,0xff,0xff,0xff,0xff,0xff,0xff,
	0xff,0xff,0xff,0xff,0xff,0xff,0xff,0xff,0xff,0xff,0xff,0xff,0xff,0xff,0xff,0xff,
	0xff,0xff,0xff,0xff,0xff,0xff,0xff,0xff,0xff,0xff,0xff,0xff,0xff,0xff,0xff,0xff,
	0xff,0xff,0xff,0xff,0xff,0xff,0xff,0xff,0xff,0xff,0xff,0x00,0xff,0xff,0xff,0x00,
	0xff,0xff,0xff,0x00,0xff,0xff,0xff,0x00,0xff,0xff,0xff,0x00,0xff,0xff,0xff,0x00,
	0xff,0xff,0xff,0x00,0xff,0xff,0xff,0x00,0xff,0xff,0xff,0x00,0xff,0xff,0xff,0x00,
	0xf9,0xbc,0x54,0xff,0xf9,0xbc,0x54,0xff,0xff,0xff,0xff,0x00,0xff,0xff,0xff,0x00,
	0xff,0xff,0xff,0x00,0xf9,0xbc,0x54,0xff,0xf9,0xbc,0x54,0xff,0xff,0xff,0xff,0x00,
	0xff,0xff,0xff,0x00,0xff,0xff,0xff,0x00,0xff,0xff,0xff,0x00,0xff,0xff,0xff,0x00,
	0xff,0xff,0xff,0x00,0xff,0xff,0xff,0x00,0xff,0x00,0x00,0xff,0xff,0x00,0x00,0xff,
	0xff,0x00,0x00,0xff,0xff,0x00,0x00,0xff,0xff,0x00,0x00,0xff,0x00,0xdc,0x00,0xff,
	0x00,0xdc,0x00,0xff,0x00,0xdc,0x00,0xff,0xff,0x00,0x00,0xff,0xff,0x00,0x00,0xff,
	0xff,0x00,0x00,0xff,0xff,0x00,0x00,0xff,0xe6,0xe6,0xff,0xff,0xff,0x00,0x00,0xff,
	0xff,0x00,0x00,0xff,0xff,0xff,0xff,0x00,0xff,0xff,0xff,0x00,0xff,0xff,0xff,0x00,
	0xff,0xff,0xff,0x00,0xff,0xff,0xff,0x00,0xff,0xff,0xff,0x00,0xff,0xff,0xff,0x00,
	0xf9,0xbc,0x54,0xff,0xf9,0xbc,0x54,0xff,0xf9,0xbc,0x54,0xff,0xf9,0xbc,0x54,0xff,
	0xc3,0x75,0x00,0xff,0xf9,0xbc,0x54,0xff,0xf9,0xbc,0x54,0xff,0xc3,0x75,0x00,0xff,
	0xf9,0xbc,0x54,0xff,0xf9,0xbc,0x54,0xff,0xf9,0xbc,0x54,0xff,0xf9,0xbc,0x54,0xff,
	0xff,0xff,0xff,0x00,0xff,0xff,0xff,0x00,0xff,0xff,0xff,0x00,0xff,0xff,0xff,0x00,
	0xff,0xff,0xff,0x00,0xff,0x00,0x00,0xff,0xff,0x00,0x00,0xff,0xff,0x00,0x00,0xff,
	0xff,0x00,0x00,0xff,0xff,0x00,0x00,0xff,0xe6,0xe6,0xff,0xff,0xff,0x00,0x00,0xff,
	0xff,0x00,0x00,0xff,0xff,0x00,0x00,0xff,0xff,0x00,0x00,0xff,0xff,0x00,0x00,0xff,
	0xff,0x00,0x00,0xff,0xff,0x00,0x00,0xff,0xff,0x00,0x00,0xff,0xff,0x00,0x00,0xff,
	0xff,0x00,0x00,0xff,0xff,0x00,0x00,0xff,0xff,0x00,0x00,0xff,0xff,0xff,0xff,0x00,
	0xff,0xff,0xff,0x00,0xff,0xff,0xff,0x00,0xff,0xff,0xff,0x00,0xff,0xff,0xff,0x00,
	0xff,0xff,0xff,0x00,0x00,0xff,0x00,0xff,0x00,0xff,0x00,0xff,0x00,0xff,0x00,0xff,
	0x00,0xff,0x00,0xff,0x54,0xc3,0xe3,0xff,0x54,0xc3,0xe3,0xff,0x00,0xff,0x00,0xff,
	0x00,0xff,0x00,0xff,0x00,0xff,0x00,0xff,0x00,0xff,0x00,0xff,0xff,0xff,0xff,0x00,
	0xff,0xff,0xff,0x00,0xff,0xff,0xff,0x00,0xff,0xff,0xff,0x00,0xff,0xff,0xff,0x00,
	0xff,0xff,0xff,0x00,0xff,0xff,0xff,0x00,0xff,0xff,0xff,0x00,0x29,0x29,0xff,0xff,
	0xff,0xff,0xff,0x00,0xff,0xff,0xff,0x00,0xff,0xff,0xff,0x00,0xff,0x00,0x00,0xff,
	0xff,0x00,0x00,0xff,0xff,0x00,0x00,0xff,0xff,0x00,0x00,0xff,0xff,0x00,0x00,0xff,
	0xff,0x00,0x00,0xff,0xff,0xff,0xff,0x00,0xff,0xff,0xff,0x00,0xff,0xff,0xff,0x00,
	0x29,0x29,0xff,0xff,0xff,0xff,0xff,0x00,0xff,0xff,0xff,0x00,0xff,0xff,0xff,0x00,
	0xff,0xff,0xff,0x00,0xff,0xff,0xff,0x00,0xff,0xff,0xff,0x00,0xff,0xff,0x00,0xff,
	0xff,0xff,0x00,0xff,0xff,0xff,0x00,0xff,0xff,0xff,0xff,0x00,0xff,0xff,0xff,0x00,
	0xff,0xff,0x00,0xff,0xff,0xff,0x00,0xff,0xff,0xff,0x00,0xff,0xff,0xff,0x00,0xff,
	0xff,0xff,0x00,0xff,0xff,0xff,0x00,0xff,0xff,0xff,0x00,0xff,0xff,0xff,0x00,0xff,
	0xff,0xff,0xff,0x00,0xff,0xff,0xff,0x00,0xff,0xff,0xff,0x00,0xff,0xff,0xff,0x00,
	0xff,0xff,0xff,0x00,0xff,0xff,0xff,0x00,0xff,0xff,0xff,0x00,0xff,0xff,0xff,0x00,
	0xff,0xff,0xff,0x00,0x54,0xc3,0xe3,0xff,0x54,0xc3,0xe3,0xff,0x54,0xc3,0xe3,0xff,
	0x54,0xc3,0xe3,0xff,0x54,0xc3,0xe3,0xff,0x54,0xc3,0xe3,0xff,0x54,0xc3,0xe3,0xff,
	0x54,0xc3,0xe3,0xff,0x54,0xc3,0xe3,0xff,0x54,0xc3,0xe3,0xff,0xff,0xff,0xff,0x00,
	0xff,0xff,0xff,0x00,0xff,0xff,0xff,0x00,0xff,0xff,0xff,0x00,0xff,0xff,0xff,0x00,
	0xff,0xff,0xff,0x00,0xff,0xff,0xff,0x00,0xff,0xff,0xff,0x00,0xff,0xff,0xff,0x00,
	0x00,0xe6,0xff,0xff,0x00,0xe6,0xff,0xff,0xff,0xff,0xff,0x00,0xff,0xff,0xff,0x00,
	0xff,0xff,0xff,0x00,0x00,0xe6,0xff,0xff,0x00,0xe6,0xff,0xff,0xff,0xff,0xff,0x00,
	0xff,0xff,0xff,0x00,0xff,0xff,0xff,0x00,0x00,0xe6,0xff,0xff,0x00,0xe6,0xff,0xff,
	0xff,0xff,0xff,0x00,0xff,0xff,0xff,0x00,0xff,0xff,0xff,0x00,0xff,0xff,0xff,0x00,
	0xff,0xff,0xff,0x00,0xff,0xff,0xff,0x00,0xff,0xff,0xff,0x00,0xff,0xff,0xff,0x00,
	0xff,0xff,0xff,0x00,0x00,0xe6,0xff,0xff,0xff,0xff,0xff,0x00,0xff,0xff,0xff,0x00,
	0xff,0xff,0xff,0x00,0x00,0xe6,0xff,0xff,0x00,0xe6,0xff,0xff,0xff,0xff,0xff,0x00,
	0xff,0xff,0xff,0x00,0xff,0xff,0xff,0x00,0x00,0xe6,0xff,0xff,0x00,0xe6,0xff,0xff,
	0xff,0xff,0xff,0x00,0xff,0xff,0xff,0x00,0xff,0xff,0xff,0x00,0xff,0xff,0xff,0x00,
	0xff,0xff,0xff,0x00,0xff,0xff,0xff,0x00,0xff,0xff,0xff,0x00,0xff,0xff,0xff,0x00,
	0x00,0xe6,0xff,0xff,0x00,0xe6,0xff,0xff,0xff,0xff,0xff,0x00,0xff,0xff,0xff,0x00,
	0xff,0xff,0xff,0x00,0x00,0xe6,0xff,0xff,0x00,0xe6,0xff,0xff,0xff,0xff,0xff,0x00,
	0xff,0xff,0xff,0x00,0xff,0xff,0xff,0x00,0x00,0xe6,0xff,0xff,0x00,0xe6,0xff,0xff,
	0xff,0xff,0xff,0x00,0xff,0xff,0xff,0x00,0xff,0xff,0xff,0x00,0xff,0xff,0xff,0x00,
	0xff,0xff,0xff,0x00,0xff,0xff,0xff,0x00,0x00,0xe6,0xff,0xff,0xff,0xff,0xff,0x00,
	0xff,0xff,0xff,0x00,0x00,0xe6,0xff,0xff,0x00,0xe6,0xff,0xff,0xff,0xff,0xff,0x00,
	0xff,0xff,0xff,0x00,0xff,0xff,0xff,0x00,0x00,0xe6,0xff,0xff,0x00,0xe6,0xff,0xff,
	0xff,0xff,0xff,0x00,0xff,0xff,0xff,0x00,0xff,0xff,0xff,0x00,0x00,0xe6,0xff,0xff,
	0x00,0xe6,0xff,0xff,0xff,0xff,0xff,0x00,0xff,0xff,0xff,0x00,0xff,0xff,0xff,0x00,
	0xff,0xff,0xff,0x00,0xff,0xff,0xff,0x00,0xff,0xff,0xff,0x00,0xff,0xff,0xff,0x00,
	0xff,0xff,0xff,0x00,0xff,0xff,0xff,0x00,0xff,0xff,0xff,0x00,0xff,0xff,0xff,0x00,
	0xff,0xff,0xff,0x00,0xff,0xff,0xff,0x00,0xff,0xff,0xff,0x00,0xff,0xff,0xff,0x00,
	0xff,0xff,0xff,0x00,0xff,0xff,0xff,0x00,0xff,0xff,0xff,0x00,0xff,0xff,0xff,0x00,
	0xff,0xff,0xff,0x00,0xff,0xff,0xff,0x00,0xff,0xff,0xff,0x00,0xff,0xff,0xff,0x00,
	0xff,0xff,0xff,0x00,0xff,0xff,0x00,0xff,0xff,0xff,0x00,0xff,0xff,0xff,0x00,0xff,
	0xff,0xff,0x00,0xff,0xff,0xff,0x00,0xff,0xff,0xff,0x00,0xff,0xff,0xff,0x00,0xff,
	0xff,0xff,0x00,0xff,0xff,0xff,0x00,0xff,0xff,0xff,0x00,0xff,0xff,0xff,0x00,0xff,
	0xff,0xff,0x00,0xff,0xff,0xff,0x00,0xff,0xff,0xff,0x00,0xff,0xff,0xff,0x00,0xff,
	0xff,0xff,0x00,0xff,0xff,0xff,0x00,0xff,0xff,0xff,0x00,0xff,0xff,0xff,0xff,0x00,
	0xff,0xff,0xff,0x00,0xff,0xff,0xff,0x00,0xff,0xff,0xff,0x00,0xff,0xff,0xff,0x00,
	0xff,0xff,0xff,0x00,0xff,0xff,0x00,0xff,0xff,0xff,0x00,0xff,0xff,0xff,0x00,0xff,
	0xff,0xff,0x00,0xff,0xff,0xff,0x00,0xff,0xff,0xff,0x00,0xff,0xff,0xff,0x00,0xff,
	0xff,0xff,0x00,0xff,0xff,0xff,0x00,0xff,0xff,0xff,0x00,0xff,0xff,0xff,0x00,0xff,
	0xff,0xff,0x00,0xff,0xff,0xff,0x00,0xff,0xff,0xff,0x00,0xff,0xff,0xff,0xff,0x00,
	0xff,0xff,0xff,0x00,0xff,0xff,0xff,0x00,0xff,0xff,0xff,0x00,0xff,0xff,0xff,0x00,
	0xff,0xff,0xff,0x00,0xff,0xff,0xff,0x00,0xff,0xff,0xff,0x00,0xff,0xff,0xff,0x00,
	0xff,0xff,0xff,0x00,0xff,0xff,0x00,0xff,0xff,0xff,0x00,0xff,0xff,0xff,0x00,0xff,
	0xff,0xff,0x00,0xff,0xff,0xff,0x00,0xff,0xff,0xff,0x00,0xff,0xff,0xff,0x00,0xff,
	0xff,0xff,0x00,0xff,0xff,0xff,0x00,0xff,0xff,0xff,0x00,0xff,0xff,0xff,0xff,0x00,
	0xff,0xff,0xff,0x00,0xff,0xff,0x00,0xff,0xff,0xff,0x00,0xff,0xff,0xff,0x00,0xff,
	0xff,0xff,0x00,0xff,0xff,0xff,0x00,0xff,0xff,0xff,0x00,0xff,0xff,0xff,0x00,0xff,
	0xff,0xff,0x00,0xff,0xff,0xff,0x00,0xff,0xff,0xff,0x00,0xff,0xff,0xff,0x00,0xff,
	0xff,0xff,0x00,0xff,0xff,0xff,0x00,0xff,0xff,0xff,0x00,0xff,0xff,0xff,0x00,0xff,
	0xff,0xff,0x00,0xff,0xff,0xff,0x00,0xff,0xff,0xff,0x00,0xff,0xff,0xff,0xff,0x00,
	0xff,0xff,0xff,0x00,0xff,0xff,0x00,0xff,0xff,0xff,0x00,0xff,0xff,0xff,0x00,0xff,
	0xff,0xff,0x00,0xff,0xff,0xff,0x00,0xff,0xff,0xff,0x00,0xff,0xff,0xff,0x00,0xff,
	0xff,0xff,0x00,0xff,0xff,0xff,0x00,0xff,0xff,0xff,0x00,0xff,0xff,0xff,0x00,0xff,
	0xff,0xff,0x00,0xff,0xff,0xff,0x00,0xff,0xff,0xff,0x00,0xff,0xff,0xff,0x00,0xff,
	0xff,0xff,0x00,0xff,0xff,0xff,0x00,0xff,0xff,0xff,0x00,0xff,0xff,0xff,0xff,0x00,
	0xff,0xff,0xff,0x00,0xff,0xff,0x00,0xff,0xff,0xff,0x00,0xff,0xff,0xff,0x00,0xff,
	0xff,0xff,0x00,0xff,0xff,0xff,0x00,0xff,0xff,0xff,0x00,0xff,0xff,0xff,0x00,0xff,
	0xff,0xff,0x00,0xff,0xff,0xff,0x00,0xff,0xff,0xff,0x00,0xff,0xff,0xff,0x00,0xff,
	0xff,0xff,0x00,0xff,0xff,0xff,0x00,0xff,0xff,0xff,0x00,0xff,0xff,0xff,0xff,0x00,
	0xff,0xff,0xff,0x00,0xff,0xff,0xff,0x00,0xff,0xff,0xff,0x00,0xff,0xff,0xff,0x00,
	0xff,0xff,0xff,0x00,0xff,0xff,0x00,0xff,0xff,0xff,0x00,0xff,0xff,0xff,0x00,0xff,
	0xff,0xff,0x00,0xff,0xff,0xff,0x00,0xff,0xff,0xff,0x00,0xff,0xff,0xff,0x00,0xff,
	0xff,0xff,0x00,0xff,0xff,0xff,0x00,0xff,0xff,0xff,0x00,0xff,0xff,0xff,0xff,0x00,
	0xff,0xff,0xff,0x00,0xff,0xff,0xff,0x00,0xff,0xff,0xff,0x00,0xff,0xff,0xff,0x00,
	0xff,0xff,0xff,0x00,0xff,0xff,0xff,0x00,0xff,0xff,0xff,0x00,0xff,0xff,0xff,0x00,
	0xff,0xff,0xff,0x00,0xff,0xff,0x00,0xff,0xff,0xff,0x00,0xff,0xff,0xff,0x00,0xff,
	0xff,0xff,0x00,0xff,0xff,0xff,0x00,0xff,0xff,0xff,0x00,0xff,0xff,0xff,0x00,0xff,
	0xff,0xff,0xff,0x00,0xff,0xff,0xff,0x00,0xff,0xff,0xff,0x00,0xff,0xff,0xff,0x00,
	0xff,0xff,0x00,0xff,0xff,0xff,0x00,0xff,0xff,0xff,0x00,0xff,0xff,0xff,0x00,0xff,
	0xff,0xff,0x00,0xff,0xff,0xff,0x00,0xff,0xff,0xff,0x00,0xff,0xff,0xff,0xff,0x00,
	0xff,0xff,0xff,0x00,0xff,0xff,0x00,0xff,0xff,0xff,0x00,0xff,0xff,0xff,0x00,0xff,
	0xff,0xff,0x00,0xff,0xff,0xff,0x00,0xff,0xff,0xff,0xff,0x00,0xff,0xff,0xff,0x00,
	0xff,0xff,0xff,0x00,0xff,0xff,0xff,0x00,0xff,0xff,0xff,0x00,0xff,0xff,0xff,0x00,
	0xff,0xff,0xff,0x00,0xff,0xff,0xff,0x00,0xff,0xff,0x00,0xff,0xff,0xff,0x00,0xff,
	0xff,0xff,0x00,0xff,0xff,0xff,0x00,0xff,0xff,0xff,0x00,0xff,0xff,0xff,0xff,0x00,
	0xff,0xff,0xff,0x00,0xff,0xff,0x00,0xff,0xff,0xff,0x00,0xff,0xff,0xff,0xff,0x00,
	0xff,0xff,0xff,0x00,0xff,0xff,0xff,0x00,0xff,0xff,0xff,0x00,0xff,0xff,0xff,0x00,
	0xff,0xff,0xff,0x00,0xff,0xff,0xff,0x00,0xff,0xff,0xff,0x00,0xff,0xff,0xff,0x00,
	0xff,0xff,0xff,0x00,0xff,0xff,0xff,0x00,0xff,0xff,0xff,0x00,0xff,0xff,0xff,0x00,
	0xff,0xff,0xff,0x00,0xff,0xff,0x00,0xff,0xff,0xff,0x00,0xff,0xff,0xff,0xff,0x00,
	0xff,0xff,0xff,0x00,0xff,0xff,0xff,0x00,0xff,0xff,0xff,0x00,0xff,0xff,0xff,0x00,
	0xff,0xff,0xff,0x00,0xff,0xff,0xff,0x00,0xff,0xff,0xff,0x00,0xff,0xff,0xff,0x00,
	0xff,0xff,0xff,0x00,0xff,0xff,0xff,0x00,0xff,0xff,0xff,0x00,0xff,0xff,0xff,0x00,
	0xff,0xff,0xff,0x00,0xff,0xff,0xff,0x00,0xff,0xff,0xff,0x00,0xff,0xff,0xff,0x00,
	0xff,0xff,0xff,0x00,0xff,0xff,0xff,0x00,0xff,0xff,0xff,0x00,0xff,0xff,0xff,0x00,
	0xff,0xff,0xff,0x00,0xff,0xff,0xff,0x00,0xff,0xff,0xff,0x00,0xff,0xff,0xff,0x00,
	0xff,0xff,0xff,0x00,0xff,0xff,0xff,0x00,0xff,0xff,0xff,0x00,0xff,0xff,0xff,0x00,
	0xff,0xff,0xff,0x00,0xff,0xff,0xff,0x00,0xff,0xff,0xff,0x00,0xff,0xff,0xff,0x00,
	0xff,0xff,0xff,0x00,0xff,0xff,0xff,0x00,0xff,0xff,0xff,0x00,0xff,0xff,0xff,0x00,
	0xff,0xff,0xff,0x00,0xff,0xff,0xff,0x00,0xff,0xff,0xff,0x00,0xff,0xff,0xff,0x00,
	0xff,0xff,0xff,0x00,0xff,0xff,0xff,0x00,0xff,0xff,0xff,0x00,0xff,0xff,0xff,0x00,
	0xff,0xff,0xff,0x00,0xff,0xff,0xff,0x00,0xff,0xff,0xff,0x00,0xff,0xff,0xff,0x00,
	0xff,0xff,0xff,0x00,0xff,0xff,0xff,0x00,0xff,0xff,0xff,0x00,0xff,0xff,0xff,0x00,
	0xff,0xff,0xff,0x00,0xff,0xff,0xff,0x00,0xff,0xff,0xff,0x00,0xff,0xff,0xff,0x00,
	0xff,0xff,0xff,0x00,0xff,0xff,0xff,0x00,0xff,0xff,0xff,0x00,0xff,0xff,0xff,0x00,
	0xff,0xff,0xff,0x00,0xff,0xff,0xff,0x00,0xff,0xff,0xff,0x00,0xff,0xff,0xff,0x00,
	0xff,0xff,0xff,0x00,0xff,0xff,0xff,0x00,0xff,0xff,0xff,0x00,0xff,0xff,0xff,0x00,
	0xff,0xff,0xff,0x00,0xff,0xff,0xff,0x00,0xff,0xff,0xff,0x00,0xff,0xff,0xff,0x00,
	0xff,0xff,0xff,0x00,0xff,0xff,0xff,0x00,0xff,0xff,0xff,0x00,0xff,0xff,0xff,0x00,
	0xff,0xff,0xff,0x00,0xff,0xff,0xff,0x00,0xff,0xff,0xff,0x00,0xff,0xff,0xff,0x00,
	0xff,0xff,0xff,0x00,0xff,0xff,0xff,0x00,0xff,0xff,0xff,0x00,0xff,0xff,0xff,0x00,
	0xff,0xff,0x00,0xff,0xff,0xff,0x00,0xff,0xff,0xff,0xff,0x00,0xff,0xff,0xff,0x00,
	0xff,0xff,0xff,0x00,0xff,0xff,0xff,0x00,0xff,0xff,0xff,0x00,0xff,0xff,0xff,0x00,
	0xff,0xff,0xff,0x00,0xff,0xff,0x00,0xff,0xff,0xff,0x00,0xff,0xff,0xff,0xff,0x00,
	0xff,0xff,0xff,0x00,0xff,0xff,0xff,0x00,0xff,0xff,0xff,0x00,0xff,0xff,0xff,0x00,
	0xff,0xff,0xff,0x00,0xff,0xff,0xff,0x00,0x00,0x00,0xc3,0xff,0x00,0x00,0xc3,0xff,
	0x00,0x00,0xc3,0xff,0xff,0xff,0xff,0xff,0xff,0xff,0xff,0xff,0xff,0xff,0xff,0xff,
	0xff,0x00,0x00,0xff,0xff,0x00,0x00,0xff,0x00,0x00,0xc3,0xff,0x00,0x00,0xc3,0xff,
	0x00,0x00,0xc3,0xff,0xff,0xff,0xff,0xff,0xff,0xff,0xff,0xff,0xff,0xff,0xff,0xff,
	0xff,0x00,0x00,0xff,0xff,0x00,0x00,0xff,0xff,0xff,0xff,0x00,0xff,0xff,0xff,0x00,
	0xff,0xff,0xff,0x00,0xff,0xff,0xff,0x00,0x00,0x00,0xc3,0xff,0x00,0x00,0xc3,0xff,
	0x00,0x00,0xc3,0xff,0xff,0xff,0xff,0xff,0xff,0xff,0xff,0xff,0xff,0xff,0xff,0xff,
	0xff,0x00,0x00,0xff,0xff,0x00,0x00,0xff,0x00,0x00,0xc3,0xff,0x00,0x00,0xc3,0xff,
	0x00,0x00,0xc3,0xff,0xff,0xff,0xff,0xff,0xff,0xff,0xff,0xff,0xff,0xff,0xff,0xff,
	0xff,0x00,0x00,0xff,0xff,0x00,0x00,0xff,0xff,0xff,0xff,0x00,0xff,0xff,0xff,0x00,
	0xff,0xff,0xff,0x00,0xff,0xff,0xff,0x00,0xff,0x00,0x00,0xff,0xff,0x00,0x00,0xff,
	0xff,0xff,0xff,0xff,0xff,0xff,0xff,0xff,0xff,0xff,0xff,0xff,0xff,0xff,0xff,0xff,
	0xff,0x00,0x00,0xff,0xff,0x00,0x00,0xff,0xff,0x00,0x00,0xff,0xff,0x00,0x00,0xff,
	0xff,0xff,0xff,0xff,0xff,0xff,0xff,0xff,0xff,0xff,0xff,0xff,0xff,0xff,0xff,0xff,
	0xff,0x00,0x00,0xff,0xff,0x00,0x00,0xff,0xff,0xff,0xff,0x00,0xff,0xff,0xff,0x00,
	0xff,0xff,0xff,0x00,0xff,0xff,0xff,0x00,0xff,0x00,0x00,0xff,0xff,0x00,0x00,0xff,
	0xff,0xff,0xff,0xff,0xff,0xff,0xff,0xff,0xff,0xff,0xff,0xff,0xff,0xff,0xff,0xff,
	0xff,0x00,0x00,0xff,0xff,0x00,0x00,0xff,0xff,0x00,0x00,0xff,0xff,0x00,0x00,0xff,
	0xff,0xff,0xff,0xff,0xff,0xff,0xff,0xff,0xff,0xff,0xff,0xff,0xff,0xff,0xff,0xff,
	0xff,0x00,0x00,0xff,0xff,0x00,0x00,0xff,0xff,0xff,0xff,0x00,0xff,0xff,0xff,0x00,
	0xff,0xff,0xff,0x00,0xff,0xff,0xff,0x00,0xff,0x00,0x00,0xff,0xff,0x00,0x00,0xff,
	0xff,0xff,0xff,0xff,0xff,0xff,0xff,0xff,0xff,0xff,0xff,0xff,0x00,0x00,0xc3,0xff,
	0x00,0x00,0xc3,0xff,0x00,0x00,0xc3,0xff,0xff,0x00,0x00,0xff,0xff,0x00,0x00,0xff,
	0xff,0xff,0xff,0xff,0xff,0xff,0xff,0xff,0xff,0xff,0xff,0xff,0x00,0x00,0xc3,0xff,
	0x00,0x00,0xc3,0xff,0x00,0x00,0xc3,0xff,0xff,0xff,0xff,0x00,0xff,0xff,0xff,0x00,
	0xff,0xff,0xff,0x00,0xff,0xff,0xff,0x00,0xff,0x00,0x00,0xff,0xff,0x00,0x00,0xff,
	0xff,0xff,0xff,0xff,0xff,0xff,0xff,0xff,0xff,0xff,0xff,0xff,0x00,0x00,0xc3,0xff,
	0x00,0x00,0xc3,0xff,0x00,0x00,0xc3,0xff,0xff,0x00,0x00,0xff,0xff,0x00,0x00,0xff,
	0xff,0xff,0xff,0xff,0xff,0xff,0xff,0xff,0xff,0xff,0xff,0xff,0x00,0x00,0xc3,0xff,
	0x00,0x00,0xc3,0xff,0x00,0x00,0xc3,0xff,0xff,0xff,0xff,0x00,0xff,0xff,0xff,0x00,
	0xff,0xff,0xff,0x00,0xff,0xff,0xff,0x00,0xff,0x00,0x00,0xff,0xff,0xff,0xff,0xff,
	0xff,0xff,0xff,0xff,0xff,0xff,0xff,0xff,0xff,0xff,0xff,0xff,0xff,0xff,0xff,0xff,
	0xff,0xff,0xff,0xff,0xff,0x00,0x00,0xff,0xff,0x00,0x00,0xff,0xff,0xff,0xff,0xff,
	0xff,0xff,0xff,0xff,0xff,0xff,0xff,0xff,0xff,0xff,0xff,0xff,0xff,0xff,0xff,0xff,
	0xff,0xff,0xff,0xff,0xff,0x00,0x00,0xff,0xff,0xff,0xff,0x00,0xff,0xff,0xff,0x00,
	0xff,0xff,0xff,0x00,0xff,0xff,0xff,0x00,0xff,0x00,0x00,0xff,0xff,0xff,0xff,0xff,
	0xff,0xff,0xff,0xff,0xff,0xff,0xff,0xff,0xff,0xff,0xff,0xff,0xff,0xff,0xff,0xff,
	0xff,0xff,0xff,0xff,0xff,0x00,0x00,0xff,0xff,0x00,0x00,0xff,0xff,0xff,0xff,0xff,
	0xff,0xff,0xff,0xff,0xff,0xff,0xff,0xff,0xff,0xff,0xff,0xff,0xff,0xff,0xff,0xff,
	0xff,0xff,0xff,0xff,0xff,0x00,0x00,0xff,0xff,0xff,0xff,0x00,0xff,0xff,0xff,0x00,
	0xff,0xff,0xff,0x00,0xff,0xff,0xff,0x00,0x00,0x00,0xc3,0xff,0x00,0x00,0xc3,0xff,
	0x00,0x00,0xc3,0xff,0xff,0xff,0xff,0xff,0xff,0xff,0xff,0xff,0xff,0xff,0xff,0xff,
	0xff,0xa6,0xc3,0xff,0xff,0xa6,0xc3,0xff,0x00,0x00,0xc3,0xff,0x00,0x00,0xc3,0xff,
	0x00,0x00,0xc3,0xff,0xff,0xff,0xff,0xff,0xff,0xff,0xff,0xff,0xff,0xff,0xff,0xff,
	0xff,0xa6,0xc3,0xff,0xff,0xa6,0xc3,0xff,0xff,0xff,0xff,0x00,0xff,0xff,0xff,0x00,
	0xff,0xff,0xff,0x00,0xff,0xff,0xff,0x00,0x00,0x00,0xc3,0xff,0x00,0x00,0xc3,0xff,
	0x00,0x00,0xc3,0xff,0xff,0xff,0xff,0xff,0xff,0xff,0xff,0xff,0xff,0xff,0xff,0xff,
	0xff,0xa6,0xc3,0xff,0xff,0xa6,0xc3,0xff,0x00,0x00,0xc3,0xff,0x00,0x00,0xc3,0xff,
	0x00,0x00,0xc3,0xff,0xff,0xff,0xff,0xff,0xff,0xff,0xff,0xff,0xff,0xff,0xff,0xff,
	0xff,0xa6,0xc3,0xff,0xff,0xa6,0xc3,0xff,0xff,0xff,0xff,0x00,0xff,0xff,0xff,0x00,
	0xff,0xff,0xff,0x00,0xff,0xff,0xff,0x00,0xff,0xa6,0xc3,0xff,0xff,0xa6,0xc3,0xff,
	0xff,0xff,0xff,0xff,0xff,0xff,0xff,0xff,0xff,0xff,0xff,0xff,0xff,0xff,0xff,0xff,
	0xff,0xa6,0xc3,0xff,0xff,0xa6,0xc3,0xff,0xff,0xa6,0xc3,0xff,0xff,0xa6,0xc3,0xff,
	0xff,0xff,0xff,0xff,0xff,0xff,0xff,0xff,0xff,0xff,0xff,0xff,0xff,0xff,0xff,0xff,
	0xff,0xa6,0xc3,0xff,0xff,0xa6,0xc3,0xff,0xff,0xff,0xff,0x00,0xff,0xff,0xff,0x00,
	0xff,0xff,0xff,0x00,0xff,0xff,0xff,0x00,0xff,0xa6,0xc3,0xff,0xff,0xa6,0xc3,0xff,
	0xff,0xff,0xff,0xff,0xff,0xff,0xff,0xff,0xff,0xff,0xff,0xff,0xff,0xff,0xff,0xff,
	0xff,0xa6,0xc3,0xff,0xff,0xa6,0xc3,0xff,0xff,0xa6,0xc3,0xff,0xff,0xa6,0xc3,0xff,
	0xff,0xff,0xff,0xff,0xff,0xff,0xff,0xff,0xff,0xff,0xff,0xff,0xff,0xff,0xff,0xff,
	0xff,0xa6,0xc3,0xff,0xff,0xa6,0xc3,0xff,0xff,0xff,0xff,0x00,0xff,0xff,0xff,0x00,
	0xff,0xff,0xff,0x00,0xff,0xff,0xff,0x00,0xff,0xa6,0xc3,0xff,0xff,0xa6,0xc3,0xff,
	0xff,0xff,0xff,0xff,0xff,0xff,0xff,0xff,0xff,0xff,0xff,0xff,0x00,0x00,0xc3,0xff,
	0x00,0x00,0xc3,0xff,0x00,0x00,0xc3,0xff,0xff,0xa6,0xc3,0xff,0xff,0xa6,0xc3,0xff,
	0xff,0xff,0xff,0xff,0xff,0xff,0xff,0xff,0xff,0xff,0xff,0xff,0x00,0x00,0xc3,0xff,
	0x00,0x00,0xc3,0xff,0x00,0x00,0xc3,0xff,0xff,0xff,0xff,0x00,0xff,0xff,0xff,0x00,
	0xff,0xff,0xff,0x00,0xff,0xff,0xff,0x00,0xff,0xa6,0xc3,0xff,0xff,0xa6,0xc3,0xff,
	0xff,0xff,0xff,0xff,0xff,0xff,0xff,0xff,0xff,0xff,0xff,0xff,0x00,0x00,0xc3,0xff,
	0x00,0x00,0xc3,0xff,0x00,0x00,0xc3,0xff,0xff,0xa6,0xc3,0xff,0xff,0xa6,0xc3,0xff,
	0xff,0xff,0xff,0xff,0xff,0xff,0xff,0xff,0xff,0xff,0xff,0xff,0x00,0x00,0xc3,0xff,
	0x00,0x00,0xc3,0xff,0x00,0x00,0xc3,0xff,0xff,0xff,0xff,0x00,0xff,0xff,0xff,0x00,
	0xff,0xff,0xff,0x00,0xff,0xff,0xff,0x00,0xff,0xa6,0xc3,0xff,0xff,0xff,0xff,0xff,
	0xff,0xff,0xff,0xff,0xff,0xff,0xff,0xff,0xff,0xff,0xff,0xff,0xff,0xff,0xff,0xff,
	0xff,0xff,0xff,0xff,0xff,0xa6,0xc3,0xff,0xff,0xa6,0xc3,0xff,0xff,0xff,0xff,0xff,
	0xff,0xff,0xff,0xff,0xff,0xff,0xff,0xff,0xff,0xff,0xff,0xff,0xff,0xff,0xff,0xff,
	0xff,0xff,0xff,0xff,0xff,0xa6,0xc3,0xff,0xff,0xff,0xff,0x00,0xff,0xff,0xff,0x00,
	0xff,0xff,0xff,0x00,0xff,0xff,0xff,0x00,0xff,0xa6,0xc3,0xff,0xff,0xff,0xff,0xff,
	0xff,0xff,0xff,0xff,0xff,0xff,0xff,0xff,0xff,0xff,0xff,0xff,0xff,0xff,0xff,0xff,
	0xff,0xff,0xff,0xff,0xff,0xa6,0xc3,0xff,0xff,0xa6,0xc3,0xff,0xff,0xff,0xff,0xff,
	0xff,0xff,0xff,0xff,0xff,0xff,0xff,0xff,0xff,0xff,0xff,0xff,0xff,0xff,0xff,0xff,
	0xff,0xff,0xff,0xff,0xff,0xa6,0xc3,0xff,0xff,0xff,0xff,0x00,0xff,0xff,0xff,0x00,
	0xff,0xff,0xff,0x00,0xff,0xff,0xff,0x00,0x00,0x00,0xc3,0xff,0x00,0x00,0xc3,0xff,
	0x00,0x00,0xc3,0xff,0xff,0xff,0xff,0xff,0xff,0xff,0xff,0xff,0xff,0xff,0xff,0xff,
	0x00,0xe6,0xff,0xff,0x00,0xe6,0xff,0xff,0x00,0x00,0xc3,0xff,0x00,0x00,0xc3,0xff,
	0x00,0x00,0xc3,0xff,0xff,0xff,0xff,0xff,0xff,0xff,0xff,0xff,0xff,0xff,0xff,0xff,
	0x00,0xe6,0xff,0xff,0x00,0xe6,0xff,0xff,0xff,0xff,0xff,0x00,0xff,0xff,0xff,0x00,
	0xff,0xff,0xff,0x00,0xff,0xff,0xff,0x00,0x00,0x00,0xc3,0xff,0x00,0x00,0xc3,0xff,
	0x00,0x00,0xc3,0xff,0xff,0xff,0xff,0xff,0xff,0xff,0xff,0xff,0xff,0xff,0xff,0xff,
	0x00,0xe6,0xff,0xff,0x00,0xe6,0xff,0xff,0x00,0x00,0xc3,0xff,0x00,0x00,0xc3,0xff,
	0x00,0x00,0xc3,0xff,0xff,0xff,0xff,0xff,0xff,0xff,0xff,0xff,0xff,0xff,0xff,0xff,
	0x00,0xe6,0xff,0xff,0x00,0xe6,0xff,0xff,0xff,0xff,0xff,0x00,0xff,0xff,0xff,0x00,
	0xff,0xff,0xff,0x00,0xff,0xff,0xff,0x00,0x00,0xe6,0xff,0xff,0x00,0xe6,0xff,0xff,
	0xff,0xff,0xff,0xff,0xff,0xff,0xff,0xff,0xff,0xff,0xff,0xff,0xff,0xff,0xff,0xff,
	0x00,0xe6,0xff,0xff,0x00,0xe6,0xff,0xff,0x00,0xe6,0xff,0xff,0x00,0xe6,0xff,0xff,
	0xff,0xff,0xff,0xff,0xff,0xff,0xff,0xff,0xff,0xff,0xff,0xff,0xff,0xff,0xff,0xff,
	0x00,0xe6,0xff,0xff,0x00,0xe6,0xff,0xff,0xff,0xff,0xff,0x00,0xff,0xff,0xff,0x00,
	0xff,0xff,0xff,0x00,0xff,0xff,0xff,0x00,0x00,0xe6,0xff,0xff,0x00,0xe6,0xff,0xff,
	0xff,0xff,0xff,0xff,0xff,0xff,0xff,0xff,0xff,0xff,0xff,0xff,0xff,0xff,0xff,0xff,
	0x00,0xe6,0xff,0xff,0x00,0xe6,0xff,0xff,0x00,0xe6,0xff,0xff,0x00,0xe6,0xff,0xff,
	0xff,0xff,0xff,0xff,0xff,0xff,0xff,0xff,0xff,0xff,0xff,0xff,0xff,0xff,0xff,0xff,
	0x00,0xe6,0xff,0xff,0x00,0xe6,0xff,0xff,0xff,0xff,0xff,0x00,0xff,0xff,0xff,0x00,
	0xff,0xff,0xff,0x00,0xff,0xff,0xff,0x00,0x00,0xe6,0xff,0xff,0x00,0xe6,0xff,0xff,
	0xff,0xff,0xff,0xff,0xff,0xff,0xff,0xff,0xff,0xff,0xff,0xff,0x00,0x00,0xc3,0xff,
	0x00,0x00,0xc3,0xff,0x00,0x00,0xc3,0xff,0x00,0xe6,0xff,0xff,0x00,0xe6,0xff,0xff,
	0xff,0xff,0xff,0xff,0xff,0xff,0xff,0xff,0xff,0xff,0xff,0xff,0x00,0x00,0xc3,0xff,
	0x00,0x00,0xc3,0xff,0x00,0x00,0xc3,0xff,0xff,0xff,0xff,0x00,0xff,0xff,0xff,0x00,
	0xff,0xff,0xff,0x00,0xff,0xff,0xff,0x00,0x00,0xe6,0xff,0xff,0x00,0xe6,0xff,0xff,
	0xff,0xff,0xff,0xff,0xff,0xff,0xff,0xff,0xff,0xff,0xff,0xff,0x00,0x00,0xc3,0xff,
	0x00,0x00,0xc3,0xff,0x00,0x00,0xc3,0xff,0x00,0xe6,0xff,0xff,0x00,0xe6,0xff,0xff,
	0xff,0xff,0xff,0xff,0xff,0xff,0xff,0xff,0xff,0xff,0xff,0xff,0x00,0x00,0xc3,0xff,
	0x00,0x00,0xc3,0xff,0x00,0x00,0xc3,0xff,0xff,0xff,0xff,0x00,0xff,0xff,0xff,0x00,
	0xff,0xff,0xff,0x00,0xff,0xff,0xff,0x00,0x00,0xe6,0xff,0xff,0xff,0xff,0xff,0xff,
	0xff,0xff,0xff,0xff,0xff,0xff,0xff,0xff,0xff,0xff,0xff,0xff,0xff,0xff,0xff,0xff,
	0xff,0xff,0xff,0xff,0x00,0xe6,0xff,0xff,0x00,0xe6,0xff,0xff,0xff,0xff,0xff,0xff,
	0xff,0xff,0xff,0xff,0xff,0xff,0xff,0xff,0xff,0xff,0xff,0xff,0xff,0xff,0xff,0xff,
	0xff,0xff,0xff,0xff,0x00,0xe6,0xff,0xff,0xff,0xff,0xff,0x00,0xff,0xff,0xff,0x00,
	0xff,0xff,0xff,0x00,0xff,0xff,0xff,0x00,0x00,0xe6,0xff,0xff,0xff,0xff,0xff,0xff,
	0xff,0xff,0xff,0xff,0xff,0xff,0xff,0xff,0xff,0xff,0xff,0xff,0xff,0xff,0xff,0xff,
	0xff,0xff,0xff,0xff,0x00,0xe6,0xff,0xff,0x00,0xe6,0xff,0xff,0xff,0xff,0xff,0xff,
	0xff,0xff,0xff,0xff,0xff,0xff,0xff,0xff,0xff,0xff,0xff,0xff,0xff,0xff,0xff,0xff,
	0xff,0xff,0xff,0xff,0x00,0xe6,0xff,0xff,0xff,0xff,0xff,0x00,0xff,0xff,0xff,0x00,
	0xff,0xff,0xff,0x00,0xff,0xff,0xff,0x00,0x00,0x00,0xc3,0xff,0x00,0x00,0xc3,0xff,
	0x00,0x00,0xc3,0xff,0xff,0xff,0xff,0xff,0xff,0xff,0xff,0xff,0xff,0xff,0xff,0xff,
	0xff,0xa6,0x00,0xff,0xff,0xa6,0x00,0xff,0x00,0x00,0xc3,0xff,0x00,0x00,0xc3,0xff,
	0x00,0x00,0xc3,0xff,0xff,0xff,0xff,0xff,0xff,0xff,0xff,0xff,0xff,0xff,0xff,0xff,
	0xff,0xa6,0x00,0xff,0xff,0xa6,0x00,0xff,0xff,0xff,0xff,0x00,0xff,0xff,0xff,0x00,
	0xff,0xff,0xff,0x00,0xff,0xff,0xff,0x00,0x00,0x00,0xc3,0xff,0x00,0x00,0xc3,0xff,
	0x00,0x00,0xc3,0xff,0xff,0xff,0xff,0xff,0xff,0xff,0xff,0xff,0xff,0xff,0xff,0xff,
	0xff,0xa6,0x00,0xff,0xff,0xa6,0x00,0xff,0x00,0x00,0xc3,0xff,0x00,0x00,0xc3,0xff,
	0x00,0x00,0xc3,0xff,0xff,0xff,0xff,0xff,0xff,0xff,0xff,0xff,0xff,0xff,0xff,0xff,
	0xff,0xa6,0x00,0xff,0xff,0xa6,0x00,0xff,0xff,0xff,0xff,0x00,0xff,0xff,0xff,0x00,
	0xff,0xff,0xff,0x00,0xff,0xff,0xff,0x00,0xff,0xa6,0x00,0xff,0xff,0xa6,0x00,0xff,
	0xff,0xff,0xff,0xff,0xff,0xff,0xff,0xff,0xff,0xff,0xff,0xff,0xff,0xff,0xff,0xff,
	0xff,0xa6,0x00,0xff,0xff,0xa6,0x00,0xff,0xff,0xa6,0x00,0xff,0xff,0xa6,0x00,0xff,
	0xff,0xff,0xff,0xff,0xff,0xff,0xff,0xff,0xff,0xff,0xff,0xff,0xff,0xff,0xff,0xff,
	0xff,0xa6,0x00,0xff,0xff,0xa6,0x00,0xff,0xff,0xff,0xff,0x00,0xff,0xff,0xff,0x00,
	0xff,0xff,0xff,0x00,0xff,0xff,0xff,0x00,0xff,0xa6,0x00,0xff,0xff,0xa6,0x00,0xff,
	0xff,0xff,0xff,0xff,0xff,0xff,0xff,0xff,0xff,0xff,0xff,0xff,0xff,0xff,0xff,0xff,
	0xff,0xa6,0x00,0xff,0xff,0xa6,0x00,0xff,0xff,0xa6,0x00,0xff,0xff,0xa6,0x00,0xff,
	0xff,0xff,0xff,0xff,0xff,0xff,0xff,0xff,0xff,0xff,0xff,0xff,0xff,0xff,0xff,0xff,
	0xff,0xa6,0x00,0xff,0xff,0xa6,0x00,0xff,0xff,0xff,0xff,0x00,0xff,0xff,0xff,0x00,
	0xff,0xff,0xff,0x00,0xff,0xff,0xff,0x00,0xff,0xa6,0x00,0xff,0xff,0xa6,0x00,0xff,
	0xff,0xff,0xff,0xff,0xff,0xff,0xff,0xff,0xff,0xff,0xff,0xff,0x00,0x00,0xc3,0xff,
	0x00,0x00,0xc3,0xff,0x00,0x00,0xc3,0xff,0xff,0xa6,0x00,0xff,0xff,0xa6,0x00,0xff,
	0xff,0xff,0xff,0xff,0xff,0xff,0xff,0xff,0xff,0xff,0xff,0xff,0x00,0x00,0xc3,0xff,
	0x00,0x00,0xc3,0xff,0x00,0x00,0xc3,0xff,0xff,0xff,0xff,0x00,0xff,0xff,0xff,0x00,
	0xff,0xff,0xff,0x00,0xff,0xff,0xff,0x00,0xff,0xa6,0x00,0xff,0xff,0xa6,0x00,0xff,
	0xff,0xff,0xff,0xff,0xff,0xff,0xff,0xff,0xff,0xff,0xff,0xff,0x00,0x00,0xc3,0xff,
	0x00,0x00,0xc3,0xff,0x00,0x00,0xc3,0xff,0xff,0xa6,0x00,0xff,0xff,0xa6,0x00,0xff,
	0xff,0xff,0xff,0xff,0xff,0xff,0xff,0xff,0xff,0xff,0xff,0xff,0x00,0x00,0xc3,0xff,
	0x00,0x00,0xc3,0xff,0x00,0x00,0xc3,0xff,0xff,0xff,0xff,0x00,0xff,0xff,0xff,0x00,
	0xff,0xff,0xff,0x00,0xff,0xff,0xff,0x00,0xff,0xa6,0x00,0xff,0xff,0xff,0xff,0xff,
	0xff,0xff,0xff,0xff,0xff,0xff,0xff,0xff,0xff,0xff,0xff,0xff,0xff,0xff,0xff,0xff,
	0xff,0xff,0xff,0xff,0xff,0xa6,0x00,0xff,0xff,0xa6,0x00,0xff,0xff,0xff,0xff,0xff,
	0xff,0xff,0xff,0xff,0xff,0xff,0xff,0xff,0xff,0xff,0xff,0xff,0xff,0xff,0xff,0xff,
	0xff,0xff,0xff,0xff,0xff,0xa6,0x00,0xff,0xff,0xff,0xff,0x00,0xff,0xff,0xff,0x00,
	0xff,0xff,0xff,0x00,0xff,0xff,0xff,0x00,0xff,0xa6,0x00,0xff,0xff,0xff,0xff,0xff,
	0xff,0xff,0xff,0xff,0xff,0xff,0xff,0xff,0xff,0xff,0xff,0xff,0xff,0xff,0xff,0xff,
	0xff,0xff,0xff,0xff,0xff,0xa6,0x00,0xff,0xff,0xa6,0x00,0xff,0xff,0xff,0xff,0xff,
	0xff,0xff,0xff,0xff,0xff,0xff,0xff,0xff,0xff,0xff,0xff,0xff,0xff,0xff,0xff,0xff,
	0xff,0xff,0xff,0xff,0xff,0xa6,0x00,0xff,0xff,0xff,0xff,0x00,0xff,0xff,0xff,0x00,
	0xff,0xff,0xff,0x00,0xff,0xff,0xff,0x00,0x00,0x00,0xc3,0xff,0x00,0x00,0xc3,0xff,
	0x00,0x00,0xc3,0xff,0xff,0xff,0xff,0xff,0xff,0xff,0xff,0xff,0xff,0xff,0xff,0xff,
	0xff,0xff,0xff,0x00,0xff,0xff,0xff,0x00,0x00,0x00,0xc3,0xff,0x00,0x00,0xc3,0xff,
	0x00,0x00,0xc3,0xff,0xff,0xff,0xff,0xff,0xff,0xff,0xff,0xff,0xff,0xff,0xff,0xff,
	0xff,0xff,0xff,0x00,0xff,0xff,0xff,0x00,0xff,0xff,0xff,0x00,0xff,0xff,0xff,0x00,
	0xff,0xff,0xff,0x00,0xff,0xff,0xff,0x00,0xff,0xff,0xff,0x00,0xff,0xff,0xff,0x00,
	0xff,0xff,0xff,0xff,0xff,0xff,0xff,0xff,0xff,0xff,0xff,0xff,0xff,0xff,0xff,0xff,
	0xff,0xff,0xff,0x00,0xff,0xff,0xff,0x00,0xff,0xff,0xff,0x00,0xff,0xff,0xff,0x00,
	0xff,0xff,0xff,0xff,0xff,0xff,0xff,0xff,0xff,0xff,0xff,0xff,0xff,0xff,0xff,0xff,
	0xff,0xff,0xff,0x00,0xff,0xff,0xff,0x00,0xff,0xff,0xff,0x00,0xff,0xff,0xff,0x00,
	0xff,0xff,0xff,0x00,0xff,0xff,0xff,0x00,0xff,0xff,0xff,0x00,0xff,0xff,0xff,0x00,
	0xff,0xff,0xff,0xff,0xff,0xff,0xff,0xff,0xff,0xff,0xff,0xff,0x00,0x00,0xc3,0xff,
	0x00,0x00,0xc3,0xff,0x00,0x00,0xc3,0xff,0xff,0xff,0xff,0x00,0xff,0xff,0xff,0x00,
	0xff,0xff,0xff,0xff,0xff,0xff,0xff,0xff,0xff,0xff,0xff,0xff,0x00,0x00,0xc3,0xff,
	0x00,0x00,0xc3,0xff,0x00,0x00,0xc3,0xff,0xff,0xff,0xff,0x00,0xff,0xff,0xff,0x00,
	0xff,0xff,0xff,0x00,0xff,0xff,0xff,0x00,0xff,0xff,0xff,0x00,0xff,0xff,0xff,0xff,
	0xff,0xff,0xff,0xff,0xff,0xff,0xff,0xff,0xff,0xff,0xff,0xff,0xff,0xff,0xff,0xff,
	0xff,0xff,0xff,0xff,0xff,0xff,0xff,0x00,0xff,0xff,0xff,0x00,0xff,0xff,0xff,0xff,
	0xff,0xff,0xff,0xff,0xff,0xff,0xff,0xff,0xff,0xff,0xff,0xff,0xff,0xff,0xff,0xff,
	0xff,0xff,0xff,0xff,0xff,0xff,0xff,0x00,0xff,0xff,0xff,0x00,0xff,0xff,0xff,0x00,
	0xff,0xff,0xff,0x00,0xff,0xff,0xff,0x00,0x00,0x00,0xc3,0xff,0x00,0x00,0xc3,0xff,
	0x00,0x00,0xc3,0xff,0x00,0x00,0xc3,0xff,0xff,0xff,0xff,0xff,0xff,0xff,0xff,0xff,
	0x00,0x00,0xc3,0xff,0x00,0x00,0xc3,0xff,0x00,0x00,0xc3,0xff,0x00,0x00,0xc3,0xff,
	0xff,0xff,0xff,0xff,0xff,0xff,0xff,0xff,0x00,0x00,0xc3,0xff,0x00,0x00,0xc3,0xff,
	0x00,0x00,0xc3,0xff,0x00,0x00,0xc3,0xff,0xff,0xff,0xff,0x00,0xff,0xff,0xff,0x00,
	0xff,0xff,0xff,0x00,0xff,0xff,0xff,0x00,0x00,0x00,0xc3,0xff,0x00,0x00,0xc3,0xff,
	0x00,0x00,0xc3,0xff,0x00,0x00,0xc3,0xff,0xff,0xff,0xff,0xff,0xff,0xff,0xff,0xff,
	0x00,0x00,0xc3,0xff,0x00,0x00,0xc3,0xff,0x00,0x00,0xc3,0xff,0x00,0x00,0xc3,0xff,
	0xff,0xff,0xff,0xff,0xff,0xff,0xff,0xff,0x00,0x00,0xc3,0xff,0x00,0x00,0xc3,0xff,
	0x00,0x00,0xc3,0xff,0x00,0x00,0xc3,0xff,0xff,0xff,0xff,0x00,0xff,0xff,0xff,0x00,
	0xff,0xff,0xff,0x00,0xff,0xff,0xff,0x00,0xff,0xff,0xff,0xff,0xff,0xff,0xff,0xff,
	0xff,0xff,0xff,0xff,0xff,0xff,0xff,0xff,0x00,0x00,0xc3,0xff,0x00,0x00,0xc3,0xff,
	0xff,0xff,0xff,0xff,0xff,0xff,0xff,0xff,0xff,0xff,0xff,0xff,0xff,0xff,0xff,0xff,
	0x00,0x00,0xc3,0xff,0x00,0x00,0xc3,0xff,0xff,0xff,0xff,0xff,0xff,0xff,0xff,0xff,
	0xff,0xff,0xff,0xff,0xff,0xff,0xff,0xff,0xff,0xff,0xff,0x00,0xff,0xff,0xff,0x00,
	0xff,0xff,0xff,0x00,0xff,0xff,0xff,0x00,0xff,0xff,0xff,0xff,0xff,0xff,0xff,0xff,
	0xff,0xff,0xff,0xff,0xff,0xff,0xff,0xff,0x00,0x00,0xc3,0xff,0x00,0x00,0xc3,0xff,
	0xff,0xff,0xff,0xff,0xff,0xff,0xff,0xff,0xff,0xff,0xff,0xff,0xff,0xff,0xff,0xff,
	0x00,0x00,0xc3,0xff,0x00,0x00,0xc3,0xff,0xff,0xff,0xff,0xff,0xff,0xff,0xff,0xff,
	0xff,0xff,0xff,0xff,0xff,0xff,0xff,0xff,0xff,0xff,0xff,0x00,0xff,0xff,0xff,0x00,
	0xff,0xff,0xff,0x00,0xff,0xff,0xff,0x00,0xff,0xff,0xff,0x00,0xff,0x00,0x00,0xff,
	0xff,0x00,0x00,0xff,0xff,0x00,0x00,0xff,0xff,0x00,0x00,0xff,0xf9,0xbc,0x54,0xff,
	0xf9,0xbc,0x54,0xff,0xff,0xff,0xff,0x00,0xff,0xff,0xff,0x00,0xff,0xff,0xff,0x00,
	0xf9,0xbc,0x54,0xff,0xf9,0xbc,0x54,0xff,0xff,0xff,0xff,0x00,0xff,0xff,0xff,0x00,
	0xff,0xff,0xff,0x00,0xff,0xff,0xff,0x00,0xff,0xff,0xff,0x00,0xff,0xff,0xff,0x00,
	0xff,0xff,0xff,0x00,0xff,0xff,0xff,0x00,0xff,0x00,0x00,0xff,0xe6,0xe6,0xff,0xff,
	0xff,0x00,0x00,0xff,0xff,0x00,0x00,0xff,0xff,0x00,0x00,0xff,0xff,0x00,0x00,0xff,
	0xff,0x00,0x00,0xff,0xff,0x00,0x00,0xff,0xff,0x00,0x00,0xff,0xff,0x00,0x00,0xff,
	0xff,0x00,0x00,0xff,0xff,0x00,0x00,0xff,0xff,0x00,0x00,0xff,0xff,0x00,0x00,0xff,
	0xff,0x00,0x00,0xff,0xff,0x00,0x00,0xff,0xff,0xff,0xff,0x00,0xff,0xff,0xff,0x00,
	0xff,0xff,0xff,0x00,0xff,0xff,0xff,0x00,0xff,0xff,0xff,0x00,0xf9,0xbc,0x54,0xff,
	0xf9,0xbc,0x54,0xff,0xf9,0xbc,0x54,0xff,0xf9,0xbc,0x54,0xff,0xf9,0xbc,0x54,0xff,
	0xf9,0xbc,0x54,0xff,0xc3,0x75,0x00,0xff,0xc3,0x75,0x00,0xff,0xf9,0xbc,0x54,0xff,
	0xf9,0xbc,0x54,0xff,0xf9,0xbc,0x54,0xff,0xf9,0xbc,0x54,0xff,0xf9,0xbc,0x54,0xff,
	0xf9,0xbc,0x54,0xff,0xff,0xff,0xff,0x00,0xff,0xff,0xff,0x00,0xff,0xff,0xff,0x00,
	0xff,0xff,0xff,0x00,0xff,0x00,0x00,0xff,0xff,0x00,0x00,0xff,0xff,0x00,0x00,0xff,
	0xe6,0xe6,0xff,0xff,0xe6,0xe6,0xff,0xff,0xff,0x00,0x00,0xff,0xff,0x00,0x00,0xff,
	0xff,0x00,0x00,0xff,0xff,0x00,0x00,0xff,0xff,0x00,0x00,0xff,0xff,0x00,0x00,0xff,
	0xff,0x00,0x00,0xff,0xff,0x00,0x00,0xff,0xff,0x00,0x00,0xff,0xff,0x00,0x00,0xff,
	0xff,0x00,0x00,0xff,0xff,0x00,0x00,0xff,0xff,0x00,0x00,0xff,0xff,0xff,0xff,0x00,
	0xff,0xff,0xff,0x00,0xff,0xff,0xff,0x00,0xff,0xff,0xff,0x00,0x00,0xff,0x00,0xff,
	0x00,0xff,0x00,0xff,0x54,0xc3,0xe3,0xff,0x54,0xc3,0xe3,0xff,0xe6,0xe6,0xff,0xff,
	0x54,0xc3,0xe3,0xff,0x00,0xff,0x00,0xff,0x00,0xff,0x00,0xff,0x00,0xff,0x00,0xff,
	0x00,0xff,0x00,0xff,0x54,0xc3,0xe3,0xff,0x00,0xff,0x00,0xff,0x00,0xff,0x00,0xff,
	0xff,0xff,0xff,0x00,0xff,0xff,0xff,0x00,0xff,0xff,0xff,0x00,0xff,0xff,0xff,0x00,
	0xff,0xff,0xff,0x00,0xff,0xff,0xff,0x00,0xff,0xff,0xff,0x00,0x29,0x29,0xff,0xff,
	0xff,0xff,0x00,0xff,0xff,0xff,0x00,0xff,0xff,0x00,0x00,0xff,0xff,0x00,0x00,0xff,
	0xff,0xff,0x00,0xff,0xff,0x00,0x00,0xff,0xff,0x00,0x00,0xff,0xff,0xff,0x00,0xff,
	0xff,0x00,0x00,0xff,0xff,0x00,0x00,0xff,0xff,0xff,0x00,0xff,0xff,0xff,0x00,0xff,
	0x29,0x29,0xff,0xff,0xff,0xff,0xff,0x00,0xff,0xff,0xff,0x00,0xff,0xff,0xff,0x00,
	0xff,0xff,0xff,0x00,0xff,0xff,0xff,0x00,0xff,0xff,0xff,0x00,0xff,0xff,0x00,0xff,
	0xff,0xff,0x00,0xff,0xff,0xff,0x00,0xff,0xff,0xff,0xff,0x00,0xff,0xff,0x00,0xff,
	0xff,0xff,0x00,0xff,0xff,0xff,0x00,0xff,0xff,0xff,0x00,0xff,0xff,0xff,0x00,0xff,
	0xff,0xff,0x00,0xff,0xff,0xff,0x00,0xff,0xff,0xff,0x00,0xff,0xff,0xff,0x00,0xff,
	0xff,0xff,0xff,0x00,0xff,0xff,0xff,0x00,0xff,0xff,0xff,0x00,0xff,0xff,0xff,0x00,
	0xff,0xff,0xff,0x00,0xff,0xff,0xff,0x00,0xff,0xff,0xff,0x00,0xff,0xff,0xff,0x00,
	0xff,0xff,0xff,0x00,0xff,0xff,0xff,0x00,0xff,0xff,0xff,0x00,0x54,0xc3,0xe3,0xff,
	0x54,0xc3,0xe3,0xff,0x54,0xc3,0xe3,0xff,0x54,0xc3,0xe3,0xff,0x54,0xc3,0xe3,0xff,
	0x54,0xc3,0xe3,0xff,0xff,0xff,0xff,0x00,0xff,0xff,0xff,0x00,0xff,0xff,0xff,0x00,
	0xff,0xff,0xff,0x00,0xff,0xff,0xff,0x00,0xff,0xff,0xff,0x00,0xff,0xff,0xff,0x00,
	0xff,0xff,0xff,0x00,0xff,0xff,0xff,0x00,0xff,0xff,0xff,0x00,0x00,0xe6,0xff,0xff,
	0xff,0xff,0xff,0x00,0xff,0xff,0xff,0x00,0x00,0xe6,0xff,0xff,0xff,0xff,0xff,0x00,
	0x00,0xe6,0xff,0xff,0xff,0xff,0xff,0x00,0xff,0xff,0xff,0x00,0x00,0xe6,0xff,0xff,
	0xff,0xff,0xff,0x00,0x00,0xe6,0xff,0xff,0xff,0xff,0xff,0x00,0xff,0xff,0xff,0x00,
	0x00,0xe6,0xff,0xff,0xff,0xff,0xff,0x00,0xff,0xff,0xff,0x00,0xff,0xff,0xff,0x00,
	0xff,0xff,0xff,0x00,0xff,0xff,0xff,0x00,0xff,0xff,0xff,0x00,0xff,0xff,0xff,0x00,
	0x00,0xe6,0xff,0xff,0x00,0xe6,0xff,0xff,0xff,0xff,0xff,0x00,0xff,0xff,0xff,0x00,
	0x00,0xe6,0xff,0xff,0xff,0xff,0xff,0x00,0xff,0xff,0xff,0x00,0x00,0xe6,0xff,0xff,
	0xff,0xff,0xff,0x00,0x00,0xe6,0xff,0xff,0xff,0xff,0xff,0x00,0xff,0xff,0xff,0x00,
	0x00,0xe6,0xff,0xff,0xff,0xff,0xff,0x00,0xff,0xff,0xff,0x00,0xff,0xff,0xff,0x00,
	0xff,0xff,0xff,0x00,0xff,0xff,0xff,0x00,0xff,0xff,0xff,0x00,0x00,0xe6,0xff,0xff,
	0xff,0xff,0xff,0x00,0xff,0xff,0xff,0x00,0x00,0xe6,0xff,0xff,0xff,0xff,0xff,0x00,
	0x00,0xe6,0xff,0xff,0xff,0xff,0xff,0x00,0xff,0xff,0xff,0x00,0x00,0xe6,0xff,0xff,
	0xff,0xff,0xff,0x00,0x00,0xe6,0xff,0xff,0xff,0xff,0xff,0x00,0xff,0xff,0xff,0x00,
	0x00,0xe6,0xff,0xff,0xff,0xff,0xff,0x00,0xff,0xff,0xff,0x00,0xff,0xff,0xff,0x00,
	0xff,0xff,0xff,0x00,0xff,0xff,0xff,0x00,0x00,0xe6,0xff,0xff,0xff,0xff,0xff,0x00,
	0x00,0xe6,0xff,0xff,0xff,0xff,0xff,0x00,0xff,0xff,0xff,0x00,0xff,0xff,0xff,0x00,
	0xff,0xff,0xff,0x00,0x00,0xe6,0xff,0xff,0xff,0xff,0xff,0x00,0xff,0xff,0xff,0x00,
	0x00,0xe6,0xff,0xff,0xff,0xff,0xff,0x00,0x00,0xe6,0xff,0xff,0xff,0xff,0xff,0x00,
	0xff,0xff,0xff,0x00,0x00,0xe6,0xff,0xff,0xff,0xff,0xff,0x00,0xff,0xff,0xff,0x00,
	0xff,0xff,0xff,0x00,0xff,0xff,0xff,0x00,0xff,0xff,0xff,0x00,0xff,0xff,0xff,0x00,
	0xff,0xff,0xff,0x00,0xff,0xff,0xff,0x00,0xff,0xff,0xff,0x00,0xff,0xff,0xff,0x00,
	0xff,0xff,0xff,0x00,0xff,0xff,0xff,0x00,0xff,0xff,0xff,0x00,0xff,0xff,0xff,0x00,
	0xff,0xff,0xff,0x00,0xff,0xff,0xff,0x00,0xff,0xff,0xff,0x00,0xff,0xff,0xff,0x00,
	0xff,0xff,0xff,0x00,0xff,0xff,0xff,0x00,0xff,0xff,0xff,0x00,0xff,0xff,0xff,0x00,
	0xff,0xff,0xff,0x00,0xff,0xff,0x00,0xff,0xff,0xff,0x00,0xff,0xff,0xff,0x00,0xff,
	0xff,0xff,0x00,0xff,0xff,0xff,0x00,0xff,0xff,0xff,0x00,0xff,0xff,0xff,0x00,0xff,
	0xff,0xff,0x00,0xff,0xff,0xff,0x00,0xff,0xff,0xff,0x00,0xff,0xff,0xff,0x00,0xff,
	0xff,0xff,0x00,0xff,0xff,0xff,0x00,0xff,0xff,0xff,0x00,0xff,0xff,0xff,0x00,0xff,
	0xff,0xff,0x00,0xff,0xff,0xff,0x00,0xff,0xff,0xff,0x00,0xff,0xff,0xff,0xff,0x00,
	0xff,0xff,0xff,0x00,0xff,0xff,0xff,0x00,0xff,0xff,0xff,0x00,0xff,0xff,0xff,0x00,
	0xff,0xff,0xff,0x00,0xff,0xff,0xff,0x00,0xff,0xff,0xff,0x00,0xff,0xff,0xff,0x00,
	0xff,0xff,0x00,0xff,0xff,0xff,0x00,0xff,0xff,0xff,0x00,0xff,0xff,0xff,0x00,0xff,
	0xff,0xff,0x00,0xff,0xff,0xff,0x00,0xff,0xff,0xff,0x00,0xff,0xff,0xff,0x00,0xff,
	0xff,0xff,0x00,0xff,0xff,0xff,0x00,0xff,0xff,0xff,0x00,0xff,0xff,0xff,0xff,0x00,
	0xff,0xff,0xff,0x00,0xff,0xff,0xff,0x00,0xff,0xff,0xff,0x00,0xff,0xff,0xff,0x00,
	0xff,0xff,0xff,0x00,0xff,0xff,0xff,0x00,0xff,0xff,0xff,0x00,0xff,0xff,0xff,0x00,
	0xff,0xff,0xff,0x00,0xff,0xff,0xff,0x00,0xff,0xff,0x00,0xff,0xff,0xff,0x00,0xff,
	0xff,0xff,0x00,0xff,0xff,0xff,0x00,0xff,0xff,0xff,0x00,0xff,0xff,0xff,0x00,0xff,
	0xff,0xff,0x00,0xff,0xff,0xff,0x00,0xff,0xff,0xff,0x00,0xff,0xff,0xff,0xff,0x00,
	0xff,0xff,0xff,0x00,0xff,0xff,0x00,0xff,0xff,0xff,0x00,0xff,0xff,0xff,0x00,0xff,
	0xff,0xff,0x00,0xff,0xff,0xff,0x00,0xff,0xff,0xff,0x00,0xff,0xff,0xff,0x00,0xff,
	0xff,0xff,0x00,0xff,0xff,0xff,0x00,0xff,0xff,0xff,0x00,0xff,0xff,0xff,0x00,0xff,
	0xff,0xff,0x00,0xff,0xff,0xff,0x00,0xff,0xff,0xff,0x00,0xff,0xff,0xff,0x00,0xff,
	0xff,0xff,0x00,0xff,0xff,0xff,0x00,0xff,0xff,0xff,0x00,0xff,0xff,0xff,0xff,0x00,
	0xff,0xff,0xff,0x00,0xff,0xff,0x00,0xff,0xff,0xff,0x00,0xff,0xff,0xff,0x00,0xff,
	0xff,0xff,0x00,0xff,0xff,0xff,0x00,0xff,0xff,0xff,0x00,0xff,0xff,0xff,0x00,0xff,
	0xff,0xff,0x00,0xff,0xff,0xff,0x00,0xff,0xff,0xff,0x00,0xff,0xff,0xff,0x00,0xff,
	0xff,0xff,0x00,0xff,0xff,0xff,0x00,0xff,0xff,0xff,0x00,0xff,0xff,0xff,0x00,0xff,
	0xff,0xff,0x00,0xff,0xff,0xff,0x00,0xff,0xff,0xff,0x00,0xff,0xff,0xff,0xff,0x00,
	0xff,0xff,0xff,0x00,0xff,0xff,0x00,0xff,0xff,0xff,0x00,0xff,0xff,0xff,0x00,0xff,
	0xff,0xff,0x00,0xff,0xff,0xff,0x00,0xff,0xff,0xff,0x00,0xff,0xff,0xff,0x00,0xff,
	0xff,0xff,0x00,0xff,0xff,0xff,0x00,0xff,0xff,0xff,0x00,0xff,0xff,0xff,0x00,0xff,
	0xff,0xff,0xff,0x00,0xff,0xff,0xff,0x00,0xff,0xff,0xff,0x00,0xff,0xff,0xff,0x00,
	0xff,0xff,0xff,0x00,0xff,0xff,0xff,0x00,0xff,0xff,0xff,0x00,0xff,0xff,0xff,0x00,
	0xff,0xff,0xff,0x00,0xff,0xff,0x00,0xff,0xff,0xff,0x00,0xff,0xff,0xff,0x00,0xff,
	0xff,0xff,0x00,0xff,0xff,0xff,0x00,0xff,0xff,0xff,0x00,0xff,0xff,0xff,0x00,0xff,
	0xff,0xff,0x00,0xff,0xff,0xff,0x00,0xff,0xff,0xff,0xff,0x00,0xff,0xff,0xff,0x00,
	0xff,0xff,0xff,0x00,0xff,0xff,0xff,0x00,0xff,0xff,0xff,0x00,0xff,0xff,0xff,0x00,
	0xff,0xff,0xff,0x00,0xff,0xff,0xff,0x00,0xff,0xff,0xff,0x00,0xff,0xff,0xff,0x00,
	0xff,0xff,0xff,0x00,0xff,0xff,0x00,0xff,0xff,0xff,0x00,0xff,0xff,0xff,0x00,0xff,
	0xff,0xff,0x00,0xff,0xff,0xff,0x00,0xff,0xff,0xff,0x00,0xff,0xff,0xff,0x00,0xff,
	0xff,0xff,0x00,0xff,0xff,0xff,0xff,0x00,0xff,0xff,0xff,0x00,0xff,0xff,0x00,0xff,
	0xff,0xff,0x00,0xff,0xff,0xff,0x00,0xff,0xff,0xff,0x00,0xff,0xff,0xff,0x00,0xff,
	0xff,0xff,0x00,0xff,0xff,0xff,0x00,0xff,0xff,0xff,0x00,0xff,0xff,0xff,0xff,0x00,
	0xff,0xff,0xff,0x00,0xff,0xff,0x00,0xff,0xff,0xff,0x00,0xff,0xff,0xff,0x00,0xff,
	0xff,0xff,0x00,0xff,0xff,0xff,0x00,0xff,0xff,0xff,0x00,0xff,0xff,0xff,0xff,0x00,
	0xff,0xff,0xff,0x00,0xff,0xff,0xff,0x00,0xff,0xff,0xff,0x00,0xff,0xff,0xff,0x00,
	0xff,0xff,0xff,0x00,0xff,0xff,0x00,0xff,0xff,0xff,0x00,0xff,0xff,0xff,0x00,0xff,
	0xff,0xff,0x00,0xff,0xff,0xff,0x00,0xff,0xff,0xff,0x00,0xff,0xff,0xff,0xff,0x00,
	0xff,0xff,0xff,0x00,0xff,0xff,0x00,0xff,0xff,0xff,0x00,0xff,0xff,0xff,0x00,0xff,
	0xff,0xff,0x00,0xff,0xff,0xff,0xff,0x00,0xff,0xff,0xff,0x00,0xff,0xff,0xff,0x00,
	0xff,0xff,0xff,0x00,0xff,0xff,0xff,0x00,0xff,0xff,0xff,0x00,0xff,0xff,0xff,0x00,
	0xff,0xff,0xff,0x00,0xff,0xff,0xff,0x00,0xff,0xff,0xff,0x00,0xff,0xff,0x00,0xff,
	0xff,0xff,0x00,0xff,0xff,0xff,0x00,0xff,0xff,0xff,0x00,0xff,0xff,0xff,0xff,0x00,
	0xff,0xff,0xff,0x00,0xff,0xff,0xff,0x00,0xff,0xff,0xff,0x00,0xff,0xff,0xff,0x00,
	0xff,0xff,0xff,0x00,0xff,0xff,0xff,0x00,0xff,0xff,0xff,0x00,0xff,0xff,0xff,0x00,
	0xff,0xff,0xff,0x00,0xff,0xff,0xff,0x00,0xff,0xff,0xff,0x00,0xff,0xff,0xff,0x00,
	0xff,0xff,0xff,0x00,0xff,0xff,0xff,0x00,0xff,0xff,0xff,0x00,0xff,0xff,0xff,0x00,
	0xff,0xff,0xff,0x00,0xff,0xff,0xff,0x00,0xff,0xff,0xff,0x00,0xff,0xff,0xff,0x00,
	0xff,0xff,0xff,0x00,0xff,0xff,0xff,0x00,0xff,0xff,0xff,0x00,0xff,0xff,0xff,0x00,
	0xff,0xff,0xff,0x00,0xff,0xff,0xff,0x00,0xff,0xff,0xff,0x00,0xff,0xff,0xff,0x00,
	0xff,0xff,0xff,0x00,0xff,0xff,0xff,0x00,0xff,0xff,0xff,0x00,0xff,0xff,0xff,0x00,
	0xff,0xff,0xff,0x00,0xff,0xff,0xff,0x00,0xff,0xff,0xff,0x00,0xff,0xff,0xff,0x00,
	0xff,0xff,0xff,0x00,0xff,0xff,0xff,0x00,0xff,0xff,0xff,0x00,0xff,0xff,0xff,0x00,
	0xff,0xff,0xff,0x00,0xff,0xff,0xff,0x00,0xff,0xff,0xff,0x00,0xff,0xff,0xff,0x00,
	0xff,0xff,0xff,0x00,0xff,0xff,0xff,0x00,0xff,0xff,0xff,0x00,0xff,0xff,0xff,0x00,
	0xff,0xff,0xff,0x00,0xff,0xff,0xff,0x00,0xff,0xff,0xff,0x00,0xff,0xff,0xff,0x00,
	0xff,0xff,0xff,0x00,0xff,0xff,0xff,0x00,0xff,0xff,0xff,0x00,0xff,0xff,0xff,0x00,
	0xff,0xff,0xff,0x00,0xff,0xff,0xff,0x00,0xff,0xff,0xff,0x00,0xff,0xff,0xff,0x00,
	0xff,0xff,0xff,0x00,0xff,0xff,0xff,0x00,0xff,0xff,0xff,0x00,0xff,0xff,0xff,0x00,
	0xff,0xff,0xff,0x00,0xff,0xff,0xff,0x00,0xff,0xff,0xff,0x00,0xff,0xff,0xff,0x00,
	0xff,0xff,0xff,0x00,0xff,0xff,0xff,0x00,0xff,0xff,0xff,0x00,0xff,0xff,0xff,0x00,
	0xff,0xff,0xff,0x00,0xff,0xff,0xff,0x00,0xff,0xff,0xff,0x00,0xff,0xff,0xff,0x00,
	0xff,0xff,0xff,0x00,0xff,0xff,0xff,0x00,0xff,0xff,0xff,0x00,0xff,0xff,0xff,0x00,
	0xff,0xff,0xff,0x00,0xff,0xff,0xff,0x00,0xff,0xff,0xff,0x00,0xff,0xff,0xff,0x00,
	0xff,0xff,0xff,0x00,0xff,0xff,0xff,0x00,0xff,0xff,0x00,0xff,0xff,0xff,0xff,0x00,
	0xff,0xff,0xff,0x00,0xff,0xff,0xff,0x00,0xff,0xff,0xff,0x00,0xff,0xff,0xff,0x00,
	0xff,0xff,0x00,0xff,0xff,0xff,0xff,0x00,0xff,0xff,0xff,0x00,0xff,0xff,0xff,0x00,
	0xff,0xff,0xff,0x00,0xff,0xff,0xff,0x00,0xff,0xff,0xff,0x00,0xff,0xff,0xff,0x00,
	0xff,0xff,0xff,0x00,0xff,0xff,0xff,0x00,0x00,0x00,0xc3,0xff,0x00,0x00,0xc3,0xff,
	0x00,0x00,0xc3,0xff,0xff,0xff,0xff,0xff,0xff,0xff,0xff,0xff,0xff,0xff,0xff,0xff,
	0xff,0x00,0x00,0xff,0xff,0x00,0x00,0xff,0x00,0x00,0xc3,0xff,0x00,0x00,0xc3,0xff,
	0x00,0x00,0xc3,0xff,0xff,0xff,0xff,0xff,0xff,0xff,0xff,0xff,0xff,0xff,0xff,0xff,
	0xff,0x00,0x00,0xff,0xff,0x00,0x00,0xff,0xff,0xff,0xff,0x00,0xff,0xff,0xff,0x00,
	0xff,0xff,0xff,0x00,0xff,0xff,0xff,0x00,0x00,0x00,0xc3,0xff,0x00,0x00,0xc3,0xff,
	0x00,0x00,0xc3,0xff,0xff,0xff,0xff,0xff,0xff,0xff,0xff,0xff,0xff,0xff,0xff,0xff,
	0xff,0x00,0x00,0xff,0xff,0x00,0x00,0xff,0x00,0x00,0xc3,0xff,0x00,0x00,0xc3,0xff,
	0x00,0x00,0xc3,0xff,0xff,0xff,0xff,0xff,0xff,0xff,0xff,0xff,0xff,0xff,0xff,0xff,
	0xff,0x00,0x00,0xff,0xff,0x00,0x00,0xff,0xff,0xff,0xff,0x00,0xff,0xff,0xff,0x00,
	0xff,0xff,0xff,0x00,0xff,0xff,0xff,0x00,0xff,0x00,0x00,0xff,0xff,0xff,0xff,0xff,
	0xff,0xff,0xff,0xff,0xff,0xff,0xff,0xff,0xff,0xff,0xff,0xff,0xff,0xff,0xff,0xff,
	0xff,0xff,0xff,0xff,0xff,0x00,0x00,0xff,0xff,0x00,0x00,0xff,0xff,0xff,0xff,0xff,
	0xff,0xff,0xff,0xff,0xff,0xff,0xff,0xff,0xff,0xff,0xff,0xff,0xff,0xff,0xff,0xff,
	0xff,0xff,0xff,0xff,0xff,0x00,0x00,0xff,0xff,0xff,0xff,0x00,0xff,0xff,0xff,0x00,
	0xff,0xff,0xff,0x00,0xff,0xff,0xff,0x00,0xff,0x00,0x00,0xff,0xff,0xff,0xff,0xff,
	0xff,0xff,0xff,0xff,0xff,0xff,0xff,0xff,0xff,0xff,0xff,0xff,0xff,0xff,0xff,0xff,
	0xff,0xff,0xff,0xff,0xff,0x00,0x00,0xff,0xff,0x00,0x00,0xff,0xff,0xff,0xff,0xff,
	0xff,0xff,0xff,0xff,0xff,0xff,0xff,0xff,0xff,0xff,0xff,0xff,0xff,0xff,0xff,0xff,
	0xff,0xff,0xff,0xff,0xff,0x00,0x00,0xff,0xff,0xff,0xff,0x00,0xff,0xff,0xff,0x00,
	0xff,0xff,0xff,0x00,0xff,0xff,0xff,0x00,0xff,0x00,0x00,0xff,0xff,0x00,0x00,0xff,
	0xff,0xff,0xff,0xff,0xff,0xff,0xff,0xff,0xff,0xff,0xff,0xff,0x00,0x00,0xc3,0xff,
	0x00,0x00,0xc3,0xff,0x00,0x00,0xc3,0xff,0xff,0x00,0x00,0xff,0xff,0x00,0x00,0xff,
	0xff,0xff,0xff,0xff,0xff,0xff,0xff,0xff,0xff,0xff,0xff,0xff,0x00,0x00,0xc3,0xff,
	0x00,0x00,0xc3,0xff,0x00,0x00,0xc3,0xff,0xff,0xff,0xff,0x00,0xff,0xff,0xff,0x00,
	0xff,0xff,0xff,0x00,0xff,0xff,0xff,0x00,0xff,0x00,0x00,0xff,0xff,0x00,0x00,0xff,
	0xff,0xff,0xff,0xff,0xff,0xff,0xff,0xff,0xff,0xff,0xff,0xff,0x00,0x00,0xc3,0xff,
	0x00,0x00,0xc3,0xff,0x00,0x00,0xc3,0xff,0xff,0x00,0x00,0xff,0xff,0x00,0x00,0xff,
	0xff,0xff,0xff,0xff,0xff,0xff,0xff,0xff,0xff,0xff,0xff,0xff,0x00,0x00,0xc3,0xff,
	0x00,0x00,0xc3,0xff,0x00,0x00,0xc3,0xff,0xff,0xff,0xff,0x00,0xff,0xff,0xff,0x00,
	0xff,0xff,0xff,0x00,0xff,0xff,0xff,0x00,0xff,0x00,0x00,0xff,0xff,0xff,0xff,0xff,
	0xff,0xff,0xff,0xff,0xff,0xff,0xff,0xff,0xff,0xff,0xff,0xff,0xff,0xff,0xff,0xff,
	0xff,0xff,0xff,0xff,0xff,0x00,0x00,0xff,0xff,0x00,0x00,0xff,0xff,0xff,0xff,0xff,
	0xff,0xff,0xff,0xff,0xff,0xff,0xff,0xff,0xff,0xff,0xff,0xff,0xff,0xff,0xff,0xff,
	0xff,0xff,0xff,0xff,0xff,0x00,0x00,0xff,0xff,0xff,0xff,0x00,0xff,0xff,0xff,0x00,
	0xff,0xff,0xff,0x00,0xff,0xff,0xff,0x00,0xff,0x00,0x00,0xff,0xff,0xff,0xff,0xff,
	0xff,0xff,0xff,0xff,0xff,0xff,0xff,0xff,0xff,0xff,0xff,0xff,0xff,0xff,0xff,0xff,
	0xff,0xff,0xff,0xff,0xff,0x00,0x00,0xff,0xff,0x00,0x00,0xff,0xff,0xff,0xff,0xff,
	0xff,0xff,0xff,0xff,0xff,0xff,0xff,0xff,0xff,0xff,0xff,0xff,0xff,0xff,0xff,0xff,
	0xff,0xff,0xff,0xff,0xff,0x00,0x00,0xff,0xff,0xff,0xff,0x00,0xff,0xff,0xff,0x00,
	0xff,0xff,0xff,0x00,0xff,0xff,0xff,0x00,0x00,0x00,0xc3,0xff,0x00,0x00,0xc3,0xff,
	0x00,0x00,0xc3,0xff,0xff,0xff,0xff,0xff,0xff,0xff,0xff,0xff,0xff,0xff,0xff,0xff,
	0xff,0xa6,0xc3,0xff,0xff,0xa6,0xc3,0xff,0x00,0x00,0xc3,0xff,0x00,0x00,0xc3,0xff,
	0x00,0x00,0xc3,0xff,0xff,0xff,0xff,0xff,0xff,0xff,0xff,0xff,0xff,0xff,0xff,0xff,
	0xff,0xa6,0xc3,0xff,0xff,0xa6,0xc3,0xff,0xff,0xff,0xff,0x00,0xff,0xff,0xff,0x00,
	0xff,0xff,0xff,0x00,0xff,0xff,0xff,0x00,0x00,0x00,0xc3,0xff,0x00,0x00,0xc3,0xff,
	0x00,0x00,0xc3,0xff,0xff,0xff,0xff,0xff,0xff,0xff,0xff,0xff,0xff,0xff,0xff,0xff,
	0xff,0xa6,0xc3,0xff,0xff,0xa6,0xc3,0xff,0x00,0x00,0xc3,0xff,0x00,0x00,0xc3,0xff,
	0x00,0x00,0xc3,0xff,0xff,0xff,0xff,0xff,0xff,0xff,0xff,0xff,0xff,0xff,0xff,0xff,
	0xff,0xa6,0xc3,0xff,0xff,0xa6,0xc3,0xff,0xff,0xff,0xff,0x00,0xff,0xff,0xff,0x00,
	0xff,0xff,0xff,0x00,0xff,0xff,0xff,0x00,0xff,0xa6,0xc3,0xff,0xff,0xff,0xff,0xff,
	0xff,0xff,0xff,0xff,0xff,0xff,0xff,0xff,0xff,0xff,0xff,0xff,0xff,0xff,0xff,0xff,
	0xff,0xff,0xff,0xff,0xff,0xa6,0xc3,0xff,0xff,0xa6,0xc3,0xff,0xff,0xff,0xff,0xff,
	0xff,0xff,0xff,0xff,0xff,0xff,0xff,0xff,0xff,0xff,0xff,0xff,0xff,0xff,0xff,0xff,
	0xff,0xff,0xff,0xff,0xff,0xa6,0xc3,0xff,0xff,0xff,0xff,0x00,0xff,0xff,0xff,0x00,
	0xff,0xff,0xff,0x00,0xff,0xff,0xff,0x00,0xff,0xa6,0xc3,0xff,0xff,0xff,0xff,0xff,
	0xff,0xff,0xff,0xff,0xff,0xff,0xff,0xff,0xff,0xff,0xff,0xff,0xff,0xff,0xff,0xff,
	0xff,0xff,0xff,0xff,0xff,0xa6,0xc3,0xff,0xff,0xa6,0xc3,0xff,0xff,0xff,0xff,0xff,
	0xff,0xff,0xff,0xff,0xff,0xff,0xff,0xff,0xff,0xff,0xff,0xff,0xff,0xff,0xff,0xff,
	0xff,0xff,0xff,0xff,0xff,0xa6,0xc3,0xff,0xff,0xff,0xff,0x00,0xff,0xff,0xff,0x00,
	0xff,0xff,0xff,0x00,0xff,0xff,0xff,0x00,0xff,0xa6,0xc3,0xff,0xff,0xa6,0xc3,0xff,
	0xff,0xff,0xff,0xff,0xff,0xff,0xff,0xff,0xff,0xff,0xff,0xff,0x00,0x00,0xc3,0xff,
	0x00,0x00,0xc3,0xff,0x00,0x00,0xc3,0xff,0xff,0xa6,0xc3,0xff,0xff,0xa6,0xc3,0xff,
	0xff,0xff,0xff,0xff,0xff,0xff,0xff,0xff,0xff,0xff,0xff,0xff,0x00,0x00,0xc3,0xff,
	0x00,0x00,0xc3,0xff,0x00,0x00,0xc3,0xff,0xff,0xff,0xff,0x00,0xff,0xff,0xff,0x00,
	0xff,0xff,0xff,0x00,0xff,0xff,0xff,0x00,0xff,0xa6,0xc3,0xff,0xff,0xa6,0xc3,0xff,
	0xff,0xff,0xff,0xff,0xff,0xff,0xff,0xff,0xff,0xff,0xff,0xff,0x00,0x00,0xc3,0xff,
	0x00,0x00,0xc3,0xff,0x00,0x00,0xc3,0xff,0xff,0xa6,0xc3,0xff,0xff,0xa6,0xc3,0xff,
	0xff,0xff,0xff,0xff,0xff,0xff,0xff,0xff,0xff,0xff,0xff,0xff,0x00,0x00,0xc3,0xff,
	0x00,0x00,0xc3,0xff,0x00,0x00,0xc3,0xff,0xff,0xff,0xff,0x00,0xff,0xff,0xff,0x00,
	0xff,0xff,0xff,0x00,0xff,0xff,0xff,0x00,0xff,0xa6,0xc3,0xff,0xff,0xff,0xff,0xff,
	0xff,0xff,0xff,0xff,0xff,0xff,0xff,0xff,0xff,0xff,0xff,0xff,0xff,0xff,0xff,0xff,
	0xff,0xff,0xff,0xff,0xff,0xa6,0xc3,0xff,0xff,0xa6,0xc3,0xff,0xff,0xff,0xff,0xff,
	0xff,0xff,0xff,0xff,0xff,0xff,0xff,0xff,0xff,0xff,0xff,0xff,0xff,0xff,0xff,0xff,
	0xff,0xff,0xff,0xff,0xff,0xa6,0xc3,0xff,0xff,0xff,0xff,0x00,0xff,0xff,0xff,0x00,
	0xff,0xff,0xff,0x00,0xff,0xff,0xff,0x00,0xff,0xa6,0xc3,0xff,0xff,0xff,0xff,0xff,
	0xff,0xff,0xff,0xff,0xff,0xff,0xff,0xff,0xff,0xff,0xff,0xff,0xff,0xff,0xff,0xff,
	0xff,0xff,0xff,0xff,0xff,0xa6,0xc3,0xff,0xff,0xa6,0xc3,0xff,0xff,0xff,0xff,0xff,
	0xff,0xff,0xff,0xff,0xff,0xff,0xff,0xff,0xff,0xff,0xff,0xff,0xff,0xff,0xff,0xff,
	0xff,0xff,0xff,0xff,0xff,0xa6,0xc3,0xff,0xff,0xff,0xff,0x00,0xff,0xff,0xff,0x00,
	0xff,0xff,0xff,0x00,0xff,0xff,0xff,0x00,0x00,0x00,0xc3,0xff,0x00,0x00,0xc3,0xff,
	0x00,0x00,0xc3,0xff,0xff,0xff,0xff,0xff,0xff,0xff,0xff,0xff,0xff,0xff,0xff,0xff,
	0x00,0xe6,0xff,0xff,0x00,0xe6,0xff,0xff,0x00,0x00,0xc3,0xff,0x00,0x00,0xc3,0xff,
	0x00,0x00,0xc3,0xff,0xff,0xff,0xff,0xff,0xff,0xff,0xff,0xff,0xff,0xff,0xff,0xff,
	0x00,0xe6,0xff,0xff,0x00,0xe6,0xff,0xff,0xff,0xff,0xff,0x00,0xff,0xff,0xff,0x00,
	0xff,0xff,0xff,0x00,0xff,0xff,0xff,0x00,0x00,0x00,0xc3,0xff,0x00,0x00,0xc3,0xff,
	0x00,0x00,0xc3,0xff,0xff,0xff,0xff,0xff,0xff,0xff,0xff,0xff,0xff,0xff,0xff,0xff,
	0x00,0xe6,0xff,0xff,0x00,0xe6,0xff,0xff,0x00,0x00,0xc3,0xff,0x00,0x00,0xc3,0xff,
	0x00,0x00,0xc3,0xff,0xff,0xff,0xff,0xff,0xff,0xff,0xff,0xff,0xff,0xff,0xff,0xff,
	0x00,0xe6,0xff,0xff,0x00,0xe6,0xff,0xff,0xff,0xff,0xff,0x00,0xff,0xff,0xff,0x00,
	0xff,0xff,0xff,0x00,0xff,0xff,0xff,0x00,0x00,0xe6,0xff,0xff,0xff,0xff,0xff,0xff,
	0xff,0xff,0xff,0xff,0xff,0xff,0xff,0xff,0xff,0xff,0xff,0xff,0xff,0xff,0xff,0xff,
	0xff,0xff,0xff,0xff,0x00,0xe6,0xff,0xff,0x00,0xe6,0xff,0xff,0xff,0xff,0xff,0xff,
	0xff,0xff,0xff,0xff,0xff,0xff,0xff,0xff,0xff,0xff,0xff,0xff,0xff,0xff,0xff,0xff,
	0xff,0xff,0xff,0xff,0x00,0xe6,0xff,0xff,0xff,0xff,0xff,0x00,0xff,0xff,0xff,0x00,
	0xff,0xff,0xff,0x00,0xff,0xff,0xff,0x00,0x00,0xe6,0xff,0xff,0xff,0xff,0xff,0xff,
	0xff,0xff,0xff,0xff,0xff,0xff,0xff,0xff,0xff,0xff,0xff,0xff,0xff,0xff,0xff,0xff,
	0xff,0xff,0xff,0xff,0x00,0xe6,0xff,0xff,0x00,0xe6,0xff,0xff,0xff,0xff,0xff,0xff,
	0xff,0xff,0xff,0xff,0xff,0xff,0xff,0xff,0xff,0xff,0xff,0xff,0xff,0xff,0xff,0xff,
	0xff,0xff,0xff,0xff,0x00,0xe6,0xff,0xff,0xff,0xff,0xff,0x00,0xff,0xff,0xff,0x00,
	0xff,0xff,0xff,0x00,0xff,0xff,0xff,0x00,0x00,0xe6,0xff,0xff,0x00,0xe6,0xff,0xff,
	0xff,0xff,0xff,0xff,0xff,0xff,0xff,0xff,0xff,0xff,0xff,0xff,0x00,0x00,0xc3,0xff,
	0x00,0x00,0xc3,0xff,0x00,0x00,0xc3,0xff,0x00,0xe6,0xff,0xff,0x00,0xe6,0xff,0xff,
	0xff,0xff,0xff,0xff,0xff,0xff,0xff,0xff,0xff,0xff,0xff,0xff,0x00,0x00,0xc3,0xff,
	0x00,0x00,0xc3,0xff,0x00,0x00,0xc3,0xff,0xff,0xff,0xff,0x00,0xff,0xff,0xff,0x00,
	0xff,0xff,0xff,0x00,0xff,0xff,0xff,0x00,0x00,0xe6,0xff,0xff,0x00,0xe6,0xff,0xff,
	0xff,0xff,0xff,0xff,0xff,0xff,0xff,0xff,0xff,0xff,0xff,0xff,0x00,0x00,0xc3,0xff,
	0x00,0x00,0xc3,0xff,0x00,0x00,0xc3,0xff,0x00,0xe6,0xff,0xff,0x00,0xe6,0xff,0xff,
	0xff,0xff,0xff,0xff,0xff,0xff,0xff,0xff,0xff,0xff,0xff,0xff,0x00,0x00,0xc3,0xff,
	0x00,0x00,0xc3,0xff,0x00,0x00,0xc3,0xff,0xff,0xff,0xff,0x00,0xff,0xff,0xff,0x00,
	0xff,0xff,0xff,0x00,0xff,0xff,0xff,0x00,0x00,0xe6,0xff,0xff,0xff,0xff,0xff,0xff,
	0xff,0xff,0xff,0xff,0xff,0xff,0xff,0xff,0xff,0xff,0xff,0xff,0xff,0xff,0xff,0xff,
	0xff,0xff,0xff,0xff,0x00,0xe6,0xff,0xff,0x00,0xe6,0xff,0xff,0xff,0xff,0xff,0xff,
	0xff,0xff,0xff,0xff,0xff,0xff,0xff,0xff,0xff,0xff,0xff,0xff,0xff,0xff,0xff,0xff,
	0xff,0xff,0xff,0xff,0x00,0xe6,0xff,0xff,0xff,0xff,0xff,0x00,0xff,0xff,0xff,0x00,
	0xff,0xff,0xff,0x00,0xff,0xff,0xff,0x00,0x00,0xe6,0xff,0xff,0xff,0xff,0xff,0xff,
	0xff,0xff,0xff,0xff,0xff,0xff,0xff,0xff,0xff,0xff,0xff,0xff,0xff,0xff,0xff,0xff,
	0xff,0xff,0xff,0xff,0x00,0xe6,0xff,0xff,0x00,0xe6,0xff,0xff,0xff,0xff,0xff,0xff,
	0xff,0xff,0xff,0xff,0xff,0xff,0xff,0xff,0xff,0xff,0xff,0xff,0xff,0xff,0xff,0xff,
	0xff,0xff,0xff,0xff,0x00,0xe6,0xff,0xff,0xff,0xff,0xff,0x00,0xff,0xff,0xff,0x00,
	0xff,0xff,0xff,0x00,0xff,0xff,0xff,0x00,0x00,0x00,0xc3,0xff,0x00,0x00,0xc3,0xff,
	0x00,0x00,0xc3,0xff,0xff,0xff,0xff,0xff,0xff,0xff,0xff,0xff,0xff,0xff,0xff,0xff,
	0xff,0xa6,0x00,0xff,0xff,0xa6,0x00,0xff,0x00,0x00,0xc3,0xff,0x00,0x00,0xc3,0xff,
	0x00,0x00,0xc3,0xff,0xff,0xff,0xff,0xff,0xff,0xff,0xff,0xff,0xff,0xff,0xff,0xff,
	0xff,0xa6,0x00,0xff,0xff,0xa6,0x00,0xff,0xff,0xff,0xff,0x00,0xff,0xff,0xff,0x00,
	0xff,0xff,0xff,0x00,0xff,0xff,0xff,0x00,0x00,0x00,0xc3,0xff,0x00,0x00,0xc3,0xff,
	0x00,0x00,0xc3,0xff,0xff,0xff,0xff,0xff,0xff,0xff,0xff,0xff,0xff,0xff,0xff,0xff,
	0xff,0xa6,0x00,0xff,0xff,0xa6,0x00,0xff,0x00,0x00,0xc3,0xff,0x00,0x00,0xc3,0xff,
	0x00,0x00,0xc3,0xff,0xff,0xff,0xff,0xff,0xff,0xff,0xff,0xff,0xff,0xff,0xff,0xff,
	0xff,0xa6,0x00,0xff,0xff,0xa6,0x00,0xff,0xff,0xff,0xff,0x00,0xff,0xff,0xff,0x00,
	0xff,0xff,0xff,0x00,0xff,0xff,0xff,0x00,0xff,0xa6,0x00,0xff,0xff,0xff,0xff,0xff,
	0xff,0xff,0xff,0xff,0xff,0xff,0xff,0xff,0xff,0xff,0xff,0xff,0xff,0xff,0xff,0xff,
	0xff,0xff,0xff,0xff,0xff,0xa6,0x00,0xff,0xff,0xa6,0x00,0xff,0xff,0xff,0xff,0xff,
	0xff,0xff,0xff,0xff,0xff,0xff,0xff,0xff,0xff,0xff,0xff,0xff,0xff,0xff,0xff,0xff,
	0xff,0xff,0xff,0xff,0xff,0xa6,0x00,0xff,0xff,0xff,0xff,0x00,0xff,0xff,0xff,0x00,
	0xff,0xff,0xff,0x00,0xff,0xff,0xff,0x00,0xff,0xa6,0x00,0xff,0xff,0xff,0xff,0xff,
	0xff,0xff,0xff,0xff,0xff,0xff,0xff,0xff,0xff,0xff,0xff,0xff,0xff,0xff,0xff,0xff,
	0xff,0xff,0xff,0xff,0xff,0xa6,0x00,0xff,0xff,0xa6,0x00,0xff,0xff,0xff,0xff,0xff,
	0xff,0xff,0xff,0xff,0xff,0xff,0xff,0xff,0xff,0xff,0xff,0xff,0xff,0xff,0xff,0xff,
	0xff,0xff,0xff,0xff,0xff,0xa6,0x00,0xff,0xff,0xff,0xff,0x00,0xff,0xff,0xff,0x00,
	0xff,0xff,0xff,0x00,0xff,0xff,0xff,0x00,0xff,0xa6,0x00,0xff,0xff,0xa6,0x00,0xff,
	0xff,0xff,0xff,0xff,0xff,0xff,0xff,0xff,0xff,0xff,0xff,0xff,0x00,0x00,0xc3,0xff,
	0x00,0x00,0xc3,0xff,0x00,0x00,0xc3,0xff,0xff,0xa6,0x00,0xff,0xff,0xa6,0x00,0xff,
	0xff,0xff,0xff,0xff,0xff,0xff,0xff,0xff,0xff,0xff,0xff,0xff,0x00,0x00,0xc3,0xff,
	0x00,0x00,0xc3,0xff,0x00,0x00,0xc3,0xff,0xff,0xff,0xff,0x00,0xff,0xff,0xff,0x00,
	0xff,0xff,0xff,0x00,0xff,0xff,0xff,0x00,0xff,0xa6,0x00,0xff,0xff,0xa6,0x00,0xff,
	0xff,0xff,0xff,0xff,0xff,0xff,0xff,0xff,0xff,0xff,0xff,0xff,0x00,0x00,0xc3,0xff,
	0x00,0x00,0xc3,0xff,0x00,0x00,0xc3,0xff,0xff,0xa6,0x00,0xff,0xff,0xa6,0x00,0xff,
	0xff,0xff,0xff,0xff,0xff,0xff,0xff,0xff,0xff,0xff,0xff,0xff,0x00,0x00,0xc3,0xff,
	0x00,0x00,0xc3,0xff,0x00,0x00,0xc3,0xff,0xff,0xff,0xff,0x00,0xff,0xff,0xff,0x00,
	0xff,0xff,0xff,0x00,0xff,0xff,0xff,0x00,0xff,0xa6,0x00,0xff,0xff,0xff,0xff,0xff,
	0xff,0xff,0xff,0xff,0xff,0xff,0xff,0xff,0xff,0xff,0xff,0xff,0xff,0xff,0xff,0xff,
	0xff,0xff,0xff,0xff,0xff,0xa6,0x00,0xff,0xff,0xa6,0x00,0xff,0xff,0xff,0xff,0xff,
	0xff,0xff,0xff,0xff,0xff,0xff,0xff,0xff,0xff,0xff,0xff,0xff,0xff,0xff,0xff,0xff,
	0xff,0xff,0xff,0xff,0xff,0xa6,0x00,0xff,0xff,0xff,0xff,0x00,0xff,0xff,0xff,0x00,
	0xff,0xff,0xff,0x00,0xff,0xff,0xff,0x00,0xff,0xa6,0x00,0xff,0xff,0xff,0xff,0xff,
	0xff,0xff,0xff,0xff,0xff,0xff,0xff,0xff,0xff,0xff,0xff,0xff,0xff,0xff,0xff,0xff,
	0xff,0xff,0xff,0xff,0xff,0xa6,0x00,0xff,0xff,0xa6,0x00,0xff,0xff,0xff,0xff,0xff,
	0xff,0xff,0xff,0xff,0xff,0xff,0xff,0xff,0xff,0xff,0xff,0xff,0xff,0xff,0xff,0xff,
	0xff,0xff,0xff,0xff,0xff,0xa6,0x00,0xff,0xff,0xff,0xff,0x00,0xff,0xff,0xff,0x00,
	0xff,0xff,0xff,0x00,0xff,0xff,0xff,0x00,0x00,0x00,0xc3,0xff,0x00,0x00,0xc3,0xff,
	0x00,0x00,0xc3,0xff,0xff,0xff,0xff,0xff,0xff,0xff,0xff,0xff,0xff,0xff,0xff,0xff,
	0xff,0xff,0xff,0x00,0xff,0xff,0xff,0x00,0x00,0x00,0xc3,0xff,0x00,0x00,0xc3,0xff,
	0x00,0x00,0xc3,0xff,0xff,0xff,0xff,0xff,0xff,0xff,0xff,0xff,0xff,0xff,0xff,0xff,
	0xff,0xff,0xff,0x00,0xff,0xff,0xff,0x00,0xff,0xff,0xff,0x00,0xff,0xff,0xff,0x00,
	0xff,0xff,0xff,0x00,0xff,0xff,0xff,0x00,0xff,0xff,0xff,0x00,0xff,0xff,0xff,0xff,
	0xff,0xff,0xff,0xff,0xff,0xff,0xff,0xff,0xff,0xff,0xff,0xff,0xff,0xff,0xff,0xff,
	0xff,0xff,0xff,0xff,0xff,0xff,0xff,0x00,0xff,0xff,0xff,0x00,0xff,0xff,0xff,0xff,
	0xff,0xff,0xff,0xff,0xff,0xff,0xff,0xff,0xff,0xff,0xff,0xff,0xff,0xff,0xff,0xff,
	0xff,0xff,0xff,0xff,0xff,0xff,0xff,0x00,0xff,0xff,0xff,0x00,0xff,0xff,0xff,0x00,
	0xff,0xff,0xff,0x00,0xff,0xff,0xff,0x00,0xff,0xff,0xff,0x00,0xff,0xff,0xff,0x00,
	0xff,0xff,0xff,0xff,0xff,0xff,0xff,0xff,0xff,0xff,0xff,0xff,0x00,0x00,0xc3,0xff,
	0x00,0x00,0xc3,0xff,0x00,0x00,0xc3,0xff,0xff,0xff,0xff,0x00,0xff,0xff,0xff,0x00,
	0xff,0xff,0xff,0xff,0xff,0xff,0xff,0xff,0xff,0xff,0xff,0xff,0x00,0x00,0xc3,0xff,
	0x00,0x00,0xc3,0xff,0x00,0x00,0xc3,0xff,0xff,0xff,0xff,0x00,0xff,0xff,0xff,0x00,
	0xff,0xff,0xff,0x00,0xff,0xff,0xff,0x00,0xff,0xff,0xff,0x00,0xff,0xff,0xff,0xff,
	0xff,0xff,0xff,0xff,0xff,0xff,0xff,0xff,0xff,0xff,0xff,0xff,0xff,0xff,0xff,0xff,
	0xff,0xff,0xff,0xff,0xff,0xff,0xff,0x00,0xff,0xff,0xff,0x00,0xff,0xff,0xff,0xff,
	0xff,0xff,0xff,0xff,0xff,0xff,0xff,0xff,0xff,0xff,0xff,0xff,0xff,0xff,0xff,0xff,
	0xff,0xff,0xff,0xff,0xff,0xff,0xff,0x00,0xff,0xff,0xff,0x00,0xff,0xff,0xff,0x00,
	0xff,0xff,0xff,0x00,0xff,0xff,0xff,0x00,0x00,0x00,0xc3,0xff,0x00,0x00,0xc3,0xff,
	0x00,0x00,0xc3,0xff,0x00,0x00,0xc3,0xff,0xff,0xff,0xff,0xff,0xff,0xff,0xff,0xff,
	0x00,0x00,0xc3,0xff,0x00,0x00,0xc3,0xff,0x00,0x00,0xc3,0xff,0x00,0x00,0xc3,0xff,
	0xff,0xff,0xff,0xff,0xff,0xff,0xff,0xff,0x00,0x00,0xc3,0xff,0x00,0x00,0xc3,0xff,
	0x00,0x00,0xc3,0xff,0x00,0x00,0xc3,0xff,0xff,0xff,0xff,0x00,0xff,0xff,0xff,0x00,
	0xff,0xff,0xff,0x00,0xff,0xff,0xff,0x00,0x00,0x00,0xc3,0xff,0x00,0x00,0xc3,0xff,
	0x00,0x00,0xc3,0xff,0x00,0x00,0xc3,0xff,0xff,0xff,0xff,0xff,0xff,0xff,0xff,0xff,
	0x00,0x00,0xc3,0xff,0x00,0x00,0xc3,0xff,0x00,0x00,0xc3,0xff,0x00,0x00,0xc3,0xff,
	0xff,0xff,0xff,0xff,0xff,0xff,0xff,0xff,0x00,0x00,0xc3,0xff,0x00,0x00,0xc3,0xff,
	0x00,0x00,0xc3,0xff,0x00,0x00,0xc3,0xff,0xff,0xff,0xff,0x00,0xff,0xff,0xff,0x00,
	0xff,0xff,0xff,0x00,0xff,0xff,0xff,0x00,0xff,0xff,0xff,0xff,0xff,0xff,0xff,0xff,
	0xff,0xff,0xff,0xff,0xff,0xff,0xff,0xff,0x00,0x00,0xc3,0xff,0x00,0x00,0xc3,0xff,
	0xff,0xff,0xff,0xff,0xff,0xff,0xff,0xff,0xff,0xff,0xff,0xff,0xff,0xff,0xff,0xff,
	0x00,0x00,0xc3,0xff,0x00,0x00,0xc3,0xff,0xff,0xff,0xff,0xff,0xff,0xff,0xff,0xff,
	0xff,0xff,0xff,0xff,0xff,0xff,0xff,0xff,0xff,0xff,0xff,0x00,0xff,0xff,0xff,0x00,
	0xff,0xff,0xff,0x00,0xff,0xff,0xff,0x00,0xff,0xff,0xff,0xff,0xff,0xff,0xff,0xff,
	0xff,0xff,0xff,0xff,0xff,0xff,0xff,0xff,0x00,0x00,0xc3,0xff,0x00,0x00,0xc3,0xff,
	0xff,0xff,0xff,0xff,0xff,0xff,0xff,0xff,0xff,0xff,0xff,0xff,0xff,0xff,0xff,0xff,
	0x00,0x00,0xc3,0xff,0x00,0x00,0xc3,0xff,0xff,0xff,0xff,0xff,0xff,0xff,0xff,0xff,
	0xff,0xff,0xff,0xff,0xff,0xff,0xff,0xff,0xff,0xff,0xff,0x00,0xff,0xff,0xff,0x00,
	0xff,0xff,0xff,0x00,0xff,0xff,0xff,0x00,0xff,0x00,0x00,0xff,0xff,0x00,0x00,0xff,
	0xff,0x00,0x00,0xff,0xff,0x00,0x00,0xff,0xff,0x00,0x00,0xff,0xff,0x00,0x00,0xff,
	0xff,0x00,0x00,0xff,0xff,0x00,0x00,0xff,0xff,0xff,0xff,0x00,0xff,0xff,0xff,0x00,
	0xf9,0xbc,0x54,0xff,0xff,0xff,0xff,0x00,0xff,0xff,0xff,0x00,0xff,0xff,0xff,0x00,
	0xff,0xff,0xff,0x00,0xff,0xff,0xff,0x00,0xff,0xff,0xff,0x00,0xff,0xff,0xff,0x00,
	0xff,0xff,0xff,0x00,0xff,0x00,0x00,0xff,0xff,0x00,0x00,0xff,0xff,0x00,0x00,0xff,
	0xff,0x00,0x00,0xff,0xff,0x00,0x00,0xff,0xe6,0xe6,0xff,0xff,0xff,0x00,0x00,0xff,
	0xe6,0xe6,0xff,0xff,0xff,0x00,0x00,0xff,0xff,0x00,0x00,0xff,0xff,0x00,0x00,0xff,
	0xff,0x00,0x00,0xff,0xff,0x00,0x00,0xff,0xff,0x00,0x00,0xff,0xe6,0xe6,0xff,0xff,
	0xff,0x00,0x00,0xff,0xff,0x00,0x00,0xff,0xff,0xff,0xff,0x00,0xff,0xff,0xff,0x00,
	0xff,0xff,0xff,0x00,0xff,0xff,0xff,0x00,0xff,0xff,0xff,0x00,0xf9,0xbc,0x54,0xff,
	0xf9,0xbc,0x54,0xff,0xf9,0xbc,0x54,0xff,0xf9,0xbc,0x54,0xff,0xf9,0xbc,0x54,0xff,
	0xf9,0xbc,0x54,0xff,0xf9,0xbc,0x54,0xff,0xf9,0xbc,0x54,0xff,0xf9,0xbc,0x54,0xff,
	0xf9,0xbc,0x54,0xff,0xf9,0xbc,0x54,0xff,0xf9,0xbc,0x54,0xff,0xf9,0xbc,0x54,0xff,
	0xf9,0xbc,0x54,0xff,0xf9,0xbc,0x54,0xff,0xff,0xff,0xff,0x00,0xff,0xff,0xff,0x00,
	0xff,0xff,0xff,0x00,0xff,0x00,0x00,0xff,0xff,0x00,0x00,0xff,0xff,0x00,0x00,0xff,
	0xe6,0xe6,0xff,0xff,0xe6,0xe6,0xff,0xff,0xff,0x00,0x00,0xff,0xff,0x00,0x00,0xff,
	0xff,0x00,0x00,0xff,0xff,0x00,0x00,0xff,0xff,0x00,0x00,0xff,0xff,0x00,0x00,0xff,
	0xff,0x00,0x00,0xff,0xff,0x00,0x00,0xff,0xff,0x00,0x00,0xff,0xff,0x00,0x00,0xff,
	0xff,0x00,0x00,0xff,0xff,0x00,0x00,0xff,0xff,0x00,0x00,0xff,0xff,0xff,0xff,0x00,
	0xff,0xff,0xff,0x00,0xff,0xff,0xff,0x00,0xff,0xff,0xff,0x00,0x00,0xff,0x00,0xff,
	0x00,0xff,0x00,0xff,0x54,0xc3,0xe3,0xff,0x54,0xc3,0xe3,0xff,0xe6,0xe6,0xff,0xff,
	0x54,0xc3,0xe3,0xff,0x00,0xff,0x00,0xff,0x00,0xff,0x00,0xff,0x00,0xff,0x00,0xff,
	0x00,0xff,0x00,0xff,0x54,0xc3,0xe3,0xff,0x00,0xff,0x00,0xff,0x00,0xff,0x00,0xff,
	0x00,0xff,0x00,0xff,0xff,0xff,0xff,0x00,0xff,0xff,0xff,0x00,0xff,0xff,0xff,0x00,
	0xff,0xff,0xff,0x00,0xff,0xff,0xff,0x00,0xff,0xff,0xff,0x00,0x29,0x29,0xff,0xff,
	0xff,0xff,0x00,0xff,0xff,0xff,0x00,0xff,0xff,0x00,0x00,0xff,0xff,0x00,0x00,0xff,
	0xff,0xff,0x00,0xff,0xff,0x00,0x00,0xff,0xff,0x00,0x00,0xff,0xff,0xff,0x00,0xff,
	0xff,0x00,0x00,0xff,0xff,0x00,0x00,0xff,0xff,0xff,0x00,0xff,0xff,0xff,0x00,0xff,
	0x29,0x29,0xff,0xff,0xff,0xff,0xff,0x00,0xff,0xff,0xff,0x00,0xff,0xff,0xff,0x00,
	0xff,0xff,0xff,0x00,0xff,0xff,0xff,0x00,0xff,0xff,0x00,0xff,0xff,0xff,0x00,0xff,
	0xff,0xff,0x00,0xff,0xff,0xff,0x00,0xff,0xff,0xff,0xff,0x00,0xff,0xff,0x00,0xff,
	0xff,0xff,0x00,0xff,0xff,0xff,0x00,0xff,0xff,0xff,0x00,0xff,0xff,0xff,0x00,0xff,
	0xff,0xff,0x00,0xff,0xff,0xff,0x00,0xff,0xff,0xff,0x00,0xff,0xff,0xff,0x00,0xff,
	0xff,0xff,0x00,0xff,0xff,0xff,0xff,0x00,0xff,0xff,0xff,0x00,0xff,0xff,0xff,0x00,
	0xff,0xff,0xff,0x00,0xff,0xff,0xff,0x00,0xff,0xff,0xff,0x00,0xff,0xff,0xff,0x00,
	0xff,0xff,0xff,0x00,0xff,0xff,0xff,0x00,0xff,0xff,0xff,0x00,0xff,0xff,0xff,0x00,
	0xe6,0xe6,0xff,0xff,0xff,0xff,0xff,0x00,0xff,0xff,0xff,0x00,0xe6,0xe6,0xff,0xff,
	0xff,0xff,0xff,0x00,0xff,0xff,0xff,0x00,0xff,0xff,0xff,0x00,0xff,0xff,0xff,0x00,
	0xff,0xff,0xff,0x00,0xff,0xff,0xff,0x00,0xff,0xff,0xff,0x00,0xff,0xff,0xff,0x00,
	0xff,0xff,0xff,0x00,0xff,0xff,0xff,0x00,0xff,0xff,0xff,0x00,0xff,0xff,0xff,0x00,
	0xff,0xff,0xff,0x00,0xff,0xff,0xff,0x00,0x00,0xe6,0xff,0xff,0xff,0xff,0xff,0x00,
	0x00,0xe6,0xff,0xff,0xff,0xff,0xff,0x00,0xff,0xff,0xff,0x00,0x00,0xe6,0xff,0xff,
	0xff,0xff,0xff,0x00,0x00,0xe6,0xff,0xff,0xff,0xff,0xff,0x00,0xff,0xff,0xff,0x00,
	0x00,0xe6,0xff,0xff,0xff,0xff,0xff,0x00,0xff,0xff,0xff,0x00,0xff,0xff,0xff,0x00,
	0xff,0xff,0xff,0x00,0xff,0xff,0xff,0x00,0xff,0xff,0xff,0x00,0x00,0xe6,0xff,0xff,
	0xff,0xff,0xff,0x00,0x00,0xe6,0xff,0xff,0xff,0xff,0xff,0x00,0xff,0xff,0xff,0x00,
	0x00,0xe6,0xff,0xff,0xff,0xff,0xff,0x00,0xff,0xff,0xff,0x00,0x00,0xe6,0xff,0xff,
	0xff,0xff,0xff,0x00,0x00,0xe6,0xff,0xff,0xff,0xff,0xff,0x00,0xff,0xff,0xff,0x00,
	0x00,0xe6,0xff,0xff,0xff,0xff,0xff,0x00,0xff,0xff,0xff,0x00,0xff,0xff,0xff,0x00,
	0xff,0xff,0xff,0x00,0xff,0xff,0xff,0x00,0xff,0xff,0xff,0x00,0x00,0xe6,0xff,0xff,
	0xff,0xff,0xff,0x00,0xff,0xff,0xff,0x00,0x00,0xe6,0xff,0xff,0xff,0xff,0xff,0x00,
	0x00,0xe6,0xff,0xff,0xff,0xff,0xff,0x00,0xff,0xff,0xff,0x00,0x00,0xe6,0xff,0xff,
	0xff,0xff,0xff,0x00,0x00,0xe6,0xff,0xff,0xff,0xff,0xff,0x00,0xff,0xff,0xff,0x00,
	0x00,0xe6,0xff,0xff,0xff,0xff,0xff,0x00,0xff,0xff,0xff,0x00,0xff,0xff,0xff,0x00,
	0xff,0xff,0xff,0x00,0xff,0xff,0xff,0x00,0x00,0xe6,0xff,0xff,0xff,0xff,0xff,0x00,
	0x00,0xe6,0xff,0xff,0xff,0xff,0xff,0x00,0xff,0xff,0xff,0x00,0xff,0xff,0xff,0x00,
	0xff,0xff,0xff,0x00,0x00,0xe6,0xff,0xff,0xff,0xff,0xff,0x00,0xff,0xff,0xff,0x00,
	0x00,0xe6,0xff,0xff,0xff,0xff,0xff,0x00,0x00,0xe6,0xff,0xff,0xff,0xff,0xff,0x00,
	0xff,0xff,0xff,0x00,0x00,0xe6,0xff,0xff,0xff,0xff,0xff,0x00,0xff,0xff,0xff,0x00,
	0xff,0xff,0xff,0x00,0xff,0xff,0xff,0x00,0xff,0xff,0xff,0x00,0xff,0xff,0xff,0x00,
	0xff,0xff,0xff,0x00,0xff,0xff,0xff,0x00,0xff,0xff,0xff,0x00,0xff,0xff,0xff,0x00,
	0xff,0xff,0xff,0x00,0xff,0xff,0xff,0x00,0xff,0xff,0xff,0x00,0xff,0xff,0xff,0x00,
	0xff,0xff,0xff,0x00,0xff,0xff,0xff,0x00,0xff,0xff,0xff,0x00,0xff,0xff,0xff,0x00,
	0xff,0xff,0xff,0x00,0xff,0xff,0xff,0x00,0xff,0xff,0xff,0x00,0xff,0xff,0xff,0x00,
	0xff,0xff,0xff,0x00,0xff,0xff,0x00,0xff,0xff,0xff,0x00,0xff,0xff,0xff,0x00,0xff,
	0xff,0xff,0x00,0xff,0xff,0xff,0x00,0xff,0xff,0xff,0x00,0xff,0xff,0xff,0x00,0xff,
	0xff,0xff,0x00,0xff,0xff,0xff,0x00,0xff,0xff,0xff,0x00,0xff,0xff,0xff,0x00,0xff,
	0xff,0xff,0x00,0xff,0xff,0xff,0x00,0xff,0xff,0xff,0x00,0xff,0xff,0xff,0x00,0xff,
	0xff,0xff,0x00,0xff,0xff,0xff,0x00,0xff,0xff,0xff,0x00,0xff,0xff,0xff,0xff,0x00,
	0xff,0xff,0xff,0x00,0xff,0xff,0xff,0x00,0xff,0xff,0xff,0x00,0xff,0xff,0xff,0x00,
	0xff,0xff,0xff,0x00,0xff,0xff,0xff,0x00,0xff,0xff,0xff,0x00,0xff,0xff,0xff,0x00,
	0xff,0xff,0xff,0x00,0xff,0xff,0xff,0x00,0xff,0xff,0xff,0x00,0xff,0xff,0x00,0xff,
	0xff,0xff,0x00,0xff,0xff,0xff,0x00,0xff,0xff,0xff,0x00,0xff,0xff,0xff,0x00,0xff,
	0xff,0xff,0x00,0xff,0xff,0xff,0x00,0xff,0xff,0xff,0x00,0xff,0xff,0xff,0xff,0x00,
	0xff,0xff,0xff,0x00,0xff,0xff,0xff,0x00,0xff,0xff,0xff,0x00,0xff,0xff,0xff,0x00,
	0xff,0xff,0xff,0x00,0xff,0xff,0xff,0x00,0xff,0xff,0xff,0x00,0xff,0xff,0xff,0x00,
	0xff,0xff,0xff,0x00,0xff,0xff,0xff,0x00,0xff,0xff,0xff,0x00,0xff,0xff,0x00,0xff,
	0xff,0xff,0x00,0xff,0xff,0xff,0x00,0xff,0xff,0xff,0x00,0xff,0xff,0xff,0x00,0xff,
	0xff,0xff,0x00,0xff,0xff,0xff,0x00,0xff,0xff,0xff,0x00,0xff,0xff,0xff,0xff,0x00,
	0xff,0xff,0xff,0x00,0xff,0xff,0x00,0xff,0xff,0xff,0x00,0xff,0xff,0xff,0x00,0xff,
	0xff,0xff,0x00,0xff,0xff,0xff,0x00,0xff,0xff,0xff,0x00,0xff,0xff,0xff,0x00,0xff,
	0xff,0xff,0x00,0xff,0xff,0xff,0xff,0x00,0xff,0xff,0xff,0x00,0xff,0xff,0x00,0xff,
	0xff,0xff,0x00,0xff,0xff,0xff,0x00,0xff,0xff,0xff,0x00,0xff,0xff,0xff,0x00,0xff,
	0xff,0xff,0x00,0xff,0xff,0xff,0x00,0xff,0xff,0xff,0x00,0xff,0xff,0xff,0xff,0x00,
	0xff,0xff,0xff,0x00,0xff,0xff,0x00,0xff,0xff,0xff,0x00,0xff,0xff,0xff,0x00,0xff,
	0xff,0xff,0x00,0xff,0xff,0xff,0x00,0xff,0xff,0xff,0x00,0xff,0xff,0xff,0x00,0xff,
	0xff,0xff,0x00,0xff,0xff,0xff,0xff,0x00,0xff,0xff,0xff,0x00,0xff,0xff,0x00,0xff,
	0xff,0xff,0x00,0xff,0xff,0xff,0x00,0xff,0xff,0xff,0x00,0xff,0xff,0xff,0x00,0xff,
	0xff,0xff,0x00,0xff,0xff,0xff,0x00,0xff,0xff,0xff,0x00,0xff,0xff,0xff,0xff,0x00,
	0xff,0xff,0xff,0x00,0xff,0xff,0x00,0xff,0xff,0xff,0x00,0xff,0xff,0xff,0x00,0xff,
	0xff,0xff,0x00,0xff,0xff,0xff,0x00,0xff,0xff,0xff,0x00,0xff,0xff,0xff,0x00,0xff,
	0xff,0xff,0x00,0xff,0xff,0xff,0xff,0x00,0xff,0xff,0xff,0x00,0xff,0xff,0xff,0x00,
	0xff,0xff,0xff,0x00,0xff,0xff,0xff,0x00,0xff,0xff,0xff,0x00,0xff,0xff,0xff,0x00,
	0xff,0xff,0xff,0x00,0xff,0xff,0xff,0x00,0xff,0xff,0xff,0x00,0xff,0xff,0xff,0x00,
	0xff,0xff,0xff,0x00,0xff,0xff,0x00,0xff,0xff,0xff,0x00,0xff,0xff,0xff,0x00,0xff,
	0xff,0xff,0x00,0xff,0xff,0xff,0x00,0xff,0xff,0xff,0x00,0xff,0xff,0xff,0x00,0xff,
	0xff,0xff,0x00,0xff,0xff,0xff,0xff,0x00,0xff,0xff,0xff,0x00,0xff,0xff,0xff,0x00,
	0xff,0xff,0xff,0x00,0xff,0xff,0xff,0x00,0xff,0xff,0xff,0x00,0xff,0xff,0xff,0x00,
	0xff,0xff,0xff,0x00,0xff,0xff,0xff,0x00,0xff,0xff,0xff,0x00,0xff,0xff,0xff,0x00,
	0xff,0xff,0xff,0x00,0xff,0xff,0x00,0xff,0xff,0xff,0x00,0xff,0xff,0xff,0x00,0xff,
	0xff,0xff,0x00,0xff,0xff,0xff,0x00,0xff,0xff,0xff,0x00,0xff,0xff,0xff,0x00,0xff,
	0xff,0xff,0x00,0xff,0xff,0xff,0xff,0x00,0xff,0xff,0xff,0x00,0xff,0xff,0x00,0xff,
	0xff,0xff,0x00,0xff,0xff,0xff,0x00,0xff,0xff,0xff,0x00,0xff,0xff,0xff,0x00,0xff,
	0xff,0xff,0x00,0xff,0xff,0xff,0x00,0xff,0xff,0xff,0x00,0xff,0xff,0xff,0xff,0x00,
	0xff,0xff,0xff,0x00,0xff,0xff,0x00,0xff,0xff,0xff,0x00,0xff,0xff,0xff,0x00,0xff,
	0xff,0xff,0x00,0xff,0xff,0xff,0x00,0xff,0xff,0xff,0x00,0xff,0xff,0xff,0x00,0xff,
	0xff,0xff,0xff,0x00,0xff,0xff,0xff,0x00,0xff,0xff,0xff,0x00,0xff,0xff,0xff,0x00,
	0xff,0xff,0x00,0xff,0xff,0xff,0x00,0xff,0xff,0xff,0x00,0xff,0xff,0xff,0x00,0xff,
	0xff,0xff,0x00,0xff,0xff,0xff,0x00,0xff,0xff,0xff,0x00,0xff,0xff,0xff,0xff,0x00,
	0xff,0xff,0xff,0x00,0xff,0xff,0x00,0xff,0xff,0xff,0x00,0xff,0xff,0xff,0x00,0xff,
	0xff,0xff,0x00,0xff,0xff,0xff,0x00,0xff,0xff,0xff,0x00,0xff,0xff,0xff,0xff,0x00,
	0xff,0xff,0xff,0x00,0xff,0xff,0xff,0x00,0xff,0xff,0xff,0x00,0xff,0xff,0xff,0x00,
	0xff,0xff,0xff,0x00,0xff,0xff,0x00,0xff,0xff,0xff,0x00,0xff,0xff,0xff,0x00,0xff,
	0xff,0xff,0x00,0xff,0xff,0xff,0x00,0xff,0xff,0xff,0x00,0xff,0xff,0xff,0xff,0x00,
	0xff,0xff,0xff,0x00,0xff,0xff,0xff,0x00,0xff,0xff,0xff,0x00,0xff,0xff,0xff,0x00,
	0xff,0xff,0xff,0x00,0xff,0xff,0xff,0x00,0xff,0xff,0xff,0x00,0xff,0xff,0xff,0x00,
	0xff,0xff,0xff,0x00,0xff,0xff,0xff,0x00,0xff,0xff,0xff,0x00,0xff,0xff,0xff,0x00,
	0xff,0xff,0xff,0x00,0xff,0xff,0xff,0x00,0xff,0xff,0xff,0x00,0xff,0xff,0xff,0x00,
	0xff,0xff,0xff,0x00,0xff,0xff,0xff,0x00,0xff,0xff,0xff,0x00,0xff,0xff,0xff,0x00,
	0xff,0xff,0xff,0x00,0xff,0xff,0xff,0x00,0xff,0xff,0xff,0x00,0xff,0xff,0xff,0x00,
	0xff,0xff,0xff,0x00,0xff,0xff,0xff,0x00,0xff,0xff,0xff,0x00,0xff,0xff,0xff,0x00,
	0xff,0xff,0xff,0x00,0xff,0xff,0xff,0x00,0xff,0xff,0xff,0x00,0xff,0xff,0xff,0x00,
	0xff,0xff,0xff,0x00,0xff,0xff,0xff,0x00,0xff,0xff,0xff,0x00,0xff,0xff,0xff,0x00,
	0xff,0xff,0xff,0x00,0xff,0xff,0xff,0x00,0xff,0xff,0xff,0x00,0xff,0xff,0xff,0x00,
	0xff,0xff,0xff,0x00,0xff,0xff,0xff,0x00,0xff,0xff,0xff,0x00,0xff,0xff,0xff,0x00,
	0xff,0xff,0xff,0x00,0xff,0xff,0xff,0x00,0xff,0xff,0xff,0x00,0xff,0xff,0xff,0x00,
	0xff,0xff,0xff,0x00,0xff,0xff,0xff,0x00,0xff,0xff,0xff,0x00,0xff,0xff,0xff,0x00,
	0xff,0xff,0xff,0x00,0xff,0xff,0xff,0x00,0xff,0xff,0xff,0x00,0xff,0xff,0xff,0x00,
	0xff,0xff,0xff,0x00,0xff,0xff,0xff,0x00,0xff,0xff,0xff,0x00,0xff,0xff,0xff,0x00,
	0xff,0xff,0xff,0x00,0xff,0xff,0xff,0x00,0xff,0xff,0xff,0x00,0xff,0xff,0xff,0x00,
	0xff,0xff,0xff,0x00,0xff,0xff,0xff,0x00,0xff,0xff,0xff,0x00,0xff,0xff,0xff,0x00,
	0xff,0xff,0xff,0x00,0xff,0xff,0xff,0x00,0xff,0xff,0xff,0x00,0xff,0xff,0xff,0x00,
	0xff,0xff,0xff,0x00,0xff,0xff,0xff,0x00,0xff,0xff,0xff,0x00,0xff,0xff,0xff,0x00,
	0xff,0xff,0xff,0x00,0xff,0xff,0xff,0x00,0xff,0xff,0xff,0x00,0xff,0xff,0xff,0x00,
	0xff,0xff,0xff,0x00,0xff,0xff,0xff,0x00,0xff,0xff,0xff,0x00,0xff,0xff,0xff,0x00,
	0xff,0xff,0xff,0x00,0xff,0xff,0xff,0x00,0xff,0xff,0xff,0x00,0xff,0xff,0xff,0x00,
	0xff,0xff,0xff,0x00,0xff,0xff,0xff,0x00,0xff,0xff,0xff,0x00,0xff,0xff,0xff,0x00,
	0xff,0xff,0xff,0x00,0xff,0xff,0xff,0x00,0xff,0xff,0xff,0x00,0xff,0xff,0xff,0x00,
	0xff,0xff,0xff,0x00,0xff,0xff,0xff,0x00,0xff,0xff,0xff,0x00,0xff,0xff,0xff,0x00,
	0xff,0xff,0xff,0x00,0xff,0x00,0x00,0xff,0x00,0x00,0xc3,0xff,0x00,0x00,0xc3,0xff,
	0x00,0x00,0xc3,0xff,0xff,0xff,0xff,0xff,0xff,0xff,0xff,0xff,0xff,0xff,0xff,0xff,
	0xff,0x00,0x00,0xff,0xff,0x00,0x00,0xff,0x00,0x00,0xc3,0xff,0x00,0x00,0xc3,0xff,
	0x00,0x00,0xc3,0xff,0xff,0xff,0xff,0xff,0xff,0xff,0xff,0xff,0xff,0xff,0xff,0xff,
	0xff,0x00,0x00,0xff,0xff,0x00,0x00,0xff,0xff,0x00,0x00,0xff,0xff,0xff,0xff,0x00,
	0xff,0xff,0xff,0x00,0xff,0x00,0x00,0xff,0x00,0x00,0xc3,0xff,0x00,0x00,0xc3,0xff,
	0x00,0x00,0xc3,0xff,0xff,0xff,0xff,0xff,0xff,0xff,0xff,0xff,0xff,0xff,0xff,0xff,
	0xff,0x00,0x00,0xff,0xff,0x00,0x00,0xff,0x00,0x00,0xc3,0xff,0x00,0x00,0xc3,0xff,
	0x00,0x00,0xc3,0xff,0xff,0xff,0xff,0xff,0xff,0xff,0xff,0xff,0xff,0xff,0xff,0xff,
	0xff,0x00,0x00,0xff,0xff,0x00,0x00,0xff,0xff,0x00,0x00,0xff,0xff,0xff,0xff,0x00,
	0xff,0xff,0xff,0x00,0xff,0x00,0x00,0xff,0xff,0x00,0x00,0xff,0xff,0xff,0xff,0xff,
	0xff,0xff,0xff,0xff,0xff,0xff,0xff,0xff,0xff,0xff,0xff,0xff,0xff,0xff,0xff,0xff,
	0xff,0xff,0xff,0xff,0xff,0x00,0x00,0xff,0xff,0x00,0x00,0xff,0xff,0xff,0xff,0xff,
	0xff,0xff,0xff,0xff,0xff,0xff,0xff,0xff,0xff,0xff,0xff,0xff,0xff,0xff,0xff,0xff,
	0xff,0xff,0xff,0xff,0xff,0x00,0x00,0xff,0xff,0x00,0x00,0xff,0xff,0xff,0xff,0x00,
	0xff,0xff,0xff,0x00,0xff,0x00,0x00,0xff,0xff,0x00,0x00,0xff,0xff,0xff,0xff,0xff,
	0xff,0xff,0xff,0xff,0xff,0xff,0xff,0xff,0xff,0xff,0xff,0xff,0xff,0xff,0xff,0xff,
	0xff,0xff,0xff,0xff,0xff,0x00,0x00,0xff,0xff,0x00,0x00,0xff,0xff,0xff,0xff,0xff,
	0xff,0xff,0xff,0xff,0xff,0xff,0xff,0xff,0xff,0xff,0xff,0xff,0xff,0xff,0xff,0xff,
	0xff,0xff,0xff,0xff,0xff,0x00,0x00,0xff,0xff,0x00,0x00,0xff,0xff,0xff,0xff,0x00,
	0xff,0xff,0xff,0x00,0xff,0x00,0x00,0xff,0xff,0x00,0x00,0xff,0xff,0x00,0x00,0xff,
	0xff,0xff,0xff,0xff,0xff,0xff,0xff,0xff,0xff,0xff,0xff,0xff,0x00,0x00,0xc3,0xff,
	0x00,0x00,0xc3,0xff,0x00,0x00,0xc3,0xff,0xff,0x00,0x00,0xff,0xff,0x00,0x00,0xff,
	0xff,0xff,0xff,0xff,0xff,0xff,0xff,0xff,0xff,0xff,0xff,0xff,0x00,0x00,0xc3,0xff,
	0x00,0x00,0xc3,0xff,0x00,0x00,0xc3,0xff,0xff,0x00,0x00,0xff,0xff,0xff,0xff,0x00,
	0xff,0xff,0xff,0x00,0xff,0x00,0x00,0xff,0xff,0x00,0x00,0xff,0xff,0x00,0x00,0xff,
	0xff,0xff,0xff,0xff,0xff,0xff,0xff,0xff,0xff,0xff,0xff,0xff,0x00,0x00,0xc3,0xff,
	0x00,0x00,0xc3,0xff,0x00,0x00,0xc3,0xff,0xff,0x00,0x00,0xff,0xff,0x00,0x00,0xff,
	0xff,0xff,0xff,0xff,0xff,0xff,0xff,0xff,0xff,0xff,0xff,0xff,0x00,0x00,0xc3,0xff,
	0x00,0x00,0xc3,0xff,0x00,0x00,0xc3,0xff,0xff,0x00,0x00,0xff,0xff,0xff,0xff,0x00,
	0xff,0xff,0xff,0x00,0xff,0x00,0x00,0xff,0xff,0x00,0x00,0xff,0xff,0x00,0x00,0xff,
	0xff,0xff,0xff,0xff,0xff,0xff,0xff,0xff,0xff,0xff,0xff,0xff,0xff,0xff,0xff,0xff,
	0xff,0x00,0x00,0xff,0xff,0x00,0x00,0xff,0xff,0x00,0x00,0xff,0xff,0x00,0x00,0xff,
	0xff,0xff,0xff,0xff,0xff,0xff,0xff,0xff,0xff,0xff,0xff,0xff,0xff,0xff,0xff,0xff,
	0xff,0x00,0x00,0xff,0xff,0x00,0x00,0xff,0xff,0x00,0x00,0xff,0xff,0xff,0xff,0x00,
	0xff,0xff,0xff,0x00,0xff,0x00,0x00,0xff,0xff,0x00,0x00,0xff,0xff,0x00,0x00,0xff,
	0xff,0xff,0xff,0xff,0xff,0xff,0xff,0xff,0xff,0xff,0xff,0xff,0xff,0xff,0xff,0xff,
	0xff,0x00,0x00,0xff,0xff,0x00,0x00,0xff,0xff,0x00,0x00,0xff,0xff,0x00,0x00,0xff,
	0xff,0xff,0xff,0xff,0xff,0xff,0xff,0xff,0xff,0xff,0xff,0xff,0xff,0xff,0xff,0xff,
	0xff,0x00,0x00,0xff,0xff,0x00,0x00,0xff,0xff,0x00,0x00,0xff,0xff,0xff,0xff,0x00,
	0xff,0xff,0xff,0x00,0xff,0xa6,0xc3,0xff,0x00,0x00,0xc3,0xff,0x00,0x00,0xc3,0xff,
	0x00,0x00,0xc3,0xff,0xff,0xff,0xff,0xff,0xff,0xff,0xff,0xff,0xff,0xff,0xff,0xff,
	0xff,0xa6,0xc3,0xff,0xff,0xa6,0xc3,0xff,0x00,0x00,0xc3,0xff,0x00,0x00,0xc3,0xff,
	0x00,0x00,0xc3,0xff,0xff,0xff,0xff,0xff,0xff,0xff,0xff,0xff,0xff,0xff,0xff,0xff,
	0xff,0xa6,0xc3,0xff,0xff,0xa6,0xc3,0xff,0xff,0xa6,0xc3,0xff,0xff,0xff,0xff,0x00,
	0xff,0xff,0xff,0x00,0xff,0xa6,0xc3,0xff,0x00,0x00,0xc3,0xff,0x00,0x00,0xc3,0xff,
	0x00,0x00,0xc3,0xff,0xff,0xff,0xff,0xff,0xff,0xff,0xff,0xff,0xff,0xff,0xff,0xff,
	0xff,0xa6,0xc3,0xff,0xff,0xa6,0xc3,0xff,0x00,0x00,0xc3,0xff,0x00,0x00,0xc3,0xff,
	0x00,0x00,0xc3,0xff,0xff,0xff,0xff,0xff,0xff,0xff,0xff,0xff,0xff,0xff,0xff,0xff,
	0xff,0xa6,0xc3,0xff,0xff,0xa6,0xc3,0xff,0xff,0xa6,0xc3,0xff,0xff,0xff,0xff,0x00,
	0xff,0xff,0xff,0x00,0xff,0xa6,0xc3,0xff,0xff,0xa6,0xc3,0xff,0xff,0xff,0xff,0xff,
	0xff,0xff,0xff,0xff,0xff,0xff,0xff,0xff,0xff,0xff,0xff,0xff,0xff,0xff,0xff,0xff,
	0xff,0xff,0xff,0xff,0xff,0xa6,0xc3,0xff,0xff,0xa6,0xc3,0xff,0xff,0xff,0xff,0xff,
	0xff,0xff,0xff,0xff,0xff,0xff,0xff,0xff,0xff,0xff,0xff,0xff,0xff,0xff,0xff,0xff,
	0xff,0xff,0xff,0xff,0xff,0xa6,0xc3,0xff,0xff,0xa6,0xc3,0xff,0xff,0xff,0xff,0x00,
	0xff,0xff,0xff,0x00,0xff,0xa6,0xc3,0xff,0xff,0xa6,0xc3,0xff,0xff,0xff,0xff,0xff,
	0xff,0xff,0xff,0xff,0xff,0xff,0xff,0xff,0xff,0xff,0xff,0xff,0xff,0xff,0xff,0xff,
	0xff,0xff,0xff,0xff,0xff,0xa6,0xc3,0xff,0xff,0xa6,0xc3,0xff,0xff,0xff,0xff,0xff,
	0xff,0xff,0xff,0xff,0xff,0xff,0xff,0xff,0xff,0xff,0xff,0xff,0xff,0xff,0xff,0xff,
	0xff,0xff,0xff,0xff,0xff,0xa6,0xc3,0xff,0xff,0xa6,0xc3,0xff,0xff,0xff,0xff,0x00,
	0xff,0xff,0xff,0x00,0xff,0xa6,0xc3,0xff,0xff,0xa6,0xc3,0xff,0xff,0xa6,0xc3,0xff,
	0xff,0xff,0xff,0xff,0xff,0xff,0xff,0xff,0xff,0xff,0xff,0xff,0x00,0x00,0xc3,0xff,
	0x00,0x00,0xc3,0xff,0x00,0x00,0xc3,0xff,0xff,0xa6,0xc3,0xff,0xff,0xa6,0xc3,0xff,
	0xff,0xff,0xff,0xff,0xff,0xff,0xff,0xff,0xff,0xff,0xff,0xff,0x00,0x00,0xc3,0xff,
	0x00,0x00,0xc3,0xff,0x00,0x00,0xc3,0xff,0xff,0xa6,0xc3,0xff,0xff,0xff,0xff,0x00,
	0xff,0xff,0xff,0x00,0xff,0xa6,0xc3,0xff,0xff,0xa6,0xc3,0xff,0xff,0xa6,0xc3,0xff,
	0xff,0xff,0xff,0xff,0xff,0xff,0xff,0xff,0xff,0xff,0xff,0xff,0x00,0x00,0xc3,0xff,
	0x00,0x00,0xc3,0xff,0x00,0x00,0xc3,0xff,0xff,0xa6,0xc3,0xff,0xff,0xa6,0xc3,0xff,
	0xff,0xff,0xff,0xff,0xff,0xff,0xff,0xff,0xff,0xff,0xff,0xff,0x00,0x00,0xc3,0xff,
	0x00,0x00,0xc3,0xff,0x00,0x00,0xc3,0xff,0xff,0xa6,0xc3,0xff,0xff,0xff,0xff,0x00,
	0xff,0xff,0xff,0x00,0xff,0xa6,0xc3,0xff,0xff,0xa6,0xc3,0xff,0xff,0xa6,0xc3,0xff,
	0xff,0xff,0xff,0xff,0xff,0xff,0xff,0xff,0xff,0xff,0xff,0xff,0xff,0xff,0xff,0xff,
	0xff,0xa6,0xc3,0xff,0xff,0xa6,0xc3,0xff,0xff,0xa6,0xc3,0xff,0xff,0xa6,0xc3,0xff,
	0xff,0xff,0xff,0xff,0xff,0xff,0xff,0xff,0xff,0xff,0xff,0xff,0xff,0xff,0xff,0xff,
	0xff,0xa6,0xc3,0xff,0xff,0xa6,0xc3,0xff,0xff,0xa6,0xc3,0xff,0xff,0xff,0xff,0x00,
	0xff,0xff,0xff,0x00,0xff,0xa6,0xc3,0xff,0xff,0xa6,0xc3,0xff,0xff,0xa6,0xc3,0xff,
	0xff,0xff,0xff,0xff,0xff,0xff,0xff,0xff,0xff,0xff,0xff,0xff,0xff,0xff,0xff,0xff,
	0xff,0xa6,0xc3,0xff,0xff,0xa6,0xc3,0xff,0xff,0xa6,0xc3,0xff,0xff,0xa6,0xc3,0xff,
	0xff,0xff,0xff,0xff,0xff,0xff,0xff,0xff,0xff,0xff,0xff,0xff,0xff,0xff,0xff,0xff,
	0xff,0xa6,0xc3,0xff,0xff,0xa6,0xc3,0xff,0xff,0xa6,0xc3,0xff,0xff,0xff,0xff,0x00,
	0xff,0xff,0xff,0x00,0x00,0xe6,0xff,0xff,0x00,0x00,0xc3,0xff,0x00,0x00,0xc3,0xff,
	0x00,0x00,0xc3,0xff,0xff,0xff,0xff,0xff,0xff,0xff,0xff,0xff,0xff,0xff,0xff,0xff,
	0x00,0xe6,0xff,0xff,0x00,0xe6,0xff,0xff,0x00,0x00,0xc3,0xff,0x00,0x00,0xc3,0xff,
	0x00,0x00,0xc3,0xff,0xff,0xff,0xff,0xff,0xff,0xff,0xff,0xff,0xff,0xff,0xff,0xff,
	0x00,0xe6,0xff,0xff,0x00,0xe6,0xff,0xff,0x00,0xe6,0xff,0xff,0xff,0xff,0xff,0x00,
	0xff,0xff,0xff,0x00,0x00,0xe6,0xff,0xff,0x00,0x00,0xc3,0xff,0x00,0x00,0xc3,0xff,
	0x00,0x00,0xc3,0xff,0xff,0xff,0xff,0xff,0xff,0xff,0xff,0xff,0xff,0xff,0xff,0xff,
	0x00,0xe6,0xff,0xff,0x00,0xe6,0xff,0xff,0x00,0x00,0xc3,0xff,0x00,0x00,0xc3,0xff,
	0x00,0x00,0xc3,0xff,0xff,0xff,0xff,0xff,0xff,0xff,0xff,0xff,0xff,0xff,0xff,0xff,
	0x00,0xe6,0xff,0xff,0x00,0xe6,0xff,0xff,0x00,0xe6,0xff,0xff,0xff,0xff,0xff,0x00,
	0xff,0xff,0xff,0x00,0x00,0xe6,0xff,0xff,0x00,0xe6,0xff,0xff,0xff,0xff,0xff,0xff,
	0xff,0xff,0xff,0xff,0xff,0xff,0xff,0xff,0xff,0xff,0xff,0xff,0xff,0xff,0xff,0xff,
	0xff,0xff,0xff,0xff,0x00,0xe6,0xff,0xff,0x00,0xe6,0xff,0xff,0xff,0xff,0xff,0xff,
	0xff,0xff,0xff,0xff,0xff,0xff,0xff,0xff,0xff,0xff,0xff,0xff,0xff,0xff,0xff,0xff,
	0xff,0xff,0xff,0xff,0x00,0xe6,0xff,0xff,0x00,0xe6,0xff,0xff,0xff,0xff,0xff,0x00,
	0xff,0xff,0xff,0x00,0x00,0xe6,0xff,0xff,0x00,0xe6,0xff,0xff,0xff,0xff,0xff,0xff,
	0xff,0xff,0xff,0xff,0xff,0xff,0xff,0xff,0xff,0xff,0xff,0xff,0xff,0xff,0xff,0xff,
	0xff,0xff,0xff,0xff,0x00,0xe6,0xff,0xff,0x00,0xe6,0xff,0xff,0xff,0xff,0xff,0xff,
	0xff,0xff,0xff,0xff,0xff,0xff,0xff,0xff,0xff,0xff,0xff,0xff,0xff,0xff,0xff,0xff,
	0xff,0xff,0xff,0xff,0x00,0xe6,0xff,0xff,0x00,0xe6,0xff,0xff,0xff,0xff,0xff,0x00,
	0xff,0xff,0xff,0x00,0x00,0xe6,0xff,0xff,0x00,0xe6,0xff,0xff,0x00,0xe6,0xff,0xff,
	0xff,0xff,0xff,0xff,0xff,0xff,0xff,0xff,0xff,0xff,0xff,0xff,0x00,0x00,0xc3,0xff,
	0x00,0x00,0xc3,0xff,0x00,0x00,0xc3,0xff,0x00,0xe6,0xff,0xff,0x00,0xe6,0xff,0xff,
	0xff,0xff,0xff,0xff,0xff,0xff,0xff,0xff,0xff,0xff,0xff,0xff,0x00,0x00,0xc3,0xff,
	0x00,0x00,0xc3,0xff,0x00,0x00,0xc3,0xff,0x00,0xe6,0xff,0xff,0xff,0xff,0xff,0x00,
	0xff,0xff,0xff,0x00,0x00,0xe6,0xff,0xff,0x00,0xe6,0xff,0xff,0x00,0xe6,0xff,0xff,
	0xff,0xff,0xff,0xff,0xff,0xff,0xff,0xff,0xff,0xff,0xff,0xff,0x00,0x00,0xc3,0xff,
	0x00,0x00,0xc3,0xff,0x00,0x00,0xc3,0xff,0x00,0xe6,0xff,0xff,0x00,0xe6,0xff,0xff,
	0xff,0xff,0xff,0xff,0xff,0xff,0xff,0xff,0xff,0xff,0xff,0xff,0x00,0x00,0xc3,0xff,
	0x00,0x00,0xc3,0xff,0x00,0x00,0xc3,0xff,0x00,0xe6,0xff,0xff,0xff,0xff,0xff,0x00,
	0xff,0xff,0xff,0x00,0x00,0xe6,0xff,0xff,0x00,0xe6,0xff,0xff,0x00,0xe6,0xff,0xff,
	0xff,0xff,0xff,0xff,0xff,0xff,0xff,0xff,0xff,0xff,0xff,0xff,0xff,0xff,0xff,0xff,
	0x00,0xe6,0xff,0xff,0x00,0xe6,0xff,0xff,0x00,0xe6,0xff,0xff,0x00,0xe6,0xff,0xff,
	0xff,0xff,0xff,0xff,0xff,0xff,0xff,0xff,0xff,0xff,0xff,0xff,0xff,0xff,0xff,0xff,
	0x00,0xe6,0xff,0xff,0x00,0xe6,0xff,0xff,0x00,0xe6,0xff,0xff,0xff,0xff,0xff,0x00,
	0xff,0xff,0xff,0x00,0x00,0xe6,0xff,0xff,0x00,0xe6,0xff,0xff,0x00,0xe6,0xff,0xff,
	0xff,0xff,0xff,0xff,0xff,0xff,0xff,0xff,0xff,0xff,0xff,0xff,0xff,0xff,0xff,0xff,
	0x00,0xe6,0xff,0xff,0x00,0xe6,0xff,0xff,0x00,0xe6,0xff,0xff,0x00,0xe6,0xff,0xff,
	0xff,0xff,0xff,0xff,0xff,0xff,0xff,0xff,0xff,0xff,0xff,0xff,0xff,0xff,0xff,0xff,
	0x00,0xe6,0xff,0xff,0x00,0xe6,0xff,0xff,0x00,0xe6,0xff,0xff,0xff,0xff,0xff,0x00,
	0xff,0xff,0xff,0x00,0xff,0xa6,0x00,0xff,0x00,0x00,0xc3,0xff,0x00,0x00,0xc3,0xff,
	0x00,0x00,0xc3,0xff,0xff,0xff,0xff,0xff,0xff,0xff,0xff,0xff,0xff,0xff,0xff,0xff,
	0xff,0xa6,0x00,0xff,0xff,0xa6,0x00,0xff,0x00,0x00,0xc3,0xff,0x00,0x00,0xc3,0xff,
	0x00,0x00,0xc3,0xff,0xff,0xff,0xff,0xff,0xff,0xff,0xff,0xff,0xff,0xff,0xff,0xff,
	0xff,0xa6,0x00,0xff,0xff,0xa6,0x00,0xff,0xff,0xa6,0x00,0xff,0xff,0xff,0xff,0x00,
	0xff,0xff,0xff,0x00,0xff,0xa6,0x00,0xff,0x00,0x00,0xc3,0xff,0x00,0x00,0xc3,0xff,
	0x00,0x00,0xc3,0xff,0xff,0xff,0xff,0xff,0xff,0xff,0xff,0xff,0xff,0xff,0xff,0xff,
	0xff,0xa6,0x00,0xff,0xff,0xa6,0x00,0xff,0x00,0x00,0xc3,0xff,0x00,0x00,0xc3,0xff,
	0x00,0x00,0xc3,0xff,0xff,0xff,0xff,0xff,0xff,0xff,0xff,0xff,0xff,0xff,0xff,0xff,
	0xff,0xa6,0x00,0xff,0xff,0xa6,0x00,0xff,0xff,0xa6,0x00,0xff,0xff,0xff,0xff,0x00,
	0xff,0xff,0xff,0x00,0xff,0xa6,0x00,0xff,0xff,0xa6,0x00,0xff,0xff,0xff,0xff,0xff,
	0xff,0xff,0xff,0xff,0xff,0xff,0xff,0xff,0xff,0xff,0xff,0xff,0xff,0xff,0xff,0xff,
	0xff,0xff,0xff,0xff,0xff,0xa6,0x00,0xff,0xff,0xa6,0x00,0xff,0xff,0xff,0xff,0xff,
	0xff,0xff,0xff,0xff,0xff,0xff,0xff,0xff,0xff,0xff,0xff,0xff,0xff,0xff,0xff,0xff,
	0xff,0xff,0xff,0xff,0xff,0xa6,0x00,0xff,0xff,0xa6,0x00,0xff,0xff,0xff,0xff,0x00,
	0xff,0xff,0xff,0x00,0xff,0xa6,0x00,0xff,0xff,0xa6,0x00,0xff,0xff,0xff,0xff,0xff,
	0xff,0xff,0xff,0xff,0xff,0xff,0xff,0xff,0xff,0xff,0xff,0xff,0xff,0xff,0xff,0xff,
	0xff,0xff,0xff,0xff,0xff,0xa6,0x00,0xff,0xff,0xa6,0x00,0xff,0xff,0xff,0xff,0xff,
	0xff,0xff,0xff,0xff,0xff,0xff,0xff,0xff,0xff,0xff,0xff,0xff,0xff,0xff,0xff,0xff,
	0xff,0xff,0xff,0xff,0xff,0xa6,0x00,0xff,0xff,0xa6,0x00,0xff,0xff,0xff,0xff,0x00,
	0xff,0xff,0xff,0x00,0xff,0xa6,0x00,0xff,0xff,0xa6,0x00,0xff,0xff,0xa6,0x00,0xff,
	0xff,0xff,0xff,0xff,0xff,0xff,0xff,0xff,0xff,0xff,0xff,0xff,0x00,0x00,0xc3,0xff,
	0x00,0x00,0xc3,0xff,0x00,0x00,0xc3,0xff,0xff,0xa6,0x00,0xff,0xff,0xa6,0x00,0xff,
	0xff,0xff,0xff,0xff,0xff,0xff,0xff,0xff,0xff,0xff,0xff,0xff,0x00,0x00,0xc3,0xff,
	0x00,0x00,0xc3,0xff,0x00,0x00,0xc3,0xff,0xff,0xa6,0x00,0xff,0xff,0xff,0xff,0x00,
	0xff,0xff,0xff,0x00,0xff,0xa6,0x00,0xff,0xff,0xa6,0x00,0xff,0xff,0xa6,0x00,0xff,
	0xff,0xff,0xff,0xff,0xff,0xff,0xff,0xff,0xff,0xff,0xff,0xff,0x00,0x00,0xc3,0xff,
	0x00,0x00,0xc3,0xff,0x00,0x00,0xc3,0xff,0xff,0xa6,0x00,0xff,0xff,0xa6,0x00,0xff,
	0xff,0xff,0xff,0xff,0xff,0xff,0xff,0xff,0xff,0xff,0xff,0xff,0x00,0x00,0xc3,0xff,
	0x00,0x00,0xc3,0xff,0x00,0x00,0xc3,0xff,0xff,0xa6,0x00,0xff,0xff,0xff,0xff,0x00,
	0xff,0xff,0xff,0x00,0xff,0xa6,0x00,0xff,0xff,0xa6,0x00,0xff,0xff,0xa6,0x00,0xff,
	0xff,0xff,0xff,0xff,0xff,0xff,0xff,0xff,0xff,0xff,0xff,0xff,0xff,0xff,0xff,0xff,
	0xff,0xa6,0x00,0xff,0xff,0xa6,0x00,0xff,0xff,0xa6,0x00,0xff,0xff,0xa6,0x00,0xff,
	0xff,0xff,0xff,0xff,0xff,0xff,0xff,0xff,0xff,0xff,0xff,0xff,0xff,0xff,0xff,0xff,
	0xff,0xa6,0x00,0xff,0xff,0xa6,0x00,0xff,0xff,0xa6,0x00,0xff,0xff,0xff,0xff,0x00,
	0xff,0xff,0xff,0x00,0xff,0xa6,0x00,0xff,0xff,0xa6,0x00,0xff,0xff,0xa6,0x00,0xff,
	0xff,0xff,0xff,0xff,0xff,0xff,0xff,0xff,0xff,0xff,0xff,0xff,0xff,0xff,0xff,0xff,
	0xff,0xa6,0x00,0xff,0xff,0xa6,0x00,0xff,0xff,0xa6,0x00,0xff,0xff,0xa6,0x00,0xff,
	0xff,0xff,0xff,0xff,0xff,0xff,0xff,0xff,0xff,0xff,0xff,0xff,0xff,0xff,0xff,0xff,
	0xff,0xa6,0x00,0xff,0xff,0xa6,0x00,0xff,0xff,0xa6,0x00,0xff,0xff,0xff,0xff,0x00,
	0xff,0xff,0xff,0x00,0xff,0xff,0xff,0x00,0x00,0x00,0xc3,0xff,0x00,0x00,0xc3,0xff,
	0x00,0x00,0xc3,0xff,0xff,0xff,0xff,0xff,0xff,0xff,0xff,0xff,0xff,0xff,0xff,0xff,
	0xff,0xff,0xff,0x00,0xff,0xff,0xff,0x00,0x00,0x00,0xc3,0xff,0x00,0x00,0xc3,0xff,
	0x00,0x00,0xc3,0xff,0xff,0xff,0xff,0xff,0xff,0xff,0xff,0xff,0xff,0xff,0xff,0xff,
	0xff,0xff,0xff,0x00,0xff,0xff,0xff,0x00,0xff,0xff,0xff,0x00,0xff,0xff,0xff,0x00,
	0xff,0xff,0xff,0x00,0xff,0xff,0xff,0x00,0xff,0xff,0xff,0x00,0xff,0xff,0xff,0xff,
	0xff,0xff,0xff,0xff,0xff,0xff,0xff,0xff,0xff,0xff,0xff,0xff,0xff,0xff,0xff,0xff,
	0xff,0xff,0xff,0xff,0xff,0xff,0xff,0x00,0xff,0xff,0xff,0x00,0xff,0xff,0xff,0xff,
	0xff,0xff,0xff,0xff,0xff,0xff,0xff,0xff,0xff,0xff,0xff,0xff,0xff,0xff,0xff,0xff,
	0xff,0xff,0xff,0xff,0xff,0xff,0xff,0x00,0xff,0xff,0xff,0x00,0xff,0xff,0xff,0x00,
	0xff,0xff,0xff,0x00,0xff,0xff,0xff,0x00,0xff,0xff,0xff,0x00,0xff,0xff,0xff,0x00,
	0xff,0xff,0xff,0xff,0xff,0xff,0xff,0xff,0xff,0xff,0xff,0xff,0x00,0x00,0xc3,0xff,
	0x00,0x00,0xc3,0xff,0x00,0x00,0xc3,0xff,0xff,0xff,0xff,0x00,0xff,0xff,0xff,0x00,
	0xff,0xff,0xff,0xff,0xff,0xff,0xff,0xff,0xff,0xff,0xff,0xff,0x00,0x00,0xc3,0xff,
	0x00,0x00,0xc3,0xff,0x00,0x00,0xc3,0xff,0xff,0xff,0xff,0x00,0xff,0xff,0xff,0x00,
	0xff,0xff,0xff,0x00,0xff,0xff,0xff,0x00,0xff,0xff,0xff,0x00,0xff,0xff,0xff,0x00,
	0xff,0xff,0xff,0xff,0xff,0xff,0xff,0xff,0xff,0xff,0xff,0xff,0xff,0xff,0xff,0xff,
	0xff,0xff,0xff,0x00,0xff,0xff,0xff,0x00,0xff,0xff,0xff,0x00,0xff,0xff,0xff,0x00,
	0xff,0xff,0xff,0xff,0xff,0xff,0xff,0xff,0xff,0xff,0xff,0xff,0xff,0xff,0xff,0xff,
	0xff,0xff,0xff,0x00,0xff,0xff,0xff,0x00,0xff,0xff,0xff,0x00,0xff,0xff,0xff,0x00,
	0xff,0xff,0xff,0x00,0x00,0x00,0xc3,0xff,0x00,0x00,0xc3,0xff,0x00,0x00,0xc3,0xff,
	0x00,0x00,0xc3,0xff,0x00,0x00,0xc3,0xff,0xff,0xff,0xff,0xff,0xff,0xff,0xff,0xff,
	0x00,0x00,0xc3,0xff,0x00,0x00,0xc3,0xff,0x00,0x00,0xc3,0xff,0x00,0x00,0xc3,0xff,
	0xff,0xff,0xff,0xff,0xff,0xff,0xff,0xff,0x00,0x00,0xc3,0xff,0x00,0x00,0xc3,0xff,
	0x00,0x00,0xc3,0xff,0x00,0x00,0xc3,0xff,0x00,0x00,0xc3,0xff,0xff,0xff,0xff,0x00,
	0xff,0xff,0xff,0x00,0x00,0x00,0xc3,0xff,0x00,0x00,0xc3,0xff,0x00,0x00,0xc3,0xff,
	0x00,0x00,0xc3,0xff,0x00,0x00,0xc3,0xff,0xff,0xff,0xff,0xff,0xff,0xff,0xff,0xff,
	0x00,0x00,0xc3,0xff,0x00,0x00,0xc3,0xff,0x00,0x00,0xc3,0xff,0x00,0x00,0xc3,0xff,
	0xff,0xff,0xff,0xff,0xff,0xff,0xff,0xff,0x00,0x00,0xc3,0xff,0x00,0x00,0xc3,0xff,
	0x00,0x00,0xc3,0xff,0x00,0x00,0xc3,0xff,0x00,0x00,0xc3,0xff,0xff,0xff,0xff,0x00,
	0xff,0xff,0xff,0x00,0xff,0xff,0xff,0xff,0xff,0xff,0xff,0xff,0xff,0xff,0xff,0xff,
	0xff,0xff,0xff,0xff,0xff,0xff,0xff,0xff,0x00,0x00,0xc3,0xff,0x00,0x00,0xc3,0xff,
	0xff,0xff,0xff,0xff,0xff,0xff,0xff,0xff,0xff,0xff,0xff,0xff,0xff,0xff,0xff,0xff,
	0x00,0x00,0xc3,0xff,0x00,0x00,0xc3,0xff,0xff,0xff,0xff,0xff,0xff,0xff,0xff,0xff,
	0xff,0xff,0xff,0xff,0xff,0xff,0xff,0xff,0xff,0xff,0xff,0xff,0xff,0xff,0xff,0x00,
	0xff,0xff,0xff,0x00,0xff,0xff,0xff,0xff,0xff,0xff,0xff,0xff,0xff,0xff,0xff,0xff,
	0xff,0xff,0xff,0xff,0xff,0xff,0xff,0xff,0x00,0x00,0xc3,0xff,0x00,0x00,0xc3,0xff,
	0xff,0xff,0xff,0xff,0xff,0xff,0xff,0xff,0xff,0xff,0xff,0xff,0xff,0xff,0xff,0xff,
	0x00,0x00,0xc3,0xff,0x00,0x00,0xc3,0xff,0xff,0xff,0xff,0xff,0xff,0xff,0xff,0xff,
	0xff,0xff,0xff,0xff,0xff,0xff,0xff,0xff,0xff,0xff,0xff,0xff,0xff,0xff,0xff,0x00,
	0xff,0xff,0xff,0x00,0xff,0x00,0x00,0xff,0xff,0x00,0x00,0xff,0xff,0x00,0x00,0xff,
	0xff,0x00,0x00,0xff,0xff,0x00,0x00,0xff,0xff,0x00,0x00,0xff,0xff,0x00,0x00,0xff,
	0xff,0x00,0x00,0xff,0xff,0xff,0xff,0x00,0xff,0x00,0x00,0xff,0xff,0x00,0x00,0xff,
	0xf9,0xbc,0x54,0xff,0xff,0x00,0x00,0xff,0xff,0x00,0x00,0xff,0xff,0x00,0x00,0xff,
	0xff,0xff,0xff,0x00,0xff,0xff,0xff,0x00,0xff,0xff,0xff,0x00,0xff,0xff,0xff,0x00,
	0xff,0xff,0xff,0x00,0xff,0x00,0x00,0xff,0xff,0x00,0x00,0xff,0xff,0x00,0x00,0xff,
	0xff,0x00,0x00,0xff,0xff,0x00,0x00,0xff,0xff,0x00,0x00,0xff,0xff,0x00,0x00,0xff,
	0xff,0x00,0x00,0xff,0xff,0x00,0x00,0xff,0xff,0x00,0x00,0xff,0xff,0x00,0x00,0xff,
	0xe6,0xe6,0xff,0xff,0xff,0x00,0x00,0xff,0xff,0x00,0x00,0xff,0xff,0x00,0x00,0xff,
	0xff,0x00,0x00,0xff,0xff,0x00,0x00,0xff,0xff,0xff,0xff,0x00,0xff,0xff,0xff,0x00,
	0xff,0xff,0xff,0x00,0xff,0xff,0xff,0x00,0xf9,0xbc,0x54,0xff,0xf9,0xbc,0x54,0xff,
	0xf9,0xbc,0x54,0xff,0xf9,0xbc,0x54,0xff,0xf9,0xbc,0x54,0xff,0xf9,0xbc,0x54,0xff,
	0xf9,0xbc,0x54,0xff,0xf9,0xbc,0x54,0xff,0xf9,0xbc,0x54,0xff,0xf9,0xbc,0x54,0xff,
	0xf9,0xbc,0x54,0xff,0xf9,0xbc,0x54,0xff,0xf9,0xbc,0x54,0xff,0xf9,0xbc,0x54,0xff,
	0xf9,0xbc,0x54,0xff,0xf9,0xbc,0x54,0xff,0xff,0xff,0xff,0x00,0xff,0xff,0xff,0x00,
	0xff,0xff,0xff,0x00,0xff,0x00,0x00,0xff,0xff,0x00,0x00,0xff,0xff,0x00,0x00,0xff,
	0xff,0x00,0x00,0xff,0xff,0x00,0x00,0xff,0xff,0x00,0x00,0xff,0xff,0x00,0x00,0xff,
	0xff,0x00,0x00,0xff,0xff,0x00,0x00,0xff,0xff,0x00,0x00,0xff,0xff,0x00,0x00,0xff,
	0xff,0x00,0x00,0xff,0xff,0x00,0x00,0xff,0xff,0x00,0x00,0xff,0xff,0x00,0x00,0xff,
	0xff,0x00,0x00,0xff,0xff,0x00,0x00,0xff,0xff,0x00,0x00,0xff,0xff,0xff,0xff,0x00,
	0xff,0xff,0xff,0x00,0xff,0xff,0xff,0x00,0x00,0xff,0x00,0xff,0x00,0xff,0x00,0xff,
	0x00,0xff,0x00,0xff,0x00,0xff,0x00,0xff,0x00,0xff,0x00,0xff,0x54,0xc3,0xe3,0xff,
	0x00,0xff,0x00,0xff,0x00,0xff,0x00,0xff,0x00,0xff,0x00,0xff,0xe6,0xe6,0xff,0xff,
	0x54,0xc3,0xe3,0xff,0x00,0xff,0x00,0xff,0x00,0xff,0x00,0xff,0x00,0xff,0x00,0xff,
	0x00,0xff,0x00,0xff,0x00,0xff,0x00,0xff,0xff,0xff,0xff,0x00,0xff,0xff,0xff,0x00,
	0xff,0xff,0xff,0x00,0xff,0xff,0xff,0x00,0xff,0xff,0xff,0x00,0x29,0x29,0xff,0xff,
	0xff,0xff,0x00,0xff,0xff,0xff,0x00,0xff,0xff,0xff,0x00,0xff,0xff,0xff,0x00,0xff,
	0xff,0xff,0x00,0xff,0xff,0x00,0x00,0xff,0xff,0x00,0x00,0xff,0xff,0xff,0x00,0xff,
	0xff,0xff,0x00,0xff,0xff,0xff,0x00,0xff,0xff,0xff,0x00,0xff,0xff,0xff,0x00,0xff,
	0x29,0x29,0xff,0xff,0xff,0xff,0xff,0x00,0xff,0xff,0xff,0x00,0xff,0xff,0xff,0x00,
	0xff,0xff,0xff,0x00,0xff,0xff,0xff,0x00,0xff,0xff,0x00,0xff,0xff,0xff,0x00,0xff,
	0xff,0xff,0x00,0xff,0xff,0xff,0x00,0xff,0xff,0xff,0xff,0x00,0xff,0xff,0x00,0xff,
	0xff,0xff,0x00,0xff,0xff,0xff,0x00,0xff,0xff,0xff,0x00,0xff,0xff,0xff,0x00,0xff,
	0xff,0xff,0x00,0xff,0xff,0xff,0x00,0xff,0xff,0xff,0x00,0xff,0xff,0xff,0x00,0xff,
	0xff,0xff,0x00,0xff,0xff,0xff,0xff,0x00,0xff,0xff,0xff,0x00,0xff,0xff,0xff,0x00,
	0xff,0xff,0xff,0x00,0xff,0xff,0xff,0x00,0xff,0xff,0xff,0x00,0xff,0xff,0xff,0x00,
	0xff,0xff,0xff,0x00,0xff,0xff,0xff,0x00,0xff,0xff,0xff,0x00,0xff,0xff,0xff,0x00,
	0xe6,0xe6,0xff,0xff,0xff,0xff,0xff,0x00,0xff,0xff,0xff,0x00,0xe6,0xe6,0xff,0xff,
	0xff,0xff,0xff,0x00,0xff,0xff,0xff,0x00,0xff,0xff,0xff,0x00,0xff,0xff,0xff,0x00,
	0xff,0xff,0xff,0x00,0xff,0xff,0xff,0x00,0xff,0xff,0xff,0x00,0xff,0xff,0xff,0x00,
	0xff,0xff,0xff,0x00,0xff,0xff,0xff,0x00,0xff,0xff,0xff,0x00,0xff,0xff,0xff,0x00,
	0xff,0xff,0xff,0x00,0x00,0xe6,0xff,0xff,0xff,0xff,0xff,0x00,0xff,0xff,0xff,0x00,
	0x00,0xe6,0xff,0xff,0xff,0xff,0xff,0x00,0xff,0xff,0xff,0x00,0x00,0xe6,0xff,0xff,
	0xff,0xff,0xff,0x00,0x00,0xe6,0xff,0xff,0xff,0xff,0xff,0x00,0xff,0xff,0xff,0x00,
	0x00,0xe6,0xff,0xff,0xff,0xff,0xff,0x00,0xff,0xff,0xff,0x00,0xff,0xff,0xff,0x00,
	0xff,0xff,0xff,0x00,0xff,0xff,0xff,0x00,0x00,0xe6,0xff,0xff,0xff,0xff,0xff,0x00,
	0xff,0xff,0xff,0x00,0x00,0xe6,0xff,0xff,0xff,0xff,0xff,0x00,0xff,0xff,0xff,0x00,
	0x00,0xe6,0xff,0xff,0xff,0xff,0xff,0x00,0xff,0xff,0xff,0x00,0x00,0xe6,0xff,0xff,
	0xff,0xff,0xff,0x00,0x00,0xe6,0xff,0xff,0xff,0xff,0xff,0x00,0xff,0xff,0xff,0x00,
	0x00,0xe6,0xff,0xff,0xff,0xff,0xff,0x00,0xff,0xff,0xff,0x00,0xff,0xff,0xff,0x00,
	0xff,0xff,0xff,0x00,0xff,0xff,0xff,0x00,0xff,0xff,0xff,0x00,0xff,0xff,0xff,0x00,
	0x00,0xe6,0xff,0xff,0x00,0xe6,0xff,0xff,0xff,0xff,0xff,0x00,0xff,0xff,0xff,0x00,
	0x00,0xe6,0xff,0xff,0xff,0xff,0xff,0x00,0xff,0xff,0xff,0x00,0x00,0xe6,0xff,0xff,
	0xff,0xff,0xff,0x00,0x00,0xe6,0xff,0xff,0xff,0xff,0xff,0x00,0xff,0xff,0xff,0x00,
	0x00,0xe6,0xff,0xff,0xff,0xff,0xff,0x00,0xff,0xff,0xff,0x00,0xff,0xff,0xff,0x00,
	0xff,0xff,0xff,0x00,0xff,0xff,0xff,0x00,0x00,0xe6,0xff,0xff,0xff,0xff,0xff,0x00,
	0x00,0xe6,0xff,0xff,0x00,0xe6,0xff,0xff,0x00,0xe6,0xff,0xff,0xff,0xff,0xff,0x00,
	0xff,0xff,0xff,0x00,0x00,0xe6,0xff,0xff,0xff,0xff,0xff,0x00,0xff,0xff,0xff,0x00,
	0x00,0xe6,0xff,0xff,0xff,0xff,0xff,0x00,0x00,0xe6,0xff,0xff,0xff,0xff,0xff,0x00,
	0xff,0xff,0xff,0x00,0x00,0xe6,0xff,0xff,0xff,0xff,0xff,0x00,0xff,0xff,0xff,0x00,
	0xff,0xff,0xff,0x00,0xff,0xff,0xff,0x00,0xff,0xff,0xff,0x00,0xff,0xff,0xff,0x00,
	0xff,0xff,0xff,0x00,0xff,0xff,0xff,0x00,0xff,0xff,0xff,0x00,0xff,0xff,0xff,0x00,
	0xff,0xff,0xff,0x00,0xff,0xff,0xff,0x00,0xff,0xff,0xff,0x00,0xff,0xff,0xff,0x00,
	0xff,0xff,0xff,0x00,0xff,0xff,0xff,0x00,0xff,0xff,0xff,0x00,0xff,0xff,0xff,0x00,
	0xff,0xff,0xff,0x00,0xff,0xff,0xff,0x00,0xff,0xff,0xff,0x00,0xff,0xff,0xff,0x00,
	0xff,0xff,0xff,0x00,0xff,0xff,0x00,0xff,0xff,0xff,0x00,0xff,0xff,0xff,0x00,0xff,
	0xff,0xff,0x00,0xff,0xff,0xff,0x00,0xff,0xff,0xff,0x00,0xff,0xff,0xff,0x00,0xff,
	0xff,0xff,0x00,0xff,0xff,0xff,0x00,0xff,0xff,0xff,0x00,0xff,0xff,0xff,0x00,0xff,
	0xff,0xff,0x00,0xff,0xff,0xff,0x00,0xff,0xff,0xff,0x00,0xff,0xff,0xff,0x00,0xff,
	0xff,0xff,0x00,0xff,0xff,0xff,0x00,0xff,0xff,0xff,0x00,0xff,0xff,0xff,0xff,0x00,
	0xff,0xff,0xff,0x00,0xff,0xff,0xff,0x00,0xff,0xff,0xff,0x00,0xff,0xff,0xff,0x00,
	0xff,0xff,0xff,0x00,0xff,0xff,0xff,0x00,0xff,0xff,0xff,0x00,0xff,0xff,0xff,0x00,
	0xff,0xff,0xff,0x00,0xff,0xff,0xff,0x00,0xff,0xff,0xff,0x00,0xff,0xff,0x00,0xff,
	0xff,0xff,0x00,0xff,0xff,0xff,0x00,0xff,0xff,0xff,0x00,0xff,0xff,0xff,0x00,0xff,
	0xff,0xff,0x00,0xff,0xff,0xff,0x00,0xff,0xff,0xff,0x00,0xff,0xff,0xff,0xff,0x00,
	0xff,0xff,0xff,0x00,0xff,0xff,0xff,0x00,0xff,0xff,0xff,0x00,0xff,0xff,0xff,0x00,
	0xff,0xff,0xff,0x00,0xff,0xff,0xff,0x00,0xff,0xff,0xff,0x00,0xff,0xff,0xff,0x00,
	0xff,0xff,0xff,0x00,0xff,0xff,0xff,0x00,0xff,0xff,0xff,0x00,0xff,0xff,0x00,0xff,
	0xff,0xff,0x00,0xff,0xff,0xff,0x00,0xff,0xff,0xff,0x00,0xff,0xff,0xff,0x00,0xff,
	0xff,0xff,0x00,0xff,0xff,0xff,0x00,0xff,0xff,0xff,0x00,0xff,0xff,0xff,0xff,0x00,
	0xff,0xff,0xff,0x00,0xff,0xff,0x00,0xff,0xff,0xff,0x00,0xff,0xff,0xff,0x00,0xff,
	0xff,0xff,0x00,0xff,0xff,0xff,0x00,0xff,0xff,0xff,0x00,0xff,0xff,0xff,0x00,0xff,
	0xff,0xff,0x00,0xff,0xff,0xff,0xff,0x00,0xff,0xff,0xff,0x00,0xff,0xff,0x00,0xff,
	0xff,0xff,0x00,0xff,0xff,0xff,0x00,0xff,0xff,0xff,0x00,0xff,0xff,0xff,0x00,0xff,
	0xff,0xff,0x00,0xff,0xff,0xff,0x00,0xff,0xff,0xff,0x00,0xff,0xff,0xff,0xff,0x00,
	0xff,0xff,0xff,0x00,0xff,0xff,0x00,0xff,0xff,0xff,0x00,0xff,0xff,0xff,0x00,0xff,
	0xff,0xff,0x00,0xff,0xff,0xff,0x00,0xff,0xff,0xff,0x00,0xff,0xff,0xff,0x00,0xff,
	0xff,0xff,0xff,0x00,0xff,0xff,0xff,0x00,0xff,0xff,0xff,0x00,0xff,0xff,0xff,0x00,
	0xff,0xff,0x00,0xff,0xff,0xff,0x00,0xff,0xff,0xff,0x00,0xff,0xff,0xff,0x00,0xff,
	0xff,0xff,0x00,0xff,0xff,0xff,0x00,0xff,0xff,0xff,0x00,0xff,0xff,0xff,0xff,0x00,
	0xff,0xff,0xff,0x00,0xff,0xff,0x00,0xff,0xff,0xff,0x00,0xff,0xff,0xff,0x00,0xff,
	0xff,0xff,0x00,0xff,0xff,0xff,0x00,0xff,0xff,0xff,0x00,0xff,0xff,0xff,0x00,0xff,
	0xff,0xff,0x00,0xff,0xff,0xff,0xff,0x00,0xff,0xff,0xff,0x00,0xff,0xff,0xff,0x00,
	0xff,0xff,0xff,0x00,0xff,0xff,0xff,0x00,0xff,0xff,0xff,0x00,0xff,0xff,0xff,0x00,
	0xff,0xff,0xff,0x00,0xff,0xff,0xff,0x00,0xff,0xff,0xff,0x00,0xff,0xff,0xff,0x00,
	0xff,0xff,0xff,0x00,0xff,0xff,0x00,0xff,0xff,0xff,0x00,0xff,0xff,0xff,0x00,0xff,
	0xff,0xff,0x00,0xff,0xff,0xff,0x00,0xff,0xff,0xff,0x00,0xff,0xff,0xff,0x00,0xff,
	0xff,0xff,0x00,0xff,0xff,0xff,0xff,0x00,0xff,0xff,0xff,0x00,0xff,0xff,0xff,0x00,
	0xff,0xff,0xff,0x00,0xff,0xff,0xff,0x00,0xff,0xff,0xff,0x00,0xff,0xff,0xff,0x00,
	0xff,0xff,0xff,0x00,0xff,0xff,0xff,0x00,0xff,0xff,0xff,0x00,0xff,0xff,0xff,0x00,
	0xff,0xff,0xff,0x00,0xff,0xff,0x00,0xff,0xff,0xff,0x00,0xff,0xff,0xff,0x00,0xff,
	0xff,0xff,0x00,0xff,0xff,0xff,0x00,0xff,0xff,0xff,0x00,0xff,0xff,0xff,0x00,0xff,
	0xff,0xff,0x00,0xff,0xff,0xff,0xff,0x00,0xff,0xff,0xff,0x00,0xff,0xff,0x00,0xff,
	0xff,0xff,0x00,0xff,0xff,0xff,0x00,0xff,0xff,0xff,0x00,0xff,0xff,0xff,0x00,0xff,
	0xff,0xff,0x00,0xff,0xff,0xff,0x00,0xff,0xff,0xff,0x00,0xff,0xff,0xff,0xff,0x00,
	0xff,0xff,0xff,0x00,0xff,0xff,0x00,0xff,0xff,0xff,0x00,0xff,0xff,0xff,0x00,0xff,
	0xff,0xff,0x00,0xff,0xff,0xff,0x00,0xff,0xff,0xff,0x00,0xff,0xff,0xff,0x00,0xff,
	0xff,0xff,0x00,0xff,0xff,0xff,0xff,0x00,0xff,0xff,0xff,0x00,0xff,0xff,0x00,0xff,
	0xff,0xff,0x00,0xff,0xff,0xff,0x00,0xff,0xff,0xff,0x00,0xff,0xff,0xff,0x00,0xff,
	0xff,0xff,0x00,0xff,0xff,0xff,0x00,0xff,0xff,0xff,0x00,0xff,0xff,0xff,0xff,0x00,
	0xff,0xff,0xff,0x00,0xff,0xff,0x00,0xff,0xff,0xff,0x00,0xff,0xff,0xff,0x00,0xff,
	0xff,0xff,0x00,0xff,0xff,0xff,0x00,0xff,0xff,0xff,0x00,0xff,0xff,0xff,0x00,0xff,
	0xff,0xff,0x00,0xff,0xff,0xff,0xff,0x00,0xff,0xff,0xff,0x00,0xff,0xff,0x00,0xff,
	0xff,0xff,0x00,0xff,0xff,0xff,0x00,0xff,0xff,0xff,0x00,0xff,0xff,0xff,0x00,0xff,
	0xff,0xff,0x00,0xff,0xff,0xff,0x00,0xff,0xff,0xff,0x00,0xff,0xff,0xff,0xff,0x00,
	0xff,0xff,0xff,0x00,0xff,0xff,0xff,0x00,0xff,0xff,0xff,0x00,0xff,0xff,0xff,0x00,
	0xff,0xff,0xff,0x00,0xff,0xff,0xff,0x00,0xff,0xff,0xff,0x00,0xff,0xff,0xff,0x00,
	0xff,0xff,0xff,0x00,0xff,0xff,0xff,0x00,0xff,0xff,0xff,0x00,0xff,0xff,0xff,0x00,
	0xff,0xff,0xff,0x00,0xff,0xff,0xff,0x00,0xff,0xff,0xff,0x00,0xff,0xff,0xff,0x00,
	0xff,0xff,0xff,0x00,0xff,0xff,0xff,0x00,0xff,0xff,0xff,0x00,0xff,0xff,0xff,0x00,
	0xff,0xff,0xff,0x00,0xff,0xff,0xff,0x00,0xff,0xff,0xff,0x00,0xff,0xff,0xff,0x00,
	0xff,0xff,0xff,0x00,0xff,0xff,0xff,0x00,0xff,0xff,0xff,0x00,0xff,0xff,0xff,0x00,
	0xff,0xff,0xff,0x00,0xff,0xff,0xff,0x00,0xff,0xff,0xff,0x00,0xff,0xff,0xff,0x00,
	0xff,0xff,0xff,0x00,0xff,0xff,0xff,0x00,0xff,0xff,0xff,0x00,0xff,0xff,0xff,0x00,
	0xff,0xff,0xff,0x00,0xff,0xff,0xff,0x00,0xff,0xff,0xff,0x00,0xff,0xff,0xff,0x00,
	0xff,0xff,0xff,0x00,0xff,0xff,0xff,0x00,0xff,0xff,0xff,0x00,0xff,0xff,0xff,0x00,
	0xff,0xff,0xff,0x00,0xff,0xff,0xff,0x00,0xff,0xff,0xff,0x00,0xff,0xff,0xff,0x00,
	0xff,0xff,0xff,0x00,0xff,0xff,0xff,0x00,0xff,0xff,0xff,0x00,0xff,0xff,0xff,0x00,
	0xff,0xff,0xff,0x00,0xff,0xff,0xff,0x00,0xff,0xff,0xff,0x00,0xff,0xff,0xff,0x00,
	0xff,0xff,0xff,0x00,0xff,0xff,0xff,0x00,0xff,0xff,0xff,0x00,0xff,0xff,0xff,0x00,
	0xff,0xff,0xff,0x00,0xff,0xff,0xff,0x00,0xff,0xff,0xff,0x00,0xff,0xff,0xff,0x00,
	0xff,0xff,0xff,0x00,0xff,0xff,0xff,0x00,0xff,0xff,0xff,0x00,0xff,0xff,0xff,0x00,
	0xff,0xff,0xff,0x00,0xff,0xff,0xff,0x00,0xff,0xff,0xff,0x00,0xff,0xff,0xff,0x00,
	0xff,0xff,0xff,0x00,0xff,0xff,0xff,0x00,0xff,0xff,0xff,0x00,0xff,0xff,0xff,0x00,
	0xff,0xff,0xff,0x00,0xff,0xff,0xff,0x00,0xff,0xff,0xff,0x00,0xff,0xff,0xff,0x00,
	0xff,0xff,0xff,0x00,0xff,0xff,0xff,0x00,0xff,0xff,0x00,0xff,0xff,0xff,0x00,0xff,
	0xff,0xff,0x00,0xff,0xff,0xff,0x00,0xff,0xff,0xff,0xff,0x00,0xff,0xff,0xff,0x00,
	0xff,0xff,0xff,0x00,0xff,0xff,0xff,0x00,0xff,0xff,0xff,0x00,0xff,0xff,0xff,0x00,
	0xff,0xff,0xff,0x00,0xff,0xff,0x00,0xff,0xff,0xff,0x00,0xff,0xff,0xff,0x00,0xff,
	0xff,0xff,0x00,0xff,0xff,0xff,0xff,0x00,0xff,0xff,0xff,0x00,0xff,0xff,0xff,0x00,
	0xff,0xff,0xff,0x00,0xff,0x00,0x00,0xff,0x00,0x00,0xc3,0xff,0x00,0x00,0xc3,0xff,
	0x00,0x00,0xc3,0xff,0xff,0xff,0xff,0xff,0xff,0xff,0xff,0xff,0xff,0xff,0xff,0xff,
	0xff,0x00,0x00,0xff,0xff,0x00,0x00,0xff,0x00,0x00,0xc3,0xff,0x00,0x00,0xc3,0xff,
	0x00,0x00,0xc3,0xff,0xff,0xff,0xff,0xff,0xff,0xff,0xff,0xff,0xff,0xff,0xff,0xff,
	0xff,0x00,0x00,0xff,0xff,0x00,0x00,0xff,0xff,0x00,0x00,0xff,0xff,0xff,0xff,0x00,
	0xff,0xff,0xff,0x00,0xff,0x00,0x00,0xff,0x00,0x00,0xc3,0xff,0x00,0x00,0xc3,0xff,
	0x00,0x00,0xc3,0xff,0xff,0xff,0xff,0xff,0xff,0xff,0xff,0xff,0xff,0xff,0xff,0xff,
	0xff,0x00,0x00,0xff,0xff,0x00,0x00,0xff,0x00,0x00,0xc3,0xff,0x00,0x00,0xc3,0xff,
	0x00,0x00,0xc3,0xff,0xff,0xff,0xff,0xff,0xff,0xff,0xff,0xff,0xff,0xff,0xff,0xff,
	0xff,0x00,0x00,0xff,0xff,0x00,0x00,0xff,0xff,0x00,0x00,0xff,0xff,0xff,0xff,0x00,
	0xff,0xff,0xff,0x00,0xff,0x00,0x00,0xff,0xff,0x00,0x00,0xff,0xff,0xff,0xff,0xff,
	0xff,0xff,0xff,0xff,0x00,0x00,0xc3,0xff,0x00,0x00,0xc3,0xff,0x00,0x00,0xc3,0xff,
	0xff,0xff,0xff,0xff,0xff,0x00,0x00,0xff,0xff,0x00,0x00,0xff,0xff,0xff,0xff,0xff,
	0x00,0x00,0xc3,0xff,0x00,0x00,0xc3,0xff,0x00,0x00,0xc3,0xff,0xff,0xff,0xff,0xff,
	0xff,0xff,0xff,0xff,0xff,0x00,0x00,0xff,0xff,0x00,0x00,0xff,0xff,0xff,0xff,0x00,
	0xff,0xff,0xff,0x00,0xff,0x00,0x00,0xff,0xff,0x00,0x00,0xff,0xff,0xff,0xff,0xff,
	0xff,0xff,0xff,0xff,0x00,0x00,0xc3,0xff,0x00,0x00,0xc3,0xff,0x00,0x00,0xc3,0xff,
	0xff,0xff,0xff,0xff,0xff,0x00,0x00,0xff,0xff,0x00,0x00,0xff,0xff,0xff,0xff,0xff,
	0x00,0x00,0xc3,0xff,0x00,0x00,0xc3,0xff,0x00,0x00,0xc3,0xff,0xff,0xff,0xff,0xff,
	0xff,0xff,0xff,0xff,0xff,0x00,0x00,0xff,0xff,0x00,0x00,0xff,0xff,0xff,0xff,0x00,
	0xff,0xff,0xff,0x00,0xff,0x00,0x00,0xff,0xff,0x00,0x00,0xff,0xff,0x00,0x00,0xff,
	0xff,0xff,0xff,0xff,0xff,0xff,0xff,0xff,0xff,0xff,0xff,0xff,0x00,0x00,0xc3,0xff,
	0x00,0x00,0xc3,0xff,0x00,0x00,0xc3,0xff,0xff,0x00,0x00,0xff,0xff,0x00,0x00,0xff,
	0xff,0xff,0xff,0xff,0xff,0xff,0xff,0xff,0xff,0xff,0xff,0xff,0x00,0x00,0xc3,0xff,
	0x00,0x00,0xc3,0xff,0x00,0x00,0xc3,0xff,0xff,0x00,0x00,0xff,0xff,0xff,0xff,0x00,
	0xff,0xff,0xff,0x00,0xff,0x00,0x00,0xff,0xff,0x00,0x00,0xff,0xff,0x00,0x00,0xff,
	0xff,0xff,0xff,0xff,0xff,0xff,0xff,0xff,0xff,0xff,0xff,0xff,0x00,0x00,0xc3,0xff,
	0x00,0x00,0xc3,0xff,0x00,0x00,0xc3,0xff,0xff,0x00,0x00,0xff,0xff,0x00,0x00,0xff,
	0xff,0xff,0xff,0xff,0xff,0xff,0xff,0xff,0xff,0xff,0xff,0xff,0x00,0x00,0xc3,0xff,
	0x00,0x00,0xc3,0xff,0x00,0x00,0xc3,0xff,0xff,0x00,0x00,0xff,0xff,0xff,0xff,0x00,
	0xff,0xff,0xff,0x00,0xff,0x00,0x00,0xff,0xff,0x00,0x00,0xff,0xff,0x00,0x00,0xff,
	0xff,0x00,0x00,0xff,0xff,0xff,0xff,0xff,0xff,0xff,0xff,0xff,0xff,0x00,0x00,0xff,
	0xff,0x00,0x00,0xff,0xff,0x00,0x00,0xff,0xff,0x00,0x00,0xff,0xff,0x00,0x00,0xff,
	0xff,0x00,0x00,0xff,0xff,0xff,0xff,0xff,0xff,0xff,0xff,0xff,0xff,0x00,0x00,0xff,
	0xff,0x00,0x00,0xff,0xff,0x00,0x00,0xff,0xff,0x00,0x00,0xff,0xff,0xff,0xff,0x00,
	0xff,0xff,0xff,0x00,0xff,0x00,0x00,0xff,0xff,0x00,0x00,0xff,0xff,0x00,0x00,0xff,
	0xff,0x00,0x00,0xff,0xff,0xff,0xff,0xff,0xff,0xff,0xff,0xff,0xff,0x00,0x00,0xff,
	0xff,0x00,0x00,0xff,0xff,0x00,0x00,0xff,0xff,0x00,0x00,0xff,0xff,0x00,0x00,0xff,
	0xff,0x00,0x00,0xff,0xff,0xff,0xff,0xff,0xff,0xff,0xff,0xff,0xff,0x00,0x00,0xff,
	0xff,0x00,0x00,0xff,0xff,0x00,0x00,0xff,0xff,0x00,0x00,0xff,0xff,0xff,0xff,0x00,
	0xff,0xff,0xff,0x00,0xff,0xa6,0xc3,0xff,0x00,0x00,0xc3,0xff,0x00,0x00,0xc3,0xff,
	0x00,0x00,0xc3,0xff,0xff,0xff,0xff,0xff,0xff,0xff,0xff,0xff,0xff,0xff,0xff,0xff,
	0xff,0xa6,0xc3,0xff,0xff,0xa6,0xc3,0xff,0x00,0x00,0xc3,0xff,0x00,0x00,0xc3,0xff,
	0x00,0x00,0xc3,0xff,0xff,0xff,0xff,0xff,0xff,0xff,0xff,0xff,0xff,0xff,0xff,0xff,
	0xff,0xa6,0xc3,0xff,0xff,0xa6,0xc3,0xff,0xff,0xa6,0xc3,0xff,0xff,0xff,0xff,0x00,
	0xff,0xff,0xff,0x00,0xff,0xa6,0xc3,0xff,0x00,0x00,0xc3,0xff,0x00,0x00,0xc3,0xff,
	0x00,0x00,0xc3,0xff,0xff,0xff,0xff,0xff,0xff,0xff,0xff,0xff,0xff,0xff,0xff,0xff,
	0xff,0xa6,0xc3,0xff,0xff,0xa6,0xc3,0xff,0x00,0x00,0xc3,0xff,0x00,0x00,0xc3,0xff,
	0x00,0x00,0xc3,0xff,0xff,0xff,0xff,0xff,0xff,0xff,0xff,0xff,0xff,0xff,0xff,0xff,
	0xff,0xa6,0xc3,0xff,0xff,0xa6,0xc3,0xff,0xff,0xa6,0xc3,0xff,0xff,0xff,0xff,0x00,
	0xff,0xff,0xff,0x00,0xff,0xa6,0xc3,0xff,0xff,0xa6,0xc3,0xff,0xff,0xff,0xff,0xff,
	0xff,0xff,0xff,0xff,0x00,0x00,0xc3,0xff,0x00,0x00,0xc3,0xff,0x00,0x00,0xc3,0xff,
	0xff,0xff,0xff,0xff,0xff,0xa6,0xc3,0xff,0xff,0xa6,0xc3,0xff,0xff,0xff,0xff,0xff,
	0x00,0x00,0xc3,0xff,0x00,0x00,0xc3,0xff,0x00,0x00,0xc3,0xff,0xff,0xff,0xff,0xff,
	0xff,0xff,0xff,0xff,0xff,0xa6,0xc3,0xff,0xff,0xa6,0xc3,0xff,0xff,0xff,0xff,0x00,
	0xff,0xff,0xff,0x00,0xff,0xa6,0xc3,0xff,0xff,0xa6,0xc3,0xff,0xff,0xff,0xff,0xff,
	0xff,0xff,0xff,0xff,0x00,0x00,0xc3,0xff,0x00,0x00,0xc3,0xff,0x00,0x00,0xc3,0xff,
	0xff,0xff,0xff,0xff,0xff,0xa6,0xc3,0xff,0xff,0xa6,0xc3,0xff,0xff,0xff,0xff,0xff,
	0x00,0x00,0xc3,0xff,0x00,0x00,0xc3,0xff,0x00,0x00,0xc3,0xff,0xff,0xff,0xff,0xff,
	0xff,0xff,0xff,0xff,0xff,0xa6,0xc3,0xff,0xff,0xa6,0xc3,0xff,0xff,0xff,0xff,0x00,
	0xff,0xff,0xff,0x00,0xff,0xa6,0xc3,0xff,0xff,0xa6,0xc3,0xff,0xff,0xa6,0xc3,0xff,
	0xff,0xff,0xff,0xff,0xff,0xff,0xff,0xff,0xff,0xff,0xff,0xff,0x00,0x00,0xc3,0xff,
	0x00,0x00,0xc3,0xff,0x00,0x00,0xc3,0xff,0xff,0xa6,0xc3,0xff,0xff,0xa6,0xc3,0xff,
	0xff,0xff,0xff,0xff,0xff,0xff,0xff,0xff,0xff,0xff,0xff,0xff,0x00,0x00,0xc3,0xff,
	0x00,0x00,0xc3,0xff,0x00,0x00,0xc3,0xff,0xff,0xa6,0xc3,0xff,0xff,0xff,0xff,0x00,
	0xff,0xff,0xff,0x00,0xff,0xa6,0xc3,0xff,0xff,0xa6,0xc3,0xff,0xff,0xa6,0xc3,0xff,
	0xff,0xff,0xff,0xff,0xff,0xff,0xff,0xff,0xff,0xff,0xff,0xff,0x00,0x00,0xc3,0xff,
	0x00,0x00,0xc3,0xff,0x00,0x00,0xc3,0xff,0xff,0xa6,0xc3,0xff,0xff,0xa6,0xc3,0xff,
	0xff,0xff,0xff,0xff,0xff,0xff,0xff,0xff,0xff,0xff,0xff,0xff,0x00,0x00,0xc3,0xff,
	0x00,0x00,0xc3,0xff,0x00,0x00,0xc3,0xff,0xff,0xa6,0xc3,0xff,0xff,0xff,0xff,0x00,
	0xff,0xff,0xff,0x00,0xff,0xa6,0xc3,0xff,0xff,0xa6,0xc3,0xff,0xff,0xa6,0xc3,0xff,
	0xff,0xa6,0xc3,0xff,0xff,0xff,0xff,0xff,0xff,0xff,0xff,0xff,0xff,0xa6,0xc3,0xff,
	0xff,0xa6,0xc3,0xff,0xff,0xa6,0xc3,0xff,0xff,0xa6,0xc3,0xff,0xff,0xa6,0xc3,0xff,
	0xff,0xa6,0xc3,0xff,0xff,0xff,0xff,0xff,0xff,0xff,0xff,0xff,0xff,0xa6,0xc3,0xff,
	0xff,0xa6,0xc3,0xff,0xff,0xa6,0xc3,0xff,0xff,0xa6,0xc3,0xff,0xff,0xff,0xff,0x00,
	0xff,0xff,0xff,0x00,0xff,0xa6,0xc3,0xff,0xff,0xa6,0xc3,0xff,0xff,0xa6,0xc3,0xff,
	0xff,0xa6,0xc3,0xff,0xff,0xff,0xff,0xff,0xff,0xff,0xff,0xff,0xff,0xa6,0xc3,0xff,
	0xff,0xa6,0xc3,0xff,0xff,0xa6,0xc3,0xff,0xff,0xa6,0xc3,0xff,0xff,0xa6,0xc3,0xff,
	0xff,0xa6,0xc3,0xff,0xff,0xff,0xff,0xff,0xff,0xff,0xff,0xff,0xff,0xa6,0xc3,0xff,
	0xff,0xa6,0xc3,0xff,0xff,0xa6,0xc3,0xff,0xff,0xa6,0xc3,0xff,0xff,0xff,0xff,0x00,
	0xff,0xff,0xff,0x00,0x00,0xe6,0xff,0xff,0x00,0x00,0xc3,0xff,0x00,0x00,0xc3,0xff,
	0x00,0x00,0xc3,0xff,0xff,0xff,0xff,0xff,0xff,0xff,0xff,0xff,0xff,0xff,0xff,0xff,
	0x00,0xe6,0xff,0xff,0x00,0xe6,0xff,0xff,0x00,0x00,0xc3,0xff,0x00,0x00,0xc3,0xff,
	0x00,0x00,0xc3,0xff,0xff,0xff,0xff,0xff,0xff,0xff,0xff,0xff,0xff,0xff,0xff,0xff,
	0x00,0xe6,0xff,0xff,0x00,0xe6,0xff,0xff,0x00,0xe6,0xff,0xff,0xff,0xff,0xff,0x00,
	0xff,0xff,0xff,0x00,0x00,0xe6,0xff,0xff,0x00,0x00,0xc3,0xff,0x00,0x00,0xc3,0xff,
	0x00,0x00,0xc3,0xff,0xff,0xff,0xff,0xff,0xff,0xff,0xff,0xff,0xff,0xff,0xff,0xff,
	0x00,0xe6,0xff,0xff,0x00,0xe6,0xff,0xff,0x00,0x00,0xc3,0xff,0x00,0x00,0xc3,0xff,
	0x00,0x00,0xc3,0xff,0xff,0xff,0xff,0xff,0xff,0xff,0xff,0xff,0xff,0xff,0xff,0xff,
	0x00,0xe6,0xff,0xff,0x00,0xe6,0xff,0xff,0x00,0xe6,0xff,0xff,0xff,0xff,0xff,0x00,
	0xff,0xff,0xff,0x00,0x00,0xe6,0xff,0xff,0x00,0xe6,0xff,0xff,0xff,0xff,0xff,0xff,
	0xff,0xff,0xff,0xff,0x00,0x00,0xc3,0xff,0x00,0x00,0xc3,0xff,0x00,0x00,0xc3,0xff,
	0xff,0xff,0xff,0xff,0x00,0xe6,0xff,0xff,0x00,0xe6,0xff,0xff,0xff,0xff,0xff,0xff,
	0x00,0x00,0xc3,0xff,0x00,0x00,0xc3,0xff,0x00,0x00,0xc3,0xff,0xff,0xff,0xff,0xff,
	0xff,0xff,0xff,0xff,0x00,0xe6,0xff,0xff,0x00,0xe6,0xff,0xff,0xff,0xff,0xff,0x00,
	0xff,0xff,0xff,0x00,0x00,0xe6,0xff,0xff,0x00,0xe6,0xff,0xff,0xff,0xff,0xff,0xff,
	0xff,0xff,0xff,0xff,0x00,0x00,0xc3,0xff,0x00,0x00,0xc3,0xff,0x00,0x00,0xc3,0xff,
	0xff,0xff,0xff,0xff,0x00,0xe6,0xff,0xff,0x00,0xe6,0xff,0xff,0xff,0xff,0xff,0xff,
	0x00,0x00,0xc3,0xff,0x00,0x00,0xc3,0xff,0x00,0x00,0xc3,0xff,0xff,0xff,0xff,0xff,
	0xff,0xff,0xff,0xff,0x00,0xe6,0xff,0xff,0x00,0xe6,0xff,0xff,0xff,0xff,0xff,0x00,
	0xff,0xff,0xff,0x00,0x00,0xe6,0xff,0xff,0x00,0xe6,0xff,0xff,0x00,0xe6,0xff,0xff,
	0xff,0xff,0xff,0xff,0xff,0xff,0xff,0xff,0xff,0xff,0xff,0xff,0x00,0x00,0xc3,0xff,
	0x00,0x00,0xc3,0xff,0x00,0x00,0xc3,0xff,0x00,0xe6,0xff,0xff,0x00,0xe6,0xff,0xff,
	0xff,0xff,0xff,0xff,0xff,0xff,0xff,0xff,0xff,0xff,0xff,0xff,0x00,0x00,0xc3,0xff,
	0x00,0x00,0xc3,0xff,0x00,0x00,0xc3,0xff,0x00,0xe6,0xff,0xff,0xff,0xff,0xff,0x00,
	0xff,0xff,0xff,0x00,0x00,0xe6,0xff,0xff,0x00,0xe6,0xff,0xff,0x00,0xe6,0xff,0xff,
	0xff,0xff,0xff,0xff,0xff,0xff,0xff,0xff,0xff,0xff,0xff,0xff,0x00,0x00,0xc3,0xff,
	0x00,0x00,0xc3,0xff,0x00,0x00,0xc3,0xff,0x00,0xe6,0xff,0xff,0x00,0xe6,0xff,0xff,
	0xff,0xff,0xff,0xff,0xff,0xff,0xff,0xff,0xff,0xff,0xff,0xff,0x00,0x00,0xc3,0xff,
	0x00,0x00,0xc3,0xff,0x00,0x00,0xc3,0xff,0x00,0xe6,0xff,0xff,0xff,0xff,0xff,0x00,
	0xff,0xff,0xff,0x00,0x00,0xe6,0xff,0xff,0x00,0xe6,0xff,0xff,0x00,0xe6,0xff,0xff,
	0x00,0xe6,0xff,0xff,0xff,0xff,0xff,0xff,0xff,0xff,0xff,0xff,0x00,0xe6,0xff,0xff,
	0x00,0xe6,0xff,0xff,0x00,0xe6,0xff,0xff,0x00,0xe6,0xff,0xff,0x00,0xe6,0xff,0xff,
	0x00,0xe6,0xff,0xff,0xff,0xff,0xff,0xff,0xff,0xff,0xff,0xff,0x00,0xe6,0xff,0xff,
	0x00,0xe6,0xff,0xff,0x00,0xe6,0xff,0xff,0x00,0xe6,0xff,0xff,0xff,0xff,0xff,0x00,
	0xff,0xff,0xff,0x00,0x00,0xe6,0xff,0xff,0x00,0xe6,0xff,0xff,0x00,0xe6,0xff,0xff,
	0x00,0xe6,0xff,0xff,0xff,0xff,0xff,0xff,0xff,0xff,0xff,0xff,0x00,0xe6,0xff,0xff,
	0x00,0xe6,0xff,0xff,0x00,0xe6,0xff,0xff,0x00,0xe6,0xff,0xff,0x00,0xe6,0xff,0xff,
	0x00,0xe6,0xff,0xff,0xff,0xff,0xff,0xff,0xff,0xff,0xff,0xff,0x00,0xe6,0xff,0xff,
	0x00,0xe6,0xff,0xff,0x00,0xe6,0xff,0xff,0x00,0xe6,0xff,0xff,0xff,0xff,0xff,0x00,
	0xff,0xff,0xff,0x00,0xff,0xa6,0x00,0xff,0x00,0x00,0xc3,0xff,0x00,0x00,0xc3,0xff,
	0x00,0x00,0xc3,0xff,0xff,0xff,0xff,0xff,0xff,0xff,0xff,0xff,0xff,0xff,0xff,0xff,
	0xff,0xa6,0x00,0xff,0xff,0xa6,0x00,0xff,0x00,0x00,0xc3,0xff,0x00,0x00,0xc3,0xff,
	0x00,0x00,0xc3,0xff,0xff,0xff,0xff,0xff,0xff,0xff,0xff,0xff,0xff,0xff,0xff,0xff,
	0xff,0xa6,0x00,0xff,0xff,0xa6,0x00,0xff,0xff,0xa6,0x00,0xff,0xff,0xff,0xff,0x00,
	0xff,0xff,0xff,0x00,0xff,0xa6,0x00,0xff,0x00,0x00,0xc3,0xff,0x00,0x00,0xc3,0xff,
	0x00,0x00,0xc3,0xff,0xff,0xff,0xff,0xff,0xff,0xff,0xff,0xff,0xff,0xff,0xff,0xff,
	0xff,0xa6,0x00,0xff,0xff,0xa6,0x00,0xff,0x00,0x00,0xc3,0xff,0x00,0x00,0xc3,0xff,
	0x00,0x00,0xc3,0xff,0xff,0xff,0xff,0xff,0xff,0xff,0xff,0xff,0xff,0xff,0xff,0xff,
	0xff,0xa6,0x00,0xff,0xff,0xa6,0x00,0xff,0xff,0xa6,0x00,0xff,0xff,0xff,0xff,0x00,
	0xff,0xff,0xff,0x00,0xff,0xa6,0x00,0xff,0xff,0xa6,0x00,0xff,0xff,0xff,0xff,0xff,
	0xff,0xff,0xff,0xff,0x00,0x00,0xc3,0xff,0x00,0x00,0xc3,0xff,0x00,0x00,0xc3,0xff,
	0xff,0xff,0xff,0xff,0xff,0xa6,0x00,0xff,0xff,0xa6,0x00,0xff,0xff,0xff,0xff,0xff,
	0x00,0x00,0xc3,0xff,0x00,0x00,0xc3,0xff,0x00,0x00,0xc3,0xff,0xff,0xff,0xff,0xff,
	0xff,0xff,0xff,0xff,0xff,0xa6,0x00,0xff,0xff,0xa6,0x00,0xff,0xff,0xff,0xff,0x00,
	0xff,0xff,0xff,0x00,0xff,0xa6,0x00,0xff,0xff,0xa6,0x00,0xff,0xff,0xff,0xff,0xff,
	0xff,0xff,0xff,0xff,0x00,0x00,0xc3,0xff,0x00,0x00,0xc3,0xff,0x00,0x00,0xc3,0xff,
	0xff,0xff,0xff,0xff,0xff,0xa6,0x00,0xff,0xff,0xa6,0x00,0xff,0xff,0xff,0xff,0xff,
	0x00,0x00,0xc3,0xff,0x00,0x00,0xc3,0xff,0x00,0x00,0xc3,0xff,0xff,0xff,0xff,0xff,
	0xff,0xff,0xff,0xff,0xff,0xa6,0x00,0xff,0xff,0xa6,0x00,0xff,0xff,0xff,0xff,0x00,
	0xff,0xff,0xff,0x00,0xff,0xa6,0x00,0xff,0xff,0xa6,0x00,0xff,0xff,0xa6,0x00,0xff,
	0xff,0xff,0xff,0xff,0xff,0xff,0xff,0xff,0xff,0xff,0xff,0xff,0x00,0x00,0xc3,0xff,
	0x00,0x00,0xc3,0xff,0x00,0x00,0xc3,0xff,0xff,0xa6,0x00,0xff,0xff,0xa6,0x00,0xff,
	0xff,0xff,0xff,0xff,0xff,0xff,0xff,0xff,0xff,0xff,0xff,0xff,0x00,0x00,0xc3,0xff,
	0x00,0x00,0xc3,0xff,0x00,0x00,0xc3,0xff,0xff,0xa6,0x00,0xff,0xff,0xff,0xff,0x00,
	0xff,0xff,0xff,0x00,0xff,0xa6,0x00,0xff,0xff,0xa6,0x00,0xff,0xff,0xa6,0x00,0xff,
	0xff,0xff,0xff,0xff,0xff,0xff,0xff,0xff,0xff,0xff,0xff,0xff,0x00,0x00,0xc3,0xff,
	0x00,0x00,0xc3,0xff,0x00,0x00,0xc3,0xff,0xff,0xa6,0x00,0xff,0xff,0xa6,0x00,0xff,
	0xff,0xff,0xff,0xff,0xff,0xff,0xff,0xff,0xff,0xff,0xff,0xff,0x00,0x00,0xc3,0xff,
	0x00,0x00,0xc3,0xff,0x00,0x00,0xc3,0xff,0xff,0xa6,0x00,0xff,0xff,0xff,0xff,0x00,
	0xff,0xff,0xff,0x00,0xff,0xa6,0x00,0xff,0xff,0xa6,0x00,0xff,0xff,0xa6,0x00,0xff,
	0xff,0xa6,0x00,0xff,0xff,0xff,0xff,0xff,0xff,0xff,0xff,0xff,0xff,0xa6,0x00,0xff,
	0xff,0xa6,0x00,0xff,0xff,0xa6,0x00,0xff,0xff,0xa6,0x00,0xff,0xff,0xa6,0x00,0xff,
	0xff,0xa6,0x00,0xff,0xff,0xff,0xff,0xff,0xff,0xff,0xff,0xff,0xff,0xa6,0x00,0xff,
	0xff,0xa6,0x00,0xff,0xff,0xa6,0x00,0xff,0xff,0xa6,0x00,0xff,0xff,0xff,0xff,0x00,
	0xff,0xff,0xff,0x00,0xff,0xa6,0x00,0xff,0xff,0xa6,0x00,0xff,0xff,0xa6,0x00,0xff,
	0xff,0xa6,0x00,0xff,0xff,0xff,0xff,0xff,0xff,0xff,0xff,0xff,0xff,0xa6,0x00,0xff,
	0xff,0xa6,0x00,0xff,0xff,0xa6,0x00,0xff,0xff,0xa6,0x00,0xff,0xff,0xa6,0x00,0xff,
	0xff,0xa6,0x00,0xff,0xff,0xff,0xff,0xff,0xff,0xff,0xff,0xff,0xff,0xa6,0x00,0xff,
	0xff,0xa6,0x00,0xff,0xff,0xa6,0x00,0xff,0xff,0xa6,0x00,0xff,0xff,0xff,0xff,0x00,
	0xff,0xff,0xff,0x00,0xff,0xff,0xff,0x00,0x00,0x00,0xc3,0xff,0x00,0x00,0xc3,0xff,
	0x00,0x00,0xc3,0xff,0xff,0xff,0xff,0xff,0xff,0xff,0xff,0xff,0xff,0xff,0xff,0xff,
	0xff,0xff,0xff,0x00,0xff,0xff,0xff,0x00,0x00,0x00,0xc3,0xff,0x00,0x00,0xc3,0xff,
	0x00,0x00,0xc3,0xff,0xff,0xff,0xff,0xff,0xff,0xff,0xff,0xff,0xff,0xff,0xff,0xff,
	0xff,0xff,0xff,0x00,0xff,0xff,0xff,0x00,0xff,0xff,0xff,0x00,0xff,0xff,0xff,0x00,
	0xff,0xff,0xff,0x00,0xff,0xff,0xff,0x00,0xff,0xff,0xff,0x00,0xff,0xff,0xff,0xff,
	0xff,0xff,0xff,0xff,0x00,0x00,0xc3,0xff,0x00,0x00,0xc3,0xff,0x00,0x00,0xc3,0xff,
	0xff,0xff,0xff,0xff,0xff,0xff,0xff,0x00,0xff,0xff,0xff,0x00,0xff,0xff,0xff,0xff,
	0x00,0x00,0xc3,0xff,0x00,0x00,0xc3,0xff,0x00,0x00,0xc3,0xff,0xff,0xff,0xff,0xff,
	0xff,0xff,0xff,0xff,0xff,0xff,0xff,0x00,0xff,0xff,0xff,0x00,0xff,0xff,0xff,0x00,
	0xff,0xff,0xff,0x00,0xff,0xff,0xff,0x00,0xff,0xff,0xff,0x00,0xff,0xff,0xff,0x00,
	0xff,0xff,0xff,0xff,0xff,0xff,0xff,0xff,0xff,0xff,0xff,0xff,0x00,0x00,0xc3,0xff,
	0x00,0x00,0xc3,0xff,0x00,0x00,0xc3,0xff,0xff,0xff,0xff,0x00,0xff,0xff,0xff,0x00,
	0xff,0xff,0xff,0xff,0xff,0xff,0xff,0xff,0xff,0xff,0xff,0xff,0x00,0x00,0xc3,0xff,
	0x00,0x00,0xc3,0xff,0x00,0x00,0xc3,0xff,0xff,0xff,0xff,0x00,0xff,0xff,0xff,0x00,
	0xff,0xff,0xff,0x00,0xff,0xff,0xff,0x00,0xff,0xff,0xff,0x00,0xff,0xff,0xff,0x00,
	0xff,0xff,0xff,0x00,0xff,0xff,0xff,0xff,0xff,0xff,0xff,0xff,0xff,0xff,0xff,0x00,
	0xff,0xff,0xff,0x00,0xff,0xff,0xff,0x00,0xff,0xff,0xff,0x00,0xff,0xff,0xff,0x00,
	0xff,0xff,0xff,0x00,0xff,0xff,0xff,0xff,0xff,0xff,0xff,0xff,0xff,0xff,0xff,0x00,
	0xff,0xff,0xff,0x00,0xff,0xff,0xff,0x00,0xff,0xff,0xff,0x00,0xff,0xff,0xff,0x00,
	0xff,0xff,0xff,0x00,0x00,0x00,0xc3,0xff,0x00,0x00,0xc3,0xff,0x00,0x00,0xc3,0xff,
	0x00,0x00,0xc3,0xff,0x00,0x00,0xc3,0xff,0x00,0x00,0xc3,0xff,0x00,0x00,0xc3,0xff,
	0x00,0x00,0xc3,0xff,0x00,0x00,0xc3,0xff,0x00,0x00,0xc3,0xff,0x00,0x00,0xc3,0xff,
	0x00,0x00,0xc3,0xff,0x00,0x00,0xc3,0xff,0x00,0x00,0xc3,0xff,0x00,0x00,0xc3,0xff,
	0x00,0x00,0xc3,0xff,0x00,0x00,0xc3,0xff,0x00,0x00,0xc3,0xff,0xff,0xff,0xff,0x00,
	0xff,0xff,0xff,0x00,0x00,0x00,0xc3,0xff,0x00,0x00,0xc3,0xff,0x00,0x00,0xc3,0xff,
	0x00,0x00,0xc3,0xff,0x00,0x00,0xc3,0xff,0x00,0x00,0xc3,0xff,0x00,0x00,0xc3,0xff,
	0x00,0x00,0xc3,0xff,0x00,0x00,0xc3,0xff,0x00,0x00,0xc3,0xff,0x00,0x00,0xc3,0xff,
	0x00,0x00,0xc3,0xff,0x00,0x00,0xc3,0xff,0x00,0x00,0xc3,0xff,0x00,0x00,0xc3,0xff,
	0x00,0x00,0xc3,0xff,0x00,0x00,0xc3,0xff,0x00,0x00,0xc3,0xff,0xff,0xff,0xff,0x00,
	0xff,0xff,0xff,0x00,0xff,0xff,0xff,0xff,0xff,0xff,0xff,0xff,0xff,0xff,0xff,0xff,
	0xff,0xff,0xff,0xff,0xff,0xff,0xff,0xff,0xff,0xff,0xff,0xff,0xff,0xff,0xff,0xff,
	0xff,0xff,0xff,0xff,0xff,0xff,0xff,0xff,0xff,0xff,0xff,0xff,0xff,0xff,0xff,0xff,
	0xff,0xff,0xff,0xff,0xff,0xff,0xff,0xff,0xff,0xff,0xff,0xff,0xff,0xff,0xff,0xff,
	0xff,0xff,0xff,0xff,0xff,0xff,0xff,0xff,0xff,0xff,0xff,0xff,0xff,0xff,0xff,0x00,
	0xff,0xff,0xff,0x00,0xff,0xff,0xff,0xff,0xff,0xff,0xff,0xff,0xff,0xff,0xff,0xff,
	0xff,0xff,0xff,0xff,0xff,0xff,0xff,0xff,0xff,0xff,0xff,0xff,0xff,0xff,0xff,0xff,
	0xff,0xff,0xff,0xff,0xff,0xff,0xff,0xff,0xff,0xff,0xff,0xff,0xff,0xff,0xff,0xff,
	0xff,0xff,0xff,0xff,0xff,0xff,0xff,0xff,0xff,0xff,0xff,0xff,0xff,0xff,0xff,0xff,
	0xff,0xff,0xff,0xff,0xff,0xff,0xff,0xff,0xff,0xff,0xff,0xff,0xff,0xff,0xff,0x00,
	0xff,0xff,0xff,0x00,0xff,0x00,0x00,0xff,0xff,0x00,0x00,0xff,0xff,0x00,0x00,0xff,
	0xff,0x00,0x00,0xff,0xff,0x00,0x00,0xff,0xff,0x00,0x00,0xff,0xff,0x00,0x00,0xff,
	0xff,0xff,0xff,0x00,0xff,0x00,0x00,0xff,0xff,0x00,0x00,0xff,0xff,0x00,0x00,0xff,
	0xf9,0xbc,0x54,0xff,0xff,0x00,0x00,0xff,0xff,0x00,0x00,0xff,0xff,0x00,0x00,0xff,
	0xff,0x00,0x00,0xff,0xff,0xff,0xff,0x00,0xff,0xff,0xff,0x00,0xff,0xff,0xff,0x00,
	0xff,0xff,0xff,0x00,0xff,0x00,0x00,0xff,0xff,0x00,0x00,0xff,0xff,0x00,0x00,0xff,
	0xff,0x00,0x00,0xff,0xff,0x00,0x00,0xff,0xff,0x00,0x00,0xff,0xff,0x00,0x00,0xff,
	0xff,0x00,0x00,0xff,0xff,0x00,0x00,0xff,0xff,0x00,0x00,0xff,0xff,0x00,0x00,0xff,
	0xe6,0xe6,0xff,0xff,0xff,0x00,0x00,0xff,0xff,0x00,0x00,0xff,0xe6,0xe6,0xff,0xff,
	0xff,0x00,0x00,0xff,0xff,0x00,0x00,0xff,0xff,0xff,0xff,0x00,0xff,0xff,0xff,0x00,
	0xff,0xff,0xff,0x00,0xff,0xff,0xff,0x00,0xf9,0xbc,0x54,0xff,0xf9,0xbc,0x54,0xff,
	0xf9,0xbc,0x54,0xff,0xf9,0xbc,0x54,0xff,0xf9,0xbc,0x54,0xff,0xf9,0xbc,0x54,0xff,
	0xf9,0xbc,0x54,0xff,0xf9,0xbc,0x54,0xff,0xf9,0xbc,0x54,0xff,0xf9,0xbc,0x54,0xff,
	0xf9,0xbc,0x54,0xff,0xf9,0xbc,0x54,0xff,0xf9,0xbc,0x54,0xff,0xf9,0xbc,0x54,0xff,
	0xf9,0xbc,0x54,0xff,0xf9,0xbc,0x54,0xff,0xff,0xff,0xff,0x00,0xff,0xff,0xff,0x00,
	0xff,0xff,0xff,0x00,0xff,0x00,0x00,0xff,0xff,0x00,0x00,0xff,0xff,0x00,0x00,0xff,
	0xff,0x00,0x00,0xff,0xff,0x00,0x00,0xff,0xff,0x00,0x00,0xff,0xff,0x00,0x00,0xff,
	0xff,0x00,0x00,0xff,0xff,0x00,0x00,0xff,0xff,0x00,0x00,0xff,0xff,0x00,0x00,0xff,
	0xff,0x00,0x00,0xff,0xff,0x00,0x00,0xff,0xff,0x00,0x00,0xff,0xff,0x00,0x00,0xff,
	0xff,0x00,0x00,0xff,0xff,0x00,0x00,0xff,0xff,0x00,0x00,0xff,0xff,0xff,0xff,0x00,
	0xff,0xff,0xff,0x00,0xff,0xff,0xff,0x00,0x00,0xff,0x00,0xff,0x00,0xff,0x00,0xff,
	0xe6,0xe6,0xff,0xff,0x54,0xc3,0xe3,0xff,0x54,0xc3,0xe3,0xff,0x00,0xff,0x00,0xff,
	0x00,0xff,0x00,0xff,0x00,0xff,0x00,0xff,0x00,0xff,0x00,0xff,0x54,0xc3,0xe3,0xff,
	0x00,0xff,0x00,0xff,0x54,0xc3,0xe3,0xff,0x00,0xff,0x00,0xff,0x00,0xff,0x00,0xff,
	0x00,0xff,0x00,0xff,0x00,0xff,0x00,0xff,0xff,0xff,0xff,0x00,0xff,0xff,0xff,0x00,
	0xff,0xff,0xff,0x00,0xff,0xff,0xff,0x00,0xff,0xff,0xff,0x00,0x29,0x29,0xff,0xff,
	0x29,0x29,0xff,0xff,0x29,0x29,0xff,0xff,0xff,0xff,0x00,0xff,0xff,0xff,0x00,0xff,
	0xff,0xff,0x00,0xff,0xff,0xff,0x00,0xff,0xff,0xff,0x00,0xff,0xff,0xff,0x00,0xff,
	0xff,0xff,0x00,0xff,0xff,0xff,0x00,0xff,0x29,0x29,0xff,0xff,0x29,0x29,0xff,0xff,
	0x29,0x29,0xff,0xff,0xff,0xff,0xff,0x00,0xff,0xff,0xff,0x00,0xff,0xff,0xff,0x00,
	0xff,0xff,0xff,0x00,0xff,0xff,0xff,0x00,0xff,0xff,0x00,0xff,0xff,0xff,0x00,0xff,
	0xff,0xff,0x00,0xff,0xff,0xff,0x00,0xff,0xff,0xff,0xff,0x00,0xff,0xff,0x00,0xff,
	0xff,0xff,0x00,0xff,0xff,0xff,0x00,0xff,0xff,0xff,0x00,0xff,0xff,0xff,0x00,0xff,
	0xff,0xff,0x00,0xff,0xff,0xff,0x00,0xff,0xff,0xff,0x00,0xff,0xff,0xff,0x00,0xff,
	0xff,0xff,0x00,0xff,0xff,0xff,0xff,0x00,0xff,0xff,0xff,0x00,0xff,0xff,0xff,0x00,
	0xff,0xff,0xff,0x00,0xff,0xff,0xff,0x00,0xff,0xff,0xff,0x00,0xff,0xff,0xff,0x00,
	0xff,0xff,0xff,0x00,0xff,0xff,0xff,0x00,0xff,0xff,0xff,0x00,0xff,0xff,0xff,0x00,
	0xe6,0xe6,0xff,0xff,0xff,0xff,0xff,0x00,0xff,0xff,0xff,0x00,0xe6,0xe6,0xff,0xff,
	0xe6,0xe6,0xff,0xff,0xff,0xff,0xff,0x00,0xff,0xff,0xff,0x00,0xff,0xff,0xff,0x00,
	0xff,0xff,0xff,0x00,0xff,0xff,0xff,0x00,0xff,0xff,0xff,0x00,0xff,0xff,0xff,0x00,
	0xff,0xff,0xff,0x00,0xff,0xff,0xff,0x00,0xff,0xff,0xff,0x00,0xff,0xff,0xff,0x00,
	0x00,0xe6,0xff,0xff,0xff,0xff,0xff,0x00,0xff,0xff,0xff,0x00,0xff,0xff,0xff,0x00,
	0x00,0xe6,0xff,0xff,0xff,0xff,0xff,0x00,0xff,0xff,0xff,0x00,0x00,0xe6,0xff,0xff,
	0xff,0xff,0xff,0x00,0x00,0xe6,0xff,0xff,0xff,0xff,0xff,0x00,0xff,0xff,0xff,0x00,
	0x00,0xe6,0xff,0xff,0xff,0xff,0xff,0x00,0xff,0xff,0xff,0x00,0xff,0xff,0xff,0x00,
	0xff,0xff,0xff,0x00,0xff,0xff,0xff,0x00,0x00,0xe6,0xff,0xff,0x00,0xe6,0xff,0xff,
	0x00,0xe6,0xff,0xff,0x00,0xe6,0xff,0xff,0x00,0xe6,0xff,0xff,0xff,0xff,0xff,0x00,
	0x00,0xe6,0xff,0xff,0xff,0xff,0xff,0x00,0xff,0xff,0xff,0x00,0x00,0xe6,0xff,0xff,
	0xff,0xff,0xff,0x00,0x00,0xe6,0xff,0xff,0xff,0xff,0xff,0x00,0xff,0xff,0xff,0x00,
	0x00,0xe6,0xff,0xff,0xff,0xff,0xff,0x00,0xff,0xff,0xff,0x00,0xff,0xff,0xff,0x00,
	0xff,0xff,0xff,0x00,0xff,0xff,0xff,0x00,0xff,0xff,0xff,0x00,0x00,0xe6,0xff,0xff,
	0xff,0xff,0xff,0x00,0xff,0xff,0xff,0x00,0x00,0xe6,0xff,0xff,0xff,0xff,0xff,0x00,
	0x00,0xe6,0xff,0xff,0xff,0xff,0xff,0x00,0xff,0xff,0xff,0x00,0x00,0xe6,0xff,0xff,
	0xff,0xff,0xff,0x00,0x00,0xe6,0xff,0xff,0xff,0xff,0xff,0x00,0xff,0xff,0xff,0x00,
	0x00,0xe6,0xff,0xff,0xff,0xff,0xff,0x00,0xff,0xff,0xff,0x00,0xff,0xff,0xff,0x00,
	0xff,0xff,0xff,0x00,0xff,0xff,0xff,0x00,0x00,0xe6,0xff,0xff,0xff,0xff,0xff,0x00,
	0x00,0xe6,0xff,0xff,0xff,0xff,0xff,0x00,0xff,0xff,0xff,0x00,0x00,0xe6,0xff,0xff,
	0xff,0xff,0xff,0x00,0x00,0xe6,0xff,0xff,0xff,0xff,0xff,0x00,0xff,0xff,0xff,0x00,
	0x00,0xe6,0xff,0xff,0xff,0xff,0xff,0x00,0x00,0xe6,0xff,0xff,0xff,0xff,0xff,0x00,
	0xff,0xff,0xff,0x00,0x00,0xe6,0xff,0xff,0xff,0xff,0xff,0x00,0xff,0xff,0xff,0x00,
	0xff,0xff,0xff,0x00,0xff,0xff,0xff,0x00,0xff,0xff,0xff,0x00,0xff,0xff,0xff,0x00,
	0xff,0xff,0xff,0x00,0xff,0xff,0xff,0x00,0xff,0xff,0xff,0x00,0xff,0xff,0xff,0x00,
	0xff,0xff,0xff,0x00,0xff,0xff,0xff,0x00,0xff,0xff,0xff,0x00,0xff,0xff,0xff,0x00,
	0xff,0xff,0xff,0x00,0xff,0xff,0xff,0x00,0xff,0xff,0xff,0x00,0xff,0xff,0xff,0x00,
	0xff,0xff,0xff,0x00,0xff,0xff,0xff,0x00,0xff,0xff,0xff,0x00,0xff,0xff,0xff,0x00,
	0xff,0xff,0xff,0x00,0xff,0xff,0x00,0xff,0xff,0xff,0x00,0xff,0xff,0xff,0x00,0xff,
	0xff,0xff,0x00,0xff,0xff,0xff,0x00,0xff,0xff,0xff,0x00,0xff,0xff,0xff,0x00,0xff,
	0xff,0xff,0x00,0xff,0xff,0xff,0x00,0xff,0xff,0xff,0x00,0xff,0xff,0xff,0x00,0xff,
	0xff,0xff,0x00,0xff,0xff,0xff,0x00,0xff,0xff,0xff,0x00,0xff,0xff,0xff,0x00,0xff,
	0xff,0xff,0x00,0xff,0xff,0xff,0x00,0xff,0xff,0xff,0x00,0xff,0xff,0xff,0xff,0x00,
	0xff,0xff,0xff,0x00,0xff,0xff,0xff,0x00,0xff,0xff,0xff,0x00,0xff,0xff,0xff,0x00,
	0xff,0xff,0xff,0x00,0xff,0xff,0xff,0x00,0xff,0xff,0xff,0x00,0xff,0xff,0xff,0x00,
	0xff,0xff,0x00,0xff,0xff,0xff,0x00,0xff,0xff,0xff,0x00,0xff,0xff,0xff,0x00,0xff,
	0xff,0xff,0x00,0xff,0xff,0xff,0x00,0xff,0xff,0xff,0x00,0xff,0xff,0xff,0x00,0xff,
	0xff,0xff,0x00,0xff,0xff,0xff,0x00,0xff,0xff,0xff,0x00,0xff,0xff,0xff,0xff,0x00,
	0xff,0xff,0xff,0x00,0xff,0xff,0xff,0x00,0xff,0xff,0xff,0x00,0xff,0xff,0xff,0x00,
	0xff,0xff,0xff,0x00,0xff,0xff,0xff,0x00,0xff,0xff,0xff,0x00,0xff,0xff,0xff,0x00,
	0xff,0xff,0xff,0x00,0xff,0xff,0xff,0x00,0xff,0xff,0x00,0xff,0xff,0xff,0x00,0xff,
	0xff,0xff,0x00,0xff,0xff,0xff,0x00,0xff,0xff,0xff,0x00,0xff,0xff,0xff,0x00,0xff,
	0xff,0xff,0x00,0xff,0xff,0xff,0x00,0xff,0xff,0xff,0x00,0xff,0xff,0xff,0xff,0x00,
	0xff,0xff,0xff,0x00,0xff,0xff,0x00,0xff,0xff,0xff,0x00,0xff,0xff,0xff,0x00,0xff,
	0xff,0xff,0x00,0xff,0xff,0xff,0x00,0xff,0xff,0xff,0x00,0xff,0xff,0xff,0x00,0xff,
	0xff,0xff,0x00,0xff,0xff,0xff,0xff,0x00,0xff,0xff,0xff,0x00,0xff,0xff,0x00,0xff,
	0xff,0xff,0x00,0xff,0xff,0xff,0x00,0xff,0xff,0xff,0x00,0xff,0xff,0xff,0x00,0xff,
	0xff,0xff,0x00,0xff,0xff,0xff,0x00,0xff,0xff,0xff,0x00,0xff,0xff,0xff,0xff,0x00,
	0xff,0xff,0xff,0x00,0xff,0xff,0x00,0xff,0xff,0xff,0x00,0xff,0xff,0xff,0x00,0xff,
	0xff,0xff,0x00,0xff,0xff,0xff,0x00,0xff,0xff,0xff,0x00,0xff,0xff,0xff,0xff,0x00,
	0xff,0xff,0xff,0x00,0xff,0xff,0xff,0x00,0xff,0xff,0xff,0x00,0xff,0xff,0xff,0x00,
	0xff,0xff,0xff,0x00,0xff,0xff,0x00,0xff,0xff,0xff,0x00,0xff,0xff,0xff,0x00,0xff,
	0xff,0xff,0x00,0xff,0xff,0xff,0x00,0xff,0xff,0xff,0x00,0xff,0xff,0xff,0xff,0x00,
	0xff,0xff,0xff,0x00,0xff,0xff,0x00,0xff,0xff,0xff,0x00,0xff,0xff,0xff,0x00,0xff,
	0xff,0xff,0x00,0xff,0xff,0xff,0x00,0xff,0xff,0xff,0x00,0xff,0xff,0xff,0x00,0xff,
	0xff,0xff,0x00,0xff,0xff,0xff,0x00,0xff,0xff,0xff,0x00,0xff,0xff,0xff,0x00,0xff,
	0xff,0xff,0xff,0x00,0xff,0xff,0xff,0x00,0xff,0xff,0xff,0x00,0xff,0xff,0xff,0x00,
	0xff,0xff,0xff,0x00,0xff,0xff,0xff,0x00,0xff,0xff,0xff,0x00,0xff,0xff,0xff,0x00,
	0xff,0xff,0xff,0x00,0xff,0xff,0x00,0xff,0xff,0xff,0x00,0xff,0xff,0xff,0x00,0xff,
	0xff,0xff,0x00,0xff,0xff,0xff,0x00,0xff,0xff,0xff,0x00,0xff,0xff,0xff,0x00,0xff,
	0xff,0xff,0x00,0xff,0xff,0xff,0x00,0xff,0xff,0xff,0xff,0x00,0xff,0xff,0xff,0x00,
	0xff,0xff,0xff,0x00,0xff,0xff,0xff,0x00,0xff,0xff,0xff,0x00,0xff,0xff,0xff,0x00,
	0xff,0xff,0xff,0x00,0xff,0xff,0xff,0x00,0xff,0xff,0xff,0x00,0xff,0xff,0xff,0x00,
	0xff,0xff,0xff,0x00,0xff,0xff,0x00,0xff,0xff,0xff,0x00,0xff,0xff,0xff,0x00,0xff,
	0xff,0xff,0x00,0xff,0xff,0xff,0x00,0xff,0xff,0xff,0x00,0xff,0xff,0xff,0x00,0xff,
	0xff,0xff,0x00,0xff,0xff,0xff,0x00,0xff,0xff,0xff,0x00,0xff,0xff,0xff,0x00,0xff,
	0xff,0xff,0x00,0xff,0xff,0xff,0x00,0xff,0xff,0xff,0x00,0xff,0xff,0xff,0x00,0xff,
	0xff,0xff,0x00,0xff,0xff,0xff,0x00,0xff,0xff,0xff,0x00,0xff,0xff,0xff,0xff,0x00,
	0xff,0xff,0xff,0x00,0xff,0xff,0x00,0xff,0xff,0xff,0x00,0xff,0xff,0xff,0x00,0xff,
	0xff,0xff,0x00,0xff,0xff,0xff,0x00,0xff,0xff,0xff,0x00,0xff,0xff,0xff,0x00,0xff,
	0xff,0xff,0x00,0xff,0xff,0xff,0x00,0xff,0xff,0xff,0x00,0xff,0xff,0xff,0x00,0xff,
	0xff,0xff,0x00,0xff,0xff,0xff,0x00,0xff,0xff,0xff,0x00,0xff,0xff,0xff,0x00,0xff,
	0xff,0xff,0x00,0xff,0xff,0xff,0x00,0xff,0xff,0xff,0x00,0xff,0xff,0xff,0xff,0x00,
	0xff,0xff,0xff,0x00,0xff,0xff,0x00,0xff,0xff,0xff,0x00,0xff,0xff,0xff,0x00,0xff,
	0xff,0xff,0x00,0xff,0xff,0xff,0x00,0xff,0xff,0xff,0x00,0xff,0xff,0xff,0x00,0xff,
	0xff,0xff,0x00,0xff,0xff,0xff,0x00,0xff,0xff,0xff,0x00,0xff,0xff,0xff,0x00,0xff,
	0xff,0xff,0x00,0xff,0xff,0xff,0x00,0xff,0xff,0xff,0x00,0xff,0xff,0xff,0x00,0xff,
	0xff,0xff,0x00,0xff,0xff,0xff,0x00,0xff,0xff,0xff,0x00,0xff,0xff,0xff,0xff,0x00,
	0xff,0xff,0xff,0x00,0xff,0xff,0xff,0x00,0xff,0xff,0xff,0x00,0xff,0xff,0xff,0x00,
	0xff,0xff,0xff,0x00,0xff,0xff,0xff,0x00,0xff,0xff,0xff,0x00,0xff,0xff,0x00,0xff,
	0xff,0xff,0x00,0xff,0xff,0xff,0x00,0xff,0xff,0xff,0x00,0xff,0xff,0xff,0x00,0xff,
	0xff,0xff,0x00,0xff,0xff,0xff,0xff,0x00,0xff,0xff,0xff,0x00,0xff,0xff,0xff,0x00,
	0xff,0xff,0xff,0x00,0xff,0xff,0xff,0x00,0xff,0xff,0xff,0x00,0xff,0xff,0xff,0x00,
	0xff,0xff,0xff,0x00,0xff,0xff,0xff,0x00,0xff,0xff,0xff,0x00,0xff,0xff,0xff,0x00,
	0xff,0xff,0xff,0x00,0xff,0xff,0xff,0x00,0xff,0xff,0xff,0x00,0xff,0xff,0xff,0x00,
	0xff,0xff,0x00,0xff,0xff,0xff,0x00,0xff,0xff,0xff,0x00,0xff,0xff,0xff,0x00,0xff,
	0xff,0xff,0xff,0x00,0xff,0xff,0xff,0x00,0xff,0xff,0xff,0x00,0xff,0xff,0xff,0x00,
	0xff,0xff,0xff,0x00,0xff,0xff,0xff,0x00,0xff,0xff,0xff,0x00,0xff,0xff,0xff,0x00,
	0xff,0xff,0xff,0x00,0xff,0xff,0xff,0x00,0xff,0xff,0xff,0x00,0xff,0xff,0xff,0x00,
	0xff,0xff,0xff,0x00,0xff,0xff,0xff,0x00,0xff,0xff,0xff,0x00,0xff,0xff,0xff,0x00,
	0xff,0xff,0xff,0x00,0xff,0xff,0x00,0xff,0xff,0xff,0x00,0xff,0xff,0xff,0xff,0x00,
	0xff,0xff,0xff,0x00,0xff,0xff,0xff,0x00,0xff,0xff,0xff,0x00,0xff,0xff,0xff,0x00,
	0xff,0xff,0xff,0x00,0xff,0xff,0xff,0x00,0xff,0xff,0xff,0x00,0xff,0xff,0xff,0x00,
	0xff,0xff,0xff,0x00,0xff,0xff,0xff,0x00,0xff,0xff,0xff,0x00,0xff,0xff,0xff,0x00,
	0xff,0xff,0xff,0x00,0xff,0xff,0xff,0x00,0xff,0xff,0xff,0x00,0xff,0xff,0xff,0x00,
	0xff,0xff,0xff,0x00,0xff,0xff,0x00,0xff,0xff,0xff,0x00,0xff,0xff,0xff,0xff,0x00,
	0xff,0xff,0xff,0x00,0xff,0xff,0xff,0x00,0xff,0xff,0xff,0x00,0xff,0xff,0xff,0x00,
	0xff,0xff,0xff,0x00,0xff,0xff,0xff,0x00,0xff,0xff,0xff,0x00,0xff,0xff,0xff,0x00,
	0xff,0xff,0xff,0x00,0xff,0xff,0xff,0x00,0xff,0xff,0xff,0x00,0xff,0xff,0xff,0x00,
	0xff,0xff,0xff,0x00,0xff,0xff,0xff,0x00,0xff,0xff,0xff,0x00,0xff,0xff,0xff,0x00,
	0xff,0xff,0xff,0x00,0xff,0xff,0xff,0x00,0xff,0xff,0xff,0x00,0xff,0xff,0xff,0x00,
	0xff,0xff,0xff,0x00,0xff,0xff,0xff,0x00,0xff,0xff,0xff,0x00,0xff,0xff,0xff,0x00,
	0xff,0xff,0xff,0x00,0xff,0xff,0xff,0x00,0xff,0xff,0xff,0x00,0xff,0xff,0xff,0x00,
	0xff,0xff,0xff,0x00,0xff,0x00,0x00,0xff,0xff,0x00,0x00,0xff,0xff,0xff,0xff,0xff,
	0xff,0xff,0xff,0xff,0xff,0xff,0xff,0xff,0xff,0xff,0xff,0xff,0xff,0x00,0x00,0xff,
	0xff,0x00,0x00,0xff,0xff,0x00,0x00,0xff,0xff,0x00,0x00,0xff,0xff,0xff,0xff,0xff,
	0xff,0xff,0xff,0xff,0xff,0xff,0xff,0xff,0xff,0xff,0xff,0xff,0xff,0x00,0x00,0xff,
	0xff,0x00,0x00,0xff,0xff,0x00,0x00,0xff,0xff,0x00,0x00,0xff,0xff,0xff,0xff,0x00,
	0xff,0xff,0xff,0x00,0xff,0x00,0x00,0xff,0xff,0x00,0x00,0xff,0xff,0xff,0xff,0xff,
	0xff,0xff,0xff,0xff,0xff,0xff,0xff,0xff,0xff,0xff,0xff,0xff,0xff,0x00,0x00,0xff,
	0xff,0x00,0x00,0xff,0xff,0x00,0x00,0xff,0xff,0x00,0x00,0xff,0xff,0xff,0xff,0xff,
	0xff,0xff,0xff,0xff,0xff,0xff,0xff,0xff,0xff,0xff,0xff,0xff,0xff,0x00,0x00,0xff,
	0xff,0x00,0x00,0xff,0xff,0x00,0x00,0xff,0xff,0x00,0x00,0xff,0xff,0xff,0xff,0x00,
	0xff,0xff,0xff,0x00,0xff,0x00,0x00,0xff,0xff,0x00,0x00,0xff,0xff,0xff,0xff,0xff,
	0xff,0xff,0xff,0xff,0x00,0x00,0xc3,0xff,0x00,0x00,0xc3,0xff,0x00,0x00,0xc3,0xff,
	0xff,0xff,0xff,0xff,0xff,0x00,0x00,0xff,0xff,0x00,0x00,0xff,0xff,0xff,0xff,0xff,
	0x00,0x00,0xc3,0xff,0x00,0x00,0xc3,0xff,0x00,0x00,0xc3,0xff,0xff,0xff,0xff,0xff,
	0xff,0xff,0xff,0xff,0xff,0x00,0x00,0xff,0xff,0x00,0x00,0xff,0xff,0xff,0xff,0x00,
	0xff,0xff,0xff,0x00,0xff,0x00,0x00,0xff,0xff,0x00,0x00,0xff,0xff,0xff,0xff,0xff,
	0xff,0xff,0xff,0xff,0x00,0x00,0xc3,0xff,0x00,0x00,0xc3,0xff,0x00,0x00,0xc3,0xff,
	0xff,0xff,0xff,0xff,0xff,0x00,0x00,0xff,0xff,0x00,0x00,0xff,0xff,0xff,0xff,0xff,
	0x00,0x00,0xc3,0xff,0x00,0x00,0xc3,0xff,0x00,0x00,0xc3,0xff,0xff,0xff,0xff,0xff,
	0xff,0xff,0xff,0xff,0xff,0x00,0x00,0xff,0xff,0x00,0x00,0xff,0xff,0xff,0xff,0x00,
	0xff,0xff,0xff,0x00,0xff,0x00,0x00,0xff,0xff,0x00,0x00,0xff,0xff,0x00,0x00,0xff,
	0xff,0x00,0x00,0xff,0xff,0xff,0xff,0xff,0xff,0xff,0xff,0xff,0xff,0xff,0xff,0xff,
	0xff,0xff,0xff,0xff,0xff,0x00,0x00,0xff,0xff,0x00,0x00,0xff,0xff,0x00,0x00,0xff,
	0xff,0x00,0x00,0xff,0xff,0xff,0xff,0xff,0xff,0xff,0xff,0xff,0xff,0xff,0xff,0xff,
	0xff,0xff,0xff,0xff,0xff,0x00,0x00,0xff,0xff,0x00,0x00,0xff,0xff,0xff,0xff,0x00,
	0xff,0xff,0xff,0x00,0xff,0x00,0x00,0xff,0xff,0x00,0x00,0xff,0xff,0x00,0x00,0xff,
	0xff,0x00,0x00,0xff,0xff,0xff,0xff,0xff,0xff,0xff,0xff,0xff,0xff,0xff,0xff,0xff,
	0xff,0xff,0xff,0xff,0xff,0x00,0x00,0xff,0xff,0x00,0x00,0xff,0xff,0x00,0x00,0xff,
	0xff,0x00,0x00,0xff,0xff,0xff,0xff,0xff,0xff,0xff,0xff,0xff,0xff,0xff,0xff,0xff,
	0xff,0xff,0xff,0xff,0xff,0x00,0x00,0xff,0xff,0x00,0x00,0xff,0xff,0xff,0xff,0x00,
	0xff,0xff,0xff,0x00,0xff,0x00,0x00,0xff,0xff,0x00,0x00,0xff,0xff,0x00,0x00,0xff,
	0xff,0x00,0x00,0xff,0xff,0x00,0x00,0xff,0xff,0x00,0x00,0xff,0xff,0x00,0x00,0xff,
	0xff,0x00,0x00,0xff,0xff,0x00,0x00,0xff,0xff,0x00,0x00,0xff,0xff,0x00,0x00,0xff,
	0xff,0x00,0x00,0xff,0xff,0x00,0x00,0xff,0xff,0x00,0x00,0xff,0xff,0x00,0x00,0xff,
	0xff,0x00,0x00,0xff,0xff,0x00,0x00,0xff,0xff,0x00,0x00,0xff,0xff,0xff,0xff,0x00,
	0xff,0xff,0xff,0x00,0xff,0x00,0x00,0xff,0xff,0x00,0x00,0xff,0xff,0x00,0x00,0xff,
	0xff,0x00,0x00,0xff,0xff,0x00,0x00,0xff,0xff,0x00,0x00,0xff,0xff,0x00,0x00,0xff,
	0xff,0x00,0x00,0xff,0xff,0x00,0x00,0xff,0xff,0x00,0x00,0xff,0xff,0x00,0x00,0xff,
	0xff,0x00,0x00,0xff,0xff,0x00,0x00,0xff,0xff,0x00,0x00,0xff,0xff,0x00,0x00,0xff,
	0xff,0x00,0x00,0xff,0xff,0x00,0x00,0xff,0xff,0x00,0x00,0xff,0xff,0xff,0xff,0x00,
	0xff,0xff,0xff,0x00,0xff,0xa6,0xc3,0xff,0xff,0xa6,0xc3,0xff,0xff,0xff,0xff,0xff,
	0xff,0xff,0xff,0xff,0xff,0xff,0xff,0xff,0xff,0xff,0xff,0xff,0xff,0xa6,0xc3,0xff,
	0xff,0xa6,0xc3,0xff,0xff,0xa6,0xc3,0xff,0xff,0xa6,0xc3,0xff,0xff,0xff,0xff,0xff,
	0xff,0xff,0xff,0xff,0xff,0xff,0xff,0xff,0xff,0xff,0xff,0xff,0xff,0xa6,0xc3,0xff,
	0xff,0xa6,0xc3,0xff,0xff,0xa6,0xc3,0xff,0xff,0xa6,0xc3,0xff,0xff,0xff,0xff,0x00,
	0xff,0xff,0xff,0x00,0xff,0xa6,0xc3,0xff,0xff,0xa6,0xc3,0xff,0xff,0xff,0xff,0xff,
	0xff,0xff,0xff,0xff,0xff,0xff,0xff,0xff,0xff,0xff,0xff,0xff,0xff,0xa6,0xc3,0xff,
	0xff,0xa6,0xc3,0xff,0xff,0xa6,0xc3,0xff,0xff,0xa6,0xc3,0xff,0xff,0xff,0xff,0xff,
	0xff,0xff,0xff,0xff,0xff,0xff,0xff,0xff,0xff,0xff,0xff,0xff,0xff,0xa6,0xc3,0xff,
	0xff,0xa6,0xc3,0xff,0xff,0xa6,0xc3,0xff,0xff,0xa6,0xc3,0xff,0xff,0xff,0xff,0x00,
	0xff,0xff,0xff,0x00,0xff,0xa6,0xc3,0xff,0xff,0xa6,0xc3,0xff,0xff,0xff,0xff,0xff,
	0xff,0xff,0xff,0xff,0x00,0x00,0xc3,0xff,0x00,0x00,0xc3,0xff,0x00,0x00,0xc3,0xff,
	0xff,0xff,0xff,0xff,0xff,0xa6,0xc3,0xff,0xff,0xa6,0xc3,0xff,0xff,0xff,0xff,0xff,
	0x00,0x00,0xc3,0xff,0x00,0x00,0xc3,0xff,0x00,0x00,0xc3,0xff,0xff,0xff,0xff,0xff,
	0xff,0xff,0xff,0xff,0xff,0xa6,0xc3,0xff,0xff,0xa6,0xc3,0xff,0xff,0xff,0xff,0x00,
	0xff,0xff,0xff,0x00,0xff,0xa6,0xc3,0xff,0xff,0xa6,0xc3,0xff,0xff,0xff,0xff,0xff,
	0xff,0xff,0xff,0xff,0x00,0x00,0xc3,0xff,0x00,0x00,0xc3,0xff,0x00,0x00,0xc3,0xff,
	0xff,0xff,0xff,0xff,0xff,0xa6,0xc3,0xff,0xff,0xa6,0xc3,0xff,0xff,0xff,0xff,0xff,
	0x00,0x00,0xc3,0xff,0x00,0x00,0xc3,0xff,0x00,0x00,0xc3,0xff,0xff,0xff,0xff,0xff,
	0xff,0xff,0xff,0xff,0xff,0xa6,0xc3,0xff,0xff,0xa6,0xc3,0xff,0xff,0xff,0xff,0x00,
	0xff,0xff,0xff,0x00,0xff,0xa6,0xc3,0xff,0xff,0xa6,0xc3,0xff,0xff,0xa6,0xc3,0xff,
	0xff,0xa6,0xc3,0xff,0xff,0xff,0xff,0xff,0xff,0xff,0xff,0xff,0xff,0xff,0xff,0xff,
	0xff,0xff,0xff,0xff,0xff,0xa6,0xc3,0xff,0xff,0xa6,0xc3,0xff,0xff,0xa6,0xc3,0xff,
	0xff,0xa6,0xc3,0xff,0xff,0xff,0xff,0xff,0xff,0xff,0xff,0xff,0xff,0xff,0xff,0xff,
	0xff,0xff,0xff,0xff,0xff,0xa6,0xc3,0xff,0xff,0xa6,0xc3,0xff,0xff,0xff,0xff,0x00,
	0xff,0xff,0xff,0x00,0xff,0xa6,0xc3,0xff,0xff,0xa6,0xc3,0xff,0xff,0xa6,0xc3,0xff,
	0xff,0xa6,0xc3,0xff,0xff,0xff,0xff,0xff,0xff,0xff,0xff,0xff,0xff,0xff,0xff,0xff,
	0xff,0xff,0xff,0xff,0xff,0xa6,0xc3,0xff,0xff,0xa6,0xc3,0xff,0xff,0xa6,0xc3,0xff,
	0xff,0xa6,0xc3,0xff,0xff,0xff,0xff,0xff,0xff,0xff,0xff,0xff,0xff,0xff,0xff,0xff,
	0xff,0xff,0xff,0xff,0xff,0xa6,0xc3,0xff,0xff,0xa6,0xc3,0xff,0xff,0xff,0xff,0x00,
	0xff,0xff,0xff,0x00,0xff,0xa6,0xc3,0xff,0xff,0xa6,0xc3,0xff,0xff,0xa6,0xc3,0xff,
	0xff,0xa6,0xc3,0xff,0xff,0xa6,0xc3,0xff,0xff,0xa6,0xc3,0xff,0xff,0xa6,0xc3,0xff,
	0xff,0xa6,0xc3,0xff,0xff,0xa6,0xc3,0xff,0xff,0xa6,0xc3,0xff,0xff,0xa6,0xc3,0xff,
	0xff,0xa6,0xc3,0xff,0xff,0xa6,0xc3,0xff,0xff,0xa6,0xc3,0xff,0xff,0xa6,0xc3,0xff,
	0xff,0xa6,0xc3,0xff,0xff,0xa6,0xc3,0xff,0xff,0xa6,0xc3,0xff,0xff,0xff,0xff,0x00,
	0xff,0xff,0xff,0x00,0xff,0xa6,0xc3,0xff,0xff,0xa6,0xc3,0xff,0xff,0xa6,0xc3,0xff,
	0xff,0xa6,0xc3,0xff,0xff,0xa6,0xc3,0xff,0xff,0xa6,0xc3,0xff,0xff,0xa6,0xc3,0xff,
	0xff,0xa6,0xc3,0xff,0xff,0xa6,0xc3,0xff,0xff,0xa6,0xc3,0xff,0xff,0xa6,0xc3,0xff,
	0xff,0xa6,0xc3,0xff,0xff,0xa6,0xc3,0xff,0xff,0xa6,0xc3,0xff,0xff,0xa6,0xc3,0xff,
	0xff,0xa6,0xc3,0xff,0xff,0xa6,0xc3,0xff,0xff,0xa6,0xc3,0xff,0xff,0xff,0xff,0x00,
	0xff,0xff,0xff,0x00,0x00,0xe6,0xff,0xff,0x00,0xe6,0xff,0xff,0xff,0xff,0xff,0xff,
	0xff,0xff,0xff,0xff,0xff,0xff,0xff,0xff,0xff,0xff,0xff,0xff,0x00,0xe6,0xff,0xff,
	0x00,0xe6,0xff,0xff,0x00,0xe6,0xff,0xff,0x00,0xe6,0xff,0xff,0xff,0xff,0xff,0xff,
	0xff,0xff,0xff,0xff,0xff,0xff,0xff,0xff,0xff,0xff,0xff,0xff,0x00,0xe6,0xff,0xff,
	0x00,0xe6,0xff,0xff,0x00,0xe6,0xff,0xff,0x00,0xe6,0xff,0xff,0xff,0xff,0xff,0x00,
	0xff,0xff,0xff,0x00,0x00,0xe6,0xff,0xff,0x00,0xe6,0xff,0xff,0xff,0xff,0xff,0xff,
	0xff,0xff,0xff,0xff,0xff,0xff,0xff,0xff,0xff,0xff,0xff,0xff,0x00,0xe6,0xff,0xff,
	0x00,0xe6,0xff,0xff,0x00,0xe6,0xff,0xff,0x00,0xe6,0xff,0xff,0xff,0xff,0xff,0xff,
	0xff,0xff,0xff,0xff,0xff,0xff,0xff,0xff,0xff,0xff,0xff,0xff,0x00,0xe6,0xff,0xff,
	0x00,0xe6,0xff,0xff,0x00,0xe6,0xff,0xff,0x00,0xe6,0xff,0xff,0xff,0xff,0xff,0x00,
	0xff,0xff,0xff,0x00,0x00,0xe6,0xff,0xff,0x00,0xe6,0xff,0xff,0xff,0xff,0xff,0xff,
	0xff,0xff,0xff,0xff,0x00,0x00,0xc3,0xff,0x00,0x00,0xc3,0xff,0x00,0x00,0xc3,0xff,
	0xff,0xff,0xff,0xff,0x00,0xe6,0xff,0xff,0x00,0xe6,0xff,0xff,0xff,0xff,0xff,0xff,
	0x00,0x00,0xc3,0xff,0x00,0x00,0xc3,0xff,0x00,0x00,0xc3,0xff,0xff,0xff,0xff,0xff,
	0xff,0xff,0xff,0xff,0x00,0xe6,0xff,0xff,0x00,0xe6,0xff,0xff,0xff,0xff,0xff,0x00,
	0xff,0xff,0xff,0x00,0x00,0xe6,0xff,0xff,0x00,0xe6,0xff,0xff,0xff,0xff,0xff,0xff,
	0xff,0xff,0xff,0xff,0x00,0x00,0xc3,0xff,0x00,0x00,0xc3,0xff,0x00,0x00,0xc3,0xff,
	0xff,0xff,0xff,0xff,0x00,0xe6,0xff,0xff,0x00,0xe6,0xff,0xff,0xff,0xff,0xff,0xff,
	0x00,0x00,0xc3,0xff,0x00,0x00,0xc3,0xff,0x00,0x00,0xc3,0xff,0xff,0xff,0xff,0xff,
	0xff,0xff,0xff,0xff,0x00,0xe6,0xff,0xff,0x00,0xe6,0xff,0xff,0xff,0xff,0xff,0x00,
	0xff,0xff,0xff,0x00,0x00,0xe6,0xff,0xff,0x00,0xe6,0xff,0xff,0x00,0xe6,0xff,0xff,
	0x00,0xe6,0xff,0xff,0xff,0xff,0xff,0xff,0xff,0xff,0xff,0xff,0xff,0xff,0xff,0xff,
	0xff,0xff,0xff,0xff,0x00,0xe6,0xff,0xff,0x00,0xe6,0xff,0xff,0x00,0xe6,0xff,0xff,
	0x00,0xe6,0xff,0xff,0xff,0xff,0xff,0xff,0xff,0xff,0xff,0xff,0xff,0xff,0xff,0xff,
	0xff,0xff,0xff,0xff,0x00,0xe6,0xff,0xff,0x00,0xe6,0xff,0xff,0xff,0xff,0xff,0x00,
	0xff,0xff,0xff,0x00,0x00,0xe6,0xff,0xff,0x00,0xe6,0xff,0xff,0x00,0xe6,0xff,0xff,
	0x00,0xe6,0xff,0xff,0xff,0xff,0xff,0xff,0xff,0xff,0xff,0xff,0xff,0xff,0xff,0xff,
	0xff,0xff,0xff,0xff,0x00,0xe6,0xff,0xff,0x00,0xe6,0xff,0xff,0x00,0xe6,0xff,0xff,
	0x00,0xe6,0xff,0xff,0xff,0xff,0xff,0xff,0xff,0xff,0xff,0xff,0xff,0xff,0xff,0xff,
	0xff,0xff,0xff,0xff,0x00,0xe6,0xff,0xff,0x00,0xe6,0xff,0xff,0xff,0xff,0xff,0x00,
	0xff,0xff,0xff,0x00,0x00,0xe6,0xff,0xff,0x00,0xe6,0xff,0xff,0x00,0xe6,0xff,0xff,
	0x00,0xe6,0xff,0xff,0x00,0xe6,0xff,0xff,0x00,0xe6,0xff,0xff,0x00,0xe6,0xff,0xff,
	0x00,0xe6,0xff,0xff,0x00,0xe6,0xff,0xff,0x00,0xe6,0xff,0xff,0x00,0xe6,0xff,0xff,
	0x00,0xe6,0xff,0xff,0x00,0xe6,0xff,0xff,0x00,0xe6,0xff,0xff,0x00,0xe6,0xff,0xff,
	0x00,0xe6,0xff,0xff,0x00,0xe6,0xff,0xff,0x00,0xe6,0xff,0xff,0xff,0xff,0xff,0x00,
	0xff,0xff,0xff,0x00,0x00,0xe6,0xff,0xff,0x00,0xe6,0xff,0xff,0x00,0xe6,0xff,0xff,
	0x00,0xe6,0xff,0xff,0x00,0xe6,0xff,0xff,0x00,0xe6,0xff,0xff,0x00,0xe6,0xff,0xff,
	0x00,0xe6,0xff,0xff,0x00,0xe6,0xff,0xff,0x00,0xe6,0xff,0xff,0x00,0xe6,0xff,0xff,
	0x00,0xe6,0xff,0xff,0x00,0xe6,0xff,0xff,0x00,0xe6,0xff,0xff,0x00,0xe6,0xff,0xff,
	0x00,0xe6,0xff,0xff,0x00,0xe6,0xff,0xff,0x00,0xe6,0xff,0xff,0xff,0xff,0xff,0x00,
	0xff,0xff,0xff,0x00,0xff,0xa6,0x00,0xff,0xff,0xa6,0x00,0xff,0xff,0xff,0xff,0xff,
	0xff,0xff,0xff,0xff,0xff,0xff,0xff,0xff,0xff,0xff,0xff,0xff,0xff,0xa6,0x00,0xff,
	0xff,0xa6,0x00,0xff,0xff,0xa6,0x00,0xff,0xff,0xa6,0x00,0xff,0xff,0xff,0xff,0xff,
	0xff,0xff,0xff,0xff,0xff,0xff,0xff,0xff,0xff,0xff,0xff,0xff,0xff,0xa6,0x00,0xff,
	0xff,0xa6,0x00,0xff,0xff,0xa6,0x00,0xff,0xff,0xa6,0x00,0xff,0xff,0xff,0xff,0x00,
	0xff,0xff,0xff,0x00,0xff,0xa6,0x00,0xff,0xff,0xa6,0x00,0xff,0xff,0xff,0xff,0xff,
	0xff,0xff,0xff,0xff,0xff,0xff,0xff,0xff,0xff,0xff,0xff,0xff,0xff,0xa6,0x00,0xff,
	0xff,0xa6,0x00,0xff,0xff,0xa6,0x00,0xff,0xff,0xa6,0x00,0xff,0xff,0xff,0xff,0xff,
	0xff,0xff,0xff,0xff,0xff,0xff,0xff,0xff,0xff,0xff,0xff,0xff,0xff,0xa6,0x00,0xff,
	0xff,0xa6,0x00,0xff,0xff,0xa6,0x00,0xff,0xff,0xa6,0x00,0xff,0xff,0xff,0xff,0x00,
	0xff,0xff,0xff,0x00,0xff,0xa6,0x00,0xff,0xff,0xa6,0x00,0xff,0xff,0xff,0xff,0xff,
	0xff,0xff,0xff,0xff,0x00,0x00,0xc3,0xff,0x00,0x00,0xc3,0xff,0x00,0x00,0xc3,0xff,
	0xff,0xff,0xff,0xff,0xff,0xa6,0x00,0xff,0xff,0xa6,0x00,0xff,0xff,0xff,0xff,0xff,
	0x00,0x00,0xc3,0xff,0x00,0x00,0xc3,0xff,0x00,0x00,0xc3,0xff,0xff,0xff,0xff,0xff,
	0xff,0xff,0xff,0xff,0xff,0xa6,0x00,0xff,0xff,0xa6,0x00,0xff,0xff,0xff,0xff,0x00,
	0xff,0xff,0xff,0x00,0xff,0xa6,0x00,0xff,0xff,0xa6,0x00,0xff,0xff,0xff,0xff,0xff,
	0xff,0xff,0xff,0xff,0x00,0x00,0xc3,0xff,0x00,0x00,0xc3,0xff,0x00,0x00,0xc3,0xff,
	0xff,0xff,0xff,0xff,0xff,0xa6,0x00,0xff,0xff,0xa6,0x00,0xff,0xff,0xff,0xff,0xff,
	0x00,0x00,0xc3,0xff,0x00,0x00,0xc3,0xff,0x00,0x00,0xc3,0xff,0xff,0xff,0xff,0xff,
	0xff,0xff,0xff,0xff,0xff,0xa6,0x00,0xff,0xff,0xa6,0x00,0xff,0xff,0xff,0xff,0x00,
	0xff,0xff,0xff,0x00,0xff,0xa6,0x00,0xff,0xff,0xa6,0x00,0xff,0xff,0xa6,0x00,0xff,
	0xff,0xa6,0x00,0xff,0xff,0xff,0xff,0xff,0xff,0xff,0xff,0xff,0xff,0xff,0xff,0xff,
	0xff,0xff,0xff,0xff,0xff,0xa6,0x00,0xff,0xff,0xa6,0x00,0xff,0xff,0xa6,0x00,0xff,
	0xff,0xa6,0x00,0xff,0xff,0xff,0xff,0xff,0xff,0xff,0xff,0xff,0xff,0xff,0xff,0xff,
	0xff,0xff,0xff,0xff,0xff,0xa6,0x00,0xff,0xff,0xa6,0x00,0xff,0xff,0xff,0xff,0x00,
	0xff,0xff,0xff,0x00,0xff,0xa6,0x00,0xff,0xff,0xa6,0x00,0xff,0xff,0xa6,0x00,0xff,
	0xff,0xa6,0x00,0xff,0xff,0xff,0xff,0xff,0xff,0xff,0xff,0xff,0xff,0xff,0xff,0xff,
	0xff,0xff,0xff,0xff,0xff,0xa6,0x00,0xff,0xff,0xa6,0x00,0xff,0xff,0xa6,0x00,0xff,
	0xff,0xa6,0x00,0xff,0xff,0xff,0xff,0xff,0xff,0xff,0xff,0xff,0xff,0xff,0xff,0xff,
	0xff,0xff,0xff,0xff,0xff,0xa6,0x00,0xff,0xff,0xa6,0x00,0xff,0xff,0xff,0xff,0x00,
	0xff,0xff,0xff,0x00,0xff,0xa6,0x00,0xff,0xff,0xa6,0x00,0xff,0xff,0xa6,0x00,0xff,
	0xff,0xa6,0x00,0xff,0xff,0xa6,0x00,0xff,0xff,0xa6,0x00,0xff,0xff,0xa6,0x00,0xff,
	0xff,0xa6,0x00,0xff,0xff,0xa6,0x00,0xff,0xff,0xa6,0x00,0xff,0xff,0xa6,0x00,0xff,
	0xff,0xa6,0x00,0xff,0xff,0xa6,0x00,0xff,0xff,0xa6,0x00,0xff,0xff,0xa6,0x00,0xff,
	0xff,0xa6,0x00,0xff,0xff,0xa6,0x00,0xff,0xff,0xa6,0x00,0xff,0xff,0xff,0xff,0x00,
	0xff,0xff,0xff,0x00,0xff,0xa6,0x00,0xff,0xff,0xa6,0x00,0xff,0xff,0xa6,0x00,0xff,
	0xff,0xa6,0x00,0xff,0xff,0xa6,0x00,0xff,0xff,0xa6,0x00,0xff,0xff,0xa6,0x00,0xff,
	0xff,0xa6,0x00,0xff,0xff,0xa6,0x00,0xff,0xff,0xa6,0x00,0xff,0xff,0xa6,0x00,0xff,
	0xff,0xa6,0x00,0xff,0xff,0xa6,0x00,0xff,0xff,0xa6,0x00,0xff,0xff,0xa6,0x00,0xff,
	0xff,0xa6,0x00,0xff,0xff,0xa6,0x00,0xff,0xff,0xa6,0x00,0xff,0xff,0xff,0xff,0x00,
	0xff,0xff,0xff,0x00,0xff,0xff,0xff,0x00,0xff,0xff,0xff,0x00,0xff,0xff,0xff,0xff,
	0xff,0xff,0xff,0xff,0xff,0xff,0xff,0xff,0xff,0xff,0xff,0xff,0xff,0xff,0xff,0x00,
	0xff,0xff,0xff,0x00,0xff,0xff,0xff,0x00,0xff,0xff,0xff,0x00,0xff,0xff,0xff,0xff,
	0xff,0xff,0xff,0xff,0xff,0xff,0xff,0xff,0xff,0xff,0xff,0xff,0xff,0xff,0xff,0x00,
	0xff,0xff,0xff,0x00,0xff,0xff,0xff,0x00,0xff,0xff,0xff,0x00,0xff,0xff,0xff,0x00,
	0xff,0xff,0xff,0x00,0xff,0xff,0xff,0x00,0xff,0xff,0xff,0x00,0xff,0xff,0xff,0xff,
	0xff,0xff,0xff,0xff,0x00,0x00,0xc3,0xff,0x00,0x00,0xc3,0xff,0x00,0x00,0xc3,0xff,
	0xff,0xff,0xff,0xff,0xff,0xff,0xff,0x00,0xff,0xff,0xff,0x00,0xff,0xff,0xff,0xff,
	0x00,0x00,0xc3,0xff,0x00,0x00,0xc3,0xff,0x00,0x00,0xc3,0xff,0xff,0xff,0xff,0xff,
	0xff,0xff,0xff,0xff,0xff,0xff,0xff,0x00,0xff,0xff,0xff,0x00,0xff,0xff,0xff,0x00,
	0xff,0xff,0xff,0x00,0xff,0xff,0xff,0x00,0xff,0xff,0xff,0x00,0xff,0xff,0xff,0x00,
	0xff,0xff,0xff,0x00,0xff,0xff,0xff,0xff,0xff,0xff,0xff,0xff,0xff,0xff,0xff,0xff,
	0xff,0xff,0xff,0xff,0xff,0xff,0xff,0x00,0xff,0xff,0xff,0x00,0xff,0xff,0xff,0x00,
	0xff,0xff,0xff,0x00,0xff,0xff,0xff,0xff,0xff,0xff,0xff,0xff,0xff,0xff,0xff,0xff,
	0xff,0xff,0xff,0xff,0xff,0xff,0xff,0x00,0xff,0xff,0xff,0x00,0xff,0xff,0xff,0x00,
	0xff,0xff,0xff,0x00,0xff,0xff,0xff,0x00,0xff,0xff,0xff,0x00,0xff,0xff,0xff,0x00,
	0xff,0xff,0xff,0x00,0xff,0xff,0xff,0x00,0xff,0xff,0xff,0x00,0xff,0xff,0xff,0x00,
	0xff,0xff,0xff,0x00,0xff,0xff,0xff,0x00,0xff,0xff,0xff,0x00,0xff,0xff,0xff,0x00,
	0xff,0xff,0xff,0x00,0xff,0xff,0xff,0x00,0xff,0xff,0xff,0x00,0xff,0xff,0xff,0x00,
	0xff,0xff,0xff,0x00,0xff,0xff,0xff,0x00,0xff,0xff,0xff,0x00,0xff,0xff,0xff,0x00,
	0xff,0xff,0xff,0x00,0x00,0x00,0xc3,0xff,0x00,0x00,0xc3,0xff,0x00,0x00,0xc3,0xff,
	0x00,0x00,0xc3,0xff,0x00,0x00,0xc3,0xff,0x00,0x00,0xc3,0xff,0x00,0x00,0xc3,0xff,
	0x00,0x00,0xc3,0xff,0x00,0x00,0xc3,0xff,0x00,0x00,0xc3,0xff,0x00,0x00,0xc3,0xff,
	0x00,0x00,0xc3,0xff,0x00,0x00,0xc3,0xff,0x00,0x00,0xc3,0xff,0x00,0x00,0xc3,0xff,
	0x00,0x00,0xc3,0xff,0x00,0x00,0xc3,0xff,0x00,0x00,0xc3,0xff,0xff,0xff,0xff,0x00,
	0xff,0xff,0xff,0x00,0x00,0x00,0xc3,0xff,0x00,0x00,0xc3,0xff,0x00,0x00,0xc3,0xff,
	0x00,0x00,0xc3,0xff,0x00,0x00,0xc3,0xff,0x00,0x00,0xc3,0xff,0x00,0x00,0xc3,0xff,
	0x00,0x00,0xc3,0xff,0x00,0x00,0xc3,0xff,0x00,0x00,0xc3,0xff,0x00,0x00,0xc3,0xff,
	0x00,0x00,0xc3,0xff,0x00,0x00,0xc3,0xff,0x00,0x00,0xc3,0xff,0x00,0x00,0xc3,0xff,
	0x00,0x00,0xc3,0xff,0x00,0x00,0xc3,0xff,0x00,0x00,0xc3,0xff,0xff,0xff,0xff,0x00,
	0xff,0xff,0xff,0x00,0xff,0xff,0xff,0xff,0xff,0xff,0xff,0xff,0xff,0xff,0xff,0xff,
	0xff,0xff,0xff,0xff,0xff,0xff,0xff,0xff,0xff,0xff,0xff,0xff,0xff,0xff,0xff,0xff,
	0xff,0xff,0xff,0xff,0xff,0xff,0xff,0xff,0xff,0xff,0xff,0xff,0xff,0xff,0xff,0xff,
	0xff,0xff,0xff,0xff,0xff,0xff,0xff,0xff,0xff,0xff,0xff,0xff,0xff,0xff,0xff,0xff,
	0xff,0xff,0xff,0xff,0xff,0xff,0xff,0xff,0xff,0xff,0xff,0xff,0xff,0xff,0xff,0x00,
	0xff,0xff,0xff,0x00,0xff,0xff,0xff,0xff,0xff,0xff,0xff,0xff,0xff,0xff,0xff,0xff,
	0xff,0xff,0xff,0xff,0xff,0xff,0xff,0xff,0xff,0xff,0xff,0xff,0xff,0xff,0xff,0xff,
	0xff,0xff,0xff,0xff,0xff,0xff,0xff,0xff,0xff,0xff,0xff,0xff,0xff,0xff,0xff,0xff,
	0xff,0xff,0xff,0xff,0xff,0xff,0xff,0xff,0xff,0xff,0xff,0xff,0xff,0xff,0xff,0xff,
	0xff,0xff,0xff,0xff,0xff,0xff,0xff,0xff,0xff,0xff,0xff,0xff,0xff,0xff,0xff,0x00,
	0xff,0xff,0xff,0x00,0xff,0x00,0x00,0xff,0xff,0x00,0x00,0xff,0xff,0x00,0x00,0xff,
	0xe6,0xe6,0xff,0xff,0xff,0x00,0x00,0xff,0xff,0x00,0x00,0xff,0xff,0x00,0x00,0xff,
	0xff,0xff,0xff,0x00,0xff,0x00,0x00,0xff,0xff,0x00,0x00,0xff,0xff,0x00,0x00,0xff,
	0xf9,0xbc,0x54,0xff,0xff,0x00,0x00,0xff,0xff,0x00,0x00,0xff,0xff,0x00,0x00,0xff,
	0xff,0x00,0x00,0xff,0xff,0x00,0x00,0xff,0xff,0xff,0xff,0x00,0xff,0xff,0xff,0x00,
	0xff,0xff,0xff,0x00,0xff,0x00,0x00,0xff,0xff,0x00,0x00,0xff,0xff,0x00,0x00,0xff,
	0xe6,0xe6,0xff,0xff,0xff,0x00,0x00,0xff,0xff,0x00,0x00,0xff,0xff,0x00,0x00,0xff,
	0xe6,0xe6,0xff,0xff,0xff,0x00,0x00,0xff,0xff,0x00,0x00,0xff,0xff,0x00,0x00,0xff,
	0xff,0x00,0x00,0xff,0xff,0x00,0x00,0xff,0xff,0x00,0x00,0xff,0xff,0x00,0x00,0xff,
	0xff,0x00,0x00,0xff,0xa6,0x00,0x00,0xff,0xff,0xff,0xff,0x00,0xff,0xff,0xff,0x00,
	0xff,0xff,0xff,0x00,0xff,0xff,0xff,0x00,0xf9,0xbc,0x54,0xff,0xf9,0xbc,0x54,0xff,
	0xf9,0xbc,0x54,0xff,0xf9,0xbc,0x54,0xff,0xf9,0xbc,0x54,0xff,0xf9,0xbc,0x54,0xff,
	0xf9,0xbc,0x54,0xff,0xf9,0xbc,0x54,0xff,0xf9,0xbc,0x54,0xff,0xf9,0xbc,0x54,0xff,
	0xf9,0xbc,0x54,0xff,0xf9,0xbc,0x54,0xff,0xf9,0xbc,0x54,0xff,0xf9,0xbc,0x54,0xff,
	0xf9,0xbc,0x54,0xff,0xf9,0xbc,0x54,0xff,0xff,0xff,0xff,0x00,0xff,0xff,0xff,0x00,
	0xff,0xff,0xff,0x00,0xff,0xff,0xff,0x00,0xff,0x00,0x00,0xff,0xff,0x00,0x00,0xff,
	0xff,0x00,0x00,0xff,0xff,0x00,0x00,0xff,0xff,0x00,0x00,0xff,0xff,0x00,0x00,0xff,
	0xff,0x00,0x00,0xff,0xff,0x00,0x00,0xff,0xff,0x00,0x00,0xff,0xff,0x00,0x00,0xff,
	0xff,0x00,0x00,0xff,0xff,0x00,0x00,0xff,0xff,0x00,0x00,0xff,0xff,0x00,0x00,0xff,
	0xff,0x00,0x00,0xff,0xff,0x00,0x00,0xff,0xff,0xff,0xff,0x00,0xff,0xff,0xff,0x00,
	0xff,0xff,0xff,0x00,0xff,0xff,0xff,0x00,0x00,0xff,0x00,0xff,0x00,0xff,0x00,0xff,
	0xe6,0xe6,0xff,0xff,0x54,0xc3,0xe3,0xff,0x54,0xc3,0xe3,0xff,0x00,0xff,0x00,0xff,
	0x00,0xff,0x00,0xff,0x00,0xff,0x00,0xff,0x00,0xff,0x00,0xff,0x54,0xc3,0xe3,0xff,
	0x00,0xff,0x00,0xff,0x54,0xc3,0xe3,0xff,0x00,0xff,0x00,0xff,0x00,0xff,0x00,0xff,
	0x00,0xff,0x00,0xff,0x00,0xff,0x00,0xff,0xff,0xff,0xff,0x00,0xff,0xff,0xff,0x00,
	0xff,0xff,0xff,0x00,0xff,0xff,0xff,0x00,0xff,0xff,0xff,0x00,0x29,0x29,0xff,0xff,
	0x29,0x29,0xff,0xff,0x29,0x29,0xff,0xff,0xff,0xff,0x00,0xff,0xff,0xff,0x00,0xff,
	0xff,0xff,0x00,0xff,0xff,0xff,0x00,0xff,0xff,0xff,0x00,0xff,0xff,0xff,0x00,0xff,
	0xff,0xff,0x00,0xff,0xff,0xff,0x00,0xff,0x29,0x29,0xff,0xff,0x29,0x29,0xff,0xff,
	0x29,0x29,0xff,0xff,0xff,0xff,0xff,0x00,0xff,0xff,0xff,0x00,0xff,0xff,0xff,0x00,
	0xff,0xff,0xff,0x00,0xff,0xff,0xff,0x00,0xff,0xff,0x00,0xff,0xff,0xff,0x00,0xff,
	0xff,0xff,0x00,0xff,0xff,0xff,0x00,0xff,0xff,0xff,0x00,0xff,0xff,0xff,0x00,0xff,
	0xff,0xff,0x00,0xff,0xff,0xff,0x00,0xff,0xff,0xff,0x00,0xff,0xff,0xff,0x00,0xff,
	0xff,0xff,0x00,0xff,0xff,0xff,0x00,0xff,0xff,0xff,0x00,0xff,0xff,0xff,0x00,0xff,
	0xff,0xff,0x00,0xff,0xff,0xff,0xff,0x00,0xff,0xff,0xff,0x00,0xff,0xff,0xff,0x00,
	0xff,0xff,0xff,0x00,0xff,0xff,0xff,0x00,0xff,0xff,0xff,0x00,0xff,0xff,0xff,0x00,
	0xff,0xff,0xff,0x00,0xff,0xff,0xff,0x00,0xff,0xff,0xff,0x00,0xff,0xff,0xff,0x00,
	0xe6,0xe6,0xff,0xff,0xff,0xff,0xff,0x00,0xff,0xff,0xff,0x00,0xe6,0xe6,0xff,0xff,
	0xff,0xff,0xff,0x00,0xff,0xff,0xff,0x00,0xff,0xff,0xff,0x00,0xff,0xff,0xff,0x00,
	0xff,0xff,0xff,0x00,0xff,0xff,0xff,0x00,0xff,0xff,0xff,0x00,0xff,0xff,0xff,0x00,
	0xff,0xff,0xff,0x00,0xff,0xff,0xff,0x00,0xff,0xff,0xff,0x00,0x00,0xe6,0xff,0xff,
	0xff,0xff,0xff,0x00,0xff,0xff,0xff,0x00,0xff,0xff,0xff,0x00,0xff,0xff,0xff,0x00,
	0x00,0xe6,0xff,0xff,0xff,0xff,0xff,0x00,0xff,0xff,0xff,0x00,0x00,0xe6,0xff,0xff,
	0xff,0xff,0xff,0x00,0x00,0xe6,0xff,0xff,0xff,0xff,0xff,0x00,0xff,0xff,0xff,0x00,
	0x00,0xe6,0xff,0xff,0xff,0xff,0xff,0x00,0xff,0xff,0xff,0x00,0xff,0xff,0xff,0x00,
	0xff,0xff,0xff,0x00,0xff,0xff,0xff,0x00,0xff,0xff,0xff,0x00,0xff,0xff,0xff,0x00,
	0xff,0xff,0xff,0x00,0x00,0xe6,0xff,0xff,0xff,0xff,0xff,0x00,0xff,0xff,0xff,0x00,
	0x00,0xe6,0xff,0xff,0xff,0xff,0xff,0x00,0xff,0xff,0xff,0x00,0x00,0xe6,0xff,0xff,
	0xff,0xff,0xff,0x00,0x00,0xe6,0xff,0xff,0xff,0xff,0xff,0x00,0xff,0xff,0xff,0x00,
	0x00,0xe6,0xff,0xff,0xff,0xff,0xff,0x00,0xff,0xff,0xff,0x00,0xff,0xff,0xff,0x00,
	0xff,0xff,0xff,0x00,0xff,0xff,0xff,0x00,0xff,0xff,0xff,0x00,0x00,0xe6,0xff,0xff,
	0xff,0xff,0xff,0x00,0xff,0xff,0xff,0x00,0x00,0xe6,0xff,0xff,0xff,0xff,0xff,0x00,
	0x00,0xe6,0xff,0xff,0xff,0xff,0xff,0x00,0xff,0xff,0xff,0x00,0x00,0xe6,0xff,0xff,
	0xff,0xff,0xff,0x00,0x00,0xe6,0xff,0xff,0xff,0xff,0xff,0x00,0xff,0xff,0xff,0x00,
	0x00,0xe6,0xff,0xff,0xff,0xff,0xff,0x00,0xff,0xff,0xff,0x00,0xff,0xff,0xff,0x00,
	0xff,0xff,0xff,0x00,0xff,0xff,0xff,0x00,0x00,0xe6,0xff,0xff,0xff,0xff,0xff,0x00,
	0x00,0xe6,0xff,0xff,0xff,0xff,0xff,0x00,0xff,0xff,0xff,0x00,0x00,0xe6,0xff,0xff,
	0xff,0xff,0xff,0x00,0x00,0xe6,0xff,0xff,0xff,0xff,0xff,0x00,0xff,0xff,0xff,0x00,
	0x00,0xe6,0xff,0xff,0xff,0xff,0xff,0x00,0x00,0xe6,0xff,0xff,0xff,0xff,0xff,0x00,
	0xff,0xff,0xff,0x00,0x00,0xe6,0xff,0xff,0xff,0xff,0xff,0x00,0xff,0xff,0xff,0x00,
	0xff,0xff,0xff,0x00,0xff,0xff,0xff,0x00,0xff,0xff,0xff,0x00,0xff,0xff,0xff,0x00,
	0xff,0xff,0xff,0x00,0xff,0xff,0xff,0x00,0xff,0xff,0xff,0x00,0xff,0xff,0xff,0x00,
	0xff,0xff,0xff,0x00,0xff,0xff,0xff,0x00,0xff,0xff,0xff,0x00,0xff,0xff,0xff,0x00,
	0xff,0xff,0xff,0x00,0xff,0xff,0xff,0x00,0xff,0xff,0xff,0x00,0xff,0xff,0xff,0x00,
	0xff,0xff,0xff,0x00,0xff,0xff,0xff,0x00,0xff,0xff,0xff,0x00,0xff,0xff,0xff,0x00,
	0xff,0xff,0xff,0x00,0xff,0xff,0x00,0xff,0xff,0xff,0x00,0xff,0xff,0xff,0x00,0xff,
	0xff,0xff,0x00,0xff,0xff,0xff,0x00,0xff,0xff,0xff,0x00,0xff,0xff,0xff,0x00,0xff,
	0xff,0xff,0x00,0xff,0xff,0xff,0x00,0xff,0xff,0xff,0x00,0xff,0xff,0xff,0x00,0xff,
	0xff,0xff,0x00,0xff,0xff,0xff,0x00,0xff,0xff,0xff,0x00,0xff,0xff,0xff,0x00,0xff,
	0xff,0xff,0x00,0xff,0xff,0xff,0x00,0xff,0xff,0xff,0x00,0xff,0xff,0xff,0xff,0x00,
	0xff,0xff,0xff,0x00,0xff,0xff,0xff,0x00,0xff,0xff,0xff,0x00,0xff,0xff,0xff,0x00,
	0xff,0xff,0xff,0x00,0xff,0xff,0x00,0xff,0xff,0xff,0x00,0xff,0xff,0xff,0x00,0xff,
	0xff,0xff,0x00,0xff,0xff,0xff,0x00,0xff,0xff,0xff,0x00,0xff,0xff,0xff,0x00,0xff,
	0xff,0xff,0x00,0xff,0xff,0xff,0x00,0xff,0xff,0xff,0x00,0xff,0xff,0xff,0x00,0xff,
	0xff,0xff,0x00,0xff,0xff,0xff,0x00,0xff,0xff,0xff,0x00,0xff,0xff,0xff,0xff,0x00,
	0xff,0xff,0xff,0x00,0xff,0xff,0xff,0x00,0xff,0xff,0xff,0x00,0xff,0xff,0xff,0x00,
	0xff,0xff,0xff,0x00,0xff,0xff,0xff,0x00,0xff,0xff,0xff,0x00,0xff,0xff,0xff,0x00,
	0xff,0xff,0xff,0x00,0xff,0xff,0x00,0xff,0xff,0xff,0x00,0xff,0xff,0xff,0x00,0xff,
	0xff,0xff,0x00,0xff,0xff,0xff,0x00,0xff,0xff,0xff,0x00,0xff,0xff,0xff,0x00,0xff,
	0xff,0xff,0x00,0xff,0xff,0xff,0x00,0xff,0xff,0xff,0x00,0xff,0xff,0xff,0xff,0x00,
	0xff,0xff,0xff,0x00,0xff,0xff,0x00,0xff,0xff,0xff,0x00,0xff,0xff,0xff,0x00,0xff,
	0xff,0xff,0x00,0xff,0xff,0xff,0x00,0xff,0xff,0xff,0x00,0xff,0xff,0xff,0x00,0xff,
	0xff,0xff,0xff,0x00,0xff,0xff,0xff,0x00,0xff,0xff,0xff,0x00,0xff,0xff,0xff,0x00,
	0xff,0xff,0x00,0xff,0xff,0xff,0x00,0xff,0xff,0xff,0x00,0xff,0xff,0xff,0x00,0xff,
	0xff,0xff,0x00,0xff,0xff,0xff,0x00,0xff,0xff,0xff,0x00,0xff,0xff,0xff,0xff,0x00,
	0xff,0xff,0xff,0x00,0xff,0xff,0x00,0xff,0xff,0xff,0x00,0xff,0xff,0xff,0x00,0xff,
	0xff,0xff,0x00,0xff,0xff,0xff,0x00,0xff,0xff,0xff,0xff,0x00,0xff,0xff,0xff,0x00,
	0xff,0xff,0xff,0x00,0xff,0xff,0xff,0x00,0xff,0xff,0xff,0x00,0xff,0xff,0xff,0x00,
	0xff,0xff,0xff,0x00,0xff,0xff,0xff,0x00,0xff,0xff,0x00,0xff,0xff,0xff,0x00,0xff,
	0xff,0xff,0x00,0xff,0xff,0xff,0x00,0xff,0xff,0xff,0x00,0xff,0xff,0xff,0xff,0x00,
	0xff,0xff,0xff,0x00,0xff,0xff,0x00,0xff,0xff,0xff,0x00,0xff,0xff,0xff,0x00,0xff,
	0xff,0xff,0x00,0xff,0xff,0xff,0x00,0xff,0xff,0xff,0x00,0xff,0xff,0xff,0x00,0xff,
	0xff,0xff,0x00,0xff,0xff,0xff,0x00,0xff,0xff,0xff,0x00,0xff,0xff,0xff,0x00,0xff,
	0xff,0xff,0x00,0xff,0xff,0xff,0x00,0xff,0xff,0xff,0x00,0xff,0xff,0xff,0xff,0x00,
	0xff,0xff,0xff,0x00,0xff,0xff,0xff,0x00,0xff,0xff,0xff,0x00,0xff,0xff,0xff,0x00,
	0xff,0xff,0xff,0x00,0xff,0xff,0x00,0xff,0xff,0xff,0x00,0xff,0xff,0xff,0x00,0xff,
	0xff,0xff,0x00,0xff,0xff,0xff,0x00,0xff,0xff,0xff,0x00,0xff,0xff,0xff,0x00,0xff,
	0xff,0xff,0x00,0xff,0xff,0xff,0x00,0xff,0xff,0xff,0x00,0xff,0xff,0xff,0xff,0x00,
	0xff,0xff,0xff,0x00,0xff,0xff,0xff,0x00,0xff,0xff,0xff,0x00,0xff,0xff,0xff,0x00,
	0xff,0xff,0xff,0x00,0xff,0xff,0xff,0x00,0xff,0xff,0xff,0x00,0xff,0xff,0xff,0x00,
	0xff,0xff,0xff,0x00,0xff,0xff,0x00,0xff,0xff,0xff,0x00,0xff,0xff,0xff,0x00,0xff,
	0xff,0xff,0x00,0xff,0xff,0xff,0x00,0xff,0xff,0xff,0x00,0xff,0xff,0xff,0x00,0xff,
	0xff,0xff,0x00,0xff,0xff,0xff,0x00,0xff,0xff,0xff,0x00,0xff,0xff,0xff,0x00,0xff,
	0xff,0xff,0x00,0xff,0xff,0xff,0x00,0xff,0xff,0xff,0x00,0xff,0xff,0xff,0x00,0xff,
	0xff,0xff,0x00,0xff,0xff,0xff,0x00,0xff,0xff,0xff,0x00,0xff,0xff,0xff,0xff,0x00,
	0xff,0xff,0xff,0x00,0xff,0xff,0x00,0xff,0xff,0xff,0x00,0xff,0xff,0xff,0x00,0xff,
	0xff,0xff,0x00,0xff,0xff,0xff,0x00,0xff,0xff,0xff,0x00,0xff,0xff,0xff,0x00,0xff,
	0xff,0xff,0x00,0xff,0xff,0xff,0x00,0xff,0xff,0xff,0x00,0xff,0xff,0xff,0x00,0xff,
	0xff,0xff,0x00,0xff,0xff,0xff,0x00,0xff,0xff,0xff,0x00,0xff,0xff,0xff,0x00,0xff,
	0xff,0xff,0x00,0xff,0xff,0xff,0x00,0xff,0xff,0xff,0x00,0xff,0xff,0xff,0xff,0x00,
	0xff,0xff,0xff,0x00,0xff,0xff,0x00,0xff,0xff,0xff,0x00,0xff,0xff,0xff,0x00,0xff,
	0xff,0xff,0x00,0xff,0xff,0xff,0x00,0xff,0xff,0xff,0x00,0xff,0xff,0xff,0x00,0xff,
	0xff,0xff,0x00,0xff,0xff,0xff,0x00,0xff,0xff,0xff,0x00,0xff,0xff,0xff,0x00,0xff,
	0xff,0xff,0x00,0xff,0xff,0xff,0x00,0xff,0xff,0xff,0x00,0xff,0xff,0xff,0x00,0xff,
	0xff,0xff,0x00,0xff,0xff,0xff,0x00,0xff,0xff,0xff,0x00,0xff,0xff,0xff,0xff,0x00,
	0xff,0xff,0xff,0x00,0xff,0xff,0xff,0x00,0xff,0xff,0x00,0xff,0xff,0xff,0x00,0xff,
	0xff,0xff,0x00,0xff,0xff,0xff,0x00,0xff,0xff,0xff,0x00,0xff,0xff,0xff,0x00,0xff,
	0xff,0xff,0x00,0xff,0xff,0xff,0x00,0xff,0xff,0xff,0x00,0xff,0xff,0xff,0x00,0xff,
	0xff,0xff,0x00,0xff,0xff,0xff,0x00,0xff,0xff,0xff,0x00,0xff,0xff,0xff,0x00,0xff,
	0xff,0xff,0x00,0xff,0xff,0xff,0x00,0xff,0xff,0xff,0xff,0x00,0xff,0xff,0xff,0x00,
	0xff,0xff,0xff,0x00,0xff,0xff,0xff,0x00,0xff,0xff,0xff,0x00,0xff,0xff,0xff,0x00,
	0xff,0xff,0xff,0x00,0xff,0xff,0x00,0xff,0xff,0xff,0x00,0xff,0xff,0xff,0x00,0xff,
	0xff,0xff,0x00,0xff,0xff,0xff,0x00,0xff,0xff,0xff,0x00,0xff,0xff,0xff,0x00,0xff,
	0xff,0xff,0x00,0xff,0xff,0xff,0x00,0xff,0xff,0xff,0x00,0xff,0xff,0xff,0xff,0x00,
	0xff,0xff,0xff,0x00,0xff,0xff,0xff,0x00,0xff,0xff,0xff,0x00,0xff,0xff,0xff,0x00,
	0xff,0xff,0xff,0x00,0xff,0xff,0xff,0x00,0xff,0xff,0xff,0x00,0xff,0xff,0xff,0x00,
	0xff,0xff,0xff,0x00,0xff,0xff,0xff,0x00,0xff,0xff,0xff,0x00,0xff,0xff,0xff,0x00,
	0xff,0xff,0x00,0xff,0xff,0xff,0x00,0xff,0xff,0xff,0x00,0xff,0xff,0xff,0x00,0xff,
	0xff,0xff,0xff,0x00,0xff,0xff,0xff,0x00,0xff,0xff,0xff,0x00,0xff,0xff,0xff,0x00,
	0xff,0xff,0xff,0x00,0xff,0xff,0xff,0x00,0xff,0xff,0xff,0x00,0xff,0xff,0xff,0x00,
	0xff,0xff,0xff,0x00,0xff,0xff,0xff,0x00,0xff,0xff,0xff,0x00,0xff,0xff,0xff,0x00,
	0xff,0xff,0xff,0x00,0xff,0xff,0xff,0x00,0xff,0xff,0xff,0x00,0xff,0xff,0xff,0x00,
	0xff,0xff,0xff,0x00,0xff,0xff,0x00,0xff,0xff,0xff,0x00,0xff,0xff,0xff,0xff,0x00,
	0xff,0xff,0xff,0x00,0xff,0xff,0xff,0x00,0xff,0xff,0xff,0x00,0xff,0xff,0xff,0x00,
	0xff,0xff,0xff,0x00,0xff,0xff,0xff,0x00,0xff,0xff,0xff,0x00,0xff,0xff,0xff,0x00,
	0xff,0xff,0xff,0x00,0xff,0xff,0xff,0x00,0xff,0xff,0xff,0x00,0xff,0xff,0xff,0x00,
	0xff,0xff,0x00,0xff,0xff,0xff,0x00,0xff,0xff,0xff,0xff,0x00,0xff,0xff,0xff,0x00,
	0xff,0xff,0xff,0x00,0xff,0xff,0xff,0x00,0xff,0xff,0xff,0x00,0xff,0xff,0xff,0x00,
	0xff,0xff,0xff,0x00,0xff,0xff,0x00,0xff,0xff,0xff,0x00,0xff,0xff,0xff,0xff,0x00,
	0xff,0xff,0xff,0x00,0xff,0xff,0xff,0x00,0xff,0xff,0xff,0x00,0xff,0xff,0xff,0x00,
	0xff,0xff,0xff,0x00,0xff,0x00,0x00,0xff,0xff,0x00,0x00,0xff,0xff,0x00,0x00,0xff,
	0xff,0x00,0x00,0xff,0xff,0x00,0x00,0xff,0xff,0x00,0x00,0xff,0xff,0x00,0x00,0xff,
	0xff,0x00,0x00,0xff,0xff,0x00,0x00,0xff,0xff,0x00,0x00,0xff,0xff,0x00,0x00,0xff,
	0xff,0x00,0x00,0xff,0xff,0x00,0x00,0xff,0xff,0x00,0x00,0xff,0xff,0x00,0x00,0xff,
	0xff,0x00,0x00,0xff,0xff,0x00,0x00,0xff,0xff,0x00,0x00,0xff,0xff,0xff,0xff,0x00,
	0xff,0xff,0xff,0x00,0xff,0x00,0x00,0xff,0xff,0x00,0x00,0xff,0xff,0x00,0x00,0xff,
	0xff,0x00,0x00,0xff,0xff,0x00,0x00,0xff,0xff,0x00,0x00,0xff,0xff,0x00,0x00,0xff,
	0xff,0x00,0x00,0xff,0xff,0x00,0x00,0xff,0xff,0x00,0x00,0xff,0xff,0x00,0x00,0xff,
	0xff,0x00,0x00,0xff,0xff,0x00,0x00,0xff,0xff,0x00,0x00,0xff,0xff,0x00,0x00,0xff,
	0xff,0x00,0x00,0xff,0xff,0x00,0x00,0xff,0xff,0x00,0x00,0xff,0xff,0xff,0xff,0x00,
	0xff,0xff,0xff,0x00,0xff,0x00,0x00,0xff,0xff,0x00,0x00,0xff,0xff,0x00,0x00,0xff,
	0xff,0xff,0xff,0xff,0x00,0x00,0xc3,0xff,0x00,0x00,0xc3,0xff,0x00,0x00,0xc3,0xff,
	0xff,0x00,0x00,0xff,0xff,0x00,0x00,0xff,0xff,0x00,0x00,0xff,0xff,0x00,0x00,0xff,
	0x00,0x00,0xc3,0xff,0x00,0x00,0xc3,0xff,0x00,0x00,0xc3,0xff,0xff,0xff,0xff,0xff,
	0xff,0x00,0x00,0xff,0xff,0x00,0x00,0xff,0xff,0x00,0x00,0xff,0xff,0xff,0xff,0x00,
	0xff,0xff,0xff,0x00,0xff,0x00,0x00,0xff,0xff,0x00,0x00,0xff,0xff,0x00,0x00,0xff,
	0xff,0xff,0xff,0xff,0x00,0x00,0xc3,0xff,0x00,0x00,0xc3,0xff,0x00,0x00,0xc3,0xff,
	0xff,0x00,0x00,0xff,0xff,0x00,0x00,0xff,0xff,0x00,0x00,0xff,0xff,0x00,0x00,0xff,
	0x00,0x00,0xc3,0xff,0x00,0x00,0xc3,0xff,0x00,0x00,0xc3,0xff,0xff,0xff,0xff,0xff,
	0xff,0x00,0x00,0xff,0xff,0x00,0x00,0xff,0xff,0x00,0x00,0xff,0xff,0xff,0xff,0x00,
	0xff,0xff,0xff,0x00,0xff,0x00,0x00,0xff,0xff,0x00,0x00,0xff,0xff,0x00,0x00,0xff,
	0xff,0x00,0x00,0xff,0xff,0x00,0x00,0xff,0xff,0x00,0x00,0xff,0xff,0x00,0x00,0xff,
	0xff,0x00,0x00,0xff,0xff,0x00,0x00,0xff,0xff,0x00,0x00,0xff,0xff,0x00,0x00,0xff,
	0xff,0x00,0x00,0xff,0xff,0x00,0x00,0xff,0xff,0x00,0x00,0xff,0xff,0x00,0x00,0xff,
	0xff,0x00,0x00,0xff,0xff,0x00,0x00,0xff,0xff,0x00,0x00,0xff,0xff,0xff,0xff,0x00,
	0xff,0xff,0xff,0x00,0xff,0x00,0x00,0xff,0xff,0x00,0x00,0xff,0xff,0x00,0x00,0xff,
	0xff,0x00,0x00,0xff,0xff,0x00,0x00,0xff,0xff,0x00,0x00,0xff,0xff,0x00,0x00,0xff,
	0xff,0x00,0x00,0xff,0xff,0x00,0x00,0xff,0xff,0x00,0x00,0xff,0xff,0x00,0x00,0xff,
	0xff,0x00,0x00,0xff,0xff,0x00,0x00,0xff,0xff,0x00,0x00,0xff,0xff,0x00,0x00,0xff,
	0xff,0x00,0x00,0xff,0xff,0x00,0x00,0xff,0xff,0x00,0x00,0xff,0xff,0xff,0xff,0x00,
	0xff,0xff,0xff,0x00,0xff,0x00,0x00,0xff,0xff,0x00,0x00,0xff,0xff,0x00,0x00,0xff,
	0xff,0x00,0x00,0xff,0xff,0x00,0x00,0xff,0xff,0x00,0x00,0xff,0xff,0x00,0x00,0xff,
	0xff,0x00,0x00,0xff,0xff,0x00,0x00,0xff,0xff,0x00,0x00,0xff,0xff,0x00,0x00,0xff,
	0xff,0x00,0x00,0xff,0xff,0x00,0x00,0xff,0xff,0x00,0x00,0xff,0xff,0x00,0x00,0xff,
	0xff,0x00,0x00,0xff,0xff,0x00,0x00,0xff,0xff,0x00,0x00,0xff,0xff,0xff,0xff,0x00,
	0xff,0xff,0xff,0x00,0xff,0x00,0x00,0xff,0xff,0x00,0x00,0xff,0xff,0x00,0x00,0xff,
	0xff,0x00,0x00,0xff,0xff,0x00,0x00,0xff,0xff,0x00,0x00,0xff,0xff,0x00,0x00,0xff,
	0xff,0x00,0x00,0xff,0xff,0x00,0x00,0xff,0xff,0x00,0x00,0xff,0xff,0x00,0x00,0xff,
	0xff,0x00,0x00,0xff,0xff,0x00,0x00,0xff,0xff,0x00,0x00,0xff,0xff,0x00,0x00,0xff,
	0xff,0x00,0x00,0xff,0xff,0x00,0x00,0xff,0xff,0x00,0x00,0xff,0xff,0xff,0xff,0x00,
	0xff,0xff,0xff,0x00,0xff,0xa6,0xc3,0xff,0xff,0xa6,0xc3,0xff,0xff,0xa6,0xc3,0xff,
	0xff,0xa6,0xc3,0xff,0xff,0xa6,0xc3,0xff,0xff,0xa6,0xc3,0xff,0xff,0xa6,0xc3,0xff,
	0xff,0xa6,0xc3,0xff,0xff,0xa6,0xc3,0xff,0xff,0xa6,0xc3,0xff,0xff,0xa6,0xc3,0xff,
	0xff,0xa6,0xc3,0xff,0xff,0xa6,0xc3,0xff,0xff,0xa6,0xc3,0xff,0xff,0xa6,0xc3,0xff,
	0xff,0xa6,0xc3,0xff,0xff,0xa6,0xc3,0xff,0xff,0xa6,0xc3,0xff,0xff,0xff,0xff,0x00,
	0xff,0xff,0xff,0x00,0xff,0xa6,0xc3,0xff,0xff,0xa6,0xc3,0xff,0xff,0xa6,0xc3,0xff,
	0xff,0xa6,0xc3,0xff,0xff,0xa6,0xc3,0xff,0xff,0xa6,0xc3,0xff,0xff,0xa6,0xc3,0xff,
	0xff,0xa6,0xc3,0xff,0xff,0xa6,0xc3,0xff,0xff,0xa6,0xc3,0xff,0xff,0xa6,0xc3,0xff,
	0xff,0xa6,0xc3,0xff,0xff,0xa6,0xc3,0xff,0xff,0xa6,0xc3,0xff,0xff,0xa6,0xc3,0xff,
	0xff,0xa6,0xc3,0xff,0xff,0xa6,0xc3,0xff,0xff,0xa6,0xc3,0xff,0xff,0xff,0xff,0x00,
	0xff,0xff,0xff,0x00,0xff,0xa6,0xc3,0xff,0xff,0xa6,0xc3,0xff,0xff,0xa6,0xc3,0xff,
	0xff,0xff,0xff,0xff,0x00,0x00,0xc3,0xff,0x00,0x00,0xc3,0xff,0x00,0x00,0xc3,0xff,
	0xff,0xa6,0xc3,0xff,0xff,0xa6,0xc3,0xff,0xff,0xa6,0xc3,0xff,0xff,0xa6,0xc3,0xff,
	0x00,0x00,0xc3,0xff,0x00,0x00,0xc3,0xff,0x00,0x00,0xc3,0xff,0xff,0xff,0xff,0xff,
	0xff,0xa6,0xc3,0xff,0xff,0xa6,0xc3,0xff,0xff,0xa6,0xc3,0xff,0xff,0xff,0xff,0x00,
	0xff,0xff,0xff,0x00,0xff,0xa6,0xc3,0xff,0xff,0xa6,0xc3,0xff,0xff,0xa6,0xc3,0xff,
	0xff,0xff,0xff,0xff,0x00,0x00,0xc3,0xff,0x00,0x00,0xc3,0xff,0x00,0x00,0xc3,0xff,
	0xff,0xa6,0xc3,0xff,0xff,0xa6,0xc3,0xff,0xff,0xa6,0xc3,0xff,0xff,0xa6,0xc3,0xff,
	0x00,0x00,0xc3,0xff,0x00,0x00,0xc3,0xff,0x00,0x00,0xc3,0xff,0xff,0xff,0xff,0xff,
	0xff,0xa6,0xc3,0xff,0xff,0xa6,0xc3,0xff,0xff,0xa6,0xc3,0xff,0xff,0xff,0xff,0x00,
	0xff,0xff,0xff,0x00,0xff,0xa6,0xc3,0xff,0xff,0xa6,0xc3,0xff,0xff,0xa6,0xc3,0xff,
	0xff,0xa6,0xc3,0xff,0xff,0xa6,0xc3,0xff,0xff,0xa6,0xc3,0xff,0xff,0xa6,0xc3,0xff,
	0xff,0xa6,0xc3,0xff,0xff,0xa6,0xc3,0xff,0xff,0xa6,0xc3,0xff,0xff,0xa6,0xc3,0xff,
	0xff,0xa6,0xc3,0xff,0xff,0xa6,0xc3,0xff,0xff,0xa6,0xc3,0xff,0xff,0xa6,0xc3,0xff,
	0xff,0xa6,0xc3,0xff,0xff,0xa6,0xc3,0xff,0xff,0xa6,0xc3,0xff,0xff,0xff,0xff,0x00,
	0xff,0xff,0xff,0x00,0xff,0xa6,0xc3,0xff,0xff,0xa6,0xc3,0xff,0xff,0xa6,0xc3,0xff,
	0xff,0xa6,0xc3,0xff,0xff,0xa6,0xc3,0xff,0xff,0xa6,0xc3,0xff,0xff,0xa6,0xc3,0xff,
	0xff,0xa6,0xc3,0xff,0xff,0xa6,0xc3,0xff,0xff,0xa6,0xc3,0xff,0xff,0xa6,0xc3,0xff,
	0xff,0xa6,0xc3,0xff,0xff,0xa6,0xc3,0xff,0xff,0xa6,0xc3,0xff,0xff,0xa6,0xc3,0xff,
	0xff,0xa6,0xc3,0xff,0xff,0xa6,0xc3,0xff,0xff,0xa6,0xc3,0xff,0xff,0xff,0xff,0x00,
	0xff,0xff,0xff,0x00,0xff,0xa6,0xc3,0xff,0xff,0xa6,0xc3,0xff,0xff,0xa6,0xc3,0xff,
	0xff,0xa6,0xc3,0xff,0xff,0xa6,0xc3,0xff,0xff,0xa6,0xc3,0xff,0xff,0xa6,0xc3,0xff,
	0xff,0xa6,0xc3,0xff,0xff,0xa6,0xc3,0xff,0xff,0xa6,0xc3,0xff,0xff,0xa6,0xc3,0xff,
	0xff,0xa6,0xc3,0xff,0xff,0xa6,0xc3,0xff,0xff,0xa6,0xc3,0xff,0xff,0xa6,0xc3,0xff,
	0xff,0xa6,0xc3,0xff,0xff,0xa6,0xc3,0xff,0xff,0xa6,0xc3,0xff,0xff,0xff,0xff,0x00,
	0xff,0xff,0xff,0x00,0xff,0xa6,0xc3,0xff,0xff,0xa6,0xc3,0xff,0xff,0xa6,0xc3,0xff,
	0xff,0xa6,0xc3,0xff,0xff,0xa6,0xc3,0xff,0xff,0xa6,0xc3,0xff,0xff,0xa6,0xc3,0xff,
	0xff,0xa6,0xc3,0xff,0xff,0xa6,0xc3,0xff,0xff,0xa6,0xc3,0xff,0xff,0xa6,0xc3,0xff,
	0xff,0xa6,0xc3,0xff,0xff,0xa6,0xc3,0xff,0xff,0xa6,0xc3,0xff,0xff,0xa6,0xc3,0xff,
	0xff,0xa6,0xc3,0xff,0xff,0xa6,0xc3,0xff,0xff,0xa6,0xc3,0xff,0xff,0xff,0xff,0x00,
	0xff,0xff,0xff,0x00,0x00,0xe6,0xff,0xff,0x00,0xe6,0xff,0xff,0x00,0xe6,0xff,0xff,
	0x00,0xe6,0xff,0xff,0x00,0xe6,0xff,0xff,0x00,0xe6,0xff,0xff,0x00,0xe6,0xff,0xff,
	0x00,0xe6,0xff,0xff,0x00,0xe6,0xff,0xff,0x00,0xe6,0xff,0xff,0x00,0xe6,0xff,0xff,
	0x00,0xe6,0xff,0xff,0x00,0xe6,0xff,0xff,0x00,0xe6,0xff,0xff,0x00,0xe6,0xff,0xff,
	0x00,0xe6,0xff,0xff,0x00,0xe6,0xff,0xff,0x00,0xe6,0xff,0xff,0xff,0xff,0xff,0x00,
	0xff,0xff,0xff,0x00,0x00,0xe6,0xff,0xff,0x00,0xe6,0xff,0xff,0x00,0xe6,0xff,0xff,
	0x00,0xe6,0xff,0xff,0x00,0xe6,0xff,0xff,0x00,0xe6,0xff,0xff,0x00,0xe6,0xff,0xff,
	0x00,0xe6,0xff,0xff,0x00,0xe6,0xff,0xff,0x00,0xe6,0xff,0xff,0x00,0xe6,0xff,0xff,
	0x00,0xe6,0xff,0xff,0x00,0xe6,0xff,0xff,0x00,0xe6,0xff,0xff,0x00,0xe6,0xff,0xff,
	0x00,0xe6,0xff,0xff,0x00,0xe6,0xff,0xff,0x00,0xe6,0xff,0xff,0xff,0xff,0xff,0x00,
	0xff,0xff,0xff,0x00,0x00,0xe6,0xff,0xff,0x00,0xe6,0xff,0xff,0x00,0xe6,0xff,0xff,
	0xff,0xff,0xff,0xff,0x00,0x00,0xc3,0xff,0x00,0x00,0xc3,0xff,0x00,0x00,0xc3,0xff,
	0x00,0xe6,0xff,0xff,0x00,0xe6,0xff,0xff,0x00,0xe6,0xff,0xff,0x00,0xe6,0xff,0xff,
	0x00,0x00,0xc3,0xff,0x00,0x00,0xc3,0xff,0x00,0x00,0xc3,0xff,0xff,0xff,0xff,0xff,
	0x00,0xe6,0xff,0xff,0x00,0xe6,0xff,0xff,0x00,0xe6,0xff,0xff,0xff,0xff,0xff,0x00,
	0xff,0xff,0xff,0x00,0x00,0xe6,0xff,0xff,0x00,0xe6,0xff,0xff,0x00,0xe6,0xff,0xff,
	0xff,0xff,0xff,0xff,0x00,0x00,0xc3,0xff,0x00,0x00,0xc3,0xff,0x00,0x00,0xc3,0xff,
	0x00,0xe6,0xff,0xff,0x00,0xe6,0xff,0xff,0x00,0xe6,0xff,0xff,0x00,0xe6,0xff,0xff,
	0x00,0x00,0xc3,0xff,0x00,0x00,0xc3,0xff,0x00,0x00,0xc3,0xff,0xff,0xff,0xff,0xff,
	0x00,0xe6,0xff,0xff,0x00,0xe6,0xff,0xff,0x00,0xe6,0xff,0xff,0xff,0xff,0xff,0x00,
	0xff,0xff,0xff,0x00,0x00,0xe6,0xff,0xff,0x00,0xe6,0xff,0xff,0x00,0xe6,0xff,0xff,
	0x00,0xe6,0xff,0xff,0x00,0xe6,0xff,0xff,0x00,0xe6,0xff,0xff,0x00,0xe6,0xff,0xff,
	0x00,0xe6,0xff,0xff,0x00,0xe6,0xff,0xff,0x00,0xe6,0xff,0xff,0x00,0xe6,0xff,0xff,
	0x00,0xe6,0xff,0xff,0x00,0xe6,0xff,0xff,0x00,0xe6,0xff,0xff,0x00,0xe6,0xff,0xff,
	0x00,0xe6,0xff,0xff,0x00,0xe6,0xff,0xff,0x00,0xe6,0xff,0xff,0xff,0xff,0xff,0x00,
	0xff,0xff,0xff,0x00,0x00,0xe6,0xff,0xff,0x00,0xe6,0xff,0xff,0x00,0xe6,0xff,0xff,
	0x00,0xe6,0xff,0xff,0x00,0xe6,0xff,0xff,0x00,0xe6,0xff,0xff,0x00,0xe6,0xff,0xff,
	0x00,0xe6,0xff,0xff,0x00,0xe6,0xff,0xff,0x00,0xe6,0xff,0xff,0x00,0xe6,0xff,0xff,
	0x00,0xe6,0xff,0xff,0x00,0xe6,0xff,0xff,0x00,0xe6,0xff,0xff,0x00,0xe6,0xff,0xff,
	0x00,0xe6,0xff,0xff,0x00,0xe6,0xff,0xff,0x00,0xe6,0xff,0xff,0xff,0xff,0xff,0x00,
	0xff,0xff,0xff,0x00,0x00,0xe6,0xff,0xff,0x00,0xe6,0xff,0xff,0x00,0xe6,0xff,0xff,
	0x00,0xe6,0xff,0xff,0x00,0xe6,0xff,0xff,0x00,0xe6,0xff,0xff,0x00,0xe6,0xff,0xff,
	0x00,0xe6,0xff,0xff,0x00,0xe6,0xff,0xff,0x00,0xe6,0xff,0xff,0x00,0xe6,0xff,0xff,
	0x00,0xe6,0xff,0xff,0x00,0xe6,0xff,0xff,0x00,0xe6,0xff,0xff,0x00,0xe6,0xff,0xff,
	0x00,0xe6,0xff,0xff,0x00,0xe6,0xff,0xff,0x00,0xe6,0xff,0xff,0xff,0xff,0xff,0x00,
	0xff,0xff,0xff,0x00,0x00,0xe6,0xff,0xff,0x00,0xe6,0xff,0xff,0x00,0xe6,0xff,0xff,
	0x00,0xe6,0xff,0xff,0x00,0xe6,0xff,0xff,0x00,0xe6,0xff,0xff,0x00,0xe6,0xff,0xff,
	0x00,0xe6,0xff,0xff,0x00,0xe6,0xff,0xff,0x00,0xe6,0xff,0xff,0x00,0xe6,0xff,0xff,
	0x00,0xe6,0xff,0xff,0x00,0xe6,0xff,0xff,0x00,0xe6,0xff,0xff,0x00,0xe6,0xff,0xff,
	0x00,0xe6,0xff,0xff,0x00,0xe6,0xff,0xff,0x00,0xe6,0xff,0xff,0xff,0xff,0xff,0x00,
	0xff,0xff,0xff,0x00,0xff,0xa6,0x00,0xff,0xff,0xa6,0x00,0xff,0xff,0xa6,0x00,0xff,
	0xff,0xa6,0x00,0xff,0xff,0xa6,0x00,0xff,0xff,0xa6,0x00,0xff,0xff,0xa6,0x00,0xff,
	0xff,0xa6,0x00,0xff,0xff,0xa6,0x00,0xff,0xff,0xa6,0x00,0xff,0xff,0xa6,0x00,0xff,
	0xff,0xa6,0x00,0xff,0xff,0xa6,0x00,0xff,0xff,0xa6,0x00,0xff,0xff,0xa6,0x00,0xff,
	0xff,0xa6,0x00,0xff,0xff,0xa6,0x00,0xff,0xff,0xa6,0x00,0xff,0xff,0xff,0xff,0x00,
	0xff,0xff,0xff,0x00,0xff,0xa6,0x00,0xff,0xff,0xa6,0x00,0xff,0xff,0xa6,0x00,0xff,
	0xff,0xa6,0x00,0xff,0xff,0xa6,0x00,0xff,0xff,0xa6,0x00,0xff,0xff,0xa6,0x00,0xff,
	0xff,0xa6,0x00,0xff,0xff,0xa6,0x00,0xff,0xff,0xa6,0x00,0xff,0xff,0xa6,0x00,0xff,
	0xff,0xa6,0x00,0xff,0xff,0xa6,0x00,0xff,0xff,0xa6,0x00,0xff,0xff,0xa6,0x00,0xff,
	0xff,0xa6,0x00,0xff,0xff,0xa6,0x00,0xff,0xff,0xa6,0x00,0xff,0xff,0xff,0xff,0x00,
	0xff,0xff,0xff,0x00,0xff,0xa6,0x00,0xff,0xff,0xa6,0x00,0xff,0xff,0xa6,0x00,0xff,
	0xff,0xff,0xff,0xff,0x00,0x00,0xc3,0xff,0x00,0x00,0xc3,0xff,0x00,0x00,0xc3,0xff,
	0xff,0xa6,0x00,0xff,0xff,0xa6,0x00,0xff,0xff,0xa6,0x00,0xff,0xff,0xa6,0x00,0xff,
	0x00,0x00,0xc3,0xff,0x00,0x00,0xc3,0xff,0x00,0x00,0xc3,0xff,0xff,0xff,0xff,0xff,
	0xff,0xa6,0x00,0xff,0xff,0xa6,0x00,0xff,0xff,0xa6,0x00,0xff,0xff,0xff,0xff,0x00,
	0xff,0xff,0xff,0x00,0xff,0xa6,0x00,0xff,0xff,0xa6,0x00,0xff,0xff,0xa6,0x00,0xff,
	0xff,0xff,0xff,0xff,0x00,0x00,0xc3,0xff,0x00,0x00,0xc3,0xff,0x00,0x00,0xc3,0xff,
	0xff,0xa6,0x00,0xff,0xff,0xa6,0x00,0xff,0xff,0xa6,0x00,0xff,0xff,0xa6,0x00,0xff,
	0x00,0x00,0xc3,0xff,0x00,0x00,0xc3,0xff,0x00,0x00,0xc3,0xff,0xff,0xff,0xff,0xff,
	0xff,0xa6,0x00,0xff,0xff,0xa6,0x00,0xff,0xff,0xa6,0x00,0xff,0xff,0xff,0xff,0x00,
	0xff,0xff,0xff,0x00,0xff,0xa6,0x00,0xff,0xff,0xa6,0x00,0xff,0xff,0xa6,0x00,0xff,
	0xff,0xa6,0x00,0xff,0xff,0xa6,0x00,0xff,0xff,0xa6,0x00,0xff,0xff,0xa6,0x00,0xff,
	0xff,0xa6,0x00,0xff,0xff,0xa6,0x00,0xff,0xff,0xa6,0x00,0xff,0xff,0xa6,0x00,0xff,
	0xff,0xa6,0x00,0xff,0xff,0xa6,0x00,0xff,0xff,0xa6,0x00,0xff,0xff,0xa6,0x00,0xff,
	0xff,0xa6,0x00,0xff,0xff,0xa6,0x00,0xff,0xff,0xa6,0x00,0xff,0xff,0xff,0xff,0x00,
	0xff,0xff,0xff,0x00,0xff,0xa6,0x00,0xff,0xff,0xa6,0x00,0xff,0xff,0xa6,0x00,0xff,
	0xff,0xa6,0x00,0xff,0xff,0xa6,0x00,0xff,0xff,0xa6,0x00,0xff,0xff,0xa6,0x00,0xff,
	0xff,0xa6,0x00,0xff,0xff,0xa6,0x00,0xff,0xff,0xa6,0x00,0xff,0xff,0xa6,0x00,0xff,
	0xff,0xa6,0x00,0xff,0xff,0xa6,0x00,0xff,0xff,0xa6,0x00,0xff,0xff,0xa6,0x00,0xff,
	0xff,0xa6,0x00,0xff,0xff,0xa6,0x00,0xff,0xff,0xa6,0x00,0xff,0xff,0xff,0xff,0x00,
	0xff,0xff,0xff,0x00,0xff,0xa6,0x00,0xff,0xff,0xa6,0x00,0xff,0xff,0xa6,0x00,0xff,
	0xff,0xa6,0x00,0xff,0xff,0xa6,0x00,0xff,0xff,0xa6,0x00,0xff,0xff,0xa6,0x00,0xff,
	0xff,0xa6,0x00,0xff,0xff,0xa6,0x00,0xff,0xff,0xa6,0x00,0xff,0xff,0xa6,0x00,0xff,
	0xff,0xa6,0x00,0xff,0xff,0xa6,0x00,0xff,0xff,0xa6,0x00,0xff,0xff,0xa6,0x00,0xff,
	0xff,0xa6,0x00,0xff,0xff,0xa6,0x00,0xff,0xff,0xa6,0x00,0xff,0xff,0xff,0xff,0x00,
	0xff,0xff,0xff,0x00,0xff,0xa6,0x00,0xff,0xff,0xa6,0x00,0xff,0xff,0xa6,0x00,0xff,
	0xff,0xa6,0x00,0xff,0xff,0xa6,0x00,0xff,0xff,0xa6,0x00,0xff,0xff,0xa6,0x00,0xff,
	0xff,0xa6,0x00,0xff,0xff,0xa6,0x00,0xff,0xff,0xa6,0x00,0xff,0xff,0xa6,0x00,0xff,
	0xff,0xa6,0x00,0xff,0xff,0xa6,0x00,0xff,0xff,0xa6,0x00,0xff,0xff,0xa6,0x00,0xff,
	0xff,0xa6,0x00,0xff,0xff,0xa6,0x00,0xff,0xff,0xa6,0x00,0xff,0xff,0xff,0xff,0x00,
	0xff,0xff,0xff,0x00,0xff,0xff,0xff,0x00,0xff,0xff,0xff,0x00,0xff,0xff,0xff,0x00,
	0xff,0xff,0xff,0x00,0xff,0xff,0xff,0x00,0xff,0xff,0xff,0x00,0xff,0xff,0xff,0x00,
	0xff,0xff,0xff,0x00,0xff,0xff,0xff,0x00,0xff,0xff,0xff,0x00,0xff,0xff,0xff,0x00,
	0xff,0xff,0xff,0x00,0xff,0xff,0xff,0x00,0xff,0xff,0xff,0x00,0xff,0xff,0xff,0x00,
	0xff,0xff,0xff,0x00,0xff,0xff,0xff,0x00,0xff,0xff,0xff,0x00,0xff,0xff,0xff,0x00,
	0xff,0xff,0xff,0x00,0xff,0xff,0xff,0x00,0xff,0xff,0xff,0x00,0xff,0xff,0xff,0x00,
	0xff,0xff,0xff,0xff,0x00,0x00,0xc3,0xff,0x00,0x00,0xc3,0xff,0x00,0x00,0xc3,0xff,
	0xff,0xff,0xff,0x00,0xff,0xff,0xff,0x00,0xff,0xff,0xff,0x00,0xff,0xff,0xff,0x00,
	0x00,0x00,0xc3,0xff,0x00,0x00,0xc3,0xff,0x00,0x00,0xc3,0xff,0xff,0xff,0xff,0xff,
	0xff,0xff,0xff,0x00,0xff,0xff,0xff,0x00,0xff,0xff,0xff,0x00,0xff,0xff,0xff,0x00,
	0xff,0xff,0xff,0x00,0xff,0xff,0xff,0x00,0xff,0xff,0xff,0x00,0xff,0xff,0xff,0x00,
	0xff,0xff,0xff,0x00,0xff,0xff,0xff,0x00,0xff,0xff,0xff,0x00,0xff,0xff,0xff,0x00,
	0xff,0xff,0xff,0x00,0xff,0xff,0xff,0x00,0xff,0xff,0xff,0x00,0xff,0xff,0xff,0x00,
	0xff,0xff,0xff,0x00,0xff,0xff,0xff,0x00,0xff,0xff,0xff,0x00,0xff,0xff,0xff,0x00,
	0xff,0xff,0xff,0x00,0xff,0xff,0xff,0x00,0xff,0xff,0xff,0x00,0xff,0xff,0xff,0x00,
	0xff,0xff,0xff,0x00,0xff,0xff,0xff,0x00,0xff,0xff,0xff,0x00,0xff,0xff,0xff,0x00,
	0xff,0xff,0xff,0x00,0xff,0xff,0xff,0x00,0xff,0xff,0xff,0x00,0xff,0xff,0xff,0x00,
	0xff,0xff,0xff,0x00,0xff,0xff,0xff,0x00,0xff,0xff,0xff,0x00,0xff,0xff,0xff,0x00,
	0xff,0xff,0xff,0x00,0xff,0xff,0xff,0x00,0xff,0xff,0xff,0x00,0xff,0xff,0xff,0x00,
	0xff,0xff,0xff,0x00,0xff,0xff,0xff,0x00,0xff,0xff,0xff,0x00,0xff,0xff,0xff,0x00,
	0xff,0xff,0xff,0x00,0x00,0x00,0xc3,0xff,0x00,0x00,0xc3,0xff,0x00,0x00,0xc3,0xff,
	0xff,0xff,0xff,0xff,0xff,0xff,0xff,0xff,0x00,0x00,0xc3,0xff,0x00,0x00,0xc3,0xff,
	0x00,0x00,0xc3,0xff,0xff,0xff,0xff,0xff,0xff,0xff,0xff,0xff,0x00,0x00,0xc3,0xff,
	0x00,0x00,0xc3,0xff,0x00,0x00,0xc3,0xff,0xff,0xff,0xff,0xff,0xff,0xff,0xff,0xff,
	0x00,0x00,0xc3,0xff,0x00,0x00,0xc3,0xff,0x00,0x00,0xc3,0xff,0xff,0xff,0xff,0x00,
	0xff,0xff,0xff,0x00,0x00,0x00,0xc3,0xff,0x00,0x00,0xc3,0xff,0x00,0x00,0xc3,0xff,
	0xff,0xff,0xff,0xff,0xff,0xff,0xff,0xff,0x00,0x00,0xc3,0xff,0x00,0x00,0xc3,0xff,
	0x00,0x00,0xc3,0xff,0xff,0xff,0xff,0xff,0xff,0xff,0xff,0xff,0x00,0x00,0xc3,0xff,
	0x00,0x00,0xc3,0xff,0x00,0x00,0xc3,0xff,0xff,0xff,0xff,0xff,0xff,0xff,0xff,0xff,
	0x00,0x00,0xc3,0xff,0x00,0x00,0xc3,0xff,0x00,0x00,0xc3,0xff,0xff,0xff,0xff,0x00,
	0xff,0xff,0xff,0x00,0xff,0xff,0xff,0xff,0xff,0xff,0xff,0xff,0xff,0xff,0xff,0xff,
	0x00,0x00,0xc3,0xff,0x00,0x00,0xc3,0xff,0xff,0xff,0xff,0xff,0xff,0xff,0xff,0xff,
	0xff,0xff,0xff,0xff,0x00,0x00,0xc3,0xff,0x00,0x00,0xc3,0xff,0xff,0xff,0xff,0xff,
	0xff,0xff,0xff,0xff,0xff,0xff,0xff,0xff,0x00,0x00,0xc3,0xff,0x00,0x00,0xc3,0xff,
	0xff,0xff,0xff,0xff,0xff,0xff,0xff,0xff,0xff,0xff,0xff,0xff,0xff,0xff,0xff,0x00,
	0xff,0xff,0xff,0x00,0xff,0xff,0xff,0xff,0xff,0xff,0xff,0xff,0xff,0xff,0xff,0xff,
	0x00,0x00,0xc3,0xff,0x00,0x00,0xc3,0xff,0xff,0xff,0xff,0xff,0xff,0xff,0xff,0xff,
	0xff,0xff,0xff,0xff,0x00,0x00,0xc3,0xff,0x00,0x00,0xc3,0xff,0xff,0xff,0xff,0xff,
	0xff,0xff,0xff,0xff,0xff,0xff,0xff,0xff,0x00,0x00,0xc3,0xff,0x00,0x00,0xc3,0xff,
	0xff,0xff,0xff,0xff,0xff,0xff,0xff,0xff,0xff,0xff,0xff,0xff,0xff,0xff,0xff,0x00,
	0xff,0xff,0xff,0x00,0xff,0x00,0x00,0xff,0xff,0x00,0x00,0xff,0xff,0x00,0x00,0xff,
	0xff,0x00,0x00,0xff,0xe6,0xe6,0xff,0xff,0xe6,0xe6,0xff,0xff,0xff,0xff,0xff,0x00,
	0xff,0x00,0x00,0xff,0xff,0x00,0x00,0xff,0xff,0x00,0x00,0xff,0xff,0x00,0x00,0xff,
	0xff,0x00,0x00,0xff,0xff,0x00,0x00,0xff,0xff,0x00,0x00,0xff,0xff,0x00,0x00,0xff,
	0xff,0x00,0x00,0xff,0xff,0x00,0x00,0xff,0xff,0xff,0xff,0x00,0xff,0xff,0xff,0x00,
	0xff,0xff,0xff,0x00,0xff,0xff,0xff,0x00,0xff,0x00,0x00,0xff,0xff,0x00,0x00,0xff,
	0xff,0x00,0x00,0xff,0xff,0x00,0x00,0xff,0xff,0x00,0x00,0xff,0xff,0x00,0x00,0xff,
	0xff,0x00,0x00,0xff,0xff,0x00,0x00,0xff,0xff,0x00,0x00,0xff,0xff,0x00,0x00,0xff,
	0xff,0x00,0x00,0xff,0xff,0x00,0x00,0xff,0xff,0x00,0x00,0xff,0xff,0x00,0x00,0xff,
	0xff,0x00,0x00,0xff,0xff,0xff,0xff,0x00,0xff,0xff,0xff,0x00,0xff,0xff,0xff,0x00,
	0xff,0xff,0xff,0x00,0xff,0xff,0xff,0x00,0xf9,0xbc,0x54,0xff,0xf9,0xbc,0x54,0xff,
	0xf9,0xbc,0x54,0xff,0xf9,0xbc,0x54,0xff,0xf9,0xbc,0x54,0xff,0xf9,0xbc,0x54,0xff,
	0xf9,0xbc,0x54,0xff,0xf9,0xbc,0x54,0xff,0xf9,0xbc,0x54,0xff,0xf9,0xbc,0x54,0xff,
	0xf9,0xbc,0x54,0xff,0xf9,0xbc,0x54,0xff,0xf9,0xbc,0x54,0xff,0xf9,0xbc,0x54,0xff,
	0xf9,0xbc,0x54,0xff,0xc3,0x75,0x00,0xff,0xff,0xff,0xff,0x00,0xff,0xff,0xff,0x00,
	0xff,0xff,0xff,0x00,0xff,0xff,0xff,0x00,0xff,0x00,0x00,0xff,0xff,0x00,0x00,0xff,
	0xff,0x00,0x00,0xff,0xff,0x00,0x00,0xff,0xff,0x00,0x00,0xff,0xff,0x00,0x00,0xff,
	0xff,0x00,0x00,0xff,0xff,0x00,0x00,0xff,0xff,0x00,0x00,0xff,0xff,0x00,0x00,0xff,
	0xff,0x00,0x00,0xff,0xff,0x00,0x00,0xff,0xff,0x00,0x00,0xff,0xff,0x00,0x00,0xff,
	0xff,0x00,0x00,0xff,0xa6,0x00,0x00,0xff,0xff,0xff,0xff,0x00,0xff,0xff,0xff,0x00,
	0xff,0xff,0xff,0x00,0xff,0xff,0xff,0x00,0x00,0xff,0x00,0xff,0x00,0xff,0x00,0xff,
	0xe6,0xe6,0xff,0xff,0x54,0xc3,0xe3,0xff,0x54,0xc3,0xe3,0xff,0x00,0xff,0x00,0xff,
	0x00,0xff,0x00,0xff,0x00,0xff,0x00,0xff,0x00,0xff,0x00,0xff,0x54,0xc3,0xe3,0xff,
	0x00,0xff,0x00,0xff,0x00,0xff,0x00,0xff,0x00,0xff,0x00,0xff,0x00,0xff,0x00,0xff,
	0x00,0xff,0x00,0xff,0x00,0xff,0x00,0xff,0xff,0xff,0xff,0x00,0xff,0xff,0xff,0x00,
	0xff,0xff,0xff,0x00,0xff,0xff,0xff,0x00,0xff,0xff,0xff,0x00,0xff,0xff,0xff,0x00,
	0xff,0xff,0xff,0x00,0x29,0x29,0xff,0xff,0x29,0x29,0xff,0xff,0x29,0x29,0xff,0xff,
	0xff,0xff,0xff,0x00,0xff,0xff,0x00,0xff,0xff,0xff,0x00,0xff,0xff,0xff,0xff,0x00,
	0x29,0x29,0xff,0xff,0x29,0x29,0xff,0xff,0x29,0x29,0xff,0xff,0xff,0xff,0xff,0x00,
	0xff,0xff,0xff,0x00,0xff,0xff,0xff,0x00,0xff,0xff,0xff,0x00,0xff,0xff,0xff,0x00,
	0xff,0xff,0xff,0x00,0xff,0xff,0xff,0x00,0xff,0xff,0x00,0xff,0xff,0xff,0x00,0xff,
	0xff,0xff,0xff,0x00,0xff,0xff,0x00,0xff,0xff,0xff,0x00,0xff,0xff,0xff,0x00,0xff,
	0xff,0xff,0x00,0xff,0xff,0xff,0x00,0xff,0xff,0xff,0x00,0xff,0xff,0xff,0x00,0xff,
	0xff,0xff,0x00,0xff,0xff,0xff,0x00,0xff,0xff,0xff,0x00,0xff,0xff,0xff,0x00,0xff,
	0xff,0xff,0x00,0xff,0xff,0xff,0xff,0x00,0xff,0xff,0xff,0x00,0xff,0xff,0xff,0x00,
	0xff,0xff,0xff,0x00,0xff,0xff,0xff,0x00,0xff,0xff,0xff,0x00,0xff,0xff,0xff,0x00,
	0xff,0xff,0xff,0x00,0xff,0xff,0xff,0x00,0xff,0xff,0xff,0x00,0xff,0xff,0xff,0x00,
	0xe6,0xe6,0xff,0xff,0xff,0xff,0xff,0x00,0xff,0xff,0xff,0x00,0xe6,0xe6,0xff,0xff,
	0xff,0xff,0xff,0x00,0xff,0xff,0xff,0x00,0xff,0xff,0xff,0x00,0xff,0xff,0xff,0x00,
	0xff,0xff,0xff,0x00,0xff,0xff,0xff,0x00,0xff,0xff,0xff,0x00,0xff,0xff,0xff,0x00,
	0xff,0xff,0xff,0x00,0xff,0xff,0xff,0x00,0xff,0xff,0xff,0x00,0x00,0xe6,0xff,0xff,
	0x00,0xe6,0xff,0xff,0x00,0xe6,0xff,0xff,0x00,0xe6,0xff,0xff,0xff,0xff,0xff,0x00,
	0xff,0xff,0xff,0x00,0x00,0xe6,0xff,0xff,0x00,0xe6,0xff,0xff,0xff,0xff,0xff,0x00,
	0xff,0xff,0xff,0x00,0xff,0xff,0xff,0x00,0x00,0xe6,0xff,0xff,0x00,0xe6,0xff,0xff,
	0xff,0xff,0xff,0x00,0xff,0xff,0xff,0x00,0xff,0xff,0xff,0x00,0xff,0xff,0xff,0x00,
	0xff,0xff,0xff,0x00,0xff,0xff,0xff,0x00,0xff,0xff,0xff,0x00,0xff,0xff,0xff,0x00,
	0xff,0xff,0xff,0x00,0x00,0xe6,0xff,0xff,0xff,0xff,0xff,0x00,0xff,0xff,0xff,0x00,
	0xff,0xff,0xff,0x00,0x00,0xe6,0xff,0xff,0x00,0xe6,0xff,0xff,0xff,0xff,0xff,0x00,
	0xff,0xff,0xff,0x00,0xff,0xff,0xff,0x00,0x00,0xe6,0xff,0xff,0x00,0xe6,0xff,0xff,
	0xff,0xff,0xff,0x00,0xff,0xff,0xff,0x00,0xff,0xff,0xff,0x00,0xff,0xff,0xff,0x00,
	0xff,0xff,0xff,0x00,0xff,0xff,0xff,0x00,0xff,0xff,0xff,0x00,0xff,0xff,0xff,0x00,
	0x00,0xe6,0xff,0xff,0x00,0xe6,0xff,0xff,0xff,0xff,0xff,0x00,0xff,0xff,0xff,0x00,
	0xff,0xff,0xff,0x00,0x00,0xe6,0xff,0xff,0x00,0xe6,0xff,0xff,0xff,0xff,0xff,0x00,
	0xff,0xff,0xff,0x00,0xff,0xff,0xff,0x00,0x00,0xe6,0xff,0xff,0x00,0xe6,0xff,0xff,
	0xff,0xff,0xff,0x00,0xff,0xff,0xff,0x00,0xff,0xff,0xff,0x00,0xff,0xff,0xff,0x00,
	0xff,0xff,0xff,0x00,0xff,0xff,0xff,0x00,0x00,0xe6,0xff,0xff,0xff,0xff,0xff,0x00,
	0xff,0xff,0xff,0x00,0x00,0xe6,0xff,0xff,0x00,0xe6,0xff,0xff,0xff,0xff,0xff,0x00,
	0xff,0xff,0xff,0x00,0xff,0xff,0xff,0x00,0x00,0xe6,0xff,0xff,0x00,0xe6,0xff,0xff,
	0xff,0xff,0xff,0x00,0xff,0xff,0xff,0x00,0xff,0xff,0xff,0x00,0x00,0xe6,0xff,0xff,
	0x00,0xe6,0xff,0xff,0xff,0xff,0xff,0x00,0xff,0xff,0xff,0x00,0xff,0xff,0xff,0x00,
	0xff,0xff,0xff,0x00,0xff,0xff,0xff,0x00,0xff,0xff,0xff,0x00,0xff,0xff,0xff,0x00,
	0xff,0xff,0xff,0x00,0xff,0xff,0xff,0x00,0xff,0xff,0xff,0x00,0xff,0xff,0xff,0x00,
	0xff,0xff,0xff,0x00,0xff,0xff,0xff,0x00,0xff,0xff,0xff,0x00,0xff,0xff,0xff,0x00,
	0xff,0xff,0xff,0x00,0xff,0xff,0xff,0x00,0xff,0xff,0xff,0x00,0xff,0xff,0xff,0x00,
	0xff,0xff,0xff,0x00,0xff,0xff,0xff,0x00,0xff,0xff,0xff,0x00,0xff,0xff,0xff,0x00,
	0xff,0xff,0xff,0x00,0xff,0xff,0xff,0x00,0xff,0xff,0x00,0xff,0xff,0xff,0x00,0xff,
	0xff,0xff,0x00,0xff,0xff,0xff,0x00,0xff,0xff,0xff,0x00,0xff,0xff,0xff,0x00,0xff,
	0xff,0xff,0x00,0xff,0xff,0xff,0x00,0xff,0xff,0xff,0x00,0xff,0xff,0xff,0x00,0xff,
	0xff,0xff,0x00,0xff,0xff,0xff,0x00,0xff,0xff,0xff,0x00,0xff,0xff,0xff,0x00,0xff,
	0xff,0xff,0x00,0xff,0xff,0xff,0x00,0xff,0xff,0xff,0xff,0x00,0xff,0xff,0xff,0x00,
	0xff,0xff,0xff,0x00,0xff,0xff,0xff,0x00,0xff,0xff,0x00,0xff,0xff,0xff,0x00,0xff,
	0xff,0xff,0x00,0xff,0xff,0xff,0x00,0xff,0xff,0xff,0x00,0xff,0xff,0xff,0x00,0xff,
	0xff,0xff,0x00,0xff,0xff,0xff,0x00,0xff,0xff,0xff,0x00,0xff,0xff,0xff,0x00,0xff,
	0xff,0xff,0x00,0xff,0xff,0xff,0x00,0xff,0xff,0xff,0x00,0xff,0xff,0xff,0x00,0xff,
	0xff,0xff,0x00,0xff,0xff,0xff,0x00,0xff,0xff,0xff,0xff,0x00,0xff,0xff,0xff,0x00,
	0xff,0xff,0xff,0x00,0xff,0xff,0xff,0x00,0xff,0xff,0xff,0x00,0xff,0xff,0xff,0x00,
	0xff,0xff,0xff,0x00,0xff,0xff,0xff,0x00,0xff,0xff,0xff,0x00,0xff,0xff,0xff,0x00,
	0xff,0xff,0x00,0xff,0xff,0xff,0x00,0xff,0xff,0xff,0x00,0xff,0xff,0xff,0x00,0xff,
	0xff,0xff,0x00,0xff,0xff,0xff,0x00,0xff,0xff,0xff,0x00,0xff,0xff,0xff,0x00,0xff,
	0xff,0xff,0x00,0xff,0xff,0xff,0x00,0xff,0xff,0xff,0xff,0x00,0xff,0xff,0xff,0x00,
	0xff,0xff,0xff,0x00,0xff,0xff,0xff,0x00,0xff,0xff,0x00,0xff,0xff,0xff,0x00,0xff,
	0xff,0xff,0x00,0xff,0xff,0xff,0x00,0xff,0xff,0xff,0x00,0xff,0xff,0xff,0x00,0xff,
	0xff,0xff,0xff,0x00,0xff,0xff,0xff,0x00,0xff,0xff,0xff,0x00,0xff,0xff,0xff,0x00,
	0xff,0xff,0x00,0xff,0xff,0xff,0x00,0xff,0xff,0xff,0x00,0xff,0xff,0xff,0x00,0xff,
	0xff,0xff,0x00,0xff,0xff,0xff,0x00,0xff,0xff,0xff,0xff,0x00,0xff,0xff,0xff,0x00,
	0xff,0xff,0xff,0x00,0xff,0xff,0xff,0x00,0xff,0xff,0x00,0xff,0xff,0xff,0x00,0xff,
	0xff,0xff,0x00,0xff,0xff,0xff,0xff,0x00,0xff,0xff,0xff,0x00,0xff,0xff,0xff,0x00,
	0xff,0xff,0xff,0x00,0xff,0xff,0xff,0x00,0xff,0xff,0xff,0x00,0xff,0xff,0xff,0x00,
	0xff,0xff,0xff,0x00,0xff,0xff,0xff,0x00,0xff,0xff,0xff,0x00,0xff,0xff,0x00,0xff,
	0xff,0xff,0x00,0xff,0xff,0xff,0x00,0xff,0xff,0xff,0xff,0x00,0xff,0xff,0xff,0x00,
	0xff,0xff,0xff,0x00,0xff,0xff,0xff,0x00,0xff,0xff,0x00,0xff,0xff,0xff,0x00,0xff,
	0xff,0xff,0x00,0xff,0xff,0xff,0x00,0xff,0xff,0xff,0x00,0xff,0xff,0xff,0x00,0xff,
	0xff,0xff,0x00,0xff,0xff,0xff,0x00,0xff,0xff,0xff,0x00,0xff,0xff,0xff,0x00,0xff,
	0xff,0xff,0x00,0xff,0xff,0xff,0x00,0xff,0xff,0xff,0x00,0xff,0xff,0xff,0x00,0xff,
	0xff,0xff,0x00,0xff,0xff,0xff,0x00,0xff,0xff,0xff,0xff,0x00,0xff,0xff,0xff,0x00,
	0xff,0xff,0xff,0x00,0xff,0xff,0xff,0x00,0xff,0xff,0x00,0xff,0xff,0xff,0x00,0xff,
	0xff,0xff,0x00,0xff,0xff,0xff,0x00,0xff,0xff,0xff,0x00,0xff,0xff,0xff,0x00,0xff,
	0xff,0xff,0x00,0xff,0xff,0xff,0x00,0xff,0xff,0xff,0x00,0xff,0xff,0xff,0x00,0xff,
	0xff,0xff,0xff,0x00,0xff,0xff,0xff,0x00,0xff,0xff,0xff,0x00,0xff,0xff,0xff,0x00,
	0xff,0xff,0xff,0x00,0xff,0xff,0xff,0x00,0xff,0xff,0xff,0x00,0xff,0xff,0xff,0x00,
	0xff,0xff,0xff,0x00,0xff,0xff,0xff,0x00,0xff,0xff,0x00,0xff,0xff,0xff,0x00,0xff,
	0xff,0xff,0x00,0xff,0xff,0xff,0x00,0xff,0xff,0xff,0x00,0xff,0xff,0xff,0x00,0xff,
	0xff,0xff,0x00,0xff,0xff,0xff,0x00,0xff,0xff,0xff,0x00,0xff,0xff,0xff,0x00,0xff,
	0xff,0xff,0x00,0xff,0xff,0xff,0x00,0xff,0xff,0xff,0x00,0xff,0xff,0xff,0x00,0xff,
	0xff,0xff,0x00,0xff,0xff,0xff,0x00,0xff,0xff,0xff,0xff,0x00,0xff,0xff,0xff,0x00,
	0xff,0xff,0xff,0x00,0xff,0xff,0xff,0x00,0xff,0xff,0x00,0xff,0xff,0xff,0x00,0xff,
	0xff,0xff,0x00,0xff,0xff,0xff,0x00,0xff,0xff,0xff,0x00,0xff,0xff,0xff,0x00,0xff,
	0xff,0xff,0x00,0xff,0xff,0xff,0x00,0xff,0xff,0xff,0x00,0xff,0xff,0xff,0x00,0xff,
	0xff,0xff,0x00,0xff,0xff,0xff,0x00,0xff,0xff,0xff,0x00,0xff,0xff,0xff,0x00,0xff,
	0xff,0xff,0x00,0xff,0xff,0xff,0x00,0xff,0xff,0xff,0xff,0x00,0xff,0xff,0xff,0x00,
	0xff,0xff,0xff,0x00,0xff,0xff,0xff,0x00,0xff,0xff,0x00,0xff,0xff,0xff,0x00,0xff,
	0xff,0xff,0x00,0xff,0xff,0xff,0x00,0xff,0xff,0xff,0x00,0xff,0xff,0xff,0x00,0xff,
	0xff,0xff,0x00,0xff,0xff,0xff,0x00,0xff,0xff,0xff,0x00,0xff,0xff,0xff,0x00,0xff,
	0xff,0xff,0x00,0xff,0xff,0xff,0x00,0xff,0xff,0xff,0x00,0xff,0xff,0xff,0x00,0xff,
	0xff,0xff,0x00,0xff,0xff,0xff,0x00,0xff,0xff,0xff,0xff,0x00,0xff,0xff,0xff,0x00,
	0xff,0xff,0xff,0x00,0xff,0xff,0xff,0x00,0xff,0xff,0x00,0xff,0xff,0xff,0x00,0xff,
	0xff,0xff,0x00,0xff,0xff,0xff,0x00,0xff,0xff,0xff,0x00,0xff,0xff,0xff,0x00,0xff,
	0xff,0xff,0x00,0xff,0xff,0xff,0x00,0xff,0xff,0xff,0x00,0xff,0xff,0xff,0x00,0xff,
	0xff,0xff,0x00,0xff,0xff,0xff,0x00,0xff,0xff,0xff,0x00,0xff,0xff,0xff,0x00,0xff,
	0xff,0xff,0x00,0xff,0xff,0xff,0x00,0xff,0xff,0xff,0xff,0x00,0xff,0xff,0xff,0x00,
	0xff,0xff,0xff,0x00,0xff,0xff,0xff,0x00,0xff,0xff,0xff,0x00,0xff,0xff,0x00,0xff,
	0xff,0xff,0x00,0xff,0xff,0xff,0x00,0xff,0xff,0xff,0x00,0xff,0xff,0xff,0x00,0xff,
	0xff,0xff,0x00,0xff,0xff,0xff,0x00,0xff,0xff,0xff,0x00,0xff,0xff,0xff,0x00,0xff,
	0xff,0xff,0x00,0xff,0xff,0xff,0x00,0xff,0xff,0xff,0x00,0xff,0xff,0xff,0x00,0xff,
	0xff,0xff,0x00,0xff,0xff,0xff,0xff,0x00,0xff,0xff,0xff,0x00,0xff,0xff,0xff,0x00,
	0xff,0xff,0xff,0x00,0xff,0xff,0xff,0x00,0xff,0xff,0xff,0x00,0xff,0xff,0xff,0x00,
	0xff,0xff,0xff,0x00,0xff,0xff,0xff,0x00,0xff,0xff,0xff,0x00,0xff,0xff,0x00,0xff,
	0xff,0xff,0x00,0xff,0xff,0xff,0x00,0xff,0xff,0xff,0x00,0xff,0xff,0xff,0x00,0xff,
	0xff,0xff,0x00,0xff,0xff,0xff,0xff,0x00,0xff,0xff,0xff,0x00,0xff,0xff,0xff,0x00,
	0xff,0xff,0xff,0x00,0xff,0xff,0xff,0x00,0xff,0xff,0xff,0x00,0xff,0xff,0xff,0x00,
	0xff,0xff,0xff,0x00,0xff,0xff,0xff,0x00,0xff,0xff,0xff,0x00,0xff,0xff,0xff,0x00,
	0xff,0xff,0xff,0x00,0xff,0xff,0xff,0x00,0xff,0xff,0xff,0x00,0xff,0xff,0xff,0x00,
	0xff,0xff,0x00,0xff,0xff,0xff,0x00,0xff,0xff,0xff,0x00,0xff,0xff,0xff,0x00,0xff,
	0xff,0xff,0xff,0x00,0xff,0xff,0xff,0x00,0xff,0xff,0xff,0x00,0xff,0xff,0xff,0x00,
	0xff,0xff,0xff,0x00,0xff,0xff,0xff,0x00,0xff,0xff,0xff,0x00,0xff,0xff,0xff,0x00,
	0xff,0xff,0xff,0x00,0xff,0xff,0xff,0x00,0xff,0xff,0xff,0x00,0xff,0xff,0x00,0xff,
	0xff,0xff,0xff,0x00,0xff,0xff,0xff,0x00,0xff,0xff,0xff,0x00,0xff,0xff,0x00,0xff,
	0xff,0xff,0xff,0x00,0xff,0xff,0xff,0x00,0xff,0xff,0xff,0x00,0xff,0xff,0x00,0xff,
	0xff,0xff,0xff,0x00,0xff,0xff,0xff,0x00,0xff,0xff,0xff,0x00,0xff,0xff,0x00,0xff,
	0xff,0xff,0xff,0x00,0xff,0xff,0xff,0x00,0xff,0xff,0xff,0x00,0xff,0xff,0xff,0x00,
	0xff,0xff,0xff,0x00,0xff,0x00,0x00,0xff,0xff,0x00,0x00,0xff,0xff,0x00,0x00,0xff,
	0xff,0x00,0x00,0xff,0xff,0x00,0x00,0xff,0xff,0x00,0x00,0xff,0xff,0x00,0x00,0xff,
	0xff,0x00,0x00,0xff,0xff,0x00,0x00,0xff,0xff,0x00,0x00,0xff,0xff,0x00,0x00,0xff,
	0xff,0x00,0x00,0xff,0xff,0x00,0x00,0xff,0xff,0x00,0x00,0xff,0xff,0x00,0x00,0xff,
	0xff,0x00,0x00,0xff,0xff,0x00,0x00,0xff,0xff,0x00,0x00,0xff,0xff,0xff,0xff,0x00,
	0xff,0xff,0xff,0x00,0xff,0x00,0x00,0xff,0xff,0x00,0x00,0xff,0xff,0x00,0x00,0xff,
	0xff,0x00,0x00,0xff,0xff,0x00,0x00,0xff,0xff,0x00,0x00,0xff,0xff,0x00,0x00,0xff,
	0xff,0x00,0x00,0xff,0xff,0x00,0x00,0xff,0xff,0x00,0x00,0xff,0xff,0x00,0x00,0xff,
	0xff,0x00,0x00,0xff,0xff,0x00,0x00,0xff,0xff,0x00,0x00,0xff,0xff,0x00,0x00,0xff,
	0xff,0x00,0x00,0xff,0xff,0x00,0x00,0xff,0xff,0x00,0x00,0xff,0xff,0xff,0xff,0x00,
	0xff,0xff,0xff,0x00,0xff,0x00,0x00,0xff,0xff,0x00,0x00,0xff,0xff,0x00,0x00,0xff,
	0xff,0x00,0x00,0xff,0x00,0x00,0xc3,0xff,0x00,0x00,0xc3,0xff,0x00,0x00,0xc3,0xff,
	0xff,0x00,0x00,0xff,0xff,0x00,0x00,0xff,0xff,0x00,0x00,0xff,0xff,0x00,0x00,0xff,
	0x00,0x00,0xc3,0xff,0x00,0x00,0xc3,0xff,0x00,0x00,0xc3,0xff,0xff,0x00,0x00,0xff,
	0xff,0x00,0x00,0xff,0xff,0x00,0x00,0xff,0xff,0x00,0x00,0xff,0xff,0xff,0xff,0x00,
	0xff,0xff,0xff,0x00,0xff,0x00,0x00,0xff,0xff,0x00,0x00,0xff,0xff,0x00,0x00,0xff,
	0xff,0x00,0x00,0xff,0x00,0x00,0xc3,0xff,0x00,0x00,0xc3,0xff,0x00,0x00,0xc3,0xff,
	0xff,0x00,0x00,0xff,0xff,0x00,0x00,0xff,0xff,0x00,0x00,0xff,0xff,0x00,0x00,0xff,
	0x00,0x00,0xc3,0xff,0x00,0x00,0xc3,0xff,0x00,0x00,0xc3,0xff,0xff,0x00,0x00,0xff,
	0xff,0x00,0x00,0xff,0xff,0x00,0x00,0xff,0xff,0x00,0x00,0xff,0xff,0xff,0xff,0x00,
	0xff,0xff,0xff,0x00,0xff,0x00,0x00,0xff,0xff,0x00,0x00,0xff,0xff,0x00,0x00,0xff,
	0xff,0x00,0x00,0xff,0xff,0x00,0x00,0xff,0xff,0x00,0x00,0xff,0xff,0x00,0x00,0xff,
	0xff,0x00,0x00,0xff,0xff,0x00,0x00,0xff,0xff,0x00,0x00,0xff,0xff,0x00,0x00,0xff,
	0xff,0x00,0x00,0xff,0xff,0x00,0x00,0xff,0xff,0x00,0x00,0xff,0xff,0x00,0x00,0xff,
	0xff,0x00,0x00,0xff,0xff,0x00,0x00,0xff,0xff,0x00,0x00,0xff,0xff,0xff,0xff,0x00,
	0xff,0xff,0xff,0x00,0xff,0x00,0x00,0xff,0xff,0x00,0x00,0xff,0xff,0x00,0x00,0xff,
	0xff,0x00,0x00,0xff,0xff,0x00,0x00,0xff,0xff,0x00,0x00,0xff,0xff,0x00,0x00,0xff,
	0xff,0x00,0x00,0xff,0xff,0x00,0x00,0xff,0xff,0x00,0x00,0xff,0xff,0x00,0x00,0xff,
	0xff,0x00,0x00,0xff,0xff,0x00,0x00,0xff,0xff,0x00,0x00,0xff,0xff,0x00,0x00,0xff,
	0xff,0x00,0x00,0xff,0xff,0x00,0x00,0xff,0xff,0x00,0x00,0xff,0xff,0xff,0xff,0x00,
	0xff,0xff,0xff,0x00,0xff,0x00,0x00,0xff,0xff,0x00,0x00,0xff,0xff,0x00,0x00,0xff,
	0xff,0x00,0x00,0xff,0xff,0x00,0x00,0xff,0xff,0x00,0x00,0xff,0xff,0x00,0x00,0xff,
	0xff,0x00,0x00,0xff,0xff,0x00,0x00,0xff,0xff,0x00,0x00,0xff,0xff,0x00,0x00,0xff,
	0xff,0x00,0x00,0xff,0xff,0x00,0x00,0xff,0xff,0x00,0x00,0xff,0xff,0x00,0x00,0xff,
	0xff,0x00,0x00,0xff,0xff,0x00,0x00,0xff,0xff,0x00,0x00,0xff,0xff,0xff,0xff,0x00,
	0xff,0xff,0xff,0x00,0xff,0x00,0x00,0xff,0xff,0x00,0x00,0xff,0xff,0x00,0x00,0xff,
	0xff,0x00,0x00,0xff,0xff,0x00,0x00,0xff,0xff,0x00,0x00,0xff,0xff,0x00,0x00,0xff,
	0xff,0x00,0x00,0xff,0xff,0x00,0x00,0xff,0xff,0x00,0x00,0xff,0xff,0x00,0x00,0xff,
	0xff,0x00,0x00,0xff,0xff,0x00,0x00,0xff,0xff,0x00,0x00,0xff,0xff,0x00,0x00,0xff,
	0xff,0x00,0x00,0xff,0xff,0x00,0x00,0xff,0xff,0x00,0x00,0xff,0xff,0xff,0xff,0x00,
	0xff,0xff,0xff,0x00,0xff,0xa6,0xc3,0xff,0xff,0xa6,0xc3,0xff,0xff,0xa6,0xc3,0xff,
	0xff,0xa6,0xc3,0xff,0xff,0xa6,0xc3,0xff,0xff,0xa6,0xc3,0xff,0xff,0xa6,0xc3,0xff,
	0xff,0xa6,0xc3,0xff,0xff,0xa6,0xc3,0xff,0xff,0xa6,0xc3,0xff,0xff,0xa6,0xc3,0xff,
	0xff,0xa6,0xc3,0xff,0xff,0xa6,0xc3,0xff,0xff,0xa6,0xc3,0xff,0xff,0xa6,0xc3,0xff,
	0xff,0xa6,0xc3,0xff,0xff,0xa6,0xc3,0xff,0xff,0xa6,0xc3,0xff,0xff,0xff,0xff,0x00,
	0xff,0xff,0xff,0x00,0xff,0xa6,0xc3,0xff,0xff,0xa6,0xc3,0xff,0xff,0xa6,0xc3,0xff,
	0xff,0xa6,0xc3,0xff,0xff,0xa6,0xc3,0xff,0xff,0xa6,0xc3,0xff,0xff,0xa6,0xc3,0xff,
	0xff,0xa6,0xc3,0xff,0xff,0xa6,0xc3,0xff,0xff,0xa6,0xc3,0xff,0xff,0xa6,0xc3,0xff,
	0xff,0xa6,0xc3,0xff,0xff,0xa6,0xc3,0xff,0xff,0xa6,0xc3,0xff,0xff,0xa6,0xc3,0xff,
	0xff,0xa6,0xc3,0xff,0xff,0xa6,0xc3,0xff,0xff,0xa6,0xc3,0xff,0xff,0xff,0xff,0x00,
	0xff,0xff,0xff,0x00,0xff,0xa6,0xc3,0xff,0xff,0xa6,0xc3,0xff,0xff,0xa6,0xc3,0xff,
	0xff,0xa6,0xc3,0xff,0x00,0x00,0xc3,0xff,0x00,0x00,0xc3,0xff,0x00,0x00,0xc3,0xff,
	0xff,0xa6,0xc3,0xff,0xff,0xa6,0xc3,0xff,0xff,0xa6,0xc3,0xff,0xff,0xa6,0xc3,0xff,
	0x00,0x00,0xc3,0xff,0x00,0x00,0xc3,0xff,0x00,0x00,0xc3,0xff,0xff,0xa6,0xc3,0xff,
	0xff,0xa6,0xc3,0xff,0xff,0xa6,0xc3,0xff,0xff,0xa6,0xc3,0xff,0xff,0xff,0xff,0x00,
	0xff,0xff,0xff,0x00,0xff,0xa6,0xc3,0xff,0xff,0xa6,0xc3,0xff,0xff,0xa6,0xc3,0xff,
	0xff,0xa6,0xc3,0xff,0x00,0x00,0xc3,0xff,0x00,0x00,0xc3,0xff,0x00,0x00,0xc3,0xff,
	0xff,0xa6,0xc3,0xff,0xff,0xa6,0xc3,0xff,0xff,0xa6,0xc3,0xff,0xff,0xa6,0xc3,0xff,
	0x00,0x00,0xc3,0xff,0x00,0x00,0xc3,0xff,0x00,0x00,0xc3,0xff,0xff,0xa6,0xc3,0xff,
	0xff,0xa6,0xc3,0xff,0xff,0xa6,0xc3,0xff,0xff,0xa6,0xc3,0xff,0xff,0xff,0xff,0x00,
	0xff,0xff,0xff,0x00,0xff,0xa6,0xc3,0xff,0xff,0xa6,0xc3,0xff,0xff,0xa6,0xc3,0xff,
	0xff,0xa6,0xc3,0xff,0xff,0xa6,0xc3,0xff,0xff,0xa6,0xc3,0xff,0xff,0xa6,0xc3,0xff,
	0xff,0xa6,0xc3,0xff,0xff,0xa6,0xc3,0xff,0xff,0xa6,0xc3,0xff,0xff,0xa6,0xc3,0xff,
	0xff,0xa6,0xc3,0xff,0xff,0xa6,0xc3,0xff,0xff,0xa6,0xc3,0xff,0xff,0xa6,0xc3,0xff,
	0xff,0xa6,0xc3,0xff,0xff,0xa6,0xc3,0xff,0xff,0xa6,0xc3,0xff,0xff,0xff,0xff,0x00,
	0xff,0xff,0xff,0x00,0xff,0xa6,0xc3,0xff,0xff,0xa6,0xc3,0xff,0xff,0xa6,0xc3,0xff,
	0xff,0xa6,0xc3,0xff,0xff,0xa6,0xc3,0xff,0xff,0xa6,0xc3,0xff,0xff,0xa6,0xc3,0xff,
	0xff,0xa6,0xc3,0xff,0xff,0xa6,0xc3,0xff,0xff,0xa6,0xc3,0xff,0xff,0xa6,0xc3,0xff,
	0xff,0xa6,0xc3,0xff,0xff,0xa6,0xc3,0xff,0xff,0xa6,0xc3,0xff,0xff,0xa6,0xc3,0xff,
	0xff,0xa6,0xc3,0xff,0xff,0xa6,0xc3,0xff,0xff,0xa6,0xc3,0xff,0xff,0xff,0xff,0x00,
	0xff,0xff,0xff,0x00,0xff,0xa6,0xc3,0xff,0xff,0xa6,0xc3,0xff,0xff,0xa6,0xc3,0xff,
	0xff,0xa6,0xc3,0xff,0xff,0xa6,0xc3,0xff,0xff,0xa6,0xc3,0xff,0xff,0xa6,0xc3,0xff,
	0xff,0xa6,0xc3,0xff,0xff,0xa6,0xc3,0xff,0xff,0xa6,0xc3,0xff,0xff,0xa6,0xc3,0xff,
	0xff,0xa6,0xc3,0xff,0xff,0xa6,0xc3,0xff,0xff,0xa6,0xc3,0xff,0xff,0xa6,0xc3,0xff,
	0xff,0xa6,0xc3,0xff,0xff,0xa6,0xc3,0xff,0xff,0xa6,0xc3,0xff,0xff,0xff,0xff,0x00,
	0xff,0xff,0xff,0x00,0xff,0xa6,0xc3,0xff,0xff,0xa6,0xc3,0xff,0xff,0xa6,0xc3,0xff,
	0xff,0xa6,0xc3,0xff,0xff,0xa6,0xc3,0xff,0xff,0xa6,0xc3,0xff,0xff,0xa6,0xc3,0xff,
	0xff,0xa6,0xc3,0xff,0xff,0xa6,0xc3,0xff,0xff,0xa6,0xc3,0xff,0xff,0xa6,0xc3,0xff,
	0xff,0xa6,0xc3,0xff,0xff,0xa6,0xc3,0xff,0xff,0xa6,0xc3,0xff,0xff,0xa6,0xc3,0xff,
	0xff,0xa6,0xc3,0xff,0xff,0xa6,0xc3,0xff,0xff,0xa6,0xc3,0xff,0xff,0xff,0xff,0x00,
	0xff,0xff,0xff,0x00,0x00,0xe6,0xff,0xff,0x00,0xe6,0xff,0xff,0x00,0xe6,0xff,0xff,
	0x00,0xe6,0xff,0xff,0x00,0xe6,0xff,0xff,0x00,0xe6,0xff,0xff,0x00,0xe6,0xff,0xff,
	0x00,0xe6,0xff,0xff,0x00,0xe6,0xff,0xff,0x00,0xe6,0xff,0xff,0x00,0xe6,0xff,0xff,
	0x00,0xe6,0xff,0xff,0x00,0xe6,0xff,0xff,0x00,0xe6,0xff,0xff,0x00,0xe6,0xff,0xff,
	0x00,0xe6,0xff,0xff,0x00,0xe6,0xff,0xff,0x00,0xe6,0xff,0xff,0xff,0xff,0xff,0x00,
	0xff,0xff,0xff,0x00,0x00,0xe6,0xff,0xff,0x00,0xe6,0xff,0xff,0x00,0xe6,0xff,0xff,
	0x00,0xe6,0xff,0xff,0x00,0xe6,0xff,0xff,0x00,0xe6,0xff,0xff,0x00,0xe6,0xff,0xff,
	0x00,0xe6,0xff,0xff,0x00,0xe6,0xff,0xff,0x00,0xe6,0xff,0xff,0x00,0xe6,0xff,0xff,
	0x00,0xe6,0xff,0xff,0x00,0xe6,0xff,0xff,0x00,0xe6,0xff,0xff,0x00,0xe6,0xff,0xff,
	0x00,0xe6,0xff,0xff,0x00,0xe6,0xff,0xff,0x00,0xe6,0xff,0xff,0xff,0xff,0xff,0x00,
	0xff,0xff,0xff,0x00,0x00,0xe6,0xff,0xff,0x00,0xe6,0xff,0xff,0x00,0xe6,0xff,0xff,
	0x00,0xe6,0xff,0xff,0x00,0x00,0xc3,0xff,0x00,0x00,0xc3,0xff,0x00,0x00,0xc3,0xff,
	0x00,0xe6,0xff,0xff,0x00,0xe6,0xff,0xff,0x00,0xe6,0xff,0xff,0x00,0xe6,0xff,0xff,
	0x00,0x00,0xc3,0xff,0x00,0x00,0xc3,0xff,0x00,0x00,0xc3,0xff,0x00,0xe6,0xff,0xff,
	0x00,0xe6,0xff,0xff,0x00,0xe6,0xff,0xff,0x00,0xe6,0xff,0xff,0xff,0xff,0xff,0x00,
	0xff,0xff,0xff,0x00,0x00,0xe6,0xff,0xff,0x00,0xe6,0xff,0xff,0x00,0xe6,0xff,0xff,
	0x00,0xe6,0xff,0xff,0x00,0x00,0xc3,0xff,0x00,0x00,0xc3,0xff,0x00,0x00,0xc3,0xff,
	0x00,0xe6,0xff,0xff,0x00,0xe6,0xff,0xff,0x00,0xe6,0xff,0xff,0x00,0xe6,0xff,0xff,
	0x00,0x00,0xc3,0xff,0x00,0x00,0xc3,0xff,0x00,0x00,0xc3,0xff,0x00,0xe6,0xff,0xff,
	0x00,0xe6,0xff,0xff,0x00,0xe6,0xff,0xff,0x00,0xe6,0xff,0xff,0xff,0xff,0xff,0x00,
	0xff,0xff,0xff,0x00,0x00,0xe6,0xff,0xff,0x00,0xe6,0xff,0xff,0x00,0xe6,0xff,0xff,
	0x00,0xe6,0xff,0xff,0x00,0xe6,0xff,0xff,0x00,0xe6,0xff,0xff,0x00,0xe6,0xff,0xff,
	0x00,0xe6,0xff,0xff,0x00,0xe6,0xff,0xff,0x00,0xe6,0xff,0xff,0x00,0xe6,0xff,0xff,
	0x00,0xe6,0xff,0xff,0x00,0xe6,0xff,0xff,0x00,0xe6,0xff,0xff,0x00,0xe6,0xff,0xff,
	0x00,0xe6,0xff,0xff,0x00,0xe6,0xff,0xff,0x00,0xe6,0xff,0xff,0xff,0xff,0xff,0x00,
	0xff,0xff,0xff,0x00,0x00,0xe6,0xff,0xff,0x00,0xe6,0xff,0xff,0x00,0xe6,0xff,0xff,
	0x00,0xe6,0xff,0xff,0x00,0xe6,0xff,0xff,0x00,0xe6,0xff,0xff,0x00,0xe6,0xff,0xff,
	0x00,0xe6,0xff,0xff,0x00,0xe6,0xff,0xff,0x00,0xe6,0xff,0xff,0x00,0xe6,0xff,0xff,
	0x00,0xe6,0xff,0xff,0x00,0xe6,0xff,0xff,0x00,0xe6,0xff,0xff,0x00,0xe6,0xff,0xff,
	0x00,0xe6,0xff,0xff,0x00,0xe6,0xff,0xff,0x00,0xe6,0xff,0xff,0xff,0xff,0xff,0x00,
	0xff,0xff,0xff,0x00,0x00,0xe6,0xff,0xff,0x00,0xe6,0xff,0xff,0x00,0xe6,0xff,0xff,
	0x00,0xe6,0xff,0xff,0x00,0xe6,0xff,0xff,0x00,0xe6,0xff,0xff,0x00,0xe6,0xff,0xff,
	0x00,0xe6,0xff,0xff,0x00,0xe6,0xff,0xff,0x00,0xe6,0xff,0xff,0x00,0xe6,0xff,0xff,
	0x00,0xe6,0xff,0xff,0x00,0xe6,0xff,0xff,0x00,0xe6,0xff,0xff,0x00,0xe6,0xff,0xff,
	0x00,0xe6,0xff,0xff,0x00,0xe6,0xff,0xff,0x00,0xe6,0xff,0xff,0xff,0xff,0xff,0x00,
	0xff,0xff,0xff,0x00,0x00,0xe6,0xff,0xff,0x00,0xe6,0xff,0xff,0x00,0xe6,0xff,0xff,
	0x00,0xe6,0xff,0xff,0x00,0xe6,0xff,0xff,0x00,0xe6,0xff,0xff,0x00,0xe6,0xff,0xff,
	0x00,0xe6,0xff,0xff,0x00,0xe6,0xff,0xff,0x00,0xe6,0xff,0xff,0x00,0xe6,0xff,0xff,
	0x00,0xe6,0xff,0xff,0x00,0xe6,0xff,0xff,0x00,0xe6,0xff,0xff,0x00,0xe6,0xff,0xff,
	0x00,0xe6,0xff,0xff,0x00,0xe6,0xff,0xff,0x00,0xe6,0xff,0xff,0xff,0xff,0xff,0x00,
	0xff,0xff,0xff,0x00,0xff,0xa6,0x00,0xff,0xff,0xa6,0x00,0xff,0xff,0xa6,0x00,0xff,
	0xff,0xa6,0x00,0xff,0xff,0xa6,0x00,0xff,0xff,0xa6,0x00,0xff,0xff,0xa6,0x00,0xff,
	0xff,0xa6,0x00,0xff,0xff,0xa6,0x00,0xff,0xff,0xa6,0x00,0xff,0xff,0xa6,0x00,0xff,
	0xff,0xa6,0x00,0xff,0xff,0xa6,0x00,0xff,0xff,0xa6,0x00,0xff,0xff,0xa6,0x00,0xff,
	0xff,0xa6,0x00,0xff,0xff,0xa6,0x00,0xff,0xff,0xa6,0x00,0xff,0xff,0xff,0xff,0x00,
	0xff,0xff,0xff,0x00,0xff,0xa6,0x00,0xff,0xff,0xa6,0x00,0xff,0xff,0xa6,0x00,0xff,
	0xff,0xa6,0x00,0xff,0xff,0xa6,0x00,0xff,0xff,0xa6,0x00,0xff,0xff,0xa6,0x00,0xff,
	0xff,0xa6,0x00,0xff,0xff,0xa6,0x00,0xff,0xff,0xa6,0x00,0xff,0xff,0xa6,0x00,0xff,
	0xff,0xa6,0x00,0xff,0xff,0xa6,0x00,0xff,0xff,0xa6,0x00,0xff,0xff,0xa6,0x00,0xff,
	0xff,0xa6,0x00,0xff,0xff,0xa6,0x00,0xff,0xff,0xa6,0x00,0xff,0xff,0xff,0xff,0x00,
	0xff,0xff,0xff,0x00,0xff,0xa6,0x00,0xff,0xff,0xa6,0x00,0xff,0xff,0xa6,0x00,0xff,
	0xff,0xa6,0x00,0xff,0x00,0x00,0xc3,0xff,0x00,0x00,0xc3,0xff,0x00,0x00,0xc3,0xff,
	0xff,0xa6,0x00,0xff,0xff,0xa6,0x00,0xff,0xff,0xa6,0x00,0xff,0xff,0xa6,0x00,0xff,
	0x00,0x00,0xc3,0xff,0x00,0x00,0xc3,0xff,0x00,0x00,0xc3,0xff,0xff,0xa6,0x00,0xff,
	0xff,0xa6,0x00,0xff,0xff,0xa6,0x00,0xff,0xff,0xa6,0x00,0xff,0xff,0xff,0xff,0x00,
	0xff,0xff,0xff,0x00,0xff,0xa6,0x00,0xff,0xff,0xa6,0x00,0xff,0xff,0xa6,0x00,0xff,
	0xff,0xa6,0x00,0xff,0x00,0x00,0xc3,0xff,0x00,0x00,0xc3,0xff,0x00,0x00,0xc3,0xff,
	0xff,0xa6,0x00,0xff,0xff,0xa6,0x00,0xff,0xff,0xa6,0x00,0xff,0xff,0xa6,0x00,0xff,
	0x00,0x00,0xc3,0xff,0x00,0x00,0xc3,0xff,0x00,0x00,0xc3,0xff,0xff,0xa6,0x00,0xff,
	0xff,0xa6,0x00,0xff,0xff,0xa6,0x00,0xff,0xff,0xa6,0x00,0xff,0xff,0xff,0xff,0x00,
	0xff,0xff,0xff,0x00,0xff,0xa6,0x00,0xff,0xff,0xa6,0x00,0xff,0xff,0xa6,0x00,0xff,
	0xff,0xa6,0x00,0xff,0xff,0xa6,0x00,0xff,0xff,0xa6,0x00,0xff,0xff,0xa6,0x00,0xff,
	0xff,0xa6,0x00,0xff,0xff,0xa6,0x00,0xff,0xff,0xa6,0x00,0xff,0xff,0xa6,0x00,0xff,
	0xff,0xa6,0x00,0xff,0xff,0xa6,0x00,0xff,0xff,0xa6,0x00,0xff,0xff,0xa6,0x00,0xff,
	0xff,0xa6,0x00,0xff,0xff,0xa6,0x00,0xff,0xff,0xa6,0x00,0xff,0xff,0xff,0xff,0x00,
	0xff,0xff,0xff,0x00,0xff,0xa6,0x00,0xff,0xff,0xa6,0x00,0xff,0xff,0xa6,0x00,0xff,
	0xff,0xa6,0x00,0xff,0xff,0xa6,0x00,0xff,0xff,0xa6,0x00,0xff,0xff,0xa6,0x00,0xff,
	0xff,0xa6,0x00,0xff,0xff,0xa6,0x00,0xff,0xff,0xa6,0x00,0xff,0xff,0xa6,0x00,0xff,
	0xff,0xa6,0x00,0xff,0xff,0xa6,0x00,0xff,0xff,0xa6,0x00,0xff,0xff,0xa6,0x00,0xff,
	0xff,0xa6,0x00,0xff,0xff,0xa6,0x00,0xff,0xff,0xa6,0x00,0xff,0xff,0xff,0xff,0x00,
	0xff,0xff,0xff,0x00,0xff,0xa6,0x00,0xff,0xff,0xa6,0x00,0xff,0xff,0xa6,0x00,0xff,
	0xff,0xa6,0x00,0xff,0xff,0xa6,0x00,0xff,0xff,0xa6,0x00,0xff,0xff,0xa6,0x00,0xff,
	0xff,0xa6,0x00,0xff,0xff,0xa6,0x00,0xff,0xff,0xa6,0x00,0xff,0xff,0xa6,0x00,0xff,
	0xff,0xa6,0x00,0xff,0xff,0xa6,0x00,0xff,0xff,0xa6,0x00,0xff,0xff,0xa6,0x00,0xff,
	0xff,0xa6,0x00,0xff,0xff,0xa6,0x00,0xff,0xff,0xa6,0x00,0xff,0xff,0xff,0xff,0x00,
	0xff,0xff,0xff,0x00,0xff,0xa6,0x00,0xff,0xff,0xa6,0x00,0xff,0xff,0xa6,0x00,0xff,
	0xff,0xa6,0x00,0xff,0xff,0xa6,0x00,0xff,0xff,0xa6,0x00,0xff,0xff,0xa6,0x00,0xff,
	0xff,0xa6,0x00,0xff,0xff,0xa6,0x00,0xff,0xff,0xa6,0x00,0xff,0xff,0xa6,0x00,0xff,
	0xff,0xa6,0x00,0xff,0xff,0xa6,0x00,0xff,0xff,0xa6,0x00,0xff,0xff,0xa6,0x00,0xff,
	0xff,0xa6,0x00,0xff,0xff,0xa6,0x00,0xff,0xff,0xa6,0x00,0xff,0xff,0xff,0xff,0x00,
	0xff,0xff,0xff,0x00,0xff,0xff,0xff,0x00,0xff,0xff,0xff,0x00,0xff,0xff,0xff,0x00,
	0xff,0xff,0xff,0x00,0xff,0xff,0xff,0x00,0xff,0xff,0xff,0x00,0xff,0xff,0xff,0x00,
	0xff,0xff,0xff,0x00,0xff,0xff,0xff,0x00,0xff,0xff,0xff,0x00,0xff,0xff,0xff,0x00,
	0xff,0xff,0xff,0x00,0xff,0xff,0xff,0x00,0xff,0xff,0xff,0x00,0xff,0xff,0xff,0x00,
	0xff,0xff,0xff,0x00,0xff,0xff,0xff,0x00,0xff,0xff,0xff,0x00,0xff,0xff,0xff,0x00,
	0xff,0xff,0xff,0x00,0xff,0xff,0xff,0x00,0xff,0xff,0xff,0x00,0xff,0xff,0xff,0x00,
	0xff,0xff,0xff,0x00,0x00,0x00,0xc3,0xff,0x00,0x00,0xc3,0xff,0x00,0x00,0xc3,0xff,
	0xff,0xff,0xff,0x00,0xff,0xff,0xff,0x00,0xff,0xff,0xff,0x00,0xff,0xff,0xff,0x00,
	0x00,0x00,0xc3,0xff,0x00,0x00,0xc3,0xff,0x00,0x00,0xc3,0xff,0xff,0xff,0xff,0x00,
	0xff,0xff,0xff,0x00,0xff,0xff,0xff,0x00,0xff,0xff,0xff,0x00,0xff,0xff,0xff,0x00,
	0xff,0xff,0xff,0x00,0xff,0xff,0xff,0x00,0xff,0xff,0xff,0x00,0xff,0xff,0xff,0x00,
	0xff,0xff,0xff,0x00,0xff,0xff,0xff,0x00,0xff,0xff,0xff,0x00,0xff,0xff,0xff,0x00,
	0xff,0xff,0xff,0x00,0xff,0xff,0xff,0x00,0xff,0xff,0xff,0x00,0xff,0xff,0xff,0x00,
	0xff,0xff,0xff,0x00,0xff,0xff,0xff,0x00,0xff,0xff,0xff,0x00,0xff,0xff,0xff,0x00,
	0xff,0xff,0xff,0x00,0xff,0xff,0xff,0x00,0xff,0xff,0xff,0x00,0xff,0xff,0xff,0x00,
	0xff,0xff,0xff,0x00,0xff,0xff,0xff,0x00,0xff,0xff,0xff,0x00,0xff,0xff,0xff,0x00,
	0xff,0xff,0xff,0x00,0xff,0xff,0xff,0x00,0xff,0xff,0xff,0x00,0xff,0xff,0xff,0x00,
	0xff,0xff,0xff,0x00,0xff,0xff,0xff,0x00,0xff,0xff,0xff,0x00,0xff,0xff,0xff,0x00,
	0xff,0xff,0xff,0x00,0xff,0xff,0xff,0x00,0xff,0xff,0xff,0x00,0xff,0xff,0xff,0x00,
	0xff,0xff,0xff,0x00,0xff,0xff,0xff,0x00,0xff,0xff,0xff,0x00,0xff,0xff,0xff,0x00,
	0xff,0xff,0xff,0x00,0x00,0x00,0xc3,0xff,0x00,0x00,0xc3,0xff,0xff,0xff,0xff,0xff,
	0x00,0x00,0xc3,0xff,0x00,0x00,0xc3,0xff,0xff,0xff,0xff,0xff,0x00,0x00,0xc3,0xff,
	0xff,0xff,0xff,0xff,0x00,0x00,0xc3,0xff,0x00,0x00,0xc3,0xff,0xff,0xff,0xff,0xff,
	0x00,0x00,0xc3,0xff,0xff,0xff,0xff,0xff,0x00,0x00,0xc3,0xff,0x00,0x00,0xc3,0xff,
	0xff,0xff,0xff,0xff,0x00,0x00,0xc3,0xff,0x00,0x00,0xc3,0xff,0xff,0xff,0xff,0x00,
	0xff,0xff,0xff,0x00,0x00,0x00,0xc3,0xff,0x00,0x00,0xc3,0xff,0xff,0xff,0xff,0xff,
	0x00,0x00,0xc3,0xff,0x00,0x00,0xc3,0xff,0xff,0xff,0xff,0xff,0x00,0x00,0xc3,0xff,
	0xff,0xff,0xff,0xff,0x00,0x00,0xc3,0xff,0x00,0x00,0xc3,0xff,0xff,0xff,0xff,0xff,
	0x00,0x00,0xc3,0xff,0xff,0xff,0xff,0xff,0x00,0x00,0xc3,0xff,0x00,0x00,0xc3,0xff,
	0xff,0xff,0xff,0xff,0x00,0x00,0xc3,0xff,0x00,0x00,0xc3,0xff,0xff,0xff,0xff,0x00,
	0xff,0xff,0xff,0x00,0xff,0xff,0xff,0xff,0xff,0xff,0xff,0xff,0x00,0x00,0xc3,0xff,
	0xff,0xff,0xff,0xff,0xff,0xff,0xff,0xff,0x00,0x00,0xc3,0xff,0xff,0xff,0xff,0xff,
	0x00,0x00,0xc3,0xff,0xff,0xff,0xff,0xff,0xff,0xff,0xff,0xff,0x00,0x00,0xc3,0xff,
	0xff,0xff,0xff,0xff,0x00,0x00,0xc3,0xff,0xff,0xff,0xff,0xff,0xff,0xff,0xff,0xff,
	0x00,0x00,0xc3,0xff,0xff,0xff,0xff,0xff,0xff,0xff,0xff,0xff,0xff,0xff,0xff,0x00,
	0xff,0xff,0xff,0x00,0xff,0xff,0xff,0xff,0xff,0xff,0xff,0xff,0x00,0x00,0xc3,0xff,
	0xff,0xff,0xff,0xff,0xff,0xff,0xff,0xff,0x00,0x00,0xc3,0xff,0xff,0xff,0xff,0xff,
	0x00,0x00,0xc3,0xff,0xff,0xff,0xff,0xff,0xff,0xff,0xff,0xff,0x00,0x00,0xc3,0xff,
	0xff,0xff,0xff,0xff,0x00,0x00,0xc3,0xff,0xff,0xff,0xff,0xff,0xff,0xff,0xff,0xff,
	0x00,0x00,0xc3,0xff,0xff,0xff,0xff,0xff,0xff,0xff,0xff,0xff,0xff,0xff,0xff,0x00,
	0xff,0xff,0xff,0x00,0xff,0xff,0xff,0x00,0xff,0x00,0x00,0xff,0xff,0x00,0x00,0xff,
	0xff,0x00,0x00,0xff,0xff,0x00,0x00,0xff,0xff,0x00,0x00,0xff,0xff,0xff,0xff,0x00,
	0xff,0x00,0x00,0xff,0xff,0x00,0x00,0xff,0xe6,0xe6,0xff,0xff,0xff,0x00,0x00,0xff,
	0xff,0x00,0x00,0xff,0xff,0x00,0x00,0xff,0xff,0x00,0x00,0xff,0xff,0x00,0x00,0xff,
	0xff,0x00,0x00,0xff,0xff,0x00,0x00,0xff,0xff,0xff,0xff,0x00,0xff,0xff,0xff,0x00,
	0xff,0xff,0xff,0x00,0xff,0xff,0xff,0x00,0xff,0x00,0x00,0xff,0xff,0x00,0x00,0xff,
	0xff,0x00,0x00,0xff,0xff,0x00,0x00,0xff,0xff,0x00,0x00,0xff,0xff,0x00,0x00,0xff,
	0xff,0x00,0x00,0xff,0xff,0x00,0x00,0xff,0xff,0x00,0x00,0xff,0xff,0x00,0x00,0xff,
	0xff,0x00,0x00,0xff,0xff,0x00,0x00,0xff,0xff,0x00,0x00,0xff,0xff,0x00,0x00,0xff,
	0xa6,0x00,0x00,0xff,0xff,0xff,0xff,0x00,0xff,0xff,0xff,0x00,0xff,0xff,0xff,0x00,
	0xff,0xff,0xff,0x00,0xff,0xff,0xff,0x00,0xf9,0xbc,0x54,0xff,0xf9,0xbc,0x54,0xff,
	0xf9,0xbc,0x54,0xff,0xf9,0xbc,0x54,0xff,0xf9,0xbc,0x54,0xff,0xf9,0xbc,0x54,0xff,
	0xf9,0xbc,0x54,0xff,0xf9,0xbc,0x54,0xff,0xf9,0xbc,0x54,0xff,0xf9,0xbc,0x54,0xff,
	0xf9,0xbc,0x54,0xff,0xf9,0xbc,0x54,0xff,0xf9,0xbc,0x54,0xff,0xf9,0xbc,0x54,0xff,
	0xf9,0xbc,0x54,0xff,0xc3,0x75,0x00,0xff,0xff,0xff,0xff,0x00,0xff,0xff,0xff,0x00,
	0xff,0xff,0xff,0x00,0xff,0xff,0xff,0x00,0xff,0xff,0xff,0x00,0xff,0x00,0x00,0xff,
	0xff,0x00,0x00,0xff,0xff,0x00,0x00,0xff,0xff,0x00,0x00,0xff,0xff,0x00,0x00,0xff,
	0xff,0x00,0x00,0xff,0xff,0x00,0x00,0xff,0xff,0x00,0x00,0xff,0xff,0x00,0x00,0xff,
	0xff,0x00,0x00,0xff,0xff,0x00,0x00,0xff,0xff,0x00,0x00,0xff,0xff,0x00,0x00,0xff,
	0xff,0x00,0x00,0xff,0xff,0xff,0xff,0x00,0xff,0xff,0xff,0x00,0xff,0xff,0xff,0x00,
	0xff,0xff,0xff,0x00,0xff,0xff,0xff,0x00,0x00,0xff,0x00,0xff,0x00,0xff,0x00,0xff,
	0xe6,0xe6,0xff,0xff,0x54,0xc3,0xe3,0xff,0x54,0xc3,0xe3,0xff,0x00,0xff,0x00,0xff,
	0x00,0xff,0x00,0xff,0x00,0xff,0x00,0xff,0x00,0xff,0x00,0xff,0x54,0xc3,0xe3,0xff,
	0x00,0xff,0x00,0xff,0x00,0xff,0x00,0xff,0x00,0xff,0x00,0xff,0x00,0xff,0x00,0xff,
	0x00,0xdc,0x00,0xff,0x00,0xff,0x00,0xff,0xff,0xff,0xff,0x00,0xff,0xff,0xff,0x00,
	0xff,0xff,0xff,0x00,0xff,0xff,0xff,0x00,0xff,0xff,0xff,0x00,0xff,0xff,0xff,0x00,
	0xff,0xff,0xff,0x00,0xff,0xff,0xff,0x00,0x29,0x29,0xff,0xff,0x29,0x29,0xff,0xff,
	0xff,0xff,0xff,0x00,0xff,0xff,0x00,0xff,0xff,0xff,0x00,0xff,0xff,0xff,0xff,0x00,
	0x29,0x29,0xff,0xff,0x29,0x29,0xff,0xff,0xff,0xff,0xff,0x00,0xff,0xff,0xff,0x00,
	0xff,0xff,0xff,0x00,0xff,0xff,0xff,0x00,0xff,0xff,0xff,0x00,0xff,0xff,0xff,0x00,
	0xff,0xff,0xff,0x00,0xff,0xff,0xff,0x00,0xff,0xff,0x00,0xff,0xff,0xff,0x00,0xff,
	0xff,0xff,0xff,0x00,0xff,0xff,0x00,0xff,0xff,0xff,0x00,0xff,0xff,0xff,0x00,0xff,
	0xff,0xff,0x00,0xff,0xff,0xff,0x00,0xff,0xff,0xff,0x00,0xff,0xff,0xff,0x00,0xff,
	0xff,0xff,0x00,0xff,0xff,0xff,0x00,0xff,0xff,0xff,0x00,0xff,0xff,0xff,0x00,0xff,
	0xff,0xff,0x00,0xff,0xff,0xff,0xff,0x00,0xff,0xff,0xff,0x00,0xff,0xff,0xff,0x00,
	0xff,0xff,0xff,0x00,0xff,0xff,0xff,0x00,0xff,0xff,0xff,0x00,0xff,0xff,0xff,0x00,
	0xff,0xff,0xff,0x00,0xff,0xff,0xff,0x00,0xff,0xff,0xff,0x00,0xff,0xff,0xff,0x00,
	0xe6,0xe6,0xff,0xff,0xff,0xff,0xff,0x00,0xff,0xff,0xff,0x00,0xe6,0xe6,0xff,0xff,
	0xe6,0xe6,0xff,0xff,0xff,0xff,0xff,0x00,0xff,0xff,0xff,0x00,0xff,0xff,0xff,0x00,
	0xff,0xff,0xff,0x00,0xff,0xff,0xff,0x00,0xff,0xff,0xff,0x00,0xff,0xff,0xff,0x00,
	0xff,0xff,0xff,0x00,0xff,0xff,0xff,0x00,0xff,0xff,0xff,0x00,0xff,0xff,0xff,0x00,
	0xff,0xff,0xff,0x00,0xff,0xff,0xff,0x00,0xff,0xff,0xff,0x00,0xff,0xff,0xff,0x00,
	0xff,0xff,0xff,0x00,0xff,0xff,0xff,0x00,0xff,0xff,0xff,0x00,0xff,0xff,0xff,0x00,
	0xff,0xff,0xff,0x00,0xff,0xff,0xff,0x00,0xff,0xff,0xff,0x00,0xff,0xff,0xff,0x00,
	0xff,0xff,0xff,0x00,0xff,0xff,0xff,0x00,0xff,0xff,0xff,0x00,0xff,0xff,0xff,0x00,
	0xff,0xff,0xff,0x00,0xff,0xff,0xff,0x00,0xff,0xff,0xff,0x00,0xff,0xff,0xff,0x00,
	0xff,0xff,0xff,0x00,0xff,0xff,0xff,0x00,0xff,0xff,0xff,0x00,0xff,0xff,0xff,0x00,
	0xff,0xff,0xff,0x00,0xff,0xff,0xff,0x00,0xff,0xff,0xff,0x00,0xff,0xff,0xff,0x00,
	0xff,0xff,0xff,0x00,0xff,0xff,0xff,0x00,0xff,0xff,0xff,0x00,0xff,0xff,0xff,0x00,
	0xff,0xff,0xff,0x00,0xff,0xff,0xff,0x00,0xff,0xff,0xff,0x00,0xff,0xff,0xff,0x00,
	0xff,0xff,0xff,0x00,0xff,0xff,0xff,0x00,0xff,0xff,0xff,0x00,0xff,0xff,0xff,0x00,
	0xff,0xff,0xff,0x00,0xff,0xff,0xff,0x00,0xff,0xff,0xff,0x00,0xff,0xff,0xff,0x00,
	0xff,0xff,0xff,0x00,0xff,0xff,0xff,0x00,0xff,0xff,0xff,0x00,0xff,0xff,0xff,0x00,
	0xff,0xff,0xff,0x00,0xff,0xff,0xff,0x00,0xff,0xff,0xff,0x00,0xff,0xff,0xff,0x00,
	0xff,0xff,0xff,0x00,0xff,0xff,0xff,0x00,0xff,0xff,0xff,0x00,0xff,0xff,0xff,0x00,
	0xff,0xff,0xff,0x00,0xff,0xff,0xff,0x00,0xff,0xff,0xff,0x00,0xff,0xff,0xff,0x00,
	0xff,0xff,0xff,0x00,0xff,0xff,0xff,0x00,0xff,0xff,0xff,0x00,0xff,0xff,0xff,0x00,
	0xff,0xff,0xff,0x00,0xff,0xff,0xff,0x00,0xff,0xff,0xff,0x00,0xff,0xff,0xff,0x00,
	0xff,0xff,0xff,0x00,0xff,0xff,0xff,0x00,0xff,0xff,0xff,0x00,0xff,0xff,0xff,0x00,
	0xff,0xff,0xff,0x00,0xff,0xff,0xff,0x00,0xff,0xff,0xff,0x00,0xff,0xff,0xff,0x00,
	0xff,0xff,0xff,0x00,0xff,0xff,0xff,0x00,0xff,0xff,0xff,0x00,0xff,0xff,0xff,0x00,
	0xff,0xff,0xff,0x00,0xff,0xff,0xff,0x00,0xff,0xff,0xff,0x00,0xff,0xff,0xff,0x00,
	0xff,0xff,0xff,0x00,0xff,0xff,0xff,0x00,0xff,0xff,0xff,0x00,0xff,0xff,0xff,0x00,
	0xff,0xff,0xff,0x00,0xff,0xff,0xff,0x00,0xff,0xff,0xff,0x00,0xff,0xff,0xff,0x00,
	0xff,0xff,0xff,0x00,0xff,0xff,0xff,0x00,0xff,0xff,0xff,0x00,0xff,0xff,0xff,0x00,
	0xff,0xff,0xff,0x00,0xff,0xff,0xff,0x00,0xff,0xff,0x00,0xff,0xff,0xff,0x00,0xff,
	0xff,0xff,0x00,0xff,0xff,0xff,0x00,0xff,0xff,0xff,0x00,0xff,0xff,0xff,0x00,0xff,
	0xff,0xff,0x00,0xff,0xff,0xff,0x00,0xff,0xff,0xff,0x00,0xff,0xff,0xff,0x00,0xff,
	0xff,0xff,0x00,0xff,0xff,0xff,0x00,0xff,0xff,0xff,0x00,0xff,0xff,0xff,0x00,0xff,
	0xff,0xff,0x00,0xff,0xff,0xff,0x00,0xff,0xff,0xff,0xff,0x00,0xff,0xff,0xff,0x00,
	0xff,0xff,0xff,0x00,0xff,0xff,0xff,0x00,0xff,0xff,0x00,0xff,0xff,0xff,0x00,0xff,
	0xff,0xff,0x00,0xff,0xff,0xff,0x00,0xff,0xff,0xff,0x00,0xff,0xff,0xff,0x00,0xff,
	0xff,0xff,0x00,0xff,0xff,0xff,0x00,0xff,0xff,0xff,0x00,0xff,0xff,0xff,0x00,0xff,
	0xff,0xff,0x00,0xff,0xff,0xff,0x00,0xff,0xff,0xff,0x00,0xff,0xff,0xff,0x00,0xff,
	0xff,0xff,0x00,0xff,0xff,0xff,0x00,0xff,0xff,0xff,0xff,0x00,0xff,0xff,0xff,0x00,
	0xff,0xff,0xff,0x00,0xff,0xff,0xff,0x00,0xff,0xff,0xff,0x00,0xff,0xff,0xff,0x00,
	0xff,0xff,0xff,0x00,0xff,0xff,0xff,0x00,0xff,0xff,0xff,0x00,0xff,0xff,0x00,0xff,
	0xff,0xff,0x00,0xff,0xff,0xff,0x00,0xff,0xff,0xff,0x00,0xff,0xff,0xff,0x00,0xff,
	0xff,0xff,0x00,0xff,0xff,0xff,0x00,0xff,0xff,0xff,0x00,0xff,0xff,0xff,0x00,0xff,
	0xff,0xff,0x00,0xff,0xff,0xff,0x00,0xff,0xff,0xff,0xff,0x00,0xff,0xff,0xff,0x00,
	0xff,0xff,0xff,0x00,0xff,0xff,0xff,0x00,0xff,0xff,0x00,0xff,0xff,0xff,0x00,0xff,
	0xff,0xff,0x00,0xff,0xff,0xff,0x00,0xff,0xff,0xff,0x00,0xff,0xff,0xff,0x00,0xff,
	0xff,0xff,0xff,0x00,0xff,0xff,0xff,0x00,0xff,0xff,0xff,0x00,0xff,0xff,0xff,0x00,
	0xff,0xff,0x00,0xff,0xff,0xff,0x00,0xff,0xff,0xff,0x00,0xff,0xff,0xff,0x00,0xff,
	0xff,0xff,0x00,0xff,0xff,0xff,0x00,0xff,0xff,0xff,0xff,0x00,0xff,0xff,0xff,0x00,
	0xff,0xff,0xff,0x00,0xff,0xff,0xff,0x00,0xff,0xff,0x00,0xff,0xff,0xff,0x00,0xff,
	0xff,0xff,0xff,0x00,0xff,0xff,0xff,0x00,0xff,0xff,0xff,0x00,0xff,0xff,0xff,0x00,
	0xff,0xff,0xff,0x00,0xff,0xff,0xff,0x00,0xff,0xff,0xff,0x00,0xff,0xff,0xff,0x00,
	0xff,0xff,0xff,0x00,0xff,0xff,0xff,0x00,0xff,0xff,0xff,0x00,0xff,0xff,0xff,0x00,
	0xff,0xff,0x00,0xff,0xff,0xff,0x00,0xff,0xff,0xff,0xff,0x00,0xff,0xff,0xff,0x00,
	0xff,0xff,0xff,0x00,0xff,0xff,0xff,0x00,0xff,0xff,0x00,0xff,0xff,0xff,0x00,0xff,
	0xff,0xff,0x00,0xff,0xff,0xff,0x00,0xff,0xff,0xff,0x00,0xff,0xff,0xff,0x00,0xff,
	0xff,0xff,0x00,0xff,0xff,0xff,0x00,0xff,0xff,0xff,0x00,0xff,0xff,0xff,0x00,0xff,
	0xff,0xff,0x00,0xff,0xff,0xff,0x00,0xff,0xff,0xff,0x00,0xff,0xff,0xff,0x00,0xff,
	0xff,0xff,0x00,0xff,0xff,0xff,0x00,0xff,0xff,0xff,0xff,0x00,0xff,0xff,0xff,0x00,
	0xff,0xff,0xff,0x00,0xff,0xff,0xff,0x00,0xff,0xff,0x00,0xff,0xff,0xff,0x00,0xff,
	0xff,0xff,0x00,0xff,0xff,0xff,0x00,0xff,0xff,0xff,0x00,0xff,0xff,0xff,0x00,0xff,
	0xff,0xff,0x00,0xff,0xff,0xff,0x00,0xff,0xff,0xff,0x00,0xff,0xff,0xff,0x00,0xff,
	0xff,0xff,0x00,0xff,0xff,0xff,0xff,0x00,0xff,0xff,0xff,0x00,0xff,0xff,0xff,0x00,
	0xff,0xff,0xff,0x00,0xff,0xff,0xff,0x00,0xff,0xff,0xff,0x00,0xff,0xff,0xff,0x00,
	0xff,0xff,0xff,0x00,0xff,0xff,0xff,0x00,0xff,0xff,0x00,0xff,0xff,0xff,0x00,0xff,
	0xff,0xff,0x00,0xff,0xff,0xff,0x00,0xff,0xff,0xff,0x00,0xff,0xff,0xff,0x00,0xff,
	0xff,0xff,0x00,0xff,0xff,0xff,0x00,0xff,0xff,0xff,0x00,0xff,0xff,0xff,0x00,0xff,
	0xff,0xff,0x00,0xff,0xff,0xff,0x00,0xff,0xff,0xff,0x00,0xff,0xff,0xff,0x00,0xff,
	0xff,0xff,0x00,0xff,0xff,0xff,0x00,0xff,0xff,0xff,0xff,0x00,0xff,0xff,0xff,0x00,
	0xff,0xff,0xff,0x00,0xff,0xff,0xff,0x00,0xff,0xff,0x00,0xff,0xff,0xff,0x00,0xff,
	0xff,0xff,0x00,0xff,0xff,0xff,0x00,0xff,0xff,0xff,0x00,0xff,0xff,0xff,0x00,0xff,
	0xff,0xff,0x00,0xff,0xff,0xff,0x00,0xff,0xff,0xff,0x00,0xff,0xff,0xff,0x00,0xff,
	0xff,0xff,0x00,0xff,0xff,0xff,0x00,0xff,0xff,0xff,0x00,0xff,0xff,0xff,0x00,0xff,
	0xff,0xff,0x00,0xff,0xff,0xff,0x00,0xff,0xff,0xff,0xff,0x00,0xff,0xff,0xff,0x00,
	0xff,0xff,0xff,0x00,0xff,0xff,0xff,0x00,0xff,0xff,0x00,0xff,0xff,0xff,0x00,0xff,
	0xff,0xff,0x00,0xff,0xff,0xff,0x00,0xff,0xff,0xff,0x00,0xff,0xff,0xff,0x00,0xff,
	0xff,0xff,0x00,0xff,0xff,0xff,0x00,0xff,0xff,0xff,0x00,0xff,0xff,0xff,0x00,0xff,
	0xff,0xff,0x00,0xff,0xff,0xff,0x00,0xff,0xff,0xff,0x00,0xff,0xff,0xff,0x00,0xff,
	0xff,0xff,0x00,0xff,0xff,0xff,0x00,0xff,0xff,0xff,0xff,0x00,0xff,0xff,0xff,0x00,
	0xff,0xff,0xff,0x00,0xff,0xff,0xff,0x00,0xff,0xff,0x00,0xff,0xff,0xff,0x00,0xff,
	0xff,0xff,0x00,0xff,0xff,0xff,0x00,0xff,0xff,0xff,0x00,0xff,0xff,0xff,0x00,0xff,
	0xff,0xff,0x00,0xff,0xff,0xff,0x00,0xff,0xff,0xff,0x00,0xff,0xff,0xff,0x00,0xff,
	0xff,0xff,0x00,0xff,0xff,0xff,0x00,0xff,0xff,0xff,0x00,0xff,0xff,0xff,0x00,0xff,
	0xff,0xff,0x00,0xff,0xff,0xff,0x00,0xff,0xff,0xff,0xff,0x00,0xff,0xff,0xff,0x00,
	0xff,0xff,0xff,0x00,0xff,0xff,0xff,0x00,0xff,0xff,0x00,0xff,0xff,0xff,0x00,0xff,
	0xff,0xff,0x00,0xff,0xff,0xff,0x00,0xff,0xff,0xff,0x00,0xff,0xff,0xff,0x00,0xff,
	0xff,0xff,0x00,0xff,0xff,0xff,0x00,0xff,0xff,0xff,0x00,0xff,0xff,0xff,0x00,0xff,
	0xff,0xff,0x00,0xff,0xff,0xff,0x00,0xff,0xff,0xff,0x00,0xff,0xff,0xff,0x00,0xff,
	0xff,0xff,0x00,0xff,0xff,0xff,0x00,0xff,0xff,0xff,0xff,0x00,0xff,0xff,0xff,0x00,
	0xff,0xff,0xff,0x00,0xff,0xff,0xff,0x00,0xff,0xff,0xff,0x00,0xff,0xff,0xff,0x00,
	0xff,0xff,0xff,0x00,0xff,0xff,0xff,0x00,0xff,0xff,0x00,0xff,0xff,0xff,0x00,0xff,
	0xff,0xff,0x00,0xff,0xff,0xff,0x00,0xff,0xff,0xff,0x00,0xff,0xff,0xff,0x00,0xff,
	0xff,0xff,0x00,0xff,0xff,0xff,0x00,0xff,0xff,0xff,0xff,0x00,0xff,0xff,0xff,0x00,
	0xff,0xff,0xff,0x00,0xff,0xff,0xff,0x00,0xff,0xff,0xff,0x00,0xff,0xff,0xff,0x00,
	0xff,0xff,0xff,0x00,0xff,0xff,0xff,0x00,0xff,0xff,0xff,0x00,0xff,0xff,0xff,0x00,
	0xff,0xff,0xff,0x00,0xff,0xff,0xff,0x00,0xff,0xff,0xff,0x00,0xff,0xff,0xff,0x00,
	0xff,0xff,0x00,0xff,0xff,0xff,0x00,0xff,0xff,0xff,0x00,0xff,0xff,0xff,0x00,0xff,
	0xff,0xff,0xff,0x00,0xff,0xff,0xff,0x00,0xff,0xff,0xff,0x00,0xff,0xff,0xff,0x00,
	0xff,0xff,0xff,0x00,0xff,0xff,0xff,0x00,0xff,0xff,0xff,0x00,0xff,0xff,0xff,0x00,
	0xff,0xff,0xff,0x00,0xff,0xff,0xff,0x00,0xff,0xff,0xff,0x00,0xff,0xff,0xff,0x00,
	0xff,0xff,0xff,0x00,0xff,0xff,0xff,0x00,0xff,0xff,0xff,0x00,0xff,0xff,0xff,0x00,
	0xff,0xff,0xff,0x00,0xff,0xff,0x00,0xff,0xff,0xff,0xff,0x00,0xff,0xff,0xff,0x00,
	0xff,0xff,0xff,0x00,0xff,0xff,0xff,0x00,0xff,0xff,0xff,0x00,0xff,0xff,0xff,0x00,
	0xff,0xff,0xff,0x00,0xff,0xff,0xff,0x00,0xff,0xff,0xff,0x00,0xff,0xff,0xff,0x00,
	0xff,0xff,0xff,0x00,0xff,0x00,0x00,0xff,0xff,0x00,0x00,0xff,0xff,0x00,0x00,0xff,
	0xff,0x00,0x00,0xff,0xff,0x00,0x00,0xff,0xff,0x00,0x00,0xff,0xff,0x00,0x00,0xff,
	0xff,0x00,0x00,0xff,0xff,0x00,0x00,0xff,0xff,0x00,0x00,0xff,0xff,0x00,0x00,0xff,
	0xff,0x00,0x00,0xff,0xff,0x00,0x00,0xff,0xff,0x00,0x00,0xff,0xff,0x00,0x00,0xff,
	0xff,0x00,0x00,0xff,0xff,0x00,0x00,0xff,0xff,0x00,0x00,0xff,0xff,0xff,0xff,0x00,
	0xff,0xff,0xff,0x00,0xff,0x00,0x00,0xff,0xff,0x00,0x00,0xff,0xff,0x00,0x00,0xff,
	0xff,0x00,0x00,0xff,0xff,0x00,0x00,0xff,0xff,0x00,0x00,0xff,0xff,0x00,0x00,0xff,
	0xff,0x00,0x00,0xff,0xff,0x00,0x00,0xff,0xff,0x00,0x00,0xff,0xff,0x00,0x00,0xff,
	0xff,0x00,0x00,0xff,0xff,0x00,0x00,0xff,0xff,0x00,0x00,0xff,0xff,0x00,0x00,0xff,
	0xff,0x00,0x00,0xff,0xff,0x00,0x00,0xff,0xff,0x00,0x00,0xff,0xff,0xff,0xff,0x00,
	0xff,0xff,0xff,0x00,0xff,0x00,0x00,0xff,0xff,0x00,0x00,0xff,0xff,0x00,0x00,0xff,
	0xff,0x00,0x00,0xff,0xff,0x00,0x00,0xff,0xff,0x00,0x00,0xff,0xff,0x00,0x00,0xff,
	0xff,0x00,0x00,0xff,0xff,0x00,0x00,0xff,0xff,0x00,0x00,0xff,0xff,0x00,0x00,0xff,
	0xff,0x00,0x00,0xff,0xff,0x00,0x00,0xff,0xff,0x00,0x00,0xff,0xff,0x00,0x00,0xff,
	0xff,0x00,0x00,0xff,0xff,0x00,0x00,0xff,0xff,0x00,0x00,0xff,0xff,0xff,0xff,0x00,
	0xff,0xff,0xff,0x00,0xff,0x00,0x00,0xff,0xff,0x00,0x00,0xff,0xff,0x00,0x00,0xff,
	0xff,0x00,0x00,0xff,0xff,0x00,0x00,0xff,0xff,0x00,0x00,0xff,0xff,0x00,0x00,0xff,
	0xff,0x00,0x00,0xff,0xff,0x00,0x00,0xff,0xff,0x00,0x00,0xff,0xff,0x00,0x00,0xff,
	0xff,0x00,0x00,0xff,0xff,0x00,0x00,0xff,0xff,0x00,0x00,0xff,0xff,0x00,0x00,0xff,
	0xff,0x00,0x00,0xff,0xff,0x00,0x00,0xff,0xff,0x00,0x00,0xff,0xff,0xff,0xff,0x00,
	0xff,0xff,0xff,0x00,0xff,0x00,0x00,0xff,0xff,0x00,0x00,0xff,0xff,0x00,0x00,0xff,
	0xff,0x00,0x00,0xff,0xff,0x00,0x00,0xff,0xff,0x00,0x00,0xff,0xff,0x00,0x00,0xff,
	0xff,0x00,0x00,0xff,0xff,0x00,0x00,0xff,0xff,0x00,0x00,0xff,0xff,0x00,0x00,0xff,
	0xff,0x00,0x00,0xff,0xff,0x00,0x00,0xff,0xff,0x00,0x00,0xff,0xff,0x00,0x00,0xff,
	0xff,0x00,0x00,0xff,0xff,0x00,0x00,0xff,0xff,0x00,0x00,0xff,0xff,0xff,0xff,0x00,
	0xff,0xff,0xff,0x00,0xff,0x00,0x00,0xff,0xff,0x00,0x00,0xff,0xff,0x00,0x00,0xff,
	0xff,0x00,0x00,0xff,0xff,0x00,0x00,0xff,0xff,0x00,0x00,0xff,0xff,0x00,0x00,0xff,
	0xff,0x00,0x00,0xff,0xff,0x00,0x00,0xff,0xff,0x00,0x00,0xff,0xff,0x00,0x00,0xff,
	0xff,0x00,0x00,0xff,0xff,0x00,0x00,0xff,0xff,0x00,0x00,0xff,0xff,0x00,0x00,0xff,
	0xff,0x00,0x00,0xff,0xff,0x00,0x00,0xff,0xff,0x00,0x00,0xff,0xff,0xff,0xff,0x00,
	0xff,0xff,0xff,0x00,0xff,0x00,0x00,0xff,0xff,0x00,0x00,0xff,0xff,0x00,0x00,0xff,
	0xff,0x00,0x00,0xff,0xff,0x00,0x00,0xff,0xff,0x00,0x00,0xff,0xff,0x00,0x00,0xff,
	0xff,0x00,0x00,0xff,0xff,0x00,0x00,0xff,0xff,0x00,0x00,0xff,0xff,0x00,0x00,0xff,
	0xff,0x00,0x00,0xff,0xff,0x00,0x00,0xff,0xff,0x00,0x00,0xff,0xff,0x00,0x00,0xff,
	0xff,0x00,0x00,0xff,0xff,0x00,0x00,0xff,0xff,0x00,0x00,0xff,0xff,0xff,0xff,0x00,
	0xff,0xff,0xff,0x00,0xff,0x00,0x00,0xff,0xff,0x00,0x00,0xff,0xff,0x00,0x00,0xff,
	0xff,0x00,0x00,0xff,0xff,0x00,0x00,0xff,0xff,0x00,0x00,0xff,0xff,0x00,0x00,0xff,
	0xff,0x00,0x00,0xff,0xff,0x00,0x00,0xff,0xff,0x00,0x00,0xff,0xff,0x00,0x00,0xff,
	0xff,0x00,0x00,0xff,0xff,0x00,0x00,0xff,0xff,0x00,0x00,0xff,0xff,0x00,0x00,0xff,
	0xff,0x00,0x00,0xff,0xff,0x00,0x00,0xff,0xff,0x00,0x00,0xff,0xff,0xff,0xff,0x00,
	0xff,0xff,0xff,0x00,0xff,0xa6,0xc3,0xff,0xff,0xa6,0xc3,0xff,0xff,0xa6,0xc3,0xff,
	0xff,0xa6,0xc3,0xff,0xff,0xa6,0xc3,0xff,0xff,0xa6,0xc3,0xff,0xff,0xa6,0xc3,0xff,
	0xff,0xa6,0xc3,0xff,0xff,0xa6,0xc3,0xff,0xff,0xa6,0xc3,0xff,0xff,0xa6,0xc3,0xff,
	0xff,0xa6,0xc3,0xff,0xff,0xa6,0xc3,0xff,0xff,0xa6,0xc3,0xff,0xff,0xa6,0xc3,0xff,
	0xff,0xa6,0xc3,0xff,0xff,0xa6,0xc3,0xff,0xff,0xa6,0xc3,0xff,0xff,0xff,0xff,0x00,
	0xff,0xff,0xff,0x00,0xff,0xa6,0xc3,0xff,0xff,0xa6,0xc3,0xff,0xff,0xa6,0xc3,0xff,
	0xff,0xa6,0xc3,0xff,0xff,0xa6,0xc3,0xff,0xff,0xa6,0xc3,0xff,0xff,0xa6,0xc3,0xff,
	0xff,0xa6,0xc3,0xff,0xff,0xa6,0xc3,0xff,0xff,0xa6,0xc3,0xff,0xff,0xa6,0xc3,0xff,
	0xff,0xa6,0xc3,0xff,0xff,0xa6,0xc3,0xff,0xff,0xa6,0xc3,0xff,0xff,0xa6,0xc3,0xff,
	0xff,0xa6,0xc3,0xff,0xff,0xa6,0xc3,0xff,0xff,0xa6,0xc3,0xff,0xff,0xff,0xff,0x00,
	0xff,0xff,0xff,0x00,0xff,0xa6,0xc3,0xff,0xff,0xa6,0xc3,0xff,0xff,0xa6,0xc3,0xff,
	0xff,0xa6,0xc3,0xff,0xff,0xa6,0xc3,0xff,0xff,0xa6,0xc3,0xff,0xff,0xa6,0xc3,0xff,
	0xff,0xa6,0xc3,0xff,0xff,0xa6,0xc3,0xff,0xff,0xa6,0xc3,0xff,0xff,0xa6,0xc3,0xff,
	0xff,0xa6,0xc3,0xff,0xff,0xa6,0xc3,0xff,0xff,0xa6,0xc3,0xff,0xff,0xa6,0xc3,0xff,
	0xff,0xa6,0xc3,0xff,0xff,0xa6,0xc3,0xff,0xff,0xa6,0xc3,0xff,0xff,0xff,0xff,0x00,
	0xff,0xff,0xff,0x00,0xff,0xa6,0xc3,0xff,0xff,0xa6,0xc3,0xff,0xff,0xa6,0xc3,0xff,
	0xff,0xa6,0xc3,0xff,0xff,0xa6,0xc3,0xff,0xff,0xa6,0xc3,0xff,0xff,0xa6,0xc3,0xff,
	0xff,0xa6,0xc3,0xff,0xff,0xa6,0xc3,0xff,0xff,0xa6,0xc3,0xff,0xff,0xa6,0xc3,0xff,
	0xff,0xa6,0xc3,0xff,0xff,0xa6,0xc3,0xff,0xff,0xa6,0xc3,0xff,0xff,0xa6,0xc3,0xff,
	0xff,0xa6,0xc3,0xff,0xff,0xa6,0xc3,0xff,0xff,0xa6,0xc3,0xff,0xff,0xff,0xff,0x00,
	0xff,0xff,0xff,0x00,0xff,0xa6,0xc3,0xff,0xff,0xa6,0xc3,0xff,0xff,0xa6,0xc3,0xff,
	0xff,0xa6,0xc3,0xff,0xff,0xa6,0xc3,0xff,0xff,0xa6,0xc3,0xff,0xff,0xa6,0xc3,0xff,
	0xff,0xa6,0xc3,0xff,0xff,0xa6,0xc3,0xff,0xff,0xa6,0xc3,0xff,0xff,0xa6,0xc3,0xff,
	0xff,0xa6,0xc3,0xff,0xff,0xa6,0xc3,0xff,0xff,0xa6,0xc3,0xff,0xff,0xa6,0xc3,0xff,
	0xff,0xa6,0xc3,0xff,0xff,0xa6,0xc3,0xff,0xff,0xa6,0xc3,0xff,0xff,0xff,0xff,0x00,
	0xff,0xff,0xff,0x00,0xff,0xa6,0xc3,0xff,0xff,0xa6,0xc3,0xff,0xff,0xa6,0xc3,0xff,
	0xff,0xa6,0xc3,0xff,0xff,0xa6,0xc3,0xff,0xff,0xa6,0xc3,0xff,0xff,0xa6,0xc3,0xff,
	0xff,0xa6,0xc3,0xff,0xff,0xa6,0xc3,0xff,0xff,0xa6,0xc3,0xff,0xff,0xa6,0xc3,0xff,
	0xff,0xa6,0xc3,0xff,0xff,0xa6,0xc3,0xff,0xff,0xa6,0xc3,0xff,0xff,0xa6,0xc3,0xff,
	0xff,0xa6,0xc3,0xff,0xff,0xa6,0xc3,0xff,0xff,0xa6,0xc3,0xff,0xff,0xff,0xff,0x00,
	0xff,0xff,0xff,0x00,0xff,0xa6,0xc3,0xff,0xff,0xa6,0xc3,0xff,0xff,0xa6,0xc3,0xff,
	0xff,0xa6,0xc3,0xff,0xff,0xa6,0xc3,0xff,0xff,0xa6,0xc3,0xff,0xff,0xa6,0xc3,0xff,
	0xff,0xa6,0xc3,0xff,0xff,0xa6,0xc3,0xff,0xff,0xa6,0xc3,0xff,0xff,0xa6,0xc3,0xff,
	0xff,0xa6,0xc3,0xff,0xff,0xa6,0xc3,0xff,0xff,0xa6,0xc3,0xff,0xff,0xa6,0xc3,0xff,
	0xff,0xa6,0xc3,0xff,0xff,0xa6,0xc3,0xff,0xff,0xa6,0xc3,0xff,0xff,0xff,0xff,0x00,
	0xff,0xff,0xff,0x00,0xff,0xa6,0xc3,0xff,0xff,0xa6,0xc3,0xff,0xff,0xa6,0xc3,0xff,
	0xff,0xa6,0xc3,0xff,0xff,0xa6,0xc3,0xff,0xff,0xa6,0xc3,0xff,0xff,0xa6,0xc3,0xff,
	0xff,0xa6,0xc3,0xff,0xff,0xa6,0xc3,0xff,0xff,0xa6,0xc3,0xff,0xff,0xa6,0xc3,0xff,
	0xff,0xa6,0xc3,0xff,0xff,0xa6,0xc3,0xff,0xff,0xa6,0xc3,0xff,0xff,0xa6,0xc3,0xff,
	0xff,0xa6,0xc3,0xff,0xff,0xa6,0xc3,0xff,0xff,0xa6,0xc3,0xff,0xff,0xff,0xff,0x00,
	0xff,0xff,0xff,0x00,0x00,0xe6,0xff,0xff,0x00,0xe6,0xff,0xff,0x00,0xe6,0xff,0xff,
	0x00,0xe6,0xff,0xff,0x00,0xe6,0xff,0xff,0x00,0xe6,0xff,0xff,0x00,0xe6,0xff,0xff,
	0x00,0xe6,0xff,0xff,0x00,0xe6,0xff,0xff,0x00,0xe6,0xff,0xff,0x00,0xe6,0xff,0xff,
	0x00,0xe6,0xff,0xff,0x00,0xe6,0xff,0xff,0x00,0xe6,0xff,0xff,0x00,0xe6,0xff,0xff,
	0x00,0xe6,0xff,0xff,0x00,0xe6,0xff,0xff,0x00,0xe6,0xff,0xff,0xff,0xff,0xff,0x00,
	0xff,0xff,0xff,0x00,0x00,0xe6,0xff,0xff,0x00,0xe6,0xff,0xff,0x00,0xe6,0xff,0xff,
	0x00,0xe6,0xff,0xff,0x00,0xe6,0xff,0xff,0x00,0xe6,0xff,0xff,0x00,0xe6,0xff,0xff,
	0x00,0xe6,0xff,0xff,0x00,0xe6,0xff,0xff,0x00,0xe6,0xff,0xff,0x00,0xe6,0xff,0xff,
	0x00,0xe6,0xff,0xff,0x00,0xe6,0xff,0xff,0x00,0xe6,0xff,0xff,0x00,0xe6,0xff,0xff,
	0x00,0xe6,0xff,0xff,0x00,0xe6,0xff,0xff,0x00,0xe6,0xff,0xff,0xff,0xff,0xff,0x00,
	0xff,0xff,0xff,0x00,0x00,0xe6,0xff,0xff,0x00,0xe6,0xff,0xff,0x00,0xe6,0xff,0xff,
	0x00,0xe6,0xff,0xff,0x00,0xe6,0xff,0xff,0x00,0xe6,0xff,0xff,0x00,0xe6,0xff,0xff,
	0x00,0xe6,0xff,0xff,0x00,0xe6,0xff,0xff,0x00,0xe6,0xff,0xff,0x00,0xe6,0xff,0xff,
	0x00,0xe6,0xff,0xff,0x00,0xe6,0xff,0xff,0x00,0xe6,0xff,0xff,0x00,0xe6,0xff,0xff,
	0x00,0xe6,0xff,0xff,0x00,0xe6,0xff,0xff,0x00,0xe6,0xff,0xff,0xff,0xff,0xff,0x00,
	0xff,0xff,0xff,0x00,0x00,0xe6,0xff,0xff,0x00,0xe6,0xff,0xff,0x00,0xe6,0xff,0xff,
	0x00,0xe6,0xff,0xff,0x00,0xe6,0xff,0xff,0x00,0xe6,0xff,0xff,0x00,0xe6,0xff,0xff,
	0x00,0xe6,0xff,0xff,0x00,0xe6,0xff,0xff,0x00,0xe6,0xff,0xff,0x00,0xe6,0xff,0xff,
	0x00,0xe6,0xff,0xff,0x00,0xe6,0xff,0xff,0x00,0xe6,0xff,0xff,0x00,0xe6,0xff,0xff,
	0x00,0xe6,0xff,0xff,0x00,0xe6,0xff,0xff,0x00,0xe6,0xff,0xff,0xff,0xff,0xff,0x00,
	0xff,0xff,0xff,0x00,0x00,0xe6,0xff,0xff,0x00,0xe6,0xff,0xff,0x00,0xe6,0xff,0xff,
	0x00,0xe6,0xff,0xff,0x00,0xe6,0xff,0xff,0x00,0xe6,0xff,0xff,0x00,0xe6,0xff,0xff,
	0x00,0xe6,0xff,0xff,0x00,0xe6,0xff,0xff,0x00,0xe6,0xff,0xff,0x00,0xe6,0xff,0xff,
	0x00,0xe6,0xff,0xff,0x00,0xe6,0xff,0xff,0x00,0xe6,0xff,0xff,0x00,0xe6,0xff,0xff,
	0x00,0xe6,0xff,0xff,0x00,0xe6,0xff,0xff,0x00,0xe6,0xff,0xff,0xff,0xff,0xff,0x00,
	0xff,0xff,0xff,0x00,0x00,0xe6,0xff,0xff,0x00,0xe6,0xff,0xff,0x00,0xe6,0xff,0xff,
	0x00,0xe6,0xff,0xff,0x00,0xe6,0xff,0xff,0x00,0xe6,0xff,0xff,0x00,0xe6,0xff,0xff,
	0x00,0xe6,0xff,0xff,0x00,0xe6,0xff,0xff,0x00,0xe6,0xff,0xff,0x00,0xe6,0xff,0xff,
	0x00,0xe6,0xff,0xff,0x00,0xe6,0xff,0xff,0x00,0xe6,0xff,0xff,0x00,0xe6,0xff,0xff,
	0x00,0xe6,0xff,0xff,0x00,0xe6,0xff,0xff,0x00,0xe6,0xff,0xff,0xff,0xff,0xff,0x00,
	0xff,0xff,0xff,0x00,0x00,0xe6,0xff,0xff,0x00,0xe6,0xff,0xff,0x00,0xe6,0xff,0xff,
	0x00,0xe6,0xff,0xff,0x00,0xe6,0xff,0xff,0x00,0xe6,0xff,0xff,0x00,0xe6,0xff,0xff,
	0x00,0xe6,0xff,0xff,0x00,0xe6,0xff,0xff,0x00,0xe6,0xff,0xff,0x00,0xe6,0xff,0xff,
	0x00,0xe6,0xff,0xff,0x00,0xe6,0xff,0xff,0x00,0xe6,0xff,0xff,0x00,0xe6,0xff,0xff,
	0x00,0xe6,0xff,0xff,0x00,0xe6,0xff,0xff,0x00,0xe6,0xff,0xff,0xff,0xff,0xff,0x00,
	0xff,0xff,0xff,0x00,0x00,0xe6,0xff,0xff,0x00,0xe6,0xff,0xff,0x00,0xe6,0xff,0xff,
	0x00,0xe6,0xff,0xff,0x00,0xe6,0xff,0xff,0x00,0xe6,0xff,0xff,0x00,0xe6,0xff,0xff,
	0x00,0xe6,0xff,0xff,0x00,0xe6,0xff,0xff,0x00,0xe6,0xff,0xff,0x00,0xe6,0xff,0xff,
	0x00,0xe6,0xff,0xff,0x00,0xe6,0xff,0xff,0x00,0xe6,0xff,0xff,0x00,0xe6,0xff,0xff,
	0x00,0xe6,0xff,0xff,0x00,0xe6,0xff,0xff,0x00,0xe6,0xff,0xff,0xff,0xff,0xff,0x00,
	0xff,0xff,0xff,0x00,0xff,0xa6,0x00,0xff,0xff,0xa6,0x00,0xff,0xff,0xa6,0x00,0xff,
	0xff,0xa6,0x00,0xff,0xff,0xa6,0x00,0xff,0xff,0xa6,0x00,0xff,0xff,0xa6,0x00,0xff,
	0xff,0xa6,0x00,0xff,0xff,0xa6,0x00,0xff,0xff,0xa6,0x00,0xff,0xff,0xa6,0x00,0xff,
	0xff,0xa6,0x00,0xff,0xff,0xa6,0x00,0xff,0xff,0xa6,0x00,0xff,0xff,0xa6,0x00,0xff,
	0xff,0xa6,0x00,0xff,0xff,0xa6,0x00,0xff,0xff,0xa6,0x00,0xff,0xff,0xff,0xff,0x00,
	0xff,0xff,0xff,0x00,0xff,0xa6,0x00,0xff,0xff,0xa6,0x00,0xff,0xff,0xa6,0x00,0xff,
	0xff,0xa6,0x00,0xff,0xff,0xa6,0x00,0xff,0xff,0xa6,0x00,0xff,0xff,0xa6,0x00,0xff,
	0xff,0xa6,0x00,0xff,0xff,0xa6,0x00,0xff,0xff,0xa6,0x00,0xff,0xff,0xa6,0x00,0xff,
	0xff,0xa6,0x00,0xff,0xff,0xa6,0x00,0xff,0xff,0xa6,0x00,0xff,0xff,0xa6,0x00,0xff,
	0xff,0xa6,0x00,0xff,0xff,0xa6,0x00,0xff,0xff,0xa6,0x00,0xff,0xff,0xff,0xff,0x00,
	0xff,0xff,0xff,0x00,0xff,0xa6,0x00,0xff,0xff,0xa6,0x00,0xff,0xff,0xa6,0x00,0xff,
	0xff,0xa6,0x00,0xff,0xff,0xa6,0x00,0xff,0xff,0xa6,0x00,0xff,0xff,0xa6,0x00,0xff,
	0xff,0xa6,0x00,0xff,0xff,0xa6,0x00,0xff,0xff,0xa6,0x00,0xff,0xff,0xa6,0x00,0xff,
	0xff,0xa6,0x00,0xff,0xff,0xa6,0x00,0xff,0xff,0xa6,0x00,0xff,0xff,0xa6,0x00,0xff,
	0xff,0xa6,0x00,0xff,0xff,0xa6,0x00,0xff,0xff,0xa6,0x00,0xff,0xff,0xff,0xff,0x00,
	0xff,0xff,0xff,0x00,0xff,0xa6,0x00,0xff,0xff,0xa6,0x00,0xff,0xff,0xa6,0x00,0xff,
	0xff,0xa6,0x00,0xff,0xff,0xa6,0x00,0xff,0xff,0xa6,0x00,0xff,0xff,0xa6,0x00,0xff,
	0xff,0xa6,0x00,0xff,0xff,0xa6,0x00,0xff,0xff,0xa6,0x00,0xff,0xff,0xa6,0x00,0xff,
	0xff,0xa6,0x00,0xff,0xff,0xa6,0x00,0xff,0xff,0xa6,0x00,0xff,0xff,0xa6,0x00,0xff,
	0xff,0xa6,0x00,0xff,0xff,0xa6,0x00,0xff,0xff,0xa6,0x00,0xff,0xff,0xff,0xff,0x00,
	0xff,0xff,0xff,0x00,0xff,0xa6,0x00,0xff,0xff,0xa6,0x00,0xff,0xff,0xa6,0x00,0xff,
	0xff,0xa6,0x00,0xff,0xff,0xa6,0x00,0xff,0xff,0xa6,0x00,0xff,0xff,0xa6,0x00,0xff,
	0xff,0xa6,0x00,0xff,0xff,0xa6,0x00,0xff,0xff,0xa6,0x00,0xff,0xff,0xa6,0x00,0xff,
	0xff,0xa6,0x00,0xff,0xff,0xa6,0x00,0xff,0xff,0xa6,0x00,0xff,0xff,0xa6,0x00,0xff,
	0xff,0xa6,0x00,0xff,0xff,0xa6,0x00,0xff,0xff,0xa6,0x00,0xff,0xff,0xff,0xff,0x00,
	0xff,0xff,0xff,0x00,0xff,0xa6,0x00,0xff,0xff,0xa6,0x00,0xff,0xff,0xa6,0x00,0xff,
	0xff,0xa6,0x00,0xff,0xff,0xa6,0x00,0xff,0xff,0xa6,0x00,0xff,0xff,0xa6,0x00,0xff,
	0xff,0xa6,0x00,0xff,0xff,0xa6,0x00,0xff,0xff,0xa6,0x00,0xff,0xff,0xa6,0x00,0xff,
	0xff,0xa6,0x00,0xff,0xff,0xa6,0x00,0xff,0xff,0xa6,0x00,0xff,0xff,0xa6,0x00,0xff,
	0xff,0xa6,0x00,0xff,0xff,0xa6,0x00,0xff,0xff,0xa6,0x00,0xff,0xff,0xff,0xff,0x00,
	0xff,0xff,0xff,0x00,0xff,0xa6,0x00,0xff,0xff,0xa6,0x00,0xff,0xff,0xa6,0x00,0xff,
	0xff,0xa6,0x00,0xff,0xff,0xa6,0x00,0xff,0xff,0xa6,0x00,0xff,0xff,0xa6,0x00,0xff,
	0xff,0xa6,0x00,0xff,0xff,0xa6,0x00,0xff,0xff,0xa6,0x00,0xff,0xff,0xa6,0x00,0xff,
	0xff,0xa6,0x00,0xff,0xff,0xa6,0x00,0xff,0xff,0xa6,0x00,0xff,0xff,0xa6,0x00,0xff,
	0xff,0xa6,0x00,0xff,0xff,0xa6,0x00,0xff,0xff,0xa6,0x00,0xff,0xff,0xff,0xff,0x00,
	0xff,0xff,0xff,0x00,0xff,0xa6,0x00,0xff,0xff,0xa6,0x00,0xff,0xff,0xa6,0x00,0xff,
	0xff,0xa6,0x00,0xff,0xff,0xa6,0x00,0xff,0xff,0xa6,0x00,0xff,0xff,0xa6,0x00,0xff,
	0xff,0xa6,0x00,0xff,0xff,0xa6,0x00,0xff,0xff,0xa6,0x00,0xff,0xff,0xa6,0x00,0xff,
	0xff,0xa6,0x00,0xff,0xff,0xa6,0x00,0xff,0xff,0xa6,0x00,0xff,0xff,0xa6,0x00,0xff,
	0xff,0xa6,0x00,0xff,0xff,0xa6,0x00,0xff,0xff,0xa6,0x00,0xff,0xff,0xff,0xff,0x00,
	0xff,0xff,0xff,0x00,0xff,0xff,0xff,0x00,0xff,0xff,0xff,0x00,0xff,0xff,0xff,0x00,
	0xff,0xff,0xff,0x00,0xff,0xff,0xff,0x00,0xff,0xff,0xff,0x00,0xff,0xff,0xff,0x00,
	0xff,0xff,0xff,0x00,0xff,0xff,0xff,0x00,0xff,0xff,0xff,0x00,0xff,0xff,0xff,0x00,
	0xff,0xff,0xff,0x00,0xff,0xff,0xff,0x00,0xff,0xff,0xff,0x00,0xff,0xff,0xff,0x00,
	0xff,0xff,0xff,0x00,0xff,0xff,0xff,0x00,0xff,0xff,0xff,0x00,0xff,0xff,0xff,0x00,
	0xff,0xff,0xff,0x00,0xff,0xff,0xff,0x00,0xff,0xff,0xff,0x00,0xff,0xff,0xff,0x00,
	0xff,0xff,0xff,0x00,0xff,0xff,0xff,0x00,0xff,0xff,0xff,0x00,0xff,0xff,0xff,0x00,
	0xff,0xff,0xff,0x00,0xff,0xff,0xff,0x00,0xff,0xff,0xff,0x00,0xff,0xff,0xff,0x00,
	0xff,0xff,0xff,0x00,0xff,0xff,0xff,0x00,0xff,0xff,0xff,0x00,0xff,0xff,0xff,0x00,
	0xff,0xff,0xff,0x00,0xff,0xff,0xff,0x00,0xff,0xff,0xff,0x00,0xff,0xff,0xff,0x00,
	0xff,0xff,0xff,0x00,0xff,0xff,0xff,0x00,0xff,0xff,0xff,0x00,0xff,0xff,0xff,0x00,
	0xff,0xff,0xff,0x00,0xff,0xff,0xff,0x00,0xff,0xff,0xff,0x00,0xff,0xff,0xff,0x00,
	0xff,0xff,0xff,0x00,0xff,0xff,0xff,0x00,0xff,0xff,0xff,0x00,0xff,0xff,0xff,0x00,
	0xff,0xff,0xff,0x00,0xff,0xff,0xff,0x00,0xff,0xff,0xff,0x00,0xff,0xff,0xff,0x00,
	0xff,0xff,0xff,0x00,0xff,0xff,0xff,0x00,0xff,0xff,0xff,0x00,0xff,0xff,0xff,0x00,
	0xff,0xff,0xff,0x00,0xff,0xff,0xff,0x00,0xff,0xff,0xff,0x00,0xff,0xff,0xff,0x00,
	0xff,0xff,0xff,0x00,0xff,0xff,0xff,0x00,0xff,0xff,0xff,0x00,0xff,0xff,0xff,0x00,
	0xff,0xff,0xff,0x00,0xff,0xff,0xff,0x00,0xff,0xff,0xff,0x00,0xff,0xff,0xff,0x00,
	0xff,0xff,0xff,0x00,0xff,0xff,0xff,0x00,0xff,0xff,0xff,0x00,0xff,0xff,0xff,0x00,
	0xff,0xff,0xff,0x00,0xff,0xff,0xff,0x00,0xff,0xff,0xff,0x00,0xff,0xff,0xff,0x00,
	0xff,0xff,0xff,0x00,0x00,0x00,0xc3,0xff,0xff,0xff,0xff,0xff,0x00,0x00,0xc3,0xff,
	0x00,0x00,0xc3,0xff,0x00,0x00,0xc3,0xff,0x00,0x00,0xc3,0xff,0xff,0xff,0xff,0xff,
	0x00,0x00,0xc3,0xff,0x00,0x00,0xc3,0xff,0x00,0x00,0xc3,0xff,0x00,0x00,0xc3,0xff,
	0xff,0xff,0xff,0xff,0x00,0x00,0xc3,0xff,0x00,0x00,0xc3,0xff,0x00,0x00,0xc3,0xff,
	0x00,0x00,0xc3,0xff,0xff,0xff,0xff,0xff,0x00,0x00,0xc3,0xff,0xff,0xff,0xff,0x00,
	0xff,0xff,0xff,0x00,0x00,0x00,0xc3,0xff,0xff,0xff,0xff,0xff,0x00,0x00,0xc3,0xff,
	0x00,0x00,0xc3,0xff,0x00,0x00,0xc3,0xff,0x00,0x00,0xc3,0xff,0xff,0xff,0xff,0xff,
	0x00,0x00,0xc3,0xff,0x00,0x00,0xc3,0xff,0x00,0x00,0xc3,0xff,0x00,0x00,0xc3,0xff,
	0xff,0xff,0xff,0xff,0x00,0x00,0xc3,0xff,0x00,0x00,0xc3,0xff,0x00,0x00,0xc3,0xff,
	0x00,0x00,0xc3,0xff,0xff,0xff,0xff,0xff,0x00,0x00,0xc3,0xff,0xff,0xff,0xff,0x00,
	0xff,0xff,0xff,0x00,0xff,0xff,0xff,0xff,0x00,0x00,0xc3,0xff,0xff,0xff,0xff,0xff,
	0xff,0xff,0xff,0xff,0xff,0xff,0xff,0xff,0xff,0xff,0xff,0xff,0x00,0x00,0xc3,0xff,
	0xff,0xff,0xff,0xff,0xff,0xff,0xff,0xff,0xff,0xff,0xff,0xff,0xff,0xff,0xff,0xff,
	0x00,0x00,0xc3,0xff,0xff,0xff,0xff,0xff,0xff,0xff,0xff,0xff,0xff,0xff,0xff,0xff,
	0xff,0xff,0xff,0xff,0x00,0x00,0xc3,0xff,0xff,0xff,0xff,0xff,0xff,0xff,0xff,0x00,
	0xff,0xff,0xff,0x00,0xff,0xff,0xff,0xff,0x00,0x00,0xc3,0xff,0xff,0xff,0xff,0xff,
	0xff,0xff,0xff,0xff,0xff,0xff,0xff,0xff,0xff,0xff,0xff,0xff,0x00,0x00,0xc3,0xff,
	0xff,0xff,0xff,0xff,0xff,0xff,0xff,0xff,0xff,0xff,0xff,0xff,0xff,0xff,0xff,0xff,
	0x00,0x00,0xc3,0xff,0xff,0xff,0xff,0xff,0xff,0xff,0xff,0xff,0xff,0xff,0xff,0xff,
	0xff,0xff,0xff,0xff,0x00,0x00,0xc3,0xff,0xff,0xff,0xff,0xff,0xff,0xff,0xff,0x00,
	0xff,0xff,0xff,0x00,0xff,0xff,0xff,0x00,0xff,0xff,0xff,0x00,0xff,0x00,0x00,0xff,
	0xff,0x00,0x00,0xff,0xff,0x00,0x00,0xff,0xa6,0x00,0x00,0xff,0xff,0xff,0xff,0x00,
	0xff,0x00,0x00,0xff,0xff,0x00,0x00,0xff,0xe6,0xe6,0xff,0xff,0xe6,0xe6,0xff,0xff,
	0xff,0x00,0x00,0xff,0xff,0x00,0x00,0xff,0xff,0x00,0x00,0xff,0xff,0x00,0x00,0xff,
	0xff,0x00,0x00,0xff,0xff,0x00,0x00,0xff,0xff,0xff,0xff,0x00,0xff,0xff,0xff,0x00,
	0xff,0xff,0xff,0x00,0xff,0xff,0xff,0x00,0xff,0xff,0xff,0x00,0xff,0x00,0x00,0xff,
	0xff,0x00,0x00,0xff,0xff,0x00,0x00,0xff,0xff,0x00,0x00,0xff,0xe6,0xe6,0xff,0xff,
	0xff,0x00,0x00,0xff,0xff,0x00,0x00,0xff,0xff,0x00,0x00,0xff,0xff,0x00,0x00,0xff,
	0xff,0x00,0x00,0xff,0xff,0x00,0x00,0xff,0xff,0x00,0x00,0xff,0xa6,0x00,0x00,0xff,
	0xa6,0x00,0x00,0xff,0xff,0xff,0xff,0x00,0xff,0xff,0xff,0x00,0xff,0xff,0xff,0x00,
	0xff,0xff,0xff,0x00,0xff,0xff,0xff,0x00,0xf9,0xbc,0x54,0xff,0xf9,0xbc,0x54,0xff,
	0xf9,0xbc,0x54,0xff,0xf9,0xbc,0x54,0xff,0xf9,0xbc,0x54,0xff,0xf9,0xbc,0x54,0xff,
	0xf9,0xbc,0x54,0xff,0xf9,0xbc,0x54,0xff,0xf9,0xbc,0x54,0xff,0xf9,0xbc,0x54,0xff,
	0xf9,0xbc,0x54,0xff,0xf9,0xbc,0x54,0xff,0xf9,0xbc,0x54,0xff,0xf9,0xbc,0x54,0xff,
	0xf9,0xbc,0x54,0xff,0xff,0xff,0xff,0x00,0xff,0xff,0xff,0x00,0xff,0xff,0xff,0x00,
	0xff,0xff,0xff,0x00,0xff,0xff,0xff,0x00,0xff,0xff,0xff,0x00,0xff,0x00,0x00,0xff,
	0xff,0x00,0x00,0xff,0xff,0x00,0x00,0xff,0xff,0x00,0x00,0xff,0xff,0x00,0x00,0xff,
	0xff,0x00,0x00,0xff,0xff,0x00,0x00,0xff,0xff,0x00,0x00,0xff,0xff,0x00,0x00,0xff,
	0xff,0x00,0x00,0xff,0xff,0x00,0x00,0xff,0xff,0x00,0x00,0xff,0xff,0x00,0x00,0xff,
	0xa6,0x00,0x00,0xff,0xff,0xff,0xff,0x00,0xff,0xff,0xff,0x00,0xff,0xff,0xff,0x00,
	0xff,0xff,0xff,0x00,0xff,0xff,0xff,0x00,0xff,0xff,0xff,0x00,0x00,0xff,0x00,0xff,
	0x00,0xff,0x00,0xff,0x00,0xff,0x00,0xff,0x00,0xff,0x00,0xff,0x54,0xc3,0xe3,0xff,
	0xe6,0xe6,0xff,0xff,0x54,0xc3,0xe3,0xff,0x54,0xc3,0xe3,0xff,0xe6,0xe6,0xff,0xff,
	0x54,0xc3,0xe3,0xff,0x00,0xff,0x00,0xff,0x00,0xff,0x00,0xff,0x00,0xdc,0x00,0xff,
	0x00,0xdc,0x00,0xff,0xff,0xff,0xff,0x00,0xff,0xff,0xff,0x00,0xff,0xff,0xff,0x00,
	0xff,0xff,0xff,0x00,0xff,0xff,0xff,0x00,0xff,0xff,0xff,0x00,0xff,0xff,0xff,0x00,
	0xff,0xff,0xff,0x00,0xff,0xff,0xff,0x00,0x29,0x29,0xff,0xff,0x29,0x29,0xff,0xff,
	0xff,0xff,0xff,0x00,0xff,0xff,0x00,0xff,0xff,0xff,0x00,0xff,0xff,0xff,0xff,0x00,
	0x29,0x29,0xff,0xff,0x29,0x29,0xff,0xff,0xff,0xff,0xff,0x00,0xff,0xff,0xff,0x00,
	0xff,0xff,0xff,0x00,0xff,0xff,0xff,0x00,0xff,0xff,0xff,0x00,0xff,0xff,0xff,0x00,
	0xff,0xff,0xff,0x00,0xff,0xff,0xff,0x00,0xff,0xff,0x00,0xff,0xff,0xff,0x00,0xff,
	0xff,0xff,0xff,0x00,0xff,0xff,0x00,0xff,0xff,0xff,0x00,0xff,0xff,0xff,0x00,0xff,
	0xff,0xff,0x00,0xff,0xff,0xff,0x00,0xff,0xff,0xff,0x00,0xff,0xff,0xff,0x00,0xff,
	0xff,0xff,0x00,0xff,0xff,0xff,0x00,0xff,0xff,0xff,0x00,0xff,0xff,0xff,0x00,0xff,
	0xff,0xff,0x00,0xff,0xff,0xff,0xff,0x00,0xff,0xff,0xff,0x00,0xff,0xff,0xff,0x00,
	0xff,0xff,0xff,0x00,0xff,0xff,0xff,0x00,0xff,0xff,0xff,0x00,0xff,0xff,0xff,0x00,
	0xff,0xff,0xff,0x00,0xff,0xff,0xff,0x00,0xff,0xff,0xff,0x00,0xff,0xff,0xff,0x00,
	0xe6,0xe6,0xff,0xff,0xff,0xff,0xff,0x00,0xff,0xff,0xff,0x00,0xe6,0xe6,0xff,0xff,
	0xff,0xff,0xff,0x00,0xff,0xff,0xff,0x00,0xff,0xff,0xff,0x00,0xff,0xff,0xff,0x00,
	0xff,0xff,0xff,0x00,0xff,0xff,0xff,0x00,0xff,0xff,0xff,0x00,0xff,0xff,0xff,0x00,
	0xff,0xff,0xff,0x00,0xff,0xff,0xff,0x00,0xff,0xff,0xff,0x00,0xff,0xff,0xff,0x00,
	0xff,0xff,0xff,0x00,0xff,0xff,0xff,0x00,0xff,0xff,0xff,0x00,0xff,0xff,0xff,0x00,
	0xff,0xff,0xff,0x00,0xff,0xff,0xff,0x00,0xff,0xff,0xff,0x00,0xff,0xff,0xff,0x00,
	0xff,0xff,0xff,0x00,0xff,0xff,0xff,0x00,0xff,0xff,0xff,0x00,0xff,0xff,0xff,0x00,
	0xff,0xff,0xff,0x00,0xff,0xff,0xff,0x00,0xff,0xff,0xff,0x00,0xff,0xff,0xff,0x00,
	0xff,0xff,0xff,0x00,0xff,0xff,0xff,0x00,0xff,0xff,0xff,0x00,0xff,0xff,0xff,0x00,
	0xff,0xff,0xff,0x00,0xff,0xff,0xff,0x00,0xff,0xff,0xff,0x00,0xff,0xff,0xff,0x00,
	0xff,0xff,0xff,0x00,0xff,0xff,0xff,0x00,0xff,0xff,0xff,0x00,0xff,0xff,0xff,0x00,
	0xff,0xff,0xff,0x00,0xff,0xff,0xff,0x00,0xff,0xff,0xff,0x00,0xff,0xff,0xff,0x00,
	0xff,0xff,0xff,0x00,0xff,0xff,0xff,0x00,0xff,0xff,0xff,0x00,0xff,0xff,0xff,0x00,
	0xff,0xff,0xff,0x00,0xff,0xff,0xff,0x00,0xff,0xff,0xff,0x00,0xff,0xff,0xff,0x00,
	0xff,0xff,0xff,0x00,0xff,0xff,0xff,0x00,0xff,0xff,0xff,0x00,0xff,0xff,0xff,0x00,
	0xff,0xff,0xff,0x00,0xff,0xff,0xff,0x00,0xff,0xff,0xff,0x00,0xff,0xff,0xff,0x00,
	0xff,0xff,0xff,0x00,0xff,0xff,0xff,0x00,0xff,0xff,0xff,0x00,0xff,0xff,0xff,0x00,
	0xff,0xff,0xff,0x00,0xff,0xff,0xff,0x00,0xff,0xff,0xff,0x00,0xff,0xff,0xff,0x00,
	0xff,0xff,0xff,0x00,0xff,0xff,0xff,0x00,0xff,0xff,0xff,0x00,0xff,0xff,0xff,0x00,
	0xff,0xff,0xff,0x00,0xff,0xff,0xff,0x00,0xff,0xff,0xff,0x00,0xff,0xff,0xff,0x00,
	0xff,0xff,0xff,0x00,0xff,0xff,0xff,0x00,0xff,0xff,0xff,0x00,0xff,0xff,0xff,0x00,
	0xff,0xff,0xff,0x00,0xff,0xff,0xff,0x00,0xff,0xff,0xff,0x00,0xff,0xff,0xff,0x00,
	0xff,0xff,0xff,0x00,0xff,0xff,0xff,0x00,0xff,0xff,0xff,0x00,0xff,0xff,0xff,0x00,
	0xff,0xff,0xff,0x00,0xff,0xff,0xff,0x00,0xff,0xff,0xff,0x00,0xff,0xff,0xff,0x00,
	0xff,0xff,0xff,0x00,0xff,0xff,0xff,0x00,0xff,0xff,0xff,0x00,0xff,0xff,0xff,0x00,
	0xff,0xff,0xff,0x00,0xff,0xff,0xff,0x00,0xff,0xff,0xff,0x00,0xff,0xff,0xff,0x00,
	0xff,0xff,0xff,0x00,0xff,0xff,0xff,0x00,0xff,0xff,0xff,0x00,0xff,0xff,0xff,0x00,
	0xff,0xff,0xff,0x00,0xff,0xff,0xff,0x00,0xff,0xff,0xff,0x00,0xff,0xff,0xff,0x00,
	0xff,0xff,0xff,0x00,0xff,0xff,0xff,0x00,0xff,0xff,0xff,0x00,0xff,0xff,0x00,0xff,
	0xff,0xff,0x00,0xff,0xff,0xff,0x00,0xff,0xff,0xff,0x00,0xff,0xff,0xff,0x00,0xff,
	0xff,0xff,0x00,0xff,0xff,0xff,0x00,0xff,0xff,0xff,0x00,0xff,0xff,0xff,0x00,0xff,
	0xff,0xff,0x00,0xff,0xff,0xff,0x00,0xff,0xff,0xff,0x00,0xff,0xff,0xff,0x00,0xff,
	0xff,0xff,0x00,0xff,0xff,0xff,0xff,0x00,0xff,0xff,0xff,0x00,0xff,0xff,0xff,0x00,
	0xff,0xff,0xff,0x00,0xff,0xff,0xff,0x00,0xff,0xff,0xff,0x00,0xff,0xff,0x00,0xff,
	0xff,0xff,0x00,0xff,0xff,0xff,0x00,0xff,0xff,0xff,0x00,0xff,0xff,0xff,0x00,0xff,
	0xff,0xff,0x00,0xff,0xff,0xff,0x00,0xff,0xff,0xff,0x00,0xff,0xff,0xff,0x00,0xff,
	0xff,0xff,0x00,0xff,0xff,0xff,0x00,0xff,0xff,0xff,0x00,0xff,0xff,0xff,0x00,0xff,
	0xff,0xff,0x00,0xff,0xff,0xff,0xff,0x00,0xff,0xff,0xff,0x00,0xff,0xff,0xff,0x00,
	0xff,0xff,0xff,0x00,0xff,0xff,0xff,0x00,0xff,0xff,0xff,0x00,0xff,0xff,0xff,0x00,
	0xff,0xff,0xff,0x00,0xff,0xff,0xff,0x00,0xff,0xff,0x00,0xff,0xff,0xff,0x00,0xff,
	0xff,0xff,0x00,0xff,0xff,0xff,0x00,0xff,0xff,0xff,0x00,0xff,0xff,0xff,0x00,0xff,
	0xff,0xff,0x00,0xff,0xff,0xff,0x00,0xff,0xff,0xff,0x00,0xff,0xff,0xff,0x00,0xff,
	0xff,0xff,0x00,0xff,0xff,0xff,0xff,0x00,0xff,0xff,0xff,0x00,0xff,0xff,0xff,0x00,
	0xff,0xff,0xff,0x00,0xff,0xff,0xff,0x00,0xff,0xff,0xff,0x00,0xff,0xff,0x00,0xff,
	0xff,0xff,0x00,0xff,0xff,0xff,0x00,0xff,0xff,0xff,0x00,0xff,0xff,0xff,0xff,0x00,
	0xff,0xff,0xff,0x00,0xff,0xff,0xff,0x00,0xff,0xff,0xff,0x00,0xff,0xff,0xff,0x00,
	0xff,0xff,0xff,0x00,0xff,0xff,0x00,0xff,0xff,0xff,0x00,0xff,0xff,0xff,0x00,0xff,
	0xff,0xff,0x00,0xff,0xff,0xff,0xff,0x00,0xff,0xff,0xff,0x00,0xff,0xff,0xff,0x00,
	0xff,0xff,0xff,0x00,0xff,0xff,0xff,0x00,0xff,0xff,0xff,0x00,0xff,0xff,0xff,0x00,
	0xff,0xff,0xff,0x00,0xff,0xff,0xff,0x00,0xff,0xff,0xff,0x00,0xff,0xff,0xff,0x00,
	0xff,0xff,0xff,0x00,0xff,0xff,0xff,0x00,0xff,0xff,0xff,0x00,0xff,0xff,0xff,0x00,
	0xff,0xff,0xff,0x00,0xff,0xff,0xff,0x00,0xff,0xff,0xff,0x00,0xff,0xff,0xff,0x00,
	0xff,0xff,0xff,0x00,0xff,0xff,0xff,0x00,0xff,0xff,0xff,0x00,0xff,0xff,0xff,0x00,
	0xff,0xff,0xff,0x00,0xff,0xff,0xff,0x00,0xff,0xff,0xff,0x00,0xff,0xff,0x00,0xff,
	0xff,0xff,0x00,0xff,0xff,0xff,0x00,0xff,0xff,0xff,0x00,0xff,0xff,0xff,0x00,0xff,
	0xff,0xff,0x00,0xff,0xff,0xff,0x00,0xff,0xff,0xff,0x00,0xff,0xff,0xff,0x00,0xff,
	0xff,0xff,0x00,0xff,0xff,0xff,0x00,0xff,0xff,0xff,0x00,0xff,0xff,0xff,0x00,0xff,
	0xff,0xff,0x00,0xff,0xff,0xff,0xff,0x00,0xff,0xff,0xff,0x00,0xff,0xff,0xff,0x00,
	0xff,0xff,0xff,0x00,0xff,0xff,0xff,0x00,0xff,0xff,0xff,0x00,0xff,0xff,0x00,0xff,
	0xff,0xff,0x00,0xff,0xff,0xff,0x00,0xff,0xff,0xff,0x00,0xff,0xff,0xff,0x00,0xff,
	0xff,0xff,0x00,0xff,0xff,0xff,0x00,0xff,0xff,0xff,0x00,0xff,0xff,0xff,0x00,0xff,
	0xff,0xff,0x00,0xff,0xff,0xff,0x00,0xff,0xff,0xff,0xff,0x00,0xff,0xff,0xff,0x00,
	0xff,0xff,0xff,0x00,0xff,0xff,0xff,0x00,0xff,0xff,0xff,0x00,0xff,0xff,0xff,0x00,
	0xff,0xff,0xff,0x00,0xff,0xff,0xff,0x00,0xff,0xff,0xff,0x00,0xff,0xff,0x00,0xff,
	0xff,0xff,0x00,0xff,0xff,0xff,0x00,0xff,0xff,0xff,0x00,0xff,0xff,0xff,0x00,0xff,
	0xff,0xff,0x00,0xff,0xff,0xff,0x00,0xff,0xff,0xff,0x00,0xff,0xff,0xff,0x00,0xff,
	0xff,0xff,0x00,0xff,0xff,0xff,0x00,0xff,0xff,0xff,0x00,0xff,0xff,0xff,0x00,0xff,
	0xff,0xff,0x00,0xff,0xff,0xff,0xff,0x00,0xff,0xff,0xff,0x00,0xff,0xff,0xff,0x00,
	0xff,0xff,0xff,0x00,0xff,0xff,0xff,0x00,0xff,0xff,0xff,0x00,0xff,0xff,0x00,0xff,
	0xff,0xff,0x00,0xff,0xff,0xff,0x00,0xff,0xff,0xff,0x00,0xff,0xff,0xff,0x00,0xff,
	0xff,0xff,0x00,0xff,0xff,0xff,0x00,0xff,0xff,0xff,0x00,0xff,0xff,0xff,0x00,0xff,
	0xff,0xff,0x00,0xff,0xff,0xff,0x00,0xff,0xff,0xff,0x00,0xff,0xff,0xff,0x00,0xff,
	0xff,0xff,0x00,0xff,0xff,0xff,0xff,0x00,0xff,0xff,0xff,0x00,0xff,0xff,0xff,0x00,
	0xff,0xff,0xff,0x00,0xff,0xff,0xff,0x00,0xff,0xff,0xff,0x00,0xff,0xff,0x00,0xff,
	0xff,0xff,0x00,0xff,0xff,0xff,0x00,0xff,0xff,0xff,0x00,0xff,0xff,0xff,0x00,0xff,
	0xff,0xff,0x00,0xff,0xff,0xff,0x00,0xff,0xff,0xff,0x00,0xff,0xff,0xff,0x00,0xff,
	0xff,0xff,0x00,0xff,0xff,0xff,0x00,0xff,0xff,0xff,0x00,0xff,0xff,0xff,0x00,0xff,
	0xff,0xff,0x00,0xff,0xff,0xff,0xff,0x00,0xff,0xff,0xff,0x00,0xff,0xff,0xff,0x00,
	0xff,0xff,0xff,0x00,0xff,0xff,0xff,0x00,0xff,0xff,0xff,0x00,0xff,0xff,0x00,0xff,
	0xff,0xff,0x00,0xff,0xff,0xff,0x00,0xff,0xff,0xff,0x00,0xff,0xff,0xff,0x00,0xff,
	0xff,0xff,0x00,0xff,0xff,0xff,0x00,0xff,0xff,0xff,0x00,0xff,0xff,0xff,0x00,0xff,
	0xff,0xff,0x00,0xff,0xff,0xff,0x00,0xff,0xff,0xff,0x00,0xff,0xff,0xff,0x00,0xff,
	0xff,0xff,0x00,0xff,0xff,0xff,0xff,0x00,0xff,0xff,0xff,0x00,0xff,0xff,0xff,0x00,
	0xff,0xff,0xff,0x00,0xff,0xff,0xff,0x00,0xff,0xff,0xff,0x00,0xff,0xff,0x00,0xff,
	0xff,0xff,0x00,0xff,0xff,0xff,0x00,0xff,0xff,0xff,0x00,0xff,0xff,0xff,0x00,0xff,
	0xff,0xff,0x00,0xff,0xff,0xff,0x00,0xff,0xff,0xff,0x00,0xff,0xff,0xff,0x00,0xff,
	0xff,0xff,0x00,0xff,0xff,0xff,0x00,0xff,0xff,0xff,0x00,0xff,0xff,0xff,0x00,0xff,
	0xff,0xff,0x00,0xff,0xff,0xff,0xff,0x00,0xff,0xff,0xff,0x00,0xff,0xff,0xff,0x00,
	0xff,0xff,0xff,0x00,0xff,0xff,0xff,0x00,0xff,0xff,0xff,0x00,0xff,0xff,0xff,0x00,
	0xff,0xff,0xff,0x00,0xff,0xff,0x00,0xff,0xff,0xff,0x00,0xff,0xff,0xff,0x00,0xff,
	0xff,0xff,0x00,0xff,0xff,0xff,0x00,0xff,0xff,0xff,0x00,0xff,0xff,0xff,0x00,0xff,
	0xff,0xff,0x00,0xff,0xff,0xff,0x00,0xff,0xff,0xff,0x00,0xff,0xff,0xff,0xff,0x00,
	0xff,0xff,0xff,0x00,0xff,0xff,0xff,0x00,0xff,0xff,0xff,0x00,0xff,0xff,0xff,0x00,
	0xff,0xff,0xff,0x00,0xff,0xff,0xff,0x00,0xff,0xff,0xff,0x00,0xff,0xff,0xff,0x00,
	0xff,0xff,0xff,0x00,0xff,0xff,0xff,0x00,0xff,0xff,0xff,0x00,0xff,0xff,0xff,0x00,
	0xff,0xff,0x00,0xff,0xff,0xff,0x00,0xff,0xff,0xff,0x00,0xff,0xff,0xff,0x00,0xff,
	0xff,0xff,0xff,0x00,0xff,0xff,0xff,0x00,0xff,0xff,0xff,0x00,0xff,0xff,0xff,0x00,
	0xff,0xff,0xff,0x00,0xff,0xff,0xff,0x00,0xff,0xff,0xff,0x00,0xff,0xff,0xff,0x00,
	0xff,0xff,0xff,0x00,0xff,0xff,0xff,0x00,0xff,0xff,0xff,0x00,0xff,0xff,0xff,0x00,
	0xff,0xff,0xff,0x00,0xff,0xff,0xff,0x00,0xff,0xff,0xff,0x00,0xff,0xff,0xff,0x00,
	0xff,0xff,0xff,0x00,0xff,0xff,0x00,0xff,0xff,0xff,0xff,0x00,0xff,0xff,0xff,0x00,
	0xff,0xff,0xff,0x00,0xff,0xff,0xff,0x00,0xff,0xff,0xff,0x00,0xff,0xff,0xff,0x00,
	0xff,0xff,0xff,0x00,0xff,0xff,0xff,0x00,0xff,0xff,0xff,0x00,0xff,0xff,0xff,0x00,
	0xff,0xff,0xff,0x00,0xff,0x00,0x00,0xff,0xff,0x00,0x00,0xff,0xff,0x00,0x00,0xff,
	0xff,0x00,0x00,0xff,0xff,0x00,0x00,0xff,0xff,0x00,0x00,0xff,0xff,0x00,0x00,0xff,
	0xff,0x00,0x00,0xff,0xff,0x00,0x00,0xff,0xff,0x00,0x00,0xff,0xff,0x00,0x00,0xff,
	0xff,0x00,0x00,0xff,0xff,0x00,0x00,0xff,0xff,0x00,0x00,0xff,0xff,0x00,0x00,0xff,
	0xff,0x00,0x00,0xff,0xff,0x00,0x00,0xff,0xff,0x00,0x00,0xff,0xff,0xff,0xff,0x00,
	0xff,0xff,0xff,0x00,0xff,0x00,0x00,0xff,0xff,0x00,0x00,0xff,0xff,0x00,0x00,0xff,
	0xff,0x00,0x00,0xff,0xff,0x00,0x00,0xff,0xff,0x00,0x00,0xff,0xff,0x00,0x00,0xff,
	0xff,0x00,0x00,0xff,0xff,0x00,0x00,0xff,0xff,0x00,0x00,0xff,0xff,0x00,0x00,0xff,
	0xff,0x00,0x00,0xff,0xff,0x00,0x00,0xff,0xff,0x00,0x00,0xff,0xff,0x00,0x00,0xff,
	0xff,0x00,0x00,0xff,0xff,0x00,0x00,0xff,0xff,0x00,0x00,0xff,0xff,0xff,0xff,0x00,
	0xff,0xff,0xff,0x00,0xff,0x00,0x00,0xff,0xff,0x00,0x00,0xff,0xff,0x00,0x00,0xff,
	0xff,0x00,0x00,0xff,0xff,0x00,0x00,0xff,0xff,0x00,0x00,0xff,0xff,0x00,0x00,0xff,
	0xff,0x00,0x00,0xff,0xff,0x00,0x00,0xff,0xff,0x00,0x00,0xff,0xff,0x00,0x00,0xff,
	0xff,0x00,0x00,0xff,0xff,0x00,0x00,0xff,0xff,0x00,0x00,0xff,0xff,0x00,0x00,0xff,
	0xff,0x00,0x00,0xff,0xff,0x00,0x00,0xff,0xff,0x00,0x00,0xff,0xff,0xff,0xff,0x00,
	0xff,0xff,0xff,0x00,0xff,0x00,0x00,0xff,0xff,0x00,0x00,0xff,0xff,0x00,0x00,0xff,
	0xff,0x00,0x00,0xff,0xff,0x00,0x00,0xff,0xff,0x00,0x00,0xff,0xff,0x00,0x00,0xff,
	0xff,0x00,0x00,0xff,0xff,0x00,0x00,0xff,0xff,0x00,0x00,0xff,0xff,0x00,0x00,0xff,
	0xff,0x00,0x00,0xff,0xff,0x00,0x00,0xff,0xff,0x00,0x00,0xff,0xff,0x00,0x00,0xff,
	0xff,0x00,0x00,0xff,0xff,0x00,0x00,0xff,0xff,0x00,0x00,0xff,0xff,0xff,0xff,0x00,
	0xff,0xff,0xff,0x00,0xff,0x00,0x00,0xff,0xff,0x00,0x00,0xff,0xff,0x00,0x00,0xff,
	0xff,0x00,0x00,0xff,0xff,0x00,0x00,0xff,0xff,0x00,0x00,0xff,0xff,0x00,0x00,0xff,
	0xff,0x00,0x00,0xff,0xff,0x00,0x00,0xff,0xff,0x00,0x00,0xff,0xff,0x00,0x00,0xff,
	0xff,0x00,0x00,0xff,0xff,0x00,0x00,0xff,0xff,0x00,0x00,0xff,0xff,0x00,0x00,0xff,
	0xff,0x00,0x00,0xff,0xff,0x00,0x00,0xff,0xff,0x00,0x00,0xff,0xff,0xff,0xff,0x00,
	0xff,0xff,0xff,0x00,0xff,0x00,0x00,0xff,0xff,0x00,0x00,0xff,0xff,0x00,0x00,0xff,
	0xff,0x00,0x00,0xff,0xff,0x00,0x00,0xff,0xff,0x00,0x00,0xff,0xff,0x00,0x00,0xff,
	0xff,0x00,0x00,0xff,0xff,0x00,0x00,0xff,0xff,0x00,0x00,0xff,0xff,0x00,0x00,0xff,
	0xff,0x00,0x00,0xff,0xff,0x00,0x00,0xff,0xff,0x00,0x00,0xff,0xff,0x00,0x00,0xff,
	0xff,0x00,0x00,0xff,0xff,0x00,0x00,0xff,0xff,0x00,0x00,0xff,0xff,0xff,0xff,0x00,
	0xff,0xff,0xff,0x00,0xff,0x00,0x00,0xff,0xff,0x00,0x00,0xff,0xff,0x00,0x00,0xff,
	0xff,0x00,0x00,0xff,0xff,0x00,0x00,0xff,0xff,0x00,0x00,0xff,0xff,0x00,0x00,0xff,
	0xff,0x00,0x00,0xff,0xff,0x00,0x00,0xff,0xff,0x00,0x00,0xff,0xff,0x00,0x00,0xff,
	0xff,0x00,0x00,0xff,0xff,0x00,0x00,0xff,0xff,0x00,0x00,0xff,0xff,0x00,0x00,0xff,
	0xff,0x00,0x00,0xff,0xff,0x00,0x00,0xff,0xff,0x00,0x00,0xff,0xff,0xff,0xff,0x00,
	0xff,0xff,0xff,0x00,0xff,0x00,0x00,0xff,0xff,0x00,0x00,0xff,0xff,0x00,0x00,0xff,
	0xff,0x00,0x00,0xff,0xff,0x00,0x00,0xff,0xff,0x00,0x00,0xff,0xff,0x00,0x00,0xff,
	0xff,0x00,0x00,0xff,0xff,0x00,0x00,0xff,0xff,0x00,0x00,0xff,0xff,0x00,0x00,0xff,
	0xff,0x00,0x00,0xff,0xff,0x00,0x00,0xff,0xff,0x00,0x00,0xff,0xff,0x00,0x00,0xff,
	0xff,0x00,0x00,0xff,0xff,0x00,0x00,0xff,0xff,0x00,0x00,0xff,0xff,0xff,0xff,0x00,
	0xff,0xff,0xff,0x00,0xff,0xa6,0xc3,0xff,0xff,0xa6,0xc3,0xff,0xff,0xa6,0xc3,0xff,
	0xff,0xa6,0xc3,0xff,0xff,0xa6,0xc3,0xff,0xff,0xa6,0xc3,0xff,0xff,0xa6,0xc3,0xff,
	0xff,0xa6,0xc3,0xff,0xff,0xa6,0xc3,0xff,0xff,0xa6,0xc3,0xff,0xff,0xa6,0xc3,0xff,
	0xff,0xa6,0xc3,0xff,0xff,0xa6,0xc3,0xff,0xff,0xa6,0xc3,0xff,0xff,0xa6,0xc3,0xff,
	0xff,0xa6,0xc3,0xff,0xff,0xa6,0xc3,0xff,0xff,0xa6,0xc3,0xff,0xff,0xff,0xff,0x00,
	0xff,0xff,0xff,0x00,0xff,0xa6,0xc3,0xff,0xff,0xa6,0xc3,0xff,0xff,0xa6,0xc3,0xff,
	0xff,0xa6,0xc3,0xff,0xff,0xa6,0xc3,0xff,0xff,0xa6,0xc3,0xff,0xff,0xa6,0xc3,0xff,
	0xff,0xa6,0xc3,0xff,0xff,0xa6,0xc3,0xff,0xff,0xa6,0xc3,0xff,0xff,0xa6,0xc3,0xff,
	0xff,0xa6,0xc3,0xff,0xff,0xa6,0xc3,0xff,0xff,0xa6,0xc3,0xff,0xff,0xa6,0xc3,0xff,
	0xff,0xa6,0xc3,0xff,0xff,0xa6,0xc3,0xff,0xff,0xa6,0xc3,0xff,0xff,0xff,0xff,0x00,
	0xff,0xff,0xff,0x00,0xff,0xa6,0xc3,0xff,0xff,0xa6,0xc3,0xff,0xff,0xa6,0xc3,0xff,
	0xff,0xa6,0xc3,0xff,0xff,0xa6,0xc3,0xff,0xff,0xa6,0xc3,0xff,0xff,0xa6,0xc3,0xff,
	0xff,0xa6,0xc3,0xff,0xff,0xa6,0xc3,0xff,0xff,0xa6,0xc3,0xff,0xff,0xa6,0xc3,0xff,
	0xff,0xa6,0xc3,0xff,0xff,0xa6,0xc3,0xff,0xff,0xa6,0xc3,0xff,0xff,0xa6,0xc3,0xff,
	0xff,0xa6,0xc3,0xff,0xff,0xa6,0xc3,0xff,0xff,0xa6,0xc3,0xff,0xff,0xff,0xff,0x00,
	0xff,0xff,0xff,0x00,0xff,0xa6,0xc3,0xff,0xff,0xa6,0xc3,0xff,0xff,0xa6,0xc3,0xff,
	0xff,0xa6,0xc3,0xff,0xff,0xa6,0xc3,0xff,0xff,0xa6,0xc3,0xff,0xff,0xa6,0xc3,0xff,
	0xff,0xa6,0xc3,0xff,0xff,0xa6,0xc3,0xff,0xff,0xa6,0xc3,0xff,0xff,0xa6,0xc3,0xff,
	0xff,0xa6,0xc3,0xff,0xff,0xa6,0xc3,0xff,0xff,0xa6,0xc3,0xff,0xff,0xa6,0xc3,0xff,
	0xff,0xa6,0xc3,0xff,0xff,0xa6,0xc3,0xff,0xff,0xa6,0xc3,0xff,0xff,0xff,0xff,0x00,
	0xff,0xff,0xff,0x00,0xff,0xa6,0xc3,0xff,0xff,0xa6,0xc3,0xff,0xff,0xa6,0xc3,0xff,
	0xff,0xa6,0xc3,0xff,0xff,0xa6,0xc3,0xff,0xff,0xa6,0xc3,0xff,0xff,0xa6,0xc3,0xff,
	0xff,0xa6,0xc3,0xff,0xff,0xa6,0xc3,0xff,0xff,0xa6,0xc3,0xff,0xff,0xa6,0xc3,0xff,
	0xff,0xa6,0xc3,0xff,0xff,0xa6,0xc3,0xff,0xff,0xa6,0xc3,0xff,0xff,0xa6,0xc3,0xff,
	0xff,0xa6,0xc3,0xff,0xff,0xa6,0xc3,0xff,0xff,0xa6,0xc3,0xff,0xff,0xff,0xff,0x00,
	0xff,0xff,0xff,0x00,0xff,0xa6,0xc3,0xff,0xff,0xa6,0xc3,0xff,0xff,0xa6,0xc3,0xff,
	0xff,0xa6,0xc3,0xff,0xff,0xa6,0xc3,0xff,0xff,0xa6,0xc3,0xff,0xff,0xa6,0xc3,0xff,
	0xff,0xa6,0xc3,0xff,0xff,0xa6,0xc3,0xff,0xff,0xa6,0xc3,0xff,0xff,0xa6,0xc3,0xff,
	0xff,0xa6,0xc3,0xff,0xff,0xa6,0xc3,0xff,0xff,0xa6,0xc3,0xff,0xff,0xa6,0xc3,0xff,
	0xff,0xa6,0xc3,0xff,0xff,0xa6,0xc3,0xff,0xff,0xa6,0xc3,0xff,0xff,0xff,0xff,0x00,
	0xff,0xff,0xff,0x00,0xff,0xa6,0xc3,0xff,0xff,0xa6,0xc3,0xff,0xff,0xa6,0xc3,0xff,
	0xff,0xa6,0xc3,0xff,0xff,0xa6,0xc3,0xff,0xff,0xa6,0xc3,0xff,0xff,0xa6,0xc3,0xff,
	0xff,0xa6,0xc3,0xff,0xff,0xa6,0xc3,0xff,0xff,0xa6,0xc3,0xff,0xff,0xa6,0xc3,0xff,
	0xff,0xa6,0xc3,0xff,0xff,0xa6,0xc3,0xff,0xff,0xa6,0xc3,0xff,0xff,0xa6,0xc3,0xff,
	0xff,0xa6,0xc3,0xff,0xff,0xa6,0xc3,0xff,0xff,0xa6,0xc3,0xff,0xff,0xff,0xff,0x00,
	0xff,0xff,0xff,0x00,0xff,0xa6,0xc3,0xff,0xff,0xa6,0xc3,0xff,0xff,0xa6,0xc3,0xff,
	0xff,0xa6,0xc3,0xff,0xff,0xa6,0xc3,0xff,0xff,0xa6,0xc3,0xff,0xff,0xa6,0xc3,0xff,
	0xff,0xa6,0xc3,0xff,0xff,0xa6,0xc3,0xff,0xff,0xa6,0xc3,0xff,0xff,0xa6,0xc3,0xff,
	0xff,0xa6,0xc3,0xff,0xff,0xa6,0xc3,0xff,0xff,0xa6,0xc3,0xff,0xff,0xa6,0xc3,0xff,
	0xff,0xa6,0xc3,0xff,0xff,0xa6,0xc3,0xff,0xff,0xa6,0xc3,0xff,0xff,0xff,0xff,0x00,
	0xff,0xff,0xff,0x00,0x00,0xe6,0xff,0xff,0x00,0xe6,0xff,0xff,0x00,0xe6,0xff,0xff,
	0x00,0xe6,0xff,0xff,0x00,0xe6,0xff,0xff,0x00,0xe6,0xff,0xff,0x00,0xe6,0xff,0xff,
	0x00,0xe6,0xff,0xff,0x00,0xe6,0xff,0xff,0x00,0xe6,0xff,0xff,0x00,0xe6,0xff,0xff,
	0x00,0xe6,0xff,0xff,0x00,0xe6,0xff,0xff,0x00,0xe6,0xff,0xff,0x00,0xe6,0xff,0xff,
	0x00,0xe6,0xff,0xff,0x00,0xe6,0xff,0xff,0x00,0xe6,0xff,0xff,0xff,0xff,0xff,0x00,
	0xff,0xff,0xff,0x00,0x00,0xe6,0xff,0xff,0x00,0xe6,0xff,0xff,0x00,0xe6,0xff,0xff,
	0x00,0xe6,0xff,0xff,0x00,0xe6,0xff,0xff,0x00,0xe6,0xff,0xff,0x00,0xe6,0xff,0xff,
	0x00,0xe6,0xff,0xff,0x00,0xe6,0xff,0xff,0x00,0xe6,0xff,0xff,0x00,0xe6,0xff,0xff,
	0x00,0xe6,0xff,0xff,0x00,0xe6,0xff,0xff,0x00,0xe6,0xff,0xff,0x00,0xe6,0xff,0xff,
	0x00,0xe6,0xff,0xff,0x00,0xe6,0xff,0xff,0x00,0xe6,0xff,0xff,0xff,0xff,0xff,0x00,
	0xff,0xff,0xff,0x00,0x00,0xe6,0xff,0xff,0x00,0xe6,0xff,0xff,0x00,0xe6,0xff,0xff,
	0x00,0xe6,0xff,0xff,0x00,0xe6,0xff,0xff,0x00,0xe6,0xff,0xff,0x00,0xe6,0xff,0xff,
	0x00,0xe6,0xff,0xff,0x00,0xe6,0xff,0xff,0x00,0xe6,0xff,0xff,0x00,0xe6,0xff,0xff,
	0x00,0xe6,0xff,0xff,0x00,0xe6,0xff,0xff,0x00,0xe6,0xff,0xff,0x00,0xe6,0xff,0xff,
	0x00,0xe6,0xff,0xff,0x00,0xe6,0xff,0xff,0x00,0xe6,0xff,0xff,0xff,0xff,0xff,0x00,
	0xff,0xff,0xff,0x00,0x00,0xe6,0xff,0xff,0x00,0xe6,0xff,0xff,0x00,0xe6,0xff,0xff,
	0x00,0xe6,0xff,0xff,0x00,0xe6,0xff,0xff,0x00,0xe6,0xff,0xff,0x00,0xe6,0xff,0xff,
	0x00,0xe6,0xff,0xff,0x00,0xe6,0xff,0xff,0x00,0xe6,0xff,0xff,0x00,0xe6,0xff,0xff,
	0x00,0xe6,0xff,0xff,0x00,0xe6,0xff,0xff,0x00,0xe6,0xff,0xff,0x00,0xe6,0xff,0xff,
	0x00,0xe6,0xff,0xff,0x00,0xe6,0xff,0xff,0x00,0xe6,0xff,0xff,0xff,0xff,0xff,0x00,
	0xff,0xff,0xff,0x00,0x00,0xe6,0xff,0xff,0x00,0xe6,0xff,0xff,0x00,0xe6,0xff,0xff,
	0x00,0xe6,0xff,0xff,0x00,0xe6,0xff,0xff,0x00,0xe6,0xff,0xff,0x00,0xe6,0xff,0xff,
	0x00,0xe6,0xff,0xff,0x00,0xe6,0xff,0xff,0x00,0xe6,0xff,0xff,0x00,0xe6,0xff,0xff,
	0x00,0xe6,0xff,0xff,0x00,0xe6,0xff,0xff,0x00,0xe6,0xff,0xff,0x00,0xe6,0xff,0xff,
	0x00,0xe6,0xff,0xff,0x00,0xe6,0xff,0xff,0x00,0xe6,0xff,0xff,0xff,0xff,0xff,0x00,
	0xff,0xff,0xff,0x00,0x00,0xe6,0xff,0xff,0x00,0xe6,0xff,0xff,0x00,0xe6,0xff,0xff,
	0x00,0xe6,0xff,0xff,0x00,0xe6,0xff,0xff,0x00,0xe6,0xff,0xff,0x00,0xe6,0xff,0xff,
	0x00,0xe6,0xff,0xff,0x00,0xe6,0xff,0xff,0x00,0xe6,0xff,0xff,0x00,0xe6,0xff,0xff,
	0x00,0xe6,0xff,0xff,0x00,0xe6,0xff,0xff,0x00,0xe6,0xff,0xff,0x00,0xe6,0xff,0xff,
	0x00,0xe6,0xff,0xff,0x00,0xe6,0xff,0xff,0x00,0xe6,0xff,0xff,0xff,0xff,0xff,0x00,
	0xff,0xff,0xff,0x00,0x00,0xe6,0xff,0xff,0x00,0xe6,0xff,0xff,0x00,0xe6,0xff,0xff,
	0x00,0xe6,0xff,0xff,0x00,0xe6,0xff,0xff,0x00,0xe6,0xff,0xff,0x00,0xe6,0xff,0xff,
	0x00,0xe6,0xff,0xff,0x00,0xe6,0xff,0xff,0x00,0xe6,0xff,0xff,0x00,0xe6,0xff,0xff,
	0x00,0xe6,0xff,0xff,0x00,0xe6,0xff,0xff,0x00,0xe6,0xff,0xff,0x00,0xe6,0xff,0xff,
	0x00,0xe6,0xff,0xff,0x00,0xe6,0xff,0xff,0x00,0xe6,0xff,0xff,0xff,0xff,0xff,0x00,
	0xff,0xff,0xff,0x00,0x00,0xe6,0xff,0xff,0x00,0xe6,0xff,0xff,0x00,0xe6,0xff,0xff,
	0x00,0xe6,0xff,0xff,0x00,0xe6,0xff,0xff,0x00,0xe6,0xff,0xff,0x00,0xe6,0xff,0xff,
	0x00,0xe6,0xff,0xff,0x00,0xe6,0xff,0xff,0x00,0xe6,0xff,0xff,0x00,0xe6,0xff,0xff,
	0x00,0xe6,0xff,0xff,0x00,0xe6,0xff,0xff,0x00,0xe6,0xff,0xff,0x00,0xe6,0xff,0xff,
	0x00,0xe6,0xff,0xff,0x00,0xe6,0xff,0xff,0x00,0xe6,0xff,0xff,0xff,0xff,0xff,0x00,
	0xff,0xff,0xff,0x00,0xff,0xa6,0x00,0xff,0xff,0xa6,0x00,0xff,0xff,0xa6,0x00,0xff,
	0xff,0xa6,0x00,0xff,0xff,0xa6,0x00,0xff,0xff,0xa6,0x00,0xff,0xff,0xa6,0x00,0xff,
	0xff,0xa6,0x00,0xff,0xff,0xa6,0x00,0xff,0xff,0xa6,0x00,0xff,0xff,0xa6,0x00,0xff,
	0xff,0xa6,0x00,0xff,0xff,0xa6,0x00,0xff,0xff,0xa6,0x00,0xff,0xff,0xa6,0x00,0xff,
	0xff,0xa6,0x00,0xff,0xff,0xa6,0x00,0xff,0xff,0xa6,0x00,0xff,0xff,0xff,0xff,0x00,
	0xff,0xff,0xff,0x00,0xff,0xa6,0x00,0xff,0xff,0xa6,0x00,0xff,0xff,0xa6,0x00,0xff,
	0xff,0xa6,0x00,0xff,0xff,0xa6,0x00,0xff,0xff,0xa6,0x00,0xff,0xff,0xa6,0x00,0xff,
	0xff,0xa6,0x00,0xff,0xff,0xa6,0x00,0xff,0xff,0xa6,0x00,0xff,0xff,0xa6,0x00,0xff,
	0xff,0xa6,0x00,0xff,0xff,0xa6,0x00,0xff,0xff,0xa6,0x00,0xff,0xff,0xa6,0x00,0xff,
	0xff,0xa6,0x00,0xff,0xff,0xa6,0x00,0xff,0xff,0xa6,0x00,0xff,0xff,0xff,0xff,0x00,
	0xff,0xff,0xff,0x00,0xff,0xa6,0x00,0xff,0xff,0xa6,0x00,0xff,0xff,0xa6,0x00,0xff,
	0xff,0xa6,0x00,0xff,0xff,0xa6,0x00,0xff,0xff,0xa6,0x00,0xff,0xff,0xa6,0x00,0xff,
	0xff,0xa6,0x00,0xff,0xff,0xa6,0x00,0xff,0xff,0xa6,0x00,0xff,0xff,0xa6,0x00,0xff,
	0xff,0xa6,0x00,0xff,0xff,0xa6,0x00,0xff,0xff,0xa6,0x00,0xff,0xff,0xa6,0x00,0xff,
	0xff,0xa6,0x00,0xff,0xff,0xa6,0x00,0xff,0xff,0xa6,0x00,0xff,0xff,0xff,0xff,0x00,
	0xff,0xff,0xff,0x00,0xff,0xa6,0x00,0xff,0xff,0xa6,0x00,0xff,0xff,0xa6,0x00,0xff,
	0xff,0xa6,0x00,0xff,0xff,0xa6,0x00,0xff,0xff,0xa6,0x00,0xff,0xff,0xa6,0x00,0xff,
	0xff,0xa6,0x00,0xff,0xff,0xa6,0x00,0xff,0xff,0xa6,0x00,0xff,0xff,0xa6,0x00,0xff,
	0xff,0xa6,0x00,0xff,0xff,0xa6,0x00,0xff,0xff,0xa6,0x00,0xff,0xff,0xa6,0x00,0xff,
	0xff,0xa6,0x00,0xff,0xff,0xa6,0x00,0xff,0xff,0xa6,0x00,0xff,0xff,0xff,0xff,0x00,
	0xff,0xff,0xff,0x00,0xff,0xa6,0x00,0xff,0xff,0xa6,0x00,0xff,0xff,0xa6,0x00,0xff,
	0xff,0xa6,0x00,0xff,0xff,0xa6,0x00,0xff,0xff,0xa6,0x00,0xff,0xff,0xa6,0x00,0xff,
	0xff,0xa6,0x00,0xff,0xff,0xa6,0x00,0xff,0xff,0xa6,0x00,0xff,0xff,0xa6,0x00,0xff,
	0xff,0xa6,0x00,0xff,0xff,0xa6,0x00,0xff,0xff,0xa6,0x00,0xff,0xff,0xa6,0x00,0xff,
	0xff,0xa6,0x00,0xff,0xff,0xa6,0x00,0xff,0xff,0xa6,0x00,0xff,0xff,0xff,0xff,0x00,
	0xff,0xff,0xff,0x00,0xff,0xa6,0x00,0xff,0xff,0xa6,0x00,0xff,0xff,0xa6,0x00,0xff,
	0xff,0xa6,0x00,0xff,0xff,0xa6,0x00,0xff,0xff,0xa6,0x00,0xff,0xff,0xa6,0x00,0xff,
	0xff,0xa6,0x00,0xff,0xff,0xa6,0x00,0xff,0xff,0xa6,0x00,0xff,0xff,0xa6,0x00,0xff,
	0xff,0xa6,0x00,0xff,0xff,0xa6,0x00,0xff,0xff,0xa6,0x00,0xff,0xff,0xa6,0x00,0xff,
	0xff,0xa6,0x00,0xff,0xff,0xa6,0x00,0xff,0xff,0xa6,0x00,0xff,0xff,0xff,0xff,0x00,
	0xff,0xff,0xff,0x00,0xff,0xa6,0x00,0xff,0xff,0xa6,0x00,0xff,0xff,0xa6,0x00,0xff,
	0xff,0xa6,0x00,0xff,0xff,0xa6,0x00,0xff,0xff,0xa6,0x00,0xff,0xff,0xa6,0x00,0xff,
	0xff,0xa6,0x00,0xff,0xff,0xa6,0x00,0xff,0xff,0xa6,0x00,0xff,0xff,0xa6,0x00,0xff,
	0xff,0xa6,0x00,0xff,0xff,0xa6,0x00,0xff,0xff,0xa6,0x00,0xff,0xff,0xa6,0x00,0xff,
	0xff,0xa6,0x00,0xff,0xff,0xa6,0x00,0xff,0xff,0xa6,0x00,0xff,0xff,0xff,0xff,0x00,
	0xff,0xff,0xff,0x00,0xff,0xa6,0x00,0xff,0xff,0xa6,0x00,0xff,0xff,0xa6,0x00,0xff,
	0xff,0xa6,0x00,0xff,0xff,0xa6,0x00,0xff,0xff,0xa6,0x00,0xff,0xff,0xa6,0x00,0xff,
	0xff,0xa6,0x00,0xff,0xff,0xa6,0x00,0xff,0xff,0xa6,0x00,0xff,0xff,0xa6,0x00,0xff,
	0xff,0xa6,0x00,0xff,0xff,0xa6,0x00,0xff,0xff,0xa6,0x00,0xff,0xff,0xa6,0x00,0xff,
	0xff,0xa6,0x00,0xff,0xff,0xa6,0x00,0xff,0xff,0xa6,0x00,0xff,0xff,0xff,0xff,0x00,
	0xff,0xff,0xff,0x00,0xff,0xff,0xff,0x00,0xff,0xff,0xff,0x00,0xff,0xff,0xff,0x00,
	0xff,0xff,0xff,0x00,0xff,0xff,0xff,0x00,0xff,0xff,0xff,0x00,0xff,0xff,0xff,0x00,
	0xff,0xff,0xff,0x00,0xff,0xff,0xff,0x00,0xff,0xff,0xff,0x00,0xff,0xff,0xff,0x00,
	0xff,0xff,0xff,0x00,0xff,0xff,0xff,0x00,0xff,0xff,0xff,0x00,0xff,0xff,0xff,0x00,
	0xff,0xff,0xff,0x00,0xff,0xff,0xff,0x00,0xff,0xff,0xff,0x00,0xff,0xff,0xff,0x00,
	0xff,0xff,0xff,0x00,0xff,0xff,0xff,0x00,0xff,0xff,0xff,0x00,0xff,0xff,0xff,0x00,
	0xff,0xff,0xff,0x00,0xff,0xff,0xff,0x00,0xff,0xff,0xff,0x00,0xff,0xff,0xff,0x00,
	0xff,0xff,0xff,0x00,0xff,0xff,0xff,0x00,0xff,0xff,0xff,0x00,0xff,0xff,0xff,0x00,
	0xff,0xff,0xff,0x00,0xff,0xff,0xff,0x00,0xff,0xff,0xff,0x00,0xff,0xff,0xff,0x00,
	0xff,0xff,0xff,0x00,0xff,0xff,0xff,0x00,0xff,0xff,0xff,0x00,0xff,0xff,0xff,0x00,
	0xff,0xff,0xff,0x00,0xff,0xff,0xff,0x00,0xff,0xff,0xff,0x00,0xff,0xff,0xff,0x00,
	0xff,0xff,0xff,0x00,0xff,0xff,0xff,0x00,0xff,0xff,0xff,0x00,0xff,0xff,0xff,0x00,
	0xff,0xff,0xff,0x00,0xff,0xff,0xff,0x00,0xff,0xff,0xff,0x00,0xff,0xff,0xff,0x00,
	0xff,0xff,0xff,0x00,0xff,0xff,0xff,0x00,0xff,0xff,0xff,0x00,0xff,0xff,0xff,0x00,
	0xff,0xff,0xff,0x00,0xff,0xff,0xff,0x00,0xff,0xff,0xff,0x00,0xff,0xff,0xff,0x00,
	0xff,0xff,0xff,0x00,0xff,0xff,0xff,0x00,0xff,0xff,0xff,0x00,0xff,0xff,0xff,0x00,
	0xff,0xff,0xff,0x00,0xff,0xff,0xff,0x00,0xff,0xff,0xff,0x00,0xff,0xff,0xff,0x00,
	0xff,0xff,0xff,0x00,0xff,0xff,0xff,0x00,0xff,0xff,0xff,0x00,0xff,0xff,0xff,0x00,
	0xff,0xff,0xff,0x00,0xff,0xff,0xff,0x00,0xff,0xff,0xff,0x00,0xff,0xff,0xff,0x00,
	0xff,0xff,0xff,0x00,0xff,0xff,0xff,0x00,0xff,0xff,0xff,0x00,0xff,0xff,0xff,0x00,
	0xff,0xff,0xff,0x00,0x00,0x00,0xc3,0xff,0x00,0x00,0xc3,0xff,0x00,0x00,0xc3,0xff,
	0x00,0x00,0xc3,0xff,0x00,0x00,0xc3,0xff,0x00,0x00,0xc3,0xff,0x00,0x00,0xc3,0xff,
	0x00,0x00,0xc3,0xff,0x00,0x00,0xc3,0xff,0x00,0x00,0xc3,0xff,0x00,0x00,0xc3,0xff,
	0x00,0x00,0xc3,0xff,0x00,0x00,0xc3,0xff,0x00,0x00,0xc3,0xff,0x00,0x00,0xc3,0xff,
	0x00,0x00,0xc3,0xff,0x00,0x00,0xc3,0xff,0x00,0x00,0xc3,0xff,0xff,0xff,0xff,0x00,
	0xff,0xff,0xff,0x00,0x00,0x00,0xc3,0xff,0x00,0x00,0xc3,0xff,0x00,0x00,0xc3,0xff,
	0x00,0x00,0xc3,0xff,0x00,0x00,0xc3,0xff,0x00,0x00,0xc3,0xff,0x00,0x00,0xc3,0xff,
	0x00,0x00,0xc3,0xff,0x00,0x00,0xc3,0xff,0x00,0x00,0xc3,0xff,0x00,0x00,0xc3,0xff,
	0x00,0x00,0xc3,0xff,0x00,0x00,0xc3,0xff,0x00,0x00,0xc3,0xff,0x00,0x00,0xc3,0xff,
	0x00,0x00,0xc3,0xff,0x00,0x00,0xc3,0xff,0x00,0x00,0xc3,0xff,0xff,0xff,0xff,0x00,
	0xff,0xff,0xff,0x00,0xff,0xff,0xff,0xff,0xff,0xff,0xff,0xff,0xff,0xff,0xff,0xff,
	0xff,0xff,0xff,0xff,0xff,0xff,0xff,0xff,0xff,0xff,0xff,0xff,0xff,0xff,0xff,0xff,
	0xff,0xff,0xff,0xff,0xff,0xff,0xff,0xff,0xff,0xff,0xff,0xff,0xff,0xff,0xff,0xff,
	0xff,0xff,0xff,0xff,0xff,0xff,0xff,0xff,0xff,0xff,0xff,0xff,0xff,0xff,0xff,0xff,
	0xff,0xff,0xff,0xff,0xff,0xff,0xff,0xff,0xff,0xff,0xff,0xff,0xff,0xff,0xff,0x00,
	0xff,0xff,0xff,0x00,0xff,0xff,0xff,0xff,0xff,0xff,0xff,0xff,0xff,0xff,0xff,0xff,
	0xff,0xff,0xff,0xff,0xff,0xff,0xff,0xff,0xff,0xff,0xff,0xff,0xff,0xff,0xff,0xff,
	0xff,0xff,0xff,0xff,0xff,0xff,0xff,0xff,0xff,0xff,0xff,0xff,0xff,0xff,0xff,0xff,
	0xff,0xff,0xff,0xff,0xff,0xff,0xff,0xff,0xff,0xff,0xff,0xff,0xff,0xff,0xff,0xff,
	0xff,0xff,0xff,0xff,0xff,0xff,0xff,0xff,0xff,0xff,0xff,0xff,0xff,0xff,0xff,0x00,
	0xff,0xff,0xff,0x00,0xff,0xff,0xff,0x00,0xff,0xff,0xff,0x00,0xff,0xff,0xff,0x00,
	0xff,0xff,0xff,0x00,0xa6,0x00,0x00,0xff,0xa6,0x00,0x00,0xff,0xff,0xff,0xff,0x00,
	0xff,0x00,0x00,0xff,0xff,0x00,0x00,0xff,0xff,0x00,0x00,0xff,0xff,0x00,0x00,0xff,
	0xe6,0xe6,0xff,0xff,0xff,0x00,0x00,0xff,0xff,0x00,0x00,0xff,0xff,0x00,0x00,0xff,
	0xa6,0x00,0x00,0xff,0xff,0xff,0xff,0x00,0xff,0xff,0xff,0x00,0xff,0xff,0xff,0x00,
	0xff,0xff,0xff,0x00,0xff,0xff,0xff,0x00,0xff,0xff,0xff,0x00,0xff,0x00,0x00,0xff,
	0xff,0x00,0x00,0xff,0xff,0x00,0x00,0xff,0xff,0x00,0x00,0xff,0xff,0x00,0x00,0xff,
	0xff,0x00,0x00,0xff,0xff,0x00,0x00,0xff,0xff,0x00,0x00,0xff,0xff,0x00,0x00,0xff,
	0xff,0x00,0x00,0xff,0xff,0x00,0x00,0xff,0xff,0x00,0x00,0xff,0xa6,0x00,0x00,0xff,
	0xa6,0x00,0x00,0xff,0xff,0xff,0xff,0x00,0xff,0xff,0xff,0x00,0xff,0xff,0xff,0x00,
	0xff,0xff,0xff,0x00,0xff,0xff,0xff,0x00,0xff,0xff,0xff,0x00,0xf9,0xbc,0x54,0xff,
	0xf9,0xbc,0x54,0xff,0xf9,0xbc,0x54,0xff,0xf9,0xbc,0x54,0xff,0xf9,0xbc,0x54,0xff,
	0xf9,0xbc,0x54,0xff,0xf9,0xbc,0x54,0xff,0xf9,0xbc,0x54,0xff,0xf9,0xbc,0x54,0xff,
	0xf9,0xbc,0x54,0xff,0xf9,0xbc,0x54,0xff,0xf9,0xbc,0x54,0xff,0xf9,0xbc,0x54,0xff,
	0xc3,0x75,0x00,0xff,0xff,0xff,0xff,0x00,0xff,0xff,0xff,0x00,0xff,0xff,0xff,0x00,
	0xff,0xff,0xff,0x00,0xff,0xff,0xff,0x00,0xff,0xff,0xff,0x00,0xff,0xff,0xff,0x00,
	0xff,0x00,0x00,0xff,0xff,0x00,0x00,0xff,0xff,0x00,0x00,0xff,0xff,0x00,0x00,0xff,
	0xff,0x00,0x00,0xff,0xff,0x00,0x00,0xff,0xff,0x00,0x00,0xff,0xff,0x00,0x00,0xff,
	0xff,0x00,0x00,0xff,0xff,0x00,0x00,0xff,0xff,0x00,0x00,0xff,0xa6,0x00,0x00,0xff,
	0xa6,0x00,0x00,0xff,0xff,0xff,0xff,0x00,0xff,0xff,0xff,0x00,0xff,0xff,0xff,0x00,
	0xff,0xff,0xff,0x00,0xff,0xff,0xff,0x00,0xff,0xff,0xff,0x00,0x00,0xff,0x00,0xff,
	0x00,0xff,0x00,0xff,0x00,0xff,0x00,0xff,0x00,0xff,0x00,0xff,0x54,0xc3,0xe3,0xff,
	0xe6,0xe6,0xff,0xff,0x54,0xc3,0xe3,0xff,0x54,0xc3,0xe3,0xff,0xe6,0xe6,0xff,0xff,
	0x54,0xc3,0xe3,0xff,0x00,0xff,0x00,0xff,0x00,0xff,0x00,0xff,0x00,0xdc,0x00,0xff,
	0x00,0xdc,0x00,0xff,0xff,0xff,0xff,0x00,0xff,0xff,0xff,0x00,0xff,0xff,0xff,0x00,
	0xff,0xff,0xff,0x00,0xff,0xff,0xff,0x00,0xff,0xff,0xff,0x00,0xff,0xff,0xff,0x00,
	0xff,0xff,0xff,0x00,0xff,0xff,0xff,0x00,0xff,0xff,0xff,0x00,0x29,0x29,0xff,0xff,
	0xff,0xff,0xff,0x00,0xff,0xff,0x00,0xff,0xff,0xff,0x00,0xff,0xff,0xff,0xff,0x00,
	0x29,0x29,0xff,0xff,0xff,0xff,0xff,0x00,0xff,0xff,0xff,0x00,0xff,0xff,0xff,0x00,
	0xff,0xff,0xff,0x00,0xff,0xff,0xff,0x00,0xff,0xff,0xff,0x00,0xff,0xff,0xff,0x00,
	0xff,0xff,0xff,0x00,0xff,0xff,0xff,0x00,0xff,0xff,0x00,0xff,0xff,0xff,0x00,0xff,
	0xff,0xff,0x00,0xff,0xff,0xff,0x00,0xff,0xff,0xff,0x00,0xff,0xff,0xff,0x00,0xff,
	0xff,0xff,0x00,0xff,0xff,0xff,0x00,0xff,0xff,0xff,0x00,0xff,0xff,0xff,0x00,0xff,
	0xff,0xff,0x00,0xff,0xff,0xff,0x00,0xff,0xff,0xff,0x00,0xff,0xff,0xff,0x00,0xff,
	0xff,0xff,0x00,0xff,0xff,0xff,0xff,0x00,0xff,0xff,0xff,0x00,0xff,0xff,0xff,0x00,
	0xff,0xff,0xff,0x00,0xff,0xff,0xff,0x00,0xff,0xff,0xff,0x00,0xff,0xff,0xff,0x00,
	0xff,0xff,0xff,0x00,0xff,0xff,0xff,0x00,0xff,0xff,0xff,0x00,0xff,0xff,0xff,0x00,
	0xe6,0xe6,0xff,0xff,0xff,0xff,0xff,0x00,0xff,0xff,0xff,0x00,0xe6,0xe6,0xff,0xff,
	0xff,0xff,0xff,0x00,0xff,0xff,0xff,0x00,0xff,0xff,0xff,0x00,0xff,0xff,0xff,0x00,
	0xff,0xff,0xff,0x00,0xff,0xff,0xff,0x00,0xff,0xff,0xff,0x00,0xff,0xff,0xff,0x00,
	0xff,0xff,0xff,0x00,0xff,0xff,0xff,0x00,0xff,0xff,0xff,0x00,0xff,0xff,0xff,0x00,
	0xff,0xff,0xff,0x00,0xff,0xff,0xff,0x00,0xff,0xff,0xff,0x00,0xff,0xff,0xff,0x00,
	0xff,0xff,0xff,0x00,0xff,0xff,0xff,0x00,0xff,0xff,0xff,0x00,0xff,0xff,0xff,0x00,
	0xff,0xff,0xff,0x00,0xff,0xff,0xff,0x00,0xff,0xff,0xff,0x00,0xff,0xff,0xff,0x00,
	0xff,0xff,0xff,0x00,0xff,0xff,0xff,0x00,0xff,0xff,0xff,0x00,0xff,0xff,0xff,0x00,
	0xff,0xff,0xff,0x00,0xff,0xff,0xff,0x00,0xff,0xff,0xff,0x00,0xff,0xff,0xff,0x00,
	0xff,0xff,0xff,0x00,0xff,0xff,0xff,0x00,0xff,0xff,0xff,0x00,0xff,0xff,0xff,0x00,
	0xff,0xff,0xff,0x00,0xff,0xff,0xff,0x00,0xff,0xff,0xff,0x00,0xff,0xff,0xff,0x00,
	0xff,0xff,0xff,0x00,0xff,0xff,0xff,0x00,0xff,0xff,0xff,0x00,0xff,0xff,0xff,0x00,
	0xff,0xff,0xff,0x00,0xff,0xff,0xff,0x00,0xff,0xff,0xff,0x00,0xff,0xff,0xff,0x00,
	0xff,0xff,0xff,0x00,0xff,0xff,0xff,0x00,0xff,0xff,0xff,0x00,0xff,0xff,0xff,0x00,
	0xff,0xff,0xff,0x00,0xff,0xff,0xff,0x00,0xff,0xff,0xff,0x00,0xff,0xff,0xff,0x00,
	0xff,0xff,0xff,0x00,0xff,0xff,0xff,0x00,0xff,0xff,0xff,0x00,0xff,0xff,0xff,0x00,
	0xff,0xff,0xff,0x00,0xff,0xff,0xff,0x00,0xff,0xff,0xff,0x00,0xff,0xff,0xff,0x00,
	0xff,0xff,0xff,0x00,0xff,0xff,0xff,0x00,0xff,0xff,0xff,0x00,0xff,0xff,0xff,0x00,
	0xff,0xff,0xff,0x00,0xff,0xff,0xff,0x00,0xff,0xff,0xff,0x00,0xff,0xff,0xff,0x00,
	0xff,0xff,0xff,0x00,0xff,0xff,0xff,0x00,0xff,0xff,0xff,0x00,0xff,0xff,0xff,0x00,
	0xff,0xff,0xff,0x00,0xff,0xff,0xff,0x00,0xff,0xff,0xff,0x00,0xff,0xff,0xff,0x00,
	0xff,0xff,0xff,0x00,0xff,0xff,0xff,0x00,0xff,0xff,0xff,0x00,0xff,0xff,0xff,0x00,
	0xff,0xff,0xff,0x00,0xff,0xff,0xff,0x00,0xff,0xff,0xff,0x00,0xff,0xff,0xff,0x00,
	0xff,0xff,0xff,0x00,0xff,0xff,0xff,0x00,0xff,0xff,0xff,0x00,0xff,0xff,0xff,0x00,
	0xff,0xff,0xff,0x00,0xff,0xff,0xff,0x00,0xff,0xff,0xff,0x00,0xff,0xff,0xff,0x00,
	0xff,0xff,0xff,0x00,0xff,0xff,0xff,0x00,0xff,0xff,0xff,0x00,0xff,0xff,0xff,0x00,
	0xff,0xff,0xff,0x00,0xff,0xff,0xff,0x00,0xff,0xff,0xff,0x00,0xff,0xff,0xff,0x00,
	0xff,0xff,0xff,0x00,0xff,0xff,0xff,0x00,0xff,0xff,0xff,0x00,0xff,0xff,0xff,0x00,
	0xff,0xff,0xff,0x00,0xff,0xff,0xff,0x00,0xff,0xff,0xff,0x00,0xff,0xff,0xff,0x00,
	0xff,0xff,0x00,0xff,0xff,0xff,0x00,0xff,0xff,0xff,0x00,0xff,0xff,0xff,0x00,0xff,
	0xff,0xff,0x00,0xff,0xff,0xff,0x00,0xff,0xff,0xff,0x00,0xff,0xff,0xff,0x00,0xff,
	0xff,0xff,0x00,0xff,0xff,0xff,0x00,0xff,0xff,0xff,0x00,0xff,0xff,0xff,0x00,0xff,
	0xff,0xff,0xff,0x00,0xff,0xff,0xff,0x00,0xff,0xff,0xff,0x00,0xff,0xff,0xff,0x00,
	0xff,0xff,0xff,0x00,0xff,0xff,0xff,0x00,0xff,0xff,0xff,0x00,0xff,0xff,0xff,0x00,
	0xff,0xff,0x00,0xff,0xff,0xff,0x00,0xff,0xff,0xff,0x00,0xff,0xff,0xff,0x00,0xff,
	0xff,0xff,0x00,0xff,0xff,0xff,0x00,0xff,0xff,0xff,0x00,0xff,0xff,0xff,0x00,0xff,
	0xff,0xff,0x00,0xff,0xff,0xff,0x00,0xff,0xff,0xff,0x00,0xff,0xff,0xff,0x00,0xff,
	0xff,0xff,0xff,0x00,0xff,0xff,0xff,0x00,0xff,0xff,0xff,0x00,0xff,0xff,0xff,0x00,
	0xff,0xff,0xff,0x00,0xff,0xff,0xff,0x00,0xff,0xff,0xff,0x00,0xff,0xff,0xff,0x00,
	0xff,0xff,0xff,0x00,0xff,0xff,0x00,0xff,0xff,0xff,0x00,0xff,0xff,0xff,0x00,0xff,
	0xff,0xff,0x00,0xff,0xff,0xff,0x00,0xff,0xff,0xff,0x00,0xff,0xff,0xff,0x00,0xff,
	0xff,0xff,0x00,0xff,0xff,0xff,0x00,0xff,0xff,0xff,0x00,0xff,0xff,0xff,0x00,0xff,
	0xff,0xff,0xff,0x00,0xff,0xff,0xff,0x00,0xff,0xff,0xff,0x00,0xff,0xff,0xff,0x00,
	0xff,0xff,0xff,0x00,0xff,0xff,0xff,0x00,0xff,0xff,0xff,0x00,0xff,0xff,0xff,0x00,
	0xff,0xff,0x00,0xff,0xff,0xff,0x00,0xff,0xff,0xff,0x00,0xff,0xff,0xff,0xff,0x00,
	0xff,0xff,0xff,0x00,0xff,0xff,0xff,0x00,0xff,0xff,0xff,0x00,0xff,0xff,0xff,0x00,
	0xff,0xff,0xff,0x00,0xff,0xff,0x00,0xff,0xff,0xff,0x00,0xff,0xff,0xff,0x00,0xff,
	0xff,0xff,0xff,0x00,0xff,0xff,0xff,0x00,0xff,0xff,0xff,0x00,0xff,0xff,0xff,0x00,
	0xff,0xff,0xff,0x00,0xff,0xff,0xff,0x00,0xff,0xff,0xff,0x00,0xff,0xff,0xff,0x00,
	0xff,0xff,0xff,0x00,0xff,0xff,0xff,0x00,0xff,0xff,0xff,0x00,0xff,0xff,0xff,0x00,
	0xff,0xff,0xff,0x00,0xff,0xff,0xff,0x00,0xff,0xff,0xff,0x00,0xff,0xff,0xff,0x00,
	0xff,0xff,0xff,0x00,0xff,0xff,0xff,0x00,0xff,0xff,0xff,0x00,0xff,0xff,0xff,0x00,
	0xff,0xff,0xff,0x00,0xff,0xff,0xff,0x00,0xff,0xff,0xff,0x00,0xff,0xff,0xff,0x00,
	0xff,0xff,0xff,0x00,0xff,0xff,0xff,0x00,0xff,0xff,0xff,0x00,0xff,0xff,0xff,0x00,
	0xff,0xff,0x00,0xff,0xff,0xff,0x00,0xff,0xff,0xff,0x00,0xff,0xff,0xff,0x00,0xff,
	0xff,0xff,0x00,0xff,0xff,0xff,0x00,0xff,0xff,0xff,0x00,0xff,0xff,0xff,0x00,0xff,
	0xff,0xff,0x00,0xff,0xff,0xff,0x00,0xff,0xff,0xff,0x00,0xff,0xff,0xff,0x00,0xff,
	0xff,0xff,0xff,0x00,0xff,0xff,0xff,0x00,0xff,0xff,0xff,0x00,0xff,0xff,0xff,0x00,
	0xff,0xff,0xff,0x00,0xff,0xff,0xff,0x00,0xff,0xff,0xff,0x00,0xff,0xff,0xff,0x00,
	0xff,0xff,0x00,0xff,0xff,0xff,0x00,0xff,0xff,0xff,0x00,0xff,0xff,0xff,0x00,0xff,
	0xff,0xff,0x00,0xff,0xff,0xff,0x00,0xff,0xff,0xff,0x00,0xff,0xff,0xff,0x00,0xff,
	0xff,0xff,0x00,0xff,0xff,0xff,0x00,0xff,0xff,0xff,0x00,0xff,0xff,0xff,0xff,0x00,
	0xff,0xff,0xff,0x00,0xff,0xff,0xff,0x00,0xff,0xff,0xff,0x00,0xff,0xff,0xff,0x00,
	0xff,0xff,0xff,0x00,0xff,0xff,0xff,0x00,0xff,0xff,0xff,0x00,0xff,0xff,0xff,0x00,
	0xff,0xff,0x00,0xff,0xff,0xff,0x00,0xff,0xff,0xff,0x00,0xff,0xff,0xff,0x00,0xff,
	0xff,0xff,0x00,0xff,0xff,0xff,0x00,0xff,0xff,0xff,0x00,0xff,0xff,0xff,0x00,0xff,
	0xff,0xff,0x00,0xff,0xff,0xff,0x00,0xff,0xff,0xff,0x00,0xff,0xff,0xff,0x00,0xff,
	0xff,0xff,0xff,0x00,0xff,0xff,0xff,0x00,0xff,0xff,0xff,0x00,0xff,0xff,0xff,0x00,
	0xff,0xff,0xff,0x00,0xff,0xff,0xff,0x00,0xff,0xff,0xff,0x00,0xff,0xff,0xff,0x00,
	0xff,0xff,0x00,0xff,0xff,0xff,0x00,0xff,0xff,0xff,0x00,0xff,0xff,0xff,0x00,0xff,
	0xff,0xff,0x00,0xff,0xff,0xff,0x00,0xff,0xff,0xff,0x00,0xff,0xff,0xff,0x00,0xff,
	0xff,0xff,0x00,0xff,0xff,0xff,0x00,0xff,0xff,0xff,0x00,0xff,0xff,0xff,0x00,0xff,
	0xff,0xff,0xff,0x00,0xff,0xff,0xff,0x00,0xff,0xff,0xff,0x00,0xff,0xff,0xff,0x00,
	0xff,0xff,0xff,0x00,0xff,0xff,0xff,0x00,0xff,0xff,0xff,0x00,0xff,0xff,0xff,0x00,
	0xff,0xff,0x00,0xff,0xff,0xff,0x00,0xff,0xff,0xff,0x00,0xff,0xff,0xff,0x00,0xff,
	0xff,0xff,0x00,0xff,0xff,0xff,0x00,0xff,0xff,0xff,0x00,0xff,0xff,0xff,0x00,0xff,
	0xff,0xff,0x00,0xff,0xff,0xff,0x00,0xff,0xff,0xff,0x00,0xff,0xff,0xff,0x00,0xff,
	0xff,0xff,0xff,0x00,0xff,0xff,0xff,0x00,0xff,0xff,0xff,0x00,0xff,0xff,0xff,0x00,
	0xff,0xff,0xff,0x00,0xff,0xff,0xff,0x00,0xff,0xff,0xff,0x00,0xff,0xff,0xff,0x00,
	0xff,0xff,0x00,0xff,0xff,0xff,0x00,0xff,0xff,0xff,0x00,0xff,0xff,0xff,0x00,0xff,
	0xff,0xff,0x00,0xff,0xff,0xff,0x00,0xff,0xff,0xff,0x00,0xff,0xff,0xff,0x00,0xff,
	0xff,0xff,0x00,0xff,0xff,0xff,0x00,0xff,0xff,0xff,0x00,0xff,0xff,0xff,0x00,0xff,
	0xff,0xff,0xff,0x00,0xff,0xff,0xff,0x00,0xff,0xff,0xff,0x00,0xff,0xff,0xff,0x00,
	0xff,0xff,0xff,0x00,0xff,0xff,0xff,0x00,0xff,0xff,0xff,0x00,0xff,0xff,0xff,0x00,
	0xff,0xff,0x00,0xff,0xff,0xff,0x00,0xff,0xff,0xff,0x00,0xff,0xff,0xff,0x00,0xff,
	0xff,0xff,0x00,0xff,0xff,0xff,0x00,0xff,0xff,0xff,0x00,0xff,0xff,0xff,0x00,0xff,
	0xff,0xff,0x00,0xff,0xff,0xff,0x00,0xff,0xff,0xff,0x00,0xff,0xff,0xff,0x00,0xff,
	0xff,0xff,0xff,0x00,0xff,0xff,0xff,0x00,0xff,0xff,0xff,0x00,0xff,0xff,0xff,0x00,
	0xff,0xff,0xff,0x00,0xff,0xff,0xff,0x00,0xff,0xff,0xff,0x00,0xff,0xff,0xff,0x00,
	0xff,0xff,0x00,0xff,0xff,0xff,0x00,0xff,0xff,0xff,0x00,0xff,0xff,0xff,0x00,0xff,
	0xff,0xff,0x00,0xff,0xff,0xff,0x00,0xff,0xff,0xff,0x00,0xff,0xff,0xff,0x00,0xff,
	0xff,0xff,0x00,0xff,0xff,0xff,0x00,0xff,0xff,0xff,0x00,0xff,0xff,0xff,0x00,0xff,
	0xff,0xff,0xff,0x00,0xff,0xff,0xff,0x00,0xff,0xff,0xff,0x00,0xff,0xff,0xff,0x00,
	0xff,0xff,0xff,0x00,0xff,0xff,0xff,0x00,0xff,0xff,0xff,0x00,0xff,0xff,0xff,0x00,
	0xff,0xff,0xff,0x00,0xff,0xff,0xff,0x00,0xff,0xff,0xff,0x00,0xff,0xff,0x00,0xff,
	0xff,0xff,0x00,0xff,0xff,0xff,0x00,0xff,0xff,0xff,0x00,0xff,0xff,0xff,0x00,0xff,
	0xff,0xff,0x00,0xff,0xff,0xff,0xff,0x00,0xff,0xff,0xff,0x00,0xff,0xff,0xff,0x00,
	0xff,0xff,0xff,0x00,0xff,0xff,0xff,0x00,0xff,0xff,0xff,0x00,0xff,0xff,0xff,0x00,
	0xff,0xff,0xff,0x00,0xff,0xff,0xff,0x00,0xff,0xff,0xff,0x00,0xff,0xff,0xff,0x00,
	0xff,0xff,0xff,0x00,0xff,0xff,0xff,0x00,0xff,0xff,0x00,0xff,0xff,0xff,0xff,0x00,
	0xff,0xff,0xff,0x00,0xff,0xff,0x00,0xff,0xff,0xff,0xff,0x00,0xff,0xff,0xff,0x00,
	0xff,0xff,0x00,0xff,0xff,0xff,0xff,0x00,0xff,0xff,0xff,0x00,0xff,0xff,0xff,0x00,
	0xff,0xff,0xff,0x00,0xff,0xff,0xff,0x00,0xff,0xff,0xff,0x00,0xff,0xff,0xff,0x00,
	0xff,0xff,0xff,0x00,0xff,0x00,0x00,0xff,0xff,0x00,0x00,0xff,0xff,0x00,0x00,0xff,
	0xff,0x00,0x00,0xff,0xff,0x00,0x00,0xff,0xff,0x00,0x00,0xff,0xff,0x00,0x00,0xff,
	0xff,0x00,0x00,0xff,0xff,0x00,0x00,0xff,0xff,0x00,0x00,0xff,0xff,0x00,0x00,0xff,
	0xff,0x00,0x00,0xff,0xff,0x00,0x00,0xff,0xff,0x00,0x00,0xff,0xff,0x00,0x00,0xff,
	0xff,0x00,0x00,0xff,0xff,0x00,0x00,0xff,0xff,0x00,0x00,0xff,0xff,0xff,0xff,0x00,
	0xff,0xff,0xff,0x00,0xff,0x00,0x00,0xff,0xff,0x00,0x00,0xff,0xff,0x00,0x00,0xff,
	0xff,0x00,0x00,0xff,0xff,0x00,0x00,0xff,0xff,0x00,0x00,0xff,0xff,0x00,0x00,0xff,
	0xff,0x00,0x00,0xff,0xff,0x00,0x00,0xff,0xff,0x00,0x00,0xff,0xff,0x00,0x00,0xff,
	0xff,0x00,0x00,0xff,0xff,0x00,0x00,0xff,0xff,0x00,0x00,0xff,0xff,0x00,0x00,0xff,
	0xff,0x00,0x00,0xff,0xff,0x00,0x00,0xff,0xff,0x00,0x00,0xff,0xff,0xff,0xff,0x00,
	0xff,0xff,0xff,0x00,0xff,0x00,0x00,0xff,0xff,0x00,0x00,0xff,0xff,0x00,0x00,0xff,
	0xff,0x00,0x00,0xff,0xff,0x00,0x00,0xff,0xff,0x00,0x00,0xff,0xff,0x00,0x00,0xff,
	0xff,0x00,0x00,0xff,0xff,0x00,0x00,0xff,0xff,0x00,0x00,0xff,0xff,0x00,0x00,0xff,
	0xff,0x00,0x00,0xff,0xff,0x00,0x00,0xff,0xff,0x00,0x00,0xff,0xff,0x00,0x00,0xff,
	0xff,0x00,0x00,0xff,0xff,0x00,0x00,0xff,0xff,0x00,0x00,0xff,0xff,0xff,0xff,0x00,
	0xff,0xff,0xff,0x00,0xff,0x00,0x00,0xff,0xff,0x00,0x00,0xff,0xff,0x00,0x00,0xff,
	0xff,0x00,0x00,0xff,0xff,0x00,0x00,0xff,0xff,0x00,0x00,0xff,0xff,0x00,0x00,0xff,
	0xff,0x00,0x00,0xff,0xff,0x00,0x00,0xff,0xff,0x00,0x00,0xff,0xff,0x00,0x00,0xff,
	0xff,0x00,0x00,0xff,0xff,0x00,0x00,0xff,0xff,0x00,0x00,0xff,0xff,0x00,0x00,0xff,
	0xff,0x00,0x00,0xff,0xff,0x00,0x00,0xff,0xff,0x00,0x00,0xff,0xff,0xff,0xff,0x00,
	0xff,0xff,0xff,0x00,0xff,0x00,0x00,0xff,0xff,0x00,0x00,0xff,0xff,0x00,0x00,0xff,
	0xff,0x00,0x00,0xff,0xff,0x00,0x00,0xff,0xff,0x00,0x00,0xff,0xff,0x00,0x00,0xff,
	0xff,0x00,0x00,0xff,0xff,0x00,0x00,0xff,0xff,0x00,0x00,0xff,0xff,0x00,0x00,0xff,
	0xff,0x00,0x00,0xff,0xff,0x00,0x00,0xff,0xff,0x00,0x00,0xff,0xff,0x00,0x00,0xff,
	0xff,0x00,0x00,0xff,0xff,0x00,0x00,0xff,0xff,0x00,0x00,0xff,0xff,0xff,0xff,0x00,
	0xff,0xff,0xff,0x00,0xff,0x00,0x00,0xff,0xff,0x00,0x00,0xff,0xff,0x00,0x00,0xff,
	0xff,0x00,0x00,0xff,0xff,0x00,0x00,0xff,0xff,0x00,0x00,0xff,0xff,0x00,0x00,0xff,
	0xff,0x00,0x00,0xff,0xff,0x00,0x00,0xff,0xff,0x00,0x00,0xff,0xff,0x00,0x00,0xff,
	0xff,0x00,0x00,0xff,0xff,0x00,0x00,0xff,0xff,0x00,0x00,0xff,0xff,0x00,0x00,0xff,
	0xff,0x00,0x00,0xff,0xff,0x00,0x00,0xff,0xff,0x00,0x00,0xff,0xff,0xff,0xff,0x00,
	0xff,0xff,0xff,0x00,0xff,0x00,0x00,0xff,0xff,0x00,0x00,0xff,0xff,0x00,0x00,0xff,
	0xff,0x00,0x00,0xff,0xff,0x00,0x00,0xff,0xff,0x00,0x00,0xff,0xff,0x00,0x00,0xff,
	0xff,0x00,0x00,0xff,0xff,0x00,0x00,0xff,0xff,0x00,0x00,0xff,0xff,0x00,0x00,0xff,
	0xff,0x00,0x00,0xff,0xff,0x00,0x00,0xff,0xff,0x00,0x00,0xff,0xff,0x00,0x00,0xff,
	0xff,0x00,0x00,0xff,0xff,0x00,0x00,0xff,0xff,0x00,0x00,0xff,0xff,0xff,0xff,0x00,
	0xff,0xff,0xff,0x00,0xff,0x00,0x00,0xff,0xff,0x00,0x00,0xff,0xff,0x00,0x00,0xff,
	0xff,0x00,0x00,0xff,0xff,0x00,0x00,0xff,0xff,0x00,0x00,0xff,0xff,0x00,0x00,0xff,
	0xff,0x00,0x00,0xff,0xff,0x00,0x00,0xff,0xff,0x00,0x00,0xff,0xff,0x00,0x00,0xff,
	0xff,0x00,0x00,0xff,0xff,0x00,0x00,0xff,0xff,0x00,0x00,0xff,0xff,0x00,0x00,0xff,
	0xff,0x00,0x00,0xff,0xff,0x00,0x00,0xff,0xff,0x00,0x00,0xff,0xff,0xff,0xff,0x00,
	0xff,0xff,0xff,0x00,0xff,0xa6,0xc3,0xff,0xff,0xa6,0xc3,0xff,0xff,0xa6,0xc3,0xff,
	0xff,0xa6,0xc3,0xff,0xff,0xa6,0xc3,0xff,0xff,0xa6,0xc3,0xff,0xff,0xa6,0xc3,0xff,
	0xff,0xa6,0xc3,0xff,0xff,0xa6,0xc3,0xff,0xff,0xa6,0xc3,0xff,0xff,0xa6,0xc3,0xff,
	0xff,0xa6,0xc3,0xff,0xff,0xa6,0xc3,0xff,0xff,0xa6,0xc3,0xff,0xff,0xa6,0xc3,0xff,
	0xff,0xa6,0xc3,0xff,0xff,0xa6,0xc3,0xff,0xff,0xa6,0xc3,0xff,0xff,0xff,0xff,0x00,
	0xff,0xff,0xff,0x00,0xff,0xa6,0xc3,0xff,0xff,0xa6,0xc3,0xff,0xff,0xa6,0xc3,0xff,
	0xff,0xa6,0xc3,0xff,0xff,0xa6,0xc3,0xff,0xff,0xa6,0xc3,0xff,0xff,0xa6,0xc3,0xff,
	0xff,0xa6,0xc3,0xff,0xff,0xa6,0xc3,0xff,0xff,0xa6,0xc3,0xff,0xff,0xa6,0xc3,0xff,
	0xff,0xa6,0xc3,0xff,0xff,0xa6,0xc3,0xff,0xff,0xa6,0xc3,0xff,0xff,0xa6,0xc3,0xff,
	0xff,0xa6,0xc3,0xff,0xff,0xa6,0xc3,0xff,0xff,0xa6,0xc3,0xff,0xff,0xff,0xff,0x00,
	0xff,0xff,0xff,0x00,0xff,0xa6,0xc3,0xff,0xff,0xa6,0xc3,0xff,0xff,0xa6,0xc3,0xff,
	0xff,0xa6,0xc3,0xff,0xff,0xa6,0xc3,0xff,0xff,0xa6,0xc3,0xff,0xff,0xa6,0xc3,0xff,
	0xff,0xa6,0xc3,0xff,0xff,0xa6,0xc3,0xff,0xff,0xa6,0xc3,0xff,0xff,0xa6,0xc3,0xff,
	0xff,0xa6,0xc3,0xff,0xff,0xa6,0xc3,0xff,0xff,0xa6,0xc3,0xff,0xff,0xa6,0xc3,0xff,
	0xff,0xa6,0xc3,0xff,0xff,0xa6,0xc3,0xff,0xff,0xa6,0xc3,0xff,0xff,0xff,0xff,0x00,
	0xff,0xff,0xff,0x00,0xff,0xa6,0xc3,0xff,0xff,0xa6,0xc3,0xff,0xff,0xa6,0xc3,0xff,
	0xff,0xa6,0xc3,0xff,0xff,0xa6,0xc3,0xff,0xff,0xa6,0xc3,0xff,0xff,0xa6,0xc3,0xff,
	0xff,0xa6,0xc3,0xff,0xff,0xa6,0xc3,0xff,0xff,0xa6,0xc3,0xff,0xff,0xa6,0xc3,0xff,
	0xff,0xa6,0xc3,0xff,0xff,0xa6,0xc3,0xff,0xff,0xa6,0xc3,0xff,0xff,0xa6,0xc3,0xff,
	0xff,0xa6,0xc3,0xff,0xff,0xa6,0xc3,0xff,0xff,0xa6,0xc3,0xff,0xff,0xff,0xff,0x00,
	0xff,0xff,0xff,0x00,0xff,0xa6,0xc3,0xff,0xff,0xa6,0xc3,0xff,0xff,0xa6,0xc3,0xff,
	0xff,0xa6,0xc3,0xff,0xff,0xa6,0xc3,0xff,0xff,0xa6,0xc3,0xff,0xff,0xa6,0xc3,0xff,
	0xff,0xa6,0xc3,0xff,0xff,0xa6,0xc3,0xff,0xff,0xa6,0xc3,0xff,0xff,0xa6,0xc3,0xff,
	0xff,0xa6,0xc3,0xff,0xff,0xa6,0xc3,0xff,0xff,0xa6,0xc3,0xff,0xff,0xa6,0xc3,0xff,
	0xff,0xa6,0xc3,0xff,0xff,0xa6,0xc3,0xff,0xff,0xa6,0xc3,0xff,0xff,0xff,0xff,0x00,
	0xff,0xff,0xff,0x00,0xff,0xa6,0xc3,0xff,0xff,0xa6,0xc3,0xff,0xff,0xa6,0xc3,0xff,
	0xff,0xa6,0xc3,0xff,0xff,0xa6,0xc3,0xff,0xff,0xa6,0xc3,0xff,0xff,0xa6,0xc3,0xff,
	0xff,0xa6,0xc3,0xff,0xff,0xa6,0xc3,0xff,0xff,0xa6,0xc3,0xff,0xff,0xa6,0xc3,0xff,
	0xff,0xa6,0xc3,0xff,0xff,0xa6,0xc3,0xff,0xff,0xa6,0xc3,0xff,0xff,0xa6,0xc3,0xff,
	0xff,0xa6,0xc3,0xff,0xff,0xa6,0xc3,0xff,0xff,0xa6,0xc3,0xff,0xff,0xff,0xff,0x00,
	0xff,0xff,0xff,0x00,0xff,0xa6,0xc3,0xff,0xff,0xa6,0xc3,0xff,0xff,0xa6,0xc3,0xff,
	0xff,0xa6,0xc3,0xff,0xff,0xa6,0xc3,0xff,0xff,0xa6,0xc3,0xff,0xff,0xa6,0xc3,0xff,
	0xff,0xa6,0xc3,0xff,0xff,0xa6,0xc3,0xff,0xff,0xa6,0xc3,0xff,0xff,0xa6,0xc3,0xff,
	0xff,0xa6,0xc3,0xff,0xff,0xa6,0xc3,0xff,0xff,0xa6,0xc3,0xff,0xff,0xa6,0xc3,0xff,
	0xff,0xa6,0xc3,0xff,0xff,0xa6,0xc3,0xff,0xff,0xa6,0xc3,0xff,0xff,0xff,0xff,0x00,
	0xff,0xff,0xff,0x00,0xff,0xa6,0xc3,0xff,0xff,0xa6,0xc3,0xff,0xff,0xa6,0xc3,0xff,
	0xff,0xa6,0xc3,0xff,0xff,0xa6,0xc3,0xff,0xff,0xa6,0xc3,0xff,0xff,0xa6,0xc3,0xff,
	0xff,0xa6,0xc3,0xff,0xff,0xa6,0xc3,0xff,0xff,0xa6,0xc3,0xff,0xff,0xa6,0xc3,0xff,
	0xff,0xa6,0xc3,0xff,0xff,0xa6,0xc3,0xff,0xff,0xa6,0xc3,0xff,0xff,0xa6,0xc3,0xff,
	0xff,0xa6,0xc3,0xff,0xff,0xa6,0xc3,0xff,0xff,0xa6,0xc3,0xff,0xff,0xff,0xff,0x00,
	0xff,0xff,0xff,0x00,0x00,0xe6,0xff,0xff,0x00,0xe6,0xff,0xff,0x00,0xe6,0xff,0xff,
	0x00,0xe6,0xff,0xff,0x00,0xe6,0xff,0xff,0x00,0xe6,0xff,0xff,0x00,0xe6,0xff,0xff,
	0x00,0xe6,0xff,0xff,0x00,0xe6,0xff,0xff,0x00,0xe6,0xff,0xff,0x00,0xe6,0xff,0xff,
	0x00,0xe6,0xff,0xff,0x00,0xe6,0xff,0xff,0x00,0xe6,0xff,0xff,0x00,0xe6,0xff,0xff,
	0x00,0xe6,0xff,0xff,0x00,0xe6,0xff,0xff,0x00,0xe6,0xff,0xff,0xff,0xff,0xff,0x00,
	0xff,0xff,0xff,0x00,0x00,0xe6,0xff,0xff,0x00,0xe6,0xff,0xff,0x00,0xe6,0xff,0xff,
	0x00,0xe6,0xff,0xff,0x00,0xe6,0xff,0xff,0x00,0xe6,0xff,0xff,0x00,0xe6,0xff,0xff,
	0x00,0xe6,0xff,0xff,0x00,0xe6,0xff,0xff,0x00,0xe6,0xff,0xff,0x00,0xe6,0xff,0xff,
	0x00,0xe6,0xff,0xff,0x00,0xe6,0xff,0xff,0x00,0xe6,0xff,0xff,0x00,0xe6,0xff,0xff,
	0x00,0xe6,0xff,0xff,0x00,0xe6,0xff,0xff,0x00,0xe6,0xff,0xff,0xff,0xff,0xff,0x00,
	0xff,0xff,0xff,0x00,0x00,0xe6,0xff,0xff,0x00,0xe6,0xff,0xff,0x00,0xe6,0xff,0xff,
	0x00,0xe6,0xff,0xff,0x00,0xe6,0xff,0xff,0x00,0xe6,0xff,0xff,0x00,0xe6,0xff,0xff,
	0x00,0xe6,0xff,0xff,0x00,0xe6,0xff,0xff,0x00,0xe6,0xff,0xff,0x00,0xe6,0xff,0xff,
	0x00,0xe6,0xff,0xff,0x00,0xe6,0xff,0xff,0x00,0xe6,0xff,0xff,0x00,0xe6,0xff,0xff,
	0x00,0xe6,0xff,0xff,0x00,0xe6,0xff,0xff,0x00,0xe6,0xff,0xff,0xff,0xff,0xff,0x00,
	0xff,0xff,0xff,0x00,0x00,0xe6,0xff,0xff,0x00,0xe6,0xff,0xff,0x00,0xe6,0xff,0xff,
	0x00,0xe6,0xff,0xff,0x00,0xe6,0xff,0xff,0x00,0xe6,0xff,0xff,0x00,0xe6,0xff,0xff,
	0x00,0xe6,0xff,0xff,0x00,0xe6,0xff,0xff,0x00,0xe6,0xff,0xff,0x00,0xe6,0xff,0xff,
	0x00,0xe6,0xff,0xff,0x00,0xe6,0xff,0xff,0x00,0xe6,0xff,0xff,0x00,0xe6,0xff,0xff,
	0x00,0xe6,0xff,0xff,0x00,0xe6,0xff,0xff,0x00,0xe6,0xff,0xff,0xff,0xff,0xff,0x00,
	0xff,0xff,0xff,0x00,0x00,0xe6,0xff,0xff,0x00,0xe6,0xff,0xff,0x00,0xe6,0xff,0xff,
	0x00,0xe6,0xff,0xff,0x00,0xe6,0xff,0xff,0x00,0xe6,0xff,0xff,0x00,0xe6,0xff,0xff,
	0x00,0xe6,0xff,0xff,0x00,0xe6,0xff,0xff,0x00,0xe6,0xff,0xff,0x00,0xe6,0xff,0xff,
	0x00,0xe6,0xff,0xff,0x00,0xe6,0xff,0xff,0x00,0xe6,0xff,0xff,0x00,0xe6,0xff,0xff,
	0x00,0xe6,0xff,0xff,0x00,0xe6,0xff,0xff,0x00,0xe6,0xff,0xff,0xff,0xff,0xff,0x00,
	0xff,0xff,0xff,0x00,0x00,0xe6,0xff,0xff,0x00,0xe6,0xff,0xff,0x00,0xe6,0xff,0xff,
	0x00,0xe6,0xff,0xff,0x00,0xe6,0xff,0xff,0x00,0xe6,0xff,0xff,0x00,0xe6,0xff,0xff,
	0x00,0xe6,0xff,0xff,0x00,0xe6,0xff,0xff,0x00,0xe6,0xff,0xff,0x00,0xe6,0xff,0xff,
	0x00,0xe6,0xff,0xff,0x00,0xe6,0xff,0xff,0x00,0xe6,0xff,0xff,0x00,0xe6,0xff,0xff,
	0x00,0xe6,0xff,0xff,0x00,0xe6,0xff,0xff,0x00,0xe6,0xff,0xff,0xff,0xff,0xff,0x00,
	0xff,0xff,0xff,0x00,0x00,0xe6,0xff,0xff,0x00,0xe6,0xff,0xff,0x00,0xe6,0xff,0xff,
	0x00,0xe6,0xff,0xff,0x00,0xe6,0xff,0xff,0x00,0xe6,0xff,0xff,0x00,0xe6,0xff,0xff,
	0x00,0xe6,0xff,0xff,0x00,0xe6,0xff,0xff,0x00,0xe6,0xff,0xff,0x00,0xe6,0xff,0xff,
	0x00,0xe6,0xff,0xff,0x00,0xe6,0xff,0xff,0x00,0xe6,0xff,0xff,0x00,0xe6,0xff,0xff,
	0x00,0xe6,0xff,0xff,0x00,0xe6,0xff,0xff,0x00,0xe6,0xff,0xff,0xff,0xff,0xff,0x00,
	0xff,0xff,0xff,0x00,0x00,0xe6,0xff,0xff,0x00,0xe6,0xff,0xff,0x00,0xe6,0xff,0xff,
	0x00,0xe6,0xff,0xff,0x00,0xe6,0xff,0xff,0x00,0xe6,0xff,0xff,0x00,0xe6,0xff,0xff,
	0x00,0xe6,0xff,0xff,0x00,0xe6,0xff,0xff,0x00,0xe6,0xff,0xff,0x00,0xe6,0xff,0xff,
	0x00,0xe6,0xff,0xff,0x00,0xe6,0xff,0xff,0x00,0xe6,0xff,0xff,0x00,0xe6,0xff,0xff,
	0x00,0xe6,0xff,0xff,0x00,0xe6,0xff,0xff,0x00,0xe6,0xff,0xff,0xff,0xff,0xff,0x00,
	0xff,0xff,0xff,0x00,0xff,0xa6,0x00,0xff,0xff,0xa6,0x00,0xff,0xff,0xa6,0x00,0xff,
	0xff,0xa6,0x00,0xff,0xff,0xa6,0x00,0xff,0xff,0xa6,0x00,0xff,0xff,0xa6,0x00,0xff,
	0xff,0xa6,0x00,0xff,0xff,0xa6,0x00,0xff,0xff,0xa6,0x00,0xff,0xff,0xa6,0x00,0xff,
	0xff,0xa6,0x00,0xff,0xff,0xa6,0x00,0xff,0xff,0xa6,0x00,0xff,0xff,0xa6,0x00,0xff,
	0xff,0xa6,0x00,0xff,0xff,0xa6,0x00,0xff,0xff,0xa6,0x00,0xff,0xff,0xff,0xff,0x00,
	0xff,0xff,0xff,0x00,0xff,0xa6,0x00,0xff,0xff,0xa6,0x00,0xff,0xff,0xa6,0x00,0xff,
	0xff,0xa6,0x00,0xff,0xff,0xa6,0x00,0xff,0xff,0xa6,0x00,0xff,0xff,0xa6,0x00,0xff,
	0xff,0xa6,0x00,0xff,0xff,0xa6,0x00,0xff,0xff,0xa6,0x00,0xff,0xff,0xa6,0x00,0xff,
	0xff,0xa6,0x00,0xff,0xff,0xa6,0x00,0xff,0xff,0xa6,0x00,0xff,0xff,0xa6,0x00,0xff,
	0xff,0xa6,0x00,0xff,0xff,0xa6,0x00,0xff,0xff,0xa6,0x00,0xff,0xff,0xff,0xff,0x00,
	0xff,0xff,0xff,0x00,0xff,0xa6,0x00,0xff,0xff,0xa6,0x00,0xff,0xff,0xa6,0x00,0xff,
	0xff,0xa6,0x00,0xff,0xff,0xa6,0x00,0xff,0xff,0xa6,0x00,0xff,0xff,0xa6,0x00,0xff,
	0xff,0xa6,0x00,0xff,0xff,0xa6,0x00,0xff,0xff,0xa6,0x00,0xff,0xff,0xa6,0x00,0xff,
	0xff,0xa6,0x00,0xff,0xff,0xa6,0x00,0xff,0xff,0xa6,0x00,0xff,0xff,0xa6,0x00,0xff,
	0xff,0xa6,0x00,0xff,0xff,0xa6,0x00,0xff,0xff,0xa6,0x00,0xff,0xff,0xff,0xff,0x00,
	0xff,0xff,0xff,0x00,0xff,0xa6,0x00,0xff,0xff,0xa6,0x00,0xff,0xff,0xa6,0x00,0xff,
	0xff,0xa6,0x00,0xff,0xff,0xa6,0x00,0xff,0xff,0xa6,0x00,0xff,0xff,0xa6,0x00,0xff,
	0xff,0xa6,0x00,0xff,0xff,0xa6,0x00,0xff,0xff,0xa6,0x00,0xff,0xff,0xa6,0x00,0xff,
	0xff,0xa6,0x00,0xff,0xff,0xa6,0x00,0xff,0xff,0xa6,0x00,0xff,0xff,0xa6,0x00,0xff,
	0xff,0xa6,0x00,0xff,0xff,0xa6,0x00,0xff,0xff,0xa6,0x00,0xff,0xff,0xff,0xff,0x00,
	0xff,0xff,0xff,0x00,0xff,0xa6,0x00,0xff,0xff,0xa6,0x00,0xff,0xff,0xa6,0x00,0xff,
	0xff,0xa6,0x00,0xff,0xff,0xa6,0x00,0xff,0xff,0xa6,0x00,0xff,0xff,0xa6,0x00,0xff,
	0xff,0xa6,0x00,0xff,0xff,0xa6,0x00,0xff,0xff,0xa6,0x00,0xff,0xff,0xa6,0x00,0xff,
	0xff,0xa6,0x00,0xff,0xff,0xa6,0x00,0xff,0xff,0xa6,0x00,0xff,0xff,0xa6,0x00,0xff,
	0xff,0xa6,0x00,0xff,0xff,0xa6,0x00,0xff,0xff,0xa6,0x00,0xff,0xff,0xff,0xff,0x00,
	0xff,0xff,0xff,0x00,0xff,0xa6,0x00,0xff,0xff,0xa6,0x00,0xff,0xff,0xa6,0x00,0xff,
	0xff,0xa6,0x00,0xff,0xff,0xa6,0x00,0xff,0xff,0xa6,0x00,0xff,0xff,0xa6,0x00,0xff,
	0xff,0xa6,0x00,0xff,0xff,0xa6,0x00,0xff,0xff,0xa6,0x00,0xff,0xff,0xa6,0x00,0xff,
	0xff,0xa6,0x00,0xff,0xff,0xa6,0x00,0xff,0xff,0xa6,0x00,0xff,0xff,0xa6,0x00,0xff,
	0xff,0xa6,0x00,0xff,0xff,0xa6,0x00,0xff,0xff,0xa6,0x00,0xff,0xff,0xff,0xff,0x00,
	0xff,0xff,0xff,0x00,0xff,0xa6,0x00,0xff,0xff,0xa6,0x00,0xff,0xff,0xa6,0x00,0xff,
	0xff,0xa6,0x00,0xff,0xff,0xa6,0x00,0xff,0xff,0xa6,0x00,0xff,0xff,0xa6,0x00,0xff,
	0xff,0xa6,0x00,0xff,0xff,0xa6,0x00,0xff,0xff,0xa6,0x00,0xff,0xff,0xa6,0x00,0xff,
	0xff,0xa6,0x00,0xff,0xff,0xa6,0x00,0xff,0xff,0xa6,0x00,0xff,0xff,0xa6,0x00,0xff,
	0xff,0xa6,0x00,0xff,0xff,0xa6,0x00,0xff,0xff,0xa6,0x00,0xff,0xff,0xff,0xff,0x00,
	0xff,0xff,0xff,0x00,0xff,0xa6,0x00,0xff,0xff,0xa6,0x00,0xff,0xff,0xa6,0x00,0xff,
	0xff,0xa6,0x00,0xff,0xff,0xa6,0x00,0xff,0xff,0xa6,0x00,0xff,0xff,0xa6,0x00,0xff,
	0xff,0xa6,0x00,0xff,0xff,0xa6,0x00,0xff,0xff,0xa6,0x00,0xff,0xff,0xa6,0x00,0xff,
	0xff,0xa6,0x00,0xff,0xff,0xa6,0x00,0xff,0xff,0xa6,0x00,0xff,0xff,0xa6,0x00,0xff,
	0xff,0xa6,0x00,0xff,0xff,0xa6,0x00,0xff,0xff,0xa6,0x00,0xff,0xff,0xff,0xff,0x00,
	0xff,0xff,0xff,0x00,0xff,0xff,0xff,0x00,0xff,0xff,0xff,0x00,0xff,0xff,0xff,0x00,
	0xff,0xff,0xff,0x00,0xff,0xff,0xff,0x00,0xff,0xff,0xff,0x00,0xff,0xff,0xff,0x00,
	0xff,0xff,0xff,0x00,0xff,0xff,0xff,0x00,0xff,0xff,0xff,0x00,0xff,0xff,0xff,0x00,
	0xff,0xff,0xff,0x00,0xff,0xff,0xff,0x00,0xff,0xff,0xff,0x00,0xff,0xff,0xff,0x00,
	0xff,0xff,0xff,0x00,0xff,0xff,0xff,0x00,0xff,0xff,0xff,0x00,0xff,0xff,0xff,0x00,
	0xff,0xff,0xff,0x00,0xff,0xff,0xff,0x00,0xff,0xff,0xff,0x00,0xff,0xff,0xff,0x00,
	0xff,0xff,0xff,0x00,0xff,0xff,0xff,0x00,0xff,0xff,0xff,0x00,0xff,0xff,0xff,0x00,
	0xff,0xff,0xff,0x00,0xff,0xff,0xff,0x00,0xff,0xff,0xff,0x00,0xff,0xff,0xff,0x00,
	0xff,0xff,0xff,0x00,0xff,0xff,0xff,0x00,0xff,0xff,0xff,0x00,0xff,0xff,0xff,0x00,
	0xff,0xff,0xff,0x00,0xff,0xff,0xff,0x00,0xff,0xff,0xff,0x00,0xff,0xff,0xff,0x00,
	0xff,0xff,0xff,0x00,0xff,0xff,0xff,0x00,0xff,0xff,0xff,0x00,0xff,0xff,0xff,0x00,
	0xff,0xff,0xff,0x00,0xff,0xff,0xff,0x00,0xff,0xff,0xff,0x00,0xff,0xff,0xff,0x00,
	0xff,0xff,0xff,0x00,0xff,0xff,0xff,0x00,0xff,0xff,0xff,0x00,0xff,0xff,0xff,0x00,
	0xff,0xff,0xff,0x00,0xff,0xff,0xff,0x00,0xff,0xff,0xff,0x00,0xff,0xff,0xff,0x00,
	0xff,0xff,0xff,0x00,0xff,0xff,0xff,0x00,0xff,0xff,0xff,0x00,0xff,0xff,0xff,0x00,
	0xff,0xff,0xff,0x00,0xff,0xff,0xff,0x00,0xff,0xff,0xff,0x00,0xff,0xff,0xff,0x00,
	0xff,0xff,0xff,0x00,0xff,0xff,0xff,0x00,0xff,0xff,0xff,0x00,0xff,0xff,0xff,0x00,
	0xff,0xff,0xff,0x00,0xff,0xff,0xff,0x00,0xff,0xff,0xff,0x00,0xff,0xff,0xff,0x00,
	0xff,0xff,0xff,0x00,0xff,0xff,0xff,0x00,0xff,0xff,0xff,0x00,0xff,0xff,0xff,0x00,
	0xff,0xff,0xff,0x00,0xff,0xff,0xff,0x00,0xff,0xff,0xff,0x00,0xff,0xff,0xff,0x00,
	0xff,0xff,0xff,0x00,0x00,0x00,0xc3,0xff,0x00,0x00,0xc3,0xff,0x00,0x00,0xc3,0xff,
	0x00,0x00,0xc3,0xff,0x00,0x00,0xc3,0xff,0x00,0x00,0xc3,0xff,0x00,0x00,0xc3,0xff,
	0x00,0x00,0xc3,0xff,0x00,0x00,0xc3,0xff,0x00,0x00,0xc3,0xff,0x00,0x00,0xc3,0xff,
	0x00,0x00,0xc3,0xff,0x00,0x00,0xc3,0xff,0x00,0x00,0xc3,0xff,0x00,0x00,0xc3,0xff,
	0x00,0x00,0xc3,0xff,0x00,0x00,0xc3,0xff,0x00,0x00,0xc3,0xff,0xff,0xff,0xff,0x00,
	0xff,0xff,0xff,0x00,0x00,0x00,0xc3,0xff,0x00,0x00,0xc3,0xff,0x00,0x00,0xc3,0xff,
	0x00,0x00,0xc3,0xff,0x00,0x00,0xc3,0xff,0x00,0x00,0xc3,0xff,0x00,0x00,0xc3,0xff,
	0x00,0x00,0xc3,0xff,0x00,0x00,0xc3,0xff,0x00,0x00,0xc3,0xff,0x00,0x00,0xc3,0xff,
	0x00,0x00,0xc3,0xff,0x00,0x00,0xc3,0xff,0x00,0x00,0xc3,0xff,0x00,0x00,0xc3,0xff,
	0x00,0x00,0xc3,0xff,0x00,0x00,0xc3,0xff,0x00,0x00,0xc3,0xff,0xff,0xff,0xff,0x00,
	0xff,0xff,0xff,0x00,0xff,0xff,0xff,0xff,0xff,0xff,0xff,0xff,0xff,0xff,0xff,0xff,
	0xff,0xff,0xff,0xff,0xff,0xff,0xff,0xff,0xff,0xff,0xff,0xff,0xff,0xff,0xff,0xff,
	0xff,0xff,0xff,0xff,0xff,0xff,0xff,0xff,0xff,0xff,0xff,0xff,0xff,0xff,0xff,0xff,
	0xff,0xff,0xff,0xff,0xff,0xff,0xff,0xff,0xff,0xff,0xff,0xff,0xff,0xff,0xff,0xff,
	0xff,0xff,0xff,0xff,0xff,0xff,0xff,0xff,0xff,0xff,0xff,0xff,0xff,0xff,0xff,0x00,
	0xff,0xff,0xff,0x00,0xff,0xff,0xff,0xff,0xff,0xff,0xff,0xff,0xff,0xff,0xff,0xff,
	0xff,0xff,0xff,0xff,0xff,0xff,0xff,0xff,0xff,0xff,0xff,0xff,0xff,0xff,0xff,0xff,
	0xff,0xff,0xff,0xff,0xff,0xff,0xff,0xff,0xff,0xff,0xff,0xff,0xff,0xff,0xff,0xff,
	0xff,0xff,0xff,0xff,0xff,0xff,0xff,0xff,0xff,0xff,0xff,0xff,0xff,0xff,0xff,0xff,
	0xff,0xff,0xff,0xff,0xff,0xff,0xff,0xff,0xff,0xff,0xff,0xff,0xff,0xff,0xff,0x00,
	0xff,0xff,0xff,0x00,0xff,0xff,0xff,0x00,0xff,0xff,0xff,0x00,0xff,0xff,0xff,0x00,
	0xff,0xff,0xff,0x00,0xff,0xff,0xff,0x00,0xff,0xff,0xff,0x00,0xff,0xff,0xff,0x00,
	0xff,0xff,0xff,0x00,0xff,0x00,0x00,0xff,0xff,0x00,0x00,0xff,0xff,0x00,0x00,0xff,
	0xff,0x00,0x00,0xff,0xff,0x00,0x00,0xff,0xff,0x00,0x00,0xff,0xa6,0x00,0x00,0xff,
	0xa6,0x00,0x00,0xff,0xff,0xff,0xff,0x00,0xff,0xff,0xff,0x00,0xff,0xff,0xff,0x00,
	0xff,0xff,0xff,0x00,0xff,0xff,0xff,0x00,0xff,0xff,0xff,0x00,0xff,0xff,0xff,0x00,
	0xff,0x00,0x00,0xff,0xff,0x00,0x00,0xff,0xff,0x00,0x00,0xff,0xff,0x00,0x00,0xff,
	0xe6,0xe6,0xff,0xff,0xff,0x00,0x00,0xff,0xff,0x00,0x00,0xff,0xff,0x00,0x00,0xff,
	0xff,0x00,0x00,0xff,0xff,0x00,0x00,0xff,0xa6,0x00,0x00,0xff,0xa6,0x00,0x00,0xff,
	0xff,0xff,0xff,0x00,0xff,0xff,0xff,0x00,0xff,0xff,0xff,0x00,0xff,0xff,0xff,0x00,
	0xff,0xff,0xff,0x00,0xff,0xff,0xff,0x00,0xff,0xff,0xff,0x00,0xf9,0xbc,0x54,0xff,
	0xf9,0xbc,0x54,0xff,0xf9,0xbc,0x54,0xff,0xf9,0xbc,0x54,0xff,0xf9,0xbc,0x54,0xff,
	0xf9,0xbc,0x54,0xff,0xf9,0xbc,0x54,0xff,0xf9,0xbc,0x54,0xff,0xf9,0xbc,0x54,0xff,
	0xf9,0xbc,0x54,0xff,0xf9,0xbc,0x54,0xff,0xf9,0xbc,0x54,0xff,0xc3,0x75,0x00,0xff,
	0xc3,0x75,0x00,0xff,0xff,0xff,0xff,0x00,0xff,0xff,0xff,0x00,0xff,0xff,0xff,0x00,
	0xff,0xff,0xff,0x00,0xff,0xff,0xff,0x00,0xff,0xff,0xff,0x00,0xff,0xff,0xff,0x00,
	0xff,0xff,0xff,0x00,0xff,0x00,0x00,0xff,0xff,0x00,0x00,0xff,0xff,0x00,0x00,0xff,
	0xff,0x00,0x00,0xff,0xff,0x00,0x00,0xff,0xff,0x00,0x00,0xff,0xff,0x00,0x00,0xff,
	0xff,0x00,0x00,0xff,0xa6,0x00,0x00,0xff,0xa6,0x00,0x00,0xff,0xa6,0x00,0x00,0xff,
	0xff,0xff,0xff,0x00,0xff,0xff,0xff,0x00,0xff,0xff,0xff,0x00,0xff,0xff,0xff,0x00,
	0xff,0xff,0xff,0x00,0xff,0xff,0xff,0x00,0xff,0xff,0xff,0x00,0xff,0xff,0xff,0x00,
	0x00,0xff,0x00,0xff,0x00,0xff,0x00,0xff,0x00,0xff,0x00,0xff,0x00,0xff,0x00,0xff,
	0x54,0xc3,0xe3,0xff,0x00,0xff,0x00,0xff,0x00,0xff,0x00,0xff,0x00,0xff,0x00,0xff,
	0x00,0xff,0x00,0xff,0x54,0xc3,0xe3,0xff,0x00,0xdc,0x00,0xff,0x00,0xdc,0x00,0xff,
	0xff,0xff,0xff,0x00,0xff,0xff,0xff,0x00,0xff,0xff,0xff,0x00,0xff,0xff,0xff,0x00,
	0xff,0xff,0xff,0x00,0xff,0xff,0xff,0x00,0xff,0xff,0xff,0x00,0xff,0xff,0xff,0x00,
	0xff,0xff,0xff,0x00,0xff,0xff,0xff,0x00,0xff,0xff,0xff,0x00,0x29,0x29,0xff,0xff,
	0xff,0xff,0xff,0x00,0xff,0xff,0x00,0xff,0xff,0xff,0x00,0xff,0xff,0xff,0xff,0x00,
	0x29,0x29,0xff,0xff,0xff,0xff,0xff,0x00,0xff,0xff,0xff,0x00,0xff,0xff,0xff,0x00,
	0xff,0xff,0xff,0x00,0xff,0xff,0xff,0x00,0xff,0xff,0xff,0x00,0xff,0xff,0xff,0x00,
	0xff,0xff,0xff,0x00,0xff,0xff,0xff,0x00,0xff,0xff,0x00,0xff,0xff,0xff,0x00,0xff,
	0xff,0xff,0x00,0xff,0x54,0xc3,0xe3,0xff,0x54,0xc3,0xe3,0xff,0x54,0xc3,0xe3,0xff,
	0x54,0xc3,0xe3,0xff,0xe6,0xe6,0xff,0xff,0xe6,0xe6,0xff,0xff,0xe6,0xe6,0xff,0xff,
	0x54,0xc3,0xe3,0xff,0x54,0xc3,0xe3,0xff,0x54,0xc3,0xe3,0xff,0xff,0xff,0x00,0xff,
	0xff,0xff,0x00,0xff,0xff,0xff,0xff,0x00,0xff,0xff,0xff,0x00,0xff,0xff,0xff,0x00,
	0xff,0xff,0xff,0x00,0xff,0xff,0xff,0x00,0xff,0xff,0xff,0x00,0xff,0xff,0xff,0x00,
	0xff,0xff,0xff,0x00,0xff,0xff,0xff,0x00,0xff,0xff,0xff,0x00,0xff,0xff,0xff,0x00,
	0xe6,0xe6,0xff,0xff,0xff,0xff,0xff,0x00,0xff,0xff,0xff,0x00,0xe6,0xe6,0xff,0xff,
	0xe6,0xe6,0xff,0xff,0xff,0xff,0xff,0x00,0xff,0xff,0xff,0x00,0xff,0xff,0xff,0x00,
	0xff,0xff,0xff,0x00,0xff,0xff,0xff,0x00,0xff,0xff,0xff,0x00,0xff,0xff,0xff,0x00,
	0xff,0xff,0xff,0x00,0xff,0xff,0xff,0x00,0xff,0xff,0xff,0x00,0xff,0xff,0xff,0x00,
	0xff,0xff,0xff,0x00,0xff,0xff,0xff,0x00,0xff,0xff,0xff,0x00,0xff,0xff,0xff,0x00,
	0xff,0xff,0xff,0x00,0xff,0xff,0xff,0x00,0xff,0xff,0xff,0x00,0xff,0xff,0xff,0x00,
	0xff,0xff,0xff,0x00,0xff,0xff,0xff,0x00,0xff,0xff,0xff,0x00,0xff,0xff,0xff,0x00,
	0xff,0xff,0xff,0x00,0xff,0xff,0xff,0x00,0xff,0xff,0xff,0x00,0xff,0xff,0xff,0x00,
	0xff,0xff,0xff,0x00,0xff,0xff,0xff,0x00,0xff,0xff,0xff,0x00,0xff,0xff,0xff,0x00,
	0xff,0xff,0xff,0x00,0xff,0xff,0xff,0x00,0xff,0xff,0xff,0x00,0xff,0xff,0xff,0x00,
	0xff,0xff,0xff,0x00,0xff,0xff,0xff,0x00,0xff,0xff,0xff,0x00,0xff,0xff,0xff,0x00,
	0xff,0xff,0xff,0x00,0xff,0xff,0xff,0x00,0xff,0xff,0xff,0x00,0xff,0xff,0xff,0x00,
	0xff,0xff,0xff,0x00,0xff,0xff,0xff,0x00,0xff,0xff,0xff,0x00,0xff,0xff,0xff,0x00,
	0xff,0xff,0xff,0x00,0xff,0xff,0xff,0x00,0xff,0xff,0xff,0x00,0xff,0xff,0xff,0x00,
	0xff,0xff,0xff,0x00,0xff,0xff,0xff,0x00,0xff,0xff,0xff,0x00,0xff,0xff,0xff,0x00,
	0xff,0xff,0xff,0x00,0xff,0xff,0xff,0x00,0xff,0xff,0xff,0x00,0xff,0xff,0xff,0x00,
	0xff,0xff,0xff,0x00,0xff,0xff,0xff,0x00,0xff,0xff,0xff,0x00,0xff,0xff,0xff,0x00,
	0xff,0xff,0xff,0x00,0xff,0xff,0xff,0x00,0xff,0xff,0xff,0x00,0xff,0xff,0xff,0x00,
	0xff,0xff,0xff,0x00,0xff,0xff,0xff,0x00,0xff,0xff,0xff,0x00,0xff,0xff,0xff,0x00,
	0xff,0xff,0xff,0x00,0xff,0xff,0xff,0x00,0xff,0xff,0xff,0x00,0xff,0xff,0xff,0x00,
	0xff,0xff,0xff,0x00,0xff,0xff,0xff,0x00,0xff,0xff,0xff,0x00,0xff,0xff,0xff,0x00,
	0xff,0xff,0xff,0x00,0xff,0xff,0xff,0x00,0xff,0xff,0xff,0x00,0xff,0xff,0xff,0x00,
	0xff,0xff,0xff,0x00,0xff,0xff,0xff,0x00,0xff,0xff,0xff,0x00,0xff,0xff,0xff,0x00,
	0xff,0xff,0xff,0x00,0xff,0xff,0xff,0x00,0xff,0xff,0xff,0x00,0xff,0xff,0xff,0x00,
	0xff,0xff,0xff,0x00,0xff,0xff,0xff,0x00,0xff,0xff,0xff,0x00,0xff,0xff,0xff,0x00,
	0xff,0xff,0xff,0x00,0xff,0xff,0xff,0x00,0xff,0xff,0xff,0x00,0xff,0xff,0xff,0x00,
	0xff,0xff,0xff,0x00,0xff,0xff,0xff,0x00,0xff,0xff,0xff,0x00,0xff,0xff,0xff,0x00,
	0xff,0xff,0xff,0x00,0xff,0xff,0xff,0x00,0xff,0xff,0xff,0x00,0xff,0xff,0xff,0x00,
	0xff,0xff,0xff,0x00,0xff,0xff,0xff,0x00,0xff,0xff,0xff,0x00,0xff,0xff,0xff,0x00,
	0xff,0xff,0xff,0x00,0xff,0xff,0x00,0xff,0xff,0xff,0x00,0xff,0xff,0xff,0x00,0xff,
	0xff,0xff,0x00,0xff,0xff,0xff,0x00,0xff,0xff,0xff,0x00,0xff,0xff,0xff,0x00,0xff,
	0xff,0xff,0x00,0xff,0xff,0xff,0x00,0xff,0xff,0xff,0x00,0xff,0xff,0xff,0xff,0x00,
	0xff,0xff,0xff,0x00,0xff,0xff,0xff,0x00,0xff,0xff,0xff,0x00,0xff,0xff,0xff,0x00,
	0xff,0xff,0xff,0x00,0xff,0xff,0xff,0x00,0xff,0xff,0xff,0x00,0xff,0xff,0xff,0x00,
	0xff,0xff,0xff,0x00,0xff,0xff,0x00,0xff,0xff,0xff,0x00,0xff,0xff,0xff,0x00,0xff,
	0xff,0xff,0x00,0xff,0xff,0xff,0x00,0xff,0xff,0xff,0x00,0xff,0xff,0xff,0x00,0xff,
	0xff,0xff,0x00,0xff,0xff,0xff,0x00,0xff,0xff,0xff,0x00,0xff,0xff,0xff,0xff,0x00,
	0xff,0xff,0xff,0x00,0xff,0xff,0xff,0x00,0xff,0xff,0xff,0x00,0xff,0xff,0xff,0x00,
	0xff,0xff,0xff,0x00,0xff,0xff,0xff,0x00,0xff,0xff,0xff,0x00,0xff,0xff,0xff,0x00,
	0xff,0xff,0xff,0x00,0xff,0xff,0x00,0xff,0xff,0xff,0x00,0xff,0xff,0xff,0x00,0xff,
	0xff,0xff,0x00,0xff,0xff,0xff,0x00,0xff,0xff,0xff,0x00,0xff,0xff,0xff,0x00,0xff,
	0xff,0xff,0x00,0xff,0xff,0xff,0x00,0xff,0xff,0xff,0x00,0xff,0xff,0xff,0xff,0x00,
	0xff,0xff,0xff,0x00,0xff,0xff,0xff,0x00,0xff,0xff,0xff,0x00,0xff,0xff,0xff,0x00,
	0xff,0xff,0xff,0x00,0xff,0xff,0xff,0x00,0xff,0xff,0xff,0x00,0xff,0xff,0xff,0x00,
	0xff,0xff,0xff,0x00,0xff,0xff,0x00,0xff,0xff,0xff,0x00,0xff,0xff,0xff,0xff,0x00,
	0xff,0xff,0xff,0x00,0xff,0xff,0xff,0x00,0xff,0xff,0xff,0x00,0xff,0xff,0xff,0x00,
	0xff,0xff,0xff,0x00,0xff,0xff,0x00,0xff,0xff,0xff,0x00,0xff,0xff,0xff,0xff,0x00,
	0xff,0xff,0xff,0x00,0xff,0xff,0xff,0x00,0xff,0xff,0xff,0x00,0xff,0xff,0xff,0x00,
	0xff,0xff,0xff,0x00,0xff,0xff,0xff,0x00,0xff,0xff,0xff,0x00,0xff,0xff,0xff,0x00,
	0xff,0xff,0xff,0x00,0xff,0xff,0xff,0x00,0xff,0xff,0xff,0x00,0xff,0xff,0xff,0x00,
	0xff,0xff,0xff,0x00,0xff,0xff,0xff,0x00,0xff,0xff,0xff,0x00,0xff,0xff,0xff,0x00,
	0xff,0xff,0xff,0x00,0xff,0xff,0xff,0x00,0xff,0xff,0xff,0x00,0xff,0xff,0xff,0x00,
	0xff,0xff,0xff,0x00,0xff,0xff,0xff,0x00,0xff,0xff,0xff,0x00,0xff,0xff,0xff,0x00,
	0xff,0xff,0xff,0x00,0xff,0xff,0xff,0x00,0xff,0xff,0xff,0x00,0xff,0xff,0xff,0x00,
	0xff,0xff,0xff,0x00,0xff,0xff,0x00,0xff,0xff,0xff,0x00,0xff,0xff,0xff,0x00,0xff,
	0xff,0xff,0x00,0xff,0xff,0xff,0x00,0xff,0xff,0xff,0x00,0xff,0xff,0xff,0x00,0xff,
	0xff,0xff,0x00,0xff,0xff,0xff,0x00,0xff,0xff,0xff,0x00,0xff,0xff,0xff,0xff,0x00,
	0xff,0xff,0xff,0x00,0xff,0xff,0xff,0x00,0xff,0xff,0xff,0x00,0xff,0xff,0xff,0x00,
	0xff,0xff,0xff,0x00,0xff,0xff,0xff,0x00,0xff,0xff,0xff,0x00,0xff,0xff,0xff,0x00,
	0xff,0xff,0xff,0x00,0xff,0xff,0x00,0xff,0xff,0xff,0x00,0xff,0xff,0xff,0x00,0xff,
	0xff,0xff,0x00,0xff,0xff,0xff,0x00,0xff,0xff,0xff,0x00,0xff,0xff,0xff,0x00,0xff,
	0xff,0xff,0x00,0xff,0xff,0xff,0x00,0xff,0xff,0xff,0x00,0xff,0xff,0xff,0xff,0x00,
	0xff,0xff,0xff,0x00,0xff,0xff,0xff,0x00,0xff,0xff,0xff,0x00,0xff,0xff,0xff,0x00,
	0xff,0xff,0xff,0x00,0xff,0xff,0xff,0x00,0xff,0xff,0xff,0x00,0xff,0xff,0xff,0x00,
	0xff,0xff,0xff,0x00,0xff,0xff,0x00,0xff,0xff,0xff,0x00,0xff,0xff,0xff,0x00,0xff,
	0xff,0xff,0x00,0xff,0xff,0xff,0x00,0xff,0xff,0xff,0x00,0xff,0xff,0xff,0x00,0xff,
	0xff,0xff,0x00,0xff,0xff,0xff,0x00,0xff,0xff,0xff,0x00,0xff,0xff,0xff,0xff,0x00,
	0xff,0xff,0xff,0x00,0xff,0xff,0xff,0x00,0xff,0xff,0xff,0x00,0xff,0xff,0xff,0x00,
	0xff,0xff,0xff,0x00,0xff,0xff,0xff,0x00,0xff,0xff,0xff,0x00,0xff,0xff,0xff,0x00,
	0xff,0xff,0xff,0x00,0xff,0xff,0x00,0xff,0xff,0xff,0x00,0xff,0xff,0xff,0x00,0xff,
	0xff,0xff,0x00,0xff,0xff,0xff,0x00,0xff,0xff,0xff,0x00,0xff,0xff,0xff,0x00,0xff,
	0xff,0xff,0x00,0xff,0xff,0xff,0x00,0xff,0xff,0xff,0x00,0xff,0xff,0xff,0xff,0x00,
	0xff,0xff,0xff,0x00,0xff,0xff,0xff,0x00,0xff,0xff,0xff,0x00,0xff,0xff,0xff,0x00,
	0xff,0xff,0xff,0x00,0xff,0xff,0xff,0x00,0xff,0xff,0xff,0x00,0xff,0xff,0xff,0x00,
	0xff,0xff,0xff,0x00,0xff,0xff,0x00,0xff,0xff,0xff,0x00,0xff,0xff,0xff,0x00,0xff,
	0xff,0xff,0x00,0xff,0xff,0xff,0x00,0xff,0xff,0xff,0x00,0xff,0xff,0xff,0x00,0xff,
	0xff,0xff,0x00,0xff,0xff,0xff,0x00,0xff,0xff,0xff,0x00,0xff,0xff,0xff,0xff,0x00,
	0xff,0xff,0xff,0x00,0xff,0xff,0xff,0x00,0xff,0xff,0xff,0x00,0xff,0xff,0xff,0x00,
	0xff,0xff,0xff,0x00,0xff,0xff,0xff,0x00,0xff,0xff,0xff,0x00,0xff,0xff,0xff,0x00,
	0xff,0xff,0xff,0x00,0xff,0xff,0x00,0xff,0xff,0xff,0x00,0xff,0xff,0xff,0x00,0xff,
	0xff,0xff,0x00,0xff,0xff,0xff,0x00,0xff,0xff,0xff,0x00,0xff,0xff,0xff,0x00,0xff,
	0xff,0xff,0x00,0xff,0xff,0xff,0x00,0xff,0xff,0xff,0x00,0xff,0xff,0xff,0xff,0x00,
	0xff,0xff,0xff,0x00,0xff,0xff,0xff,0x00,0xff,0xff,0xff,0x00,0xff,0xff,0xff,0x00,
	0xff,0xff,0xff,0x00,0xff,0xff,0xff,0x00,0xff,0xff,0xff,0x00,0xff,0xff,0xff,0x00,
	0xff,0xff,0xff,0x00,0xff,0xff,0x00,0xff,0xff,0xff,0x00,0xff,0xff,0xff,0x00,0xff,
	0xff,0xff,0x00,0xff,0xff,0xff,0x00,0xff,0xff,0xff,0x00,0xff,0xff,0xff,0x00,0xff,
	0xff,0xff,0x00,0xff,0xff,0xff,0x00,0xff,0xff,0xff,0x00,0xff,0xff,0xff,0xff,0x00,
	0xff,0xff,0xff,0x00,0xff,0xff,0xff,0x00,0xff,0xff,0xff,0x00,0xff,0xff,0xff,0x00,
	0xff,0xff,0xff,0x00,0xff,0xff,0xff,0x00,0xff,0xff,0xff,0x00,0xff,0xff,0xff,0x00,
	0xff,0xff,0xff,0x00,0xff,0xff,0x00,0xff,0xff,0xff,0x00,0xff,0xff,0xff,0x00,0xff,
	0xff,0xff,0x00,0xff,0xff,0xff,0x00,0xff,0xff,0xff,0x00,0xff,0xff,0xff,0x00,0xff,
	0xff,0xff,0x00,0xff,0xff,0xff,0x00,0xff,0xff,0xff,0x00,0xff,0xff,0xff,0xff,0x00,
	0xff,0xff,0xff,0x00,0xff,0xff,0xff,0x00,0xff,0xff,0xff,0x00,0xff,0xff,0xff,0x00,
	0xff,0xff,0xff,0x00,0xff,0xff,0xff,0x00,0xff,0xff,0xff,0x00,0xff,0xff,0xff,0x00,
	0xff,0xff,0xff,0x00,0xff,0xff,0xff,0x00,0xff,0xff,0xff,0x00,0xff,0xff,0x00,0xff,
	0xff,0xff,0x00,0xff,0xff,0xff,0x00,0xff,0xff,0xff,0x00,0xff,0xff,0xff,0x00,0xff,
	0xff,0xff,0x00,0xff,0xff,0xff,0xff,0x00,0xff,0xff,0xff,0x00,0xff,0xff,0xff,0x00,
	0xff,0xff,0xff,0x00,0xff,0xff,0xff,0x00,0xff,0xff,0xff,0x00,0xff,0xff,0xff,0x00,
	0xff,0xff,0xff,0x00,0xff,0xff,0xff,0x00,0xff,0xff,0xff,0x00,0xff,0xff,0xff,0x00,
	0xff,0xff,0xff,0x00,0xff,0xff,0xff,0x00,0xff,0xff,0xff,0x00,0xff,0xff,0xff,0x00,
	0xff,0xff,0xff,0x00,0xff,0xff,0xff,0x00,0xff,0xff,0xff,0x00,0xff,0xff,0xff,0x00,
	0xff,0xff,0xff,0x00,0xff,0xff,0xff,0x00,0xff,0xff,0xff,0x00,0xff,0xff,0xff,0x00,
	0xff,0xff,0xff,0x00,0xff,0xff,0xff,0x00,0xff,0xff,0xff,0x00,0xff,0xff,0xff,0x00,
	0xff,0xff,0xff,0x00,0xff,0x00,0x00,0xff,0xff,0x00,0x00,0xff,0xff,0xff,0xff,0x00,
	0xff,0xff,0xff,0x00,0xff,0xff,0xff,0x00,0xff,0x00,0x00,0xff,0xff,0x00,0x00,0xff,
	0xff,0x00,0x00,0xff,0xff,0xff,0xff,0x00,0xff,0xff,0xff,0x00,0xff,0x00,0x00,0xff,
	0xff,0x00,0x00,0xff,0xff,0x00,0x00,0xff,0xff,0xff,0xff,0x00,0xff,0xff,0xff,0x00,
	0xff,0xff,0xff,0x00,0xff,0x00,0x00,0xff,0xff,0x00,0x00,0xff,0xff,0xff,0xff,0x00,
	0xff,0xff,0xff,0x00,0xff,0xff,0xff,0x00,0xff,0x00,0x00,0xff,0xff,0x00,0x00,0xff,
	0xff,0x00,0x00,0xff,0xff,0xff,0xff,0x00,0xff,0xff,0xff,0x00,0xff,0xff,0xff,0x00,
	0xff,0x00,0x00,0xff,0xff,0x00,0x00,0xff,0xff,0x00,0x00,0xff,0xff,0x00,0x00,0xff,
	0xff,0xff,0xff,0x00,0xff,0xff,0xff,0x00,0xff,0xff,0xff,0x00,0xff,0x00,0x00,0xff,
	0xff,0x00,0x00,0xff,0xff,0x00,0x00,0xff,0xff,0xff,0xff,0x00,0xff,0xff,0xff,0x00,
	0xff,0xff,0xff,0x00,0xff,0x00,0x00,0xff,0xff,0x00,0x00,0xff,0xff,0xff,0xff,0x00,
	0xff,0xff,0xff,0x00,0xff,0xff,0xff,0x00,0xff,0x00,0x00,0xff,0xff,0x00,0x00,0xff,
	0xff,0x00,0x00,0xff,0xff,0xff,0xff,0x00,0xff,0xff,0xff,0x00,0xff,0x00,0x00,0xff,
	0xff,0x00,0x00,0xff,0xff,0x00,0x00,0xff,0xff,0xff,0xff,0x00,0xff,0xff,0xff,0x00,
	0xff,0xff,0xff,0x00,0xff,0x00,0x00,0xff,0xff,0x00,0x00,0xff,0xff,0xff,0xff,0x00,
	0xff,0xff,0xff,0x00,0xff,0xff,0xff,0x00,0xff,0x00,0x00,0xff,0xff,0x00,0x00,0xff,
	0xff,0x00,0x00,0xff,0xff,0xff,0xff,0x00,0xff,0xff,0xff,0x00,0xff,0xff,0xff,0x00,
	0xff,0x00,0x00,0xff,0xff,0x00,0x00,0xff,0xff,0x00,0x00,0xff,0xff,0x00,0x00,0xff,
	0xff,0xff,0xff,0x00,0xff,0xff,0xff,0x00,0xff,0xff,0xff,0x00,0xff,0x00,0x00,0xff,
	0xff,0x00,0x00,0xff,0xff,0x00,0x00,0xff,0xff,0xff,0xff,0x00,0xff,0xff,0xff,0x00,
	0xff,0xff,0xff,0x00,0xff,0x00,0x00,0xff,0xff,0x00,0x00,0xff,0xff,0xff,0xff,0x00,
	0xff,0xff,0xff,0x00,0xff,0xff,0xff,0x00,0xff,0x00,0x00,0xff,0xff,0x00,0x00,0xff,
	0xff,0x00,0x00,0xff,0xff,0xff,0xff,0x00,0xff,0xff,0xff,0x00,0xff,0x00,0x00,0xff,
	0xff,0x00,0x00,0xff,0xff,0x00,0x00,0xff,0xff,0xff,0xff,0x00,0xff,0xff,0xff,0x00,
	0xff,0xff,0xff,0x00,0xff,0x00,0x00,0xff,0xff,0x00,0x00,0xff,0xff,0xff,0xff,0x00,
	0xff,0xff,0xff,0x00,0xff,0xff,0xff,0x00,0xff,0x00,0x00,0xff,0xff,0x00,0x00,0xff,
	0xff,0x00,0x00,0xff,0xff,0xff,0xff,0x00,0xff,0xff,0xff,0x00,0xff,0xff,0xff,0x00,
	0xff,0x00,0x00,0xff,0xff,0x00,0x00,0xff,0xff,0x00,0x00,0xff,0xff,0x00,0x00,0xff,
	0xff,0xff,0xff,0x00,0xff,0xff,0xff,0x00,0xff,0xff,0xff,0x00,0xff,0x00,0x00,0xff,
	0xff,0x00,0x00,0xff,0xff,0x00,0x00,0xff,0xff,0xff,0xff,0x00,0xff,0xff,0xff,0x00,
	0xff,0xff,0xff,0x00,0xff,0x00,0x00,0xff,0xff,0x00,0x00,0xff,0xff,0xff,0xff,0x00,
	0xff,0xff,0xff,0x00,0xff,0xff,0xff,0x00,0xff,0x00,0x00,0xff,0xff,0x00,0x00,0xff,
	0xff,0x00,0x00,0xff,0xff,0xff,0xff,0x00,0xff,0xff,0xff,0x00,0xff,0x00,0x00,0xff,
	0xff,0x00,0x00,0xff,0xff,0x00,0x00,0xff,0xff,0xff,0xff,0x00,0xff,0xff,0xff,0x00,
	0xff,0xff,0xff,0x00,0xff,0x00,0x00,0xff,0xff,0x00,0x00,0xff,0xff,0xff,0xff,0x00,
	0xff,0xff,0xff,0x00,0xff,0xff,0xff,0x00,0xff,0x00,0x00,0xff,0xff,0x00,0x00,0xff,
	0xff,0x00,0x00,0xff,0xff,0xff,0xff,0x00,0xff,0xff,0xff,0x00,0xff,0xff,0xff,0x00,
	0xff,0x00,0x00,0xff,0xff,0x00,0x00,0xff,0xff,0x00,0x00,0xff,0xff,0x00,0x00,0xff,
	0xff,0xff,0xff,0x00,0xff,0xff,0xff,0x00,0xff,0xff,0xff,0x00,0xff,0x00,0x00,0xff,
	0xff,0x00,0x00,0xff,0xff,0x00,0x00,0xff,0xff,0xff,0xff,0x00,0xff,0xff,0xff,0x00,
	0xff,0xff,0xff,0x00,0xff,0xa6,0xc3,0xff,0xff,0xa6,0xc3,0xff,0xff,0xff,0xff,0x00,
	0xff,0xff,0xff,0x00,0xff,0xff,0xff,0x00,0xff,0xa6,0xc3,0xff,0xff,0xa6,0xc3,0xff,
	0xff,0xa6,0xc3,0xff,0xff,0xff,0xff,0x00,0xff,0xff,0xff,0x00,0xff,0xa6,0xc3,0xff,
	0xff,0xa6,0xc3,0xff,0xff,0xa6,0xc3,0xff,0xff,0xff,0xff,0x00,0xff,0xff,0xff,0x00,
	0xff,0xff,0xff,0x00,0xff,0xa6,0xc3,0xff,0xff,0xa6,0xc3,0xff,0xff,0xff,0xff,0x00,
	0xff,0xff,0xff,0x00,0xff,0xff,0xff,0x00,0xff,0xa6,0xc3,0xff,0xff,0xa6,0xc3,0xff,
	0xff,0xa6,0xc3,0xff,0xff,0xff,0xff,0x00,0xff,0xff,0xff,0x00,0xff,0xff,0xff,0x00,
	0xff,0xa6,0xc3,0xff,0xff,0xa6,0xc3,0xff,0xff,0xa6,0xc3,0xff,0xff,0xa6,0xc3,0xff,
	0xff,0xff,0xff,0x00,0xff,0xff,0xff,0x00,0xff,0xff,0xff,0x00,0xff,0xa6,0xc3,0xff,
	0xff,0xa6,0xc3,0xff,0xff,0xa6,0xc3,0xff,0xff,0xff,0xff,0x00,0xff,0xff,0xff,0x00,
	0xff,0xff,0xff,0x00,0xff,0xa6,0xc3,0xff,0xff,0xa6,0xc3,0xff,0xff,0xff,0xff,0x00,
	0xff,0xff,0xff,0x00,0xff,0xff,0xff,0x00,0xff,0xa6,0xc3,0xff,0xff,0xa6,0xc3,0xff,
	0xff,0xa6,0xc3,0xff,0xff,0xff,0xff,0x00,0xff,0xff,0xff,0x00,0xff,0xa6,0xc3,0xff,
	0xff,0xa6,0xc3,0xff,0xff,0xa6,0xc3,0xff,0xff,0xff,0xff,0x00,0xff,0xff,0xff,0x00,
	0xff,0xff,0xff,0x00,0xff,0xa6,0xc3,0xff,0xff,0xa6,0xc3,0xff,0xff,0xff,0xff,0x00,
	0xff,0xff,0xff,0x00,0xff,0xff,0xff,0x00,0xff,0xa6,0xc3,0xff,0xff,0xa6,0xc3,0xff,
	0xff,0xa6,0xc3,0xff,0xff,0xff,0xff,0x00,0xff,0xff,0xff,0x00,0xff,0xff,0xff,0x00,
	0xff,0xa6,0xc3,0xff,0xff,0xa6,0xc3,0xff,0xff,0xa6,0xc3,0xff,0xff,0xa6,0xc3,0xff,
	0xff,0xff,0xff,0x00,0xff,0xff,0xff,0x00,0xff,0xff,0xff,0x00,0xff,0xa6,0xc3,0xff,
	0xff,0xa6,0xc3,0xff,0xff,0xa6,0xc3,0xff,0xff,0xff,0xff,0x00,0xff,0xff,0xff,0x00,
	0xff,0xff,0xff,0x00,0xff,0xa6,0xc3,0xff,0xff,0xa6,0xc3,0xff,0xff,0xff,0xff,0x00,
	0xff,0xff,0xff,0x00,0xff,0xff,0xff,0x00,0xff,0xa6,0xc3,0xff,0xff,0xa6,0xc3,0xff,
	0xff,0xa6,0xc3,0xff,0xff,0xff,0xff,0x00,0xff,0xff,0xff,0x00,0xff,0xa6,0xc3,0xff,
	0xff,0xa6,0xc3,0xff,0xff,0xa6,0xc3,0xff,0xff,0xff,0xff,0x00,0xff,0xff,0xff,0x00,
	0xff,0xff,0xff,0x00,0xff,0xa6,0xc3,0xff,0xff,0xa6,0xc3,0xff,0xff,0xff,0xff,0x00,
	0xff,0xff,0xff,0x00,0xff,0xff,0xff,0x00,0xff,0xa6,0xc3,0xff,0xff,0xa6,0xc3,0xff,
	0xff,0xa6,0xc3,0xff,0xff,0xff,0xff,0x00,0xff,0xff,0xff,0x00,0xff,0xff,0xff,0x00,
	0xff,0xa6,0xc3,0xff,0xff,0xa6,0xc3,0xff,0xff,0xa6,0xc3,0xff,0xff,0xa6,0xc3,0xff,
	0xff,0xff,0xff,0x00,0xff,0xff,0xff,0x00,0xff,0xff,0xff,0x00,0xff,0xa6,0xc3,0xff,
	0xff,0xa6,0xc3,0xff,0xff,0xa6,0xc3,0xff,0xff,0xff,0xff,0x00,0xff,0xff,0xff,0x00,
	0xff,0xff,0xff,0x00,0xff,0xa6,0xc3,0xff,0xff,0xa6,0xc3,0xff,0xff,0xff,0xff,0x00,
	0xff,0xff,0xff,0x00,0xff,0xff,0xff,0x00,0xff,0xa6,0xc3,0xff,0xff,0xa6,0xc3,0xff,
	0xff,0xa6,0xc3,0xff,0xff,0xff,0xff,0x00,0xff,0xff,0xff,0x00,0xff,0xa6,0xc3,0xff,
	0xff,0xa6,0xc3,0xff,0xff,0xa6,0xc3,0xff,0xff,0xff,0xff,0x00,0xff,0xff,0xff,0x00,
	0xff,0xff,0xff,0x00,0xff,0xa6,0xc3,0xff,0xff,0xa6,0xc3,0xff,0xff,0xff,0xff,0x00,
	0xff,0xff,0xff,0x00,0xff,0xff,0xff,0x00,0xff,0xa6,0xc3,0xff,0xff,0xa6,0xc3,0xff,
	0xff,0xa6,0xc3,0xff,0xff,0xff,0xff,0x00,0xff,0xff,0xff,0x00,0xff,0xff,0xff,0x00,
	0xff,0xa6,0xc3,0xff,0xff,0xa6,0xc3,0xff,0xff,0xa6,0xc3,0xff,0xff,0xa6,0xc3,0xff,
	0xff,0xff,0xff,0x00,0xff,0xff,0xff,0x00,0xff,0xff,0xff,0x00,0xff,0xa6,0xc3,0xff,
	0xff,0xa6,0xc3,0xff,0xff,0xa6,0xc3,0xff,0xff,0xff,0xff,0x00,0xff,0xff,0xff,0x00,
	0xff,0xff,0xff,0x00,0x00,0xe6,0xff,0xff,0x00,0xe6,0xff,0xff,0xff,0xff,0xff,0x00,
	0xff,0xff,0xff,0x00,0xff,0xff,0xff,0x00,0x00,0xe6,0xff,0xff,0x00,0xe6,0xff,0xff,
	0x00,0xe6,0xff,0xff,0xff,0xff,0xff,0x00,0xff,0xff,0xff,0x00,0x00,0xe6,0xff,0xff,
	0x00,0xe6,0xff,0xff,0x00,0xe6,0xff,0xff,0xff,0xff,0xff,0x00,0xff,0xff,0xff,0x00,
	0xff,0xff,0xff,0x00,0x00,0xe6,0xff,0xff,0x00,0xe6,0xff,0xff,0xff,0xff,0xff,0x00,
	0xff,0xff,0xff,0x00,0xff,0xff,0xff,0x00,0x00,0xe6,0xff,0xff,0x00,0xe6,0xff,0xff,
	0x00,0xe6,0xff,0xff,0xff,0xff,0xff,0x00,0xff,0xff,0xff,0x00,0xff,0xff,0xff,0x00,
	0x00,0xe6,0xff,0xff,0x00,0xe6,0xff,0xff,0x00,0xe6,0xff,0xff,0x00,0xe6,0xff,0xff,
	0xff,0xff,0xff,0x00,0xff,0xff,0xff,0x00,0xff,0xff,0xff,0x00,0x00,0xe6,0xff,0xff,
	0x00,0xe6,0xff,0xff,0x00,0xe6,0xff,0xff,0xff,0xff,0xff,0x00,0xff,0xff,0xff,0x00,
	0xff,0xff,0xff,0x00,0x00,0xe6,0xff,0xff,0x00,0xe6,0xff,0xff,0xff,0xff,0xff,0x00,
	0xff,0xff,0xff,0x00,0xff,0xff,0xff,0x00,0x00,0xe6,0xff,0xff,0x00,0xe6,0xff,0xff,
	0x00,0xe6,0xff,0xff,0xff,0xff,0xff,0x00,0xff,0xff,0xff,0x00,0x00,0xe6,0xff,0xff,
	0x00,0xe6,0xff,0xff,0x00,0xe6,0xff,0xff,0xff,0xff,0xff,0x00,0xff,0xff,0xff,0x00,
	0xff,0xff,0xff,0x00,0x00,0xe6,0xff,0xff,0x00,0xe6,0xff,0xff,0xff,0xff,0xff,0x00,
	0xff,0xff,0xff,0x00,0xff,0xff,0xff,0x00,0x00,0xe6,0xff,0xff,0x00,0xe6,0xff,0xff,
	0x00,0xe6,0xff,0xff,0xff,0xff,0xff,0x00,0xff,0xff,0xff,0x00,0xff,0xff,0xff,0x00,
	0x00,0xe6,0xff,0xff,0x00,0xe6,0xff,0xff,0x00,0xe6,0xff,0xff,0x00,0xe6,0xff,0xff,
	0xff,0xff,0xff,0x00,0xff,0xff,0xff,0x00,0xff,0xff,0xff,0x00,0x00,0xe6,0xff,0xff,
	0x00,0xe6,0xff,0xff,0x00,0xe6,0xff,0xff,0xff,0xff,0xff,0x00,0xff,0xff,0xff,0x00,
	0xff,0xff,0xff,0x00,0x00,0xe6,0xff,0xff,0x00,0xe6,0xff,0xff,0xff,0xff,0xff,0x00,
	0xff,0xff,0xff,0x00,0xff,0xff,0xff,0x00,0x00,0xe6,0xff,0xff,0x00,0xe6,0xff,0xff,
	0x00,0xe6,0xff,0xff,0xff,0xff,0xff,0x00,0xff,0xff,0xff,0x00,0x00,0xe6,0xff,0xff,
	0x00,0xe6,0xff,0xff,0x00,0xe6,0xff,0xff,0xff,0xff,0xff,0x00,0xff,0xff,0xff,0x00,
	0xff,0xff,0xff,0x00,0x00,0xe6,0xff,0xff,0x00,0xe6,0xff,0xff,0xff,0xff,0xff,0x00,
	0xff,0xff,0xff,0x00,0xff,0xff,0xff,0x00,0x00,0xe6,0xff,0xff,0x00,0xe6,0xff,0xff,
	0x00,0xe6,0xff,0xff,0xff,0xff,0xff,0x00,0xff,0xff,0xff,0x00,0xff,0xff,0xff,0x00,
	0x00,0xe6,0xff,0xff,0x00,0xe6,0xff,0xff,0x00,0xe6,0xff,0xff,0x00,0xe6,0xff,0xff,
	0xff,0xff,0xff,0x00,0xff,0xff,0xff,0x00,0xff,0xff,0xff,0x00,0x00,0xe6,0xff,0xff,
	0x00,0xe6,0xff,0xff,0x00,0xe6,0xff,0xff,0xff,0xff,0xff,0x00,0xff,0xff,0xff,0x00,
	0xff,0xff,0xff,0x00,0x00,0xe6,0xff,0xff,0x00,0xe6,0xff,0xff,0xff,0xff,0xff,0x00,
	0xff,0xff,0xff,0x00,0xff,0xff,0xff,0x00,0x00,0xe6,0xff,0xff,0x00,0xe6,0xff,0xff,
	0x00,0xe6,0xff,0xff,0xff,0xff,0xff,0x00,0xff,0xff,0xff,0x00,0x00,0xe6,0xff,0xff,
	0x00,0xe6,0xff,0xff,0x00,0xe6,0xff,0xff,0xff,0xff,0xff,0x00,0xff,0xff,0xff,0x00,
	0xff,0xff,0xff,0x00,0x00,0xe6,0xff,0xff,0x00,0xe6,0xff,0xff,0xff,0xff,0xff,0x00,
	0xff,0xff,0xff,0x00,0xff,0xff,0xff,0x00,0x00,0xe6,0xff,0xff,0x00,0xe6,0xff,0xff,
	0x00,0xe6,0xff,0xff,0xff,0xff,0xff,0x00,0xff,0xff,0xff,0x00,0xff,0xff,0xff,0x00,
	0x00,0xe6,0xff,0xff,0x00,0xe6,0xff,0xff,0x00,0xe6,0xff,0xff,0x00,0xe6,0xff,0xff,
	0xff,0xff,0xff,0x00,0xff,0xff,0xff,0x00,0xff,0xff,0xff,0x00,0x00,0xe6,0xff,0xff,
	0x00,0xe6,0xff,0xff,0x00,0xe6,0xff,0xff,0xff,0xff,0xff,0x00,0xff,0xff,0xff,0x00,
	0xff,0xff,0xff,0x00,0xff,0xa6,0x00,0xff,0xff,0xa6,0x00,0xff,0xff,0xff,0xff,0x00,
	0xff,0xff,0xff,0x00,0xff,0xff,0xff,0x00,0xff,0xa6,0x00,0xff,0xff,0xa6,0x00,0xff,
	0xff,0xa6,0x00,0xff,0xff,0xff,0xff,0x00,0xff,0xff,0xff,0x00,0xff,0xa6,0x00,0xff,
	0xff,0xa6,0x00,0xff,0xff,0xa6,0x00,0xff,0xff,0xff,0xff,0x00,0xff,0xff,0xff,0x00,
	0xff,0xff,0xff,0x00,0xff,0xa6,0x00,0xff,0xff,0xa6,0x00,0xff,0xff,0xff,0xff,0x00,
	0xff,0xff,0xff,0x00,0xff,0xff,0xff,0x00,0xff,0xa6,0x00,0xff,0xff,0xa6,0x00,0xff,
	0xff,0xa6,0x00,0xff,0xff,0xff,0xff,0x00,0xff,0xff,0xff,0x00,0xff,0xff,0xff,0x00,
	0xff,0xa6,0x00,0xff,0xff,0xa6,0x00,0xff,0xff,0xa6,0x00,0xff,0xff,0xa6,0x00,0xff,
	0xff,0xff,0xff,0x00,0xff,0xff,0xff,0x00,0xff,0xff,0xff,0x00,0xff,0xa6,0x00,0xff,
	0xff,0xa6,0x00,0xff,0xff,0xa6,0x00,0xff,0xff,0xff,0xff,0x00,0xff,0xff,0xff,0x00,
	0xff,0xff,0xff,0x00,0xff,0xa6,0x00,0xff,0xff,0xa6,0x00,0xff,0xff,0xff,0xff,0x00,
	0xff,0xff,0xff,0x00,0xff,0xff,0xff,0x00,0xff,0xa6,0x00,0xff,0xff,0xa6,0x00,0xff,
	0xff,0xa6,0x00,0xff,0xff,0xff,0xff,0x00,0xff,0xff,0xff,0x00,0xff,0xa6,0x00,0xff,
	0xff,0xa6,0x00,0xff,0xff,0xa6,0x00,0xff,0xff,0xff,0xff,0x00,0xff,0xff,0xff,0x00,
	0xff,0xff,0xff,0x00,0xff,0xa6,0x00,0xff,0xff,0xa6,0x00,0xff,0xff,0xff,0xff,0x00,
	0xff,0xff,0xff,0x00,0xff,0xff,0xff,0x00,0xff,0xa6,0x00,0xff,0xff,0xa6,0x00,0xff,
	0xff,0xa6,0x00,0xff,0xff,0xff,0xff,0x00,0xff,0xff,0xff,0x00,0xff,0xff,0xff,0x00,
	0xff,0xa6,0x00,0xff,0xff,0xa6,0x00,0xff,0xff,0xa6,0x00,0xff,0xff,0xa6,0x00,0xff,
	0xff,0xff,0xff,0x00,0xff,0xff,0xff,0x00,0xff,0xff,0xff,0x00,0xff,0xa6,0x00,0xff,
	0xff,0xa6,0x00,0xff,0xff,0xa6,0x00,0xff,0xff,0xff,0xff,0x00,0xff,0xff,0xff,0x00,
	0xff,0xff,0xff,0x00,0xff,0xa6,0x00,0xff,0xff,0xa6,0x00,0xff,0xff,0xff,0xff,0x00,
	0xff,0xff,0xff,0x00,0xff,0xff,0xff,0x00,0xff,0xa6,0x00,0xff,0xff,0xa6,0x00,0xff,
	0xff,0xa6,0x00,0xff,0xff,0xff,0xff,0x00,0xff,0xff,0xff,0x00,0xff,0xa6,0x00,0xff,
	0xff,0xa6,0x00,0xff,0xff,0xa6,0x00,0xff,0xff,0xff,0xff,0x00,0xff,0xff,0xff,0x00,
	0xff,0xff,0xff,0x00,0xff,0xa6,0x00,0xff,0xff,0xa6,0x00,0xff,0xff,0xff,0xff,0x00,
	0xff,0xff,0xff,0x00,0xff,0xff,0xff,0x00,0xff,0xa6,0x00,0xff,0xff,0xa6,0x00,0xff,
	0xff,0xa6,0x00,0xff,0xff,0xff,0xff,0x00,0xff,0xff,0xff,0x00,0xff,0xff,0xff,0x00,
	0xff,0xa6,0x00,0xff,0xff,0xa6,0x00,0xff,0xff,0xa6,0x00,0xff,0xff,0xa6,0x00,0xff,
	0xff,0xff,0xff,0x00,0xff,0xff,0xff,0x00,0xff,0xff,0xff,0x00,0xff,0xa6,0x00,0xff,
	0xff,0xa6,0x00,0xff,0xff,0xa6,0x00,0xff,0xff,0xff,0xff,0x00,0xff,0xff,0xff,0x00,
	0xff,0xff,0xff,0x00,0xff,0xa6,0x00,0xff,0xff,0xa6,0x00,0xff,0xff,0xff,0xff,0x00,
	0xff,0xff,0xff,0x00,0xff,0xff,0xff,0x00,0xff,0xa6,0x00,0xff,0xff,0xa6,0x00,0xff,
	0xff,0xa6,0x00,0xff,0xff,0xff,0xff,0x00,0xff,0xff,0xff,0x00,0xff,0xa6,0x00,0xff,
	0xff,0xa6,0x00,0xff,0xff,0xa6,0x00,0xff,0xff,0xff,0xff,0x00,0xff,0xff,0xff,0x00,
	0xff,0xff,0xff,0x00,0xff,0xa6,0x00,0xff,0xff,0xa6,0x00,0xff,0xff,0xff,0xff,0x00,
	0xff,0xff,0xff,0x00,0xff,0xff,0xff,0x00,0xff,0xa6,0x00,0xff,0xff,0xa6,0x00,0xff,
	0xff,0xa6,0x00,0xff,0xff,0xff,0xff,0x00,0xff,0xff,0xff,0x00,0xff,0xff,0xff,0x00,
	0xff,0xa6,0x00,0xff,0xff,0xa6,0x00,0xff,0xff,0xa6,0x00,0xff,0xff,0xa6,0x00,0xff,
	0xff,0xff,0xff,0x00,0xff,0xff,0xff,0x00,0xff,0xff,0xff,0x00,0xff,0xa6,0x00,0xff,
	0xff,0xa6,0x00,0xff,0xff,0xa6,0x00,0xff,0xff,0xff,0xff,0x00,0xff,0xff,0xff,0x00,
	0xff,0xff,0xff,0x00,0xff,0xff,0xff,0x00,0xff,0xff,0xff,0x00,0xff,0xff,0xff,0x00,
	0xff,0xff,0xff,0x00,0xff,0xff,0xff,0x00,0xff,0xff,0xff,0x00,0xff,0xff,0xff,0x00,
	0xff,0xff,0xff,0x00,0xff,0xff,0xff,0x00,0xff,0xff,0xff,0x00,0xff,0xff,0xff,0x00,
	0xff,0xff,0xff,0x00,0xff,0xff,0xff,0x00,0xff,0xff,0xff,0x00,0xff,0xff,0xff,0x00,
	0xff,0xff,0xff,0x00,0xff,0xff,0xff,0x00,0xff,0xff,0xff,0x00,0xff,0xff,0xff,0x00,
	0xff,0xff,0xff,0x00,0xff,0xff,0xff,0x00,0xff,0xff,0xff,0x00,0xff,0xff,0xff,0x00,
	0xff,0xff,0xff,0x00,0xff,0xff,0xff,0x00,0xff,0xff,0xff,0x00,0xff,0xff,0xff,0x00,
	0xff,0xff,0xff,0x00,0xff,0xff,0xff,0x00,0xff,0xff,0xff,0x00,0xff,0xff,0xff,0x00,
	0xff,0xff,0xff,0x00,0xff,0xff,0xff,0x00,0xff,0xff,0xff,0x00,0xff,0xff,0xff,0x00,
	0xff,0xff,0xff,0x00,0xff,0xff,0xff,0x00,0xff,0xff,0xff,0x00,0xff,0xff,0xff,0x00,
	0xff,0xff,0xff,0x00,0xff,0xff,0xff,0x00,0xff,0xff,0xff,0x00,0xff,0xff,0xff,0x00,
	0xff,0xff,0xff,0x00,0xff,0xff,0xff,0x00,0xff,0xff,0xff,0x00,0xff,0xff,0xff,0x00,
	0xff,0xff,0xff,0x00,0xff,0xff,0xff,0x00,0xff,0xff,0xff,0x00,0xff,0xff,0xff,0x00,
	0xff,0xff,0xff,0x00,0xff,0xff,0xff,0x00,0xff,0xff,0xff,0x00,0xff,0xff,0xff,0x00,
	0xff,0xff,0xff,0x00,0xff,0xff,0xff,0x00,0xff,0xff,0xff,0x00,0xff,0xff,0xff,0x00,
	0xff,0xff,0xff,0x00,0xff,0xff,0xff,0x00,0xff,0xff,0xff,0x00,0xff,0xff,0xff,0x00,
	0xff,0xff,0xff,0x00,0xff,0xff,0xff,0x00,0xff,0xff,0xff,0x00,0xff,0xff,0xff,0x00,
	0xff,0xff,0xff,0x00,0xff,0xff,0xff,0x00,0xff,0xff,0xff,0x00,0xff,0xff,0xff,0x00,
	0xff,0xff,0xff,0x00,0xff,0xff,0xff,0x00,0xff,0xff,0xff,0x00,0xff,0xff,0xff,0x00,
	0xff,0xff,0xff,0x00,0xff,0xff,0xff,0x00,0xff,0xff,0xff,0x00,0xff,0xff,0xff,0x00,
	0xff,0xff,0xff,0x00,0x00,0x00,0xc3,0xff,0x00,0x00,0xc3,0xff,0xff,0xff,0xff,0x00,
	0xff,0xff,0xff,0x00,0xff,0xff,0xff,0x00,0x00,0x00,0xc3,0xff,0x00,0x00,0xc3,0xff,
	0x00,0x00,0xc3,0xff,0xff,0xff,0xff,0x00,0xff,0xff,0xff,0x00,0x00,0x00,0xc3,0xff,
	0x00,0x00,0xc3,0xff,0x00,0x00,0xc3,0xff,0xff,0xff,0xff,0x00,0xff,0xff,0xff,0x00,
	0xff,0xff,0xff,0x00,0x00,0x00,0xc3,0xff,0x00,0x00,0xc3,0xff,0xff,0xff,0xff,0x00,
	0xff,0xff,0xff,0x00,0xff,0xff,0xff,0x00,0x00,0x00,0xc3,0xff,0x00,0x00,0xc3,0xff,
	0x00,0x00,0xc3,0xff,0xff,0xff,0xff,0x00,0xff,0xff,0xff,0x00,0xff,0xff,0xff,0x00,
	0x00,0x00,0xc3,0xff,0x00,0x00,0xc3,0xff,0x00,0x00,0xc3,0xff,0x00,0x00,0xc3,0xff,
	0xff,0xff,0xff,0x00,0xff,0xff,0xff,0x00,0xff,0xff,0xff,0x00,0x00,0x00,0xc3,0xff,
	0x00,0x00,0xc3,0xff,0x00,0x00,0xc3,0xff,0xff,0xff,0xff,0x00,0xff,0xff,0xff,0x00,
	0xff,0xff,0xff,0x00,0xff,0xff,0xff,0xff,0xff,0xff,0xff,0xff,0xff,0xff,0xff,0x00,
	0xff,0xff,0xff,0x00,0xff,0xff,0xff,0x00,0xff,0xff,0xff,0xff,0xff,0xff,0xff,0xff,
	0xff,0xff,0xff,0xff,0xff,0xff,0xff,0x00,0xff,0xff,0xff,0x00,0xff,0xff,0xff,0xff,
	0xff,0xff,0xff,0xff,0xff,0xff,0xff,0xff,0xff,0xff,0xff,0x00,0xff,0xff,0xff,0x00,
	0xff,0xff,0xff,0x00,0xff,0xff,0xff,0xff,0xff,0xff,0xff,0xff,0xff,0xff,0xff,0x00,
	0xff,0xff,0xff,0x00,0xff,0xff,0xff,0x00,0xff,0xff,0xff,0xff,0xff,0xff,0xff,0xff,
	0xff,0xff,0xff,0xff,0xff,0xff,0xff,0x00,0xff,0xff,0xff,0x00,0xff,0xff,0xff,0x00,
	0xff,0xff,0xff,0xff,0xff,0xff,0xff,0xff,0xff,0xff,0xff,0xff,0xff,0xff,0xff,0xff,
	0xff,0xff,0xff,0x00,0xff,0xff,0xff,0x00,0xff,0xff,0xff,0x00,0xff,0xff,0xff,0xff,
	0xff,0xff,0xff,0xff,0xff,0xff,0xff,0xff,0xff,0xff,0xff,0x00,0xff,0xff,0xff,0x00,
	0xff,0xff,0xff,0x00,0xff,0xff,0xff,0x00,0xff,0xff,0xff,0x00,0xff,0xff,0xff,0x00,
	0xff,0xff,0xff,0x00,0xff,0xff,0xff,0x00,0xff,0xff,0xff,0x00,0xff,0xff,0xff,0x00,
	0xff,0xff,0xff,0x00,0xff,0xff,0xff,0x00,0xff,0xff,0xff,0x00,0xa6,0x00,0x00,0xff,
	0xa6,0x00,0x00,0xff,0xa6,0x00,0x00,0xff,0xa6,0x00,0x00,0xff,0xff,0xff,0xff,0x00,
	0xff,0xff,0xff,0x00,0xff,0xff,0xff,0x00,0xff,0xff,0xff,0x00,0xff,0xff,0xff,0x00,
	0xff,0xff,0xff,0x00,0xff,0xff,0xff,0x00,0xff,0xff,0xff,0x00,0xff,0xff,0xff,0x00,
	0xff,0xff,0xff,0x00,0xff,0xff,0xff,0x00,0xff,0x00,0x00,0xff,0xff,0x00,0x00,0xff,
	0xff,0x00,0x00,0xff,0xff,0x00,0x00,0xff,0xa6,0x00,0x00,0xff,0xa6,0x00,0x00,0xff,
	0xa6,0x00,0x00,0xff,0xa6,0x00,0x00,0xff,0xff,0xff,0xff,0x00,0xff,0xff,0xff,0x00,
	0xff,0xff,0xff,0x00,0xff,0xff,0xff,0x00,0xff,0xff,0xff,0x00,0xff,0xff,0xff,0x00,
	0xff,0xff,0xff,0x00,0xff,0xff,0xff,0x00,0xff,0xff,0xff,0x00,0xff,0xff,0xff,0x00,
	0xff,0xff,0xff,0x00,0xff,0xff,0xff,0x00,0xf9,0xbc,0x54,0xff,0xf9,0xbc,0x54,0xff,
	0xf9,0xbc,0x54,0xff,0xf9,0xbc,0x54,0xff,0xc3,0x75,0x00,0xff,0xc3,0x75,0x00,0xff,
	0xc3,0x75,0x00,0xff,0xc3,0x75,0x00,0xff,0xff,0xff,0xff,0x00,0xff,0xff,0xff,0x00,
	0xff,0xff,0xff,0x00,0xff,0xff,0xff,0x00,0xff,0xff,0xff,0x00,0xff,0xff,0xff,0x00,
	0xff,0xff,0xff,0x00,0xff,0xff,0xff,0x00,0xff,0xff,0xff,0x00,0xff,0xff,0xff,0x00,
	0xff,0xff,0xff,0x00,0xff,0xff,0xff,0x00,0xff,0xff,0xff,0x00,0xa6,0x00,0x00,0xff,
	0xa6,0x00,0x00,0xff,0xa6,0x00,0x00,0xff,0xa6,0x00,0x00,0xff,0xa6,0x00,0x00,0xff,
	0xff,0xff,0xff,0x00,0xff,0xff,0xff,0x00,0xff,0xff,0xff,0x00,0xff,0xff,0xff,0x00,
	0xff,0xff,0xff,0x00,0xff,0xff,0xff,0x00,0xff,0xff,0xff,0x00,0xff,0xff,0xff,0x00,
	0xff,0xff,0xff,0x00,0xff,0xff,0xff,0x00,0xff,0xff,0xff,0x00,0xff,0xff,0xff,0x00,
	0xff,0xff,0xff,0x00,0x00,0xff,0x00,0xff,0x00,0xff,0x00,0xff,0x54,0xc3,0xe3,0xff,
	0x00,0xff,0x00,0xff,0x00,0xff,0x00,0xff,0x00,0xdc,0x00,0xff,0x00,0xdc,0x00,0xff,
	0x54,0xc3,0xe3,0xff,0x00,0xdc,0x00,0xff,0xff,0xff,0xff,0x00,0xff,0xff,0xff,0x00,
	0xff,0xff,0xff,0x00,0xff,0xff,0xff,0x00,0xff,0xff,0xff,0x00,0xff,0xff,0xff,0x00,
	0xff,0xff,0xff,0x00,0xff,0xff,0xff,0x00,0xff,0xff,0xff,0x00,0xff,0xff,0xff,0x00,
	0xff,0xff,0xff,0x00,0xff,0xff,0xff,0x00,0xff,0xff,0xff,0x00,0xff,0xff,0xff,0x00,
	0xff,0xff,0xff,0x00,0xff,0xff,0xff,0x00,0xff,0xff,0xff,0x00,0xff,0xff,0xff,0x00,
	0xff,0xff,0xff,0x00,0xff,0xff,0xff,0x00,0xff,0xff,0xff,0x00,0xff,0xff,0xff,0x00,
	0xff,0xff,0xff,0x00,0xff,0xff,0xff,0x00,0xff,0xff,0xff,0x00,0xff,0xff,0xff,0x00,
	0xff,0xff,0xff,0x00,0xff,0xff,0xff,0x00,0xff,0xff,0xff,0x00,0xff,0xff,0xff,0x00,
	0xff,0xff,0xff,0x00,0x54,0xc3,0xe3,0xff,0x54,0xc3,0xe3,0xff,0x54,0xc3,0xe3,0xff,
	0x54,0xc3,0xe3,0xff,0xe6,0xe6,0xff,0xff,0xe6,0xe6,0xff,0xff,0xe6,0xe6,0xff,0xff,
	0x54,0xc3,0xe3,0xff,0x54,0xc3,0xe3,0xff,0x54,0xc3,0xe3,0xff,0xff,0xff,0xff,0x00,
	0xff,0xff,0xff,0x00,0xff,0xff,0xff,0x00,0xff,0xff,0xff,0x00,0xff,0xff,0xff,0x00,
	0xff,0xff,0xff,0x00,0xff,0xff,0xff,0x00,0xff,0xff,0xff,0x00,0xff,0xff,0xff,0x00,
	0xff,0xff,0xff,0x00,0xff,0xff,0xff,0x00,0xff,0xff,0xff,0x00,0xff,0xff,0xff,0x00,
	0xff,0xff,0xff,0x00,0xe6,0xe6,0xff,0xff,0xe6,0xe6,0xff,0xff,0xff,0xff,0xff,0x00,
	0xff,0xff,0xff,0x00,0xff,0xff,0xff,0x00,0xff,0xff,0xff,0x00,0xff,0xff,0xff,0x00,
	0xff,0xff,0xff,0x00,0xff,0xff,0xff,0x00,0xff,0xff,0xff,0x00,0xff,0xff,0xff,0x00,
	0xff,0xff,0xff,0x00,0xff,0xff,0xff,0x00,0xff,0xff,0xff,0x00,0xff,0xff,0xff,0x00,
	0xff,0xff,0xff,0x00,0xff,0xff,0xff,0x00,0xff,0xff,0xff,0x00,0xff,0xff,0xff,0x00,
	0xff,0xff,0xff,0x00,0xff,0xff,0xff,0x00,0xff,0xff,0xff,0x00,0xff,0xff,0xff,0x00,
	0xff,0xff,0xff,0x00,0xff,0xff,0xff,0x00,0xff,0xff,0xff,0x00,0xff,0xff,0xff,0x00,
	0xff,0xff,0xff,0x00,0xff,0xff,0xff,0x00,0xff,0xff,0xff,0x00,0xff,0xff,0xff,0x00,
	0xff,0xff,0xff,0x00,0xff,0xff,0xff,0x00,0xff,0xff,0xff,0x00,0xff,0xff,0xff,0x00,
	0xff,0xff,0xff,0x00,0xff,0xff,0xff,0x00,0xff,0xff,0xff,0x00,0xff,0xff,0xff,0x00,
	0xff,0xff,0xff,0x00,0xff,0xff,0xff,0x00,0xff,0xff,0xff,0x00,0xff,0xff,0xff,0x00,
	0xff,0xff,0xff,0x00,0xff,0xff,0xff,0x00,0xff,0xff,0xff,0x00,0xff,0xff,0xff,0x00,
	0xff,0xff,0xff,0x00,0xff,0xff,0xff,0x00,0xff,0xff,0xff,0x00,0xff,0xff,0xff,0x00,
	0xff,0xff,0xff,0x00,0xff,0xff,0xff,0x00,0xff,0xff,0xff,0x00,0xff,0xff,0xff,0x00,
	0xff,0xff,0xff,0x00,0xff,0xff,0xff,0x00,0xff,0xff,0xff,0x00,0xff,0xff,0xff,0x00,
	0xff,0xff,0xff,0x00,0xff,0xff,0xff,0x00,0xff,0xff,0xff,0x00,0xff,0xff,0xff,0x00,
	0xff,0xff,0xff,0x00,0xff,0xff,0xff,0x00,0xff,0xff,0xff,0x00,0xff,0xff,0xff,0x00,
	0xff,0xff,0xff,0x00,0xff,0xff,0xff,0x00,0xff,0xff,0xff,0x00,0xff,0xff,0xff,0x00,
	0xff,0xff,0xff,0x00,0xff,0xff,0xff,0x00,0xff,0xff,0xff,0x00,0xff,0xff,0xff,0x00,
	0xff,0xff,0xff,0x00,0xff,0xff,0xff,0x00,0xff,0xff,0xff,0x00,0xff,0xff,0xff,0x00,
	0xff,0xff,0xff,0x00,0xff,0xff,0xff,0x00,0xff,0xff,0xff,0x00,0xff,0xff,0xff,0x00,
	0xff,0xff,0xff,0x00,0xff,0xff,0xff,0x00,0xff,0xff,0xff,0x00,0xff,0xff,0xff,0x00,
	0xff,0xff,0xff,0x00,0xff,0xff,0xff,0x00,0xff,0xff,0xff,0x00,0xff,0xff,0xff,0x00,
	0xff,0xff,0xff,0x00,0xff,0xff,0xff,0x00,0xff,0xff,0xff,0x00,0xff,0xff,0xff,0x00,
	0xff,0xff,0xff,0x00,0xff,0xff,0xff,0x00,0xff,0xff,0xff,0x00,0xff,0xff,0xff,0x00,
	0xff,0xff,0xff,0x00,0xff,0xff,0xff,0x00,0xff,0xff,0xff,0x00,0xff,0xff,0xff,0x00,
	0xff,0xff,0xff,0x00,0xff,0xff,0xff,0x00,0xff,0xff,0xff,0x00,0xff,0xff,0xff,0x00,
	0xff,0xff,0xff,0x00,0xff,0xff,0xff,0x00,0xff,0xff,0xff,0x00,0xff,0xff,0xff,0x00,
	0xff,0xff,0xff,0x00,0xff,0xff,0xff,0x00,0xff,0xff,0xff,0x00,0xff,0xff,0xff,0x00,
	0xff,0xff,0xff,0x00,0xff,0xff,0xff,0x00,0xff,0xff,0xff,0x00,0xff,0xff,0x00,0xff,
	0xff,0xff,0x00,0xff,0xff,0xff,0x00,0xff,0xff,0xff,0x00,0xff,0xff,0xff,0x00,0xff,
	0xff,0xff,0x00,0xff,0xff,0xff,0xff,0x00,0xff,0xff,0xff,0x00,0xff,0xff,0xff,0x00,
	0xff,0xff,0xff,0x00,0xff,0xff,0xff,0x00,0xff,0xff,0xff,0x00,0xff,0xff,0xff,0x00,
	0xff,0xff,0xff,0x00,0xff,0xff,0xff,0x00,0xff,0xff,0xff,0x00,0xff,0xff,0xff,0x00,
	0xff,0xff,0xff,0x00,0xff,0xff,0xff,0x00,0xff,0xff,0xff,0x00,0xff,0xff,0x00,0xff,
	0xff,0xff,0x00,0xff,0xff,0xff,0x00,0xff,0xff,0xff,0x00,0xff,0xff,0xff,0x00,0xff,
	0xff,0xff,0x00,0xff,0xff,0xff,0xff,0x00,0xff,0xff,0xff,0x00,0xff,0xff,0xff,0x00,
	0xff,0xff,0xff,0x00,0xff,0xff,0xff,0x00,0xff,0xff,0xff,0x00,0xff,0xff,0xff,0x00,
	0xff,0xff,0xff,0x00,0xff,0xff,0xff,0x00,0xff,0xff,0xff,0x00,0xff,0xff,0xff,0x00,
	0xff,0xff,0xff,0x00,0xff,0xff,0xff,0x00,0xff,0xff,0xff,0x00,0xff,0xff,0x00,0xff,
	0xff,0xff,0x00,0xff,0xff,0xff,0x00,0xff,0xff,0xff,0x00,0xff,0xff,0xff,0x00,0xff,
	0xff,0xff,0x00,0xff,0xff,0xff,0xff,0x00,0xff,0xff,0xff,0x00,0xff,0xff,0xff,0x00,
	0xff,0xff,0xff,0x00,0xff,0xff,0xff,0x00,0xff,0xff,0xff,0x00,0xff,0xff,0xff,0x00,
	0xff,0xff,0xff,0x00,0xff,0xff,0xff,0x00,0xff,0xff,0xff,0x00,0xff,0xff,0xff,0x00,
	0xff,0xff,0xff,0x00,0xff,0xff,0xff,0x00,0xff,0xff,0xff,0x00,0xff,0xff,0xff,0x00,
	0xff,0xff,0xff,0x00,0xff,0xff,0xff,0x00,0xff,0xff,0xff,0x00,0xff,0xff,0xff,0x00,
	0xff,0xff,0xff,0x00,0xff,0xff,0xff,0x00,0xff,0xff,0xff,0x00,0xff,0xff,0xff,0x00,
	0xff,0xff,0xff,0x00,0xff,0xff,0xff,0x00,0xff,0xff,0xff,0x00,0xff,0xff,0xff,0x00,
	0xff,0xff,0xff,0x00,0xff,0xff,0xff,0x00,0xff,0xff,0xff,0x00,0xff,0xff,0xff,0x00,
	0xff,0xff,0xff,0x00,0xff,0xff,0xff,0x00,0xff,0xff,0xff,0x00,0xff,0xff,0xff,0x00,
	0xff,0xff,0xff,0x00,0xff,0xff,0xff,0x00,0xff,0xff,0xff,0x00,0xff,0xff,0xff,0x00,
	0xff,0xff,0xff,0x00,0xff,0xff,0xff,0x00,0xff,0xff,0xff,0x00,0xff,0xff,0xff,0x00,
	0xff,0xff,0xff,0x00,0xff,0xff,0xff,0x00,0xff,0xff,0xff,0x00,0xff,0xff,0xff,0x00,
	0xff,0xff,0xff,0x00,0xff,0xff,0xff,0x00,0xff,0xff,0xff,0x00,0xff,0xff,0xff,0x00,
	0xff,0xff,0xff,0x00,0xff,0xff,0xff,0x00,0xff,0xff,0xff,0x00,0xff,0xff,0x00,0xff,
	0xff,0xff,0x00,0xff,0xff,0xff,0x00,0xff,0xff,0xff,0x00,0xff,0xff,0xff,0x00,0xff,
	0xff,0xff,0x00,0xff,0xff,0xff,0xff,0x00,0xff,0xff,0xff,0x00,0xff,0xff,0xff,0x00,
	0xff,0xff,0xff,0x00,0xff,0xff,0xff,0x00,0xff,0xff,0xff,0x00,0xff,0xff,0xff,0x00,
	0xff,0xff,0xff,0x00,0xff,0xff,0xff,0x00,0xff,0xff,0xff,0x00,0xff,0xff,0xff,0x00,
	0xff,0xff,0xff,0x00,0xff,0xff,0xff,0x00,0xff,0xff,0xff,0x00,0xff,0xff,0x00,0xff,
	0xff,0xff,0x00,0xff,0xff,0xff,0x00,0xff,0xff,0xff,0x00,0xff,0xff,0xff,0x00,0xff,
	0xff,0xff,0x00,0xff,0xff,0xff,0xff,0x00,0xff,0xff,0xff,0x00,0xff,0xff,0xff,0x00,
	0xff,0xff,0xff,0x00,0xff,0xff,0xff,0x00,0xff,0xff,0xff,0x00,0xff,0xff,0xff,0x00,
	0xff,0xff,0xff,0x00,0xff,0xff,0xff,0x00,0xff,0xff,0xff,0x00,0xff,0xff,0xff,0x00,
	0xff,0xff,0xff,0x00,0xff,0xff,0xff,0x00,0xff,0xff,0xff,0x00,0xff,0xff,0x00,0xff,
	0xff,0xff,0x00,0xff,0xff,0xff,0x00,0xff,0xff,0xff,0x00,0xff,0xff,0xff,0x00,0xff,
	0xff,0xff,0x00,0xff,0xff,0xff,0xff,0x00,0xff,0xff,0xff,0x00,0xff,0xff,0xff,0x00,
	0xff,0xff,0xff,0x00,0xff,0xff,0xff,0x00,0xff,0xff,0xff,0x00,0xff,0xff,0xff,0x00,
	0xff,0xff,0xff,0x00,0xff,0xff,0xff,0x00,0xff,0xff,0xff,0x00,0xff,0xff,0xff,0x00,
	0xff,0xff,0xff,0x00,0xff,0xff,0xff,0x00,0xff,0xff,0xff,0x00,0xff,0xff,0x00,0xff,
	0xff,0xff,0x00,0xff,0xff,0xff,0x00,0xff,0xff,0xff,0x00,0xff,0xff,0xff,0x00,0xff,
	0xff,0xff,0x00,0xff,0xff,0xff,0xff,0x00,0xff,0xff,0xff,0x00,0xff,0xff,0xff,0x00,
	0xff,0xff,0xff,0x00,0xff,0xff,0xff,0x00,0xff,0xff,0xff,0x00,0xff,0xff,0xff,0x00,
	0xff,0xff,0xff,0x00,0xff,0xff,0xff,0x00,0xff,0xff,0xff,0x00,0xff,0xff,0xff,0x00,
	0xff,0xff,0xff,0x00,0xff,0xff,0xff,0x00,0xff,0xff,0xff,0x00,0xff,0xff,0x00,0xff,
	0xff,0xff,0x00,0xff,0xff,0xff,0x00,0xff,0xff,0xff,0x00,0xff,0xff,0xff,0x00,0xff,
	0xff,0xff,0x00,0xff,0xff,0xff,0xff,0x00,0xff,0xff,0xff,0x00,0xff,0xff,0xff,0x00,
	0xff,0xff,0xff,0x00,0xff,0xff,0xff,0x00,0xff,0xff,0xff,0x00,0xff,0xff,0xff,0x00,
	0xff,0xff,0xff,0x00,0xff,0xff,0xff,0x00,0xff,0xff,0xff,0x00,0xff,0xff,0xff,0x00,
	0xff,0xff,0xff,0x00,0xff,0xff,0xff,0x00,0xff,0xff,0xff,0x00,0xff,0xff,0x00,0xff,
	0xff,0xff,0x00,0xff,0xff,0xff,0x00,0xff,0xff,0xff,0x00,0xff,0xff,0xff,0x00,0xff,
	0xff,0xff,0x00,0xff,0xff,0xff,0xff,0x00,0xff,0xff,0xff,0x00,0xff,0xff,0xff,0x00,
	0xff,0xff,0xff,0x00,0xff,0xff,0xff,0x00,0xff,0xff,0xff,0x00,0xff,0xff,0xff,0x00,
	0xff,0xff,0xff,0x00,0xff,0xff,0xff,0x00,0xff,0xff,0xff,0x00,0xff,0xff,0xff,0x00,
	0xff,0xff,0xff,0x00,0xff,0xff,0xff,0x00,0xff,0xff,0xff,0x00,0xff,0xff,0x00,0xff,
	0xff,0xff,0x00,0xff,0xff,0xff,0x00,0xff,0xff,0xff,0x00,0xff,0xff,0xff,0x00,0xff,
	0xff,0xff,0x00,0xff,0xff,0xff,0xff,0x00,0xff,0xff,0xff,0x00,0xff,0xff,0xff,0x00,
	0xff,0xff,0xff,0x00,0xff,0xff,0xff,0x00,0xff,0xff,0xff,0x00,0xff,0xff,0xff,0x00,
	0xff,0xff,0xff,0x00,0xff,0xff,0xff,0x00,0xff,0xff,0xff,0x00,0xff,0xff,0xff,0x00,
	0xff,0xff,0xff,0x00,0xff,0xff,0xff,0x00,0xff,0xff,0xff,0x00,0xff,0xff,0x00,0xff,
	0xff,0xff,0x00,0xff,0xff,0xff,0x00,0xff,0xff,0xff,0x00,0xff,0xff,0xff,0x00,0xff,
	0xff,0xff,0x00,0xff,0xff,0xff,0xff,0x00,0xff,0xff,0xff,0x00,0xff,0xff,0xff,0x00,
	0xff,0xff,0xff,0x00,0xff,0xff,0xff,0x00,0xff,0xff,0xff,0x00,0xff,0xff,0xff,0x00,
	0xff,0xff,0xff,0x00,0xff,0xff,0xff,0x00,0xff,0xff,0xff,0x00,0xff,0xff,0xff,0x00,
	0xff,0xff,0xff,0x00,0xff,0xff,0xff,0x00,0xff,0xff,0xff,0x00,0xff,0xff,0x00,0xff,
	0xff,0xff,0x00,0xff,0xff,0xff,0x00,0xff,0xff,0xff,0x00,0xff,0xff,0xff,0x00,0xff,
	0xff,0xff,0x00,0xff,0xff,0xff,0xff,0x00,0xff,0xff,0xff,0x00,0xff,0xff,0xff,0x00,
	0xff,0xff,0xff,0x00,0xff,0xff,0xff,0x00,0xff,0xff,0xff,0x00,0xff,0xff,0xff,0x00,
	0xff,0xff,0xff,0x00,0xff,0xff,0xff,0x00,0xff,0xff,0xff,0x00,0xff,0xff,0xff,0x00,
	0xff,0xff,0xff,0x00,0xff,0xff,0xff,0x00,0xff,0xff,0xff,0x00,0xff,0xff,0xff,0x00,
	0xff,0xff,0xff,0x00,0xff,0xff,0xff,0x00,0xff,0xff,0xff,0x00,0xff,0xff,0xff,0x00,
	0xff,0xff,0xff,0x00,0xff,0xff,0xff,0x00,0xff,0xff,0xff,0x00,0xff,0xff,0xff,0x00,
	0xff,0xff,0xff,0x00,0xff,0xff,0xff,0x00,0xff,0xff,0xff,0x00,0xff,0xff,0xff,0x00,
	0xff,0xff,0xff,0x00,0xff,0x00,0x00,0xff,0xff,0xff,0xff,0x00,0xff,0xff,0xff,0x00,
	0xff,0xff,0xff,0x00,0xff,0xff,0xff,0x00,0xff,0xff,0xff,0x00,0xff,0x00,0x00,0xff,
	0xff,0xff,0xff,0x00,0xff,0xff,0xff,0x00,0xff,0xff,0xff,0x00,0xff,0xff,0xff,0x00,
	0xff,0x00,0x00,0xff,0xff,0xff,0xff,0x00,0xff,0xff,0xff,0x00,0xff,0xff,0xff,0x00,
	0xff,0xff,0xff,0x00,0xff,0xff,0xff,0x00,0xff,0x00,0x00,0xff,0xff,0xff,0xff,0x00,
	0xff,0xff,0xff,0x00,0xff,0xff,0xff,0x00,0xff,0xff,0xff,0x00,0xff,0x00,0x00,0xff,
	0xff,0xff,0xff,0x00,0xff,0xff,0xff,0x00,0xff,0xff,0xff,0x00,0xff,0xff,0xff,0x00,
	0xff,0xff,0xff,0x00,0xff,0x00,0x00,0xff,0xff,0x00,0x00,0xff,0xff,0xff,0xff,0x00,
	0xff,0xff,0xff,0x00,0xff,0xff,0xff,0x00,0xff,0xff,0xff,0x00,0xff,0xff,0xff,0x00,
	0xff,0x00,0x00,0xff,0xff,0xff,0xff,0x00,0xff,0xff,0xff,0x00,0xff,0xff,0xff,0x00,
	0xff,0xff,0xff,0x00,0xff,0x00,0x00,0xff,0xff,0xff,0xff,0x00,0xff,0xff,0xff,0x00,
	0xff,0xff,0xff,0x00,0xff,0xff,0xff,0x00,0xff,0xff,0xff,0x00,0xff,0x00,0x00,0xff,
	0xff,0xff,0xff,0x00,0xff,0xff,0xff,0x00,0xff,0xff,0xff,0x00,0xff,0xff,0xff,0x00,
	0xff,0x00,0x00,0xff,0xff,0xff,0xff,0x00,0xff,0xff,0xff,0x00,0xff,0xff,0xff,0x00,
	0xff,0xff,0xff,0x00,0xff,0xff,0xff,0x00,0xff,0x00,0x00,0xff,0xff,0xff,0xff,0x00,
	0xff,0xff,0xff,0x00,0xff,0xff,0xff,0x00,0xff,0xff,0xff,0x00,0xff,0x00,0x00,0xff,
	0xff,0xff,0xff,0x00,0xff,0xff,0xff,0x00,0xff,0xff,0xff,0x00,0xff,0xff,0xff,0x00,
	0xff,0xff,0xff,0x00,0xff,0x00,0x00,0xff,0xff,0x00,0x00,0xff,0xff,0xff,0xff,0x00,
	0xff,0xff,0xff,0x00,0xff,0xff,0xff,0x00,0xff,0xff,0xff,0x00,0xff,0xff,0xff,0x00,
	0xff,0x00,0x00,0xff,0xff,0xff,0xff,0x00,0xff,0xff,0xff,0x00,0xff,0xff,0xff,0x00,
	0xff,0xff,0xff,0x00,0xff,0x00,0x00,0xff,0xff,0xff,0xff,0x00,0xff,0xff,0xff,0x00,
	0xff,0xff,0xff,0x00,0xff,0xff,0xff,0x00,0xff,0xff,0xff,0x00,0xff,0x00,0x00,0xff,
	0xff,0xff,0xff,0x00,0xff,0xff,0xff,0x00,0xff,0xff,0xff,0x00,0xff,0xff,0xff,0x00,
	0xff,0x00,0x00,0xff,0xff,0xff,0xff,0x00,0xff,0xff,0xff,0x00,0xff,0xff,0xff,0x00,
	0xff,0xff,0xff,0x00,0xff,0xff,0xff,0x00,0xff,0x00,0x00,0xff,0xff,0xff,0xff,0x00,
	0xff,0xff,0xff,0x00,0xff,0xff,0xff,0x00,0xff,0xff,0xff,0x00,0xff,0x00,0x00,0xff,
	0xff,0xff,0xff,0x00,0xff,0xff,0xff,0x00,0xff,0xff,0xff,0x00,0xff,0xff,0xff,0x00,
	0xff,0xff,0xff,0x00,0xff,0x00,0x00,0xff,0xff,0x00,0x00,0xff,0xff,0xff,0xff,0x00,
	0xff,0xff,0xff,0x00,0xff,0xff,0xff,0x00,0xff,0xff,0xff,0x00,0xff,0xff,0xff,0x00,
	0xff,0x00,0x00,0xff,0xff,0xff,0xff,0x00,0xff,0xff,0xff,0x00,0xff,0xff,0xff,0x00,
	0xff,0xff,0xff,0x00,0xff,0x00,0x00,0xff,0xff,0xff,0xff,0x00,0xff,0xff,0xff,0x00,
	0xff,0xff,0xff,0x00,0xff,0xff,0xff,0x00,0xff,0xff,0xff,0x00,0xff,0x00,0x00,0xff,
	0xff,0xff,0xff,0x00,0xff,0xff,0xff,0x00,0xff,0xff,0xff,0x00,0xff,0xff,0xff,0x00,
	0xff,0x00,0x00,0xff,0xff,0xff,0xff,0x00,0xff,0xff,0xff,0x00,0xff,0xff,0xff,0x00,
	0xff,0xff,0xff,0x00,0xff,0xff,0xff,0x00,0xff,0x00,0x00,0xff,0xff,0xff,0xff,0x00,
	0xff,0xff,0xff,0x00,0xff,0xff,0xff,0x00,0xff,0xff,0xff,0x00,0xff,0x00,0x00,0xff,
	0xff,0xff,0xff,0x00,0xff,0xff,0xff,0x00,0xff,0xff,0xff,0x00,0xff,0xff,0xff,0x00,
	0xff,0xff,0xff,0x00,0xff,0x00,0x00,0xff,0xff,0x00,0x00,0xff,0xff,0xff,0xff,0x00,
	0xff,0xff,0xff,0x00,0xff,0xff,0xff,0x00,0xff,0xff,0xff,0x00,0xff,0xff,0xff,0x00,
	0xff,0x00,0x00,0xff,0xff,0xff,0xff,0x00,0xff,0xff,0xff,0x00,0xff,0xff,0xff,0x00,
	0xff,0xff,0xff,0x00,0xff,0xa6,0xc3,0xff,0xff,0xff,0xff,0x00,0xff,0xff,0xff,0x00,
	0xff,0xff,0xff,0x00,0xff,0xff,0xff,0x00,0xff,0xff,0xff,0x00,0xff,0xa6,0xc3,0xff,
	0xff,0xff,0xff,0x00,0xff,0xff,0xff,0x00,0xff,0xff,0xff,0x00,0xff,0xff,0xff,0x00,
	0xff,0xa6,0xc3,0xff,0xff,0xff,0xff,0x00,0xff,0xff,0xff,0x00,0xff,0xff,0xff,0x00,
	0xff,0xff,0xff,0x00,0xff,0xff,0xff,0x00,0xff,0xa6,0xc3,0xff,0xff,0xff,0xff,0x00,
	0xff,0xff,0xff,0x00,0xff,0xff,0xff,0x00,0xff,0xff,0xff,0x00,0xff,0xa6,0xc3,0xff,
	0xff,0xff,0xff,0x00,0xff,0xff,0xff,0x00,0xff,0xff,0xff,0x00,0xff,0xff,0xff,0x00,
	0xff,0xff,0xff,0x00,0xff,0xa6,0xc3,0xff,0xff,0xa6,0xc3,0xff,0xff,0xff,0xff,0x00,
	0xff,0xff,0xff,0x00,0xff,0xff,0xff,0x00,0xff,0xff,0xff,0x00,0xff,0xff,0xff,0x00,
	0xff,0xa6,0xc3,0xff,0xff,0xff,0xff,0x00,0xff,0xff,0xff,0x00,0xff,0xff,0xff,0x00,
	0xff,0xff,0xff,0x00,0xff,0xa6,0xc3,0xff,0xff,0xff,0xff,0x00,0xff,0xff,0xff,0x00,
	0xff,0xff,0xff,0x00,0xff,0xff,0xff,0x00,0xff,0xff,0xff,0x00,0xff,0xa6,0xc3,0xff,
	0xff,0xff,0xff,0x00,0xff,0xff,0xff,0x00,0xff,0xff,0xff,0x00,0xff,0xff,0xff,0x00,
	0xff,0xa6,0xc3,0xff,0xff,0xff,0xff,0x00,0xff,0xff,0xff,0x00,0xff,0xff,0xff,0x00,
	0xff,0xff,0xff,0x00,0xff,0xff,0xff,0x00,0xff,0xa6,0xc3,0xff,0xff,0xff,0xff,0x00,
	0xff,0xff,0xff,0x00,0xff,0xff,0xff,0x00,0xff,0xff,0xff,0x00,0xff,0xa6,0xc3,0xff,
	0xff,0xff,0xff,0x00,0xff,0xff,0xff,0x00,0xff,0xff,0xff,0x00,0xff,0xff,0xff,0x00,
	0xff,0xff,0xff,0x00,0xff,0xa6,0xc3,0xff,0xff,0xa6,0xc3,0xff,0xff,0xff,0xff,0x00,
	0xff,0xff,0xff,0x00,0xff,0xff,0xff,0x00,0xff,0xff,0xff,0x00,0xff,0xff,0xff,0x00,
	0xff,0xa6,0xc3,0xff,0xff,0xff,0xff,0x00,0xff,0xff,0xff,0x00,0xff,0xff,0xff,0x00,
	0xff,0xff,0xff,0x00,0xff,0xa6,0xc3,0xff,0xff,0xff,0xff,0x00,0xff,0xff,0xff,0x00,
	0xff,0xff,0xff,0x00,0xff,0xff,0xff,0x00,0xff,0xff,0xff,0x00,0xff,0xa6,0xc3,0xff,
	0xff,0xff,0xff,0x00,0xff,0xff,0xff,0x00,0xff,0xff,0xff,0x00,0xff,0xff,0xff,0x00,
	0xff,0xa6,0xc3,0xff,0xff,0xff,0xff,0x00,0xff,0xff,0xff,0x00,0xff,0xff,0xff,0x00,
	0xff,0xff,0xff,0x00,0xff,0xff,0xff,0x00,0xff,0xa6,0xc3,0xff,0xff,0xff,0xff,0x00,
	0xff,0xff,0xff,0x00,0xff,0xff,0xff,0x00,0xff,0xff,0xff,0x00,0xff,0xa6,0xc3,0xff,
	0xff,0xff,0xff,0x00,0xff,0xff,0xff,0x00,0xff,0xff,0xff,0x00,0xff,0xff,0xff,0x00,
	0xff,0xff,0xff,0x00,0xff,0xa6,0xc3,0xff,0xff,0xa6,0xc3,0xff,0xff,0xff,0xff,0x00,
	0xff,0xff,0xff,0x00,0xff,0xff,0xff,0x00,0xff,0xff,0xff,0x00,0xff,0xff,0xff,0x00,
	0xff,0xa6,0xc3,0xff,0xff,0xff,0xff,0x00,0xff,0xff,0xff,0x00,0xff,0xff,0xff,0x00,
	0xff,0xff,0xff,0x00,0xff,0xa6,0xc3,0xff,0xff,0xff,0xff,0x00,0xff,0xff,0xff,0x00,
	0xff,0xff,0xff,0x00,0xff,0xff,0xff,0x00,0xff,0xff,0xff,0x00,0xff,0xa6,0xc3,0xff,
	0xff,0xff,0xff,0x00,0xff,0xff,0xff,0x00,0xff,0xff,0xff,0x00,0xff,0xff,0xff,0x00,
	0xff,0xa6,0xc3,0xff,0xff,0xff,0xff,0x00,0xff,0xff,0xff,0x00,0xff,0xff,0xff,0x00,
	0xff,0xff,0xff,0x00,0xff,0xff,0xff,0x00,0xff,0xa6,0xc3,0xff,0xff,0xff,0xff,0x00,
	0xff,0xff,0xff,0x00,0xff,0xff,0xff,0x00,0xff,0xff,0xff,0x00,0xff,0xa6,0xc3,0xff,
	0xff,0xff,0xff,0x00,0xff,0xff,0xff,0x00,0xff,0xff,0xff,0x00,0xff,0xff,0xff,0x00,
	0xff,0xff,0xff,0x00,0xff,0xa6,0xc3,0xff,0xff,0xa6,0xc3,0xff,0xff,0xff,0xff,0x00,
	0xff,0xff,0xff,0x00,0xff,0xff,0xff,0x00,0xff,0xff,0xff,0x00,0xff,0xff,0xff,0x00,
	0xff,0xa6,0xc3,0xff,0xff,0xff,0xff,0x00,0xff,0xff,0xff,0x00,0xff,0xff,0xff,0x00,
	0xff,0xff,0xff,0x00,0x00,0xe6,0xff,0xff,0xff,0xff,0xff,0x00,0xff,0xff,0xff,0x00,
	0xff,0xff,0xff,0x00,0xff,0xff,0xff,0x00,0xff,0xff,0xff,0x00,0x00,0xe6,0xff,0xff,
	0xff,0xff,0xff,0x00,0xff,0xff,0xff,0x00,0xff,0xff,0xff,0x00,0xff,0xff,0xff,0x00,
	0x00,0xe6,0xff,0xff,0xff,0xff,0xff,0x00,0xff,0xff,0xff,0x00,0xff,0xff,0xff,0x00,
	0xff,0xff,0xff,0x00,0xff,0xff,0xff,0x00,0x00,0xe6,0xff,0xff,0xff,0xff,0xff,0x00,
	0xff,0xff,0xff,0x00,0xff,0xff,0xff,0x00,0xff,0xff,0xff,0x00,0x00,0xe6,0xff,0xff,
	0xff,0xff,0xff,0x00,0xff,0xff,0xff,0x00,0xff,0xff,0xff,0x00,0xff,0xff,0xff,0x00,
	0xff,0xff,0xff,0x00,0x00,0xe6,0xff,0xff,0x00,0xe6,0xff,0xff,0xff,0xff,0xff,0x00,
	0xff,0xff,0xff,0x00,0xff,0xff,0xff,0x00,0xff,0xff,0xff,0x00,0xff,0xff,0xff,0x00,
	0x00,0xe6,0xff,0xff,0xff,0xff,0xff,0x00,0xff,0xff,0xff,0x00,0xff,0xff,0xff,0x00,
	0xff,0xff,0xff,0x00,0x00,0xe6,0xff,0xff,0xff,0xff,0xff,0x00,0xff,0xff,0xff,0x00,
	0xff,0xff,0xff,0x00,0xff,0xff,0xff,0x00,0xff,0xff,0xff,0x00,0x00,0xe6,0xff,0xff,
	0xff,0xff,0xff,0x00,0xff,0xff,0xff,0x00,0xff,0xff,0xff,0x00,0xff,0xff,0xff,0x00,
	0x00,0xe6,0xff,0xff,0xff,0xff,0xff,0x00,0xff,0xff,0xff,0x00,0xff,0xff,0xff,0x00,
	0xff,0xff,0xff,0x00,0xff,0xff,0xff,0x00,0x00,0xe6,0xff,0xff,0xff,0xff,0xff,0x00,
	0xff,0xff,0xff,0x00,0xff,0xff,0xff,0x00,0xff,0xff,0xff,0x00,0x00,0xe6,0xff,0xff,
	0xff,0xff,0xff,0x00,0xff,0xff,0xff,0x00,0xff,0xff,0xff,0x00,0xff,0xff,0xff,0x00,
	0xff,0xff,0xff,0x00,0x00,0xe6,0xff,0xff,0x00,0xe6,0xff,0xff,0xff,0xff,0xff,0x00,
	0xff,0xff,0xff,0x00,0xff,0xff,0xff,0x00,0xff,0xff,0xff,0x00,0xff,0xff,0xff,0x00,
	0x00,0xe6,0xff,0xff,0xff,0xff,0xff,0x00,0xff,0xff,0xff,0x00,0xff,0xff,0xff,0x00,
	0xff,0xff,0xff,0x00,0x00,0xe6,0xff,0xff,0xff,0xff,0xff,0x00,0xff,0xff,0xff,0x00,
	0xff,0xff,0xff,0x00,0xff,0xff,0xff,0x00,0xff,0xff,0xff,0x00,0x00,0xe6,0xff,0xff,
	0xff,0xff,0xff,0x00,0xff,0xff,0xff,0x00,0xff,0xff,0xff,0x00,0xff,0xff,0xff,0x00,
	0x00,0xe6,0xff,0xff,0xff,0xff,0xff,0x00,0xff,0xff,0xff,0x00,0xff,0xff,0xff,0x00,
	0xff,0xff,0xff,0x00,0xff,0xff,0xff,0x00,0x00,0xe6,0xff,0xff,0xff,0xff,0xff,0x00,
	0xff,0xff,0xff,0x00,0xff,0xff,0xff,0x00,0xff,0xff,0xff,0x00,0x00,0xe6,0xff,0xff,
	0xff,0xff,0xff,0x00,0xff,0xff,0xff,0x00,0xff,0xff,0xff,0x00,0xff,0xff,0xff,0x00,
	0xff,0xff,0xff,0x00,0x00,0xe6,0xff,0xff,0x00,0xe6,0xff,0xff,0xff,0xff,0xff,0x00,
	0xff,0xff,0xff,0x00,0xff,0xff,0xff,0x00,0xff,0xff,0xff,0x00,0xff,0xff,0xff,0x00,
	0x00,0xe6,0xff,0xff,0xff,0xff,0xff,0x00,0xff,0xff,0xff,0x00,0xff,0xff,0xff,0x00,
	0xff,0xff,0xff,0x00,0x00,0xe6,0xff,0xff,0xff,0xff,0xff,0x00,0xff,0xff,0xff,0x00,
	0xff,0xff,0xff,0x00,0xff,0xff,0xff,0x00,0xff,0xff,0xff,0x00,0x00,0xe6,0xff,0xff,
	0xff,0xff,0xff,0x00,0xff,0xff,0xff,0x00,0xff,0xff,0xff,0x00,0xff,0xff,0xff,0x00,
	0x00,0xe6,0xff,0xff,0xff,0xff,0xff,0x00,0xff,0xff,0xff,0x00,0xff,0xff,0xff,0x00,
	0xff,0xff,0xff,0x00,0xff,0xff,0xff,0x00,0x00,0xe6,0xff,0xff,0xff,0xff,0xff,0x00,
	0xff,0xff,0xff,0x00,0xff,0xff,0xff,0x00,0xff,0xff,0xff,0x00,0x00,0xe6,0xff,0xff,
	0xff,0xff,0xff,0x00,0xff,0xff,0xff,0x00,0xff,0xff,0xff,0x00,0xff,0xff,0xff,0x00,
	0xff,0xff,0xff,0x00,0x00,0xe6,0xff,0xff,0x00,0xe6,0xff,0xff,0xff,0xff,0xff,0x00,
	0xff,0xff,0xff,0x00,0xff,0xff,0xff,0x00,0xff,0xff,0xff,0x00,0xff,0xff,0xff,0x00,
	0x00,0xe6,0xff,0xff,0xff,0xff,0xff,0x00,0xff,0xff,0xff,0x00,0xff,0xff,0xff,0x00,
	0xff,0xff,0xff,0x00,0xff,0xa6,0x00,0xff,0xff,0xff,0xff,0x00,0xff,0xff,0xff,0x00,
	0xff,0xff,0xff,0x00,0xff,0xff,0xff,0x00,0xff,0xff,0xff,0x00,0xff,0xa6,0x00,0xff,
	0xff,0xff,0xff,0x00,0xff,0xff,0xff,0x00,0xff,0xff,0xff,0x00,0xff,0xff,0xff,0x00,
	0xff,0xa6,0x00,0xff,0xff,0xff,0xff,0x00,0xff,0xff,0xff,0x00,0xff,0xff,0xff,0x00,
	0xff,0xff,0xff,0x00,0xff,0xff,0xff,0x00,0xff,0xa6,0x00,0xff,0xff,0xff,0xff,0x00,
	0xff,0xff,0xff,0x00,0xff,0xff,0xff,0x00,0xff,0xff,0xff,0x00,0xff,0xa6,0x00,0xff,
	0xff,0xff,0xff,0x00,0xff,0xff,0xff,0x00,0xff,0xff,0xff,0x00,0xff,0xff,0xff,0x00,
	0xff,0xff,0xff,0x00,0xff,0xa6,0x00,0xff,0xff,0xa6,0x00,0xff,0xff,0xff,0xff,0x00,
	0xff,0xff,0xff,0x00,0xff,0xff,0xff,0x00,0xff,0xff,0xff,0x00,0xff,0xff,0xff,0x00,
	0xff,0xa6,0x00,0xff,0xff,0xff,0xff,0x00,0xff,0xff,0xff,0x00,0xff,0xff,0xff,0x00,
	0xff,0xff,0xff,0x00,0xff,0xa6,0x00,0xff,0xff,0xff,0xff,0x00,0xff,0xff,0xff,0x00,
	0xff,0xff,0xff,0x00,0xff,0xff,0xff,0x00,0xff,0xff,0xff,0x00,0xff,0xa6,0x00,0xff,
	0xff,0xff,0xff,0x00,0xff,0xff,0xff,0x00,0xff,0xff,0xff,0x00,0xff,0xff,0xff,0x00,
	0xff,0xa6,0x00,0xff,0xff,0xff,0xff,0x00,0xff,0xff,0xff,0x00,0xff,0xff,0xff,0x00,
	0xff,0xff,0xff,0x00,0xff,0xff,0xff,0x00,0xff,0xa6,0x00,0xff,0xff,0xff,0xff,0x00,
	0xff,0xff,0xff,0x00,0xff,0xff,0xff,0x00,0xff,0xff,0xff,0x00,0xff,0xa6,0x00,0xff,
	0xff,0xff,0xff,0x00,0xff,0xff,0xff,0x00,0xff,0xff,0xff,0x00,0xff,0xff,0xff,0x00,
	0xff,0xff,0xff,0x00,0xff,0xa6,0x00,0xff,0xff,0xa6,0x00,0xff,0xff,0xff,0xff,0x00,
	0xff,0xff,0xff,0x00,0xff,0xff,0xff,0x00,0xff,0xff,0xff,0x00,0xff,0xff,0xff,0x00,
	0xff,0xa6,0x00,0xff,0xff,0xff,0xff,0x00,0xff,0xff,0xff,0x00,0xff,0xff,0xff,0x00,
	0xff,0xff,0xff,0x00,0xff,0xa6,0x00,0xff,0xff,0xff,0xff,0x00,0xff,0xff,0xff,0x00,
	0xff,0xff,0xff,0x00,0xff,0xff,0xff,0x00,0xff,0xff,0xff,0x00,0xff,0xa6,0x00,0xff,
	0xff,0xff,0xff,0x00,0xff,0xff,0xff,0x00,0xff,0xff,0xff,0x00,0xff,0xff,0xff,0x00,
	0xff,0xa6,0x00,0xff,0xff,0xff,0xff,0x00,0xff,0xff,0xff,0x00,0xff,0xff,0xff,0x00,
	0xff,0xff,0xff,0x00,0xff,0xff,0xff,0x00,0xff,0xa6,0x00,0xff,0xff,0xff,0xff,0x00,
	0xff,0xff,0xff,0x00,0xff,0xff,0xff,0x00,0xff,0xff,0xff,0x00,0xff,0xa6,0x00,0xff,
	0xff,0xff,0xff,0x00,0xff,0xff,0xff,0x00,0xff,0xff,0xff,0x00,0xff,0xff,0xff,0x00,
	0xff,0xff,0xff,0x00,0xff,0xa6,0x00,0xff,0xff,0xa6,0x00,0xff,0xff,0xff,0xff,0x00,
	0xff,0xff,0xff,0x00,0xff,0xff,0xff,0x00,0xff,0xff,0xff,0x00,0xff,0xff,0xff,0x00,
	0xff,0xa6,0x00,0xff,0xff,0xff,0xff,0x00,0xff,0xff,0xff,0x00,0xff,0xff,0xff,0x00,
	0xff,0xff,0xff,0x00,0xff,0xa6,0x00,0xff,0xff,0xff,0xff,0x00,0xff,0xff,0xff,0x00,
	0xff,0xff,0xff,0x00,0xff,0xff,0xff,0x00,0xff,0xff,0xff,0x00,0xff,0xa6,0x00,0xff,
	0xff,0xff,0xff,0x00,0xff,0xff,0xff,0x00,0xff,0xff,0xff,0x00,0xff,0xff,0xff,0x00,
	0xff,0xa6,0x00,0xff,0xff,0xff,0xff,0x00,0xff,0xff,0xff,0x00,0xff,0xff,0xff,0x00,
	0xff,0xff,0xff,0x00,0xff,0xff,0xff,0x00,0xff,0xa6,0x00,0xff,0xff,0xff,0xff,0x00,
	0xff,0xff,0xff,0x00,0xff,0xff,0xff,0x00,0xff,0xff,0xff,0x00,0xff,0xa6,0x00,0xff,
	0xff,0xff,0xff,0x00,0xff,0xff,0xff,0x00,0xff,0xff,0xff,0x00,0xff,0xff,0xff,0x00,
	0xff,0xff,0xff,0x00,0xff,0xa6,0x00,0xff,0xff,0xa6,0x00,0xff,0xff,0xff,0xff,0x00,
	0xff,0xff,0xff,0x00,0xff,0xff,0xff,0x00,0xff,0xff,0xff,0x00,0xff,0xff,0xff,0x00,
	0xff,0xa6,0x00,0xff,0xff,0xff,0xff,0x00,0xff,0xff,0xff,0x00,0xff,0xff,0xff,0x00,
	0xff,0xff,0xff,0x00,0xff,0xff,0xff,0x00,0xff,0xff,0xff,0x00,0xff,0xff,0xff,0x00,
	0xff,0xff,0xff,0x00,0xff,0xff,0xff,0x00,0xff,0xff,0xff,0x00,0xff,0xff,0xff,0x00,
	0xff,0xff,0xff,0x00,0xff,0xff,0xff,0x00,0xff,0xff,0xff,0x00,0xff,0xff,0xff,0x00,
	0xff,0xff,0xff,0x00,0xff,0xff,0xff,0x00,0xff,0xff,0xff,0x00,0xff,0xff,0xff,0x00,
	0xff,0xff,0xff,0x00,0xff,0xff,0xff,0x00,0xff,0xff,0xff,0x00,0xff,0xff,0xff,0x00,
	0xff,0xff,0xff,0x00,0xff,0xff,0xff,0x00,0xff,0xff,0xff,0x00,0xff,0xff,0xff,0x00,
	0xff,0xff,0xff,0x00,0xff,0xff,0xff,0x00,0xff,0xff,0xff,0x00,0xff,0xff,0xff,0x00,
	0xff,0xff,0xff,0x00,0xff,0xff,0xff,0x00,0xff,0xff,0xff,0x00,0xff,0xff,0xff,0x00,
	0xff,0xff,0xff,0x00,0xff,0xff,0xff,0x00,0xff,0xff,0xff,0x00,0xff,0xff,0xff,0x00,
	0xff,0xff,0xff,0x00,0xff,0xff,0xff,0x00,0xff,0xff,0xff,0x00,0xff,0xff,0xff,0x00,
	0xff,0xff,0xff,0x00,0xff,0xff,0xff,0x00,0xff,0xff,0xff,0x00,0xff,0xff,0xff,0x00,
	0xff,0xff,0xff,0x00,0xff,0xff,0xff,0x00,0xff,0xff,0xff,0x00,0xff,0xff,0xff,0x00,
	0xff,0xff,0xff,0x00,0xff,0xff,0xff,0x00,0xff,0xff,0xff,0x00,0xff,0xff,0xff,0x00,
	0xff,0xff,0xff,0x00,0xff,0xff,0xff,0x00,0xff,0xff,0xff,0x00,0xff,0xff,0xff,0x00,
	0xff,0xff,0xff,0x00,0xff,0xff,0xff,0x00,0xff,0xff,0xff,0x00,0xff,0xff,0xff,0x00,
	0xff,0xff,0xff,0x00,0xff,0xff,0xff,0x00,0xff,0xff,0xff,0x00,0xff,0xff,0xff,0x00,
	0xff,0xff,0xff,0x00,0xff,0xff,0xff,0x00,0xff,0xff,0xff,0x00,0xff,0xff,0xff,0x00,
	0xff,0xff,0xff,0x00,0xff,0xff,0xff,0x00,0xff,0xff,0xff,0x00,0xff,0xff,0xff,0x00,
	0xff,0xff,0xff,0x00,0xff,0xff,0xff,0x00,0xff,0xff,0xff,0x00,0xff,0xff,0xff,0x00,
	0xff,0xff,0xff,0x00,0xff,0xff,0xff,0x00,0xff,0xff,0xff,0x00,0xff,0xff,0xff,0x00,
	0xff,0xff,0xff,0x00,0x00,0x00,0xc3,0xff,0xff,0xff,0xff,0x00,0xff,0xff,0xff,0x00,
	0xff,0xff,0xff,0x00,0xff,0xff,0xff,0x00,0xff,0xff,0xff,0x00,0x00,0x00,0xc3,0xff,
	0xff,0xff,0xff,0x00,0xff,0xff,0xff,0x00,0xff,0xff,0xff,0x00,0xff,0xff,0xff,0x00,
	0x00,0x00,0xc3,0xff,0xff,0xff,0xff,0x00,0xff,0xff,0xff,0x00,0xff,0xff,0xff,0x00,
	0xff,0xff,0xff,0x00,0xff,0xff,0xff,0x00,0x00,0x00,0xc3,0xff,0xff,0xff,0xff,0x00,
	0xff,0xff,0xff,0x00,0xff,0xff,0xff,0x00,0xff,0xff,0xff,0x00,0x00,0x00,0xc3,0xff,
	0xff,0xff,0xff,0x00,0xff,0xff,0xff,0x00,0xff,0xff,0xff,0x00,0xff,0xff,0xff,0x00,
	0xff,0xff,0xff,0x00,0x00,0x00,0xc3,0xff,0x00,0x00,0xc3,0xff,0xff,0xff,0xff,0x00,
	0xff,0xff,0xff,0x00,0xff,0xff,0xff,0x00,0xff,0xff,0xff,0x00,0xff,0xff,0xff,0x00,
	0x00,0x00,0xc3,0xff,0xff,0xff,0xff,0x00,0xff,0xff,0xff,0x00,0xff,0xff,0xff,0x00,
	0xff,0xff,0xff,0x00,0xff,0xff,0xff,0xff,0xff,0xff,0xff,0x00,0xff,0xff,0xff,0x00,
	0xff,0xff,0xff,0x00,0xff,0xff,0xff,0x00,0xff,0xff,0xff,0x00,0xff,0xff,0xff,0xff,
	0xff,0xff,0xff,0x00,0xff,0xff,0xff,0x00,0xff,0xff,0xff,0x00,0xff,0xff,0xff,0x00,
	0xff,0xff,0xff,0xff,0xff,0xff,0xff,0x00,0xff,0xff,0xff,0x00,0xff,0xff,0xff,0x00,
	0xff,0xff,0xff,0x00,0xff,0xff,0xff,0x00,0xff,0xff,0xff,0xff,0xff,0xff,0xff,0x00,
	0xff,0xff,0xff,0x00,0xff,0xff,0xff,0x00,0xff,0xff,0xff,0x00,0xff,0xff,0xff,0xff,
	0xff,0xff,0xff,0x00,0xff,0xff,0xff,0x00,0xff,0xff,0xff,0x00,0xff,0xff,0xff,0x00,
	0xff,0xff,0xff,0x00,0xff,0xff,0xff,0xff,0xff,0xff,0xff,0xff,0xff,0xff,0xff,0x00,
	0xff,0xff,0xff,0x00,0xff,0xff,0xff,0x00,0xff,0xff,0xff,0x00,0xff,0xff,0xff,0x00,
	0xff,0xff,0xff,0xff,0xff,0xff,0xff,0x00,0xff,0xff,0xff,0x00,0xff,0xff,0xff,0x00,
	0xff,0xff,0xff,0x00,0xff,0xff,0xff,0x00,0xff,0xff,0xff,0x00,0xff,0xff,0xff,0x00,
	0xff,0xff,0xff,0x00,0xff,0xff,0xff,0x00,0xff,0xff,0xff,0x00,0xff,0xff,0xff,0x00,
	0xff,0xff,0xff,0x00,0xff,0xff,0xff,0x00,0xff,0xff,0xff,0x00,0xff,0xff,0xff,0x00,
	0xff,0xff,0xff,0x00,0xff,0xff,0xff,0x00,0xff,0xff,0xff,0x00,0xff,0xff,0xff,0x00,
	0xff,0xff,0xff,0x00,0xff,0xff,0xff,0x00,0xff,0xff,0xff,0x00,0xff,0xff,0xff,0x00,
	0xff,0xff,0xff,0x00,0xff,0xff,0xff,0x00,0xff,0xff,0xff,0x00,0xff,0xff,0xff,0x00,
	0xff,0xff,0xff,0x00,0xff,0xff,0xff,0x00,0xff,0xff,0xff,0x00,0xa6,0x00,0x00,0xff,
	0xa6,0x00,0x00,0xff,0xa6,0x00,0x00,0xff,0xa6,0x00,0x00,0xff,0xa6,0x00,0x00,0xff,
	0xff,0xff,0xff,0x00,0xff,0xff,0xff,0x00,0xff,0xff,0xff,0x00,0xff,0xff,0xff,0x00,
	0xff,0xff,0xff,0x00,0xff,0xff,0xff,0x00,0xff,0xff,0xff,0x00,0xff,0xff,0xff,0x00,
	0xff,0xff,0xff,0x00,0xff,0xff,0xff,0x00,0xff,0xff,0xff,0x00,0xff,0xff,0xff,0x00,
	0xff,0xff,0xff,0x00,0xff,0xff,0xff,0x00,0xff,0xff,0xff,0x00,0xc3,0x75,0x00,0xff,
	0xc3,0x75,0x00,0xff,0xc3,0x75,0x00,0xff,0xc3,0x75,0x00,0xff,0xc3,0x75,0x00,0xff,
	0xff,0xff,0xff,0x00,0xff,0xff,0xff,0x00,0xff,0xff,0xff,0x00,0xff,0xff,0xff,0x00,
	0xff,0xff,0xff,0x00,0xff,0xff,0xff,0x00,0xff,0xff,0xff,0x00,0xff,0xff,0xff,0x00,
	0xff,0xff,0xff,0x00,0xff,0xff,0xff,0x00,0xff,0xff,0xff,0x00,0xff,0xff,0xff,0x00,
	0xff,0xff,0xff,0x00,0xff,0xff,0xff,0x00,0xff,0xff,0xff,0x00,0xff,0xff,0xff,0x00,
	0xff,0xff,0xff,0x00,0xff,0xff,0xff,0x00,0xff,0xff,0xff,0x00,0xff,0xff,0xff,0x00,
	0xff,0xff,0xff,0x00,0xff,0xff,0xff,0x00,0xff,0xff,0xff,0x00,0xff,0xff,0xff,0x00,
	0xff,0xff,0xff,0x00,0xff,0xff,0xff,0x00,0xff,0xff,0xff,0x00,0xff,0xff,0xff,0x00,
	0xff,0xff,0xff,0x00,0xff,0xff,0xff,0x00,0xff,0xff,0xff,0x00,0xff,0xff,0xff,0x00,
	0xff,0xff,0xff,0x00,0xff,0xff,0xff,0x00,0xff,0xff,0xff,0x00,0x00,0xdc,0x00,0xff,
	0x00,0xdc,0x00,0xff,0x00,0xdc,0x00,0xff,0x00,0xdc,0x00,0xff,0x54,0xc3,0xe3,0xff,
	0xff,0xff,0xff,0x00,0xff,0xff,0xff,0x00,0xff,0xff,0xff,0x00,0xff,0xff,0xff,0x00,
	0xff,0xff,0xff,0x00,0xff,0xff,0xff,0x00,0xff,0xff,0xff,0x00,0xff,0xff,0xff,0x00,
	0xff,0xff,0xff,0x00,0xff,0xff,0xff,0x00,0xff,0xff,0xff,0x00,0xff,0xff,0xff,0x00,
	0xff,0xff,0xff,0x00,0xff,0xff,0xff,0x00,0xff,0xff,0xff,0x00,0xff,0xff,0xff,0x00,
	0xff,0xff,0xff,0x00,0xff,0xff,0xff,0x00,0xff,0xff,0xff,0x00,0xff,0xff,0xff,0x00,
	0xff,0xff,0xff,0x00,0xff,0xff,0xff,0x00,0xff,0xff,0xff,0x00,0xff,0xff,0xff,0x00,
	0xff,0xff,0xff,0x00,0xff,0xff,0xff,0x00,0xff,0xff,0xff,0x00,0xff,0xff,0xff,0x00,
	0xff,0xff,0xff,0x00,0xff,0xff,0xff,0x00,0xff,0xff,0xff,0x00,0xff,0xff,0xff,0x00,
	0xff,0xff,0xff,0x00,0xff,0xff,0xff,0x00,0xff,0xff,0xff,0x00,0xff,0xff,0xff,0x00,
	0xff,0xff,0xff,0x00,0xff,0xff,0xff,0x00,0xff,0xff,0xff,0x00,0xff,0xff,0xff,0x00,
	0xff,0xff,0xff,0x00,0xff,0xff,0xff,0x00,0xff,0xff,0xff,0x00,0xff,0xff,0xff,0x00,
	0xff,0xff,0xff,0x00,0xff,0xff,0xff,0x00,0xff,0xff,0xff,0x00,0xff,0xff,0xff,0x00,
	0xff,0xff,0xff,0x00,0xff,0xff,0xff,0x00,0xff,0xff,0xff,0x00,0xff,0xff,0xff,0x00,
	0xff,0xff,0xff,0x00,0xff,0xff,0xff,0x00,0xff,0xff,0xff,0x00,0xff,0xff,0xff,0x00,
	0xff,0xff,0xff,0x00,0xff,0xff,0xff,0x00,0xff,0xff,0xff,0x00,0xff,0xff,0xff,0x00,
	0xff,0xff,0xff,0x00,0xff,0xff,0xff,0x00,0xff,0xff,0xff,0x00,0xff,0xff,0xff,0x00,
	0xff,0xff,0xff,0x00,0xff,0xff,0xff,0x00,0xff,0xff,0xff,0x00,0xff,0xff,0xff,0x00,
	0xff,0xff,0xff,0x00,0xff,0xff,0xff,0x00,0xff,0xff,0xff,0x00,0xff,0xff,0xff,0x00,
	0xff,0xff,0xff,0x00,0xff,0xff,0xff,0x00,0xff,0xff,0xff,0x00,0xff,0xff,0xff,0x00,
	0xff,0xff,0xff,0x00,0xff,0xff,0xff,0x00,0xff,0xff,0xff,0x00,0xff,0xff,0xff,0x00,
	0xff,0xff,0xff,0x00,0xff,0xff,0xff,0x00,0xff,0xff,0xff,0x00,0xff,0xff,0xff,0x00,
	0xff,0xff,0xff,0x00,0xff,0xff,0xff,0x00,0xff,0xff,0xff,0x00,0xff,0xff,0xff,0x00,
	0xff,0xff,0xff,0x00,0xff,0xff,0xff,0x00,0xff,0xff,0xff,0x00,0xff,0xff,0xff,0x00,
	0xff,0xff,0xff,0x00,0xff,0xff,0xff,0x00,0xff,0xff,0xff,0x00,0xff,0xff,0xff,0x00,
	0xff,0xff,0xff,0x00,0xff,0xff,0xff,0x00,0xff,0xff,0xff,0x00,0xff,0xff,0xff,0x00,
	0xff,0xff,0xff,0x00,0xff,0xff,0xff,0x00,0xff,0xff,0xff,0x00,0xff,0xff,0xff,0x00,
	0xff,0xff,0xff,0x00,0xff,0xff,0xff,0x00,0xff,0xff,0xff,0x00,0xff,0xff,0xff,0x00,
	0xff,0xff,0xff,0x00,0xff,0xff,0xff,0x00,0xff,0xff,0xff,0x00,0xff,0xff,0xff,0x00,
	0xff,0xff,0xff,0x00,0xff,0xff,0xff,0x00,0xff,0xff,0xff,0x00,0xff,0xff,0xff,0x00,
	0xff,0xff,0xff,0x00,0xff,0xff,0xff,0x00,0xff,0xff,0xff,0x00,0xff,0xff,0xff,0x00,
	0xff,0xff,0xff,0x00,0xff,0xff,0xff,0x00,0xff,0xff,0xff,0x00,0xff,0xff,0xff,0x00,
	0xff,0xff,0xff,0x00,0xff,0xff,0xff,0x00,0xff,0xff,0xff,0x00,0xff,0xff,0xff,0x00,
	0xff,0xff,0xff,0x00,0xff,0xff,0xff,0x00,0xff,0xff,0xff,0x00,0xff,0xff,0xff,0x00,
	0xff,0xff,0xff,0x00,0xff,0xff,0xff,0x00,0xff,0xff,0xff,0x00,0xff,0xff,0xff,0x00,
	0xff,0xff,0xff,0x00,0xff,0xff,0xff,0x00,0xff,0xff,0xff,0x00,0xff,0xff,0xff,0x00,
	0xff,0xff,0xff,0x00,0xff,0xff,0xff,0x00,0xff,0xff,0xff,0x00,0xff,0xff,0xff,0x00,
	0xff,0xff,0xff,0x00,0xff,0xff,0xff,0x00,0xff,0xff,0xff,0x00,0xff,0xff,0xff,0x00,
	0xff,0xff,0xff,0x00,0xff,0xff,0xff,0x00,0xff,0xff,0xff,0x00,0xff,0xff,0xff,0x00,
	0xff,0xff,0xff,0x00,0xff,0xff,0xff,0x00,0xff,0xff,0xff,0x00,0xff,0xff,0xff,0x00,
	0xff,0xff,0xff,0x00,0xff,0xff,0xff,0x00,0xff,0xff,0xff,0x00,0xff,0xff,0xff,0x00,
	0xff,0xff,0xff,0x00,0xff,0xff,0xff,0x00,0xff,0xff,0xff,0x00,0xff,0xff,0xff,0x00,
	0xff,0xff,0xff,0x00,0xff,0xff,0xff,0x00,0xff,0xff,0xff,0x00,0xff,0xff,0xff,0x00,
	0xff,0xff,0xff,0x00,0xff,0xff,0xff,0x00,0xff,0xff,0xff,0x00,0xff,0xff,0xff,0x00,
	0xff,0xff,0xff,0x00,0xff,0xff,0xff,0x00,0xff,0xff,0xff,0x00,0xff,0xff,0xff,0x00,
	0xff,0xff,0xff,0x00,0xff,0xff,0xff,0x00,0xff,0xff,0xff,0x00,0xff,0xff,0xff,0x00,
	0xff,0xff,0xff,0x00,0xff,0xff,0xff,0x00,0xff,0xff,0xff,0x00,0xff,0xff,0xff,0x00,
	0xff,0xff,0xff,0x00,0xff,0xff,0xff,0x00,0xff,0xff,0xff,0x00,0xff,0xff,0xff,0x00,
	0xff,0xff,0xff,0x00,0xff,0xff,0xff,0x00,0xff,0xff,0xff,0x00,0xff,0xff,0xff,0x00,
	0xff,0xff,0xff,0x00,0xff,0xff,0xff,0x00,0xff,0xff,0xff,0x00,0xff,0xff,0xff,0x00,
	0xff,0xff,0xff,0x00,0xff,0xff,0xff,0x00,0xff,0xff,0xff,0x00,0xff,0xff,0xff,0x00,
	0xff,0xff,0xff,0x00,0xff,0xff,0xff,0x00,0xff,0xff,0xff,0x00,0xff,0xff,0xff,0x00,
	0xff,0xff,0xff,0x00,0xff,0xff,0xff,0x00,0xff,0xff,0xff,0x00,0xff,0xff,0xff,0x00,
	0xff,0xff,0xff,0x00,0xff,0xff,0xff,0x00,0xff,0xff,0xff,0x00,0xff,0xff,0xff,0x00,
	0xff,0xff,0xff,0x00,0xff,0xff,0xff,0x00,0xff,0xff,0xff,0x00,0xff,0xff,0xff,0x00,
	0xff,0xff,0xff,0x00,0xff,0xff,0xff,0x00,0xff,0xff,0xff,0x00,0xff,0xff,0xff,0x00,
	0xff,0xff,0xff,0x00,0xff,0xff,0xff,0x00,0xff,0xff,0xff,0x00,0xff,0xff,0xff,0x00,
	0xff,0xff,0xff,0x00,0xff,0xff,0xff,0x00,0xff,0xff,0xff,0x00,0xff,0xff,0xff,0x00,
	0xff,0xff,0xff,0x00,0xff,0xff,0xff,0x00,0xff,0xff,0xff,0x00,0xff,0xff,0xff,0x00,
	0xff,0xff,0xff,0x00,0xff,0xff,0xff,0x00,0xff,0xff,0xff,0x00,0xff,0xff,0xff,0x00,
	0xff,0xff,0xff,0x00,0xff,0xff,0xff,0x00,0xff,0xff,0xff,0x00,0xff,0xff,0xff,0x00,
	0xff,0xff,0xff,0x00,0xff,0xff,0xff,0x00,0xff,0xff,0xff,0x00,0xff,0xff,0xff,0x00,
	0xff,0xff,0xff,0x00,0xff,0xff,0xff,0x00,0xff,0xff,0xff,0x00,0xff,0xff,0xff,0x00,
	0xff,0xff,0xff,0x00,0xff,0xff,0xff,0x00,0xff,0xff,0xff,0x00,0xff,0xff,0xff,0x00,
	0xff,0xff,0xff,0x00,0xff,0xff,0xff,0x00,0xff,0xff,0xff,0x00,0xff,0xff,0xff,0x00,
	0xff,0xff,0xff,0x00,0xff,0xff,0xff,0x00,0xff,0xff,0xff,0x00,0xff,0xff,0xff,0x00,
	0xff,0xff,0xff,0x00,0xff,0xff,0xff,0x00,0xff,0xff,0xff,0x00,0xff,0xff,0xff,0x00,
	0xff,0xff,0xff,0x00,0xff,0xff,0xff,0x00,0xff,0xff,0xff,0x00,0xff,0xff,0xff,0x00,
	0xff,0xff,0xff,0x00,0xff,0xff,0xff,0x00,0xff,0xff,0xff,0x00,0xff,0xff,0xff,0x00,
	0xff,0xff,0xff,0x00,0xff,0xff,0xff,0x00,0xff,0xff,0xff,0x00,0xff,0xff,0xff,0x00,
	0xff,0xff,0xff,0x00,0xff,0xff,0xff,0x00,0xff,0xff,0xff,0x00,0xff,0xff,0xff,0x00,
	0xff,0xff,0xff,0x00,0xff,0xff,0xff,0x00,0xff,0xff,0xff,0x00,0xff,0xff,0xff,0x00,
	0xff,0xff,0xff,0x00,0xff,0xff,0xff,0x00,0xff,0xff,0xff,0x00,0xff,0xff,0xff,0x00,
	0xff,0xff,0xff,0x00,0xff,0xff,0xff,0x00,0xff,0xff,0xff,0x00,0xff,0xff,0xff,0x00,
	0xff,0xff,0xff,0x00,0xff,0xff,0xff,0x00,0xff,0xff,0xff,0x00,0xff,0xff,0xff,0x00,
	0xff,0xff,0xff,0x00,0xff,0xff,0xff,0x00,0xff,0xff,0xff,0x00,0xff,0xff,0xff,0x00,
	0xff,0xff,0xff,0x00,0xff,0xff,0xff,0x00,0xff,0xff,0xff,0x00,0xff,0xff,0xff,0x00,
	0xff,0xff,0xff,0x00,0xff,0xff,0xff,0x00,0xff,0xff,0xff,0x00,0xff,0xff,0xff,0x00,
	0xff,0xff,0xff,0x00,0xff,0xff,0xff,0x00,0xff,0xff,0xff,0x00,0xff,0xff,0xff,0x00,
	0xff,0xff,0xff,0x00,0xff,0xff,0xff,0x00,0xff,0xff,0xff,0x00,0xff,0xff,0xff,0x00,
	0xff,0xff,0xff,0x00,0xff,0xff,0xff,0x00,0xff,0xff,0xff,0x00,0xff,0xff,0xff,0x00,
	0xff,0xff,0xff,0x00,0xff,0xff,0xff,0x00,0xff,0xff,0xff,0x00,0xff,0xff,0xff,0x00,
	0xff,0xff,0xff,0x00,0xff,0xff,0xff,0x00,0xff,0xff,0xff,0x00,0xff,0xff,0xff,0x00,
	0xff,0xff,0xff,0x00,0xff,0xff,0xff,0x00,0xff,0xff,0xff,0x00,0xff,0xff,0xff,0x00,
	0xff,0xff,0xff,0x00,0xff,0xff,0xff,0x00,0xff,0xff,0xff,0x00,0xff,0xff,0xff,0x00,
	0xff,0xff,0xff,0x00,0xff,0xff,0xff,0x00,0xff,0xff,0xff,0x00,0xff,0xff,0xff,0x00,
	0xff,0xff,0xff,0x00,0xff,0xff,0xff,0x00,0xff,0xff,0xff,0x00,0xff,0xff,0xff,0x00,
	0xff,0xff,0xff,0x00,0xff,0xff,0xff,0x00,0xff,0xff,0xff,0x00,0xff,0xff,0xff,0x00,
	0xff,0xff,0xff,0x00,0xff,0xff,0xff,0x00,0xff,0xff,0xff,0x00,0xff,0xff,0xff,0x00,
	0xff,0xff,0xff,0x00,0xff,0xff,0xff,0x00,0xff,0xff,0xff,0x00,0xff,0xff,0xff,0x00,
	0xff,0xff,0xff,0x00,0xff,0xff,0xff,0x00,0xff,0xff,0xff,0x00,0xff,0xff,0xff,0x00,
	0xff,0xff,0xff,0x00,0xff,0xff,0xff,0x00,0xff,0xff,0xff,0x00,0xff,0xff,0xff,0x00,
	0xff,0xff,0xff,0x00,0xff,0xff,0xff,0x00,0xff,0xff,0xff,0x00,0xff,0xff,0xff,0x00,
	0xff,0xff,0xff,0x00,0xff,0xff,0xff,0x00,0xff,0xff,0xff,0x00,0xff,0xff,0xff,0x00,
	0xff,0xff,0xff,0x00,0xff,0xff,0xff,0x00,0xff,0xff,0xff,0x00,0xff,0xff,0xff,0x00,
	0xff,0xff,0xff,0x00,0xff,0xff,0xff,0x00,0xff,0xff,0xff,0x00,0xff,0xff,0xff,0x00,
	0xff,0xff,0xff,0x00,0xff,0xff,0xff,0x00,0xff,0xff,0xff,0x00,0xff,0xff,0xff,0x00,
	0xff,0xff,0xff,0x00,0xff,0xff,0xff,0x00,0xff,0xff,0xff,0x00,0xff,0xff,0xff,0x00,
	0xff,0xff,0xff,0x00,0xff,0xff,0xff,0x00,0xff,0xff,0xff,0x00,0xff,0xff,0xff,0x00,
	0xff,0xff,0xff,0x00,0xff,0xff,0xff,0x00,0xff,0xff,0xff,0x00,0xff,0xff,0xff,0x00,
	0xff,0xff,0xff,0x00,0xff,0xff,0xff,0x00,0xff,0xff,0xff,0x00,0xff,0xff,0xff,0x00,
	0xff,0xff,0xff,0x00,0xff,0xff,0xff,0x00,0xff,0xff,0xff,0x00,0xff,0xff,0xff,0x00,
	0xff,0xff,0xff,0x00,0xff,0xff,0xff,0x00,0xff,0xff,0xff,0x00,0xff,0xff,0xff,0x00,
	0xff,0xff,0xff,0x00,0xff,0xff,0xff,0x00,0xff,0xff,0xff,0x00,0xff,0xff,0xff,0x00,
	0xff,0xff,0xff,0x00,0xff,0xff,0xff,0x00,0xff,0xff,0xff,0x00,0xff,0xff,0xff,0x00,
	0xff,0xff,0xff,0x00,0xff,0xff,0xff,0x00,0xff,0xff,0xff,0x00,0xff,0xff,0xff,0x00,
	0xff,0xff,0xff,0x00,0xff,0xff,0xff,0x00,0xff,0xff,0xff,0x00,0xff,0xff,0xff,0x00,
	0xff,0xff,0xff,0x00,0xff,0xff,0xff,0x00,0xff,0xff,0xff,0x00,0xff,0xff,0xff,0x00,
	0xff,0xff,0xff,0x00,0xff,0xff,0xff,0x00,0xff,0xff,0xff,0x00,0xff,0xff,0xff,0x00,
	0xff,0xff,0xff,0x00,0xff,0xff,0xff,0x00,0xff,0xff,0xff,0x00,0xff,0xff,0xff,0x00,
	0xff,0xff,0xff,0x00,0xff,0xff,0xff,0x00,0xff,0xff,0xff,0x00,0xff,0xff,0xff,0x00,
	0xff,0xff,0xff,0x00,0xff,0xff,0xff,0x00,0xff,0xff,0xff,0x00,0xff,0xff,0xff,0x00,
	0xff,0xff,0xff,0x00,0xff,0xff,0xff,0x00,0xff,0xff,0xff,0x00,0xff,0xff,0xff,0x00,
	0xff,0xff,0xff,0x00,0xff,0xff,0xff,0x00,0xff,0xff,0xff,0x00,0xff,0xff,0xff,0x00,
	0xff,0xff,0xff,0x00,0xff,0xff,0xff,0x00,0xff,0xff,0xff,0x00,0xff,0xff,0xff,0x00,
	0xff,0xff,0xff,0x00,0xff,0xff,0xff,0x00,0xff,0xff,0xff,0x00,0xff,0xff,0xff,0x00,
	0xff,0xff,0xff,0x00,0xff,0xff,0xff,0x00,0xff,0xff,0xff,0x00,0xff,0xff,0xff,0x00,
	0xff,0xff,0xff,0x00,0xff,0xff,0xff,0x00,0xff,0xff,0xff,0x00,0xff,0xff,0xff,0x00,
	0xff,0xff,0xff,0x00,0xff,0xff,0xff,0x00,0xff,0xff,0xff,0x00,0xff,0xff,0xff,0x00,
	0xff,0xff,0xff,0x00,0xff,0xff,0xff,0x00,0xff,0xff,0xff,0x00,0xff,0xff,0xff,0x00,
	0xff,0xff,0xff,0x00,0xff,0xff,0xff,0x00,0xff,0xff,0xff,0x00,0xff,0xff,0xff,0x00,
	0xff,0xff,0xff,0x00,0xff,0xff,0xff,0x00,0xff,0xff,0xff,0x00,0xff,0xff,0xff,0x00,
	0xff,0xff,0xff,0x00,0xff,0xff,0xff,0x00,0xff,0xff,0xff,0x00,0xff,0xff,0xff,0x00,
	0xff,0xff,0xff,0x00,0xff,0xff,0xff,0x00,0xff,0xff,0xff,0x00,0xff,0xff,0xff,0x00,
	0xff,0xff,0xff,0x00,0xff,0xff,0xff,0x00,0xff,0xff,0xff,0x00,0xff,0xff,0xff,0x00,
	0xff,0xff,0xff,0x00,0xff,0xff,0xff,0x00,0xff,0xff,0xff,0x00,0xff,0xff,0xff,0x00,
	0xff,0xff,0xff,0x00,0xff,0xff,0xff,0x00,0xff,0xff,0xff,0x00,0xff,0xff,0xff,0x00,
	0xff,0xff,0xff,0x00,0xff,0xff,0xff,0x00,0xff,0xff,0xff,0x00,0xff,0xff,0xff,0x00,
	0xff,0xff,0xff,0x00,0xff,0xff,0xff,0x00,0xff,0xff,0xff,0x00,0xff,0xff,0xff,0x00,
	0xff,0xff,0xff,0x00,0xff,0xff,0xff,0x00,0xff,0xff,0xff,0x00,0xff,0xff,0xff,0x00,
	0xff,0xff,0xff,0x00,0xff,0xff,0xff,0x00,0xff,0xff,0xff,0x00,0xff,0xff,0xff,0x00,
	0xff,0xff,0xff,0x00,0xff,0xff,0xff,0x00,0xff,0xff,0xff,0x00,0xff,0xff,0xff,0x00,
	0xff,0xff,0xff,0x00,0xff,0xff,0xff,0x00,0xff,0xff,0xff,0x00,0xff,0xff,0xff,0x00,
	0xff,0xff,0xff,0x00,0xff,0xff,0xff,0x00,0xff,0xff,0xff,0x00,0xff,0xff,0xff,0x00,
	0xff,0xff,0xff,0x00,0xff,0xff,0xff,0x00,0xff,0xff,0xff,0x00,0xff,0xff,0xff,0x00,
	0xff,0xff,0xff,0x00,0xff,0xff,0xff,0x00,0xff,0xff,0xff,0x00,0xff,0xff,0xff,0x00,
	0xff,0xff,0xff,0x00,0xff,0xff,0xff,0x00,0xff,0xff,0xff,0x00,0xff,0xff,0xff,0x00,
	0xff,0xff,0xff,0x00,0xff,0xff,0xff,0x00,0xff,0xff,0xff,0x00,0xff,0xff,0xff,0x00,
	0xff,0xff,0xff,0x00,0xff,0xff,0xff,0x00,0xff,0xff,0xff,0x00,0xff,0xff,0xff,0x00,
	0xff,0xff,0xff,0x00,0xff,0xff,0xff,0x00,0xff,0xff,0xff,0x00,0xff,0xff,0xff,0x00,
	0xff,0xff,0xff,0x00,0xff,0xff,0xff,0x00,0xff,0xff,0xff,0x00,0xff,0xff,0xff,0x00,
	0xff,0xff,0xff,0x00,0xff,0xff,0xff,0x00,0xff,0xff,0xff,0x00,0xff,0xff,0xff,0x00,
	0xff,0xff,0xff,0x00,0xff,0xff,0xff,0x00,0xff,0xff,0xff,0x00,0xff,0xff,0xff,0x00,
	0xff,0xff,0xff,0x00,0xff,0xff,0xff,0x00,0xff,0xff,0xff,0x00,0xff,0xff,0xff,0x00,
	0xff,0xff,0xff,0x00,0xff,0xff,0xff,0x00,0xff,0xff,0xff,0x00,0xff,0xff,0xff,0x00,
	0xff,0xff,0xff,0x00,0xff,0xff,0xff,0x00,0xff,0xff,0xff,0x00,0xff,0xff,0xff,0x00,
	0xff,0xff,0xff,0x00,0xff,0xff,0xff,0x00,0xff,0xff,0xff,0x00,0xff,0xff,0xff,0x00,
	0xff,0xff,0xff,0x00,0xff,0xff,0xff,0x00,0xff,0xff,0xff,0x00,0xff,0xff,0xff,0x00,
	0xff,0xff,0xff,0x00,0xff,0xff,0xff,0x00,0xff,0xff,0xff,0x00,0xff,0xff,0xff,0x00,
	0xff,0xff,0xff,0x00,0xff,0xff,0xff,0x00,0xff,0xff,0xff,0x00,0xff,0xff,0xff,0x00,
	0xff,0xff,0xff,0x00,0xff,0xff,0xff,0x00,0xff,0xff,0xff,0x00,0xff,0xff,0xff,0x00,
	0xff,0xff,0xff,0x00,0xff,0xff,0xff,0x00,0xff,0xff,0xff,0x00,0xff,0xff,0xff,0x00,
	0xff,0xff,0xff,0x00,0xff,0xff,0xff,0x00,0xff,0xff,0xff,0x00,0xff,0xff,0xff,0x00,
	0xff,0xff,0xff,0x00,0xff,0xff,0xff,0x00,0xff,0xff,0xff,0x00,0xff,0xff,0xff,0x00,
	0xff,0xff,0xff,0x00,0xff,0xff,0xff,0x00,0xff,0xff,0xff,0x00,0xff,0xff,0xff,0x00,
	0xff,0xff,0xff,0x00,0xff,0xff,0xff,0x00,0xff,0xff,0xff,0x00,0xff,0xff,0xff,0x00,
	0xff,0xff,0xff,0x00,0xff,0xff,0xff,0x00,0xff,0xff,0xff,0x00,0xff,0xff,0xff,0x00,
	0xff,0xff,0xff,0x00,0xff,0xff,0xff,0x00,0xff,0xff,0xff,0x00,0xff,0xff,0xff,0x00,
	0xff,0xff,0xff,0x00,0xff,0xff,0xff,0x00,0xff,0xff,0xff,0x00,0xff,0xff,0xff,0x00,
	0xff,0xff,0xff,0x00,0xff,0xff,0xff,0x00,0xff,0xff,0xff,0x00,0xff,0xff,0xff,0x00,
	0xff,0xff,0xff,0x00,0xff,0xff,0xff,0x00,0xff,0xff,0xff,0x00,0xff,0xff,0xff,0x00,
	0xff,0xff,0xff,0x00,0xff,0xff,0xff,0x00,0xff,0xff,0xff,0x00,0xff,0xff,0xff,0x00,
	0xff,0xff,0xff,0x00,0xff,0xff,0xff,0x00,0xff,0xff,0xff,0x00,0xff,0xff,0xff,0x00,
	0xff,0xff,0xff,0x00,0xff,0xff,0xff,0x00,0xff,0xff,0xff,0x00,0xff,0xff,0xff,0x00,
	0xff,0xff,0xff,0x00,0xff,0xff,0xff,0x00,0xff,0xff,0xff,0x00,0xff,0xff,0xff,0x00,
	0xff,0xff,0xff,0x00,0xff,0xff,0xff,0x00,0xff,0xff,0xff,0x00,0xff,0xff,0xff,0x00,
	0xff,0xff,0xff,0x00,0xff,0xff,0xff,0x00,0xff,0xff,0xff,0x00,0xff,0xff,0xff,0x00,
	0xff,0xff,0xff,0x00,0xff,0xff,0xff,0x00,0xff,0xff,0xff,0x00,0xff,0xff,0xff,0x00,
	0xff,0xff,0xff,0x00,0xff,0xff,0xff,0x00,0xff,0xff,0xff,0x00,0xff,0xff,0xff,0x00,
	0xff,0xff,0xff,0x00,0xff,0xff,0xff,0x00,0xff,0xff,0xff,0x00,0xff,0xff,0xff,0x00,
	0xff,0xff,0xff,0x00,0xff,0xff,0xff,0x00,0xff,0xff,0xff,0x00,0xff,0xff,0xff,0x00,
	0xff,0xff,0xff,0x00,0xff,0xff,0xff,0x00,0xff,0xff,0xff,0x00,0xff,0xff,0xff,0x00,
	0xff,0xff,0xff,0x00,0xff,0xff,0xff,0x00,0xff,0xff,0xff,0x00,0xff,0xff,0xff,0x00,
	0xff,0xff,0xff,0x00,0xff,0xff,0xff,0x00,0xff,0xff,0xff,0x00,0xff,0xff,0xff,0x00,
	0xff,0xff,0xff,0x00,0xff,0xff,0xff,0x00,0xff,0xff,0xff,0x00,0xff,0xff,0xff,0x00,
	0xff,0xff,0xff,0x00,0xff,0xff,0xff,0x00,0xff,0xff,0xff,0x00,0xff,0xff,0xff,0x00,
	0xff,0xff,0xff,0x00,0xff,0xff,0xff,0x00,0xff,0xff,0xff,0x00,0xff,0xff,0xff,0x00,
	0xff,0xff,0xff,0x00,0xff,0xff,0xff,0x00,0xff,0xff,0xff,0x00,0xff,0xff,0xff,0x00,
	0xff,0xff,0xff,0x00,0xff,0xff,0xff,0x00,0xff,0xff,0xff,0x00,0xff,0xff,0xff,0x00,
	0xff,0xff,0xff,0x00,0xff,0xff,0xff,0x00,0xff,0xff,0xff,0x00,0xff,0xff,0xff,0x00,
	0xff,0xff,0xff,0x00,0xff,0xff,0xff,0x00,0xff,0xff,0xff,0x00,0xff,0xff,0xff,0x00,
	0xff,0xff,0xff,0x00,0xff,0xff,0xff,0x00,0xff,0xff,0xff,0x00,0xff,0xff,0xff,0x00,
	0xff,0xff,0xff,0x00,0xff,0xff,0xff,0x00,0xff,0xff,0xff,0x00,0xff,0xff,0xff,0x00,
	0xff,0xff,0xff,0x00,0xff,0xff,0xff,0x00,0xff,0xff,0xff,0x00,0xff,0xff,0xff,0x00,
	0xff,0xff,0xff,0x00,0xff,0xff,0xff,0x00,0xff,0xff,0xff,0x00,0xff,0xff,0xff,0x00,
	0xff,0xff,0xff,0x00,0xff,0xff,0xff,0x00,0xff,0xff,0xff,0x00,0xff,0xff,0xff,0x00,
	0xff,0xff,0xff,0x00,0xff,0xff,0xff,0x00,0xff,0xff,0xff,0x00,0xff,0xff,0xff,0x00,
	0xff,0xff,0xff,0x00,0xff,0xff,0xff,0x00,0xff,0xff,0xff,0x00,0xff,0xff,0xff,0x00,
	0xff,0xff,0xff,0x00,0xff,0xff,0xff,0x00,0xff,0xff,0xff,0x00,0xff,0xff,0xff,0x00,
	0xff,0xff,0xff,0x00,0xff,0xff,0xff,0x00,0xff,0xff,0xff,0x00,0xff,0xff,0xff,0x00,
	0xff,0xff,0xff,0x00,0xff,0xff,0xff,0x00,0xff,0xff,0xff,0x00,0xff,0xff,0xff,0x00,
	0xff,0xff,0xff,0x00,0xff,0xff,0xff,0x00,0xff,0xff,0xff,0x00,0xff,0xff,0xff,0x00,
	0xff,0xff,0xff,0x00,0xff,0xff,0xff,0x00,0xff,0xff,0xff,0x00,0xff,0xff,0xff,0x00,
	0xff,0xff,0xff,0x00,0xff,0xff,0xff,0x00,0xff,0xff,0xff,0x00,0xff,0xff,0xff,0x00,
	0xff,0xff,0xff,0x00,0xff,0xff,0xff,0x00,0xff,0xff,0xff,0x00,0xff,0xff,0xff,0x00,
	0xff,0xff,0xff,0x00,0xff,0xff,0xff,0x00,0xff,0xff,0xff,0x00,0xff,0xff,0xff,0x00,
	0xff,0xff,0xff,0x00,0xff,0xff,0xff,0x00,0xff,0xff,0xff,0x00,0xff,0xff,0xff,0x00,
	0xff,0xff,0xff,0x00,0xff,0xff,0xff,0x00,0xff,0xff,0xff,0x00,0xff,0xff,0xff,0x00,
	0xff,0xff,0xff,0x00,0xff,0xff,0xff,0x00,0xff,0xff,0xff,0x00,0xff,0xff,0xff,0x00,
	0xff,0xff,0xff,0x00,0xff,0xff,0xff,0x00,0xff,0xff,0xff,0x00,0xff,0xff,0xff,0x00,
	0xff,0xff,0xff,0x00,0xff,0xff,0xff,0x00,0xff,0xff,0xff,0x00,0xff,0xff,0xff,0x00,
	0xff,0xff,0xff,0x00,0xff,0xff,0xff,0x00,0xff,0xff,0xff,0x00,0xff,0xff,0xff,0x00,
	0xff,0xff,0xff,0x00,0xff,0xff,0xff,0x00,0xff,0xff,0xff,0x00,0xff,0xff,0xff,0x00,
	0xff,0xff,0xff,0x00,0xff,0xff,0xff,0x00,0xff,0xff,0xff,0x00,0xff,0xff,0xff,0x00,
	0xff,0xff,0xff,0x00,0xff,0xff,0xff,0x00,0xff,0xff,0xff,0x00,0xff,0xff,0xff,0x00,
	0xff,0xff,0xff,0x00,0xff,0xff,0xff,0x00,0xff,0xff,0xff,0x00,0xff,0xff,0xff,0x00,
	0xff,0xff,0xff,0x00,0xff,0xff,0xff,0x00,0xff,0xff,0xff,0x00,0xff,0xff,0xff,0x00,
	0xff,0xff,0xff,0x00,0xff,0xff,0xff,0x00,0xff,0xff,0xff,0x00,0xff,0xff,0xff,0x00,
	0xff,0xff,0xff,0x00,0xff,0xff,0xff,0x00,0xff,0xff,0xff,0x00,0xff,0xff,0xff,0x00,
	0xff,0xff,0xff,0x00,0xff,0xff,0xff,0x00,0xff,0xff,0xff,0x00,0xff,0xff,0xff,0x00,
	0xff,0xff,0xff,0x00,0xff,0xff,0xff,0x00,0xff,0xff,0xff,0x00,0xff,0xff,0xff,0x00,
	0xff,0xff,0xff,0x00,0xff,0xff,0xff,0x00,0xff,0xff,0xff,0x00,0xff,0xff,0xff,0x00,
	0xff,0xff,0xff,0x00,0xff,0xff,0xff,0x00,0xff,0xff,0xff,0x00,0xff,0xff,0xff,0x00,
	0xff,0xff,0xff,0x00,0xff,0xff,0xff,0x00,0xff,0xff,0xff,0x00,0xff,0xff,0xff,0x00,
	0xff,0xff,0xff,0x00,0xff,0xff,0xff,0x00,0xff,0xff,0xff,0x00,0xff,0xff,0xff,0x00,
	0xff,0xff,0xff,0x00,0xff,0xff,0xff,0x00,0xff,0xff,0xff,0x00,0xff,0xff,0xff,0x00,
	0xff,0xff,0xff,0x00,0xff,0xff,0xff,0x00,0xff,0xff,0xff,0x00,0xff,0xff,0xff,0x00,
	0xff,0xff,0xff,0x00,0xff,0xff,0xff,0x00,0xff,0xff,0xff,0x00,0xff,0xff,0xff,0x00,
	0xff,0xff,0xff,0x00,0xff,0xff,0xff,0x00,0xff,0xff,0xff,0x00,0xff,0xff,0xff,0x00,
	0xff,0xff,0xff,0x00,0xff,0xff,0xff,0x00,0xff,0xff,0xff,0x00,0xff,0xff,0xff,0x00,
	0xff,0xff,0xff,0x00,0xff,0xff,0xff,0x00,0xff,0xff,0xff,0x00,0xff,0xff,0xff,0x00,
	0xff,0xff,0xff,0x00,0xff,0xff,0xff,0x00,0xff,0xff,0xff,0x00,0xff,0xff,0xff,0x00,
	0xff,0xff,0xff,0x00,0xff,0xff,0xff,0x00,0xff,0xff,0xff,0x00,0xff,0xff,0xff,0x00,
	0xff,0xff,0xff,0x00,0xff,0xff,0xff,0x00,0xff,0xff,0xff,0x00,0xff,0xff,0xff,0x00,
	0xff,0xff,0xff,0x00,0xff,0xff,0xff,0x00,0xff,0xff,0xff,0x00,0xff,0xff,0xff,0x00,
	0xff,0xff,0xff,0x00,0xff,0xff,0xff,0x00,0xff,0xff,0xff,0x00,0xff,0xff,0xff,0x00,
	0xff,0xff,0xff,0x00,0xff,0xff,0xff,0x00,0xff,0xff,0xff,0x00,0xff,0xff,0xff,0x00,
	0xff,0xff,0xff,0x00,0xff,0xff,0xff,0x00,0xff,0xff,0xff,0x00,0xff,0xff,0xff,0x00,
	0xff,0xff,0xff,0x00,0xff,0xff,0xff,0x00,0xff,0xff,0xff,0x00,0xff,0xff,0xff,0x00,
	0xff,0xff,0xff,0x00,0xff,0xff,0xff,0x00,0xff,0xff,0xff,0x00,0xff,0xff,0xff,0x00,
	0xff,0xff,0xff,0x00,0xff,0xff,0xff,0x00,0xff,0xff,0xff,0x00,0xff,0xff,0xff,0x00,
	0xff,0xff,0xff,0x00,0xff,0xff,0xff,0x00,0xff,0xff,0xff,0x00,0xff,0xff,0xff,0x00,
	0xff,0xff,0xff,0x00,0xff,0xff,0xff,0x00,0xff,0xff,0xff,0x00,0xff,0xff,0xff,0x00,
	0xff,0xff,0xff,0x00,0xff,0xff,0xff,0x00,0xff,0xff,0xff,0x00,0xff,0xff,0xff,0x00,
	0xff,0xff,0xff,0x00,0xff,0xff,0xff,0x00,0xff,0xff,0xff,0x00,0xff,0xff,0xff,0x00,
	0xff,0xff,0xff,0x00,0xff,0xff,0xff,0x00,0xff,0xff,0xff,0x00,0xff,0xff,0xff,0x00,
	0xff,0xff,0xff,0x00,0xff,0xff,0xff,0x00,0xff,0xff,0xff,0x00,0xff,0xff,0xff,0x00,
	0xff,0xff,0xff,0x00,0xff,0xff,0xff,0x00,0xff,0xff,0xff,0x00,0xff,0xff,0xff,0x00,
	0xff,0xff,0xff,0x00,0xff,0xff,0xff,0x00,0xff,0xff,0xff,0x00,0xff,0xff,0xff,0x00,
	0xff,0xff,0xff,0x00,0xff,0xff,0xff,0x00,0xff,0xff,0xff,0x00,0xff,0xff,0xff,0x00,
	0xff,0xff,0xff,0x00,0xff,0xff,0xff,0x00,0xff,0xff,0xff,0x00,0xff,0xff,0xff,0x00,
	0xff,0xff,0xff,0x00,0xff,0xff,0xff,0x00,0xff,0xff,0xff,0x00,0xff,0xff,0xff,0x00,
	0xff,0xff,0xff,0x00,0xff,0xff,0xff,0x00,0xff,0xff,0xff,0x00,0xff,0xff,0xff,0x00,
	0xff,0xff,0xff,0x00,0xff,0xff,0xff,0x00,0xff,0xff,0xff,0x00,0xff,0xff,0xff,0x00,
	0xff,0xff,0xff,0x00,0xff,0xff,0xff,0x00,0xff,0xff,0xff,0x00,0xff,0xff,0xff,0x00,
	0xff,0xff,0xff,0x00,0xff,0xff,0xff,0x00,0xff,0xff,0xff,0x00,0xff,0xff,0xff,0x00,
	0xff,0xff,0xff,0x00,0xff,0xff,0xff,0x00,0xff,0xff,0xff,0x00,0xff,0xff,0xff,0x00,
	0xff,0xff,0xff,0x00,0xff,0xff,0xff,0x00,0xff,0xff,0xff,0x00,0xff,0xff,0xff,0x00,
	0xff,0xff,0xff,0x00,0xff,0xff,0xff,0x00,0xff,0xff,0xff,0x00,0xff,0xff,0xff,0x00,
	0xff,0xff,0xff,0x00,0xff,0xff,0xff,0x00,0xff,0xff,0xff,0x00,0xff,0xff,0xff,0x00,
	0xff,0xff,0xff,0x00,0xff,0xff,0xff,0x00,0xff,0xff,0xff,0x00,0xff,0xff,0xff,0x00,
	0xff,0xff,0xff,0x00,0xff,0xff,0xff,0x00,0xff,0xff,0xff,0x00,0xff,0xff,0xff,0x00,
	0xff,0xff,0xff,0x00,0xff,0xff,0xff,0x00,0xff,0xff,0xff,0x00,0xff,0xff,0xff,0x00,
	0xff,0xff,0xff,0x00,0xff,0xff,0xff,0x00,0xff,0xff,0xff,0x00,0xff,0xff,0xff,0x00,
	0xff,0xff,0xff,0x00,0xff,0xff,0xff,0x00,0xff,0xff,0xff,0x00,0xff,0xff,0xff,0x00,
	0xff,0xff,0xff,0x00,0xff,0xff,0xff,0x00,0xff,0xff,0xff,0x00,0xff,0xff,0xff,0x00,
	0xff,0xff,0xff,0x00,0xff,0xff,0xff,0x00,0xff,0xff,0xff,0x00,0xff,0xff,0xff,0x00,
	0xff,0xff,0xff,0x00,0xff,0xff,0xff,0x00,0xff,0xff,0xff,0x00,0xff,0xff,0xff,0x00,
	0xff,0xff,0xff,0x00,0xff,0xff,0xff,0x00,0xff,0xff,0xff,0x00,0xff,0xff,0xff,0x00,
	0xff,0xff,0xff,0x00,0xff,0xff,0xff,0x00,0xff,0xff,0xff,0x00,0xff,0xff,0xff,0x00,
	0xff,0xff,0xff,0x00,0xff,0xff,0xff,0x00,0xff,0xff,0xff,0x00,0xff,0xff,0xff,0x00,
	0xff,0xff,0xff,0x00,0xff,0xff,0xff,0x00,0xff,0xff,0xff,0x00,0xff,0xff,0xff,0x00,
	0xff,0xff,0xff,0x00,0xff,0xff,0xff,0x00,0xff,0xff,0xff,0x00,0xff,0xff,0xff,0x00,
	0xff,0xff,0xff,0x00,0xff,0xff,0xff,0x00,0xff,0xff,0xff,0x00,0xff,0xff,0xff,0x00,
	0xff,0xff,0xff,0x00,0xff,0xff,0xff,0x00,0xff,0xff,0xff,0x00,0xff,0xff,0xff,0x00,
	0xff,0xff,0xff,0x00,0xff,0xff,0xff,0x00,0xff,0xff,0xff,0x00,0xff,0xff,0xff,0x00,
	0xff,0xff,0xff,0x00,0xff,0xff,0xff,0x00,0xff,0xff,0xff,0x00,0xff,0xff,0xff,0x00,
	0xff,0xff,0xff,0x00,0xff,0xff,0xff,0x00,0xff,0xff,0xff,0x00,0xff,0xff,0xff,0x00,
	0xff,0xff,0xff,0x00,0xff,0xff,0xff,0x00,0xff,0xff,0xff,0x00,0xff,0xff,0xff,0x00,
	0xff,0xff,0xff,0x00,0xff,0xff,0xff,0x00,0xff,0xff,0xff,0x00,0xff,0xff,0xff,0x00,
	0xff,0xff,0xff,0x00,0xff,0xff,0xff,0x00,0xff,0xff,0xff,0x00,0xff,0xff,0xff,0x00,
	0xff,0xff,0xff,0x00,0xff,0xff,0xff,0x00,0xff,0xff,0xff,0x00,0xff,0xff,0xff,0x00,
	0xff,0xff,0xff,0x00,0xff,0xff,0xff,0x00,0xff,0xff,0xff,0x00,0xff,0xff,0xff,0x00,
	0xff,0xff,0xff,0x00,0xff,0xff,0xff,0x00,0xff,0xff,0xff,0x00,0xff,0xff,0xff,0x00,
	0xff,0xff,0xff,0x00,0xff,0xff,0xff,0x00,0xff,0xff,0xff,0x00,0xff,0xff,0xff,0x00,
	0xff,0xff,0xff,0x00,0xff,0xff,0xff,0x00,0xff,0xff,0xff,0x00,0xff,0xff,0xff,0x00,
	0xff,0xff,0xff,0x00,0xff,0xff,0xff,0x00,0xff,0xff,0xff,0x00,0xff,0xff,0xff,0x00,
	0xff,0xff,0xff,0x00,0xff,0xff,0xff,0x00,0xff,0xff,0xff,0x00,0xff,0xff,0xff,0x00,
	0xff,0xff,0xff,0x00,0xff,0xff,0xff,0x00,0xff,0xff,0xff,0x00,0xff,0xff,0xff,0x00,
	0xff,0xff,0xff,0x00,0xff,0xff,0xff,0x00,0xff,0xff,0xff,0x00,0xff,0xff,0xff,0x00,
	0xff,0xff,0xff,0x00,0xff,0xff,0xff,0x00,0xff,0xff,0xff,0x00,0xff,0xff,0xff,0x00,
	0xff,0xff,0xff,0x00,0xff,0xff,0xff,0x00,0xff,0xff,0xff,0x00,0xff,0xff,0xff,0x00,
	0xff,0xff,0xff,0x00,0xff,0xff,0xff,0x00,0xff,0xff,0xff,0x00,0xff,0xff,0xff,0x00,
	0xff,0xff,0xff,0x00,0xff,0xff,0xff,0x00,0xff,0xff,0xff,0x00,0xff,0xff,0xff,0x00,
	0xff,0xff,0xff,0x00,0xff,0xff,0xff,0x00,0xff,0xff,0xff,0x00,0xff,0xff,0xff,0x00,
	0xff,0xff,0xff,0x00,0xff,0xff,0xff,0x00,0xff,0xff,0xff,0x00,0xff,0xff,0xff,0x00,
	0xff,0xff,0xff,0x00,0xff,0xff,0xff,0x00,0xff,0xff,0xff,0x00,0xff,0xff,0xff,0x00,
	0xff,0xff,0xff,0x00,0xff,0xff,0xff,0x00,0xff,0xff,0xff,0x00,0xff,0xff,0xff,0x00,
	0xff,0xff,0xff,0x00,0xff,0xff,0xff,0x00,0xff,0xff,0xff,0x00,0xff,0xff,0xff,0x00,
	0xff,0xff,0xff,0x00,0xff,0xff,0xff,0x00,0xff,0xff,0xff,0x00,0xff,0xff,0xff,0x00,
	0xff,0xff,0xff,0x00,0xff,0xff,0xff,0x00,0xff,0xff,0xff,0x00,0xff,0xff,0xff,0x00,
	0xff,0xff,0xff,0x00,0xff,0xff,0xff,0x00,0xff,0xff,0xff,0x00,0xff,0xff,0xff,0x00,
	0xff,0xff,0xff,0x00,0xff,0xff,0xff,0x00,0xff,0xff,0xff,0x00,0xff,0xff,0xff,0x00,
	0xff,0xff,0xff,0x00,0xff,0xff,0xff,0x00,0xff,0xff,0xff,0x00,0xff,0xff,0xff,0x00,
	0xff,0xff,0xff,0x00,0xff,0xff,0xff,0x00,0xff,0xff,0xff,0x00,0xff,0xff,0xff,0x00,
	0xff,0xff,0xff,0x00,0xff,0xff,0xff,0x00,0xff,0xff,0xff,0x00,0xff,0xff,0xff,0x00,
	0xff,0xff,0xff,0x00,0xff,0xff,0xff,0x00,0xff,0xff,0xff,0x00,0xff,0xff,0xff,0x00,
	0xff,0xff,0xff,0x00,0xff,0xff,0xff,0x00,0xff,0xff,0xff,0x00,0xff,0xff,0xff,0x00,
	0xff,0xff,0xff,0x00,0xff,0xff,0xff,0x00,0xff,0xff,0xff,0x00,0xff,0xff,0xff,0x00,
	0xff,0xff,0xff,0x00,0xff,0xff,0xff,0x00,0xff,0xff,0xff,0x00,0xff,0xff,0xff,0x00,
	0xff,0xff,0xff,0x00,0xff,0xff,0xff,0x00,0xff,0xff,0xff,0x00,0xff,0xff,0xff,0x00,
	0xff,0xff,0xff,0x00,0xff,0xff,0xff,0x00,0xff,0xff,0xff,0x00,0xff,0xff,0xff,0x00,
	0xff,0xff,0xff,0x00,0xff,0xff,0xff,0x00,0xff,0xff,0xff,0x00,0xff,0xff,0xff,0x00,
	0xff,0xff,0xff,0x00,0xff,0xff,0xff,0x00,0xff,0xff,0xff,0x00,0xff,0xff,0xff,0x00,
	0xff,0xff,0xff,0x00,0xff,0xff,0xff,0x00,0xff,0xff,0xff,0x00,0xff,0xff,0xff,0x00,
	0xff,0xff,0xff,0x00,0xff,0xff,0xff,0x00,0xff,0xff,0xff,0x00,0xff,0xff,0xff,0x00,
	0xff,0xff,0xff,0x00,0xff,0xff,0xff,0x00,0xff,0xff,0xff,0x00,0xff,0xff,0xff,0x00,
	0xff,0xff,0xff,0x00,0xff,0xff,0xff,0x00,0xff,0xff,0xff,0x00,0xff,0xff,0xff,0x00,
	0xff,0xff,0xff,0x00,0xff,0xff,0xff,0x00,0xff,0xff,0xff,0x00,0xff,0xff,0xff,0x00,
	0xff,0xff,0xff,0x00,0xff,0xff,0xff,0x00,0xff,0xff,0xff,0x00,0xff,0xff,0xff,0x00,
	0xff,0xff,0xff,0x00,0xff,0xff,0xff,0x00,0xff,0xff,0xff,0x00,0xff,0xff,0xff,0x00,
	0xff,0xff,0xff,0x00,0xff,0xff,0xff,0x00,0xff,0xff,0xff,0x00,0xff,0xff,0xff,0x00,
	0xff,0xff,0xff,0x00,0xff,0xff,0xff,0x00,0xff,0xff,0xff,0x00,0xff,0xff,0xff,0x00,
	0xff,0xff,0xff,0x00,0xff,0xff,0xff,0x00,0xff,0xff,0xff,0x00,0xff,0xff,0xff,0x00,
	0xff,0xff,0xff,0x00,0xff,0xff,0xff,0x00,0xff,0xff,0xff,0x00,0xff,0xff,0xff,0x00,
	0xff,0xff,0xff,0x00,0xff,0xff,0xff,0x00,0xff,0xff,0xff,0x00,0xff,0xff,0xff,0x00,
	0xff,0xff,0xff,0x00,0xff,0xff,0xff,0x00,0xff,0xff,0xff,0x00,0xff,0xff,0xff,0x00,
	0xff,0xff,0xff,0x00,0xff,0xff,0xff,0x00,0xff,0xff,0xff,0x00,0xff,0xff,0xff,0x00,
	0xff,0xff,0xff,0x00,0xff,0xff,0xff,0x00,0xff,0xff,0xff,0x00,0xff,0xff,0xff,0x00,
	0xff,0xff,0xff,0x00,0xff,0xff,0xff,0x00,0xff,0xff,0xff,0x00,0xff,0xff,0xff,0x00,
	0xff,0xff,0xff,0x00,0xff,0xff,0xff,0x00,0xff,0xff,0xff,0x00,0xff,0xff,0xff,0x00,
	0xff,0xff,0xff,0x00,0xff,0xff,0xff,0x00,0xff,0xff,0xff,0x00,0xff,0xff,0xff,0x00,
	0xff,0xff,0xff,0x00,0xff,0xff,0xff,0x00,0xff,0xff,0xff,0x00,0xff,0xff,0xff,0x00,
	0xff,0xff,0xff,0x00,0xff,0xff,0xff,0x00,0xff,0xff,0xff,0x00,0xff,0xff,0xff,0x00,
	0xff,0xff,0xff,0x00,0xff,0xff,0xff,0x00,0xff,0xff,0xff,0x00,0xff,0xff,0xff,0x00,
	0xff,0xff,0xff,0x00,0xff,0xff,0xff,0x00,0xff,0xff,0xff,0x00,0xff,0xff,0xff,0x00,
	0xff,0xff,0xff,0x00,0xff,0xff,0xff,0x00,0xff,0xff,0xff,0x00,0xff,0xff,0xff,0x00,
	0xff,0xff,0xff,0x00,0xff,0xff,0xff,0x00,0xff,0xff,0xff,0x00,0xff,0xff,0xff,0x00,
	0xff,0xff,0xff,0x00,0xff,0xff,0xff,0x00,0xff,0xff,0xff,0x00,0xff,0xff,0xff,0x00,
	0xff,0xff,0xff,0x00,0xff,0xff,0xff,0x00,0xff,0xff,0xff,0x00,0xff,0xff,0xff,0x00,
	0xff,0xff,0xff,0x00,0xff,0xff,0xff,0x00,0xff,0xff,0xff,0x00,0xff,0xff,0xff,0x00,
	0xff,0xff,0xff,0x00,0xff,0xff,0xff,0x00,0xff,0xff,0xff,0x00,0xff,0xff,0xff,0x00,
	0xff,0xff,0xff,0x00,0xff,0xff,0xff,0x00,0xff,0xff,0xff,0x00,0xff,0xff,0xff,0x00,
	0xff,0xff,0xff,0x00,0xff,0xff,0xff,0x00,0xff,0xff,0xff,0x00,0xff,0xff,0xff,0x00,
	0xff,0xff,0xff,0x00,0xff,0xff,0xff,0x00,0xff,0xff,0xff,0x00,0xff,0xff,0xff,0x00,
	0xff,0xff,0xff,0x00,0xff,0xff,0xff,0x00,0xff,0xff,0xff,0x00,0xff,0xff,0xff,0x00,
	0xff,0xff,0xff,0x00,0xff,0xff,0xff,0x00,0xff,0xff,0xff,0x00,0xff,0xff,0xff,0x00,
	0xff,0xff,0xff,0x00,0xff,0xff,0xff,0x00,0xff,0xff,0xff,0x00,0xff,0xff,0xff,0x00,
	0xff,0xff,0xff,0x00,0xff,0xff,0xff,0x00,0xff,0xff,0xff,0x00,0xff,0xff,0xff,0x00,
	0xff,0xff,0xff,0x00,0xff,0xff,0xff,0x00,0xff,0xff,0xff,0x00,0xff,0xff,0xff,0x00,
	0xff,0xff,0xff,0x00,0xff,0xff,0xff,0x00,0xff,0xff,0xff,0x00,0xff,0xff,0xff,0x00,
	0xff,0xff,0xff,0x00,0xff,0xff,0xff,0x00,0xff,0xff,0xff,0x00,0xff,0xff,0xff,0x00,
	0xff,0xff,0xff,0x00,0xff,0xff,0xff,0x00,0xff,0xff,0xff,0x00,0xff,0xff,0xff,0x00,
	0xff,0xff,0xff,0x00,0xff,0xff,0xff,0x00,0xff,0xff,0xff,0x00,0xff,0xff,0xff,0x00,
	0xff,0xff,0xff,0x00,0xff,0xff,0xff,0x00,0xff,0xff,0xff,0x00,0xff,0xff,0xff,0x00,
	0xff,0xff,0xff,0x00,0xff,0xff,0xff,0x00,0xff,0xff,0xff,0x00,0xff,0xff,0xff,0x00,
	0xff,0xff,0xff,0x00,0xff,0xff,0xff,0x00,0xff,0xff,0xff,0x00,0xff,0xff,0xff,0x00,
	0xff,0xff,0xff,0x00,0xff,0xff,0xff,0x00,0xff,0xff,0xff,0x00,0xff,0xff,0xff,0x00,
	0xff,0xff,0xff,0x00,0xff,0xff,0xff,0x00,0xff,0xff,0xff,0x00,0xff,0xff,0xff,0x00,
	0xff,0xff,0xff,0x00,0xff,0xff,0xff,0x00,0xff,0xff,0xff,0x00,0xff,0xff,0xff,0x00,
	0xff,0xff,0xff,0x00,0xff,0xff,0xff,0x00,0xff,0xff,0xff,0x00,0xff,0xff,0xff,0x00,
	0xff,0xff,0xff,0x00,0xff,0xff,0xff,0x00,0xff,0xff,0xff,0x00,0xff,0xff,0xff,0x00,
	0xff,0xff,0xff,0x00,0xff,0xff,0xff,0x00,0xff,0xff,0xff,0x00,0xff,0xff,0xff,0x00,
	0xff,0xff,0xff,0x00,0xff,0xff,0xff,0x00,0xff,0xff,0xff,0x00,0xff,0xff,0xff,0x00,
	0xff,0xff,0xff,0x00,0xff,0xff,0xff,0x00,0xff,0xff,0xff,0x00,0xff,0xff,0xff,0x00,
	0xff,0xff,0xff,0x00,0xff,0xff,0xff,0x00,0xff,0xff,0xff,0x00,0xff,0xff,0xff,0x00,
	0xff,0xff,0xff,0x00,0xff,0xff,0xff,0x00,0xff,0xff,0xff,0x00,0xff,0xff,0xff,0x00,
	0xff,0xff,0xff,0x00,0xff,0xff,0xff,0x00,0xff,0xff,0xff,0x00,0xff,0xff,0xff,0x00,
	0xff,0xff,0xff,0x00,0xff,0xff,0xff,0x00,0xff,0xff,0xff,0x00,0xff,0xff,0xff,0x00,
	0xff,0xff,0xff,0x00,0xff,0xff,0xff,0x00,0xff,0xff,0xff,0x00,0xff,0xff,0xff,0x00,
	0xff,0xff,0xff,0x00,0xff,0xff,0xff,0x00,0xff,0xff,0xff,0x00,0xff,0xff,0xff,0x00,
	0xff,0xff,0xff,0x00,0xff,0xff,0xff,0x00,0xff,0xff,0xff,0x00,0xff,0xff,0xff,0x00,
	0xff,0xff,0xff,0x00,0xff,0xff,0xff,0x00,0xff,0xff,0xff,0x00,0xff,0xff,0xff,0x00,
	0xff,0xff,0xff,0x00,0xff,0xff,0xff,0x00,0xff,0xff,0xff,0x00,0xff,0xff,0xff,0x00,
	0xff,0xff,0xff,0x00,0xff,0xff,0xff,0x00,0xff,0xff,0xff,0x00,0xff,0xff,0xff,0x00,
	0xff,0xff,0xff,0x00,0xff,0xff,0xff,0x00,0xff,0xff,0xff,0x00,0xff,0xff,0xff,0x00,
	0xff,0xff,0xff,0x00,0xff,0xff,0xff,0x00,0xff,0xff,0xff,0x00,0xff,0xff,0xff,0x00,
	0xff,0xff,0xff,0x00,0xff,0xff,0xff,0x00,0xff,0xff,0xff,0x00,0xff,0xff,0xff,0x00,
	0xff,0xff,0xff,0x00,0xff,0xff,0xff,0x00,0xff,0xff,0xff,0x00,0xff,0xff,0xff,0x00,
	0xff,0xff,0xff,0x00,0xff,0xff,0xff,0x00,0xff,0xff,0xff,0x00,0xff,0xff,0xff,0x00,
	0xff,0xff,0xff,0x00,0xff,0xff,0xff,0x00,0xff,0xff,0xff,0x00,0xff,0xff,0xff,0x00,
	0xff,0xff,0xff,0x00,0xff,0xff,0xff,0x00,0xff,0xff,0xff,0x00,0xff,0xff,0xff,0x00,
	0xff,0xff,0xff,0x00,0xff,0xff,0xff,0x00,0xff,0xff,0xff,0x00,0xff,0xff,0xff,0x00,
	0xff,0xff,0xff,0x00,0xff,0xff,0xff,0x00,0xff,0xff,0xff,0x00,0xff,0xff,0xff,0x00,
	0xff,0xff,0xff,0x00,0xff,0xff,0xff,0x00,0xff,0xff,0xff,0x00,0xff,0xff,0xff,0x00,
	0xff,0xff,0xff,0x00,0xff,0xff,0xff,0x00,0xff,0xff,0xff,0x00,0xff,0xff,0xff,0x00,
	0xff,0xff,0xff,0x00,0xff,0xff,0xff,0x00,0xff,0xff,0xff,0x00,0xff,0xff,0xff,0x00,
	0xff,0xff,0xff,0x00,0xff,0xff,0xff,0x00,0xff,0xff,0xff,0x00,0xff,0xff,0xff,0x00,
	};
