#include "../include.h"

// sound format: PCM mono 8-bit 11025Hz
// sound format: SNDFORM_PCM8
// sound speed relative to 50000Hz: 0.22050f
const u8 BirdsSnd[96104] __attribute__ ((aligned(4))) = {
	0x5C, 0x77, 0x01, 0x00,	// data size=96092
	12, 0,			// data offset
	0x11, 0x2B,		// sample rate=11025
	0x00, 0x00,		// ADPCM samples per block=0
	8,			// bits per sample
	1,			// number of channels
	0x80, 0x80, 0x80, 0x80, 0x80, 0x81, 0x80, 0x80, 0x80, 0x80, 0x80, 0x80, 0x80, 0x80, 0x80, 0x80, 
	0x80, 0x81, 0x80, 0x7F, 0x7F, 0x80, 0x80, 0x80, 0x80, 0x7F, 0x80, 0x80, 0x80, 0x80, 0x80, 0x80, 
	0x7F, 0x80, 0x80, 0x81, 0x81, 0x80, 0x80, 0x80, 0x7F, 0x80, 0x80, 0x80, 0x80, 0x81, 0x80, 0x80, 
	0x7F, 0x81, 0x80, 0x81, 0x80, 0x80, 0x80, 0x80, 0x80, 0x80, 0x80, 0x80, 0x80, 0x80, 0x80, 0x80, 
	0x81, 0x80, 0x80, 0x80, 0x80, 0x80, 0x80, 0x81, 0x80, 0x80, 0x80, 0x80, 0x80, 0x80, 0x80, 0x80, 
	0x80, 0x80, 0x80, 0x80, 0x80, 0x80, 0x80, 0x80, 0x80, 0x80, 0x80, 0x80, 0x80, 0x80, 0x80, 0x80, 
	0x80, 0x7F, 0x80, 0x80, 0x80, 0x80, 0x80, 0x80, 0x81, 0x7F, 0x80, 0x80, 0x80, 0x80, 0x80, 0x80, 
	0x80, 0x80, 0x80, 0x80, 0x81, 0x80, 0x80, 0x80, 0x81, 0x80, 0x7F, 0x80, 0x81, 0x7F, 0x80, 0x80, 
	0x81, 0x80, 0x80, 0x80, 0x80, 0x80, 0x81, 0x80, 0x80, 0x80, 0x7F, 0x81, 0x80, 0x80, 0x81, 0x80, 
	0x80, 0x81, 0x80, 0x80, 0x80, 0x7F, 0x80, 0x80, 0x80, 0x80, 0x81, 0x81, 0x80, 0x80, 0x80, 0x7F, 
	0x80, 0x80, 0x80, 0x80, 0x80, 0x80, 0x80, 0x80, 0x80, 0x80, 0x80, 0x80, 0x80, 0x7F, 0x80, 0x80, 
	0x7F, 0x80, 0x80, 0x80, 0x80, 0x80, 0x81, 0x80, 0x80, 0x80, 0x80, 0x80, 0x80, 0x80, 0x80, 0x80, 
	0x80, 0x80, 0x80, 0x80, 0x80, 0x81, 0x80, 0x80, 0x7F, 0x80, 0x80, 0x80, 0x80, 0x80, 0x80, 0x81, 
	0x80, 0x80, 0x80, 0x80, 0x80, 0x80, 0x81, 0x80, 0x80, 0x80, 0x80, 0x80, 0x81, 0x80, 0x7F, 0x81, 
	0x80, 0x80, 0x80, 0x80, 0x7F, 0x80, 0x80, 0x80, 0x81, 0x80, 0x80, 0x80, 0x80, 0x80, 0x7F, 0x80, 
	0x80, 0x80, 0x80, 0x80, 0x7F, 0x80, 0x80, 0x81, 0x80, 0x80, 0x80, 0x7F, 0x80, 0x80, 0x81, 0x7F, 
	0x80, 0x80, 0x80, 0x80, 0x80, 0x80, 0x7F, 0x7F, 0x80, 0x80, 0x80, 0x80, 0x80, 0x80, 0x80, 0x80, 
	0x80, 0x80, 0x81, 0x7F, 0x81, 0x80, 0x80, 0x80, 0x80, 0x80, 0x80, 0x7F, 0x80, 0x80, 0x80, 0x80, 
	0x80, 0x80, 0x80, 0x80, 0x81, 0x80, 0x81, 0x80, 0x80, 0x80, 0x81, 0x80, 0x80, 0x80, 0x7F, 0x80, 
	0x80, 0x80, 0x80, 0x80, 0x80, 0x80, 0x80, 0x7F, 0x80, 0x80, 0x80, 0x7F, 0x80, 0x80, 0x7F, 0x80, 
	0x80, 0x80, 0x80, 0x80, 0x7F, 0x80, 0x80, 0x81, 0x80, 0x7F, 0x80, 0x80, 0x80, 0x80, 0x80, 0x80, 
	0x80, 0x80, 0x80, 0x80, 0x80, 0x80, 0x80, 0x80, 0x80, 0x80, 0x81, 0x80, 0x80, 0x81, 0x80, 0x81, 
	0x80, 0x80, 0x80, 0x80, 0x80, 0x80, 0x80, 0x7F, 0x80, 0x80, 0x80, 0x7F, 0x80, 0x80, 0x80, 0x80, 
	0x80, 0x80, 0x80, 0x80, 0x80, 0x80, 0x7F, 0x80, 0x80, 0x80, 0x7F, 0x81, 0x80, 0x80, 0x80, 0x80, 
	0x80, 0x80, 0x80, 0x7F, 0x80, 0x80, 0x80, 0x80, 0x80, 0x81, 0x80, 0x80, 0x80, 0x7F, 0x80, 0x80, 
	0x80, 0x80, 0x80, 0x80, 0x7F, 0x80, 0x80, 0x80, 0x80, 0x80, 0x80, 0x80, 0x80, 0x80, 0x80, 0x80, 
	0x7F, 0x80, 0x80, 0x80, 0x81, 0x80, 0x80, 0x80, 0x80, 0x81, 0x80, 0x7F, 0x80, 0x7F, 0x81, 0x80, 
	0x80, 0x80, 0x80, 0x80, 0x80, 0x80, 0x80, 0x80, 0x80, 0x80, 0x81, 0x81, 0x80, 0x80, 0x80, 0x80, 
	0x80, 0x80, 0x80, 0x80, 0x7F, 0x80, 0x80, 0x80, 0x7F, 0x80, 0x80, 0x80, 0x80, 0x80, 0x81, 0x80, 
	0x80, 0x7F, 0x80, 0x80, 0x80, 0x80, 0x80, 0x80, 0x80, 0x80, 0x80, 0x80, 0x7F, 0x80, 0x7F, 0x81, 
	0x7F, 0x80, 0x81, 0x80, 0x80, 0x80, 0x80, 0x80, 0x80, 0x80, 0x81, 0x7F, 0x80, 0x80, 0x80, 0x80, 
	0x81, 0x80, 0x80, 0x80, 0x80, 0x80, 0x80, 0x81, 0x80, 0x80, 0x80, 0x80, 0x80, 0x80, 0x80, 0x80, 
	0x80, 0x80, 0x80, 0x80, 0x7F, 0x80, 0x81, 0x80, 0x80, 0x80, 0x80, 0x7F, 0x80, 0x80, 0x80, 0x80, 
	0x80, 0x80, 0x80, 0x80, 0x80, 0x80, 0x80, 0x80, 0x80, 0x80, 0x80, 0x7F, 0x80, 0x80, 0x80, 0x80, 
	0x80, 0x80, 0x80, 0x80, 0x80, 0x7F, 0x80, 0x80, 0x80, 0x80, 0x7F, 0x80, 0x81, 0x81, 0x80, 0x80, 
	0x80, 0x80, 0x80, 0x81, 0x7F, 0x80, 0x80, 0x80, 0x80, 0x80, 0x81, 0x80, 0x81, 0x7F, 0x80, 0x81, 
	0x80, 0x7F, 0x80, 0x80, 0x80, 0x80, 0x80, 0x80, 0x80, 0x80, 0x80, 0x80, 0x80, 0x80, 0x80, 0x80, 
	0x80, 0x80, 0x80, 0x81, 0x80, 0x80, 0x80, 0x81, 0x80, 0x80, 0x80, 0x80, 0x80, 0x80, 0x80, 0x80, 
	0x80, 0x80, 0x80, 0x80, 0x80, 0x80, 0x80, 0x81, 0x80, 0x80, 0x80, 0x80, 0x80, 0x7F, 0x80, 0x80, 
	0x81, 0x80, 0x80, 0x80, 0x80, 0x81, 0x80, 0x7F, 0x80, 0x80, 0x80, 0x80, 0x80, 0x80, 0x7F, 0x80, 
	0x80, 0x80, 0x80, 0x80, 0x7F, 0x80, 0x80, 0x80, 0x80, 0x80, 0x80, 0x81, 0x80, 0x80, 0x80, 0x7F, 
	0x81, 0x81, 0x81, 0x80, 0x80, 0x80, 0x80, 0x81, 0x80, 0x80, 0x7F, 0x7F, 0x80, 0x80, 0x80, 0x80, 
	0x80, 0x80, 0x81, 0x80, 0x81, 0x7F, 0x80, 0x81, 0x80, 0x80, 0x7F, 0x7F, 0x81, 0x80, 0x80, 0x81, 
	0x80, 0x80, 0x7F, 0x80, 0x80, 0x80, 0x80, 0x80, 0x80, 0x80, 0x81, 0x80, 0x7F, 0x80, 0x80, 0x81, 
	0x80, 0x7F, 0x80, 0x80, 0x80, 0x80, 0x80, 0x7F, 0x80, 0x80, 0x80, 0x80, 0x80, 0x80, 0x80, 0x80, 
	0x80, 0x7F, 0x80, 0x80, 0x80, 0x80, 0x7F, 0x80, 0x80, 0x81, 0x80, 0x80, 0x80, 0x80, 0x80, 0x80, 
	0x80, 0x80, 0x80, 0x80, 0x80, 0x80, 0x80, 0x80, 0x80, 0x80, 0x80, 0x80, 0x80, 0x7F, 0x7F, 0x80, 
	0x81, 0x7F, 0x80, 0x80, 0x80, 0x80, 0x80, 0x80, 0x80, 0x80, 0x81, 0x80, 0x80, 0x80, 0x80, 0x80, 
	0x80, 0x80, 0x80, 0x80, 0x80, 0x7F, 0x80, 0x80, 0x80, 0x80, 0x80, 0x81, 0x7F, 0x80, 0x7F, 0x80, 
	0x80, 0x80, 0x80, 0x7F, 0x80, 0x81, 0x80, 0x7F, 0x80, 0x80, 0x80, 0x80, 0x80, 0x80, 0x80, 0x80, 
	0x80, 0x80, 0x80, 0x80, 0x80, 0x80, 0x80, 0x81, 0x80, 0x80, 0x80, 0x7F, 0x80, 0x80, 0x7F, 0x80, 
	0x80, 0x7F, 0x80, 0x80, 0x80, 0x81, 0x80, 0x7F, 0x7F, 0x81, 0x80, 0x80, 0x80, 0x80, 0x80, 0x7F, 
	0x80, 0x7F, 0x80, 0x80, 0x80, 0x80, 0x80, 0x81, 0x7F, 0x80, 0x80, 0x80, 0x80, 0x7F, 0x80, 0x80, 
	0x80, 0x80, 0x80, 0x80, 0x80, 0x80, 0x80, 0x80, 0x80, 0x80, 0x7F, 0x7F, 0x81, 0x80, 0x80, 0x80, 
	0x7F, 0x80, 0x80, 0x80, 0x80, 0x80, 0x81, 0x80, 0x80, 0x7F, 0x80, 0x7F, 0x80, 0x7F, 0x80, 0x80, 
	0x81, 0x80, 0x81, 0x7F, 0x80, 0x80, 0x80, 0x80, 0x80, 0x80, 0x80, 0x80, 0x80, 0x80, 0x80, 0x80, 
	0x80, 0x81, 0x80, 0x80, 0x80, 0x80, 0x7F, 0x80, 0x80, 0x7F, 0x7F, 0x80, 0x80, 0x80, 0x80, 0x80, 
	0x80, 0x80, 0x80, 0x80, 0x80, 0x80, 0x80, 0x81, 0x80, 0x80, 0x80, 0x81, 0x80, 0x80, 0x80, 0x80, 
	0x80, 0x80, 0x81, 0x80, 0x80, 0x80, 0x80, 0x80, 0x80, 0x80, 0x80, 0x80, 0x80, 0x80, 0x80, 0x80, 
	0x80, 0x7F, 0x80, 0x7F, 0x80, 0x80, 0x80, 0x80, 0x80, 0x81, 0x80, 0x81, 0x80, 0x80, 0x7F, 0x80, 
	0x80, 0x7F, 0x7F, 0x80, 0x80, 0x80, 0x80, 0x80, 0x7F, 0x80, 0x80, 0x80, 0x80, 0x80, 0x80, 0x7F, 
	0x80, 0x80, 0x80, 0x80, 0x80, 0x80, 0x80, 0x7F, 0x80, 0x80, 0x80, 0x80, 0x81, 0x80, 0x80, 0x80, 
	0x80, 0x7F, 0x80, 0x80, 0x80, 0x80, 0x80, 0x80, 0x80, 0x80, 0x80, 0x80, 0x80, 0x80, 0x7F, 0x81, 
	0x80, 0x80, 0x80, 0x80, 0x7F, 0x80, 0x80, 0x80, 0x80, 0x80, 0x80, 0x80, 0x80, 0x80, 0x80, 0x80, 
	0x80, 0x80, 0x80, 0x80, 0x80, 0x7F, 0x80, 0x80, 0x81, 0x80, 0x81, 0x80, 0x80, 0x80, 0x7F, 0x80, 
	0x80, 0x81, 0x80, 0x80, 0x80, 0x80, 0x80, 0x80, 0x80, 0x80, 0x80, 0x80, 0x81, 0x7F, 0x80, 0x80, 
	0x7F, 0x80, 0x80, 0x81, 0x80, 0x80, 0x80, 0x80, 0x80, 0x81, 0x80, 0x7F, 0x81, 0x80, 0x80, 0x80, 
	0x7F, 0x80, 0x80, 0x80, 0x81, 0x80, 0x80, 0x80, 0x80, 0x80, 0x80, 0x80, 0x7F, 0x80, 0x80, 0x80, 
	0x81, 0x80, 0x80, 0x80, 0x80, 0x80, 0x80, 0x80, 0x80, 0x80, 0x80, 0x80, 0x80, 0x80, 0x80, 0x80, 
	0x80, 0x80, 0x80, 0x80, 0x80, 0x80, 0x80, 0x7F, 0x81, 0x80, 0x7F, 0x80, 0x80, 0x80, 0x81, 0x80, 
	0x80, 0x80, 0x80, 0x80, 0x80, 0x80, 0x80, 0x7F, 0x80, 0x7F, 0x80, 0x7F, 0x80, 0x80, 0x80, 0x80, 
	0x7F, 0x80, 0x81, 0x81, 0x80, 0x80, 0x80, 0x80, 0x80, 0x80, 0x80, 0x80, 0x80, 0x80, 0x80, 0x80, 
	0x80, 0x80, 0x7F, 0x80, 0x80, 0x80, 0x80, 0x80, 0x80, 0x80, 0x80, 0x80, 0x80, 0x80, 0x80, 0x7F, 
	0x80, 0x80, 0x80, 0x80, 0x7F, 0x80, 0x80, 0x81, 0x80, 0x7F, 0x81, 0x80, 0x80, 0x80, 0x7F, 0x80, 
	0x80, 0x80, 0x80, 0x80, 0x7F, 0x80, 0x80, 0x7F, 0x7F, 0x7F, 0x80, 0x80, 0x80, 0x80, 0x80, 0x80, 
	0x80, 0x80, 0x80, 0x7F, 0x80, 0x80, 0x80, 0x81, 0x80, 0x7F, 0x7F, 0x80, 0x80, 0x80, 0x80, 0x80, 
	0x81, 0x80, 0x80, 0x80, 0x80, 0x80, 0x80, 0x80, 0x80, 0x80, 0x7F, 0x7F, 0x80, 0x80, 0x80, 0x80, 
	0x80, 0x7F, 0x80, 0x80, 0x80, 0x80, 0x80, 0x80, 0x80, 0x80, 0x80, 0x80, 0x80, 0x7F, 0x80, 0x81, 
	0x80, 0x80, 0x80, 0x80, 0x80, 0x80, 0x80, 0x80, 0x80, 0x80, 0x80, 0x80, 0x80, 0x80, 0x80, 0x80, 
	0x80, 0x80, 0x80, 0x80, 0x80, 0x80, 0x80, 0x80, 0x7F, 0x80, 0x80, 0x80, 0x80, 0x80, 0x80, 0x80, 
	0x81, 0x80, 0x80, 0x80, 0x80, 0x80, 0x80, 0x80, 0x80, 0x80, 0x80, 0x80, 0x80, 0x80, 0x80, 0x7F, 
	0x80, 0x80, 0x80, 0x80, 0x80, 0x7F, 0x7F, 0x80, 0x7F, 0x80, 0x7F, 0x80, 0x80, 0x80, 0x80, 0x80, 
	0x80, 0x80, 0x80, 0x80, 0x80, 0x80, 0x80, 0x80, 0x80, 0x80, 0x80, 0x80, 0x80, 0x80, 0x80, 0x80, 
	0x80, 0x7F, 0x80, 0x80, 0x7F, 0x80, 0x80, 0x80, 0x80, 0x80, 0x7F, 0x7F, 0x80, 0x80, 0x80, 0x81, 
	0x80, 0x80, 0x80, 0x7F, 0x81, 0x80, 0x80, 0x80, 0x80, 0x80, 0x80, 0x80, 0x80, 0x80, 0x80, 0x7F, 
	0x80, 0x80, 0x80, 0x81, 0x80, 0x80, 0x80, 0x80, 0x80, 0x81, 0x80, 0x80, 0x80, 0x7F, 0x81, 0x7F, 
	0x80, 0x80, 0x80, 0x80, 0x80, 0x80, 0x80, 0x80, 0x80, 0x80, 0x80, 0x80, 0x7F, 0x80, 0x81, 0x80, 
	0x80, 0x80, 0x80, 0x80, 0x80, 0x80, 0x80, 0x80, 0x80, 0x80, 0x80, 0x80, 0x80, 0x80, 0x80, 0x81, 
	0x80, 0x80, 0x80, 0x80, 0x80, 0x80, 0x7F, 0x80, 0x80, 0x80, 0x7F, 0x7F, 0x80, 0x80, 0x80, 0x80, 
	0x80, 0x81, 0x80, 0x80, 0x80, 0x80, 0x7F, 0x80, 0x80, 0x80, 0x80, 0x80, 0x80, 0x80, 0x80, 0x80, 
	0x80, 0x80, 0x81, 0x80, 0x7F, 0x80, 0x81, 0x80, 0x7F, 0x80, 0x7F, 0x81, 0x80, 0x80, 0x80, 0x80, 
	0x80, 0x81, 0x80, 0x80, 0x80, 0x81, 0x80, 0x80, 0x80, 0x80, 0x80, 0x80, 0x80, 0x80, 0x80, 0x80, 
	0x80, 0x7F, 0x80, 0x80, 0x81, 0x80, 0x80, 0x80, 0x80, 0x80, 0x80, 0x80, 0x80, 0x80, 0x80, 0x7F, 
	0x80, 0x80, 0x80, 0x81, 0x80, 0x80, 0x80, 0x80, 0x80, 0x80, 0x81, 0x80, 0x80, 0x80, 0x80, 0x80, 
	0x81, 0x80, 0x80, 0x80, 0x80, 0x80, 0x80, 0x80, 0x80, 0x7F, 0x80, 0x80, 0x7F, 0x80, 0x80, 0x80, 
	0x81, 0x80, 0x80, 0x80, 0x80, 0x80, 0x80, 0x80, 0x80, 0x80, 0x80, 0x80, 0x80, 0x80, 0x80, 0x80, 
	0x80, 0x80, 0x80, 0x80, 0x80, 0x80, 0x80, 0x80, 0x80, 0x7F, 0x80, 0x80, 0x81, 0x80, 0x80, 0x80, 
	0x80, 0x80, 0x80, 0x80, 0x80, 0x7F, 0x80, 0x7F, 0x80, 0x7F, 0x7F, 0x80, 0x80, 0x7F, 0x81, 0x80, 
	0x80, 0x81, 0x81, 0x80, 0x80, 0x80, 0x80, 0x80, 0x80, 0x80, 0x80, 0x81, 0x80, 0x80, 0x80, 0x7F, 
	0x81, 0x81, 0x80, 0x80, 0x80, 0x80, 0x7F, 0x80, 0x80, 0x80, 0x80, 0x80, 0x80, 0x80, 0x80, 0x80, 
	0x80, 0x80, 0x80, 0x80, 0x80, 0x80, 0x80, 0x7F, 0x7F, 0x80, 0x7F, 0x80, 0x80, 0x80, 0x80, 0x80, 
	0x80, 0x81, 0x80, 0x80, 0x7F, 0x7F, 0x80, 0x80, 0x81, 0x80, 0x80, 0x80, 0x80, 0x80, 0x7F, 0x80, 
	0x80, 0x80, 0x80, 0x80, 0x80, 0x80, 0x80, 0x80, 0x81, 0x80, 0x80, 0x80, 0x80, 0x80, 0x80, 0x80, 
	0x80, 0x80, 0x80, 0x80, 0x80, 0x80, 0x7F, 0x7F, 0x80, 0x80, 0x80, 0x80, 0x80, 0x80, 0x80, 0x81, 
	0x80, 0x80, 0x80, 0x80, 0x80, 0x80, 0x80, 0x80, 0x80, 0x7F, 0x7F, 0x80, 0x81, 0x80, 0x80, 0x80, 
	0x80, 0x80, 0x80, 0x81, 0x80, 0x80, 0x80, 0x80, 0x80, 0x80, 0x80, 0x80, 0x80, 0x7F, 0x80, 0x80, 
	0x81, 0x7F, 0x80, 0x7F, 0x80, 0x80, 0x80, 0x80, 0x80, 0x80, 0x80, 0x80, 0x7F, 0x80, 0x80, 0x80, 
	0x80, 0x80, 0x80, 0x80, 0x80, 0x80, 0x7F, 0x80, 0x80, 0x81, 0x80, 0x7F, 0x80, 0x80, 0x7F, 0x80, 
	0x81, 0x80, 0x80, 0x7F, 0x80, 0x80, 0x80, 0x80, 0x80, 0x80, 0x7F, 0x80, 0x80, 0x80, 0x80, 0x80, 
	0x7F, 0x80, 0x80, 0x80, 0x80, 0x80, 0x80, 0x80, 0x80, 0x80, 0x80, 0x81, 0x80, 0x80, 0x7F, 0x80, 
	0x80, 0x80, 0x7F, 0x80, 0x80, 0x80, 0x7F, 0x80, 0x80, 0x80, 0x80, 0x80, 0x80, 0x80, 0x80, 0x80, 
	0x80, 0x80, 0x81, 0x7F, 0x80, 0x80, 0x80, 0x7F, 0x80, 0x80, 0x80, 0x80, 0x80, 0x80, 0x81, 0x80, 
	0x80, 0x81, 0x7F, 0x80, 0x80, 0x80, 0x80, 0x80, 0x80, 0x80, 0x80, 0x80, 0x80, 0x7F, 0x80, 0x80, 
	0x80, 0x80, 0x80, 0x80, 0x80, 0x7F, 0x80, 0x80, 0x80, 0x7F, 0x7F, 0x80, 0x80, 0x7F, 0x80, 0x80, 
	0x80, 0x80, 0x80, 0x80, 0x80, 0x80, 0x80, 0x80, 0x81, 0x80, 0x80, 0x81, 0x80, 0x80, 0x81, 0x80, 
	0x80, 0x80, 0x7F, 0x80, 0x80, 0x80, 0x80, 0x81, 0x80, 0x7F, 0x80, 0x80, 0x80, 0x80, 0x80, 0x81, 
	0x7F, 0x7F, 0x81, 0x80, 0x80, 0x80, 0x80, 0x80, 0x80, 0x7F, 0x80, 0x80, 0x80, 0x80, 0x80, 0x80, 
	0x80, 0x80, 0x80, 0x80, 0x80, 0x80, 0x80, 0x80, 0x80, 0x80, 0x80, 0x80, 0x80, 0x80, 0x80, 0x80, 
	0x81, 0x80, 0x80, 0x80, 0x80, 0x80, 0x7F, 0x80, 0x80, 0x80, 0x80, 0x80, 0x7F, 0x81, 0x7F, 0x80, 
	0x80, 0x80, 0x80, 0x81, 0x80, 0x80, 0x80, 0x80, 0x80, 0x80, 0x80, 0x80, 0x80, 0x81, 0x7F, 0x80, 
	0x80, 0x80, 0x81, 0x80, 0x80, 0x80, 0x81, 0x80, 0x80, 0x80, 0x80, 0x80, 0x80, 0x80, 0x80, 0x80, 
	0x80, 0x80, 0x80, 0x7F, 0x80, 0x80, 0x80, 0x7F, 0x80, 0x80, 0x80, 0x80, 0x81, 0x80, 0x80, 0x80, 
	0x80, 0x80, 0x80, 0x80, 0x80, 0x80, 0x81, 0x80, 0x80, 0x80, 0x81, 0x80, 0x81, 0x80, 0x80, 0x80, 
	0x7F, 0x7F, 0x80, 0x80, 0x80, 0x7F, 0x80, 0x80, 0x80, 0x80, 0x80, 0x80, 0x80, 0x80, 0x80, 0x80, 
	0x80, 0x80, 0x80, 0x80, 0x80, 0x7F, 0x7F, 0x80, 0x80, 0x80, 0x80, 0x80, 0x80, 0x81, 0x80, 0x80, 
	0x80, 0x81, 0x80, 0x80, 0x80, 0x80, 0x80, 0x80, 0x80, 0x80, 0x80, 0x80, 0x80, 0x80, 0x80, 0x80, 
	0x7F, 0x80, 0x80, 0x80, 0x80, 0x7F, 0x80, 0x80, 0x80, 0x80, 0x80, 0x80, 0x80, 0x80, 0x80, 0x80, 
	0x80, 0x80, 0x80, 0x80, 0x7F, 0x80, 0x80, 0x81, 0x80, 0x80, 0x80, 0x7F, 0x80, 0x7F, 0x80, 0x80, 
	0x80, 0x80, 0x7F, 0x80, 0x80, 0x80, 0x80, 0x80, 0x80, 0x7F, 0x80, 0x81, 0x80, 0x80, 0x80, 0x80, 
	0x80, 0x80, 0x80, 0x80, 0x80, 0x80, 0x7F, 0x81, 0x80, 0x80, 0x80, 0x7F, 0x80, 0x81, 0x80, 0x80, 
	0x80, 0x80, 0x80, 0x81, 0x80, 0x80, 0x80, 0x80, 0x80, 0x80, 0x80, 0x80, 0x80, 0x80, 0x80, 0x80, 
	0x80, 0x80, 0x80, 0x80, 0x80, 0x80, 0x81, 0x80, 0x80, 0x80, 0x7F, 0x80, 0x80, 0x80, 0x80, 0x80, 
	0x80, 0x7F, 0x80, 0x80, 0x7F, 0x80, 0x7F, 0x80, 0x81, 0x80, 0x80, 0x7F, 0x80, 0x80, 0x81, 0x80, 
	0x80, 0x80, 0x7F, 0x80, 0x80, 0x81, 0x7F, 0x80, 0x80, 0x80, 0x80, 0x80, 0x7F, 0x7F, 0x80, 0x80, 
	0x80, 0x80, 0x80, 0x80, 0x80, 0x80, 0x80, 0x80, 0x80, 0x80, 0x80, 0x80, 0x80, 0x80, 0x80, 0x80, 
	0x80, 0x7F, 0x7F, 0x80, 0x80, 0x80, 0x7F, 0x80, 0x80, 0x80, 0x81, 0x80, 0x80, 0x80, 0x81, 0x80, 
	0x80, 0x80, 0x7F, 0x80, 0x81, 0x80, 0x80, 0x80, 0x80, 0x80, 0x81, 0x80, 0x80, 0x80, 0x80, 0x80, 
	0x80, 0x80, 0x80, 0x7F, 0x80, 0x80, 0x80, 0x7F, 0x80, 0x80, 0x80, 0x80, 0x80, 0x7F, 0x80, 0x80, 
	0x80, 0x80, 0x80, 0x80, 0x80, 0x80, 0x80, 0x80, 0x80, 0x7F, 0x80, 0x7F, 0x80, 0x7F, 0x80, 0x80, 
	0x80, 0x80, 0x80, 0x80, 0x80, 0x80, 0x7F, 0x80, 0x80, 0x81, 0x80, 0x80, 0x80, 0x80, 0x80, 0x7F, 
	0x80, 0x7F, 0x80, 0x80, 0x80, 0x80, 0x81, 0x81, 0x80, 0x80, 0x80, 0x80, 0x80, 0x80, 0x80, 0x80, 
	0x7F, 0x80, 0x80, 0x80, 0x80, 0x7F, 0x80, 0x80, 0x80, 0x80, 0x80, 0x80, 0x80, 0x80, 0x81, 0x7F, 
	0x81, 0x80, 0x80, 0x80, 0x80, 0x7F, 0x80, 0x80, 0x80, 0x80, 0x80, 0x80, 0x80, 0x80, 0x80, 0x80, 
	0x80, 0x80, 0x80, 0x80, 0x80, 0x80, 0x80, 0x7F, 0x80, 0x80, 0x80, 0x80, 0x80, 0x80, 0x80, 0x80, 
	0x7F, 0x80, 0x80, 0x7F, 0x80, 0x80, 0x80, 0x80, 0x80, 0x7F, 0x80, 0x80, 0x81, 0x81, 0x7F, 0x7F, 
	0x80, 0x80, 0x80, 0x80, 0x80, 0x80, 0x80, 0x80, 0x80, 0x80, 0x80, 0x80, 0x80, 0x80, 0x81, 0x80, 
	0x80, 0x80, 0x80, 0x80, 0x7F, 0x80, 0x80, 0x80, 0x80, 0x80, 0x80, 0x80, 0x80, 0x80, 0x81, 0x80, 
	0x80, 0x7F, 0x80, 0x80, 0x80, 0x80, 0x80, 0x80, 0x80, 0x80, 0x7F, 0x80, 0x80, 0x80, 0x80, 0x80, 
	0x80, 0x80, 0x80, 0x7F, 0x80, 0x80, 0x80, 0x80, 0x80, 0x7F, 0x80, 0x80, 0x80, 0x7F, 0x80, 0x80, 
	0x80, 0x7F, 0x80, 0x80, 0x80, 0x80, 0x7F, 0x80, 0x80, 0x7F, 0x80, 0x7F, 0x80, 0x80, 0x80, 0x80, 
	0x80, 0x80, 0x80, 0x80, 0x80, 0x80, 0x80, 0x80, 0x80, 0x80, 0x80, 0x80, 0x80, 0x80, 0x80, 0x80, 
	0x80, 0x80, 0x80, 0x80, 0x7F, 0x80, 0x80, 0x80, 0x80, 0x80, 0x80, 0x7F, 0x80, 0x80, 0x81, 0x80, 
	0x80, 0x80, 0x80, 0x81, 0x81, 0x80, 0x80, 0x80, 0x80, 0x7F, 0x80, 0x80, 0x80, 0x80, 0x80, 0x80, 
	0x80, 0x7F, 0x80, 0x7F, 0x80, 0x7F, 0x80, 0x80, 0x80, 0x7F, 0x80, 0x80, 0x80, 0x80, 0x80, 0x80, 
	0x80, 0x80, 0x80, 0x80, 0x80, 0x80, 0x80, 0x81, 0x80, 0x80, 0x7F, 0x80, 0x80, 0x80, 0x80, 0x7F, 
	0x80, 0x80, 0x80, 0x7F, 0x80, 0x80, 0x81, 0x80, 0x81, 0x80, 0x80, 0x80, 0x80, 0x80, 0x80, 0x80, 
	0x80, 0x7F, 0x80, 0x80, 0x7F, 0x80, 0x80, 0x80, 0x80, 0x80, 0x80, 0x80, 0x80, 0x80, 0x80, 0x7F, 
	0x80, 0x80, 0x7F, 0x80, 0x7F, 0x80, 0x7F, 0x80, 0x80, 0x7F, 0x80, 0x80, 0x80, 0x80, 0x80, 0x7F, 
	0x80, 0x80, 0x80, 0x81, 0x80, 0x80, 0x80, 0x7F, 0x80, 0x80, 0x80, 0x7F, 0x80, 0x80, 0x80, 0x7F, 
	0x80, 0x80, 0x80, 0x80, 0x80, 0x80, 0x80, 0x80, 0x81, 0x7F, 0x80, 0x80, 0x7F, 0x80, 0x80, 0x80, 
	0x80, 0x80, 0x81, 0x81, 0x80, 0x80, 0x80, 0x80, 0x80, 0x80, 0x80, 0x80, 0x80, 0x80, 0x80, 0x80, 
	0x80, 0x80, 0x7F, 0x80, 0x80, 0x80, 0x80, 0x80, 0x80, 0x80, 0x80, 0x80, 0x80, 0x80, 0x81, 0x80, 
	0x7F, 0x80, 0x80, 0x80, 0x80, 0x80, 0x80, 0x80, 0x80, 0x80, 0x80, 0x7F, 0x80, 0x80, 0x80, 0x80, 
	0x80, 0x80, 0x80, 0x80, 0x80, 0x80, 0x80, 0x81, 0x7F, 0x7F, 0x7F, 0x80, 0x80, 0x80, 0x7F, 0x80, 
	0x80, 0x80, 0x80, 0x80, 0x81, 0x80, 0x80, 0x80, 0x80, 0x80, 0x80, 0x80, 0x7F, 0x80, 0x80, 0x80, 
	0x80, 0x7F, 0x80, 0x7F, 0x80, 0x80, 0x80, 0x80, 0x81, 0x80, 0x7F, 0x80, 0x80, 0x80, 0x81, 0x80, 
	0x80, 0x80, 0x80, 0x81, 0x80, 0x80, 0x81, 0x80, 0x80, 0x80, 0x7F, 0x80, 0x7F, 0x80, 0x81, 0x80, 
	0x80, 0x80, 0x80, 0x80, 0x80, 0x80, 0x80, 0x80, 0x80, 0x80, 0x80, 0x80, 0x80, 0x80, 0x81, 0x80, 
	0x7F, 0x7F, 0x80, 0x80, 0x80, 0x80, 0x80, 0x80, 0x80, 0x80, 0x80, 0x81, 0x80, 0x80, 0x80, 0x7F, 
	0x80, 0x7F, 0x80, 0x80, 0x80, 0x80, 0x80, 0x80, 0x80, 0x81, 0x80, 0x80, 0x81, 0x81, 0x80, 0x7F, 
	0x80, 0x80, 0x80, 0x80, 0x7F, 0x80, 0x81, 0x80, 0x80, 0x80, 0x80, 0x81, 0x7F, 0x81, 0x80, 0x7F, 
	0x80, 0x7F, 0x80, 0x80, 0x7F, 0x80, 0x80, 0x80, 0x80, 0x80, 0x80, 0x80, 0x80, 0x7F, 0x80, 0x7F, 
	0x80, 0x80, 0x80, 0x80, 0x80, 0x80, 0x80, 0x80, 0x80, 0x7F, 0x80, 0x80, 0x80, 0x80, 0x80, 0x7F, 
	0x80, 0x80, 0x80, 0x80, 0x80, 0x7F, 0x80, 0x80, 0x80, 0x80, 0x80, 0x81, 0x80, 0x80, 0x80, 0x80, 
	0x80, 0x80, 0x80, 0x80, 0x80, 0x80, 0x80, 0x80, 0x80, 0x80, 0x80, 0x81, 0x80, 0x80, 0x80, 0x7F, 
	0x80, 0x80, 0x80, 0x7F, 0x7F, 0x81, 0x80, 0x80, 0x80, 0x7F, 0x7F, 0x80, 0x80, 0x80, 0x80, 0x80, 
	0x80, 0x81, 0x80, 0x80, 0x80, 0x80, 0x80, 0x7F, 0x80, 0x80, 0x81, 0x80, 0x80, 0x7F, 0x80, 0x80, 
	0x80, 0x80, 0x80, 0x80, 0x80, 0x80, 0x80, 0x80, 0x80, 0x80, 0x7F, 0x80, 0x80, 0x81, 0x80, 0x80, 
	0x80, 0x80, 0x80, 0x81, 0x80, 0x80, 0x80, 0x81, 0x80, 0x80, 0x80, 0x80, 0x7F, 0x80, 0x80, 0x80, 
	0x80, 0x7F, 0x80, 0x80, 0x7F, 0x80, 0x7F, 0x80, 0x80, 0x80, 0x80, 0x7F, 0x80, 0x80, 0x80, 0x81, 
	0x80, 0x80, 0x80, 0x80, 0x7F, 0x80, 0x80, 0x80, 0x80, 0x80, 0x80, 0x80, 0x80, 0x81, 0x80, 0x80, 
	0x80, 0x80, 0x80, 0x80, 0x80, 0x7F, 0x80, 0x7F, 0x80, 0x81, 0x80, 0x80, 0x7F, 0x80, 0x80, 0x7F, 
	0x80, 0x80, 0x80, 0x81, 0x80, 0x81, 0x80, 0x80, 0x7F, 0x80, 0x7F, 0x80, 0x7F, 0x80, 0x80, 0x80, 
	0x80, 0x81, 0x80, 0x80, 0x80, 0x80, 0x7F, 0x80, 0x81, 0x80, 0x80, 0x80, 0x80, 0x80, 0x7F, 0x80, 
	0x80, 0x80, 0x80, 0x81, 0x80, 0x80, 0x80, 0x7F, 0x80, 0x80, 0x80, 0x80, 0x80, 0x80, 0x80, 0x80, 
	0x80, 0x80, 0x80, 0x80, 0x80, 0x80, 0x80, 0x80, 0x80, 0x80, 0x80, 0x80, 0x80, 0x80, 0x80, 0x80, 
	0x80, 0x7F, 0x80, 0x80, 0x80, 0x80, 0x80, 0x80, 0x80, 0x80, 0x80, 0x80, 0x7F, 0x7F, 0x7F, 0x80, 
	0x80, 0x80, 0x80, 0x80, 0x80, 0x80, 0x80, 0x80, 0x80, 0x80, 0x80, 0x80, 0x80, 0x80, 0x80, 0x80, 
	0x80, 0x80, 0x7F, 0x80, 0x80, 0x80, 0x80, 0x80, 0x80, 0x80, 0x80, 0x80, 0x80, 0x81, 0x80, 0x80, 
	0x80, 0x80, 0x80, 0x80, 0x80, 0x80, 0x80, 0x80, 0x80, 0x80, 0x80, 0x80, 0x7F, 0x7F, 0x80, 0x7F, 
	0x80, 0x81, 0x80, 0x7F, 0x80, 0x80, 0x80, 0x80, 0x80, 0x80, 0x80, 0x7F, 0x80, 0x81, 0x80, 0x80, 
	0x80, 0x7F, 0x80, 0x80, 0x80, 0x80, 0x80, 0x80, 0x7F, 0x81, 0x7F, 0x80, 0x80, 0x7F, 0x80, 0x80, 
	0x81, 0x80, 0x7F, 0x80, 0x80, 0x80, 0x80, 0x80, 0x80, 0x7F, 0x81, 0x80, 0x80, 0x80, 0x80, 0x80, 
	0x81, 0x80, 0x80, 0x80, 0x7F, 0x80, 0x7F, 0x80, 0x80, 0x81, 0x80, 0x80, 0x80, 0x80, 0x80, 0x80, 
	0x80, 0x80, 0x80, 0x80, 0x80, 0x7F, 0x80, 0x81, 0x80, 0x7F, 0x80, 0x80, 0x80, 0x7F, 0x7F, 0x80, 
	0x80, 0x81, 0x81, 0x80, 0x80, 0x80, 0x80, 0x81, 0x80, 0x80, 0x7F, 0x80, 0x80, 0x80, 0x80, 0x80, 
	0x80, 0x80, 0x80, 0x80, 0x7F, 0x80, 0x80, 0x80, 0x80, 0x80, 0x80, 0x80, 0x80, 0x80, 0x80, 0x80, 
	0x80, 0x7F, 0x80, 0x80, 0x81, 0x80, 0x81, 0x80, 0x80, 0x80, 0x80, 0x80, 0x80, 0x80, 0x80, 0x80, 
	0x7F, 0x80, 0x7F, 0x80, 0x80, 0x80, 0x80, 0x80, 0x80, 0x7F, 0x80, 0x80, 0x80, 0x80, 0x80, 0x80, 
	0x80, 0x80, 0x80, 0x80, 0x80, 0x80, 0x80, 0x80, 0x80, 0x80, 0x80, 0x7F, 0x80, 0x7F, 0x80, 0x80, 
	0x81, 0x80, 0x80, 0x7F, 0x80, 0x80, 0x7F, 0x80, 0x81, 0x80, 0x80, 0x80, 0x80, 0x80, 0x80, 0x80, 
	0x80, 0x80, 0x80, 0x7F, 0x80, 0x80, 0x7F, 0x80, 0x80, 0x80, 0x80, 0x80, 0x80, 0x81, 0x81, 0x80, 
	0x80, 0x81, 0x80, 0x80, 0x80, 0x80, 0x80, 0x80, 0x80, 0x80, 0x80, 0x80, 0x80, 0x7F, 0x7F, 0x80, 
	0x80, 0x80, 0x80, 0x80, 0x80, 0x7F, 0x80, 0x80, 0x80, 0x7F, 0x80, 0x80, 0x80, 0x80, 0x80, 0x80, 
	0x80, 0x7F, 0x80, 0x80, 0x80, 0x80, 0x80, 0x80, 0x80, 0x80, 0x80, 0x80, 0x80, 0x80, 0x80, 0x80, 
	0x7F, 0x80, 0x80, 0x7F, 0x80, 0x80, 0x80, 0x80, 0x80, 0x80, 0x80, 0x7F, 0x80, 0x7F, 0x80, 0x81, 
	0x80, 0x80, 0x80, 0x7F, 0x80, 0x80, 0x81, 0x7F, 0x81, 0x80, 0x80, 0x80, 0x7F, 0x80, 0x80, 0x80, 
	0x80, 0x80, 0x80, 0x80, 0x80, 0x80, 0x80, 0x80, 0x7F, 0x80, 0x80, 0x80, 0x80, 0x80, 0x7F, 0x80, 
	0x80, 0x80, 0x80, 0x80, 0x7F, 0x80, 0x80, 0x7F, 0x80, 0x80, 0x80, 0x80, 0x80, 0x80, 0x80, 0x80, 
	0x80, 0x80, 0x80, 0x80, 0x81, 0x80, 0x80, 0x80, 0x80, 0x7F, 0x80, 0x81, 0x80, 0x80, 0x80, 0x80, 
	0x80, 0x80, 0x80, 0x80, 0x7F, 0x80, 0x80, 0x80, 0x80, 0x80, 0x80, 0x80, 0x80, 0x80, 0x80, 0x81, 
	0x80, 0x80, 0x80, 0x81, 0x80, 0x80, 0x81, 0x80, 0x80, 0x80, 0x7F, 0x80, 0x80, 0x80, 0x80, 0x7F, 
	0x80, 0x80, 0x7F, 0x80, 0x80, 0x7F, 0x80, 0x80, 0x80, 0x80, 0x80, 0x80, 0x80, 0x81, 0x80, 0x80, 
	0x80, 0x7F, 0x80, 0x80, 0x80, 0x7F, 0x80, 0x80, 0x81, 0x80, 0x80, 0x80, 0x7F, 0x80, 0x80, 0x80, 
	0x80, 0x80, 0x80, 0x80, 0x80, 0x81, 0x80, 0x80, 0x80, 0x80, 0x81, 0x81, 0x80, 0x80, 0x80, 0x7F, 
	0x80, 0x80, 0x80, 0x80, 0x80, 0x80, 0x80, 0x80, 0x80, 0x80, 0x7F, 0x80, 0x80, 0x80, 0x80, 0x80, 
	0x80, 0x80, 0x80, 0x80, 0x80, 0x80, 0x80, 0x80, 0x7F, 0x81, 0x80, 0x80, 0x80, 0x80, 0x80, 0x80, 
	0x80, 0x81, 0x80, 0x80, 0x80, 0x80, 0x80, 0x80, 0x80, 0x80, 0x80, 0x80, 0x7F, 0x80, 0x7F, 0x80, 
	0x81, 0x80, 0x80, 0x7F, 0x80, 0x80, 0x80, 0x7F, 0x80, 0x80, 0x80, 0x81, 0x80, 0x80, 0x80, 0x80, 
	0x7F, 0x7F, 0x80, 0x81, 0x7F, 0x80, 0x81, 0x81, 0x80, 0x80, 0x80, 0x80, 0x80, 0x80, 0x81, 0x80, 
	0x80, 0x80, 0x80, 0x80, 0x80, 0x81, 0x80, 0x80, 0x81, 0x80, 0x80, 0x80, 0x80, 0x80, 0x80, 0x7F, 
	0x7F, 0x80, 0x80, 0x80, 0x80, 0x80, 0x80, 0x80, 0x80, 0x80, 0x80, 0x80, 0x80, 0x80, 0x7F, 0x80, 
	0x81, 0x80, 0x7F, 0x80, 0x80, 0x80, 0x81, 0x80, 0x80, 0x80, 0x80, 0x80, 0x80, 0x7F, 0x80, 0x80, 
	0x80, 0x7F, 0x80, 0x80, 0x80, 0x80, 0x81, 0x80, 0x80, 0x80, 0x7F, 0x81, 0x80, 0x80, 0x80, 0x7F, 
	0x80, 0x80, 0x80, 0x80, 0x80, 0x80, 0x80, 0x81, 0x80, 0x80, 0x80, 0x80, 0x80, 0x80, 0x80, 0x80, 
	0x80, 0x80, 0x80, 0x80, 0x80, 0x80, 0x80, 0x7F, 0x80, 0x80, 0x80, 0x7F, 0x80, 0x80, 0x80, 0x7F, 
	0x80, 0x80, 0x80, 0x80, 0x80, 0x80, 0x80, 0x80, 0x80, 0x81, 0x80, 0x80, 0x80, 0x81, 0x80, 0x80, 
	0x80, 0x7F, 0x80, 0x80, 0x80, 0x80, 0x80, 0x81, 0x80, 0x80, 0x80, 0x80, 0x80, 0x80, 0x81, 0x80, 
	0x80, 0x7F, 0x80, 0x80, 0x80, 0x80, 0x80, 0x80, 0x80, 0x80, 0x80, 0x80, 0x80, 0x80, 0x80, 0x80, 
	0x80, 0x80, 0x7F, 0x80, 0x7F, 0x80, 0x81, 0x80, 0x80, 0x81, 0x80, 0x80, 0x80, 0x80, 0x81, 0x7F, 
	0x80, 0x80, 0x80, 0x80, 0x7F, 0x80, 0x80, 0x80, 0x80, 0x80, 0x80, 0x7F, 0x80, 0x80, 0x80, 0x80, 
	0x80, 0x80, 0x80, 0x80, 0x80, 0x7F, 0x80, 0x7F, 0x7F, 0x80, 0x80, 0x80, 0x7F, 0x81, 0x7F, 0x80, 
	0x81, 0x80, 0x81, 0x80, 0x80, 0x7F, 0x80, 0x80, 0x80, 0x80, 0x80, 0x80, 0x80, 0x7F, 0x81, 0x80, 
	0x80, 0x80, 0x81, 0x80, 0x80, 0x80, 0x80, 0x80, 0x80, 0x7F, 0x80, 0x80, 0x80, 0x80, 0x80, 0x80, 
	0x80, 0x80, 0x80, 0x81, 0x80, 0x80, 0x80, 0x80, 0x80, 0x80, 0x80, 0x80, 0x80, 0x80, 0x80, 0x81, 
	0x80, 0x7F, 0x7F, 0x7F, 0x81, 0x80, 0x80, 0x80, 0x80, 0x80, 0x80, 0x80, 0x80, 0x81, 0x80, 0x80, 
	0x80, 0x7F, 0x80, 0x80, 0x80, 0x81, 0x80, 0x80, 0x80, 0x80, 0x80, 0x80, 0x80, 0x80, 0x80, 0x80, 
	0x80, 0x80, 0x80, 0x80, 0x80, 0x80, 0x80, 0x7F, 0x80, 0x80, 0x80, 0x80, 0x80, 0x80, 0x80, 0x80, 
	0x80, 0x80, 0x80, 0x80, 0x80, 0x80, 0x80, 0x80, 0x80, 0x80, 0x7F, 0x7F, 0x80, 0x80, 0x80, 0x80, 
	0x80, 0x80, 0x80, 0x80, 0x80, 0x80, 0x81, 0x7F, 0x80, 0x80, 0x80, 0x7F, 0x80, 0x7F, 0x81, 0x80, 
	0x80, 0x80, 0x80, 0x80, 0x80, 0x80, 0x81, 0x7F, 0x81, 0x80, 0x80, 0x80, 0x80, 0x80, 0x80, 0x80, 
	0x80, 0x80, 0x7F, 0x80, 0x80, 0x80, 0x80, 0x80, 0x80, 0x80, 0x7F, 0x80, 0x80, 0x80, 0x80, 0x80, 
	0x80, 0x80, 0x7F, 0x80, 0x80, 0x80, 0x80, 0x80, 0x80, 0x80, 0x80, 0x80, 0x80, 0x80, 0x81, 0x80, 
	0x81, 0x80, 0x7F, 0x80, 0x80, 0x80, 0x80, 0x80, 0x80, 0x80, 0x80, 0x80, 0x80, 0x81, 0x7F, 0x80, 
	0x80, 0x80, 0x80, 0x80, 0x80, 0x7F, 0x80, 0x81, 0x81, 0x80, 0x80, 0x80, 0x80, 0x80, 0x80, 0x81, 
	0x80, 0x81, 0x80, 0x80, 0x80, 0x80, 0x80, 0x80, 0x80, 0x80, 0x80, 0x80, 0x80, 0x80, 0x80, 0x80, 
	0x80, 0x80, 0x7F, 0x80, 0x80, 0x80, 0x7F, 0x80, 0x80, 0x80, 0x80, 0x7F, 0x80, 0x80, 0x80, 0x80, 
	0x80, 0x80, 0x7F, 0x80, 0x80, 0x80, 0x81, 0x80, 0x80, 0x81, 0x80, 0x80, 0x80, 0x80, 0x80, 0x80, 
	0x80, 0x80, 0x80, 0x81, 0x80, 0x80, 0x80, 0x80, 0x80, 0x80, 0x80, 0x80, 0x7F, 0x80, 0x80, 0x80, 
	0x80, 0x80, 0x80, 0x80, 0x80, 0x80, 0x80, 0x80, 0x80, 0x80, 0x80, 0x80, 0x80, 0x80, 0x80, 0x80, 
	0x80, 0x7F, 0x80, 0x80, 0x80, 0x80, 0x80, 0x7F, 0x80, 0x81, 0x80, 0x80, 0x80, 0x7F, 0x80, 0x80, 
	0x80, 0x80, 0x80, 0x80, 0x80, 0x7F, 0x80, 0x80, 0x7F, 0x7F, 0x80, 0x80, 0x80, 0x80, 0x80, 0x80, 
	0x80, 0x80, 0x80, 0x80, 0x80, 0x80, 0x80, 0x7F, 0x80, 0x80, 0x80, 0x81, 0x80, 0x7F, 0x80, 0x80, 
	0x80, 0x80, 0x80, 0x80, 0x81, 0x80, 0x81, 0x80, 0x80, 0x80, 0x80, 0x80, 0x80, 0x80, 0x80, 0x80, 
	0x80, 0x80, 0x7F, 0x80, 0x80, 0x80, 0x80, 0x80, 0x80, 0x80, 0x80, 0x80, 0x80, 0x80, 0x81, 0x80, 
	0x80, 0x80, 0x80, 0x80, 0x81, 0x80, 0x80, 0x80, 0x7F, 0x80, 0x7F, 0x80, 0x7F, 0x80, 0x7F, 0x80, 
	0x7F, 0x80, 0x80, 0x81, 0x80, 0x7F, 0x80, 0x80, 0x80, 0x81, 0x81, 0x80, 0x80, 0x80, 0x80, 0x80, 
	0x80, 0x81, 0x80, 0x80, 0x80, 0x80, 0x80, 0x80, 0x7F, 0x80, 0x80, 0x80, 0x80, 0x80, 0x80, 0x80, 
	0x80, 0x80, 0x80, 0x80, 0x7F, 0x80, 0x80, 0x80, 0x80, 0x81, 0x80, 0x81, 0x81, 0x81, 0x80, 0x80, 
	0x80, 0x80, 0x80, 0x7F, 0x80, 0x80, 0x81, 0x80, 0x80, 0x80, 0x80, 0x80, 0x7F, 0x80, 0x80, 0x80, 
	0x80, 0x80, 0x80, 0x80, 0x80, 0x80, 0x80, 0x80, 0x80, 0x81, 0x80, 0x7F, 0x80, 0x80, 0x80, 0x80, 
	0x80, 0x81, 0x80, 0x80, 0x80, 0x7F, 0x80, 0x80, 0x80, 0x80, 0x80, 0x81, 0x80, 0x80, 0x80, 0x80, 
	0x80, 0x80, 0x80, 0x80, 0x80, 0x80, 0x80, 0x7F, 0x80, 0x80, 0x81, 0x81, 0x7F, 0x80, 0x80, 0x80, 
	0x80, 0x80, 0x7F, 0x80, 0x80, 0x80, 0x80, 0x80, 0x80, 0x80, 0x80, 0x80, 0x80, 0x80, 0x80, 0x7F, 
	0x80, 0x80, 0x7F, 0x80, 0x7F, 0x80, 0x80, 0x7F, 0x80, 0x80, 0x80, 0x7F, 0x81, 0x80, 0x81, 0x80, 
	0x80, 0x80, 0x80, 0x80, 0x80, 0x80, 0x80, 0x80, 0x80, 0x80, 0x80, 0x80, 0x80, 0x80, 0x80, 0x80, 
	0x80, 0x80, 0x80, 0x80, 0x80, 0x80, 0x7F, 0x80, 0x80, 0x80, 0x80, 0x80, 0x80, 0x80, 0x80, 0x80, 
	0x81, 0x80, 0x80, 0x7F, 0x7F, 0x80, 0x80, 0x80, 0x80, 0x81, 0x80, 0x80, 0x80, 0x80, 0x80, 0x7F, 
	0x7F, 0x7F, 0x80, 0x80, 0x80, 0x80, 0x80, 0x80, 0x80, 0x80, 0x7F, 0x80, 0x80, 0x80, 0x80, 0x80, 
	0x80, 0x7F, 0x80, 0x80, 0x80, 0x80, 0x81, 0x80, 0x80, 0x81, 0x7F, 0x80, 0x80, 0x80, 0x80, 0x80, 
	0x80, 0x80, 0x80, 0x80, 0x80, 0x80, 0x7F, 0x80, 0x80, 0x80, 0x80, 0x80, 0x80, 0x81, 0x80, 0x7F, 
	0x80, 0x7F, 0x80, 0x80, 0x80, 0x80, 0x80, 0x80, 0x80, 0x7F, 0x80, 0x80, 0x80, 0x80, 0x80, 0x80, 
	0x80, 0x80, 0x80, 0x7F, 0x80, 0x80, 0x80, 0x80, 0x81, 0x80, 0x81, 0x80, 0x81, 0x80, 0x80, 0x80, 
	0x80, 0x7F, 0x80, 0x80, 0x80, 0x81, 0x80, 0x80, 0x80, 0x80, 0x80, 0x80, 0x80, 0x80, 0x80, 0x7F, 
	0x80, 0x80, 0x7F, 0x80, 0x80, 0x80, 0x80, 0x80, 0x80, 0x80, 0x7F, 0x80, 0x80, 0x80, 0x80, 0x80, 
	0x80, 0x80, 0x80, 0x80, 0x80, 0x80, 0x80, 0x80, 0x80, 0x80, 0x81, 0x80, 0x80, 0x80, 0x80, 0x80, 
	0x81, 0x80, 0x80, 0x7F, 0x7F, 0x80, 0x80, 0x80, 0x80, 0x80, 0x80, 0x80, 0x80, 0x81, 0x80, 0x80, 
	0x80, 0x7F, 0x80, 0x7F, 0x81, 0x80, 0x80, 0x80, 0x80, 0x7F, 0x80, 0x80, 0x80, 0x80, 0x80, 0x7F, 
	0x80, 0x80, 0x80, 0x80, 0x80, 0x80, 0x80, 0x80, 0x81, 0x80, 0x80, 0x80, 0x80, 0x80, 0x80, 0x80, 
	0x80, 0x80, 0x80, 0x80, 0x80, 0x80, 0x80, 0x80, 0x80, 0x80, 0x80, 0x80, 0x7F, 0x80, 0x80, 0x80, 
	0x7F, 0x80, 0x80, 0x80, 0x80, 0x80, 0x80, 0x80, 0x80, 0x80, 0x80, 0x81, 0x80, 0x7F, 0x80, 0x80, 
	0x80, 0x80, 0x80, 0x80, 0x80, 0x80, 0x80, 0x80, 0x80, 0x7F, 0x80, 0x80, 0x7F, 0x80, 0x81, 0x80, 
	0x80, 0x7F, 0x80, 0x80, 0x81, 0x80, 0x80, 0x7F, 0x80, 0x80, 0x80, 0x80, 0x80, 0x80, 0x80, 0x80, 
	0x80, 0x80, 0x7F, 0x80, 0x80, 0x80, 0x80, 0x7F, 0x80, 0x80, 0x80, 0x80, 0x80, 0x80, 0x80, 0x80, 
	0x80, 0x80, 0x80, 0x81, 0x80, 0x80, 0x80, 0x80, 0x80, 0x7F, 0x80, 0x80, 0x80, 0x7F, 0x81, 0x80, 
	0x80, 0x80, 0x80, 0x80, 0x80, 0x7F, 0x80, 0x7F, 0x81, 0x80, 0x80, 0x81, 0x80, 0x80, 0x80, 0x80, 
	0x7F, 0x80, 0x80, 0x80, 0x80, 0x80, 0x80, 0x81, 0x80, 0x80, 0x80, 0x80, 0x80, 0x80, 0x80, 0x80, 
	0x80, 0x81, 0x80, 0x80, 0x80, 0x81, 0x80, 0x80, 0x80, 0x80, 0x80, 0x80, 0x80, 0x80, 0x80, 0x80, 
	0x80, 0x80, 0x80, 0x80, 0x80, 0x80, 0x80, 0x7F, 0x80, 0x7F, 0x80, 0x80, 0x80, 0x80, 0x80, 0x7F, 
	0x80, 0x80, 0x80, 0x80, 0x80, 0x80, 0x80, 0x80, 0x81, 0x80, 0x7F, 0x80, 0x80, 0x80, 0x80, 0x80, 
	0x81, 0x80, 0x7F, 0x80, 0x7F, 0x80, 0x7F, 0x80, 0x80, 0x80, 0x80, 0x7F, 0x80, 0x80, 0x80, 0x80, 
	0x80, 0x7F, 0x7F, 0x80, 0x80, 0x80, 0x80, 0x80, 0x81, 0x80, 0x80, 0x80, 0x80, 0x80, 0x80, 0x7F, 
	0x80, 0x80, 0x80, 0x80, 0x80, 0x80, 0x80, 0x80, 0x80, 0x80, 0x80, 0x7F, 0x7F, 0x81, 0x80, 0x80, 
	0x80, 0x80, 0x80, 0x80, 0x80, 0x80, 0x7F, 0x80, 0x7F, 0x80, 0x80, 0x80, 0x7F, 0x80, 0x80, 0x80, 
	0x80, 0x81, 0x80, 0x80, 0x80, 0x81, 0x80, 0x80, 0x80, 0x80, 0x80, 0x80, 0x80, 0x80, 0x80, 0x7F, 
	0x80, 0x7F, 0x7F, 0x80, 0x80, 0x80, 0x80, 0x80, 0x80, 0x80, 0x80, 0x80, 0x80, 0x80, 0x7F, 0x80, 
	0x7F, 0x80, 0x80, 0x80, 0x80, 0x80, 0x7F, 0x80, 0x80, 0x7F, 0x80, 0x80, 0x80, 0x80, 0x7F, 0x80, 
	0x80, 0x7F, 0x80, 0x80, 0x80, 0x80, 0x80, 0x7F, 0x80, 0x80, 0x81, 0x80, 0x80, 0x80, 0x80, 0x81, 
	0x7F, 0x80, 0x80, 0x80, 0x80, 0x81, 0x80, 0x80, 0x80, 0x80, 0x80, 0x80, 0x80, 0x80, 0x80, 0x81, 
	0x80, 0x80, 0x80, 0x80, 0x80, 0x80, 0x80, 0x80, 0x80, 0x80, 0x7F, 0x80, 0x81, 0x80, 0x80, 0x80, 
	0x80, 0x81, 0x80, 0x80, 0x81, 0x80, 0x80, 0x80, 0x81, 0x81, 0x81, 0x81, 0x80, 0x81, 0x80, 0x80, 
	0x80, 0x81, 0x80, 0x80, 0x80, 0x80, 0x80, 0x80, 0x80, 0x7F, 0x81, 0x80, 0x80, 0x80, 0x80, 0x81, 
	0x80, 0x80, 0x80, 0x80, 0x81, 0x7F, 0x7F, 0x80, 0x7F, 0x7F, 0x80, 0x80, 0x7F, 0x7F, 0x80, 0x80, 
	0x80, 0x80, 0x7F, 0x80, 0x80, 0x80, 0x81, 0x80, 0x7F, 0x80, 0x80, 0x80, 0x80, 0x80, 0x80, 0x80, 
	0x80, 0x80, 0x80, 0x80, 0x80, 0x80, 0x80, 0x80, 0x7F, 0x80, 0x80, 0x7F, 0x80, 0x80, 0x7F, 0x80, 
	0x80, 0x80, 0x80, 0x80, 0x80, 0x7F, 0x80, 0x80, 0x80, 0x81, 0x80, 0x80, 0x80, 0x80, 0x80, 0x80, 
	0x80, 0x7F, 0x80, 0x81, 0x80, 0x80, 0x80, 0x80, 0x80, 0x80, 0x80, 0x80, 0x80, 0x80, 0x80, 0x80, 
	0x81, 0x80, 0x80, 0x80, 0x80, 0x7F, 0x80, 0x80, 0x80, 0x80, 0x80, 0x80, 0x80, 0x7F, 0x80, 0x80, 
	0x80, 0x80, 0x80, 0x80, 0x80, 0x7F, 0x81, 0x81, 0x80, 0x7F, 0x7F, 0x7F, 0x81, 0x80, 0x80, 0x80, 
	0x80, 0x7F, 0x81, 0x80, 0x80, 0x81, 0x81, 0x7F, 0x80, 0x80, 0x80, 0x80, 0x80, 0x80, 0x7F, 0x80, 
	0x80, 0x7F, 0x80, 0x80, 0x80, 0x80, 0x80, 0x80, 0x81, 0x80, 0x7F, 0x80, 0x80, 0x80, 0x80, 0x80, 
	0x7F, 0x80, 0x80, 0x7F, 0x80, 0x80, 0x80, 0x80, 0x7F, 0x80, 0x80, 0x80, 0x80, 0x7F, 0x81, 0x80, 
	0x80, 0x80, 0x81, 0x80, 0x80, 0x80, 0x80, 0x80, 0x80, 0x80, 0x80, 0x81, 0x80, 0x80, 0x7F, 0x80, 
	0x80, 0x80, 0x80, 0x80, 0x80, 0x80, 0x80, 0x80, 0x80, 0x80, 0x80, 0x80, 0x80, 0x81, 0x7F, 0x80, 
	0x80, 0x7F, 0x80, 0x80, 0x80, 0x7F, 0x80, 0x80, 0x7F, 0x80, 0x80, 0x80, 0x80, 0x80, 0x80, 0x80, 
	0x80, 0x80, 0x80, 0x80, 0x80, 0x80, 0x80, 0x80, 0x80, 0x80, 0x7F, 0x80, 0x7F, 0x80, 0x80, 0x80, 
	0x80, 0x80, 0x80, 0x80, 0x80, 0x80, 0x81, 0x80, 0x80, 0x80, 0x80, 0x81, 0x80, 0x7F, 0x80, 0x80, 
	0x80, 0x81, 0x80, 0x80, 0x80, 0x80, 0x7F, 0x80, 0x80, 0x80, 0x80, 0x80, 0x80, 0x80, 0x7F, 0x80, 
	0x80, 0x80, 0x80, 0x80, 0x7F, 0x80, 0x80, 0x80, 0x80, 0x80, 0x80, 0x80, 0x80, 0x80, 0x80, 0x80, 
	0x7F, 0x80, 0x80, 0x80, 0x80, 0x7F, 0x80, 0x7F, 0x81, 0x7F, 0x80, 0x80, 0x81, 0x80, 0x7F, 0x80, 
	0x80, 0x80, 0x7F, 0x80, 0x80, 0x80, 0x81, 0x80, 0x80, 0x81, 0x80, 0x80, 0x80, 0x80, 0x80, 0x81, 
	0x7F, 0x80, 0x81, 0x80, 0x80, 0x80, 0x80, 0x80, 0x81, 0x80, 0x80, 0x80, 0x81, 0x80, 0x80, 0x80, 
	0x80, 0x80, 0x80, 0x80, 0x80, 0x81, 0x7F, 0x7F, 0x80, 0x80, 0x80, 0x80, 0x81, 0x80, 0x80, 0x80, 
	0x80, 0x80, 0x80, 0x80, 0x80, 0x80, 0x80, 0x80, 0x80, 0x7F, 0x7F, 0x80, 0x80, 0x80, 0x80, 0x80, 
	0x7F, 0x80, 0x80, 0x80, 0x80, 0x80, 0x80, 0x80, 0x80, 0x81, 0x80, 0x80, 0x80, 0x80, 0x80, 0x80, 
	0x80, 0x80, 0x80, 0x81, 0x80, 0x80, 0x81, 0x80, 0x80, 0x80, 0x80, 0x80, 0x80, 0x80, 0x81, 0x80, 
	0x80, 0x80, 0x80, 0x80, 0x81, 0x80, 0x80, 0x80, 0x80, 0x80, 0x7F, 0x7F, 0x80, 0x80, 0x80, 0x80, 
	0x80, 0x80, 0x80, 0x80, 0x80, 0x80, 0x80, 0x80, 0x81, 0x80, 0x80, 0x7F, 0x7F, 0x80, 0x80, 0x80, 
	0x80, 0x7F, 0x80, 0x80, 0x80, 0x80, 0x7F, 0x80, 0x7F, 0x80, 0x80, 0x80, 0x80, 0x80, 0x80, 0x80, 
	0x80, 0x80, 0x80, 0x80, 0x80, 0x80, 0x80, 0x80, 0x80, 0x80, 0x80, 0x80, 0x80, 0x81, 0x81, 0x80, 
	0x7F, 0x80, 0x80, 0x7F, 0x80, 0x80, 0x80, 0x80, 0x80, 0x80, 0x80, 0x80, 0x80, 0x80, 0x80, 0x80, 
	0x80, 0x80, 0x80, 0x80, 0x80, 0x81, 0x80, 0x80, 0x80, 0x80, 0x80, 0x81, 0x80, 0x7F, 0x81, 0x80, 
	0x80, 0x80, 0x81, 0x80, 0x80, 0x80, 0x80, 0x80, 0x80, 0x80, 0x80, 0x80, 0x80, 0x80, 0x81, 0x80, 
	0x80, 0x80, 0x80, 0x80, 0x80, 0x80, 0x80, 0x80, 0x80, 0x80, 0x7F, 0x80, 0x80, 0x80, 0x80, 0x7F, 
	0x7F, 0x80, 0x80, 0x80, 0x80, 0x80, 0x80, 0x80, 0x80, 0x80, 0x80, 0x80, 0x80, 0x80, 0x80, 0x80, 
	0x80, 0x80, 0x80, 0x80, 0x80, 0x80, 0x81, 0x80, 0x81, 0x80, 0x81, 0x80, 0x80, 0x80, 0x80, 0x80, 
	0x80, 0x80, 0x80, 0x80, 0x80, 0x7F, 0x80, 0x7F, 0x80, 0x80, 0x80, 0x81, 0x80, 0x80, 0x80, 0x80, 
	0x80, 0x81, 0x80, 0x7F, 0x80, 0x80, 0x80, 0x80, 0x80, 0x80, 0x80, 0x80, 0x80, 0x80, 0x80, 0x7F, 
	0x80, 0x80, 0x80, 0x80, 0x80, 0x80, 0x80, 0x80, 0x80, 0x80, 0x80, 0x80, 0x80, 0x80, 0x80, 0x80, 
	0x80, 0x7F, 0x80, 0x80, 0x80, 0x80, 0x80, 0x80, 0x80, 0x80, 0x80, 0x80, 0x80, 0x80, 0x7F, 0x80, 
	0x7F, 0x80, 0x7F, 0x80, 0x7F, 0x80, 0x80, 0x80, 0x80, 0x80, 0x80, 0x80, 0x80, 0x81, 0x80, 0x80, 
	0x80, 0x80, 0x80, 0x80, 0x80, 0x80, 0x80, 0x80, 0x80, 0x80, 0x80, 0x80, 0x80, 0x80, 0x7F, 0x81, 
	0x80, 0x80, 0x80, 0x80, 0x80, 0x80, 0x80, 0x80, 0x80, 0x80, 0x80, 0x80, 0x80, 0x80, 0x81, 0x80, 
	0x80, 0x80, 0x80, 0x80, 0x80, 0x80, 0x80, 0x80, 0x80, 0x80, 0x7F, 0x80, 0x80, 0x80, 0x7F, 0x81, 
	0x80, 0x81, 0x80, 0x80, 0x7F, 0x7F, 0x80, 0x80, 0x80, 0x80, 0x80, 0x7F, 0x80, 0x80, 0x80, 0x80, 
	0x80, 0x80, 0x80, 0x80, 0x81, 0x80, 0x80, 0x80, 0x80, 0x80, 0x80, 0x80, 0x80, 0x80, 0x80, 0x80, 
	0x80, 0x81, 0x80, 0x80, 0x80, 0x80, 0x80, 0x80, 0x80, 0x7F, 0x80, 0x80, 0x80, 0x80, 0x7F, 0x80, 
	0x80, 0x80, 0x80, 0x80, 0x80, 0x80, 0x80, 0x80, 0x80, 0x80, 0x80, 0x80, 0x80, 0x80, 0x7F, 0x80, 
	0x80, 0x80, 0x80, 0x80, 0x81, 0x80, 0x80, 0x80, 0x81, 0x7F, 0x7F, 0x80, 0x80, 0x80, 0x7F, 0x81, 
	0x80, 0x80, 0x80, 0x80, 0x7F, 0x80, 0x80, 0x80, 0x80, 0x80, 0x80, 0x80, 0x80, 0x80, 0x80, 0x80, 
	0x80, 0x80, 0x80, 0x7F, 0x80, 0x81, 0x80, 0x80, 0x80, 0x80, 0x80, 0x80, 0x7F, 0x7F, 0x80, 0x80, 
	0x80, 0x80, 0x80, 0x80, 0x80, 0x80, 0x81, 0x80, 0x80, 0x81, 0x80, 0x80, 0x80, 0x81, 0x80, 0x80, 
	0x80, 0x80, 0x80, 0x80, 0x80, 0x80, 0x80, 0x80, 0x80, 0x81, 0x7F, 0x80, 0x80, 0x80, 0x80, 0x80, 
	0x80, 0x80, 0x80, 0x80, 0x7F, 0x7F, 0x80, 0x80, 0x80, 0x80, 0x80, 0x7F, 0x80, 0x7F, 0x80, 0x80, 
	0x80, 0x81, 0x7F, 0x80, 0x81, 0x80, 0x80, 0x7F, 0x80, 0x80, 0x81, 0x80, 0x80, 0x80, 0x80, 0x80, 
	0x7F, 0x80, 0x80, 0x80, 0x80, 0x80, 0x80, 0x80, 0x80, 0x80, 0x7F, 0x7F, 0x80, 0x80, 0x80, 0x80, 
	0x80, 0x80, 0x80, 0x80, 0x80, 0x81, 0x80, 0x80, 0x80, 0x80, 0x80, 0x81, 0x80, 0x7F, 0x80, 0x80, 
	0x80, 0x81, 0x80, 0x80, 0x7F, 0x80, 0x80, 0x80, 0x80, 0x80, 0x7F, 0x80, 0x80, 0x7F, 0x80, 0x80, 
	0x80, 0x80, 0x81, 0x80, 0x80, 0x81, 0x80, 0x80, 0x80, 0x80, 0x80, 0x80, 0x80, 0x7F, 0x80, 0x80, 
	0x80, 0x80, 0x80, 0x80, 0x80, 0x80, 0x80, 0x80, 0x80, 0x80, 0x80, 0x80, 0x7F, 0x80, 0x7F, 0x80, 
	0x81, 0x81, 0x80, 0x80, 0x80, 0x81, 0x80, 0x80, 0x80, 0x80, 0x80, 0x7F, 0x80, 0x80, 0x80, 0x80, 
	0x80, 0x7F, 0x80, 0x80, 0x80, 0x80, 0x80, 0x80, 0x81, 0x80, 0x80, 0x80, 0x80, 0x80, 0x80, 0x80, 
	0x80, 0x80, 0x80, 0x80, 0x80, 0x80, 0x80, 0x80, 0x80, 0x80, 0x81, 0x80, 0x80, 0x80, 0x80, 0x80, 
	0x7F, 0x80, 0x80, 0x80, 0x7F, 0x80, 0x80, 0x80, 0x80, 0x80, 0x80, 0x80, 0x80, 0x80, 0x80, 0x80, 
	0x81, 0x7F, 0x80, 0x80, 0x80, 0x7F, 0x80, 0x80, 0x80, 0x80, 0x80, 0x7F, 0x80, 0x80, 0x80, 0x80, 
	0x80, 0x80, 0x80, 0x80, 0x80, 0x80, 0x80, 0x80, 0x80, 0x7F, 0x80, 0x80, 0x81, 0x80, 0x7F, 0x80, 
	0x80, 0x80, 0x80, 0x7F, 0x80, 0x80, 0x80, 0x80, 0x80, 0x80, 0x80, 0x80, 0x80, 0x80, 0x80, 0x80, 
	0x80, 0x80, 0x80, 0x80, 0x80, 0x7F, 0x81, 0x81, 0x80, 0x80, 0x80, 0x80, 0x80, 0x80, 0x80, 0x80, 
	0x80, 0x7F, 0x80, 0x80, 0x80, 0x80, 0x7F, 0x80, 0x80, 0x80, 0x80, 0x80, 0x7F, 0x80, 0x80, 0x80, 
	0x80, 0x81, 0x80, 0x80, 0x7F, 0x80, 0x80, 0x80, 0x80, 0x80, 0x80, 0x7F, 0x7F, 0x80, 0x80, 0x81, 
	0x7F, 0x80, 0x7F, 0x80, 0x80, 0x80, 0x80, 0x80, 0x7F, 0x7F, 0x80, 0x81, 0x80, 0x80, 0x7F, 0x80, 
	0x80, 0x80, 0x7F, 0x80, 0x80, 0x80, 0x80, 0x81, 0x80, 0x81, 0x80, 0x80, 0x80, 0x80, 0x80, 0x80, 
	0x80, 0x80, 0x80, 0x80, 0x81, 0x7F, 0x80, 0x81, 0x80, 0x80, 0x7F, 0x80, 0x80, 0x80, 0x80, 0x80, 
	0x80, 0x81, 0x80, 0x80, 0x80, 0x7F, 0x80, 0x80, 0x80, 0x80, 0x80, 0x81, 0x80, 0x80, 0x80, 0x80, 
	0x80, 0x80, 0x80, 0x80, 0x80, 0x81, 0x80, 0x80, 0x80, 0x80, 0x80, 0x80, 0x80, 0x80, 0x7F, 0x80, 
	0x80, 0x80, 0x80, 0x80, 0x80, 0x80, 0x81, 0x80, 0x7F, 0x80, 0x80, 0x80, 0x7F, 0x81, 0x80, 0x80, 
	0x81, 0x80, 0x80, 0x80, 0x80, 0x80, 0x80, 0x7F, 0x7F, 0x80, 0x81, 0x80, 0x80, 0x81, 0x80, 0x81, 
	0x80, 0x80, 0x80, 0x80, 0x80, 0x80, 0x80, 0x80, 0x80, 0x80, 0x80, 0x81, 0x80, 0x80, 0x80, 0x80, 
	0x80, 0x80, 0x80, 0x80, 0x80, 0x7F, 0x80, 0x80, 0x80, 0x80, 0x80, 0x80, 0x80, 0x80, 0x81, 0x80, 
	0x80, 0x80, 0x80, 0x80, 0x80, 0x80, 0x80, 0x80, 0x80, 0x7F, 0x80, 0x80, 0x7F, 0x80, 0x80, 0x80, 
	0x81, 0x80, 0x80, 0x80, 0x80, 0x80, 0x80, 0x7F, 0x80, 0x80, 0x80, 0x80, 0x7F, 0x80, 0x7F, 0x80, 
	0x80, 0x80, 0x81, 0x80, 0x7F, 0x80, 0x7F, 0x80, 0x80, 0x80, 0x80, 0x81, 0x7F, 0x7F, 0x80, 0x80, 
	0x80, 0x80, 0x80, 0x81, 0x80, 0x80, 0x80, 0x81, 0x80, 0x80, 0x80, 0x80, 0x80, 0x80, 0x80, 0x80, 
	0x80, 0x81, 0x80, 0x80, 0x80, 0x80, 0x80, 0x80, 0x80, 0x80, 0x81, 0x80, 0x80, 0x80, 0x81, 0x80, 
	0x80, 0x7F, 0x80, 0x80, 0x80, 0x80, 0x80, 0x80, 0x80, 0x80, 0x7F, 0x80, 0x80, 0x80, 0x80, 0x80, 
	0x7F, 0x80, 0x80, 0x80, 0x80, 0x80, 0x80, 0x80, 0x80, 0x81, 0x80, 0x80, 0x80, 0x80, 0x7F, 0x80, 
	0x80, 0x7F, 0x80, 0x80, 0x80, 0x80, 0x80, 0x80, 0x80, 0x7F, 0x80, 0x80, 0x80, 0x80, 0x81, 0x80, 
	0x80, 0x80, 0x80, 0x80, 0x80, 0x80, 0x80, 0x7F, 0x80, 0x7F, 0x80, 0x80, 0x80, 0x80, 0x80, 0x80, 
	0x80, 0x80, 0x80, 0x80, 0x80, 0x81, 0x7F, 0x80, 0x80, 0x81, 0x80, 0x7F, 0x81, 0x80, 0x80, 0x80, 
	0x80, 0x80, 0x80, 0x7F, 0x81, 0x7F, 0x80, 0x80, 0x81, 0x80, 0x80, 0x80, 0x80, 0x80, 0x80, 0x81, 
	0x81, 0x80, 0x80, 0x80, 0x80, 0x80, 0x80, 0x7F, 0x80, 0x81, 0x80, 0x80, 0x80, 0x80, 0x80, 0x7F, 
	0x80, 0x80, 0x80, 0x7F, 0x80, 0x80, 0x80, 0x80, 0x7F, 0x80, 0x80, 0x80, 0x80, 0x80, 0x81, 0x80, 
	0x7F, 0x80, 0x80, 0x80, 0x80, 0x80, 0x80, 0x80, 0x81, 0x80, 0x80, 0x80, 0x80, 0x80, 0x7F, 0x80, 
	0x80, 0x81, 0x80, 0x80, 0x80, 0x80, 0x80, 0x80, 0x80, 0x80, 0x80, 0x80, 0x80, 0x80, 0x80, 0x81, 
	0x80, 0x80, 0x80, 0x80, 0x80, 0x80, 0x80, 0x80, 0x80, 0x81, 0x80, 0x80, 0x80, 0x80, 0x80, 0x80, 
	0x80, 0x81, 0x80, 0x81, 0x7F, 0x80, 0x7F, 0x80, 0x80, 0x80, 0x80, 0x80, 0x80, 0x80, 0x80, 0x81, 
	0x7F, 0x80, 0x80, 0x80, 0x80, 0x80, 0x80, 0x80, 0x80, 0x80, 0x81, 0x80, 0x81, 0x80, 0x80, 0x80, 
	0x80, 0x80, 0x7F, 0x7F, 0x80, 0x7F, 0x80, 0x80, 0x81, 0x80, 0x80, 0x81, 0x80, 0x80, 0x80, 0x80, 
	0x80, 0x80, 0x81, 0x80, 0x80, 0x80, 0x80, 0x80, 0x80, 0x80, 0x80, 0x80, 0x80, 0x80, 0x80, 0x81, 
	0x80, 0x80, 0x80, 0x80, 0x80, 0x80, 0x80, 0x80, 0x80, 0x80, 0x80, 0x80, 0x80, 0x7F, 0x80, 0x80, 
	0x80, 0x80, 0x80, 0x80, 0x81, 0x80, 0x7F, 0x80, 0x80, 0x81, 0x80, 0x80, 0x80, 0x80, 0x80, 0x80, 
	0x80, 0x80, 0x7F, 0x81, 0x80, 0x80, 0x80, 0x80, 0x80, 0x80, 0x80, 0x7F, 0x80, 0x80, 0x80, 0x80, 
	0x80, 0x80, 0x80, 0x80, 0x80, 0x7F, 0x80, 0x81, 0x80, 0x80, 0x80, 0x7F, 0x80, 0x80, 0x80, 0x7F, 
	0x80, 0x81, 0x80, 0x80, 0x80, 0x80, 0x81, 0x80, 0x80, 0x80, 0x80, 0x7F, 0x80, 0x7F, 0x80, 0x80, 
	0x7F, 0x80, 0x81, 0x80, 0x80, 0x80, 0x81, 0x80, 0x80, 0x80, 0x80, 0x80, 0x7F, 0x80, 0x80, 0x80, 
	0x80, 0x7F, 0x81, 0x80, 0x81, 0x80, 0x80, 0x80, 0x80, 0x7F, 0x80, 0x80, 0x80, 0x80, 0x81, 0x80, 
	0x80, 0x80, 0x81, 0x80, 0x80, 0x80, 0x80, 0x80, 0x81, 0x80, 0x80, 0x80, 0x80, 0x80, 0x7F, 0x80, 
	0x80, 0x80, 0x80, 0x7F, 0x7F, 0x7F, 0x81, 0x80, 0x80, 0x80, 0x7F, 0x80, 0x81, 0x80, 0x80, 0x7F, 
	0x80, 0x7F, 0x80, 0x7F, 0x80, 0x80, 0x80, 0x80, 0x80, 0x80, 0x80, 0x7F, 0x80, 0x80, 0x81, 0x7F, 
	0x81, 0x80, 0x81, 0x80, 0x81, 0x80, 0x80, 0x80, 0x80, 0x7F, 0x80, 0x7F, 0x80, 0x7F, 0x7F, 0x80, 
	0x80, 0x80, 0x80, 0x80, 0x80, 0x80, 0x80, 0x80, 0x80, 0x80, 0x80, 0x80, 0x80, 0x80, 0x80, 0x80, 
	0x81, 0x80, 0x81, 0x80, 0x80, 0x80, 0x80, 0x80, 0x80, 0x80, 0x81, 0x7F, 0x80, 0x80, 0x81, 0x80, 
	0x80, 0x7F, 0x80, 0x80, 0x81, 0x80, 0x80, 0x7F, 0x81, 0x7F, 0x80, 0x7F, 0x81, 0x80, 0x80, 0x80, 
	0x80, 0x7F, 0x81, 0x80, 0x81, 0x7F, 0x80, 0x80, 0x80, 0x7F, 0x81, 0x80, 0x80, 0x7F, 0x80, 0x80, 
	0x80, 0x7F, 0x81, 0x7F, 0x80, 0x80, 0x80, 0x80, 0x80, 0x80, 0x80, 0x7F, 0x80, 0x80, 0x81, 0x80, 
	0x80, 0x7F, 0x81, 0x80, 0x81, 0x80, 0x80, 0x7F, 0x80, 0x80, 0x80, 0x80, 0x80, 0x80, 0x80, 0x80, 
	0x81, 0x80, 0x80, 0x80, 0x81, 0x80, 0x80, 0x80, 0x80, 0x81, 0x80, 0x7F, 0x80, 0x80, 0x81, 0x80, 
	0x80, 0x80, 0x80, 0x7F, 0x80, 0x81, 0x81, 0x80, 0x80, 0x80, 0x80, 0x7F, 0x81, 0x80, 0x80, 0x80, 
	0x80, 0x80, 0x80, 0x80, 0x80, 0x7F, 0x80, 0x7F, 0x81, 0x7F, 0x80, 0x7F, 0x81, 0x7F, 0x81, 0x80, 
	0x81, 0x80, 0x80, 0x80, 0x80, 0x80, 0x80, 0x80, 0x80, 0x7F, 0x81, 0x7F, 0x81, 0x80, 0x80, 0x80, 
	0x81, 0x80, 0x80, 0x7F, 0x80, 0x7F, 0x80, 0x7F, 0x80, 0x7F, 0x81, 0x80, 0x80, 0x7F, 0x80, 0x7F, 
	0x81, 0x7F, 0x81, 0x80, 0x80, 0x80, 0x80, 0x80, 0x81, 0x80, 0x80, 0x7F, 0x81, 0x80, 0x81, 0x7F, 
	0x80, 0x80, 0x81, 0x80, 0x80, 0x80, 0x80, 0x7F, 0x81, 0x80, 0x81, 0x80, 0x81, 0x7F, 0x80, 0x7F, 
	0x81, 0x80, 0x81, 0x80, 0x81, 0x7F, 0x81, 0x7F, 0x81, 0x80, 0x82, 0x7F, 0x81, 0x7F, 0x81, 0x7F, 
	0x81, 0x7E, 0x80, 0x7F, 0x81, 0x7F, 0x81, 0x7F, 0x81, 0x7F, 0x81, 0x80, 0x81, 0x7F, 0x81, 0x7F, 
	0x81, 0x7F, 0x81, 0x7F, 0x81, 0x7F, 0x81, 0x7F, 0x81, 0x7F, 0x81, 0x7F, 0x81, 0x7F, 0x81, 0x7F, 
	0x81, 0x7F, 0x81, 0x7E, 0x82, 0x7F, 0x81, 0x7E, 0x82, 0x7F, 0x81, 0x7F, 0x80, 0x7E, 0x81, 0x7E, 
	0x81, 0x7D, 0x81, 0x7E, 0x82, 0x7F, 0x81, 0x7E, 0x81, 0x7E, 0x82, 0x7E, 0x82, 0x7E, 0x81, 0x7E, 
	0x81, 0x7E, 0x82, 0x7E, 0x81, 0x7E, 0x82, 0x7E, 0x81, 0x7E, 0x83, 0x7E, 0x82, 0x7E, 0x82, 0x7E, 
	0x82, 0x7E, 0x82, 0x7E, 0x82, 0x7E, 0x82, 0x7E, 0x82, 0x7E, 0x82, 0x7E, 0x81, 0x80, 0x81, 0x80, 
	0x81, 0x80, 0x80, 0x80, 0x7F, 0x81, 0x7E, 0x83, 0x7E, 0x82, 0x7D, 0x84, 0x7B, 0x85, 0x7B, 0x85, 
	0x7B, 0x86, 0x7A, 0x87, 0x78, 0x88, 0x78, 0x88, 0x77, 0x88, 0x77, 0x8A, 0x77, 0x89, 0x77, 0x89, 
	0x77, 0x89, 0x78, 0x88, 0x78, 0x88, 0x78, 0x87, 0x79, 0x86, 0x79, 0x85, 0x7B, 0x85, 0x7C, 0x84, 
	0x7D, 0x83, 0x7D, 0x82, 0x7D, 0x82, 0x7F, 0x81, 0x7F, 0x80, 0x7F, 0x81, 0x80, 0x80, 0x81, 0x7E, 
	0x80, 0x80, 0x81, 0x7F, 0x81, 0x7F, 0x80, 0x80, 0x80, 0x80, 0x80, 0x81, 0x7F, 0x81, 0x7F, 0x81, 
	0x7F, 0x82, 0x7E, 0x82, 0x7D, 0x83, 0x7D, 0x83, 0x7D, 0x84, 0x7B, 0x83, 0x7D, 0x84, 0x7C, 0x84, 
	0x7C, 0x84, 0x7B, 0x84, 0x7C, 0x83, 0x7C, 0x84, 0x7C, 0x84, 0x7C, 0x84, 0x7C, 0x84, 0x7C, 0x83, 
	0x7D, 0x84, 0x7D, 0x83, 0x7E, 0x82, 0x7D, 0x83, 0x7D, 0x82, 0x7E, 0x82, 0x7E, 0x82, 0x7F, 0x83, 
	0x7E, 0x81, 0x7F, 0x82, 0x7F, 0x82, 0x7E, 0x81, 0x7F, 0x81, 0x7E, 0x82, 0x7E, 0x80, 0x7E, 0x82, 
	0x7F, 0x81, 0x7F, 0x81, 0x7E, 0x81, 0x7F, 0x81, 0x7F, 0x82, 0x7F, 0x81, 0x80, 0x81, 0x7F, 0x81, 
	0x7F, 0x81, 0x7F, 0x81, 0x80, 0x80, 0x7F, 0x80, 0x7F, 0x80, 0x80, 0x80, 0x7F, 0x80, 0x80, 0x7F, 
	0x80, 0x7F, 0x80, 0x7F, 0x81, 0x7F, 0x81, 0x7F, 0x80, 0x7F, 0x81, 0x7F, 0x81, 0x7F, 0x81, 0x7F, 
	0x81, 0x7F, 0x81, 0x7F, 0x81, 0x7F, 0x81, 0x7F, 0x81, 0x7E, 0x80, 0x80, 0x82, 0x7F, 0x81, 0x7F, 
	0x81, 0x7F, 0x80, 0x7F, 0x80, 0x7F, 0x81, 0x7F, 0x80, 0x7F, 0x80, 0x80, 0x80, 0x80, 0x80, 0x80, 
	0x7F, 0x81, 0x80, 0x80, 0x80, 0x80, 0x7F, 0x81, 0x80, 0x80, 0x80, 0x7F, 0x7F, 0x7F, 0x81, 0x80, 
	0x80, 0x7F, 0x82, 0x7F, 0x81, 0x80, 0x81, 0x7F, 0x81, 0x7F, 0x81, 0x7E, 0x81, 0x7F, 0x82, 0x7F, 
	0x81, 0x7F, 0x82, 0x7F, 0x81, 0x7F, 0x81, 0x7E, 0x82, 0x7F, 0x81, 0x7F, 0x81, 0x7F, 0x80, 0x80, 
	0x80, 0x80, 0x80, 0x80, 0x80, 0x81, 0x7F, 0x80, 0x7F, 0x80, 0x7F, 0x81, 0x7F, 0x80, 0x80, 0x81, 
	0x7F, 0x81, 0x7F, 0x81, 0x7F, 0x81, 0x80, 0x80, 0x80, 0x81, 0x7F, 0x81, 0x7F, 0x81, 0x80, 0x81, 
	0x7E, 0x81, 0x7F, 0x81, 0x7F, 0x82, 0x7E, 0x80, 0x7E, 0x82, 0x7E, 0x82, 0x7E, 0x83, 0x7E, 0x82, 
	0x7D, 0x83, 0x7D, 0x83, 0x7D, 0x83, 0x7C, 0x83, 0x7C, 0x83, 0x7D, 0x83, 0x7D, 0x83, 0x7D, 0x83, 
	0x7E, 0x83, 0x7C, 0x84, 0x7D, 0x83, 0x7E, 0x81, 0x7E, 0x81, 0x7E, 0x81, 0x7E, 0x82, 0x7E, 0x82, 
	0x7E, 0x81, 0x7F, 0x81, 0x7F, 0x81, 0x80, 0x81, 0x80, 0x80, 0x80, 0x80, 0x80, 0x80, 0x80, 0x81, 
	0x7F, 0x80, 0x80, 0x80, 0x81, 0x80, 0x82, 0x7F, 0x81, 0x7F, 0x81, 0x80, 0x81, 0x80, 0x80, 0x80, 
	0x80, 0x7F, 0x81, 0x7E, 0x80, 0x7F, 0x81, 0x80, 0x81, 0x80, 0x7F, 0x80, 0x80, 0x80, 0x80, 0x80, 
	0x80, 0x80, 0x80, 0x80, 0x81, 0x80, 0x81, 0x80, 0x80, 0x80, 0x80, 0x80, 0x80, 0x81, 0x7F, 0x80, 
	0x80, 0x80, 0x81, 0x7F, 0x80, 0x7F, 0x80, 0x80, 0x7F, 0x81, 0x80, 0x81, 0x7F, 0x81, 0x7F, 0x81, 
	0x7F, 0x81, 0x7F, 0x80, 0x80, 0x80, 0x80, 0x80, 0x80, 0x82, 0x7F, 0x82, 0x7D, 0x82, 0x7E, 0x82, 
	0x7F, 0x80, 0x80, 0x7F, 0x83, 0x7E, 0x82, 0x7D, 0x82, 0x7F, 0x80, 0x81, 0x7F, 0x81, 0x7E, 0x81, 
	0x7F, 0x80, 0x81, 0x7F, 0x80, 0x80, 0x7F, 0x81, 0x7F, 0x81, 0x7E, 0x81, 0x80, 0x7E, 0x83, 0x7C, 
	0x85, 0x7A, 0x85, 0x7B, 0x83, 0x7E, 0x81, 0x81, 0x7E, 0x84, 0x7B, 0x84, 0x7C, 0x85, 0x7C, 0x83, 
	0x7F, 0x80, 0x80, 0x80, 0x81, 0x81, 0x7F, 0x81, 0x7E, 0x81, 0x7F, 0x80, 0x7F, 0x80, 0x80, 0x80, 
	0x80, 0x80, 0x7F, 0x82, 0x7D, 0x83, 0x7C, 0x85, 0x7B, 0x84, 0x7C, 0x83, 0x7D, 0x83, 0x7D, 0x83, 
	0x7E, 0x82, 0x7E, 0x82, 0x7E, 0x82, 0x7C, 0x83, 0x7D, 0x84, 0x7C, 0x83, 0x7E, 0x81, 0x80, 0x7F, 
	0x81, 0x7E, 0x82, 0x7D, 0x82, 0x7E, 0x81, 0x80, 0x7E, 0x81, 0x7E, 0x82, 0x7F, 0x81, 0x80, 0x7F, 
	0x81, 0x7D, 0x84, 0x7C, 0x85, 0x7B, 0x84, 0x7B, 0x84, 0x7C, 0x86, 0x7A, 0x86, 0x7A, 0x86, 0x7A, 
	0x85, 0x7B, 0x83, 0x80, 0x7F, 0x82, 0x7C, 0x84, 0x7C, 0x84, 0x7D, 0x82, 0x7E, 0x81, 0x80, 0x7F, 
	0x81, 0x80, 0x7F, 0x81, 0x7F, 0x81, 0x7F, 0x81, 0x80, 0x80, 0x7E, 0x81, 0x7F, 0x80, 0x80, 0x80, 
	0x7F, 0x82, 0x7F, 0x80, 0x7F, 0x80, 0x7F, 0x81, 0x7F, 0x80, 0x80, 0x7F, 0x81, 0x80, 0x80, 0x7F, 
	0x81, 0x7F, 0x81, 0x7F, 0x81, 0x7E, 0x82, 0x7E, 0x82, 0x7E, 0x82, 0x7D, 0x83, 0x7D, 0x83, 0x7D, 
	0x82, 0x7E, 0x80, 0x80, 0x80, 0x81, 0x7F, 0x81, 0x7F, 0x80, 0x80, 0x7F, 0x82, 0x7D, 0x83, 0x7C, 
	0x83, 0x7D, 0x82, 0x7E, 0x80, 0x80, 0x80, 0x81, 0x80, 0x80, 0x80, 0x7F, 0x82, 0x7F, 0x81, 0x7F, 
	0x81, 0x80, 0x80, 0x80, 0x7F, 0x81, 0x80, 0x7F, 0x81, 0x7E, 0x82, 0x7D, 0x82, 0x7E, 0x81, 0x80, 
	0x80, 0x81, 0x7F, 0x81, 0x7E, 0x83, 0x7F, 0x80, 0x81, 0x7F, 0x82, 0x7D, 0x83, 0x7E, 0x82, 0x7E, 
	0x82, 0x7F, 0x80, 0x7F, 0x81, 0x7F, 0x81, 0x80, 0x81, 0x7F, 0x80, 0x7F, 0x80, 0x7F, 0x81, 0x7E, 
	0x82, 0x7E, 0x81, 0x7F, 0x81, 0x7F, 0x80, 0x7F, 0x81, 0x80, 0x80, 0x7F, 0x81, 0x7F, 0x82, 0x7F, 
	0x81, 0x7F, 0x81, 0x80, 0x80, 0x80, 0x80, 0x81, 0x81, 0x7F, 0x81, 0x7E, 0x81, 0x7E, 0x82, 0x7F, 
	0x81, 0x80, 0x80, 0x80, 0x7F, 0x82, 0x7F, 0x80, 0x80, 0x7F, 0x82, 0x7D, 0x82, 0x7D, 0x82, 0x7F, 
	0x81, 0x80, 0x80, 0x80, 0x80, 0x7F, 0x82, 0x7F, 0x81, 0x80, 0x80, 0x7F, 0x80, 0x81, 0x7E, 0x84, 
	0x7C, 0x84, 0x7C, 0x84, 0x7D, 0x83, 0x7E, 0x81, 0x7F, 0x81, 0x7E, 0x80, 0x7F, 0x80, 0x7F, 0x81, 
	0x7F, 0x82, 0x7F, 0x81, 0x80, 0x80, 0x7F, 0x81, 0x80, 0x81, 0x7F, 0x81, 0x7F, 0x80, 0x7F, 0x80, 
	0x80, 0x7F, 0x80, 0x7F, 0x80, 0x7F, 0x81, 0x7F, 0x80, 0x81, 0x7F, 0x7F, 0x80, 0x81, 0x7F, 0x82, 
	0x7F, 0x81, 0x7F, 0x82, 0x7F, 0x80, 0x80, 0x80, 0x80, 0x7E, 0x82, 0x7F, 0x81, 0x7F, 0x80, 0x7F, 
	0x81, 0x80, 0x7F, 0x81, 0x7F, 0x81, 0x7F, 0x81, 0x7E, 0x81, 0x80, 0x80, 0x81, 0x7F, 0x80, 0x7F, 
	0x82, 0x7D, 0x83, 0x7D, 0x82, 0x7E, 0x82, 0x7E, 0x82, 0x7F, 0x80, 0x80, 0x80, 0x80, 0x82, 0x7F, 
	0x80, 0x80, 0x81, 0x7F, 0x81, 0x7E, 0x80, 0x80, 0x81, 0x7F, 0x81, 0x7F, 0x80, 0x7F, 0x81, 0x7F, 
	0x80, 0x80, 0x7F, 0x81, 0x7F, 0x80, 0x81, 0x81, 0x7F, 0x81, 0x80, 0x7F, 0x82, 0x7F, 0x80, 0x81, 
	0x81, 0x7F, 0x81, 0x80, 0x7E, 0x82, 0x7E, 0x82, 0x7F, 0x81, 0x7F, 0x82, 0x7F, 0x82, 0x80, 0x7F, 
	0x81, 0x80, 0x7F, 0x80, 0x80, 0x7F, 0x82, 0x7F, 0x80, 0x80, 0x7F, 0x80, 0x7F, 0x81, 0x7F, 0x82, 
	0x80, 0x81, 0x7E, 0x83, 0x7E, 0x81, 0x81, 0x7F, 0x81, 0x80, 0x80, 0x80, 0x81, 0x7F, 0x82, 0x7F, 
	0x80, 0x82, 0x80, 0x7F, 0x80, 0x81, 0x7E, 0x82, 0x7E, 0x81, 0x80, 0x80, 0x7F, 0x80, 0x80, 0x7F, 
	0x80, 0x81, 0x7F, 0x81, 0x80, 0x81, 0x80, 0x7F, 0x80, 0x80, 0x7F, 0x7F, 0x82, 0x7E, 0x82, 0x7F, 
	0x80, 0x7F, 0x81, 0x80, 0x80, 0x80, 0x81, 0x7F, 0x81, 0x80, 0x81, 0x7F, 0x80, 0x7F, 0x80, 0x80, 
	0x80, 0x81, 0x80, 0x80, 0x81, 0x80, 0x81, 0x7F, 0x81, 0x80, 0x81, 0x7F, 0x80, 0x81, 0x7F, 0x81, 
	0x7E, 0x81, 0x7E, 0x82, 0x7E, 0x81, 0x7F, 0x81, 0x7F, 0x81, 0x7E, 0x82, 0x80, 0x82, 0x80, 0x80, 
	0x80, 0x80, 0x81, 0x80, 0x81, 0x7F, 0x80, 0x7F, 0x80, 0x80, 0x80, 0x7F, 0x80, 0x7F, 0x81, 0x7F, 
	0x81, 0x80, 0x81, 0x7E, 0x81, 0x7F, 0x81, 0x80, 0x7F, 0x80, 0x81, 0x7F, 0x80, 0x80, 0x80, 0x81, 
	0x80, 0x7F, 0x80, 0x80, 0x7F, 0x81, 0x80, 0x7F, 0x81, 0x80, 0x80, 0x81, 0x7F, 0x80, 0x81, 0x7F, 
	0x80, 0x81, 0x7F, 0x80, 0x81, 0x80, 0x80, 0x80, 0x80, 0x80, 0x81, 0x7F, 0x81, 0x7F, 0x80, 0x80, 
	0x81, 0x7E, 0x81, 0x7F, 0x81, 0x7F, 0x81, 0x80, 0x81, 0x80, 0x7F, 0x7F, 0x80, 0x80, 0x81, 0x80, 
	0x81, 0x80, 0x81, 0x7E, 0x80, 0x7F, 0x80, 0x80, 0x81, 0x80, 0x80, 0x7F, 0x7F, 0x80, 0x7F, 0x80, 
	0x81, 0x7F, 0x81, 0x7F, 0x7F, 0x7F, 0x80, 0x7F, 0x80, 0x80, 0x7F, 0x80, 0x81, 0x80, 0x81, 0x7F, 
	0x81, 0x80, 0x81, 0x7F, 0x82, 0x7F, 0x80, 0x80, 0x81, 0x7F, 0x81, 0x80, 0x81, 0x7F, 0x80, 0x80, 
	0x81, 0x7F, 0x80, 0x80, 0x7F, 0x81, 0x80, 0x80, 0x80, 0x7F, 0x80, 0x7F, 0x80, 0x7F, 0x81, 0x80, 
	0x81, 0x80, 0x81, 0x7F, 0x80, 0x7F, 0x80, 0x80, 0x80, 0x81, 0x7F, 0x81, 0x80, 0x80, 0x7F, 0x80, 
	0x80, 0x80, 0x81, 0x7F, 0x81, 0x7E, 0x81, 0x7F, 0x82, 0x7F, 0x81, 0x7F, 0x81, 0x80, 0x80, 0x80, 
	0x80, 0x80, 0x80, 0x80, 0x7F, 0x81, 0x80, 0x81, 0x80, 0x80, 0x81, 0x7F, 0x81, 0x7F, 0x81, 0x7F, 
	0x82, 0x7F, 0x81, 0x7F, 0x80, 0x80, 0x80, 0x80, 0x80, 0x80, 0x7F, 0x81, 0x7F, 0x81, 0x7F, 0x81, 
	0x7F, 0x80, 0x80, 0x81, 0x80, 0x80, 0x80, 0x81, 0x7F, 0x80, 0x80, 0x81, 0x80, 0x80, 0x7F, 0x81, 
	0x81, 0x80, 0x81, 0x80, 0x80, 0x7F, 0x80, 0x7F, 0x80, 0x80, 0x81, 0x7F, 0x80, 0x7E, 0x81, 0x7F, 
	0x81, 0x7F, 0x80, 0x80, 0x80, 0x80, 0x80, 0x80, 0x7F, 0x81, 0x7F, 0x80, 0x80, 0x80, 0x80, 0x80, 
	0x81, 0x80, 0x80, 0x80, 0x80, 0x7F, 0x80, 0x80, 0x80, 0x80, 0x7F, 0x80, 0x7F, 0x80, 0x7F, 0x80, 
	0x7F, 0x80, 0x80, 0x80, 0x80, 0x80, 0x80, 0x80, 0x81, 0x80, 0x81, 0x80, 0x80, 0x7F, 0x81, 0x7F, 
	0x81, 0x7F, 0x80, 0x80, 0x7F, 0x80, 0x80, 0x80, 0x80, 0x80, 0x80, 0x80, 0x80, 0x80, 0x81, 0x7F, 
	0x80, 0x7F, 0x80, 0x80, 0x81, 0x80, 0x80, 0x7F, 0x80, 0x80, 0x80, 0x7F, 0x81, 0x7F, 0x80, 0x80, 
	0x80, 0x80, 0x81, 0x7F, 0x80, 0x80, 0x80, 0x80, 0x81, 0x80, 0x80, 0x7F, 0x81, 0x80, 0x80, 0x7F, 
	0x81, 0x80, 0x80, 0x7F, 0x80, 0x80, 0x7F, 0x80, 0x80, 0x80, 0x80, 0x80, 0x80, 0x7F, 0x80, 0x7F, 
	0x81, 0x80, 0x81, 0x7F, 0x80, 0x7F, 0x81, 0x7F, 0x81, 0x7E, 0x81, 0x7F, 0x82, 0x7E, 0x81, 0x7F, 
	0x81, 0x7E, 0x81, 0x7F, 0x80, 0x80, 0x80, 0x7F, 0x80, 0x7F, 0x81, 0x7F, 0x80, 0x80, 0x80, 0x80, 
	0x80, 0x80, 0x81, 0x81, 0x80, 0x80, 0x80, 0x81, 0x81, 0x7F, 0x80, 0x80, 0x80, 0x80, 0x80, 0x7F, 
	0x81, 0x80, 0x81, 0x7F, 0x81, 0x7F, 0x80, 0x7F, 0x81, 0x7F, 0x80, 0x7F, 0x80, 0x7F, 0x81, 0x7F, 
	0x80, 0x80, 0x80, 0x7F, 0x80, 0x7F, 0x81, 0x7E, 0x83, 0x7C, 0x83, 0x7C, 0x85, 0x7B, 0x85, 0x7A, 
	0x84, 0x7C, 0x84, 0x7D, 0x82, 0x7F, 0x81, 0x7F, 0x80, 0x81, 0x7E, 0x82, 0x7E, 0x83, 0x7D, 0x85, 
	0x7B, 0x85, 0x7B, 0x86, 0x7B, 0x85, 0x7B, 0x84, 0x7C, 0x83, 0x7C, 0x82, 0x7D, 0x83, 0x7E, 0x82, 
	0x7E, 0x81, 0x7E, 0x82, 0x7E, 0x81, 0x80, 0x81, 0x7F, 0x80, 0x80, 0x80, 0x80, 0x80, 0x7F, 0x80, 
	0x7F, 0x81, 0x80, 0x81, 0x7F, 0x80, 0x80, 0x80, 0x80, 0x80, 0x80, 0x7F, 0x81, 0x7F, 0x81, 0x7F, 
	0x80, 0x7F, 0x81, 0x7F, 0x81, 0x80, 0x80, 0x80, 0x80, 0x80, 0x7F, 0x81, 0x7F, 0x81, 0x7E, 0x82, 
	0x7F, 0x81, 0x7F, 0x81, 0x7F, 0x81, 0x80, 0x80, 0x80, 0x80, 0x80, 0x7F, 0x80, 0x7F, 0x80, 0x7F, 
	0x81, 0x7F, 0x81, 0x7F, 0x81, 0x7E, 0x81, 0x7E, 0x83, 0x7E, 0x83, 0x7D, 0x84, 0x7D, 0x83, 0x7C, 
	0x84, 0x7D, 0x84, 0x7C, 0x84, 0x7C, 0x83, 0x7D, 0x83, 0x7D, 0x83, 0x7E, 0x81, 0x7F, 0x80, 0x80, 
	0x7F, 0x81, 0x7F, 0x82, 0x7F, 0x81, 0x7E, 0x81, 0x7F, 0x82, 0x7E, 0x81, 0x7F, 0x82, 0x7E, 0x82, 
	0x7F, 0x82, 0x7E, 0x81, 0x7F, 0x82, 0x7F, 0x81, 0x80, 0x81, 0x7E, 0x80, 0x7F, 0x80, 0x80, 0x80, 
	0x80, 0x80, 0x80, 0x7F, 0x81, 0x80, 0x81, 0x7F, 0x82, 0x7F, 0x82, 0x7E, 0x82, 0x7F, 0x81, 0x7F, 
	0x81, 0x80, 0x81, 0x7F, 0x80, 0x80, 0x80, 0x80, 0x81, 0x7F, 0x81, 0x7F, 0x80, 0x80, 0x80, 0x81, 
	0x80, 0x7F, 0x81, 0x7E, 0x82, 0x7E, 0x83, 0x7E, 0x82, 0x7F, 0x82, 0x7F, 0x82, 0x7E, 0x81, 0x7F, 
	0x80, 0x80, 0x80, 0x80, 0x80, 0x80, 0x7F, 0x81, 0x7E, 0x83, 0x7D, 0x82, 0x7D, 0x83, 0x7D, 0x83, 
	0x7D, 0x82, 0x7E, 0x82, 0x7E, 0x81, 0x7F, 0x80, 0x7F, 0x81, 0x7E, 0x82, 0x7E, 0x82, 0x7D, 0x83, 
	0x7C, 0x83, 0x7C, 0x84, 0x7C, 0x84, 0x7C, 0x85, 0x7C, 0x85, 0x7C, 0x83, 0x7E, 0x83, 0x7E, 0x81, 
	0x80, 0x7F, 0x81, 0x7E, 0x83, 0x7D, 0x85, 0x7B, 0x84, 0x7C, 0x85, 0x7C, 0x84, 0x7C, 0x83, 0x7E, 
	0x81, 0x7F, 0x80, 0x81, 0x7E, 0x83, 0x7D, 0x83, 0x7C, 0x84, 0x7C, 0x85, 0x7B, 0x84, 0x7B, 0x84, 
	0x7D, 0x82, 0x7E, 0x82, 0x7E, 0x82, 0x7F, 0x80, 0x80, 0x80, 0x7F, 0x80, 0x80, 0x80, 0x80, 0x80, 
	0x80, 0x80, 0x80, 0x7F, 0x7F, 0x80, 0x7F, 0x81, 0x80, 0x81, 0x7E, 0x81, 0x7F, 0x81, 0x7E, 0x82, 
	0x7E, 0x81, 0x7F, 0x82, 0x7F, 0x83, 0x7E, 0x81, 0x7E, 0x82, 0x7E, 0x83, 0x7E, 0x82, 0x7D, 0x83, 
	0x7D, 0x82, 0x7D, 0x83, 0x7D, 0x83, 0x7D, 0x82, 0x7E, 0x83, 0x7D, 0x82, 0x7D, 0x82, 0x7E, 0x82, 
	0x7E, 0x80, 0x7F, 0x81, 0x7F, 0x81, 0x7F, 0x81, 0x7F, 0x80, 0x7F, 0x81, 0x80, 0x80, 0x7F, 0x80, 
	0x7F, 0x81, 0x7F, 0x81, 0x7F, 0x81, 0x80, 0x81, 0x7F, 0x7F, 0x80, 0x80, 0x80, 0x7F, 0x81, 0x7F, 
	0x81, 0x7E, 0x82, 0x7F, 0x82, 0x7F, 0x81, 0x7E, 0x81, 0x7F, 0x81, 0x7E, 0x81, 0x7E, 0x81, 0x7F, 
	0x81, 0x7F, 0x81, 0x7F, 0x81, 0x7F, 0x81, 0x7F, 0x81, 0x7F, 0x81, 0x7F, 0x81, 0x7F, 0x81, 0x7F, 
	0x81, 0x7F, 0x81, 0x7F, 0x81, 0x7F, 0x81, 0x7F, 0x81, 0x7F, 0x81, 0x7E, 0x82, 0x7F, 0x81, 0x7F, 
	0x81, 0x7F, 0x80, 0x7F, 0x7F, 0x80, 0x7F, 0x82, 0x7E, 0x81, 0x7D, 0x83, 0x7E, 0x83, 0x7D, 0x82, 
	0x7D, 0x83, 0x7D, 0x82, 0x7D, 0x82, 0x7E, 0x81, 0x7F, 0x80, 0x80, 0x7F, 0x7F, 0x7F, 0x81, 0x7F, 
	0x81, 0x7F, 0x82, 0x7F, 0x81, 0x7F, 0x81, 0x80, 0x80, 0x80, 0x80, 0x80, 0x80, 0x81, 0x7F, 0x81, 
	0x80, 0x81, 0x7F, 0x80, 0x7E, 0x81, 0x7F, 0x81, 0x7F, 0x81, 0x7F, 0x80, 0x80, 0x80, 0x7F, 0x80, 
	0x81, 0x81, 0x80, 0x7F, 0x81, 0x7F, 0x81, 0x80, 0x81, 0x7E, 0x81, 0x80, 0x81, 0x7F, 0x80, 0x7F, 
	0x81, 0x80, 0x80, 0x80, 0x80, 0x80, 0x7F, 0x81, 0x7F, 0x81, 0x7F, 0x81, 0x7F, 0x81, 0x7F, 0x81, 
	0x7F, 0x80, 0x7F, 0x81, 0x7F, 0x80, 0x7F, 0x80, 0x7F, 0x81, 0x7F, 0x81, 0x7F, 0x82, 0x80, 0x81, 
	0x7F, 0x82, 0x7F, 0x81, 0x7F, 0x80, 0x7F, 0x81, 0x7F, 0x80, 0x80, 0x81, 0x7F, 0x80, 0x7F, 0x80, 
	0x80, 0x80, 0x80, 0x80, 0x80, 0x80, 0x7F, 0x81, 0x7F, 0x80, 0x80, 0x80, 0x80, 0x80, 0x7F, 0x80, 
	0x80, 0x80, 0x7F, 0x81, 0x7F, 0x81, 0x80, 0x81, 0x7F, 0x81, 0x7F, 0x81, 0x80, 0x81, 0x7F, 0x7F, 
	0x81, 0x7F, 0x81, 0x7F, 0x81, 0x7F, 0x81, 0x7E, 0x82, 0x7F, 0x81, 0x7E, 0x82, 0x7E, 0x81, 0x7E, 
	0x80, 0x80, 0x80, 0x7F, 0x80, 0x81, 0x7F, 0x80, 0x80, 0x80, 0x80, 0x80, 0x7F, 0x80, 0x7F, 0x80, 
	0x80, 0x80, 0x81, 0x80, 0x80, 0x80, 0x7F, 0x80, 0x80, 0x80, 0x80, 0x80, 0x80, 0x80, 0x80, 0x80, 
	0x80, 0x81, 0x80, 0x80, 0x80, 0x80, 0x80, 0x80, 0x80, 0x80, 0x7F, 0x80, 0x80, 0x80, 0x80, 0x80, 
	0x80, 0x80, 0x7F, 0x81, 0x7F, 0x81, 0x80, 0x80, 0x80, 0x80, 0x7F, 0x81, 0x7F, 0x81, 0x7F, 0x81, 
	0x80, 0x81, 0x7F, 0x81, 0x80, 0x81, 0x7F, 0x80, 0x80, 0x80, 0x7F, 0x80, 0x80, 0x81, 0x80, 0x81, 
	0x7F, 0x81, 0x80, 0x80, 0x80, 0x7F, 0x81, 0x7F, 0x81, 0x7F, 0x81, 0x7F, 0x81, 0x7E, 0x82, 0x7E, 
	0x81, 0x7F, 0x81, 0x7F, 0x82, 0x7E, 0x82, 0x7E, 0x81, 0x7E, 0x81, 0x7F, 0x81, 0x7F, 0x80, 0x80, 
	0x80, 0x81, 0x7F, 0x81, 0x7E, 0x80, 0x7F, 0x81, 0x7F, 0x81, 0x7F, 0x80, 0x7F, 0x81, 0x7F, 0x80, 
	0x7F, 0x81, 0x80, 0x80, 0x81, 0x80, 0x80, 0x7F, 0x81, 0x7F, 0x81, 0x7F, 0x81, 0x7F, 0x81, 0x7F, 
	0x82, 0x7F, 0x82, 0x7F, 0x81, 0x7F, 0x81, 0x7E, 0x81, 0x80, 0x80, 0x80, 0x80, 0x80, 0x80, 0x80, 
	0x7F, 0x7F, 0x80, 0x80, 0x81, 0x81, 0x80, 0x80, 0x80, 0x80, 0x80, 0x81, 0x7F, 0x81, 0x7F, 0x81, 
	0x7F, 0x81, 0x7F, 0x81, 0x7F, 0x81, 0x7F, 0x81, 0x7F, 0x81, 0x80, 0x80, 0x80, 0x80, 0x80, 0x80, 
	0x7F, 0x7F, 0x80, 0x80, 0x80, 0x80, 0x80, 0x80, 0x80, 0x7F, 0x80, 0x80, 0x80, 0x80, 0x80, 0x80, 
	0x80, 0x80, 0x81, 0x80, 0x80, 0x7F, 0x80, 0x80, 0x81, 0x80, 0x80, 0x80, 0x80, 0x81, 0x80, 0x7F, 
	0x80, 0x80, 0x81, 0x81, 0x80, 0x81, 0x80, 0x80, 0x7F, 0x80, 0x7F, 0x80, 0x7F, 0x81, 0x7F, 0x81, 
	0x7F, 0x82, 0x80, 0x81, 0x7F, 0x80, 0x7F, 0x81, 0x80, 0x80, 0x80, 0x80, 0x81, 0x7F, 0x81, 0x7F, 
	0x81, 0x80, 0x81, 0x7F, 0x81, 0x7F, 0x81, 0x7F, 0x81, 0x7F, 0x81, 0x7F, 0x81, 0x7F, 0x80, 0x80, 
	0x80, 0x7F, 0x80, 0x80, 0x80, 0x80, 0x80, 0x80, 0x81, 0x80, 0x80, 0x7F, 0x80, 0x80, 0x80, 0x80, 
	0x80, 0x80, 0x81, 0x7F, 0x80, 0x80, 0x81, 0x7F, 0x81, 0x7F, 0x80, 0x80, 0x80, 0x81, 0x80, 0x80, 
	0x7F, 0x81, 0x80, 0x81, 0x80, 0x80, 0x80, 0x7F, 0x81, 0x80, 0x81, 0x7E, 0x80, 0x7F, 0x81, 0x7F, 
	0x80, 0x7F, 0x81, 0x7F, 0x81, 0x80, 0x81, 0x7F, 0x81, 0x7F, 0x81, 0x80, 0x80, 0x80, 0x80, 0x80, 
	0x81, 0x80, 0x80, 0x80, 0x80, 0x80, 0x80, 0x80, 0x80, 0x80, 0x80, 0x81, 0x7F, 0x81, 0x80, 0x80, 
	0x81, 0x7F, 0x81, 0x7E, 0x83, 0x7D, 0x83, 0x7E, 0x82, 0x7F, 0x80, 0x81, 0x7E, 0x84, 0x7D, 0x85, 
	0x7B, 0x85, 0x7C, 0x83, 0x7E, 0x82, 0x7F, 0x7F, 0x82, 0x7E, 0x84, 0x7B, 0x85, 0x7A, 0x87, 0x78, 
	0x89, 0x77, 0x8A, 0x76, 0x89, 0x77, 0x88, 0x78, 0x86, 0x7C, 0x83, 0x7D, 0x81, 0x81, 0x7F, 0x83, 
	0x7C, 0x85, 0x79, 0x87, 0x78, 0x89, 0x77, 0x89, 0x77, 0x89, 0x77, 0x88, 0x78, 0x86, 0x7B, 0x84, 
	0x7E, 0x80, 0x81, 0x7C, 0x84, 0x7A, 0x88, 0x79, 0x89, 0x78, 0x88, 0x79, 0x87, 0x7B, 0x84, 0x7D, 
	0x81, 0x7F, 0x81, 0x80, 0x7F, 0x81, 0x7F, 0x81, 0x7F, 0x80, 0x80, 0x80, 0x81, 0x7F, 0x81, 0x7F, 
	0x82, 0x7D, 0x84, 0x7D, 0x84, 0x7D, 0x83, 0x7D, 0x83, 0x7D, 0x82, 0x7D, 0x82, 0x7F, 0x82, 0x7E, 
	0x81, 0x7F, 0x81, 0x7E, 0x81, 0x7F, 0x81, 0x7F, 0x81, 0x80, 0x80, 0x7F, 0x80, 0x7F, 0x81, 0x7E, 
	0x82, 0x7D, 0x84, 0x7B, 0x85, 0x7B, 0x86, 0x7A, 0x85, 0x7A, 0x85, 0x7C, 0x84, 0x7C, 0x83, 0x7E, 
	0x80, 0x80, 0x7F, 0x82, 0x7D, 0x83, 0x7C, 0x83, 0x7C, 0x84, 0x7B, 0x85, 0x79, 0x86, 0x79, 0x88, 
	0x78, 0x88, 0x77, 0x89, 0x76, 0x8A, 0x75, 0x8B, 0x75, 0x8C, 0x75, 0x8C, 0x75, 0x8B, 0x76, 0x89, 
	0x78, 0x87, 0x7A, 0x85, 0x7D, 0x82, 0x7F, 0x80, 0x81, 0x7E, 0x84, 0x7B, 0x87, 0x78, 0x8B, 0x75, 
	0x8D, 0x72, 0x8F, 0x71, 0x8F, 0x71, 0x8E, 0x73, 0x8C, 0x76, 0x88, 0x7B, 0x84, 0x7E, 0x80, 0x81, 
	0x7D, 0x84, 0x7B, 0x86, 0x7A, 0x87, 0x7A, 0x86, 0x7A, 0x84, 0x7C, 0x84, 0x7D, 0x83, 0x7E, 0x82, 
	0x7E, 0x81, 0x80, 0x80, 0x80, 0x7F, 0x81, 0x7E, 0x82, 0x7D, 0x84, 0x7C, 0x85, 0x7C, 0x85, 0x7C, 
	0x84, 0x7C, 0x83, 0x7D, 0x84, 0x7C, 0x82, 0x7E, 0x81, 0x7F, 0x80, 0x80, 0x7E, 0x82, 0x7E, 0x82, 
	0x7F, 0x82, 0x7F, 0x80, 0x7F, 0x80, 0x7F, 0x81, 0x7E, 0x82, 0x7C, 0x84, 0x7B, 0x86, 0x7B, 0x87, 
	0x7A, 0x87, 0x79, 0x88, 0x78, 0x88, 0x77, 0x89, 0x77, 0x8A, 0x75, 0x8B, 0x75, 0x8B, 0x75, 0x8C, 
	0x74, 0x8D, 0x74, 0x8D, 0x73, 0x8C, 0x74, 0x8C, 0x76, 0x88, 0x79, 0x85, 0x7D, 0x82, 0x80, 0x7E, 
	0x81, 0x7E, 0x84, 0x7C, 0x84, 0x7B, 0x85, 0x7B, 0x86, 0x7A, 0x86, 0x79, 0x86, 0x7A, 0x86, 0x7B, 
	0x85, 0x7A, 0x86, 0x7B, 0x85, 0x7B, 0x84, 0x7D, 0x84, 0x7D, 0x83, 0x7E, 0x82, 0x7E, 0x82, 0x7E, 
	0x81, 0x7F, 0x81, 0x7F, 0x81, 0x7E, 0x82, 0x80, 0x81, 0x80, 0x80, 0x80, 0x80, 0x81, 0x7F, 0x83, 
	0x7E, 0x84, 0x7C, 0x85, 0x7B, 0x86, 0x7A, 0x86, 0x7B, 0x85, 0x7C, 0x84, 0x7B, 0x84, 0x7E, 0x82, 
	0x7F, 0x81, 0x7E, 0x82, 0x7E, 0x82, 0x7F, 0x81, 0x7E, 0x82, 0x7D, 0x82, 0x7E, 0x82, 0x7F, 0x80, 
	0x80, 0x80, 0x82, 0x7E, 0x83, 0x7C, 0x85, 0x7B, 0x85, 0x7B, 0x85, 0x7C, 0x84, 0x7C, 0x82, 0x7E, 
	0x82, 0x7E, 0x80, 0x7F, 0x81, 0x80, 0x80, 0x81, 0x7E, 0x82, 0x7D, 0x83, 0x7D, 0x84, 0x7D, 0x83, 
	0x7D, 0x82, 0x7E, 0x81, 0x7E, 0x81, 0x7F, 0x80, 0x80, 0x7F, 0x81, 0x7E, 0x82, 0x7C, 0x84, 0x7B, 
	0x85, 0x7B, 0x85, 0x7B, 0x85, 0x7B, 0x84, 0x7C, 0x83, 0x7D, 0x82, 0x7D, 0x82, 0x7F, 0x81, 0x7E, 
	0x82, 0x7F, 0x81, 0x7E, 0x82, 0x7E, 0x81, 0x7E, 0x82, 0x7E, 0x82, 0x7E, 0x81, 0x7F, 0x81, 0x7F, 
	0x80, 0x80, 0x80, 0x80, 0x7F, 0x80, 0x80, 0x7F, 0x81, 0x7F, 0x81, 0x7F, 0x82, 0x7E, 0x82, 0x7E, 
	0x82, 0x7D, 0x82, 0x7D, 0x83, 0x7C, 0x83, 0x7E, 0x82, 0x7F, 0x81, 0x81, 0x7E, 0x83, 0x7C, 0x84, 
	0x7B, 0x87, 0x7A, 0x87, 0x78, 0x8A, 0x75, 0x8A, 0x75, 0x8B, 0x76, 0x8A, 0x78, 0x88, 0x79, 0x84, 
	0x7E, 0x81, 0x82, 0x7D, 0x85, 0x79, 0x89, 0x76, 0x8B, 0x74, 0x8C, 0x76, 0x8A, 0x77, 0x88, 0x79, 
	0x85, 0x7F, 0x7F, 0x84, 0x7A, 0x86, 0x78, 0x89, 0x77, 0x88, 0x78, 0x88, 0x7A, 0x84, 0x7E, 0x81, 
	0x80, 0x7E, 0x83, 0x7B, 0x85, 0x79, 0x86, 0x7B, 0x83, 0x7E, 0x80, 0x80, 0x7F, 0x83, 0x7C, 0x83, 
	0x7D, 0x83, 0x7E, 0x7F, 0x81, 0x7F, 0x81, 0x81, 0x7C, 0x85, 0x79, 0x88, 0x77, 0x8B, 0x77, 0x88, 
	0x7B, 0x83, 0x81, 0x7F, 0x82, 0x7F, 0x7F, 0x83, 0x7A, 0x88, 0x77, 0x88, 0x79, 0x86, 0x7C, 0x83, 
	0x7D, 0x85, 0x7B, 0x87, 0x77, 0x89, 0x77, 0x88, 0x79, 0x85, 0x7B, 0x83, 0x7C, 0x83, 0x7E, 0x80, 
	0x81, 0x7C, 0x87, 0x79, 0x87, 0x7A, 0x82, 0x80, 0x7E, 0x82, 0x7F, 0x7E, 0x84, 0x7A, 0x85, 0x7D, 
	0x81, 0x82, 0x7D, 0x82, 0x80, 0x7D, 0x85, 0x79, 0x87, 0x7B, 0x83, 0x7D, 0x81, 0x80, 0x81, 0x7D, 
	0x85, 0x7A, 0x85, 0x7B, 0x82, 0x81, 0x7E, 0x82, 0x80, 0x80, 0x82, 0x7F, 0x7F, 0x83, 0x7B, 0x87, 
	0x7B, 0x84, 0x7E, 0x80, 0x7F, 0x83, 0x7C, 0x85, 0x7B, 0x84, 0x7D, 0x81, 0x80, 0x7F, 0x82, 0x7E, 
	0x82, 0x7E, 0x82, 0x7D, 0x82, 0x7F, 0x83, 0x7E, 0x82, 0x7D, 0x81, 0x7F, 0x80, 0x80, 0x7F, 0x80, 
	0x81, 0x7E, 0x83, 0x7D, 0x81, 0x80, 0x7E, 0x84, 0x7B, 0x84, 0x7C, 0x84, 0x7D, 0x84, 0x7A, 0x87, 
	0x77, 0x8A, 0x77, 0x88, 0x79, 0x86, 0x7A, 0x85, 0x7C, 0x83, 0x80, 0x7F, 0x82, 0x7E, 0x81, 0x81, 
	0x80, 0x80, 0x83, 0x7B, 0x87, 0x78, 0x87, 0x7C, 0x81, 0x81, 0x7E, 0x81, 0x82, 0x7A, 0x86, 0x7C, 
	0x83, 0x7F, 0x7F, 0x81, 0x81, 0x7E, 0x82, 0x7E, 0x80, 0x83, 0x7E, 0x81, 0x81, 0x7C, 0x85, 0x7A, 
	0x86, 0x7B, 0x83, 0x80, 0x80, 0x80, 0x7F, 0x81, 0x7F, 0x82, 0x7F, 0x80, 0x81, 0x7F, 0x80, 0x80, 
	0x7F, 0x81, 0x7E, 0x81, 0x7F, 0x7F, 0x81, 0x80, 0x7F, 0x81, 0x7E, 0x81, 0x81, 0x7D, 0x85, 0x7C, 
	0x82, 0x80, 0x7D, 0x83, 0x7D, 0x80, 0x83, 0x7C, 0x84, 0x7D, 0x80, 0x81, 0x7F, 0x80, 0x81, 0x7D, 
	0x82, 0x81, 0x7C, 0x85, 0x79, 0x85, 0x7C, 0x82, 0x80, 0x80, 0x7F, 0x85, 0x79, 0x86, 0x7B, 0x82, 
	0x80, 0x7D, 0x82, 0x7F, 0x7F, 0x84, 0x7B, 0x85, 0x7C, 0x81, 0x80, 0x7E, 0x81, 0x7F, 0x80, 0x82, 
	0x7E, 0x82, 0x7F, 0x7F, 0x83, 0x7C, 0x84, 0x7B, 0x82, 0x80, 0x7D, 0x84, 0x7C, 0x82, 0x81, 0x7C, 
	0x86, 0x7A, 0x84, 0x7E, 0x7F, 0x81, 0x7E, 0x81, 0x81, 0x7D, 0x85, 0x7A, 0x84, 0x7B, 0x83, 0x7E, 
	0x81, 0x7F, 0x7F, 0x83, 0x7C, 0x85, 0x7C, 0x84, 0x7F, 0x80, 0x81, 0x7F, 0x80, 0x82, 0x7C, 0x84, 
	0x7C, 0x84, 0x7E, 0x81, 0x80, 0x80, 0x81, 0x7F, 0x81, 0x81, 0x7F, 0x82, 0x7F, 0x80, 0x80, 0x7F, 
	0x83, 0x7E, 0x81, 0x81, 0x7D, 0x82, 0x7E, 0x80, 0x81, 0x7F, 0x82, 0x7E, 0x81, 0x7F, 0x81, 0x80, 
	0x7F, 0x82, 0x7D, 0x85, 0x7B, 0x84, 0x7D, 0x83, 0x7F, 0x80, 0x7E, 0x83, 0x7C, 0x85, 0x7C, 0x84, 
	0x7E, 0x82, 0x7E, 0x82, 0x7D, 0x83, 0x7D, 0x83, 0x7D, 0x83, 0x7D, 0x84, 0x7C, 0x84, 0x7C, 0x84, 
	0x7C, 0x83, 0x7E, 0x80, 0x82, 0x7C, 0x84, 0x7C, 0x83, 0x80, 0x7D, 0x84, 0x7B, 0x84, 0x7E, 0x7F, 
	0x83, 0x7B, 0x86, 0x7A, 0x85, 0x7C, 0x84, 0x7C, 0x83, 0x7C, 0x85, 0x7B, 0x85, 0x7C, 0x83, 0x7E, 
	0x82, 0x7E, 0x82, 0x7E, 0x82, 0x80, 0x7F, 0x83, 0x7D, 0x83, 0x7D, 0x83, 0x7E, 0x83, 0x7C, 0x83, 
	0x7E, 0x81, 0x80, 0x7F, 0x82, 0x7F, 0x80, 0x81, 0x7E, 0x83, 0x7E, 0x81, 0x80, 0x7F, 0x81, 0x7E, 
	0x82, 0x80, 0x80, 0x81, 0x7F, 0x83, 0x7D, 0x83, 0x7E, 0x81, 0x81, 0x7F, 0x82, 0x7E, 0x81, 0x7F, 
	0x80, 0x80, 0x7F, 0x82, 0x7F, 0x81, 0x80, 0x7D, 0x84, 0x7D, 0x82, 0x81, 0x7C, 0x84, 0x7B, 0x84, 
	0x7E, 0x80, 0x80, 0x82, 0x7D, 0x84, 0x7C, 0x83, 0x7E, 0x82, 0x7F, 0x81, 0x7F, 0x7F, 0x82, 0x7E, 
	0x82, 0x7E, 0x82, 0x7D, 0x83, 0x7D, 0x82, 0x7F, 0x7F, 0x82, 0x7E, 0x80, 0x80, 0x7E, 0x81, 0x7F, 
	0x81, 0x80, 0x81, 0x80, 0x7F, 0x81, 0x80, 0x7E, 0x84, 0x7B, 0x85, 0x7C, 0x81, 0x81, 0x80, 0x80, 
	0x81, 0x7E, 0x82, 0x7E, 0x80, 0x80, 0x80, 0x80, 0x80, 0x82, 0x7E, 0x84, 0x7D, 0x81, 0x7F, 0x80, 
	0x7F, 0x83, 0x7B, 0x85, 0x7D, 0x80, 0x80, 0x80, 0x80, 0x81, 0x7E, 0x81, 0x80, 0x7F, 0x81, 0x80, 
	0x80, 0x7F, 0x80, 0x7E, 0x82, 0x7F, 0x82, 0x7F, 0x81, 0x7E, 0x80, 0x82, 0x7D, 0x82, 0x80, 0x7E, 
	0x85, 0x7A, 0x83, 0x80, 0x7F, 0x82, 0x7F, 0x80, 0x7F, 0x82, 0x7D, 0x83, 0x7E, 0x81, 0x80, 0x7F, 
	0x7F, 0x81, 0x7E, 0x82, 0x80, 0x80, 0x7E, 0x83, 0x7D, 0x82, 0x7E, 0x80, 0x80, 0x81, 0x7D, 0x83, 
	0x7D, 0x82, 0x80, 0x81, 0x7D, 0x85, 0x7B, 0x83, 0x7F, 0x7F, 0x82, 0x80, 0x80, 0x80, 0x80, 0x7C, 
	0x84, 0x7B, 0x84, 0x7E, 0x81, 0x7F, 0x81, 0x7E, 0x83, 0x7D, 0x84, 0x7D, 0x82, 0x7F, 0x7F, 0x82, 
	0x7D, 0x81, 0x80, 0x7F, 0x82, 0x80, 0x7F, 0x82, 0x7D, 0x83, 0x7C, 0x83, 0x7D, 0x83, 0x7D, 0x82, 
	0x7E, 0x80, 0x82, 0x7E, 0x82, 0x80, 0x7E, 0x83, 0x7D, 0x81, 0x80, 0x7E, 0x81, 0x80, 0x7F, 0x81, 
	0x80, 0x81, 0x7F, 0x82, 0x7D, 0x85, 0x7D, 0x82, 0x80, 0x7E, 0x84, 0x7D, 0x82, 0x7F, 0x7F, 0x80, 
	0x81, 0x7E, 0x84, 0x7D, 0x83, 0x7E, 0x81, 0x80, 0x7F, 0x81, 0x80, 0x81, 0x80, 0x81, 0x7F, 0x81, 
	0x80, 0x7E, 0x83, 0x7E, 0x81, 0x81, 0x7D, 0x83, 0x80, 0x7D, 0x84, 0x7C, 0x83, 0x7F, 0x81, 0x80, 
	0x81, 0x7E, 0x81, 0x81, 0x7D, 0x84, 0x7D, 0x81, 0x80, 0x7D, 0x82, 0x81, 0x7D, 0x84, 0x7C, 0x83, 
	0x7F, 0x7F, 0x81, 0x7F, 0x80, 0x80, 0x7F, 0x82, 0x7E, 0x81, 0x80, 0x7E, 0x82, 0x7E, 0x80, 0x80, 
	0x80, 0x7F, 0x81, 0x7F, 0x80, 0x82, 0x7F, 0x80, 0x80, 0x7F, 0x80, 0x82, 0x7D, 0x84, 0x7C, 0x83, 
	0x7E, 0x81, 0x80, 0x80, 0x7F, 0x81, 0x7F, 0x83, 0x7D, 0x83, 0x7D, 0x82, 0x7D, 0x82, 0x7E, 0x81, 
	0x81, 0x80, 0x80, 0x7F, 0x81, 0x80, 0x7F, 0x82, 0x7E, 0x81, 0x7F, 0x80, 0x80, 0x80, 0x80, 0x81, 
	0x7D, 0x83, 0x7E, 0x81, 0x7F, 0x81, 0x7F, 0x82, 0x7E, 0x82, 0x7D, 0x83, 0x7E, 0x82, 0x7E, 0x82, 
	0x7E, 0x82, 0x80, 0x81, 0x7F, 0x81, 0x7F, 0x82, 0x7E, 0x82, 0x7E, 0x82, 0x80, 0x7E, 0x82, 0x80, 
	0x81, 0x80, 0x7F, 0x81, 0x7F, 0x81, 0x80, 0x80, 0x80, 0x7F, 0x80, 0x80, 0x80, 0x7F, 0x80, 0x80, 
	0x7F, 0x81, 0x7F, 0x81, 0x7F, 0x80, 0x80, 0x80, 0x81, 0x81, 0x7F, 0x81, 0x7F, 0x81, 0x7F, 0x81, 
	0x7E, 0x84, 0x7D, 0x82, 0x7F, 0x81, 0x7F, 0x82, 0x7C, 0x83, 0x7D, 0x82, 0x7E, 0x82, 0x7E, 0x82, 
	0x7F, 0x81, 0x7E, 0x83, 0x7D, 0x84, 0x7C, 0x85, 0x7C, 0x84, 0x7C, 0x84, 0x7D, 0x83, 0x7E, 0x82, 
	0x7D, 0x82, 0x7E, 0x82, 0x80, 0x7F, 0x80, 0x80, 0x80, 0x7F, 0x81, 0x7E, 0x83, 0x7E, 0x81, 0x7E, 
	0x81, 0x7E, 0x83, 0x7C, 0x84, 0x7C, 0x83, 0x7E, 0x82, 0x7E, 0x81, 0x7F, 0x82, 0x7E, 0x81, 0x7F, 
	0x81, 0x7F, 0x82, 0x7F, 0x81, 0x7F, 0x81, 0x7F, 0x81, 0x7D, 0x83, 0x7B, 0x86, 0x79, 0x87, 0x79, 
	0x87, 0x7A, 0x87, 0x7A, 0x86, 0x7A, 0x85, 0x79, 0x87, 0x7A, 0x84, 0x7E, 0x80, 0x82, 0x7D, 0x85, 
	0x7C, 0x85, 0x7A, 0x84, 0x7E, 0x82, 0x7E, 0x82, 0x7F, 0x81, 0x7F, 0x80, 0x80, 0x81, 0x7E, 0x81, 
	0x80, 0x7F, 0x82, 0x7E, 0x81, 0x81, 0x7E, 0x80, 0x80, 0x7E, 0x83, 0x7F, 0x80, 0x80, 0x80, 0x7F, 
	0x81, 0x7F, 0x81, 0x80, 0x80, 0x7F, 0x81, 0x7F, 0x82, 0x7E, 0x82, 0x7F, 0x81, 0x80, 0x80, 0x82, 
	0x80, 0x7F, 0x83, 0x7D, 0x84, 0x7E, 0x81, 0x80, 0x80, 0x7F, 0x81, 0x7E, 0x82, 0x7E, 0x82, 0x7E, 
	0x81, 0x7E, 0x82, 0x7E, 0x82, 0x7E, 0x82, 0x7E, 0x82, 0x7D, 0x84, 0x7C, 0x83, 0x7D, 0x83, 0x7F, 
	0x81, 0x7E, 0x82, 0x7D, 0x83, 0x7E, 0x80, 0x80, 0x7F, 0x81, 0x80, 0x81, 0x7F, 0x80, 0x80, 0x80, 
	0x80, 0x80, 0x80, 0x7F, 0x81, 0x7F, 0x81, 0x80, 0x80, 0x7F, 0x80, 0x7E, 0x82, 0x7E, 0x81, 0x7F, 
	0x7F, 0x80, 0x80, 0x80, 0x80, 0x7F, 0x80, 0x80, 0x80, 0x80, 0x80, 0x80, 0x80, 0x81, 0x7F, 0x81, 
	0x80, 0x80, 0x80, 0x80, 0x80, 0x80, 0x80, 0x7F, 0x81, 0x7F, 0x81, 0x7F, 0x81, 0x7F, 0x83, 0x7D, 
	0x83, 0x7F, 0x82, 0x7F, 0x82, 0x7E, 0x82, 0x7F, 0x81, 0x80, 0x80, 0x7F, 0x81, 0x7E, 0x81, 0x80, 
	0x80, 0x81, 0x7F, 0x82, 0x7D, 0x82, 0x7E, 0x83, 0x7D, 0x82, 0x7F, 0x82, 0x7E, 0x83, 0x7E, 0x82, 
	0x7E, 0x82, 0x7E, 0x81, 0x7F, 0x7F, 0x81, 0x7F, 0x81, 0x81, 0x7F, 0x81, 0x80, 0x7F, 0x82, 0x7F, 
	0x80, 0x81, 0x80, 0x7F, 0x81, 0x7F, 0x80, 0x81, 0x7E, 0x82, 0x7E, 0x82, 0x7F, 0x80, 0x7F, 0x80, 
	0x80, 0x81, 0x7F, 0x80, 0x81, 0x7F, 0x82, 0x80, 0x7F, 0x82, 0x7E, 0x81, 0x80, 0x7F, 0x82, 0x7E, 
	0x81, 0x7F, 0x7F, 0x80, 0x81, 0x7F, 0x80, 0x80, 0x7F, 0x81, 0x7F, 0x81, 0x80, 0x80, 0x81, 0x7F, 
	0x80, 0x81, 0x7E, 0x82, 0x7F, 0x80, 0x80, 0x80, 0x7F, 0x81, 0x80, 0x80, 0x81, 0x80, 0x80, 0x7F, 
	0x7F, 0x81, 0x7F, 0x80, 0x80, 0x7F, 0x81, 0x7F, 0x81, 0x7F, 0x80, 0x7F, 0x7F, 0x81, 0x80, 0x81, 
	0x80, 0x80, 0x7F, 0x81, 0x7F, 0x82, 0x7F, 0x81, 0x7F, 0x81, 0x7F, 0x81, 0x80, 0x7F, 0x81, 0x7E, 
	0x81, 0x7F, 0x80, 0x80, 0x80, 0x7F, 0x81, 0x80, 0x80, 0x80, 0x7F, 0x80, 0x80, 0x81, 0x7F, 0x80, 
	0x81, 0x7F, 0x80, 0x7F, 0x81, 0x80, 0x80, 0x80, 0x80, 0x81, 0x80, 0x80, 0x81, 0x7E, 0x81, 0x7E, 
	0x81, 0x7D, 0x81, 0x7F, 0x82, 0x7E, 0x81, 0x7F, 0x81, 0x7E, 0x82, 0x7F, 0x80, 0x80, 0x80, 0x81, 
	0x80, 0x80, 0x7F, 0x82, 0x7D, 0x82, 0x7D, 0x82, 0x7E, 0x82, 0x7E, 0x81, 0x7F, 0x80, 0x80, 0x80, 
	0x80, 0x7F, 0x82, 0x7F, 0x80, 0x82, 0x7E, 0x80, 0x81, 0x7F, 0x80, 0x80, 0x80, 0x80, 0x7F, 0x81, 
	0x7F, 0x81, 0x7F, 0x81, 0x81, 0x80, 0x81, 0x7F, 0x80, 0x7F, 0x82, 0x7F, 0x81, 0x7F, 0x80, 0x80, 
	0x81, 0x7F, 0x81, 0x7E, 0x81, 0x7F, 0x81, 0x7E, 0x82, 0x7D, 0x81, 0x80, 0x80, 0x80, 0x81, 0x80, 
	0x81, 0x7F, 0x80, 0x81, 0x7F, 0x82, 0x7F, 0x80, 0x80, 0x80, 0x7F, 0x81, 0x7F, 0x81, 0x7F, 0x81, 
	0x7F, 0x80, 0x81, 0x80, 0x80, 0x81, 0x7F, 0x81, 0x80, 0x80, 0x80, 0x80, 0x7F, 0x80, 0x7F, 0x7F, 
	0x81, 0x80, 0x81, 0x7F, 0x7F, 0x81, 0x7F, 0x81, 0x80, 0x80, 0x80, 0x81, 0x7F, 0x81, 0x80, 0x81, 
	0x7F, 0x80, 0x7F, 0x81, 0x7F, 0x81, 0x7F, 0x81, 0x7F, 0x80, 0x80, 0x80, 0x81, 0x7F, 0x81, 0x7F, 
	0x81, 0x80, 0x80, 0x80, 0x81, 0x7F, 0x81, 0x7F, 0x80, 0x7E, 0x81, 0x7F, 0x80, 0x7E, 0x81, 0x80, 
	0x80, 0x80, 0x80, 0x80, 0x80, 0x7F, 0x80, 0x80, 0x80, 0x80, 0x81, 0x80, 0x81, 0x7F, 0x80, 0x80, 
	0x80, 0x80, 0x80, 0x80, 0x81, 0x80, 0x80, 0x80, 0x7F, 0x81, 0x80, 0x80, 0x7F, 0x80, 0x80, 0x80, 
	0x80, 0x80, 0x80, 0x81, 0x80, 0x80, 0x82, 0x7E, 0x81, 0x80, 0x80, 0x7F, 0x80, 0x7F, 0x80, 0x7F, 
	0x80, 0x80, 0x80, 0x80, 0x80, 0x80, 0x80, 0x80, 0x7F, 0x81, 0x7F, 0x81, 0x80, 0x80, 0x80, 0x80, 
	0x7F, 0x81, 0x7F, 0x80, 0x80, 0x80, 0x80, 0x80, 0x80, 0x81, 0x7F, 0x81, 0x80, 0x80, 0x80, 0x80, 
	0x81, 0x80, 0x7F, 0x81, 0x80, 0x80, 0x80, 0x80, 0x80, 0x80, 0x80, 0x81, 0x7F, 0x80, 0x7F, 0x81, 
	0x80, 0x80, 0x7F, 0x82, 0x7E, 0x81, 0x80, 0x80, 0x7F, 0x81, 0x80, 0x80, 0x80, 0x81, 0x7E, 0x81, 
	0x7F, 0x81, 0x7F, 0x80, 0x80, 0x80, 0x80, 0x80, 0x80, 0x7F, 0x81, 0x7F, 0x80, 0x80, 0x7F, 0x80, 
	0x81, 0x80, 0x81, 0x7F, 0x81, 0x7E, 0x81, 0x80, 0x81, 0x81, 0x80, 0x81, 0x80, 0x7F, 0x81, 0x80, 
	0x80, 0x80, 0x80, 0x7F, 0x80, 0x80, 0x81, 0x80, 0x80, 0x81, 0x7F, 0x80, 0x80, 0x7F, 0x81, 0x7F, 
	0x81, 0x80, 0x80, 0x80, 0x7F, 0x80, 0x80, 0x7F, 0x81, 0x7F, 0x80, 0x80, 0x7F, 0x81, 0x7F, 0x81, 
	0x7F, 0x80, 0x7F, 0x81, 0x7F, 0x81, 0x7F, 0x81, 0x7E, 0x82, 0x80, 0x80, 0x80, 0x80, 0x7F, 0x81, 
	0x7F, 0x82, 0x7E, 0x81, 0x80, 0x81, 0x7F, 0x81, 0x7F, 0x81, 0x81, 0x80, 0x7F, 0x80, 0x80, 0x80, 
	0x7F, 0x81, 0x7F, 0x80, 0x80, 0x81, 0x80, 0x80, 0x80, 0x7F, 0x80, 0x80, 0x7F, 0x81, 0x7E, 0x82, 
	0x7F, 0x80, 0x80, 0x80, 0x7F, 0x80, 0x80, 0x81, 0x80, 0x81, 0x7E, 0x81, 0x7F, 0x82, 0x7F, 0x80, 
	0x7F, 0x81, 0x7F, 0x81, 0x7E, 0x81, 0x80, 0x80, 0x81, 0x7E, 0x81, 0x7F, 0x80, 0x81, 0x80, 0x7F, 
	0x81, 0x7E, 0x82, 0x7E, 0x83, 0x7E, 0x81, 0x7E, 0x81, 0x7E, 0x81, 0x7E, 0x81, 0x7F, 0x82, 0x80, 
	0x80, 0x81, 0x80, 0x80, 0x7F, 0x81, 0x7F, 0x80, 0x80, 0x80, 0x80, 0x80, 0x7F, 0x81, 0x7E, 0x80, 
	0x7F, 0x80, 0x80, 0x7F, 0x80, 0x80, 0x7F, 0x81, 0x7F, 0x81, 0x80, 0x80, 0x80, 0x80, 0x80, 0x81, 
	0x7F, 0x81, 0x7F, 0x81, 0x7F, 0x80, 0x80, 0x80, 0x80, 0x80, 0x80, 0x80, 0x80, 0x80, 0x80, 0x80, 
	0x80, 0x80, 0x80, 0x7F, 0x81, 0x80, 0x80, 0x81, 0x80, 0x7F, 0x80, 0x80, 0x80, 0x80, 0x80, 0x80, 
	0x80, 0x80, 0x80, 0x7F, 0x82, 0x7F, 0x81, 0x80, 0x80, 0x7F, 0x80, 0x80, 0x81, 0x7F, 0x81, 0x7F, 
	0x80, 0x7F, 0x81, 0x80, 0x80, 0x81, 0x80, 0x80, 0x80, 0x7F, 0x81, 0x80, 0x80, 0x80, 0x80, 0x80, 
	0x7F, 0x81, 0x7F, 0x80, 0x80, 0x7F, 0x81, 0x80, 0x7F, 0x80, 0x81, 0x80, 0x80, 0x80, 0x80, 0x80, 
	0x7F, 0x7F, 0x80, 0x80, 0x80, 0x80, 0x7F, 0x81, 0x80, 0x80, 0x80, 0x81, 0x80, 0x80, 0x80, 0x80, 
	0x80, 0x80, 0x81, 0x7F, 0x80, 0x80, 0x80, 0x80, 0x80, 0x80, 0x7F, 0x80, 0x80, 0x80, 0x7F, 0x80, 
	0x81, 0x7F, 0x80, 0x80, 0x80, 0x80, 0x81, 0x7F, 0x81, 0x7F, 0x82, 0x7E, 0x81, 0x80, 0x80, 0x7F, 
	0x82, 0x7F, 0x81, 0x80, 0x81, 0x7F, 0x81, 0x80, 0x7F, 0x81, 0x80, 0x80, 0x81, 0x80, 0x81, 0x7E, 
	0x81, 0x80, 0x80, 0x7F, 0x80, 0x7F, 0x81, 0x81, 0x80, 0x7F, 0x81, 0x80, 0x7F, 0x81, 0x80, 0x80, 
	0x80, 0x80, 0x80, 0x80, 0x81, 0x80, 0x7F, 0x80, 0x80, 0x80, 0x80, 0x80, 0x80, 0x80, 0x80, 0x80, 
	0x80, 0x80, 0x80, 0x7F, 0x80, 0x81, 0x7F, 0x7F, 0x81, 0x7F, 0x80, 0x80, 0x80, 0x7F, 0x80, 0x80, 
	0x81, 0x80, 0x81, 0x80, 0x7F, 0x80, 0x81, 0x7F, 0x80, 0x80, 0x7F, 0x7F, 0x81, 0x80, 0x7F, 0x80, 
	0x80, 0x80, 0x80, 0x80, 0x80, 0x7F, 0x81, 0x80, 0x7F, 0x81, 0x80, 0x80, 0x7F, 0x81, 0x7F, 0x7F, 
	0x80, 0x81, 0x7F, 0x81, 0x80, 0x80, 0x80, 0x81, 0x7F, 0x80, 0x81, 0x80, 0x7F, 0x81, 0x81, 0x7F, 
	0x80, 0x81, 0x80, 0x7F, 0x80, 0x80, 0x7F, 0x81, 0x80, 0x7F, 0x80, 0x81, 0x80, 0x7F, 0x81, 0x80, 
	0x7F, 0x81, 0x7F, 0x80, 0x81, 0x80, 0x80, 0x80, 0x81, 0x80, 0x7E, 0x81, 0x80, 0x7F, 0x80, 0x81, 
	0x80, 0x7F, 0x81, 0x80, 0x7F, 0x81, 0x81, 0x7F, 0x81, 0x80, 0x7F, 0x7F, 0x81, 0x80, 0x7E, 0x80, 
	0x80, 0x80, 0x80, 0x81, 0x7F, 0x7F, 0x80, 0x80, 0x7E, 0x81, 0x81, 0x7F, 0x80, 0x81, 0x7F, 0x7F, 
	0x80, 0x80, 0x7F, 0x81, 0x81, 0x7E, 0x80, 0x82, 0x7F, 0x7F, 0x81, 0x80, 0x7E, 0x80, 0x82, 0x7F, 
	0x80, 0x82, 0x7F, 0x7F, 0x80, 0x81, 0x7E, 0x81, 0x81, 0x7F, 0x80, 0x82, 0x80, 0x7E, 0x82, 0x80, 
	0x7D, 0x82, 0x81, 0x7F, 0x80, 0x81, 0x7F, 0x7E, 0x81, 0x80, 0x7D, 0x82, 0x80, 0x7F, 0x7F, 0x82, 
	0x7F, 0x7E, 0x82, 0x80, 0x7E, 0x81, 0x81, 0x7F, 0x7F, 0x82, 0x7F, 0x7F, 0x81, 0x80, 0x7D, 0x81, 
	0x81, 0x7F, 0x7F, 0x82, 0x7F, 0x7F, 0x82, 0x81, 0x7D, 0x81, 0x81, 0x7F, 0x7F, 0x82, 0x7E, 0x7F, 
	0x81, 0x81, 0x7E, 0x81, 0x81, 0x80, 0x80, 0x82, 0x7F, 0x7D, 0x82, 0x80, 0x7F, 0x80, 0x82, 0x7F, 
	0x80, 0x81, 0x80, 0x7E, 0x82, 0x80, 0x7E, 0x81, 0x81, 0x7E, 0x7F, 0x81, 0x81, 0x7E, 0x82, 0x80, 
	0x7E, 0x80, 0x81, 0x7E, 0x7F, 0x81, 0x7F, 0x7F, 0x81, 0x81, 0x7E, 0x80, 0x82, 0x7F, 0x7F, 0x82, 
	0x7F, 0x7E, 0x81, 0x81, 0x7F, 0x80, 0x80, 0x7F, 0x7F, 0x82, 0x7F, 0x7F, 0x81, 0x81, 0x7E, 0x81, 
	0x80, 0x80, 0x7E, 0x83, 0x7E, 0x7F, 0x81, 0x82, 0x7E, 0x81, 0x80, 0x7F, 0x7F, 0x83, 0x7F, 0x7F, 
	0x81, 0x80, 0x7F, 0x80, 0x82, 0x7E, 0x7F, 0x81, 0x7F, 0x7E, 0x82, 0x81, 0x80, 0x7F, 0x81, 0x7F, 
	0x7F, 0x82, 0x7F, 0x7F, 0x81, 0x80, 0x7E, 0x80, 0x81, 0x7E, 0x7F, 0x81, 0x7F, 0x7F, 0x81, 0x80, 
	0x7F, 0x80, 0x82, 0x7E, 0x80, 0x82, 0x7F, 0x7F, 0x81, 0x80, 0x7F, 0x80, 0x82, 0x7E, 0x80, 0x82, 
	0x7F, 0x7F, 0x81, 0x81, 0x7F, 0x80, 0x82, 0x7F, 0x80, 0x82, 0x7F, 0x7F, 0x80, 0x81, 0x7E, 0x81, 
	0x81, 0x7F, 0x7F, 0x83, 0x7E, 0x80, 0x80, 0x81, 0x7E, 0x81, 0x81, 0x80, 0x7F, 0x83, 0x7D, 0x81, 
	0x7F, 0x83, 0x7D, 0x82, 0x80, 0x7F, 0x7F, 0x82, 0x80, 0x7F, 0x81, 0x81, 0x7E, 0x80, 0x82, 0x7F, 
	0x80, 0x81, 0x80, 0x7D, 0x81, 0x81, 0x7F, 0x7F, 0x83, 0x7E, 0x80, 0x82, 0x80, 0x7F, 0x81, 0x80, 
	0x7F, 0x81, 0x82, 0x7E, 0x80, 0x81, 0x7F, 0x7F, 0x81, 0x81, 0x7F, 0x81, 0x80, 0x7E, 0x81, 0x80, 
	0x7F, 0x81, 0x80, 0x80, 0x7E, 0x81, 0x80, 0x80, 0x80, 0x80, 0x80, 0x80, 0x7F, 0x81, 0x7E, 0x80, 
	0x7F, 0x80, 0x7F, 0x81, 0x80, 0x7F, 0x81, 0x81, 0x7F, 0x80, 0x81, 0x7F, 0x7F, 0x82, 0x7F, 0x7F, 
	0x81, 0x81, 0x7D, 0x81, 0x82, 0x7E, 0x80, 0x81, 0x7F, 0x7F, 0x80, 0x80, 0x7E, 0x81, 0x80, 0x7F, 
	0x80, 0x80, 0x7F, 0x80, 0x81, 0x80, 0x80, 0x80, 0x81, 0x80, 0x7E, 0x81, 0x80, 0x80, 0x80, 0x81, 
	0x7F, 0x80, 0x80, 0x7F, 0x7F, 0x81, 0x80, 0x7F, 0x7F, 0x81, 0x7F, 0x81, 0x80, 0x80, 0x7F, 0x81, 
	0x80, 0x7E, 0x81, 0x81, 0x80, 0x7F, 0x81, 0x7E, 0x81, 0x80, 0x82, 0x7D, 0x84, 0x7E, 0x82, 0x7D, 
	0x84, 0x7B, 0x84, 0x7C, 0x85, 0x7A, 0x87, 0x7A, 0x85, 0x79, 0x87, 0x78, 0x87, 0x7B, 0x85, 0x79, 
	0x86, 0x79, 0x86, 0x7C, 0x84, 0x7C, 0x83, 0x7E, 0x7F, 0x82, 0x7E, 0x83, 0x7B, 0x85, 0x79, 0x89, 
	0x78, 0x89, 0x77, 0x89, 0x75, 0x8B, 0x76, 0x8A, 0x77, 0x8B, 0x75, 0x8B, 0x78, 0x88, 0x78, 0x88, 
	0x79, 0x84, 0x7E, 0x81, 0x7F, 0x80, 0x81, 0x7D, 0x84, 0x7B, 0x84, 0x7A, 0x88, 0x76, 0x8A, 0x76, 
	0x89, 0x75, 0x8D, 0x73, 0x8D, 0x74, 0x8B, 0x73, 0x8E, 0x73, 0x8B, 0x76, 0x8A, 0x75, 0x8B, 0x77, 
	0x88, 0x7A, 0x87, 0x78, 0x86, 0x7C, 0x81, 0x80, 0x81, 0x81, 0x7C, 0x86, 0x78, 0x88, 0x79, 0x86, 
	0x79, 0x85, 0x7C, 0x81, 0x81, 0x80, 0x80, 0x80, 0x7E, 0x84, 0x7C, 0x85, 0x7A, 0x85, 0x7E, 0x7F, 
	0x83, 0x7D, 0x83, 0x7E, 0x80, 0x81, 0x7D, 0x84, 0x7C, 0x82, 0x80, 0x7F, 0x81, 0x7F, 0x7F, 0x80, 
	0x80, 0x7F, 0x80, 0x7F, 0x84, 0x7B, 0x85, 0x7D, 0x7F, 0x82, 0x80, 0x80, 0x81, 0x7D, 0x86, 0x78, 
	0x87, 0x7A, 0x83, 0x7F, 0x80, 0x81, 0x7F, 0x80, 0x82, 0x7D, 0x83, 0x7E, 0x7F, 0x82, 0x7D, 0x82, 
	0x7F, 0x81, 0x80, 0x7D, 0x83, 0x7E, 0x80, 0x81, 0x7E, 0x82, 0x7F, 0x80, 0x81, 0x7D, 0x83, 0x7D, 
	0x81, 0x81, 0x7F, 0x83, 0x7F, 0x81, 0x81, 0x7E, 0x82, 0x7F, 0x80, 0x81, 0x7F, 0x80, 0x80, 0x7E, 
	0x83, 0x7D, 0x83, 0x7F, 0x80, 0x81, 0x7F, 0x81, 0x7E, 0x81, 0x80, 0x7E, 0x83, 0x7F, 0x80, 0x7F, 
	0x81, 0x7E, 0x82, 0x7F, 0x80, 0x7F, 0x82, 0x7E, 0x81, 0x7F, 0x80, 0x81, 0x81, 0x7F, 0x82, 0x7E, 
	0x81, 0x80, 0x80, 0x7F, 0x7F, 0x81, 0x7D, 0x82, 0x80, 0x80, 0x7F, 0x82, 0x7E, 0x82, 0x7E, 0x83, 
	0x7C, 0x85, 0x7C, 0x82, 0x7F, 0x82, 0x7D, 0x82, 0x80, 0x80, 0x80, 0x83, 0x7D, 0x81, 0x81, 0x7E, 
	0x82, 0x7F, 0x82, 0x7D, 0x84, 0x7E, 0x7E, 0x82, 0x80, 0x7E, 0x83, 0x7E, 0x81, 0x7F, 0x83, 0x7C, 
	0x84, 0x7D, 0x81, 0x7E, 0x84, 0x7C, 0x81, 0x81, 0x7E, 0x81, 0x81, 0x7F, 0x7F, 0x81, 0x7F, 0x7F, 
	0x81, 0x81, 0x7D, 0x84, 0x7D, 0x83, 0x7E, 0x83, 0x7C, 0x83, 0x7F, 0x7F, 0x80, 0x82, 0x7F, 0x80, 
	0x83, 0x7E, 0x81, 0x80, 0x80, 0x7F, 0x83, 0x7E, 0x82, 0x7D, 0x84, 0x7B, 0x86, 0x7B, 0x83, 0x7E, 
	0x82, 0x7D, 0x82, 0x7F, 0x81, 0x7F, 0x82, 0x7E, 0x81, 0x80, 0x7F, 0x80, 0x80, 0x80, 0x80, 0x81, 
	0x7E, 0x82, 0x7F, 0x81, 0x7D, 0x84, 0x7D, 0x81, 0x7E, 0x81, 0x7E, 0x83, 0x7E, 0x81, 0x7E, 0x82, 
	0x7F, 0x7F, 0x80, 0x80, 0x80, 0x80, 0x80, 0x80, 0x7E, 0x82, 0x7F, 0x7F, 0x82, 0x7E, 0x81, 0x7E, 
	0x82, 0x7D, 0x81, 0x82, 0x7F, 0x7F, 0x84, 0x7C, 0x83, 0x7F, 0x82, 0x7C, 0x84, 0x7E, 0x80, 0x80, 
	0x82, 0x7C, 0x83, 0x7E, 0x80, 0x80, 0x82, 0x7D, 0x82, 0x80, 0x80, 0x7E, 0x84, 0x7C, 0x81, 0x81, 
	0x7F, 0x80, 0x81, 0x7E, 0x7F, 0x81, 0x80, 0x7F, 0x82, 0x7F, 0x7E, 0x82, 0x80, 0x7D, 0x82, 0x80, 
	0x7E, 0x81, 0x82, 0x7D, 0x80, 0x82, 0x7D, 0x80, 0x83, 0x7E, 0x7F, 0x82, 0x7E, 0x7F, 0x82, 0x81, 
	0x7D, 0x82, 0x80, 0x7F, 0x80, 0x82, 0x7E, 0x80, 0x82, 0x7E, 0x81, 0x7F, 0x80, 0x7F, 0x81, 0x80, 
	0x80, 0x81, 0x7F, 0x81, 0x80, 0x80, 0x80, 0x81, 0x7F, 0x81, 0x80, 0x80, 0x7F, 0x81, 0x7E, 0x81, 
	0x81, 0x80, 0x7E, 0x83, 0x7F, 0x81, 0x81, 0x81, 0x7D, 0x83, 0x7E, 0x80, 0x7F, 0x83, 0x7D, 0x81, 
	0x81, 0x7E, 0x81, 0x80, 0x80, 0x7F, 0x82, 0x7F, 0x81, 0x80, 0x81, 0x7E, 0x82, 0x7E, 0x81, 0x7F, 
	0x82, 0x7E, 0x82, 0x7D, 0x84, 0x7E, 0x82, 0x7E, 0x83, 0x7D, 0x82, 0x80, 0x81, 0x7D, 0x83, 0x7E, 
	0x81, 0x80, 0x81, 0x7E, 0x80, 0x81, 0x7E, 0x82, 0x7F, 0x81, 0x7E, 0x83, 0x7D, 0x82, 0x7F, 0x82, 
	0x7D, 0x84, 0x7D, 0x82, 0x7D, 0x83, 0x7C, 0x84, 0x7D, 0x83, 0x7D, 0x82, 0x7D, 0x83, 0x7E, 0x82, 
	0x7F, 0x81, 0x7F, 0x82, 0x7F, 0x80, 0x81, 0x7F, 0x80, 0x80, 0x81, 0x7D, 0x83, 0x7D, 0x81, 0x80, 
	0x82, 0x7E, 0x81, 0x7E, 0x80, 0x7F, 0x82, 0x7E, 0x81, 0x81, 0x80, 0x80, 0x81, 0x7F, 0x81, 0x80, 
	0x7F, 0x81, 0x80, 0x7F, 0x80, 0x82, 0x7E, 0x80, 0x81, 0x7F, 0x7F, 0x83, 0x7E, 0x80, 0x81, 0x80, 
	0x7D, 0x81, 0x80, 0x7E, 0x81, 0x82, 0x7D, 0x82, 0x80, 0x7F, 0x80, 0x81, 0x7F, 0x7F, 0x82, 0x7F, 
	0x7F, 0x82, 0x7E, 0x80, 0x82, 0x7E, 0x81, 0x80, 0x80, 0x7F, 0x83, 0x7F, 0x7F, 0x82, 0x7F, 0x7F, 
	0x82, 0x81, 0x7E, 0x82, 0x7F, 0x7F, 0x80, 0x83, 0x7C, 0x82, 0x82, 0x7E, 0x80, 0x83, 0x7C, 0x80, 
	0x81, 0x7F, 0x7D, 0x83, 0x7F, 0x7E, 0x83, 0x80, 0x7E, 0x82, 0x7F, 0x7F, 0x81, 0x81, 0x7E, 0x81, 
	0x81, 0x7D, 0x81, 0x82, 0x7E, 0x81, 0x80, 0x7F, 0x80, 0x81, 0x7F, 0x7F, 0x82, 0x7E, 0x80, 0x82, 
	0x7F, 0x7F, 0x82, 0x7F, 0x7E, 0x81, 0x81, 0x7F, 0x80, 0x82, 0x7C, 0x82, 0x80, 0x80, 0x7E, 0x82, 
	0x7D, 0x81, 0x80, 0x81, 0x7E, 0x82, 0x7F, 0x81, 0x7F, 0x82, 0x7E, 0x81, 0x7F, 0x81, 0x7F, 0x81, 
	0x7F, 0x81, 0x7F, 0x81, 0x80, 0x81, 0x80, 0x80, 0x7F, 0x80, 0x81, 0x7E, 0x81, 0x7F, 0x80, 0x7E, 
	0x82, 0x7E, 0x81, 0x81, 0x81, 0x7E, 0x82, 0x7E, 0x80, 0x80, 0x82, 0x7E, 0x81, 0x80, 0x7F, 0x7F, 
	0x81, 0x7F, 0x80, 0x80, 0x80, 0x7F, 0x80, 0x81, 0x7F, 0x81, 0x7F, 0x81, 0x7F, 0x82, 0x7F, 0x81, 
	0x7F, 0x82, 0x7F, 0x80, 0x80, 0x81, 0x7E, 0x81, 0x7F, 0x80, 0x80, 0x81, 0x7F, 0x7F, 0x81, 0x7F, 
	0x7F, 0x81, 0x80, 0x7F, 0x81, 0x7E, 0x81, 0x80, 0x82, 0x7D, 0x83, 0x7F, 0x80, 0x80, 0x81, 0x7E, 
	0x82, 0x80, 0x80, 0x7F, 0x81, 0x7F, 0x80, 0x82, 0x7E, 0x82, 0x80, 0x81, 0x7F, 0x83, 0x7E, 0x80, 
	0x81, 0x80, 0x7E, 0x82, 0x80, 0x7E, 0x80, 0x81, 0x7D, 0x81, 0x80, 0x7F, 0x81, 0x81, 0x7E, 0x7F, 
	0x82, 0x7E, 0x80, 0x81, 0x7F, 0x7F, 0x81, 0x81, 0x7E, 0x83, 0x7F, 0x7F, 0x81, 0x81, 0x7E, 0x81, 
	0x81, 0x7E, 0x81, 0x81, 0x7F, 0x81, 0x81, 0x7F, 0x80, 0x80, 0x7F, 0x7F, 0x82, 0x7F, 0x81, 0x81, 
	0x80, 0x7E, 0x82, 0x7F, 0x80, 0x80, 0x81, 0x7E, 0x81, 0x80, 0x7F, 0x80, 0x82, 0x7E, 0x7F, 0x81, 
	0x7F, 0x80, 0x81, 0x80, 0x7F, 0x81, 0x80, 0x80, 0x80, 0x82, 0x7E, 0x81, 0x80, 0x80, 0x80, 0x80, 
	0x80, 0x80, 0x80, 0x80, 0x80, 0x80, 0x80, 0x81, 0x80, 0x80, 0x80, 0x80, 0x80, 0x81, 0x81, 0x80, 
	0x81, 0x7F, 0x80, 0x7F, 0x81, 0x7E, 0x81, 0x80, 0x81, 0x7F, 0x82, 0x7E, 0x80, 0x80, 0x81, 0x7F, 
	0x83, 0x7F, 0x80, 0x80, 0x81, 0x7F, 0x81, 0x7F, 0x80, 0x80, 0x80, 0x80, 0x80, 0x7F, 0x80, 0x81, 
	0x80, 0x80, 0x80, 0x80, 0x7E, 0x80, 0x80, 0x7F, 0x80, 0x81, 0x7F, 0x7F, 0x82, 0x7E, 0x81, 0x80, 
	0x81, 0x7F, 0x82, 0x7F, 0x80, 0x80, 0x81, 0x7E, 0x82, 0x7F, 0x80, 0x7F, 0x81, 0x7E, 0x80, 0x80, 
	0x80, 0x7F, 0x81, 0x80, 0x80, 0x81, 0x80, 0x7F, 0x81, 0x80, 0x7F, 0x7F, 0x81, 0x7F, 0x80, 0x7F, 
	0x81, 0x80, 0x80, 0x80, 0x7F, 0x81, 0x80, 0x80, 0x80, 0x80, 0x80, 0x80, 0x80, 0x81, 0x80, 0x80, 
	0x80, 0x81, 0x7F, 0x80, 0x81, 0x80, 0x7F, 0x80, 0x80, 0x80, 0x80, 0x80, 0x80, 0x7E, 0x81, 0x7E, 
	0x80, 0x7F, 0x81, 0x7F, 0x81, 0x80, 0x80, 0x7F, 0x81, 0x7E, 0x81, 0x80, 0x81, 0x7F, 0x81, 0x7F, 
	0x80, 0x80, 0x81, 0x7F, 0x80, 0x80, 0x7F, 0x7F, 0x80, 0x7F, 0x7F, 0x81, 0x80, 0x7F, 0x81, 0x81, 
	0x80, 0x80, 0x81, 0x7E, 0x80, 0x81, 0x80, 0x7E, 0x82, 0x7F, 0x80, 0x80, 0x81, 0x7E, 0x82, 0x80, 
	0x7F, 0x81, 0x82, 0x7F, 0x81, 0x81, 0x7F, 0x7F, 0x81, 0x7F, 0x80, 0x80, 0x80, 0x7F, 0x82, 0x7F, 
	0x80, 0x82, 0x81, 0x7F, 0x81, 0x80, 0x80, 0x80, 0x81, 0x7E, 0x81, 0x7F, 0x81, 0x7F, 0x81, 0x7F, 
	0x81, 0x80, 0x81, 0x7F, 0x81, 0x7E, 0x81, 0x7F, 0x80, 0x7F, 0x81, 0x7E, 0x81, 0x7F, 0x81, 0x7F, 
	0x82, 0x7E, 0x81, 0x80, 0x81, 0x7E, 0x82, 0x7E, 0x80, 0x80, 0x81, 0x7F, 0x82, 0x7F, 0x80, 0x80, 
	0x80, 0x7E, 0x81, 0x80, 0x81, 0x7F, 0x81, 0x7E, 0x81, 0x7F, 0x81, 0x7F, 0x82, 0x7E, 0x81, 0x80, 
	0x80, 0x7F, 0x81, 0x80, 0x7F, 0x81, 0x7F, 0x81, 0x80, 0x81, 0x7E, 0x82, 0x7D, 0x82, 0x7E, 0x84, 
	0x7C, 0x83, 0x7E, 0x83, 0x7D, 0x83, 0x7D, 0x82, 0x7F, 0x81, 0x7E, 0x82, 0x7F, 0x80, 0x82, 0x7F, 
	0x81, 0x80, 0x82, 0x7E, 0x82, 0x7E, 0x81, 0x7F, 0x82, 0x7E, 0x81, 0x80, 0x80, 0x80, 0x81, 0x7F, 
	0x80, 0x80, 0x7F, 0x80, 0x80, 0x80, 0x7F, 0x82, 0x7F, 0x7F, 0x80, 0x80, 0x7F, 0x82, 0x81, 0x7F, 
	0x81, 0x80, 0x80, 0x7F, 0x82, 0x7F, 0x80, 0x81, 0x7F, 0x80, 0x81, 0x80, 0x7F, 0x81, 0x80, 0x7F, 
	0x81, 0x80, 0x7F, 0x81, 0x80, 0x7F, 0x80, 0x81, 0x7F, 0x7F, 0x81, 0x7F, 0x80, 0x81, 0x7F, 0x80, 
	0x81, 0x7F, 0x80, 0x80, 0x81, 0x7F, 0x81, 0x80, 0x7F, 0x82, 0x80, 0x81, 0x7F, 0x82, 0x7F, 0x80, 
	0x81, 0x80, 0x80, 0x82, 0x7E, 0x81, 0x80, 0x80, 0x7E, 0x80, 0x80, 0x7F, 0x82, 0x7E, 0x81, 0x7D, 
	0x82, 0x7D, 0x82, 0x7E, 0x7F, 0x80, 0x80, 0x80, 0x7E, 0x82, 0x7E, 0x81, 0x7F, 0x81, 0x7E, 0x82, 
	0x7D, 0x81, 0x7D, 0x83, 0x7C, 0x83, 0x7E, 0x82, 0x7E, 0x83, 0x7E, 0x81, 0x7F, 0x80, 0x7F, 0x82, 
	0x7F, 0x7F, 0x7F, 0x81, 0x7E, 0x81, 0x7F, 0x80, 0x80, 0x80, 0x80, 0x81, 0x80, 0x80, 0x7F, 0x82, 
	0x7E, 0x81, 0x7F, 0x81, 0x7F, 0x81, 0x7F, 0x80, 0x7F, 0x81, 0x7D, 0x81, 0x7F, 0x7F, 0x80, 0x80, 
	0x7F, 0x80, 0x82, 0x7F, 0x80, 0x81, 0x7F, 0x7F, 0x81, 0x7F, 0x7F, 0x81, 0x7F, 0x7F, 0x80, 0x81, 
	0x7E, 0x81, 0x7F, 0x80, 0x7F, 0x81, 0x7E, 0x81, 0x80, 0x80, 0x7E, 0x82, 0x7E, 0x81, 0x80, 0x82, 
	0x7F, 0x82, 0x7F, 0x81, 0x80, 0x82, 0x7E, 0x81, 0x80, 0x7F, 0x81, 0x80, 0x7F, 0x80, 0x81, 0x7F, 
	0x80, 0x80, 0x80, 0x80, 0x81, 0x7F, 0x7F, 0x81, 0x7E, 0x80, 0x80, 0x81, 0x7E, 0x82, 0x7F, 0x80, 
	0x80, 0x81, 0x7F, 0x81, 0x7F, 0x81, 0x7E, 0x83, 0x7D, 0x81, 0x7F, 0x81, 0x7F, 0x82, 0x7D, 0x82, 
	0x7E, 0x82, 0x7D, 0x84, 0x7E, 0x82, 0x7F, 0x82, 0x7D, 0x83, 0x7D, 0x82, 0x7E, 0x82, 0x7E, 0x82, 
	0x7E, 0x82, 0x7E, 0x84, 0x7C, 0x82, 0x7F, 0x81, 0x7F, 0x82, 0x7F, 0x80, 0x80, 0x80, 0x7F, 0x81, 
	0x80, 0x7E, 0x81, 0x80, 0x80, 0x7F, 0x82, 0x7D, 0x84, 0x7D, 0x84, 0x7B, 0x86, 0x7B, 0x85, 0x7B, 
	0x85, 0x7A, 0x86, 0x7A, 0x85, 0x7A, 0x85, 0x7B, 0x84, 0x7D, 0x82, 0x7E, 0x81, 0x7F, 0x80, 0x82, 
	0x7D, 0x83, 0x7C, 0x84, 0x7B, 0x85, 0x7B, 0x83, 0x7E, 0x82, 0x7E, 0x83, 0x7F, 0x80, 0x80, 0x80, 
	0x80, 0x80, 0x81, 0x7F, 0x80, 0x82, 0x7D, 0x82, 0x80, 0x80, 0x80, 0x80, 0x81, 0x7E, 0x82, 0x80, 
	0x7F, 0x82, 0x80, 0x82, 0x7F, 0x82, 0x7E, 0x80, 0x83, 0x7F, 0x80, 0x7F, 0x82, 0x7D, 0x83, 0x7F, 
	0x80, 0x7F, 0x82, 0x7E, 0x81, 0x7F, 0x80, 0x7F, 0x83, 0x7D, 0x83, 0x7E, 0x81, 0x7E, 0x81, 0x80, 
	0x7F, 0x82, 0x7E, 0x80, 0x81, 0x80, 0x7F, 0x80, 0x81, 0x7E, 0x82, 0x80, 0x80, 0x7E, 0x82, 0x7E, 
	0x82, 0x80, 0x80, 0x7F, 0x81, 0x80, 0x7F, 0x81, 0x7F, 0x80, 0x80, 0x81, 0x7F, 0x82, 0x7F, 0x80, 
	0x80, 0x80, 0x80, 0x81, 0x81, 0x7F, 0x81, 0x80, 0x81, 0x80, 0x82, 0x7E, 0x81, 0x80, 0x81, 0x7F, 
	0x82, 0x80, 0x7F, 0x80, 0x81, 0x7E, 0x80, 0x80, 0x80, 0x7F, 0x80, 0x7F, 0x81, 0x80, 0x80, 0x80, 
	0x7F, 0x81, 0x7E, 0x82, 0x7E, 0x81, 0x80, 0x80, 0x7F, 0x81, 0x7F, 0x81, 0x7F, 0x81, 0x7E, 0x81, 
	0x7F, 0x80, 0x7F, 0x80, 0x7F, 0x81, 0x80, 0x80, 0x7F, 0x81, 0x80, 0x80, 0x80, 0x80, 0x80, 0x80, 
	0x7F, 0x80, 0x80, 0x81, 0x7F, 0x82, 0x7F, 0x81, 0x7E, 0x81, 0x7E, 0x82, 0x7F, 0x80, 0x7F, 0x82, 
	0x7E, 0x81, 0x7F, 0x80, 0x80, 0x7F, 0x81, 0x7E, 0x83, 0x7E, 0x82, 0x7D, 0x83, 0x7D, 0x82, 0x7F, 
	0x80, 0x80, 0x80, 0x7F, 0x80, 0x81, 0x7F, 0x80, 0x80, 0x81, 0x80, 0x81, 0x7E, 0x83, 0x7D, 0x83, 
	0x7D, 0x82, 0x7D, 0x83, 0x7E, 0x82, 0x7F, 0x80, 0x7F, 0x80, 0x81, 0x80, 0x80, 0x80, 0x7F, 0x80, 
	0x80, 0x81, 0x80, 0x7F, 0x81, 0x7E, 0x81, 0x80, 0x81, 0x7F, 0x80, 0x81, 0x7F, 0x82, 0x80, 0x81, 
	0x7F, 0x81, 0x7F, 0x81, 0x80, 0x80, 0x7F, 0x80, 0x80, 0x81, 0x80, 0x80, 0x80, 0x80, 0x7F, 0x81, 
	0x80, 0x7F, 0x80, 0x80, 0x7F, 0x7F, 0x81, 0x80, 0x80, 0x80, 0x80, 0x7F, 0x81, 0x81, 0x80, 0x7F, 
	0x81, 0x80, 0x80, 0x81, 0x81, 0x7F, 0x80, 0x80, 0x81, 0x7E, 0x83, 0x7E, 0x82, 0x7E, 0x83, 0x7E, 
	0x81, 0x7F, 0x83, 0x7D, 0x82, 0x7E, 0x81, 0x7F, 0x82, 0x7F, 0x80, 0x7F, 0x80, 0x7F, 0x81, 0x80, 
	0x80, 0x81, 0x80, 0x80, 0x81, 0x80, 0x80, 0x7F, 0x82, 0x7F, 0x80, 0x80, 0x80, 0x7F, 0x80, 0x80, 
	0x80, 0x80, 0x80, 0x80, 0x7F, 0x7F, 0x80, 0x7F, 0x7F, 0x80, 0x80, 0x80, 0x80, 0x80, 0x7F, 0x81, 
	0x80, 0x81, 0x80, 0x82, 0x7F, 0x7F, 0x80, 0x81, 0x7F, 0x81, 0x80, 0x7F, 0x80, 0x80, 0x80, 0x7F, 
	0x81, 0x7F, 0x80, 0x80, 0x81, 0x80, 0x80, 0x80, 0x7F, 0x80, 0x7F, 0x80, 0x80, 0x80, 0x80, 0x81, 
	0x80, 0x80, 0x81, 0x7F, 0x80, 0x80, 0x81, 0x7E, 0x81, 0x7F, 0x81, 0x7E, 0x81, 0x7F, 0x80, 0x81, 
	0x80, 0x7F, 0x80, 0x82, 0x7F, 0x81, 0x7F, 0x80, 0x80, 0x81, 0x80, 0x7F, 0x81, 0x7F, 0x80, 0x7F, 
	0x81, 0x7E, 0x82, 0x7F, 0x81, 0x7F, 0x82, 0x7E, 0x80, 0x80, 0x80, 0x7E, 0x81, 0x7F, 0x81, 0x7F, 
	0x81, 0x7E, 0x81, 0x7F, 0x80, 0x80, 0x81, 0x80, 0x80, 0x7F, 0x81, 0x80, 0x81, 0x80, 0x7F, 0x80, 
	0x80, 0x80, 0x7F, 0x81, 0x7F, 0x80, 0x7F, 0x81, 0x80, 0x80, 0x7F, 0x81, 0x7F, 0x81, 0x7F, 0x81, 
	0x7E, 0x81, 0x80, 0x81, 0x7F, 0x81, 0x80, 0x80, 0x80, 0x80, 0x80, 0x80, 0x81, 0x7F, 0x81, 0x80, 
	0x81, 0x7F, 0x81, 0x7E, 0x82, 0x7E, 0x81, 0x7F, 0x81, 0x7F, 0x80, 0x81, 0x80, 0x80, 0x7F, 0x81, 
	0x80, 0x81, 0x80, 0x80, 0x80, 0x80, 0x80, 0x7F, 0x80, 0x80, 0x7F, 0x81, 0x80, 0x81, 0x80, 0x81, 
	0x80, 0x80, 0x81, 0x80, 0x80, 0x80, 0x81, 0x81, 0x80, 0x80, 0x80, 0x80, 0x80, 0x80, 0x80, 0x7F, 
	0x80, 0x80, 0x80, 0x7F, 0x81, 0x7E, 0x81, 0x80, 0x80, 0x7F, 0x80, 0x7F, 0x80, 0x81, 0x80, 0x80, 
	0x80, 0x81, 0x7F, 0x80, 0x80, 0x81, 0x7F, 0x81, 0x80, 0x80, 0x80, 0x80, 0x80, 0x7F, 0x81, 0x7F, 
	0x81, 0x80, 0x81, 0x7F, 0x81, 0x80, 0x80, 0x80, 0x80, 0x81, 0x7F, 0x81, 0x7F, 0x81, 0x80, 0x80, 
	0x80, 0x80, 0x80, 0x80, 0x81, 0x80, 0x80, 0x80, 0x80, 0x80, 0x80, 0x80, 0x7F, 0x81, 0x7F, 0x80, 
	0x80, 0x81, 0x80, 0x80, 0x81, 0x7F, 0x81, 0x80, 0x81, 0x7F, 0x81, 0x7F, 0x80, 0x80, 0x81, 0x80, 
	0x80, 0x80, 0x7F, 0x80, 0x80, 0x81, 0x80, 0x80, 0x80, 0x80, 0x80, 0x81, 0x7F, 0x80, 0x7F, 0x81, 
	0x7F, 0x7F, 0x81, 0x7F, 0x80, 0x7F, 0x80, 0x81, 0x7F, 0x81, 0x7E, 0x81, 0x7F, 0x81, 0x7F, 0x81, 
	0x7F, 0x81, 0x7E, 0x81, 0x7C, 0x84, 0x7D, 0x83, 0x7C, 0x84, 0x7D, 0x84, 0x7C, 0x84, 0x7B, 0x84, 
	0x7B, 0x85, 0x7C, 0x84, 0x7C, 0x83, 0x7E, 0x82, 0x80, 0x80, 0x81, 0x7E, 0x82, 0x7D, 0x83, 0x7D, 
	0x82, 0x7F, 0x80, 0x80, 0x7F, 0x82, 0x7E, 0x81, 0x80, 0x80, 0x80, 0x80, 0x80, 0x80, 0x7F, 0x82, 
	0x7D, 0x82, 0x7E, 0x82, 0x7E, 0x81, 0x80, 0x7F, 0x81, 0x7F, 0x81, 0x7F, 0x81, 0x7F, 0x80, 0x82, 
	0x7F, 0x81, 0x7E, 0x81, 0x7E, 0x82, 0x80, 0x80, 0x80, 0x80, 0x80, 0x80, 0x7F, 0x81, 0x7E, 0x82, 
	0x7F, 0x82, 0x7F, 0x80, 0x7F, 0x81, 0x7F, 0x81, 0x7F, 0x81, 0x7F, 0x80, 0x80, 0x80, 0x7F, 0x80, 
	0x7E, 0x81, 0x7F, 0x80, 0x80, 0x80, 0x81, 0x81, 0x7F, 0x81, 0x7F, 0x82, 0x7E, 0x82, 0x7F, 0x80, 
	0x80, 0x80, 0x80, 0x7F, 0x81, 0x80, 0x80, 0x7F, 0x81, 0x7F, 0x80, 0x80, 0x7F, 0x80, 0x7F, 0x82, 
	0x7E, 0x81, 0x7F, 0x81, 0x7F, 0x80, 0x80, 0x80, 0x80, 0x81, 0x80, 0x80, 0x81, 0x80, 0x80, 0x80, 
	0x80, 0x81, 0x80, 0x81, 0x7F, 0x81, 0x7F, 0x7F, 0x81, 0x7F, 0x7F, 0x80, 0x81, 0x7F, 0x80, 0x80, 
	0x80, 0x7F, 0x81, 0x7E, 0x81, 0x80, 0x80, 0x80, 0x80, 0x80, 0x80, 0x80, 0x80, 0x80, 0x80, 0x81, 
	0x7F, 0x81, 0x7F, 0x80, 0x80, 0x80, 0x80, 0x80, 0x81, 0x7F, 0x81, 0x7F, 0x81, 0x7F, 0x80, 0x7F, 
	0x80, 0x80, 0x80, 0x80, 0x80, 0x80, 0x81, 0x7F, 0x82, 0x7E, 0x82, 0x7E, 0x81, 0x7F, 0x80, 0x80, 
	0x7F, 0x81, 0x7E, 0x81, 0x7E, 0x80, 0x7F, 0x80, 0x80, 0x80, 0x80, 0x81, 0x7F, 0x81, 0x80, 0x7F, 
	0x80, 0x7F, 0x81, 0x7F, 0x81, 0x7F, 0x80, 0x7F, 0x80, 0x7F, 0x7F, 0x80, 0x80, 0x80, 0x7F, 0x80, 
	0x80, 0x7F, 0x81, 0x7F, 0x81, 0x7F, 0x82, 0x7F, 0x80, 0x81, 0x7F, 0x80, 0x80, 0x80, 0x80, 0x80, 
	0x81, 0x80, 0x80, 0x80, 0x7F, 0x81, 0x7F, 0x81, 0x7F, 0x80, 0x81, 0x80, 0x81, 0x7F, 0x81, 0x80, 
	0x80, 0x81, 0x7F, 0x82, 0x7E, 0x83, 0x7D, 0x82, 0x7F, 0x81, 0x82, 0x7D, 0x84, 0x7B, 0x86, 0x7B, 
	0x84, 0x7C, 0x83, 0x7D, 0x82, 0x7E, 0x82, 0x7E, 0x82, 0x7E, 0x81, 0x80, 0x80, 0x82, 0x7D, 0x83, 
	0x7C, 0x85, 0x7B, 0x85, 0x7C, 0x83, 0x7D, 0x81, 0x7F, 0x7F, 0x81, 0x7F, 0x80, 0x80, 0x7F, 0x82, 
	0x7E, 0x82, 0x7E, 0x82, 0x80, 0x7F, 0x82, 0x7E, 0x82, 0x7D, 0x82, 0x7E, 0x81, 0x80, 0x7F, 0x82, 
	0x7D, 0x84, 0x7C, 0x83, 0x7D, 0x82, 0x7F, 0x81, 0x81, 0x7E, 0x81, 0x7E, 0x80, 0x7F, 0x81, 0x80, 
	0x80, 0x7F, 0x81, 0x7E, 0x83, 0x7C, 0x83, 0x7D, 0x83, 0x7F, 0x80, 0x81, 0x7E, 0x83, 0x7D, 0x83, 
	0x7C, 0x82, 0x7E, 0x80, 0x82, 0x7E, 0x83, 0x7C, 0x84, 0x7C, 0x84, 0x7E, 0x81, 0x80, 0x7F, 0x81, 
	0x7E, 0x81, 0x7E, 0x80, 0x80, 0x7F, 0x81, 0x80, 0x7F, 0x81, 0x7E, 0x83, 0x7D, 0x83, 0x7D, 0x81, 
	0x7F, 0x80, 0x81, 0x7F, 0x81, 0x80, 0x80, 0x80, 0x80, 0x80, 0x81, 0x80, 0x80, 0x80, 0x80, 0x80, 
	0x80, 0x81, 0x80, 0x7F, 0x81, 0x80, 0x81, 0x7F, 0x80, 0x81, 0x7E, 0x82, 0x7E, 0x82, 0x7E, 0x83, 
	0x7F, 0x81, 0x80, 0x7F, 0x81, 0x7F, 0x81, 0x7F, 0x82, 0x7F, 0x80, 0x80, 0x80, 0x81, 0x7F, 0x82, 
	0x7D, 0x82, 0x7E, 0x81, 0x7F, 0x80, 0x82, 0x7E, 0x81, 0x7E, 0x81, 0x7F, 0x80, 0x81, 0x80, 0x81, 
	0x80, 0x81, 0x80, 0x7F, 0x81, 0x7F, 0x7F, 0x80, 0x80, 0x80, 0x7F, 0x81, 0x7E, 0x83, 0x7E, 0x81, 
	0x7F, 0x81, 0x80, 0x7F, 0x83, 0x7C, 0x83, 0x7F, 0x81, 0x7F, 0x7F, 0x81, 0x7F, 0x82, 0x7F, 0x80, 
	0x81, 0x7F, 0x81, 0x80, 0x7F, 0x80, 0x7F, 0x81, 0x7F, 0x81, 0x7E, 0x82, 0x7E, 0x82, 0x7F, 0x81, 
	0x7D, 0x82, 0x7F, 0x80, 0x82, 0x7E, 0x81, 0x80, 0x7F, 0x80, 0x80, 0x7E, 0x80, 0x81, 0x7F, 0x81, 
	0x80, 0x7E, 0x82, 0x80, 0x7F, 0x80, 0x80, 0x7F, 0x81, 0x81, 0x7E, 0x81, 0x7F, 0x7F, 0x81, 0x7F, 
	0x80, 0x80, 0x80, 0x7E, 0x82, 0x7E, 0x81, 0x81, 0x7D, 0x82, 0x7E, 0x81, 0x7E, 0x82, 0x7D, 0x82, 
	0x80, 0x7D, 0x83, 0x7D, 0x82, 0x80, 0x80, 0x7E, 0x82, 0x7E, 0x7E, 0x82, 0x7E, 0x81, 0x80, 0x7E, 
	0x82, 0x7F, 0x7F, 0x80, 0x81, 0x7D, 0x82, 0x7F, 0x7E, 0x83, 0x7F, 0x80, 0x81, 0x7E, 0x7F, 0x81, 
	0x7F, 0x7F, 0x81, 0x7E, 0x81, 0x80, 0x7F, 0x82, 0x80, 0x7E, 0x82, 0x7F, 0x7F, 0x83, 0x7F, 0x7F, 
	0x82, 0x7C, 0x81, 0x81, 0x7E, 0x81, 0x80, 0x7F, 0x81, 0x81, 0x7D, 0x84, 0x7E, 0x7F, 0x83, 0x7D, 
	0x80, 0x81, 0x7F, 0x7F, 0x83, 0x7D, 0x82, 0x80, 0x7D, 0x81, 0x80, 0x7E, 0x82, 0x80, 0x7D, 0x84, 
	0x7D, 0x7F, 0x82, 0x7D, 0x80, 0x83, 0x7D, 0x82, 0x81, 0x7E, 0x81, 0x81, 0x7E, 0x81, 0x81, 0x7D, 
	0x83, 0x7E, 0x7F, 0x83, 0x7D, 0x81, 0x81, 0x7F, 0x80, 0x82, 0x7E, 0x82, 0x80, 0x7D, 0x83, 0x7E, 
	0x80, 0x82, 0x7F, 0x7F, 0x82, 0x7E, 0x81, 0x81, 0x7E, 0x82, 0x7F, 0x7D, 0x83, 0x7E, 0x80, 0x81, 
	0x7E, 0x80, 0x81, 0x7E, 0x81, 0x81, 0x7E, 0x81, 0x80, 0x7E, 0x81, 0x7F, 0x7F, 0x82, 0x7F, 0x80, 
	0x82, 0x7E, 0x80, 0x81, 0x7F, 0x7F, 0x81, 0x7D, 0x82, 0x80, 0x7E, 0x83, 0x80, 0x7E, 0x83, 0x7F, 
	0x7F, 0x83, 0x7D, 0x81, 0x81, 0x7F, 0x81, 0x80, 0x7D, 0x83, 0x7E, 0x7F, 0x82, 0x7F, 0x7F, 0x84, 
	0x7E, 0x80, 0x83, 0x7C, 0x82, 0x80, 0x7E, 0x83, 0x80, 0x7E, 0x82, 0x7F, 0x7E, 0x83, 0x7E, 0x7F, 
	0x81, 0x7F, 0x81, 0x82, 0x7E, 0x80, 0x81, 0x7E, 0x82, 0x80, 0x7E, 0x81, 0x80, 0x80, 0x82, 0x80, 
	0x7F, 0x83, 0x7F, 0x7F, 0x82, 0x7E, 0x81, 0x82, 0x7E, 0x81, 0x81, 0x7E, 0x82, 0x7F, 0x7E, 0x82, 
	0x7E, 0x80, 0x82, 0x7E, 0x81, 0x81, 0x7D, 0x82, 0x7F, 0x7F, 0x82, 0x7F, 0x7F, 0x83, 0x7D, 0x81, 
	0x81, 0x7E, 0x83, 0x7F, 0x7E, 0x82, 0x7E, 0x80, 0x82, 0x7E, 0x7F, 0x82, 0x7D, 0x82, 0x81, 0x7E, 
	0x81, 0x80, 0x7E, 0x82, 0x81, 0x7D, 0x82, 0x7E, 0x80, 0x81, 0x7F, 0x7E, 0x82, 0x7E, 0x80, 0x81, 
	0x7E, 0x80, 0x81, 0x7E, 0x81, 0x80, 0x7F, 0x82, 0x80, 0x7E, 0x82, 0x80, 0x7E, 0x82, 0x7E, 0x7F, 
	0x82, 0x7F, 0x80, 0x82, 0x7D, 0x81, 0x80, 0x7E, 0x81, 0x80, 0x7E, 0x82, 0x7F, 0x80, 0x81, 0x7E, 
	0x80, 0x81, 0x7F, 0x81, 0x80, 0x7F, 0x81, 0x7E, 0x80, 0x82, 0x7D, 0x82, 0x80, 0x7E, 0x82, 0x7E, 
	0x80, 0x81, 0x7E, 0x81, 0x80, 0x7F, 0x83, 0x7F, 0x7F, 0x82, 0x7E, 0x81, 0x81, 0x7F, 0x81, 0x80, 
	0x7F, 0x82, 0x7E, 0x82, 0x7F, 0x80, 0x80, 0x7F, 0x80, 0x80, 0x80, 0x80, 0x7F, 0x7F, 0x83, 0x7E, 
	0x81, 0x81, 0x7E, 0x81, 0x7F, 0x80, 0x81, 0x80, 0x7F, 0x82, 0x7E, 0x80, 0x82, 0x7F, 0x81, 0x80, 
	0x7F, 0x80, 0x81, 0x7F, 0x81, 0x7F, 0x80, 0x81, 0x80, 0x80, 0x7F, 0x80, 0x81, 0x80, 0x7F, 0x81, 
	0x7E, 0x82, 0x7F, 0x81, 0x81, 0x7F, 0x81, 0x80, 0x7F, 0x81, 0x7F, 0x7F, 0x82, 0x7E, 0x7F, 0x82, 
	0x7D, 0x82, 0x80, 0x7E, 0x82, 0x7F, 0x7F, 0x82, 0x7F, 0x7F, 0x82, 0x7E, 0x80, 0x81, 0x7E, 0x81, 
	0x80, 0x7F, 0x81, 0x80, 0x7F, 0x81, 0x7F, 0x80, 0x81, 0x80, 0x81, 0x80, 0x81, 0x7F, 0x81, 0x80, 
	0x81, 0x7F, 0x81, 0x7E, 0x82, 0x7F, 0x80, 0x81, 0x7F, 0x81, 0x81, 0x7E, 0x81, 0x81, 0x7E, 0x82, 
	0x7F, 0x7F, 0x82, 0x7E, 0x81, 0x81, 0x7D, 0x82, 0x80, 0x7E, 0x82, 0x7F, 0x7F, 0x82, 0x7E, 0x80, 
	0x81, 0x7F, 0x80, 0x81, 0x7E, 0x80, 0x82, 0x7F, 0x80, 0x82, 0x7E, 0x80, 0x80, 0x7E, 0x82, 0x7F, 
	0x80, 0x80, 0x80, 0x80, 0x80, 0x7F, 0x80, 0x7F, 0x81, 0x7F, 0x81, 0x80, 0x7F, 0x82, 0x7E, 0x7F, 
	0x83, 0x7D, 0x81, 0x82, 0x7C, 0x82, 0x80, 0x7F, 0x82, 0x7F, 0x7F, 0x83, 0x7D, 0x81, 0x81, 0x7E, 
	0x83, 0x7F, 0x7F, 0x82, 0x7F, 0x80, 0x81, 0x7E, 0x82, 0x80, 0x7E, 0x82, 0x7E, 0x81, 0x81, 0x7D, 
	0x81, 0x80, 0x7E, 0x82, 0x7F, 0x80, 0x83, 0x7D, 0x82, 0x81, 0x7E, 0x83, 0x80, 0x7F, 0x82, 0x7E, 
	0x81, 0x80, 0x7F, 0x82, 0x80, 0x7F, 0x81, 0x81, 0x80, 0x7F, 0x80, 0x7F, 0x7F, 0x82, 0x7F, 0x7F, 
	0x82, 0x7F, 0x80, 0x81, 0x80, 0x7F, 0x83, 0x7C, 0x81, 0x82, 0x7C, 0x83, 0x80, 0x7C, 0x84, 0x7E, 
	0x80, 0x83, 0x7C, 0x82, 0x81, 0x7D, 0x82, 0x7F, 0x7F, 0x82, 0x7F, 0x80, 0x80, 0x80, 0x7F, 0x82, 
	0x80, 0x7F, 0x81, 0x7F, 0x81, 0x80, 0x7F, 0x82, 0x7E, 0x81, 0x7F, 0x7F, 0x82, 0x7E, 0x81, 0x81, 
	0x7E, 0x82, 0x7F, 0x80, 0x82, 0x7E, 0x81, 0x80, 0x7E, 0x81, 0x7E, 0x80, 0x81, 0x7E, 0x82, 0x7D, 
	0x81, 0x81, 0x7E, 0x82, 0x80, 0x7F, 0x82, 0x7E, 0x81, 0x82, 0x7F, 0x80, 0x81, 0x7E, 0x80, 0x81, 
	0x7D, 0x81, 0x80, 0x7D, 0x83, 0x7E, 0x81, 0x81, 0x7E, 0x81, 0x7F, 0x80, 0x81, 0x80, 0x81, 0x80, 
	0x80, 0x80, 0x7E, 0x82, 0x7E, 0x80, 0x81, 0x7E, 0x82, 0x80, 0x7F, 0x82, 0x7F, 0x80, 0x82, 0x7F, 
	0x80, 0x80, 0x7F, 0x81, 0x7F, 0x81, 0x7F, 0x80, 0x81, 0x7E, 0x82, 0x7F, 0x81, 0x81, 0x7D, 0x82, 
	0x7F, 0x80, 0x82, 0x7D, 0x83, 0x7E, 0x80, 0x81, 0x7E, 0x82, 0x7F, 0x80, 0x80, 0x80, 0x80, 0x7F, 
	0x81, 0x7E, 0x80, 0x7F, 0x7F, 0x82, 0x7F, 0x7F, 0x82, 0x7E, 0x81, 0x81, 0x7D, 0x81, 0x81, 0x7F, 
	0x82, 0x80, 0x7F, 0x82, 0x7E, 0x81, 0x80, 0x80, 0x81, 0x7E, 0x81, 0x7F, 0x80, 0x82, 0x7E, 0x83, 
	0x7F, 0x7F, 0x83, 0x7C, 0x82, 0x80, 0x7E, 0x82, 0x7F, 0x80, 0x81, 0x80, 0x7F, 0x82, 0x7F, 0x80, 
	0x82, 0x7F, 0x80, 0x81, 0x7E, 0x81, 0x80, 0x7E, 0x81, 0x80, 0x7E, 0x82, 0x7E, 0x80, 0x81, 0x7E, 
	0x82, 0x7F, 0x7F, 0x81, 0x7F, 0x80, 0x7F, 0x80, 0x81, 0x7E, 0x80, 0x7F, 0x80, 0x80, 0x80, 0x80, 
	0x7F, 0x81, 0x80, 0x80, 0x80, 0x80, 0x80, 0x80, 0x80, 0x80, 0x80, 0x81, 0x7F, 0x80, 0x81, 0x7D, 
	0x82, 0x80, 0x7F, 0x82, 0x7E, 0x80, 0x81, 0x7E, 0x82, 0x7F, 0x7F, 0x81, 0x7E, 0x82, 0x80, 0x80, 
	0x81, 0x7F, 0x81, 0x80, 0x7F, 0x81, 0x7F, 0x81, 0x80, 0x80, 0x80, 0x7F, 0x82, 0x7F, 0x80, 0x80, 
	0x80, 0x81, 0x7E, 0x81, 0x7F, 0x80, 0x81, 0x7E, 0x81, 0x80, 0x7F, 0x81, 0x7F, 0x80, 0x80, 0x80, 
	0x80, 0x80, 0x7F, 0x80, 0x80, 0x81, 0x80, 0x80, 0x81, 0x7E, 0x81, 0x81, 0x7F, 0x82, 0x7E, 0x81, 
	0x82, 0x7E, 0x83, 0x7F, 0x80, 0x81, 0x7F, 0x80, 0x80, 0x80, 0x80, 0x80, 0x81, 0x7E, 0x82, 0x7F, 
	0x80, 0x81, 0x7E, 0x80, 0x80, 0x7F, 0x81, 0x7F, 0x80, 0x81, 0x7F, 0x80, 0x80, 0x7F, 0x7F, 0x81, 
	0x7F, 0x80, 0x81, 0x7F, 0x80, 0x80, 0x7F, 0x81, 0x80, 0x80, 0x7F, 0x80, 0x80, 0x80, 0x81, 0x7F, 
	0x82, 0x7E, 0x80, 0x81, 0x7E, 0x82, 0x7E, 0x81, 0x80, 0x80, 0x80, 0x7F, 0x82, 0x7F, 0x81, 0x80, 
	0x7E, 0x81, 0x7F, 0x81, 0x80, 0x7F, 0x81, 0x7F, 0x80, 0x81, 0x80, 0x80, 0x81, 0x7F, 0x80, 0x80, 
	0x80, 0x81, 0x7F, 0x7F, 0x80, 0x80, 0x7F, 0x80, 0x80, 0x80, 0x80, 0x80, 0x81, 0x7F, 0x80, 0x80, 
	0x7F, 0x81, 0x7F, 0x81, 0x7F, 0x80, 0x81, 0x7F, 0x81, 0x80, 0x81, 0x7F, 0x80, 0x80, 0x7F, 0x82, 
	0x7E, 0x81, 0x80, 0x7F, 0x81, 0x7F, 0x82, 0x7F, 0x81, 0x80, 0x7F, 0x82, 0x7F, 0x82, 0x7F, 0x7F, 
	0x82, 0x7E, 0x81, 0x80, 0x80, 0x81, 0x80, 0x7F, 0x80, 0x80, 0x7F, 0x80, 0x7F, 0x7F, 0x80, 0x80, 
	0x80, 0x80, 0x80, 0x7F, 0x81, 0x80, 0x80, 0x81, 0x7F, 0x80, 0x80, 0x7F, 0x80, 0x80, 0x80, 0x80, 
	0x80, 0x7F, 0x81, 0x7F, 0x80, 0x80, 0x7F, 0x81, 0x81, 0x80, 0x7F, 0x81, 0x7F, 0x81, 0x80, 0x7E, 
	0x82, 0x7D, 0x82, 0x80, 0x7F, 0x83, 0x7D, 0x81, 0x81, 0x7F, 0x81, 0x7F, 0x80, 0x81, 0x80, 0x7F, 
	0x80, 0x80, 0x7F, 0x80, 0x80, 0x81, 0x7F, 0x80, 0x80, 0x80, 0x80, 0x7E, 0x81, 0x80, 0x80, 0x80, 
	0x7F, 0x80, 0x80, 0x7F, 0x80, 0x82, 0x7E, 0x81, 0x80, 0x7E, 0x82, 0x7F, 0x80, 0x81, 0x7F, 0x81, 
	0x81, 0x7F, 0x80, 0x81, 0x7E, 0x82, 0x80, 0x7F, 0x82, 0x7F, 0x81, 0x80, 0x80, 0x81, 0x80, 0x7F, 
	0x7F, 0x81, 0x7E, 0x81, 0x7F, 0x7F, 0x81, 0x7F, 0x81, 0x80, 0x81, 0x80, 0x80, 0x80, 0x80, 0x81, 
	0x7E, 0x80, 0x80, 0x80, 0x80, 0x80, 0x80, 0x80, 0x81, 0x7E, 0x81, 0x7F, 0x7F, 0x82, 0x7E, 0x82, 
	0x7F, 0x80, 0x80, 0x7F, 0x81, 0x7E, 0x82, 0x7F, 0x80, 0x81, 0x7E, 0x82, 0x7F, 0x81, 0x7F, 0x81, 
	0x80, 0x81, 0x81, 0x7F, 0x81, 0x7F, 0x81, 0x7F, 0x7F, 0x81, 0x7E, 0x82, 0x7F, 0x80, 0x81, 0x7E, 
	0x81, 0x80, 0x80, 0x80, 0x81, 0x80, 0x80, 0x80, 0x7F, 0x82, 0x7F, 0x80, 0x80, 0x7E, 0x82, 0x7F, 
	0x81, 0x7F, 0x80, 0x81, 0x80, 0x80, 0x80, 0x80, 0x80, 0x80, 0x80, 0x81, 0x7E, 0x81, 0x7F, 0x80, 
	0x81, 0x7F, 0x81, 0x80, 0x80, 0x80, 0x7F, 0x81, 0x7F, 0x80, 0x81, 0x7F, 0x81, 0x80, 0x7F, 0x81, 
	0x7F, 0x80, 0x80, 0x7F, 0x81, 0x7F, 0x80, 0x82, 0x7E, 0x81, 0x80, 0x7F, 0x81, 0x7F, 0x81, 0x80, 
	0x7E, 0x82, 0x7F, 0x80, 0x81, 0x7F, 0x80, 0x80, 0x7F, 0x81, 0x80, 0x80, 0x81, 0x7F, 0x80, 0x80, 
	0x7F, 0x80, 0x80, 0x80, 0x81, 0x80, 0x80, 0x81, 0x80, 0x80, 0x81, 0x7F, 0x80, 0x81, 0x80, 0x80, 
	0x80, 0x80, 0x81, 0x7F, 0x80, 0x80, 0x80, 0x80, 0x80, 0x80, 0x7F, 0x81, 0x7F, 0x80, 0x80, 0x80, 
	0x81, 0x7F, 0x81, 0x80, 0x80, 0x81, 0x7F, 0x80, 0x7F, 0x80, 0x80, 0x7F, 0x81, 0x80, 0x80, 0x80, 
	0x7F, 0x81, 0x7F, 0x80, 0x80, 0x80, 0x80, 0x80, 0x80, 0x7F, 0x81, 0x7F, 0x80, 0x81, 0x80, 0x81, 
	0x7E, 0x81, 0x80, 0x80, 0x81, 0x7F, 0x82, 0x7E, 0x81, 0x80, 0x80, 0x82, 0x7E, 0x81, 0x80, 0x80, 
	0x81, 0x7E, 0x81, 0x80, 0x80, 0x81, 0x80, 0x7F, 0x80, 0x80, 0x7F, 0x81, 0x80, 0x80, 0x80, 0x80, 
	0x80, 0x7F, 0x81, 0x80, 0x81, 0x80, 0x80, 0x80, 0x80, 0x7F, 0x81, 0x80, 0x80, 0x81, 0x7F, 0x81, 
	0x80, 0x7E, 0x82, 0x7E, 0x81, 0x7F, 0x80, 0x80, 0x7F, 0x81, 0x7E, 0x81, 0x7F, 0x7F, 0x80, 0x7F, 
	0x81, 0x7F, 0x80, 0x80, 0x80, 0x80, 0x7F, 0x81, 0x80, 0x81, 0x80, 0x80, 0x80, 0x7F, 0x80, 0x7F, 
	0x80, 0x80, 0x80, 0x80, 0x80, 0x80, 0x80, 0x80, 0x7F, 0x80, 0x7F, 0x81, 0x80, 0x80, 0x80, 0x7F, 
	0x81, 0x7F, 0x81, 0x7F, 0x81, 0x7F, 0x80, 0x81, 0x7F, 0x81, 0x7F, 0x81, 0x80, 0x80, 0x81, 0x7E, 
	0x82, 0x7F, 0x80, 0x81, 0x7F, 0x81, 0x7F, 0x80, 0x80, 0x80, 0x80, 0x7F, 0x80, 0x7F, 0x80, 0x80, 
	0x80, 0x7F, 0x80, 0x80, 0x80, 0x80, 0x80, 0x80, 0x7F, 0x81, 0x7F, 0x7F, 0x81, 0x7E, 0x81, 0x80, 
	0x80, 0x80, 0x7F, 0x80, 0x7F, 0x80, 0x80, 0x80, 0x80, 0x80, 0x80, 0x80, 0x80, 0x80, 0x81, 0x7F, 
	0x80, 0x80, 0x7F, 0x81, 0x7F, 0x81, 0x7F, 0x80, 0x81, 0x7F, 0x80, 0x80, 0x80, 0x81, 0x7F, 0x80, 
	0x81, 0x7F, 0x81, 0x80, 0x80, 0x81, 0x80, 0x81, 0x81, 0x7F, 0x81, 0x81, 0x7F, 0x80, 0x80, 0x7F, 
	0x81, 0x7F, 0x80, 0x80, 0x7F, 0x81, 0x80, 0x80, 0x81, 0x80, 0x81, 0x7F, 0x81, 0x80, 0x80, 0x81, 
	0x7F, 0x80, 0x81, 0x7F, 0x80, 0x81, 0x80, 0x80, 0x80, 0x7F, 0x81, 0x7F, 0x7F, 0x80, 0x7E, 0x81, 
	0x80, 0x80, 0x80, 0x7F, 0x80, 0x80, 0x7F, 0x80, 0x80, 0x7F, 0x7F, 0x80, 0x7F, 0x81, 0x7F, 0x7F, 
	0x81, 0x7E, 0x81, 0x81, 0x7F, 0x81, 0x80, 0x7F, 0x82, 0x7E, 0x81, 0x81, 0x7E, 0x82, 0x7F, 0x80, 
	0x81, 0x7E, 0x81, 0x80, 0x7F, 0x81, 0x7F, 0x80, 0x81, 0x80, 0x80, 0x80, 0x7F, 0x81, 0x80, 0x80, 
	0x80, 0x80, 0x7F, 0x81, 0x81, 0x7F, 0x81, 0x80, 0x80, 0x81, 0x7F, 0x82, 0x80, 0x7E, 0x81, 0x7E, 
	0x81, 0x81, 0x7F, 0x81, 0x80, 0x80, 0x81, 0x80, 0x7F, 0x82, 0x7E, 0x80, 0x80, 0x7E, 0x81, 0x7F, 
	0x80, 0x81, 0x7F, 0x81, 0x80, 0x80, 0x80, 0x81, 0x7E, 0x81, 0x80, 0x7F, 0x82, 0x7E, 0x81, 0x81, 
	0x7E, 0x81, 0x7F, 0x7F, 0x82, 0x7F, 0x7F, 0x82, 0x7E, 0x81, 0x81, 0x7E, 0x82, 0x7F, 0x7F, 0x81, 
	0x80, 0x7F, 0x80, 0x80, 0x7F, 0x81, 0x7E, 0x80, 0x81, 0x7E, 0x81, 0x7F, 0x80, 0x81, 0x80, 0x80, 
	0x81, 0x7F, 0x80, 0x81, 0x7F, 0x81, 0x7F, 0x7F, 0x82, 0x80, 0x80, 0x81, 0x7F, 0x7F, 0x81, 0x7F, 
	0x7F, 0x82, 0x7D, 0x81, 0x81, 0x7E, 0x82, 0x80, 0x7E, 0x82, 0x7E, 0x7F, 0x83, 0x7D, 0x80, 0x82, 
	0x7D, 0x82, 0x80, 0x7E, 0x83, 0x7F, 0x7E, 0x82, 0x7E, 0x7F, 0x82, 0x7E, 0x81, 0x82, 0x7C, 0x83, 
	0x80, 0x7F, 0x83, 0x7E, 0x80, 0x82, 0x7E, 0x81, 0x82, 0x7D, 0x82, 0x80, 0x7E, 0x83, 0x7E, 0x7F, 
	0x82, 0x7E, 0x81, 0x81, 0x7D, 0x82, 0x82, 0x7E, 0x81, 0x80, 0x7F, 0x83, 0x7F, 0x80, 0x80, 0x7E, 
	0x81, 0x80, 0x7F, 0x80, 0x81, 0x7F, 0x80, 0x81, 0x7F, 0x81, 0x80, 0x7F, 0x81, 0x7F, 0x7F, 0x81, 
	0x80, 0x80, 0x81, 0x80, 0x7F, 0x81, 0x80, 0x7F, 0x81, 0x7F, 0x7F, 0x82, 0x7F, 0x80, 0x82, 0x7E, 
	0x82, 0x80, 0x7D, 0x83, 0x7E, 0x7F, 0x83, 0x7E, 0x7F, 0x82, 0x7D, 0x81, 0x81, 0x7C, 0x82, 0x80, 
	0x7E, 0x83, 0x7E, 0x7F, 0x82, 0x7F, 0x80, 0x82, 0x7E, 0x80, 0x81, 0x7D, 0x82, 0x80, 0x7D, 0x82, 
	0x7F, 0x7F, 0x83, 0x7D, 0x80, 0x82, 0x7D, 0x81, 0x81, 0x7D, 0x82, 0x80, 0x7E, 0x82, 0x7F, 0x7F, 
	0x83, 0x7E, 0x7F, 0x83, 0x7D, 0x80, 0x82, 0x7C, 0x83, 0x80, 0x7C, 0x83, 0x7E, 0x7E, 0x84, 0x7D, 
	0x80, 0x82, 0x7C, 0x82, 0x81, 0x7C, 0x83, 0x80, 0x7E, 0x83, 0x7F, 0x7F, 0x83, 0x7E, 0x80, 0x82, 
	0x7E, 0x81, 0x81, 0x7D, 0x82, 0x7F, 0x7E, 0x83, 0x7E, 0x80, 0x82, 0x7E, 0x81, 0x81, 0x7E, 0x82, 
	0x7F, 0x7F, 0x82, 0x7F, 0x80, 0x80, 0x7F, 0x81, 0x81, 0x7F, 0x80, 0x80, 0x7F, 0x80, 0x82, 0x7F, 
	0x7F, 0x81, 0x7F, 0x81, 0x82, 0x7E, 0x82, 0x80, 0x7E, 0x83, 0x7F, 0x80, 0x83, 0x7D, 0x80, 0x82, 
	0x7D, 0x82, 0x81, 0x7D, 0x83, 0x7F, 0x7E, 0x84, 0x7D, 0x80, 0x83, 0x7C, 0x82, 0x81, 0x7C, 0x83, 
	0x80, 0x7D, 0x85, 0x7D, 0x7E, 0x84, 0x7C, 0x81, 0x83, 0x7B, 0x84, 0x81, 0x7C, 0x84, 0x7F, 0x7E, 
	0x84, 0x7D, 0x7F, 0x84, 0x7C, 0x81, 0x83, 0x7C, 0x82, 0x82, 0x7B, 0x83, 0x81, 0x7C, 0x85, 0x7E, 
	0x7C, 0x86, 0x7B, 0x7F, 0x85, 0x7A, 0x81, 0x84, 0x7A, 0x84, 0x81, 0x7B, 0x86, 0x7F, 0x7C, 0x86, 
	0x7D, 0x7F, 0x85, 0x7B, 0x80, 0x85, 0x7A, 0x82, 0x84, 0x7A, 0x85, 0x81, 0x7B, 0x85, 0x7E, 0x7D, 
	0x86, 0x7B, 0x7F, 0x85, 0x7B, 0x81, 0x84, 0x7B, 0x83, 0x81, 0x7B, 0x84, 0x81, 0x7C, 0x85, 0x7F, 
	0x7D, 0x85, 0x7D, 0x7F, 0x84, 0x7D, 0x81, 0x83, 0x7C, 0x82, 0x82, 0x7B, 0x82, 0x81, 0x7C, 0x84, 
	0x7F, 0x7D, 0x83, 0x7E, 0x7F, 0x83, 0x7E, 0x80, 0x83, 0x7D, 0x81, 0x81, 0x7D, 0x82, 0x7F, 0x7E, 
	0x82, 0x80, 0x80, 0x82, 0x80, 0x80, 0x81, 0x7F, 0x81, 0x80, 0x80, 0x81, 0x7F, 0x81, 0x80, 0x80, 
	0x81, 0x7F, 0x80, 0x81, 0x80, 0x80, 0x80, 0x7F, 0x81, 0x80, 0x7E, 0x81, 0x80, 0x7E, 0x81, 0x7F, 
	0x80, 0x81, 0x7F, 0x7F, 0x81, 0x7F, 0x7F, 0x81, 0x7F, 0x80, 0x81, 0x7E, 0x80, 0x82, 0x7F, 0x81, 
	0x81, 0x7D, 0x81, 0x81, 0x7E, 0x82, 0x80, 0x7E, 0x82, 0x80, 0x7E, 0x83, 0x7E, 0x80, 0x83, 0x7C, 
	0x81, 0x82, 0x7D, 0x82, 0x81, 0x7E, 0x82, 0x7F, 0x7F, 0x82, 0x7E, 0x7F, 0x81, 0x7F, 0x81, 0x81, 
	0x7E, 0x80, 0x80, 0x7F, 0x81, 0x80, 0x7F, 0x80, 0x7F, 0x7F, 0x80, 0x81, 0x80, 0x80, 0x80, 0x7F, 
	0x80, 0x7F, 0x80, 0x81, 0x7F, 0x80, 0x80, 0x80, 0x81, 0x80, 0x80, 0x80, 0x7F, 0x81, 0x81, 0x7F, 
	0x81, 0x81, 0x7E, 0x81, 0x7E, 0x7E, 0x82, 0x7F, 0x80, 0x82, 0x7E, 0x81, 0x82, 0x7E, 0x81, 0x80, 
	0x7E, 0x82, 0x80, 0x7F, 0x82, 0x80, 0x7F, 0x82, 0x7E, 0x7F, 0x82, 0x7E, 0x80, 0x82, 0x7E, 0x80, 
	0x82, 0x7E, 0x81, 0x81, 0x7D, 0x82, 0x80, 0x7F, 0x82, 0x7F, 0x80, 0x81, 0x7F, 0x81, 0x81, 0x7F, 
	0x80, 0x81, 0x7F, 0x81, 0x7F, 0x80, 0x80, 0x80, 0x80, 0x80, 0x80, 0x80, 0x7F, 0x80, 0x80, 0x80, 
	0x80, 0x81, 0x7F, 0x81, 0x80, 0x7F, 0x81, 0x7F, 0x7F, 0x82, 0x7F, 0x80, 0x81, 0x7E, 0x81, 0x81, 
	0x7F, 0x81, 0x7F, 0x7E, 0x81, 0x7F, 0x7F, 0x81, 0x7F, 0x7F, 0x81, 0x7F, 0x80, 0x82, 0x7F, 0x81, 
	0x80, 0x7F, 0x81, 0x80, 0x80, 0x80, 0x80, 0x7F, 0x81, 0x80, 0x80, 0x81, 0x7F, 0x7F, 0x81, 0x80, 
	0x7F, 0x81, 0x7F, 0x7F, 0x82, 0x7F, 0x80, 0x80, 0x7E, 0x81, 0x80, 0x7F, 0x82, 0x7F, 0x80, 0x81, 
	0x7E, 0x81, 0x81, 0x7D, 0x81, 0x7F, 0x7F, 0x82, 0x7E, 0x80, 0x83, 0x7D, 0x81, 0x80, 0x7E, 0x83, 
	0x7E, 0x7E, 0x83, 0x7D, 0x80, 0x81, 0x7E, 0x80, 0x81, 0x7E, 0x80, 0x81, 0x7E, 0x81, 0x81, 0x7E, 
	0x82, 0x80, 0x7E, 0x83, 0x7F, 0x7F, 0x82, 0x7E, 0x80, 0x81, 0x7E, 0x81, 0x80, 0x7F, 0x81, 0x80, 
	0x7F, 0x80, 0x81, 0x7F, 0x80, 0x80, 0x7F, 0x81, 0x81, 0x7F, 0x81, 0x80, 0x7F, 0x81, 0x7F, 0x80, 
	0x81, 0x7F, 0x81, 0x80, 0x7F, 0x81, 0x80, 0x80, 0x80, 0x80, 0x81, 0x81, 0x7F, 0x80, 0x80, 0x80, 
	0x81, 0x7F, 0x80, 0x81, 0x7E, 0x81, 0x80, 0x7E, 0x82, 0x80, 0x7E, 0x81, 0x7F, 0x7F, 0x82, 0x7F, 
	0x80, 0x82, 0x7D, 0x80, 0x81, 0x7E, 0x81, 0x81, 0x7E, 0x81, 0x81, 0x7F, 0x82, 0x80, 0x7E, 0x82, 
	0x80, 0x7E, 0x83, 0x80, 0x7D, 0x83, 0x7F, 0x7E, 0x84, 0x7E, 0x7F, 0x83, 0x7D, 0x80, 0x83, 0x7C, 
	0x82, 0x82, 0x7C, 0x83, 0x81, 0x7D, 0x83, 0x7F, 0x7E, 0x83, 0x80, 0x7E, 0x83, 0x7F, 0x7E, 0x84, 
	0x7F, 0x7F, 0x83, 0x7E, 0x7F, 0x83, 0x7E, 0x80, 0x82, 0x7D, 0x81, 0x82, 0x7D, 0x81, 0x82, 0x7D, 
	0x81, 0x82, 0x7D, 0x81, 0x82, 0x7C, 0x82, 0x80, 0x7E, 0x83, 0x7F, 0x7F, 0x82, 0x7F, 0x7F, 0x82, 
	0x7F, 0x7F, 0x82, 0x7F, 0x7F, 0x82, 0x80, 0x7E, 0x82, 0x7E, 0x7F, 0x83, 0x7E, 0x80, 0x82, 0x7E, 
	0x80, 0x82, 0x7D, 0x80, 0x82, 0x7C, 0x81, 0x81, 0x7D, 0x82, 0x82, 0x7D, 0x84, 0x81, 0x7D, 0x83, 
	0x7F, 0x7D, 0x83, 0x7D, 0x7F, 0x83, 0x7E, 0x80, 0x82, 0x7D, 0x80, 0x81, 0x7E, 0x81, 0x82, 0x7E, 
	0x80, 0x81, 0x7E, 0x81, 0x80, 0x7F, 0x81, 0x81, 0x7F, 0x81, 0x80, 0x80, 0x81, 0x80, 0x7F, 0x81, 
	0x80, 0x7F, 0x81, 0x7F, 0x80, 0x81, 0x80, 0x7F, 0x80, 0x81, 0x80, 0x80, 0x82, 0x7E, 0x81, 0x81, 
	0x7E, 0x82, 0x81, 0x7E, 0x82, 0x80, 0x7D, 0x83, 0x7F, 0x7E, 0x82, 0x7E, 0x7F, 0x83, 0x7D, 0x80, 
	0x83, 0x7D, 0x81, 0x81, 0x7D, 0x82, 0x81, 0x7D, 0x83, 0x80, 0x7E, 0x83, 0x7F, 0x7E, 0x82, 0x7F, 
	0x80, 0x82, 0x7F, 0x81, 0x82, 0x7D, 0x80, 0x81, 0x7F, 0x80, 0x81, 0x7E, 0x81, 0x81, 0x7F, 0x82, 
	0x80, 0x80, 0x82, 0x7F, 0x7F, 0x81, 0x80, 0x7F, 0x80, 0x7F, 0x81, 0x80, 0x80, 0x81, 0x7F, 0x80, 
	0x80, 0x80, 0x81, 0x80, 0x80, 0x81, 0x7E, 0x81, 0x81, 0x7E, 0x81, 0x80, 0x7F, 0x82, 0x7F, 0x7F, 
	0x82, 0x7F, 0x80, 0x82, 0x7E, 0x80, 0x81, 0x7D, 0x81, 0x81, 0x7D, 0x81, 0x80, 0x7E, 0x83, 0x7F, 
	0x80, 0x82, 0x7F, 0x7F, 0x82, 0x7E, 0x80, 0x82, 0x7E, 0x80, 0x81, 0x7E, 0x81, 0x81, 0x7E, 0x81, 
	0x80, 0x7F, 0x81, 0x80, 0x7F, 0x82, 0x80, 0x80, 0x81, 0x7F, 0x7F, 0x81, 0x7F, 0x80, 0x80, 0x80, 
	0x80, 0x81, 0x80, 0x7F, 0x81, 0x80, 0x7F, 0x81, 0x7F, 0x7F, 0x81, 0x80, 0x7F, 0x81, 0x7F, 0x80, 
	0x81, 0x7E, 0x80, 0x82, 0x7E, 0x81, 0x81, 0x7E, 0x81, 0x80, 0x7F, 0x82, 0x80, 0x7D, 0x82, 0x80, 
	0x7E, 0x82, 0x7F, 0x7F, 0x82, 0x7E, 0x80, 0x83, 0x7E, 0x80, 0x82, 0x7E, 0x80, 0x81, 0x7D, 0x81, 
	0x81, 0x7E, 0x81, 0x80, 0x7F, 0x82, 0x81, 0x7F, 0x81, 0x80, 0x7F, 0x81, 0x80, 0x7F, 0x81, 0x80, 
	0x80, 0x80, 0x80, 0x7F, 0x80, 0x81, 0x7F, 0x80, 0x81, 0x7F, 0x80, 0x80, 0x7E, 0x81, 0x82, 0x7E, 
	0x81, 0x80, 0x7E, 0x84, 0x80, 0x7E, 0x83, 0x7E, 0x7E, 0x84, 0x7E, 0x7F, 0x83, 0x7D, 0x80, 0x83, 
	0x7C, 0x80, 0x82, 0x7C, 0x83, 0x82, 0x7C, 0x82, 0x81, 0x7C, 0x83, 0x80, 0x7E, 0x84, 0x7F, 0x7E, 
	0x83, 0x7F, 0x7E, 0x83, 0x7D, 0x80, 0x83, 0x7E, 0x80, 0x82, 0x7E, 0x81, 0x82, 0x7E, 0x81, 0x81, 
	0x7E, 0x81, 0x80, 0x7F, 0x81, 0x82, 0x7D, 0x81, 0x81, 0x7E, 0x82, 0x81, 0x7D, 0x81, 0x80, 0x7D, 
	0x82, 0x80, 0x7E, 0x82, 0x80, 0x7D, 0x83, 0x7F, 0x7E, 0x83, 0x7F, 0x7F, 0x83, 0x7D, 0x7F, 0x83, 
	0x7D, 0x80, 0x82, 0x7D, 0x81, 0x82, 0x7C, 0x82, 0x81, 0x7D, 0x83, 0x80, 0x7D, 0x83, 0x7F, 0x7E, 
	0x83, 0x7F, 0x7E, 0x83, 0x7D, 0x7F, 0x82, 0x7E, 0x80, 0x82, 0x7E, 0x80, 0x81, 0x7E, 0x80, 0x81, 
	0x7E, 0x80, 0x80, 0x7E, 0x81, 0x81, 0x7F, 0x81, 0x80, 0x7F, 0x80, 0x81, 0x7F, 0x81, 0x80, 0x7F, 
	0x80, 0x81, 0x7F, 0x81, 0x81, 0x7E, 0x81, 0x80, 0x7E, 0x81, 0x80, 0x7F, 0x82, 0x7F, 0x7E, 0x82, 
	0x7F, 0x7F, 0x82, 0x7E, 0x7F, 0x82, 0x7E, 0x80, 0x82, 0x7E, 0x80, 0x82, 0x7E, 0x81, 0x81, 0x7D, 
	0x82, 0x81, 0x7E, 0x83, 0x80, 0x7E, 0x82, 0x7F, 0x7F, 0x82, 0x7F, 0x7F, 0x83, 0x7E, 0x80, 0x82, 
	0x7D, 0x80, 0x82, 0x7E, 0x81, 0x82, 0x7D, 0x81, 0x81, 0x7E, 0x82, 0x80, 0x7E, 0x82, 0x80, 0x7E, 
	0x82, 0x7F, 0x7F, 0x81, 0x7F, 0x80, 0x82, 0x7F, 0x7F, 0x82, 0x7F, 0x80, 0x81, 0x7F, 0x7F, 0x81, 
	0x7F, 0x7F, 0x81, 0x7F, 0x7F, 0x81, 0x7E, 0x7F, 0x82, 0x7E, 0x80, 0x81, 0x7E, 0x80, 0x81, 0x7E, 
	0x82, 0x81, 0x7D, 0x82, 0x80, 0x7E, 0x81, 0x80, 0x7F, 0x82, 0x80, 0x7E, 0x82, 0x7F, 0x7E, 0x82, 
	0x7F, 0x80, 0x82, 0x7F, 0x80, 0x82, 0x7F, 0x80, 0x81, 0x7E, 0x80, 0x81, 0x7E, 0x80, 0x81, 0x7D, 
	0x81, 0x81, 0x7E, 0x82, 0x81, 0x7E, 0x81, 0x81, 0x7E, 0x82, 0x80, 0x7E, 0x82, 0x7F, 0x7F, 0x82, 
	0x7F, 0x7F, 0x82, 0x7F, 0x7F, 0x82, 0x7F, 0x7F, 0x82, 0x7F, 0x80, 0x82, 0x7E, 0x7F, 0x82, 0x7E, 
	0x80, 0x82, 0x7D, 0x80, 0x81, 0x7E, 0x82, 0x81, 0x7E, 0x81, 0x80, 0x7E, 0x82, 0x7F, 0x7F, 0x82, 
	0x7F, 0x7F, 0x83, 0x7F, 0x7F, 0x82, 0x7F, 0x80, 0x82, 0x7E, 0x80, 0x81, 0x7E, 0x80, 0x81, 0x7F, 
	0x80, 0x81, 0x7F, 0x80, 0x81, 0x7E, 0x80, 0x80, 0x7F, 0x81, 0x81, 0x7E, 0x81, 0x81, 0x7F, 0x82, 
	0x80, 0x7E, 0x81, 0x81, 0x7E, 0x81, 0x80, 0x7E, 0x82, 0x80, 0x7F, 0x82, 0x7F, 0x7F, 0x82, 0x7F, 
	0x7F, 0x82, 0x7F, 0x7F, 0x82, 0x7F, 0x80, 0x82, 0x7E, 0x80, 0x82, 0x7F, 0x80, 0x82, 0x7E, 0x81, 
	0x80, 0x7F, 0x81, 0x81, 0x7F, 0x80, 0x81, 0x7E, 0x82, 0x80, 0x7E, 0x82, 0x80, 0x7F, 0x81, 0x80, 
	0x7F, 0x81, 0x80, 0x7F, 0x81, 0x80, 0x7F, 0x81, 0x7F, 0x7F, 0x81, 0x80, 0x7F, 0x81, 0x80, 0x7F, 
	0x80, 0x7F, 0x80, 0x81, 0x7F, 0x80, 0x81, 0x7F, 0x7F, 0x82, 0x7F, 0x80, 0x81, 0x7F, 0x81, 0x81, 
	0x7F, 0x80, 0x80, 0x7F, 0x81, 0x81, 0x7F, 0x81, 0x80, 0x7E, 0x81, 0x7F, 0x80, 0x81, 0x80, 0x80, 
	0x82, 0x7F, 0x80, 0x82, 0x7F, 0x80, 0x81, 0x7F, 0x80, 0x80, 0x7F, 0x80, 0x80, 0x7F, 0x80, 0x80, 
	0x7F, 0x81, 0x80, 0x7F, 0x80, 0x80, 0x7F, 0x7F, 0x80, 0x80, 0x81, 0x80, 0x7E, 0x81, 0x80, 0x7F, 
	0x81, 0x7F, 0x7F, 0x81, 0x80, 0x80, 0x81, 0x7F, 0x81, 0x80, 0x7F, 0x80, 0x80, 0x7F, 0x80, 0x81, 
	0x80, 0x7F, 0x80, 0x80, 0x80, 0x80, 0x80, 0x80, 0x80, 0x7F, 0x81, 0x80, 0x80, 0x80, 0x80, 0x7F, 
	0x80, 0x80, 0x80, 0x80, 0x80, 0x80, 0x80, 0x80, 0x80, 0x81, 0x7F, 0x80, 0x81, 0x7F, 0x80, 0x80, 
	0x80, 0x7F, 0x80, 0x80, 0x81, 0x7F, 0x7F, 0x81, 0x7F, 0x81, 0x80, 0x80, 0x80, 0x80, 0x81, 0x80, 
	0x80, 0x80, 0x7F, 0x7F, 0x80, 0x81, 0x80, 0x80, 0x80, 0x81, 0x7F, 0x80, 0x80, 0x80, 0x81, 0x7F, 
	0x7F, 0x80, 0x80, 0x80, 0x81, 0x80, 0x7F, 0x80, 0x80, 0x80, 0x80, 0x7F, 0x80, 0x80, 0x80, 0x81, 
	0x80, 0x7F, 0x80, 0x80, 0x7F, 0x80, 0x80, 0x81, 0x80, 0x80, 0x7F, 0x80, 0x81, 0x80, 0x80, 0x80, 
	0x80, 0x81, 0x80, 0x7F, 0x81, 0x80, 0x80, 0x80, 0x80, 0x80, 0x80, 0x80, 0x80, 0x81, 0x80, 0x80, 
	0x80, 0x7F, 0x80, 0x80, 0x81, 0x80, 0x80, 0x80, 0x80, 0x81, 0x80, 0x80, 0x81, 0x80, 0x7F, 0x80, 
	0x80, 0x7F, 0x80, 0x80, 0x80, 0x7F, 0x80, 0x80, 0x80, 0x7F, 0x80, 0x7F, 0x7F, 0x80, 0x81, 0x7F, 
	0x7F, 0x81, 0x80, 0x7F, 0x80, 0x80, 0x80, 0x80, 0x80, 0x80, 0x80, 0x80, 0x81, 0x80, 0x80, 0x80, 
	0x80, 0x80, 0x80, 0x80, 0x80, 0x80, 0x80, 0x80, 0x80, 0x80, 0x80, 0x7F, 0x80, 0x80, 0x7F, 0x80, 
	0x7F, 0x80, 0x81, 0x80, 0x80, 0x80, 0x80, 0x81, 0x80, 0x7F, 0x80, 0x81, 0x7F, 0x80, 0x80, 0x7F, 
	0x80, 0x81, 0x80, 0x80, 0x7F, 0x80, 0x80, 0x80, 0x81, 0x80, 0x7F, 0x80, 0x81, 0x80, 0x80, 0x80, 
	0x81, 0x80, 0x7F, 0x81, 0x80, 0x80, 0x80, 0x80, 0x7F, 0x7F, 0x81, 0x80, 0x7F, 0x80, 0x81, 0x7F, 
	0x80, 0x80, 0x7F, 0x80, 0x80, 0x80, 0x80, 0x80, 0x81, 0x80, 0x7F, 0x80, 0x80, 0x80, 0x81, 0x80, 
	0x7F, 0x80, 0x80, 0x7F, 0x80, 0x81, 0x80, 0x7F, 0x80, 0x81, 0x7F, 0x80, 0x80, 0x80, 0x7F, 0x80, 
	0x81, 0x7F, 0x7F, 0x81, 0x7F, 0x7F, 0x80, 0x80, 0x80, 0x81, 0x80, 0x80, 0x80, 0x80, 0x80, 0x80, 
	0x7F, 0x81, 0x81, 0x7F, 0x80, 0x81, 0x7F, 0x7F, 0x81, 0x7F, 0x80, 0x80, 0x80, 0x80, 0x80, 0x81, 
	0x81, 0x7F, 0x80, 0x80, 0x7F, 0x7F, 0x81, 0x80, 0x80, 0x81, 0x7F, 0x80, 0x80, 0x80, 0x80, 0x80, 
	0x7F, 0x81, 0x81, 0x80, 0x81, 0x7F, 0x80, 0x80, 0x80, 0x80, 0x81, 0x81, 0x7F, 0x80, 0x80, 0x7F, 
	0x80, 0x80, 0x80, 0x7F, 0x80, 0x81, 0x80, 0x7F, 0x81, 0x81, 0x7E, 0x80, 0x82, 0x7F, 0x7F, 0x82, 
	0x80, 0x7F, 0x80, 0x80, 0x7F, 0x80, 0x7F, 0x81, 0x80, 0x7F, 0x82, 0x81, 0x7E, 0x80, 0x7F, 0x7F, 
	0x80, 0x80, 0x80, 0x80, 0x7F, 0x7F, 0x81, 0x80, 0x80, 0x81, 0x80, 0x7F, 0x80, 0x80, 0x80, 0x7F, 
	0x80, 0x81, 0x80, 0x7F, 0x81, 0x80, 0x7E, 0x81, 0x81, 0x7F, 0x81, 0x81, 0x80, 0x7F, 0x80, 0x81, 
	0x80, 0x7E, 0x80, 0x81, 0x7F, 0x80, 0x81, 0x80, 0x80, 0x81, 0x80, 0x7F, 0x80, 0x81, 0x7F, 0x80, 
	0x80, 0x80, 0x81, 0x80, 0x80, 0x81, 0x7F, 0x80, 0x81, 0x7F, 0x81, 0x80, 0x7F, 0x81, 0x81, 0x7F, 
	0x81, 0x81, 0x7F, 0x81, 0x81, 0x80, 0x80, 0x80, 0x80, 0x7F, 0x7F, 0x81, 0x81, 0x7E, 0x81, 0x82, 
	0x7E, 0x7F, 0x81, 0x7F, 0x7F, 0x81, 0x80, 0x7F, 0x7F, 0x80, 0x80, 0x7F, 0x80, 0x82, 0x7F, 0x80, 
	0x81, 0x7F, 0x7F, 0x81, 0x80, 0x80, 0x80, 0x80, 0x80, 0x80, 0x80, 0x80, 0x80, 0x80, 0x81, 0x7F, 
	0x7F, 0x81, 0x80, 0x80, 0x81, 0x80, 0x7F, 0x81, 0x80, 0x80, 0x80, 0x80, 0x80, 0x7F, 0x80, 0x80, 
	0x80, 0x7E, 0x80, 0x81, 0x7F, 0x80, 0x81, 0x7F, 0x7F, 0x82, 0x81, 0x7F, 0x80, 0x80, 0x80, 0x80, 
	0x7F, 0x80, 0x80, 0x7F, 0x82, 0x81, 0x7E, 0x80, 0x80, 0x7F, 0x80, 0x80, 0x80, 0x7F, 0x80, 0x81, 
	0x80, 0x7F, 0x81, 0x81, 0x7F, 0x80, 0x82, 0x7F, 0x80, 0x82, 0x7F, 0x7F, 0x81, 0x80, 0x80, 0x81, 
	0x80, 0x81, 0x7F, 0x7E, 0x81, 0x7F, 0x7F, 0x81, 0x7F, 0x7E, 0x82, 0x7F, 0x7E, 0x81, 0x80, 0x80, 
	0x81, 0x81, 0x80, 0x80, 0x80, 0x81, 0x7F, 0x7F, 0x81, 0x80, 0x7F, 0x80, 0x80, 0x7E, 0x80, 0x82, 
	0x7F, 0x7F, 0x80, 0x80, 0x80, 0x80, 0x80, 0x80, 0x7F, 0x80, 0x80, 0x7F, 0x80, 0x80, 0x7F, 0x7F, 
	0x81, 0x80, 0x7F, 0x81, 0x81, 0x7F, 0x80, 0x80, 0x80, 0x80, 0x80, 0x7F, 0x7F, 0x80, 0x81, 0x7F, 
	0x7F, 0x81, 0x80, 0x7E, 0x81, 0x81, 0x7E, 0x80, 0x82, 0x7F, 0x7F, 0x82, 0x80, 0x80, 0x80, 0x81, 
	0x80, 0x7F, 0x80, 0x80, 0x7F, 0x80, 0x80, 0x7F, 0x80, 0x81, 0x7F, 0x7F, 0x80, 0x80, 0x7F, 0x81, 
	0x80, 0x80, 0x81, 0x80, 0x80, 0x80, 0x81, 0x80, 0x80, 0x81, 0x80, 0x7F, 0x80, 0x81, 0x80, 0x7F, 
	0x81, 0x80, 0x7E, 0x80, 0x81, 0x7F, 0x80, 0x81, 0x80, 0x7F, 0x80, 0x80, 0x80, 0x7F, 0x80, 0x81, 
	0x7F, 0x80, 0x81, 0x80, 0x80, 0x80, 0x7F, 0x7F, 0x81, 0x80, 0x80, 0x80, 0x7F, 0x80, 0x80, 0x80, 
	0x80, 0x80, 0x81, 0x80, 0x7F, 0x80, 0x80, 0x80, 0x80, 0x80, 0x80, 0x7F, 0x80, 0x81, 0x7F, 0x80, 
	0x81, 0x80, 0x7F, 0x80, 0x80, 0x80, 0x7F, 0x7F, 0x81, 0x7F, 0x7F, 0x81, 0x80, 0x7F, 0x7F, 0x81, 
	0x80, 0x7F, 0x80, 0x81, 0x7F, 0x7F, 0x82, 0x80, 0x7E, 0x81, 0x82, 0x7F, 0x7F, 0x81, 0x80, 0x7F, 
	0x80, 0x81, 0x7F, 0x7F, 0x81, 0x81, 0x7F, 0x80, 0x81, 0x7F, 0x80, 0x81, 0x7F, 0x80, 0x80, 0x80, 
	0x80, 0x81, 0x80, 0x80, 0x80, 0x80, 0x80, 0x80, 0x80, 0x80, 0x80, 0x80, 0x81, 0x7F, 0x7E, 0x81, 
	0x80, 0x7F, 0x81, 0x81, 0x7F, 0x80, 0x81, 0x80, 0x7F, 0x80, 0x81, 0x7F, 0x7F, 0x82, 0x80, 0x7E, 
	0x80, 0x81, 0x7F, 0x7F, 0x81, 0x80, 0x7F, 0x80, 0x81, 0x80, 0x80, 0x81, 0x80, 0x7F, 0x80, 0x81, 
	0x80, 0x80, 0x81, 0x7F, 0x80, 0x81, 0x80, 0x80, 0x80, 0x80, 0x7F, 0x81, 0x80, 0x80, 0x80, 0x81, 
	0x80, 0x7F, 0x81, 0x81, 0x80, 0x7F, 0x82, 0x80, 0x7E, 0x81, 0x81, 0x7F, 0x80, 0x80, 0x80, 0x7F, 
	0x80, 0x80, 0x80, 0x80, 0x81, 0x80, 0x80, 0x80, 0x80, 0x80, 0x80, 0x80, 0x7F, 0x80, 0x81, 0x80, 
	0x80, 0x81, 0x7F, 0x80, 0x81, 0x80, 0x80, 0x81, 0x80, 0x7F, 0x80, 0x81, 0x80, 0x7F, 0x80, 0x80, 
	0x7E, 0x80, 0x82, 0x7F, 0x80, 0x81, 0x81, 0x7F, 0x81, 0x81, 0x7F, 0x7F, 0x81, 0x80, 0x80, 0x80, 
	0x82, 0x7F, 0x80, 0x81, 0x80, 0x7F, 0x80, 0x80, 0x80, 0x80, 0x81, 0x80, 0x7F, 0x80, 0x80, 0x80, 
	0x7F, 0x7F, 0x80, 0x80, 0x80, 0x80, 0x80, 0x81, 0x7F, 0x80, 0x81, 0x80, 0x7F, 0x80, 0x82, 0x80, 
	0x7F, 0x80, 0x80, 0x7F, 0x80, 0x81, 0x7F, 0x80, 0x81, 0x80, 0x80, 0x7F, 0x80, 0x80, 0x80, 0x81, 
	0x80, 0x7F, 0x80, 0x81, 0x7F, 0x80, 0x80, 0x80, 0x80, 0x80, 0x80, 0x81, 0x80, 0x7F, 0x81, 0x80, 
	0x7F, 0x80, 0x81, 0x80, 0x7F, 0x81, 0x81, 0x7F, 0x80, 0x81, 0x80, 0x7F, 0x81, 0x81, 0x7F, 0x80, 
	0x81, 0x80, 0x7F, 0x80, 0x82, 0x7F, 0x7F, 0x80, 0x80, 0x80, 0x80, 0x80, 0x80, 0x80, 0x81, 0x80, 
	0x7F, 0x7F, 0x80, 0x81, 0x80, 0x80, 0x81, 0x80, 0x7F, 0x80, 0x80, 0x81, 0x7F, 0x7F, 0x81, 0x81, 
	0x7F, 0x80, 0x81, 0x7F, 0x7F, 0x81, 0x80, 0x7E, 0x80, 0x82, 0x80, 0x7F, 0x81, 0x82, 0x7E, 0x7F, 
	0x82, 0x80, 0x7E, 0x81, 0x81, 0x7E, 0x7F, 0x81, 0x80, 0x7F, 0x80, 0x81, 0x7F, 0x7F, 0x80, 0x80, 
	0x7E, 0x81, 0x80, 0x7F, 0x7F, 0x81, 0x80, 0x80, 0x80, 0x81, 0x80, 0x80, 0x7F, 0x80, 0x81, 0x80, 
	0x80, 0x80, 0x80, 0x7F, 0x80, 0x81, 0x80, 0x7E, 0x81, 0x80, 0x7F, 0x80, 0x82, 0x80, 0x7F, 0x81, 
	0x81, 0x80, 0x7F, 0x81, 0x80, 0x7F, 0x80, 0x82, 0x7F, 0x7F, 0x81, 0x81, 0x7E, 0x80, 0x82, 0x80, 
	0x7E, 0x80, 0x81, 0x7F, 0x7F, 0x81, 0x81, 0x7E, 0x80, 0x81, 0x7F, 0x7F, 0x80, 0x80, 0x7F, 0x7F, 
	0x80, 0x81, 0x7F, 0x7F, 0x81, 0x80, 0x7F, 0x80, 0x81, 0x80, 0x7E, 0x81, 0x81, 0x80, 0x80, 0x81, 
	0x80, 0x80, 0x80, 0x81, 0x7F, 0x7F, 0x81, 0x80, 0x80, 0x80, 0x80, 0x80, 0x80, 0x80, 0x80, 0x7F, 
	0x80, 0x80, 0x80, 0x7F, 0x81, 0x81, 0x80, 0x7F, 0x81, 0x81, 0x7F, 0x7F, 0x80, 0x81, 0x7F, 0x7F, 
	0x82, 0x80, 0x7F, 0x80, 0x81, 0x7F, 0x7E, 0x80, 0x81, 0x7F, 0x80, 0x81, 0x80, 0x7F, 0x81, 0x81, 
	0x7F, 0x80, 0x81, 0x80, 0x80, 0x80, 0x80, 0x80, 0x80, 0x7F, 0x80, 0x7F, 0x7F, 0x81, 0x80, 0x7F, 
	0x80, 0x80, 0x80, 0x80, 0x81, 0x80, 0x7F, 0x7F, 0x80, 0x80, 0x7F, 0x80, 0x80, 0x7F, 0x7F, 0x82, 
	0x7F, 0x7F, 0x80, 0x81, 0x80, 0x7F, 0x80, 0x80, 0x80, 0x7F, 0x81, 0x80, 0x7E, 0x80, 0x81, 0x80, 
	0x80, 0x80, 0x80, 0x80, 0x7F, 0x80, 0x81, 0x80, 0x7F, 0x81, 0x80, 0x7F, 0x80, 0x81, 0x81, 0x7F, 
	0x7F, 0x81, 0x80, 0x7F, 0x81, 0x80, 0x7F, 0x7F, 0x80, 0x81, 0x7F, 0x80, 0x80, 0x80, 0x7F, 0x80, 
	0x81, 0x80, 0x7F, 0x81, 0x80, 0x7F, 0x81, 0x80, 0x7F, 0x81, 0x80, 0x80, 0x7F, 0x80, 0x80, 0x80, 
	0x7F, 0x80, 0x80, 0x7F, 0x80, 0x80, 0x80, 0x7F, 0x81, 0x80, 0x80, 0x80, 0x7F, 0x80, 0x80, 0x80, 
	0x80, 0x80, 0x7F, 0x80, 0x80, 0x81, 0x7F, 0x80, 0x81, 0x80, 0x7F, 0x80, 0x81, 0x7F, 0x7F, 0x81, 
	0x80, 0x80, 0x80, 0x80, 0x7F, 0x7F, 0x80, 0x7F, 0x7F, 0x80, 0x80, 0x80, 0x80, 0x80, 0x80, 0x80, 
	0x7F, 0x80, 0x7F, 0x7F, 0x80, 0x80, 0x80, 0x80, 0x7F, 0x80, 0x80, 0x7F, 0x80, 0x81, 0x7F, 0x7F, 
	0x81, 0x80, 0x80, 0x80, 0x81, 0x80, 0x7F, 0x80, 0x81, 0x7F, 0x7F, 0x80, 0x80, 0x7F, 0x80, 0x81, 
	0x80, 0x7F, 0x81, 0x81, 0x80, 0x80, 0x81, 0x7F, 0x7F, 0x80, 0x81, 0x80, 0x80, 0x80, 0x80, 0x7F, 
	0x80, 0x7F, 0x80, 0x80, 0x7F, 0x80, 0x80, 0x7F, 0x80, 0x81, 0x80, 0x7F, 0x81, 0x80, 0x7F, 0x80, 
	0x81, 0x81, 0x7F, 0x80, 0x81, 0x7F, 0x80, 0x80, 0x80, 0x81, 0x80, 0x80, 0x80, 0x80, 0x80, 0x80, 
	0x80, 0x80, 0x81, 0x80, 0x7F, 0x80, 0x81, 0x80, 0x7F, 0x81, 0x80, 0x7F, 0x80, 0x80, 0x81, 0x80, 
	0x7F, 0x81, 0x80, 0x7F, 0x80, 0x81, 0x7F, 0x7F, 0x80, 0x81, 0x7F, 0x80, 0x80, 0x80, 0x7F, 0x80, 
	0x81, 0x80, 0x80, 0x80, 0x7F, 0x80, 0x80, 0x80, 0x80, 0x81, 0x80, 0x80, 0x80, 0x80, 0x81, 0x80, 
	0x80, 0x81, 0x80, 0x80, 0x80, 0x80, 0x80, 0x7F, 0x80, 0x81, 0x81, 0x7F, 0x80, 0x81, 0x80, 0x80, 
	0x81, 0x80, 0x80, 0x7F, 0x80, 0x80, 0x80, 0x7F, 0x81, 0x7F, 0x7F, 0x81, 0x81, 0x7F, 0x80, 0x80, 
	0x7F, 0x80, 0x80, 0x80, 0x7F, 0x81, 0x81, 0x80, 0x7F, 0x81, 0x80, 0x80, 0x80, 0x81, 0x80, 0x80, 
	0x80, 0x81, 0x80, 0x80, 0x80, 0x7F, 0x80, 0x80, 0x80, 0x80, 0x80, 0x80, 0x80, 0x7F, 0x7F, 0x81, 
	0x80, 0x80, 0x80, 0x81, 0x80, 0x80, 0x80, 0x81, 0x80, 0x7F, 0x81, 0x81, 0x7F, 0x80, 0x81, 0x80, 
	0x80, 0x80, 0x80, 0x80, 0x80, 0x80, 0x81, 0x7F, 0x80, 0x81, 0x80, 0x81, 0x80, 0x7F, 0x80, 0x81, 
	0x80, 0x80, 0x80, 0x80, 0x7F, 0x80, 0x81, 0x81, 0x80, 0x80, 0x81, 0x81, 0x80, 0x81, 0x81, 0x80, 
	0x7F, 0x7F, 0x80, 0x7F, 0x80, 0x80, 0x81, 0x7F, 0x7F, 0x81, 0x80, 0x80, 0x80, 0x80, 0x80, 0x80, 
	0x80, 0x81, 0x80, 0x7F, 0x80, 0x80, 0x80, 0x80, 0x81, 0x80, 0x80, 0x80, 0x80, 0x7F, 0x80, 0x7F, 
	0x80, 0x80, 0x81, 0x80, 0x80, 0x80, 0x80, 0x80, 0x80, 0x80, 0x80, 0x80, 0x80, 0x80, 0x80, 0x80, 
	0x7F, 0x80, 0x80, 0x80, 0x80, 0x80, 0x80, 0x80, 0x80, 0x80, 0x81, 0x7F, 0x80, 0x80, 0x80, 0x80, 
	0x81, 0x80, 0x7F, 0x80, 0x81, 0x80, 0x7F, 0x80, 0x80, 0x80, 0x80, 0x81, 0x80, 0x80, 0x80, 0x80, 
	0x80, 0x80, 0x80, 0x80, 0x7F, 0x80, 0x80, 0x7F, 0x80, 0x80, 0x80, 0x80, 0x80, 0x80, 0x80, 0x80, 
	0x80, 0x81, 0x81, 0x80, 0x80, 0x80, 0x80, 0x80, 0x80, 0x80, 0x80, 0x81, 0x80, 0x7F, 0x80, 0x80, 
	0x80, 0x80, 0x80, 0x81, 0x80, 0x80, 0x80, 0x81, 0x80, 0x7F, 0x81, 0x80, 0x80, 0x80, 0x80, 0x80, 
	0x80, 0x80, 0x80, 0x80, 0x80, 0x80, 0x80, 0x7F, 0x80, 0x80, 0x80, 0x80, 0x80, 0x80, 0x80, 0x7F, 
	0x80, 0x81, 0x7F, 0x7F, 0x80, 0x80, 0x7F, 0x80, 0x81, 0x7F, 0x80, 0x81, 0x80, 0x80, 0x81, 0x81, 
	0x80, 0x7F, 0x80, 0x80, 0x81, 0x80, 0x81, 0x80, 0x7F, 0x80, 0x81, 0x7F, 0x80, 0x80, 0x80, 0x80, 
	0x80, 0x80, 0x80, 0x80, 0x80, 0x80, 0x81, 0x80, 0x80, 0x80, 0x80, 0x80, 0x80, 0x80, 0x80, 0x80, 
	0x80, 0x80, 0x80, 0x81, 0x80, 0x80, 0x7F, 0x7F, 0x81, 0x80, 0x7F, 0x80, 0x80, 0x80, 0x80, 0x81, 
	0x80, 0x80, 0x81, 0x80, 0x80, 0x81, 0x7F, 0x80, 0x80, 0x80, 0x80, 0x80, 0x80, 0x81, 0x7F, 0x80, 
	0x80, 0x80, 0x80, 0x80, 0x80, 0x80, 0x80, 0x81, 0x80, 0x81, 0x81, 0x7F, 0x80, 0x80, 0x80, 0x80, 
	0x80, 0x80, 0x80, 0x80, 0x81, 0x80, 0x80, 0x81, 0x80, 0x7F, 0x80, 0x80, 0x80, 0x80, 0x81, 0x7F, 
	0x80, 0x80, 0x7F, 0x80, 0x80, 0x80, 0x80, 0x81, 0x80, 0x80, 0x80, 0x81, 0x80, 0x80, 0x80, 0x80, 
	0x80, 0x80, 0x80, 0x80, 0x80, 0x80, 0x7F, 0x80, 0x80, 0x80, 0x80, 0x80, 0x7F, 0x80, 0x80, 0x80, 
	0x80, 0x81, 0x7F, 0x80, 0x80, 0x81, 0x80, 0x80, 0x80, 0x80, 0x80, 0x80, 0x80, 0x81, 0x80, 0x80, 
	0x80, 0x80, 0x80, 0x80, 0x80, 0x80, 0x81, 0x80, 0x80, 0x81, 0x80, 0x80, 0x80, 0x80, 0x80, 0x80, 
	0x80, 0x80, 0x80, 0x80, 0x80, 0x80, 0x80, 0x80, 0x7F, 0x80, 0x81, 0x80, 0x80, 0x80, 0x80, 0x80, 
	0x80, 0x80, 0x80, 0x80, 0x81, 0x80, 0x80, 0x7F, 0x80, 0x80, 0x80, 0x7F, 0x7F, 0x80, 0x80, 0x80, 
	0x80, 0x80, 0x80, 0x81, 0x80, 0x7F, 0x80, 0x80, 0x80, 0x80, 0x80, 0x7F, 0x7F, 0x80, 0x80, 0x80, 
	0x7F, 0x80, 0x81, 0x80, 0x80, 0x81, 0x7F, 0x7F, 0x81, 0x7F, 0x7F, 0x80, 0x80, 0x80, 0x80, 0x7F, 
	0x80, 0x81, 0x7F, 0x80, 0x81, 0x80, 0x80, 0x80, 0x80, 0x7F, 0x7F, 0x80, 0x80, 0x7F, 0x7F, 0x80, 
	0x80, 0x7F, 0x80, 0x80, 0x80, 0x80, 0x80, 0x80, 0x80, 0x7F, 0x80, 0x80, 0x80, 0x81, 0x80, 0x7F, 
	0x80, 0x80, 0x80, 0x80, 0x80, 0x7F, 0x80, 0x80, 0x80, 0x80, 0x81, 0x80, 0x80, 0x80, 0x80, 0x80, 
	0x80, 0x80, 0x80, 0x80, 0x81, 0x80, 0x80, 0x80, 0x80, 0x7F, 0x80, 0x80, 0x80, 0x7F, 0x80, 0x80, 
	0x7F, 0x80, 0x80, 0x80, 0x80, 0x80, 0x81, 0x80, 0x80, 0x80, 0x80, 0x80, 0x80, 0x81, 0x7F, 0x80, 
	0x80, 0x81, 0x80, 0x80, 0x80, 0x81, 0x81, 0x80, 0x81, 0x80, 0x80, 0x80, 0x80, 0x80, 0x80, 0x7F, 
	0x80, 0x80, 0x7F, 0x81, 0x80, 0x80, 0x81, 0x80, 0x80, 0x80, 0x80, 0x80, 0x80, 0x7F, 0x80, 0x80, 
	0x80, 0x80, 0x80, 0x80, 0x80, 0x81, 0x80, 0x80, 0x80, 0x80, 0x80, 0x80, 0x80, 0x80, 0x80, 0x7F, 
	0x80, 0x80, 0x7F, 0x80, 0x80, 0x80, 0x81, 0x80, 0x80, 0x80, 0x7F, 0x80, 0x80, 0x7F, 0x80, 0x80, 
	0x80, 0x80, 0x80, 0x80, 0x7F, 0x80, 0x80, 0x81, 0x80, 0x80, 0x80, 0x80, 0x80, 0x80, 0x80, 0x80, 
	0x80, 0x80, 0x80, 0x80, 0x80, 0x80, 0x80, 0x80, 0x80, 0x81, 0x80, 0x80, 0x81, 0x80, 0x80, 0x80, 
	0x80, 0x80, 0x80, 0x80, 0x80, 0x80, 0x80, 0x80, 0x80, 0x80, 0x80, 0x81, 0x80, 0x80, 0x80, 0x80, 
	0x80, 0x7F, 0x80, 0x80, 0x80, 0x80, 0x80, 0x81, 0x81, 0x7F, 0x80, 0x7F, 0x7F, 0x7F, 0x80, 0x80, 
	0x80, 0x80, 0x80, 0x80, 0x80, 0x80, 0x80, 0x80, 0x80, 0x80, 0x80, 0x80, 0x81, 0x80, 0x80, 0x80, 
	0x80, 0x7F, 0x80, 0x81, 0x80, 0x80, 0x80, 0x80, 0x80, 0x80, 0x80, 0x80, 0x80, 0x80, 0x80, 0x81, 
	0x80, 0x80, 0x7F, 0x80, 0x80, 0x7F, 0x80, 0x7F, 0x7F, 0x81, 0x80, 0x80, 0x80, 0x80, 0x80, 0x80, 
	0x80, 0x80, 0x80, 0x7F, 0x80, 0x80, 0x7F, 0x80, 0x80, 0x80, 0x80, 0x80, 0x80, 0x80, 0x80, 0x81, 
	0x80, 0x80, 0x80, 0x80, 0x80, 0x80, 0x80, 0x80, 0x7F, 0x80, 0x80, 0x80, 0x81, 0x80, 0x80, 0x80, 
	0x7F, 0x80, 0x80, 0x7F, 0x7F, 0x80, 0x80, 0x80, 0x80, 0x81, 0x80, 0x80, 0x81, 0x80, 0x7F, 0x80, 
	0x80, 0x80, 0x80, 0x80, 0x80, 0x80, 0x7F, 0x81, 0x80, 0x80, 0x80, 0x7F, 0x80, 0x81, 0x80, 0x80, 
	0x7F, 0x80, 0x80, 0x81, 0x7F, 0x80, 0x7F, 0x7F, 0x80, 0x81, 0x80, 0x80, 0x80, 0x7F, 0x81, 0x80, 
	0x80, 0x80, 0x80, 0x80, 0x80, 0x80, 0x80, 0x80, 0x81, 0x80, 0x80, 0x80, 0x81, 0x81, 0x80, 0x80, 
	0x80, 0x80, 0x80, 0x80, 0x80, 0x7F, 0x80, 0x7F, 0x80, 0x80, 0x80, 0x80, 0x80, 0x7F, 0x7F, 0x81, 
	0x81, 0x80, 0x80, 0x80, 0x80, 0x81, 0x80, 0x80, 0x80, 0x80, 0x80, 0x81, 0x80, 0x80, 0x80, 0x80, 
	0x80, 0x80, 0x7F, 0x80, 0x80, 0x80, 0x80, 0x80, 0x80, 0x80, 0x80, 0x80, 0x80, 0x80, 0x80, 0x80, 
	0x80, 0x80, 0x7F, 0x80, 0x80, 0x81, 0x80, 0x80, 0x80, 0x80, 0x80, 0x80, 0x81, 0x80, 0x80, 0x81, 
	0x81, 0x7F, 0x81, 0x80, 0x80, 0x80, 0x80, 0x80, 0x7F, 0x80, 0x81, 0x80, 0x80, 0x80, 0x80, 0x80, 
	0x80, 0x80, 0x80, 0x80, 0x80, 0x80, 0x80, 0x80, 0x7F, 0x80, 0x80, 0x80, 0x80, 0x7F, 0x80, 0x81, 
	0x80, 0x80, 0x7F, 0x80, 0x80, 0x7F, 0x80, 0x80, 0x80, 0x80, 0x80, 0x80, 0x80, 0x80, 0x80, 0x81, 
	0x80, 0x80, 0x80, 0x80, 0x80, 0x80, 0x80, 0x80, 0x80, 0x80, 0x80, 0x81, 0x80, 0x80, 0x80, 0x80, 
	0x80, 0x80, 0x80, 0x7F, 0x80, 0x80, 0x80, 0x80, 0x80, 0x80, 0x80, 0x80, 0x80, 0x80, 0x80, 0x80, 
	0x80, 0x80, 0x80, 0x80, 0x80, 0x80, 0x80, 0x80, 0x80, 0x81, 0x80, 0x80, 0x80, 0x80, 0x80, 0x80, 
	0x81, 0x80, 0x80, 0x7F, 0x80, 0x80, 0x80, 0x7F, 0x81, 0x80, 0x80, 0x80, 0x81, 0x80, 0x80, 0x80, 
	0x81, 0x80, 0x80, 0x80, 0x80, 0x80, 0x7F, 0x80, 0x80, 0x80, 0x80, 0x80, 0x80, 0x80, 0x7F, 0x7F, 
	0x80, 0x80, 0x80, 0x81, 0x80, 0x80, 0x80, 0x80, 0x80, 0x80, 0x80, 0x80, 0x80, 0x80, 0x81, 0x80, 
	0x7F, 0x81, 0x80, 0x80, 0x80, 0x80, 0x80, 0x7F, 0x80, 0x80, 0x80, 0x80, 0x80, 0x80, 0x80, 0x80, 
	0x80, 0x80, 0x80, 0x80, 0x80, 0x80, 0x80, 0x80, 0x81, 0x80, 0x80, 0x80, 0x80, 0x7F, 0x80, 0x80, 
	0x80, 0x7F, 0x80, 0x80, 0x80, 0x80, 0x80, 0x80, 0x7F, 0x80, 0x80, 0x80, 0x80, 0x80, 0x80, 0x7F, 
	0x81, 0x80, 0x80, 0x80, 0x80, 0x80, 0x81, 0x80, 0x80, 0x81, 0x80, 0x80, 0x80, 0x80, 0x80, 0x80, 
	0x80, 0x80, 0x80, 0x81, 0x80, 0x81, 0x80, 0x81, 0x80, 0x80, 0x80, 0x80, 0x80, 0x80, 0x80, 0x7F, 
	0x80, 0x80, 0x80, 0x81, 0x80, 0x80, 0x80, 0x7F, 0x80, 0x80, 0x80, 0x80, 0x80, 0x80, 0x80, 0x80, 
	0x80, 0x80, 0x81, 0x7F, 0x7F, 0x80, 0x80, 0x80, 0x80, 0x7F, 0x80, 0x81, 0x80, 0x80, 0x80, 0x80, 
	0x81, 0x80, 0x7F, 0x80, 0x80, 0x80, 0x80, 0x80, 0x80, 0x80, 0x80, 0x80, 0x80, 0x80, 0x81, 0x80, 
	0x7F, 0x80, 0x80, 0x80, 0x80, 0x81, 0x7F, 0x80, 0x80, 0x80, 0x80, 0x80, 0x80, 0x80, 0x80, 0x80, 
	0x80, 0x80, 0x7F, 0x80, 0x81, 0x7F, 0x81, 0x80, 0x80, 0x81, 0x80, 0x80, 0x80, 0x80, 0x80, 0x80, 
	0x80, 0x80, 0x80, 0x80, 0x81, 0x80, 0x80, 0x80, 0x80, 0x7F, 0x81, 0x80, 0x7F, 0x80, 0x80, 0x80, 
	0x81, 0x81, 0x80, 0x80, 0x7F, 0x80, 0x80, 0x80, 0x7F, 0x81, 0x80, 0x80, 0x80, 0x80, 0x80, 0x80, 
	0x80, 0x80, 0x80, 0x80, 0x80, 0x80, 0x80, 0x80, 0x7F, 0x80, 0x80, 0x7F, 0x7F, 0x80, 0x80, 0x80, 
	0x80, 0x80, 0x80, 0x80, 0x80, 0x80, 0x80, 0x80, 0x81, 0x80, 0x80, 0x80, 0x80, 0x80, 0x80, 0x80, 
	0x80, 0x81, 0x80, 0x80, 0x80, 0x7F, 0x80, 0x80, 0x80, 0x7F, 0x7F, 0x7F, 0x80, 0x80, 0x80, 0x80, 
	0x80, 0x80, 0x7F, 0x7F, 0x80, 0x81, 0x80, 0x80, 0x80, 0x80, 0x80, 0x80, 0x81, 0x80, 0x80, 0x80, 
	0x80, 0x80, 0x80, 0x80, 0x80, 0x80, 0x80, 0x80, 0x80, 0x80, 0x80, 0x80, 0x80, 0x80, 0x80, 0x80, 
	0x81, 0x81, 0x81, 0x80, 0x80, 0x80, 0x80, 0x81, 0x81, 0x80, 0x80, 0x80, 0x80, 0x80, 0x80, 0x80, 
	0x81, 0x7F, 0x80, 0x80, 0x80, 0x80, 0x7F, 0x80, 0x80, 0x7F, 0x80, 0x81, 0x80, 0x81, 0x80, 0x7F, 
	0x80, 0x7F, 0x81, 0x80, 0x7F, 0x80, 0x80, 0x80, 0x81, 0x7F, 0x7F, 0x80, 0x81, 0x80, 0x7F, 0x80, 
	0x7F, 0x80, 0x81, 0x80, 0x81, 0x81, 0x80, 0x80, 0x80, 0x80, 0x80, 0x80, 0x80, 0x81, 0x80, 0x7F, 
	0x81, 0x7F, 0x80, 0x80, 0x7F, 0x80, 0x80, 0x80, 0x80, 0x80, 0x80, 0x81, 0x80, 0x7F, 0x81, 0x80, 
	0x80, 0x80, 0x80, 0x80, 0x80, 0x80, 0x80, 0x81, 0x80, 0x80, 0x80, 0x7F, 0x7F, 0x80, 0x80, 0x7F, 
	0x80, 0x80, 0x80, 0x80, 0x80, 0x7F, 0x80, 0x80, 0x80, 0x80, 0x80, 0x80, 0x80, 0x80, 0x80, 0x80, 
	0x80, 0x80, 0x80, 0x80, 0x80, 0x81, 0x80, 0x80, 0x80, 0x80, 0x80, 0x80, 0x80, 0x80, 0x80, 0x7F, 
	0x80, 0x80, 0x80, 0x80, 0x80, 0x80, 0x80, 0x80, 0x81, 0x80, 0x80, 0x80, 0x80, 0x80, 0x80, 0x7F, 
	0x7F, 0x80, 0x80, 0x7F, 0x80, 0x80, 0x80, 0x80, 0x80, 0x80, 0x80, 0x80, 0x80, 0x80, 0x80, 0x80, 
	0x80, 0x7F, 0x80, 0x80, 0x80, 0x80, 0x80, 0x80, 0x81, 0x80, 0x80, 0x80, 0x80, 0x80, 0x80, 0x7F, 
	0x80, 0x80, 0x80, 0x80, 0x80, 0x80, 0x80, 0x80, 0x80, 0x80, 0x80, 0x81, 0x80, 0x7F, 0x7F, 0x7F, 
	0x80, 0x80, 0x80, 0x80, 0x7F, 0x80, 0x80, 0x80, 0x80, 0x80, 0x80, 0x80, 0x81, 0x80, 0x7F, 0x80, 
	0x80, 0x80, 0x80, 0x80, 0x80, 0x80, 0x80, 0x80, 0x80, 0x81, 0x80, 0x80, 0x81, 0x80, 0x80, 0x80, 
	0x80, 0x80, 0x80, 0x7F, 0x7F, 0x80, 0x80, 0x7F, 0x80, 0x7F, 0x80, 0x81, 0x80, 0x80, 0x80, 0x7F, 
	0x80, 0x80, 0x80, 0x80, 0x80, 0x80, 0x80, 0x7F, 0x7F, 0x81, 0x80, 0x80, 0x7F, 0x7F, 0x80, 0x80, 
	0x80, 0x80, 0x80, 0x7F, 0x7F, 0x80, 0x81, 0x80, 0x80, 0x7F, 0x80, 0x80, 0x80, 0x80, 0x80, 0x80, 
	0x81, 0x80, 0x80, 0x7F, 0x80, 0x80, 0x80, 0x80, 0x80, 0x80, 0x80, 0x80, 0x80, 0x80, 0x80, 0x80, 
	0x81, 0x80, 0x80, 0x7F, 0x7F, 0x80, 0x80, 0x80, 0x80, 0x80, 0x80, 0x80, 0x80, 0x80, 0x80, 0x80, 
	0x80, 0x80, 0x80, 0x7F, 0x80, 0x80, 0x80, 0x81, 0x80, 0x80, 0x80, 0x80, 0x81, 0x80, 0x80, 0x81, 
	0x80, 0x80, 0x80, 0x7F, 0x81, 0x80, 0x7F, 0x80, 0x80, 0x81, 0x80, 0x80, 0x80, 0x80, 0x80, 0x80, 
	0x80, 0x80, 0x80, 0x80, 0x80, 0x80, 0x80, 0x80, 0x80, 0x7F, 0x80, 0x80, 0x80, 0x80, 0x81, 0x80, 
	0x80, 0x7F, 0x81, 0x80, 0x80, 0x80, 0x80, 0x80, 0x80, 0x7F, 0x81, 0x80, 0x80, 0x7F, 0x7F, 0x80, 
	0x80, 0x80, 0x80, 0x80, 0x7F, 0x80, 0x80, 0x80, 0x80, 0x80, 0x80, 0x80, 0x80, 0x80, 0x80, 0x7F, 
	0x7F, 0x80, 0x80, 0x80, 0x80, 0x80, 0x80, 0x80, 0x80, 0x80, 0x80, 0x80, 0x80, 0x80, 0x80, 0x80, 
	0x80, 0x81, 0x80, 0x80, 0x80, 0x80, 0x80, 0x80, 0x80, 0x7F, 0x80, 0x80, 0x81, 0x80, 0x80, 0x81, 
	0x80, 0x80, 0x80, 0x80, 0x7F, 0x7F, 0x7F, 0x7F, 0x7F, 0x80, 0x80, 0x7F, 0x80, 0x80, 0x80, 0x80, 
	0x80, 0x80, 0x80, 0x80, 0x7F, 0x80, 0x80, 0x80, 0x80, 0x80, 0x80, 0x80, 0x80, 0x80, 0x80, 0x7F, 
	0x80, 0x80, 0x80, 0x80, 0x80, 0x80, 0x80, 0x80, 0x80, 0x80, 0x80, 0x80, 0x80, 0x7F, 0x80, 0x80, 
	0x7F, 0x80, 0x81, 0x80, 0x80, 0x80, 0x80, 0x80, 0x80, 0x80, 0x80, 0x7F, 0x80, 0x80, 0x80, 0x7F, 
	0x80, 0x80, 0x80, 0x80, 0x80, 0x80, 0x81, 0x80, 0x80, 0x80, 0x80, 0x80, 0x7F, 0x7F, 0x80, 0x80, 
	0x80, 0x80, 0x7F, 0x80, 0x80, 0x81, 0x80, 0x80, 0x80, 0x80, 0x80, 0x80, 0x80, 0x80, 0x80, 0x80, 
	0x80, 0x80, 0x80, 0x80, 0x80, 0x80, 0x80, 0x80, 0x80, 0x80, 0x80, 0x80, 0x80, 0x80, 0x80, 0x80, 
	0x80, 0x81, 0x80, 0x7F, 0x80, 0x80, 0x80, 0x81, 0x7F, 0x80, 0x80, 0x7F, 0x81, 0x80, 0x81, 0x80, 
	0x80, 0x80, 0x80, 0x80, 0x80, 0x80, 0x80, 0x80, 0x80, 0x80, 0x80, 0x80, 0x7F, 0x80, 0x80, 0x7F, 
	0x80, 0x80, 0x80, 0x80, 0x80, 0x80, 0x80, 0x80, 0x80, 0x80, 0x80, 0x80, 0x80, 0x80, 0x80, 0x80, 
	0x7F, 0x80, 0x80, 0x80, 0x80, 0x80, 0x80, 0x80, 0x81, 0x80, 0x80, 0x80, 0x80, 0x80, 0x80, 0x80, 
	0x80, 0x80, 0x80, 0x80, 0x80, 0x80, 0x80, 0x80, 0x80, 0x80, 0x80, 0x80, 0x81, 0x80, 0x80, 0x81, 
	0x80, 0x7F, 0x80, 0x80, 0x80, 0x80, 0x80, 0x80, 0x80, 0x7F, 0x80, 0x80, 0x80, 0x80, 0x7F, 0x7F, 
	0x80, 0x80, 0x80, 0x80, 0x80, 0x80, 0x80, 0x80, 0x80, 0x80, 0x80, 0x80, 0x80, 0x7F, 0x7F, 0x80, 
	0x80, 0x80, 0x80, 0x80, 0x81, 0x80, 0x81, 0x80, 0x81, 0x80, 0x80, 0x80, 0x80, 0x80, 0x80, 0x7F, 
	0x80, 0x81, 0x80, 0x80, 0x80, 0x80, 0x80, 0x80, 0x80, 0x80, 0x7F, 0x80, 0x80, 0x80, 0x80, 0x80, 
	0x80, 0x80, 0x80, 0x7F, 0x80, 0x80, 0x80, 0x81, 0x81, 0x7F, 0x80, 0x80, 0x80, 0x81, 0x80, 0x80, 
	0x7F, 0x80, 0x80, 0x80, 0x80, 0x80, 0x80, 0x80, 0x7F, 0x80, 0x80, 0x80, 0x80, 0x80, 0x80, 0x80, 
	0x80, 0x80, 0x80, 0x80, 0x81, 0x80, 0x81, 0x80, 0x80, 0x80, 0x80, 0x80, 0x80, 0x80, 0x80, 0x80, 
	0x80, 0x80, 0x80, 0x80, 0x81, 0x80, 0x80, 0x80, 0x80, 0x80, 0x80, 0x80, 0x80, 0x7F, 0x80, 0x81, 
	0x80, 0x80, 0x80, 0x7F, 0x80, 0x81, 0x80, 0x80, 0x80, 0x80, 0x80, 0x80, 0x80, 0x80, 0x80, 0x80, 
	0x80, 0x81, 0x7F, 0x80, 0x80, 0x80, 0x80, 0x80, 0x7F, 0x80, 0x7F, 0x80, 0x80, 0x80, 0x80, 0x80, 
	0x7F, 0x7F, 0x81, 0x80, 0x7F, 0x80, 0x80, 0x81, 0x81, 0x80, 0x80, 0x7F, 0x80, 0x80, 0x81, 0x80, 
	0x80, 0x80, 0x7F, 0x81, 0x81, 0x80, 0x80, 0x80, 0x7F, 0x81, 0x80, 0x80, 0x80, 0x81, 0x80, 0x80, 
	0x80, 0x80, 0x80, 0x80, 0x80, 0x80, 0x80, 0x7F, 0x81, 0x80, 0x81, 0x81, 0x7F, 0x7F, 0x80, 0x7F, 
	0x80, 0x80, 0x80, 0x80, 0x80, 0x80, 0x80, 0x80, 0x80, 0x81, 0x80, 0x80, 0x81, 0x80, 0x80, 0x80, 
	0x80, 0x80, 0x80, 0x7F, 0x80, 0x80, 0x80, 0x80, 0x80, 0x7F, 0x80, 0x80, 0x80, 0x81, 0x80, 0x7F, 
	0x80, 0x80, 0x80, 0x80, 0x81, 0x80, 0x80, 0x80, 0x7F, 0x81, 0x81, 0x80, 0x80, 0x80, 0x80, 0x80, 
	0x80, 0x80, 0x80, 0x80, 0x80, 0x80, 0x80, 0x80, 0x80, 0x7F, 0x80, 0x80, 0x80, 0x80, 0x80, 0x80, 
	0x80, 0x80, 0x7F, 0x80, 0x80, 0x80, 0x81, 0x80, 0x80, 0x80, 0x80, 0x80, 0x80, 0x81, 0x80, 0x80, 
	0x81, 0x80, 0x80, 0x81, 0x80, 0x80, 0x80, 0x80, 0x80, 0x80, 0x80, 0x80, 0x7F, 0x80, 0x80, 0x80, 
	0x80, 0x80, 0x80, 0x80, 0x80, 0x80, 0x80, 0x80, 0x80, 0x80, 0x80, 0x81, 0x80, 0x80, 0x80, 0x81, 
	0x81, 0x80, 0x80, 0x80, 0x80, 0x80, 0x80, 0x80, 0x80, 0x80, 0x80, 0x80, 0x80, 0x80, 0x80, 0x80, 
	0x80, 0x80, 0x80, 0x80, 0x80, 0x80, 0x80, 0x80, 0x80, 0x80, 0x80, 0x80, 0x80, 0x80, 0x80, 0x80, 
	0x7F, 0x80, 0x80, 0x80, 0x80, 0x80, 0x80, 0x80, 0x80, 0x80, 0x80, 0x80, 0x80, 0x80, 0x80, 0x80, 
	0x80, 0x80, 0x80, 0x80, 0x80, 0x80, 0x80, 0x80, 0x80, 0x7F, 0x80, 0x80, 0x80, 0x80, 0x80, 0x80, 
	0x80, 0x7F, 0x80, 0x80, 0x80, 0x80, 0x80, 0x80, 0x80, 0x80, 0x80, 0x80, 0x80, 0x80, 0x7F, 0x80, 
	0x80, 0x80, 0x7F, 0x7F, 0x80, 0x80, 0x81, 0x80, 0x80, 0x7F, 0x80, 0x80, 0x80, 0x80, 0x80, 0x80, 
	0x80, 0x80, 0x80, 0x7F, 0x7F, 0x80, 0x80, 0x80, 0x7F, 0x80, 0x80, 0x7F, 0x80, 0x80, 0x80, 0x80, 
	0x7F, 0x80, 0x80, 0x80, 0x80, 0x80, 0x7F, 0x81, 0x80, 0x80, 0x80, 0x80, 0x80, 0x7F, 0x81, 0x80, 
	0x80, 0x80, 0x80, 0x80, 0x80, 0x80, 0x80, 0x80, 0x80, 0x7F, 0x7F, 0x80, 0x80, 0x80, 0x7F, 0x80, 
	0x80, 0x7F, 0x7F, 0x80, 0x80, 0x80, 0x80, 0x80, 0x81, 0x81, 0x80, 0x80, 0x80, 0x80, 0x80, 0x80, 
	0x80, 0x80, 0x7F, 0x80, 0x80, 0x80, 0x80, 0x80, 0x80, 0x80, 0x80, 0x80, 0x80, 0x7F, 0x80, 0x80, 
	0x80, 0x80, 0x80, 0x80, 0x80, 0x80, 0x81, 0x80, 0x80, 0x80, 0x80, 0x81, 0x7F, 0x80, 0x80, 0x80, 
	0x81, 0x7F, 0x80, 0x80, 0x80, 0x80, 0x80, 0x80, 0x80, 0x80, 0x80, 0x80, 0x80, 0x80, 0x80, 0x80, 
	0x80, 0x80, 0x80, 0x80, 0x80, 0x80, 0x7F, 0x80, 0x80, 0x80, 0x80, 0x81, 0x80, 0x80, 0x80, 0x80, 
	0x81, 0x80, 0x80, 0x80, 0x80, 0x80, 0x80, 0x80, 0x80, 0x81, 0x80, 0x81, 0x80, 0x81, 0x80, 0x80, 
	0x80, 0x81, 0x80, 0x80, 0x80, 0x7F, 0x80, 0x80, 0x7F, 0x81, 0x7F, 0x80, 0x80, 0x80, 0x80, 0x80, 
	0x80, 0x80, 0x81, 0x7F, 0x80, 0x80, 0x80, 0x80, 0x80, 0x80, 0x80, 0x7F, 0x80, 0x80, 0x80, 0x80, 
	0x7F, 0x80, 0x80, 0x81, 0x80, 0x80, 0x7F, 0x7F, 0x81, 0x80, 0x7F, 0x80, 0x81, 0x80, 0x80, 0x7F, 
	0x80, 0x81, 0x80, 0x7F, 0x80, 0x80, 0x80, 0x80, 0x80, 0x7F, 0x80, 0x80, 0x81, 0x80, 0x80, 0x7F, 
	0x80, 0x80, 0x80, 0x80, 0x80, 0x81, 0x80, 0x7F, 0x80, 0x80, 0x80, 0x80, 0x80, 0x80, 0x81, 0x80, 
	0x80, 0x80, 0x80, 0x80, 0x80, 0x80, 0x80, 0x80, 0x80, 0x80, 0x81, 0x80, 0x80, 0x80, 0x80, 0x7F, 
	0x80, 0x80, 0x80, 0x81, 0x80, 0x80, 0x81, 0x7F, 0x80, 0x80, 0x80, 0x80, 0x80, 0x7F, 0x81, 0x80, 
	0x7F, 0x80, 0x80, 0x80, 0x80, 0x80, 0x7F, 0x81, 0x7F, 0x80, 0x80, 0x80, 0x80, 0x81, 0x80, 0x80, 
	0x80, 0x80, 0x81, 0x80, 0x80, 0x80, 0x80, 0x7F, 0x80, 0x80, 0x7F, 0x80, 0x7F, 0x80, 0x80, 0x80, 
	0x80, 0x80, 0x80, 0x80, 0x80, 0x80, 0x80, 0x80, 0x80, 0x80, 0x80, 0x80, 0x80, 0x80, 0x7F, 0x80, 
	0x80, 0x80, 0x80, 0x80, 0x80, 0x80, 0x80, 0x81, 0x80, 0x80, 0x80, 0x80, 0x81, 0x80, 0x81, 0x80, 
	0x81, 0x80, 0x80, 0x80, 0x80, 0x80, 0x80, 0x80, 0x80, 0x80, 0x81, 0x80, 0x7F, 0x80, 0x80, 0x7F, 
	0x7F, 0x80, 0x80, 0x80, 0x7F, 0x7F, 0x80, 0x80, 0x80, 0x80, 0x80, 0x80, 0x80, 0x80, 0x80, 0x80, 
	0x80, 0x80, 0x80, 0x80, 0x7F, 0x80, 0x80, 0x80, 0x80, 0x81, 0x80, 0x81, 0x80, 0x80, 0x80, 0x80, 
	0x80, 0x81, 0x7F, 0x80, 0x80, 0x80, 0x7F, 0x80, 0x80, 0x80, 0x80, 0x80, 0x7F, 0x80, 0x81, 0x80, 
	0x80, 0x80, 0x80, 0x80, 0x81, 0x80, 0x7F, 0x7F, 0x80, 0x80, 0x80, 0x80, 0x80, 0x80, 0x80, 0x80, 
	0x80, 0x80, 0x80, 0x80, 0x80, 0x7F, 0x80, 0x80, 0x80, 0x80, 0x80, 0x7F, 0x80, 0x80, 0x80, 0x80, 
	0x80, 0x80, 0x80, 0x7F, 0x80, 0x80, 0x80, 0x80, 0x80, 0x80, 0x80, 0x7F, 0x80, 0x81, 0x80, 0x80, 
	0x81, 0x80, 0x81, 0x80, 0x7F, 0x80, 0x80, 0x80, 0x81, 0x7E, 0x80, 0x80, 0x80, 0x80, 0x7F, 0x80, 
	0x80, 0x80, 0x80, 0x81, 0x80, 0x80, 0x80, 0x80, 0x7F, 0x80, 0x80, 0x80, 0x81, 0x80, 0x80, 0x80, 
	0x81, 0x80, 0x80, 0x80, 0x80, 0x80, 0x80, 0x80, 0x81, 0x80, 0x80, 0x7F, 0x81, 0x81, 0x80, 0x80, 
	0x80, 0x80, 0x80, 0x7F, 0x7F, 0x80, 0x80, 0x80, 0x81, 0x7F, 0x80, 0x80, 0x7F, 0x80, 0x80, 0x80, 
	0x81, 0x7F, 0x7F, 0x80, 0x80, 0x80, 0x80, 0x80, 0x80, 0x80, 0x80, 0x7F, 0x80, 0x80, 0x80, 0x81, 
	0x80, 0x80, 0x7F, 0x80, 0x7F, 0x80, 0x80, 0x80, 0x80, 0x80, 0x80, 0x80, 0x80, 0x80, 0x80, 0x81, 
	0x7F, 0x7F, 0x80, 0x80, 0x80, 0x80, 0x80, 0x80, 0x80, 0x7F, 0x80, 0x80, 0x80, 0x80, 0x81, 0x81, 
	0x81, 0x80, 0x80, 0x80, 0x80, 0x80, 0x80, 0x80, 0x80, 0x80, 0x80, 0x81, 0x80, 0x80, 0x80, 0x7F, 
	0x7F, 0x80, 0x80, 0x80, 0x80, 0x7F, 0x7F, 0x80, 0x80, 0x80, 0x80, 0x80, 0x7F, 0x80, 0x80, 0x80, 
	0x80, 0x80, 0x80, 0x80, 0x80, 0x80, 0x80, 0x80, 0x7F, 0x80, 0x80, 0x7F, 0x80, 0x80, 0x80, 0x7F, 
	0x81, 0x80, 0x80, 0x81, 0x80, 0x80, 0x80, 0x80, 0x80, 0x80, 0x80, 0x80, 0x80, 0x80, 0x80, 0x80, 
	0x80, 0x80, 0x81, 0x80, 0x80, 0x80, 0x7F, 0x80, 0x80, 0x81, 0x7F, 0x80, 0x80, 0x81, 0x80, 0x80, 
	0x81, 0x80, 0x7F, 0x80, 0x7F, 0x80, 0x80, 0x80, 0x80, 0x80, 0x80, 0x80, 0x81, 0x7F, 0x80, 0x80, 
	0x7F, 0x80, 0x80, 0x80, 0x80, 0x80, 0x80, 0x80, 0x81, 0x80, 0x80, 0x80, 0x80, 0x80, 0x80, 0x7F, 
	0x80, 0x80, 0x80, 0x80, 0x80, 0x80, 0x81, 0x7F, 0x80, 0x80, 0x80, 0x80, 0x80, 0x80, 0x80, 0x80, 
	0x7F, 0x80, 0x80, 0x80, 0x81, 0x80, 0x80, 0x80, 0x81, 0x80, 0x80, 0x80, 0x80, 0x80, 0x80, 0x80, 
	0x80, 0x80, 0x80, 0x80, 0x80, 0x80, 0x80, 0x7F, 0x80, 0x80, 0x80, 0x80, 0x80, 0x7F, 0x80, 0x80, 
	0x80, 0x80, 0x80, 0x80, 0x80, 0x80, 0x80, 0x80, 0x7F, 0x80, 0x80, 0x80, 0x80, 0x80, 0x80, 0x80, 
	0x7F, 0x7F, 0x80, 0x80, 0x80, 0x7F, 0x80, 0x7F, 0x81, 0x80, 0x80, 0x80, 0x7F, 0x80, 0x80, 0x80, 
	0x80, 0x80, 0x80, 0x80, 0x80, 0x80, 0x80, 0x80, 0x81, 0x80, 0x80, 0x80, 0x80, 0x80, 0x80, 0x7F, 
	0x80, 0x81, 0x80, 0x80, 0x81, 0x80, 0x80, 0x80, 0x80, 0x80, 0x7F, 0x80, 0x80, 0x80, 0x80, 0x80, 
	0x7F, 0x80, 0x81, 0x80, 0x80, 0x80, 0x80, 0x81, 0x80, 0x80, 0x80, 0x80, 0x80, 0x80, 0x80, 0x80, 
	0x80, 0x80, 0x81, 0x7F, 0x80, 0x80, 0x80, 0x80, 0x81, 0x80, 0x80, 0x80, 0x80, 0x80, 0x80, 0x80, 
	0x80, 0x80, 0x80, 0x81, 0x80, 0x80, 0x80, 0x80, 0x80, 0x80, 0x80, 0x7F, 0x80, 0x80, 0x80, 0x80, 
	0x81, 0x80, 0x80, 0x7F, 0x80, 0x80, 0x80, 0x80, 0x80, 0x80, 0x80, 0x80, 0x80, 0x80, 0x80, 0x80, 
	0x80, 0x80, 0x80, 0x80, 0x80, 0x80, 0x80, 0x7F, 0x80, 0x80, 0x80, 0x80, 0x81, 0x80, 0x80, 0x80, 
	0x80, 0x80, 0x80, 0x80, 0x80, 0x81, 0x80, 0x80, 0x80, 0x81, 0x80, 0x80, 0x80, 0x80, 0x7F, 0x81, 
	0x80, 0x80, 0x80, 0x7F, 0x81, 0x80, 0x80, 0x80, 0x80, 0x7F, 0x80, 0x80, 0x80, 0x80, 0x80, 0x7F, 
	0x80, 0x80, 0x80, 0x80, 0x80, 0x7F, 0x80, 0x80, 0x81, 0x80, 0x81, 0x7F, 0x80, 0x80, 0x80, 0x80, 
	0x80, 0x80, 0x80, 0x7F, 0x80, 0x80, 0x80, 0x80, 0x80, 0x80, 0x80, 0x80, 0x80, 0x80, 0x81, 0x80, 
	0x80, 0x80, 0x80, 0x80, 0x80, 0x80, 0x80, 0x7F, 0x80, 0x7F, 0x80, 0x7F, 0x80, 0x7F, 0x80, 0x7F, 
	0x80, 0x80, 0x80, 0x80, 0x80, 0x7F, 0x81, 0x80, 0x80, 0x80, 0x80, 0x80, 0x80, 0x80, 0x80, 0x80, 
	0x81, 0x80, 0x81, 0x80, 0x80, 0x80, 0x80, 0x80, 0x80, 0x7F, 0x80, 0x80, 0x80, 0x80, 0x80, 0x7F, 
	0x80, 0x80, 0x81, 0x80, 0x80, 0x80, 0x80, 0x80, 0x80, 0x80, 0x80, 0x80, 0x80, 0x80, 0x81, 0x7F, 
	0x80, 0x80, 0x80, 0x80, 0x80, 0x7F, 0x80, 0x80, 0x80, 0x80, 0x80, 0x80, 0x80, 0x80, 0x80, 0x80, 
	0x80, 0x80, 0x80, 0x81, 0x81, 0x80, 0x80, 0x80, 0x80, 0x80, 0x80, 0x80, 0x81, 0x7F, 0x81, 0x80, 
	0x80, 0x80, 0x80, 0x80, 0x80, 0x7F, 0x80, 0x7F, 0x80, 0x80, 0x81, 0x80, 0x81, 0x7F, 0x80, 0x80, 
	0x80, 0x80, 0x80, 0x80, 0x81, 0x80, 0x80, 0x7F, 0x80, 0x80, 0x80, 0x7F, 0x81, 0x80, 0x81, 0x80, 
	0x80, 0x7F, 0x80, 0x7F, 0x81, 0x7F, 0x80, 0x7F, 0x81, 0x7F, 0x81, 0x80, 0x81, 0x7F, 0x81, 0x80, 
	0x80, 0x7F, 0x80, 0x80, 0x81, 0x80, 0x80, 0x7F, 0x80, 0x80, 0x81, 0x7F, 0x80, 0x7F, 0x80, 0x7F, 
	0x81, 0x7F, 0x80, 0x80, 0x80, 0x80, 0x80, 0x80, 0x80, 0x80, 0x81, 0x7F, 0x81, 0x7F, 0x81, 0x7F, 
	0x81, 0x7F, 0x7F, 0x80, 0x81, 0x7F, 0x81, 0x7F, 0x81, 0x80, 0x81, 0x81, 0x80, 0x7F, 0x7F, 0x80, 
	0x80, 0x7F, 0x81, 0x80, 0x80, 0x80, 0x81, 0x80, 0x80, 0x7F, 0x80, 0x7F, 0x81, 0x7F, 0x81, 0x80, 
	0x81, 0x7F, 0x80, 0x7F, 0x81, 0x7F, 0x81, 0x7F, 0x81, 0x7F, 0x81, 0x7F, 0x81, 0x7F, 0x80, 0x7F, 
	0x81, 0x80, 0x81, 0x7F, 0x81, 0x80, 0x82, 0x80, 0x81, 0x7F, 0x80, 0x7F, 0x81, 0x7F, 0x81, 0x80, 
	0x82, 0x7F, 0x81, 0x7F, 0x81, 0x7E, 0x82, 0x7E, 0x81, 0x7F, 0x82, 0x7E, 0x81, 0x7E, 0x81, 0x7E, 
	0x81, 0x7E, 0x82, 0x7E, 0x81, 0x7E, 0x82, 0x7E, 0x82, 0x7E, 0x82, 0x7E, 0x83, 0x7E, 0x82, 0x7E, 
	0x81, 0x7E, 0x83, 0x7E, 0x83, 0x7D, 0x83, 0x7E, 0x82, 0x7E, 0x82, 0x7E, 0x83, 0x7D, 0x83, 0x7D, 
	0x83, 0x7D, 0x84, 0x7C, 0x83, 0x7C, 0x84, 0x7C, 0x84, 0x7C, 0x84, 0x7C, 0x83, 0x7C, 0x85, 0x7C, 
	0x84, 0x7C, 0x85, 0x7C, 0x84, 0x7D, 0x83, 0x7C, 0x84, 0x7D, 0x83, 0x7D, 0x83, 0x7D, 0x83, 0x7D, 
	0x83, 0x7D, 0x83, 0x7D, 0x83, 0x7D, 0x82, 0x7E, 0x83, 0x7D, 0x83, 0x7D, 0x83, 0x7D, 0x83, 0x7E, 
	0x82, 0x7D, 0x82, 0x7E, 0x83, 0x7E, 0x82, 0x7E, 0x83, 0x7D, 0x82, 0x7D, 0x83, 0x7D, 0x82, 0x7E, 
	0x82, 0x7E, 0x81, 0x7F, 0x82, 0x7E, 0x82, 0x7F, 0x81, 0x7F, 0x82, 0x7E, 0x81, 0x7F, 0x80, 0x7F, 
	0x81, 0x80, 0x81, 0x80, 0x81, 0x7F, 0x81, 0x7F, 0x81, 0x7F, 0x81, 0x7F, 0x81, 0x7F, 0x80, 0x7F, 
	0x81, 0x7F, 0x80, 0x80, 0x80, 0x7F, 0x81, 0x7F, 0x81, 0x80, 0x81, 0x80, 0x80, 0x7F, 0x80, 0x81, 
	0x80, 0x80, 0x7F, 0x81, 0x7F, 0x80, 0x7F, 0x81, 0x7F, 0x80, 0x80, 0x81, 0x7F, 0x81, 0x80, 0x80, 
	0x7F, 0x81, 0x80, 0x81, 0x7F, 0x81, 0x80, 0x7F, 0x80, 0x7F, 0x81, 0x7F, 0x81, 0x7F, 0x80, 0x7F, 
	0x82, 0x7F, 0x80, 0x80, 0x81, 0x80, 0x80, 0x80, 0x81, 0x7F, 0x82, 0x7E, 0x82, 0x7F, 0x81, 0x7E, 
	0x82, 0x7E, 0x83, 0x7E, 0x82, 0x7E, 0x82, 0x7D, 0x82, 0x7D, 0x82, 0x7D, 0x83, 0x7D, 0x83, 0x7D, 
	0x83, 0x7D, 0x84, 0x7D, 0x84, 0x7C, 0x84, 0x7C, 0x84, 0x7C, 0x84, 0x7C, 0x84, 0x7D, 0x84, 0x7C, 
	0x83, 0x7C, 0x84, 0x7C, 0x84, 0x7C, 0x83, 0x7C, 0x84, 0x7D, 0x83, 0x7E, 0x82, 0x7D, 0x82, 0x7E, 
	0x82, 0x7F, 0x81, 0x7E, 0x81, 0x7E, 0x83, 0x7D, 0x82, 0x7E, 0x82, 0x7F, 0x82, 0x7F, 0x81, 0x7F, 
	0x81, 0x80, 0x80, 0x80, 0x81, 0x80, 0x81, 0x80, 0x80, 0x80, 0x80, 0x81, 0x7F, 0x81, 0x7F, 0x81, 
	0x7F, 0x82, 0x7F, 0x81, 0x7F, 0x81, 0x7E, 0x81, 0x7F, 0x82, 0x7E, 0x81, 0x7F, 0x82, 0x7F, 0x81, 
	0x7F, 0x81, 0x80, 0x80, 0x7F, 0x80, 0x80, 0x80, 0x81, 0x7F, 0x80, 0x7E, 0x82, 0x7D, 0x83, 0x7D, 
	0x83, 0x7D, 0x84, 0x7D, 0x82, 0x7F, 0x80, 0x82, 0x7C, 0x87, 0x78, 0x8C, 0x71, 0x91, 0x6E, 0x94, 
	0x6C, 0x95, 0x6D, 0x91, 0x71, 0x8D, 0x76, 0x8A, 0x77, 0x87, 0x79, 0x87, 0x77, 0x8A, 0x75, 0x8C, 
	0x74, 0x8D, 0x73, 0x8C, 0x75, 0x89, 0x79, 0x86, 0x7B, 0x84, 0x7C, 0x84, 0x7C, 0x84, 0x7A, 0x87, 
	0x79, 0x87, 0x7A, 0x85, 0x7B, 0x83, 0x7D, 0x82, 0x7E, 0x81, 0x7F, 0x81, 0x7F, 0x82, 0x7D, 0x84, 
	0x7C, 0x84, 0x7D, 0x83, 0x7D, 0x82, 0x7F, 0x81, 0x7E, 0x82, 0x7D, 0x83, 0x7C, 0x86, 0x79, 0x89, 
	0x77, 0x89, 0x77, 0x88, 0x79, 0x86, 0x79, 0x87, 0x79, 0x87, 0x78, 0x88, 0x77, 0x8A, 0x75, 0x8B, 
	0x75, 0x8A, 0x77, 0x88, 0x79, 0x85, 0x7B, 0x85, 0x7A, 0x85, 0x7B, 0x84, 0x7E, 0x82, 0x7E, 0x80, 
	0x80, 0x7E, 0x83, 0x7D, 0x83, 0x7B, 0x84, 0x7B, 0x85, 0x7C, 0x85, 0x7A, 0x86, 0x79, 0x87, 0x79, 
	0x87, 0x7A, 0x86, 0x7A, 0x85, 0x7B, 0x86, 0x7A, 0x86, 0x79, 0x86, 0x7A, 0x85, 0x7B, 0x84, 0x7C, 
	0x83, 0x7D, 0x82, 0x7E, 0x81, 0x7E, 0x83, 0x7C, 0x84, 0x7C, 0x84, 0x7D, 0x83, 0x7D, 0x84, 0x7B, 
	0x85, 0x7C, 0x82, 0x80, 0x80, 0x7F, 0x83, 0x7B, 0x86, 0x7B, 0x84, 0x7E, 0x81, 0x7F, 0x83, 0x7C, 
	0x85, 0x7A, 0x83, 0x7E, 0x80, 0x80, 0x82, 0x7D, 0x84, 0x7D, 0x82, 0x80, 0x7F, 0x81, 0x80, 0x7E, 
	0x83, 0x7C, 0x83, 0x7F, 0x81, 0x7E, 0x83, 0x7B, 0x86, 0x7A, 0x85, 0x7E, 0x81, 0x7F, 0x82, 0x7E, 
	0x83, 0x7E, 0x82, 0x7D, 0x83, 0x7C, 0x85, 0x7A, 0x86, 0x7B, 0x83, 0x7F, 0x7F, 0x81, 0x7E, 0x81, 
	0x82, 0x7C, 0x86, 0x77, 0x8B, 0x73, 0x8D, 0x75, 0x8B, 0x77, 0x86, 0x7C, 0x80, 0x83, 0x7A, 0x87, 
	0x77, 0x87, 0x7A, 0x84, 0x7D, 0x81, 0x80, 0x80, 0x81, 0x7E, 0x84, 0x7B, 0x85, 0x7A, 0x85, 0x7C, 
	0x83, 0x7D, 0x83, 0x7C, 0x84, 0x7C, 0x83, 0x7E, 0x80, 0x81, 0x7F, 0x82, 0x7E, 0x83, 0x7D, 0x83, 
	0x7D, 0x82, 0x7F, 0x7F, 0x81, 0x7F, 0x7F, 0x82, 0x7E, 0x84, 0x7D, 0x82, 0x7E, 0x81, 0x7E, 0x82, 
	0x7D, 0x84, 0x7E, 0x80, 0x81, 0x7F, 0x82, 0x7F, 0x81, 0x7F, 0x81, 0x7F, 0x81, 0x7F, 0x81, 0x80, 
	0x7F, 0x81, 0x7F, 0x80, 0x80, 0x80, 0x81, 0x7E, 0x82, 0x80, 0x80, 0x81, 0x7F, 0x81, 0x7E, 0x81, 
	0x7E, 0x83, 0x7C, 0x84, 0x7C, 0x84, 0x7C, 0x83, 0x7E, 0x83, 0x7E, 0x82, 0x7D, 0x82, 0x7D, 0x83, 
	0x7E, 0x82, 0x80, 0x7E, 0x83, 0x7B, 0x87, 0x78, 0x89, 0x77, 0x89, 0x78, 0x87, 0x7A, 0x83, 0x80, 
	0x7E, 0x85, 0x78, 0x8A, 0x75, 0x8C, 0x74, 0x8C, 0x75, 0x8C, 0x76, 0x89, 0x79, 0x86, 0x7C, 0x82, 
	0x7E, 0x80, 0x81, 0x7E, 0x82, 0x7D, 0x84, 0x7C, 0x85, 0x7A, 0x86, 0x79, 0x89, 0x77, 0x8B, 0x73, 
	0x8E, 0x70, 0x91, 0x6F, 0x91, 0x6F, 0x90, 0x72, 0x8B, 0x79, 0x83, 0x82, 0x7A, 0x8B, 0x72, 0x91, 
	0x6D, 0x95, 0x6A, 0x94, 0x6D, 0x90, 0x75, 0x87, 0x7F, 0x7B, 0x8B, 0x70, 0x95, 0x67, 0x9C, 0x62, 
	0x9D, 0x64, 0x99, 0x6A, 0x91, 0x74, 0x87, 0x7E, 0x7F, 0x85, 0x77, 0x8B, 0x75, 0x8A, 0x77, 0x86, 
	0x7E, 0x7F, 0x85, 0x78, 0x8B, 0x74, 0x8D, 0x72, 0x8D, 0x72, 0x8C, 0x74, 0x8B, 0x75, 0x8A, 0x75, 
	0x8A, 0x75, 0x8C, 0x74, 0x8C, 0x74, 0x8C, 0x73, 0x8D, 0x73, 0x8D, 0x73, 0x8D, 0x74, 0x8B, 0x76, 
	0x88, 0x79, 0x87, 0x7A, 0x85, 0x7B, 0x84, 0x7C, 0x84, 0x7C, 0x85, 0x7B, 0x86, 0x7A, 0x88, 0x79, 
	0x88, 0x78, 0x89, 0x78, 0x88, 0x78, 0x88, 0x7A, 0x85, 0x7B, 0x85, 0x7C, 0x84, 0x7D, 0x83, 0x7C, 
	0x83, 0x7C, 0x85, 0x7B, 0x87, 0x78, 0x88, 0x77, 0x89, 0x77, 0x89, 0x78, 0x88, 0x79, 0x88, 0x79, 
	0x86, 0x7A, 0x86, 0x7A, 0x87, 0x78, 0x88, 0x77, 0x8A, 0x75, 0x8C, 0x73, 0x8E, 0x71, 0x8E, 0x72, 
	0x8E, 0x73, 0x8B, 0x76, 0x89, 0x79, 0x86, 0x7B, 0x84, 0x7E, 0x82, 0x80, 0x80, 0x80, 0x80, 0x7F, 
	0x82, 0x7D, 0x85, 0x7A, 0x89, 0x75, 0x8D, 0x70, 0x92, 0x6C, 0x95, 0x6A, 0x97, 0x68, 0x98, 0x68, 
	0x98, 0x69, 0x97, 0x6C, 0x93, 0x6E, 0x91, 0x71, 0x8D, 0x76, 0x87, 0x7B, 0x83, 0x80, 0x7D, 0x86, 
	0x78, 0x8B, 0x73, 0x8F, 0x70, 0x91, 0x70, 0x8E, 0x75, 0x88, 0x7C, 0x80, 0x85, 0x77, 0x8E, 0x6E, 
	0x95, 0x68, 0x99, 0x67, 0x96, 0x6D, 0x8E, 0x78, 0x82, 0x85, 0x74, 0x93, 0x67, 0x9E, 0x5C, 0xA5, 
	0x58, 0xA7, 0x59, 0xA3, 0x5F, 0x9C, 0x69, 0x91, 0x73, 0x87, 0x7E, 0x7D, 0x87, 0x76, 0x8B, 0x74, 
	0x8C, 0x75, 0x8A, 0x78, 0x86, 0x7D, 0x82, 0x81, 0x7C, 0x85, 0x79, 0x88, 0x77, 0x8B, 0x74, 0x8D, 
	0x72, 0x8F, 0x6F, 0x92, 0x6D, 0x94, 0x6B, 0x96, 0x68, 0x99, 0x67, 0x9A, 0x66, 0x9A, 0x66, 0x9A, 
	0x65, 0x9B, 0x64, 0x9C, 0x65, 0x9C, 0x65, 0x9C, 0x64, 0x9C, 0x64, 0x9D, 0x64, 0x9B, 0x64, 0x9B, 
	0x66, 0x99, 0x68, 0x97, 0x6B, 0x94, 0x6E, 0x90, 0x71, 0x8E, 0x72, 0x8D, 0x74, 0x8B, 0x76, 0x89, 
	0x78, 0x87, 0x78, 0x86, 0x7B, 0x84, 0x7D, 0x83, 0x7D, 0x82, 0x7F, 0x81, 0x81, 0x7F, 0x82, 0x7D, 
	0x83, 0x7D, 0x83, 0x7D, 0x81, 0x7F, 0x7F, 0x81, 0x7E, 0x84, 0x7B, 0x87, 0x79, 0x87, 0x79, 0x88, 
	0x78, 0x88, 0x79, 0x86, 0x7A, 0x85, 0x7C, 0x83, 0x7F, 0x81, 0x7F, 0x80, 0x7F, 0x82, 0x7F, 0x82, 
	0x7D, 0x84, 0x7B, 0x86, 0x7A, 0x87, 0x79, 0x88, 0x79, 0x86, 0x79, 0x86, 0x7B, 0x85, 0x7C, 0x84, 
	0x7D, 0x83, 0x7E, 0x80, 0x81, 0x7F, 0x82, 0x7D, 0x84, 0x7A, 0x86, 0x78, 0x89, 0x76, 0x8B, 0x75, 
	0x8C, 0x74, 0x8C, 0x75, 0x8B, 0x76, 0x89, 0x79, 0x85, 0x7C, 0x83, 0x80, 0x80, 0x82, 0x7C, 0x85, 
	0x7B, 0x86, 0x79, 0x86, 0x7A, 0x86, 0x7B, 0x84, 0x7D, 0x82, 0x80, 0x7F, 0x82, 0x7C, 0x83, 0x7B, 
	0x85, 0x7B, 0x84, 0x7B, 0x84, 0x7B, 0x84, 0x7E, 0x82, 0x7E, 0x81, 0x7F, 0x82, 0x7F, 0x81, 0x7F, 
	0x82, 0x7F, 0x82, 0x7E, 0x82, 0x7E, 0x82, 0x7E, 0x82, 0x7E, 0x82, 0x7F, 0x81, 0x7F, 0x81, 0x80, 
	0x80, 0x80, 0x80, 0x80, 0x80, 0x7F, 0x81, 0x7F, 0x82, 0x7D, 0x83, 0x7D, 0x83, 0x7C, 0x84, 0x7C, 
	0x85, 0x7B, 0x85, 0x7A, 0x86, 0x7B, 0x85, 0x7B, 0x84, 0x7C, 0x84, 0x7D, 0x83, 0x7D, 0x82, 0x7F, 
	0x82, 0x7E, 0x81, 0x7F, 0x81, 0x80, 0x81, 0x7F, 0x81, 0x7E, 0x83, 0x7D, 0x84, 0x7C, 0x84, 0x7C, 
	0x85, 0x7A, 0x86, 0x7A, 0x86, 0x7C, 0x84, 0x7D, 0x82, 0x7F, 0x81, 0x80, 0x80, 0x80, 0x80, 0x80, 
	0x7F, 0x80, 0x81, 0x7F, 0x82, 0x7D, 0x83, 0x7C, 0x84, 0x7B, 0x84, 0x7C, 0x83, 0x7D, 0x82, 0x7F, 
	0x81, 0x81, 0x80, 0x81, 0x7E, 0x82, 0x7E, 0x81, 0x7E, 0x82, 0x80, 0x80, 0x80, 0x7F, 0x82, 0x7E, 
	0x83, 0x7C, 0x84, 0x7C, 0x84, 0x7B, 0x84, 0x7B, 0x85, 0x7D, 0x84, 0x7C, 0x83, 0x7D, 0x83, 0x7E, 
	0x82, 0x7D, 0x82, 0x7D, 0x83, 0x7E, 0x82, 0x7D, 0x83, 0x7C, 0x84, 0x7D, 0x83, 0x7E, 0x82, 0x7E, 
	0x81, 0x7F, 0x81, 0x80, 0x80, 0x81, 0x7F, 0x81, 0x7F, 0x81, 0x7F, 0x80, 0x81, 0x7F, 0x81, 0x7E, 
	0x84, 0x7C, 0x84, 0x7A, 0x85, 0x7A, 0x85, 0x7A, 0x85, 0x7B, 0x84, 0x7C, 0x83, 0x7D, 0x81, 0x7F, 
	0x81, 0x7F, 0x80, 0x80, 0x80, 0x7F, 0x82, 0x7E, 0x83, 0x7E, 0x82, 0x7D, 0x83, 0x7E, 0x82, 0x7E, 
	0x82, 0x7E, 0x82, 0x7E, 0x82, 0x7E, 0x83, 0x7D, 0x83, 0x7D, 0x82, 0x7D, 0x83, 0x7D, 0x82, 0x7E, 
	0x82, 0x7E, 0x81, 0x7E, 0x80, 0x80, 0x7F, 0x81, 0x7F, 0x83, 0x7D, 0x83, 0x7D, 0x83, 0x7D, 0x83, 
	0x7D, 0x82, 0x7F, 0x81, 0x7F, 0x81, 0x80, 0x80, 0x81, 0x80, 0x81, 0x7F, 0x81, 0x7F, 0x80, 0x80, 
	0x81, 0x80, 0x80, 0x7F, 0x80, 0x7F, 0x80, 0x7F, 0x81, 0x7F, 0x81, 0x7F, 0x82, 0x7F, 0x81, 0x7E, 
	0x81, 0x7F, 0x81, 0x7E, 0x81, 0x7F, 0x81, 0x7E, 0x82, 0x7E, 0x83, 0x7D, 0x82, 0x7D, 0x83, 0x7E, 
	0x82, 0x7E, 0x81, 0x7E, 0x82, 0x7F, 0x81, 0x7F, 0x80, 0x80, 0x80, 0x7F, 0x7F, 0x80, 0x7F, 0x80, 
	0x80, 0x80, 0x81, 0x7F, 0x80, 0x7F, 0x81, 0x7F, 0x82, 0x7E, 0x82, 0x7F, 0x82, 0x7E, 0x82, 0x7E, 
	0x82, 0x7E, 0x82, 0x7E, 0x82, 0x7D, 0x83, 0x7D, 0x84, 0x7D, 0x84, 0x7B, 0x85, 0x7A, 0x86, 0x7B, 
	0x86, 0x7B, 0x86, 0x7A, 0x86, 0x7B, 0x85, 0x7B, 0x84, 0x7B, 0x84, 0x7C, 0x84, 0x7C, 0x84, 0x7C, 
	0x83, 0x7C, 0x84, 0x7D, 0x84, 0x7C, 0x84, 0x7D, 0x83, 0x7C, 0x82, 0x7C, 0x83, 0x7E, 0x83, 0x7E, 
	0x82, 0x7E, 0x82, 0x7E, 0x81, 0x7E, 0x81, 0x7F, 0x82, 0x7E, 0x81, 0x7E, 0x82, 0x7F, 0x82, 0x7E, 
	0x82, 0x7D, 0x82, 0x7E, 0x83, 0x7D, 0x83, 0x7D, 0x83, 0x7D, 0x84, 0x7D, 0x83, 0x7C, 0x83, 0x7C, 
	0x83, 0x7D, 0x82, 0x7D, 0x83, 0x7D, 0x82, 0x7E, 0x82, 0x7F, 0x80, 0x80, 0x80, 0x80, 0x7F, 0x81, 
	0x7F, 0x82, 0x7E, 0x81, 0x7F, 0x82, 0x7E, 0x82, 0x7F, 0x81, 0x7F, 0x81, 0x7F, 0x81, 0x7E, 0x81, 
	0x7F, 0x81, 0x7F, 0x81, 0x7E, 0x81, 0x7F, 0x82, 0x7E, 0x82, 0x7E, 0x83, 0x7E, 0x82, 0x7E, 0x82, 
	0x7F, 0x82, 0x7F, 0x81, 0x7F, 0x80, 0x80, 0x80, 0x7F, 0x81, 0x7F, 0x81, 0x7F, 0x81, 0x7F, 0x81, 
	0x7E, 0x81, 0x7E, 0x82, 0x7D, 0x82, 0x7C, 0x83, 0x7C, 0x82, 0x7D, 0x84, 0x7D, 0x83, 0x7C, 0x83, 
	0x7D, 0x83, 0x7E, 0x82, 0x7E, 0x83, 0x7E, 0x81, 0x7E, 0x81, 0x80, 0x82, 0x7F, 0x81, 0x7F, 0x81, 
	0x7F, 0x81, 0x7F, 0x81, 0x7E, 0x81, 0x7F, 0x82, 0x7D, 0x82, 0x7E, 0x82, 0x7E, 0x81, 0x7F, 0x81, 
	0x80, 0x80, 0x81, 0x7E, 0x81, 0x7F, 0x82, 0x7E, 0x82, 0x7E, 0x82, 0x7E, 0x81, 0x7F, 0x80, 0x80, 
	0x80, 0x80, 0x7F, 0x81, 0x7F, 0x81, 0x7E, 0x81, 0x7E, 0x82, 0x7F, 0x81, 0x7F, 0x81, 0x80, 0x81, 
	0x7F, 0x81, 0x80, 0x80, 0x7F, 0x80, 0x80, 0x81, 0x80, 0x81, 0x7F, 0x80, 0x80, 0x80, 0x81, 0x80, 
	0x80, 0x7F, 0x81, 0x7F, 0x80, 0x80, 0x80, 0x80, 0x81, 0x80, 0x80, 0x81, 0x7F, 0x80, 0x7F, 0x81, 
	0x7F, 0x81, 0x7F, 0x80, 0x80, 0x81, 0x80, 0x81, 0x80, 0x80, 0x80, 0x81, 0x80, 0x81, 0x80, 0x80, 
	0x80, 0x80, 0x80, 0x80, 0x7F, 0x81, 0x80, 0x80, 0x80, 0x80, 0x81, 0x7F, 0x81, 0x7F, 0x81, 0x7F, 
	0x81, 0x7E, 0x82, 0x7F, 0x82, 0x7E, 0x82, 0x7E, 0x82, 0x7F, 0x81, 0x7F, 0x81, 0x7F, 0x80, 0x80, 
	0x80, 0x80, 0x80, 0x80, 0x7F, 0x80, 0x80, 0x80, 0x80, 0x80, 0x80, 0x80, 0x7F, 0x80, 0x80, 0x80, 
	0x80, 0x80, 0x81, 0x7F, 0x81, 0x80, 0x80, 0x80, 0x81, 0x80, 0x81, 0x80, 0x80, 0x80, 0x80, 0x80, 
	0x80, 0x7F, 0x80, 0x7F, 0x81, 0x80, 0x81, 0x80, 0x80, 0x7F, 0x80, 0x80, 0x80, 0x80, 0x80, 0x81, 
	0x80, 0x80, 0x81, 0x80, 0x80, 0x80, 0x80, 0x80, 0x80, 0x80, 0x80, 0x7F, 0x80, 0x80, 0x80, 0x80, 
	0x80, 0x7F, 0x80, 0x7F, 0x81, 0x80, 0x81, 0x7F, 0x81, 0x7F, 0x81, 0x7F, 0x81, 0x7F, 0x80, 0x80, 
	0x80, 0x80, 0x80, 0x80, 0x7F, 0x81, 0x7F, 0x81, 0x80, 0x81, 0x7F, 0x81, 0x80, 0x81, 0x80, 0x80, 
	0x80, 0x80, 0x80, 0x7F, 0x81, 0x80, 0x7F, 0x80, 0x80, 0x7F, 0x80, 0x7F, 0x80, 0x80, 0x80, 0x80, 
	0x80, 0x80, 0x80, 0x7F, 0x81, 0x7F, 0x81, 0x7F, 0x82, 0x7F, 0x81, 0x7F, 0x81, 0x80, 0x80, 0x80, 
	0x80, 0x80, 0x80, 0x81, 0x80, 0x80, 0x80, 0x80, 0x81, 0x80, 0x7F, 0x80, 0x80, 0x80, 0x81, 0x81, 
	0x81, 0x80, 0x80, 0x7F, 0x80, 0x80, 0x80, 0x80, 0x80, 0x80, 0x7F, 0x81, 0x7F, 0x7F, 0x80, 0x80, 
	0x7F, 0x7F, 0x80, 0x80, 0x80, 0x7F, 0x81, 0x80, 0x81, 0x80, 0x80, 0x80, 0x80, 0x80, 0x80, 0x7F, 
	0x80, 0x81, 0x7F, 0x81, 0x7F, 0x81, 0x7F, 0x80, 0x80, 0x80, 0x80, 0x80, 0x7F, 0x7F, 0x80, 0x80, 
	0x81, 0x81, 0x7F, 0x80, 0x80, 0x80, 0x80, 0x80, 0x80, 0x80, 0x7F, 0x81, 0x7E, 0x81, 0x7F, 0x82, 
	0x7E, 0x81, 0x7F, 0x81, 0x80, 0x81, 0x7F, 0x80, 0x7F, 0x81, 0x80, 0x80, 0x80, 0x80, 0x80, 0x80, 
	0x80, 0x80, 0x7F, 0x81, 0x80, 0x80, 0x80, 0x81, 0x80, 0x80, 0x7F, 0x80, 0x7F, 0x80, 0x81, 0x80, 
	0x81, 0x80, 0x7F, 0x80, 0x80, 0x80, 0x80, 0x7F, 0x80, 0x81, 0x7F, 0x80, 0x80, 0x80, 0x80, 0x81, 
	0x80, 0x80, 0x7F, 0x81, 0x7F, 0x80, 0x80, 0x81, 0x80, 0x80, 0x80, 0x80, 0x7F, 0x80, 0x80, 0x80, 
	0x80, 0x80, 0x80, 0x80, 0x80, 0x80, 0x80, 0x80, 0x80, 0x80, 0x80, 0x81, 0x80, 0x81, 0x81, 0x80, 
	0x80, 0x80, 0x80, 0x80, 0x80, 0x80, 0x81, 0x7F, 0x80, 0x80, 0x80, 0x80, 0x80, 0x7F, 0x81, 0x7F, 
	0x81, 0x7F, 0x81, 0x80, 0x81, 0x7F, 0x80, 0x7F, 0x81, 0x7F, 0x81, 0x80, 0x80, 0x80, 0x80, 0x80, 
	0x80, 0x7F, 0x80, 0x7F, 0x80, 0x7F, 0x80, 0x80, 0x80, 0x80, 0x81, 0x81, 0x80, 0x81, 0x80, 0x81, 
	0x80, 0x7F, 0x80, 0x7F, 0x81, 0x7F, 0x80, 0x7F, 0x81, 0x7F, 0x81, 0x80, 0x81, 0x7F, 0x81, 0x80, 
	0x81, 0x80, 0x80, 0x80, 0x80, 0x7F, 0x7F, 0x80, 0x80, 0x80, 0x80, 0x80, 0x80, 0x80, 0x80, 0x80, 
	0x80, 0x80, 0x80, 0x80, 0x80, 0x80, 0x80, 0x80, 0x80, 0x80, 0x80, 0x80, 0x80, 0x80, 0x81, 0x7F, 
	0x80, 0x80, 0x80, 0x80, 0x7F, 0x80, 0x80, 0x80, 0x80, 0x80, 0x80, 0x7F, 0x81, 0x7F, 0x80, 0x80, 
	0x81, 0x7F, 0x81, 0x7F, 0x81, 0x7F, 0x81, 0x7F, 0x81, 0x7E, 0x81, 0x7F, 0x80, 0x7F, 0x81, 0x7F, 
	0x80, 0x7F, 0x81, 0x7F, 0x81, 0x80, 0x81, 0x7F, 0x80, 0x7F, 0x81, 0x7E, 0x81, 0x7F, 0x81, 0x7F, 
	0x81, 0x80, 0x81, 0x80, 0x80, 0x80, 0x80, 0x81, 0x80, 0x80, 0x7F, 0x81, 0x7F, 0x81, 0x7F, 0x81, 
	0x7F, 0x80, 0x7F, 0x82, 0x7E, 0x82, 0x7E, 0x81, 0x7F, 0x82, 0x7F, 0x81, 0x7E, 0x81, 0x7F, 0x81, 
	0x7F, 0x81, 0x7F, 0x80, 0x7F, 0x80, 0x7F, 0x81, 0x7F, 0x80, 0x7F, 0x81, 0x80, 0x81, 0x80, 0x80, 
	0x80, 0x80, 0x7F, 0x80, 0x80, 0x81, 0x80, 0x80, 0x80, 0x80, 0x7F, 0x80, 0x7F, 0x80, 0x80, 0x81, 
	0x7F, 0x81, 0x7F, 0x81, 0x7F, 0x82, 0x7F, 0x81, 0x7F, 0x81, 0x7E, 0x81, 0x7F, 0x81, 0x7F, 0x81, 
	0x7F, 0x80, 0x7F, 0x80, 0x80, 0x81, 0x7F, 0x80, 0x80, 0x81, 0x7F, 0x80, 0x7F, 0x80, 0x80, 0x81, 
	0x80, 0x81, 0x7F, 0x81, 0x80, 0x81, 0x7F, 0x81, 0x80, 0x80, 0x7E, 0x80, 0x7F, 0x81, 0x7F, 0x81, 
	0x80, 0x80, 0x80, 0x81, 0x7F, 0x7F, 0x80, 0x80, 0x80, 0x80, 0x81, 0x80, 0x80, 0x80, 0x81, 0x80, 
	0x80, 0x80, 0x81, 0x7F, 0x81, 0x7F, 0x81, 0x7F, 0x80, 0x80, 0x81, 0x7F, 0x81, 0x7F, 0x81, 0x7F, 
	0x81, 0x7E, 0x81, 0x7F, 0x81, 0x7F, 0x82, 0x7F, 0x82, 0x7F, 0x80, 0x7E, 0x81, 0x7E, 0x81, 0x7F, 
	0x81, 0x80, 0x81, 0x7F, 0x81, 0x7F, 0x81, 0x7E, 0x81, 0x7E, 0x82, 0x7E, 0x81, 0x7E, 0x82, 0x7E, 
	0x82, 0x7E, 0x81, 0x7F, 0x82, 0x7F, 0x81, 0x80, 0x81, 0x7F, 0x81, 0x7F, 0x81, 0x7F, 0x81, 0x7F, 
	0x82, 0x7F, 0x82, 0x7E, 0x82, 0x7F, 0x81, 0x7F, 0x81, 0x7F, 0x81, 0x7E, 0x81, 0x7E, 0x81, 0x7F, 
	0x81, 0x7F, 0x81, 0x7F, 0x82, 0x7F, 0x81, 0x7F, 0x81, 0x7E, 0x81, 0x7F, 0x81, 0x7F, 0x81, 0x7F, 
	0x82, 0x7F, 0x81, 0x7F, 0x81, 0x7F, 0x81, 0x7F, 0x80, 0x7F, 0x81, 0x7F, 0x81, 0x7F, 0x81, 0x7F, 
	0x81, 0x7F, 0x80, 0x7F, 0x81, 0x7F, 0x80, 0x80, 0x80, 0x81, 0x80, 0x80, 0x80, 0x80, 0x81, 0x7F, 
	0x81, 0x7F, 0x81, 0x7F, 0x81, 0x7F, 0x81, 0x7E, 0x81, 0x7F, 0x81, 0x80, 0x81, 0x80, 0x81, 0x80, 
	0x80, 0x80, 0x80, 0x7F, 0x80, 0x80, 0x80, 0x80, 0x80, 0x80, 0x80, 0x80, 0x81, 0x7F, 0x80, 0x80, 
	0x7F, 0x80, 0x80, 0x81, 0x80, 0x80, 0x80, 0x7F, 0x81, 0x7E, 0x81, 0x7E, 0x82, 0x7E, 0x81, 0x7E, 
	0x82, 0x7E, 0x82, 0x7F, 0x81, 0x7F, 0x80, 0x7F, 0x81, 0x80, 0x7F, 0x81, 0x7F, 0x81, 0x7F, 0x81, 
	0x7E, 0x82, 0x7E, 0x82, 0x7E, 0x82, 0x7F, 0x82, 0x7F, 0x82, 0x7E, 0x81, 0x7F, 0x81, 0x80, 0x80, 
	0x80, 0x80, 0x80, 0x80, 0x81, 0x7F, 0x81, 0x7F, 0x81, 0x80, 0x81, 0x7F, 0x81, 0x80, 0x81, 0x7E, 
	0x81, 0x7F, 0x81, 0x7E, 0x81, 0x7E, 0x82, 0x7E, 0x82, 0x7E, 0x82, 0x7E, 0x82, 0x7E, 0x82, 0x7E, 
	0x81, 0x7E, 0x81, 0x7F, 0x81, 0x7E, 0x81, 0x7F, 0x81, 0x7F, 0x82, 0x7F, 0x81, 0x7F, 0x82, 0x7F, 
	0x81, 0x7F, 0x81, 0x80, 0x80, 0x81, 0x80, 0x81, 0x7E, 0x82, 0x7E, 0x83, 0x7D, 0x82, 0x7D, 0x84, 
	0x7D, 0x83, 0x7C, 0x83, 0x7C, 0x83, 0x7E, 0x81, 0x7E, 0x82, 0x7E, 0x81, 0x7E, 0x81, 0x7E, 0x81, 
	0x7E, 0x82, 0x7E, 0x82, 0x7F, 0x81, 0x7F, 0x80, 0x7F, 0x80, 0x7F, 0x80, 0x80, 0x80, 0x80, 0x81, 
	0x80, 0x80, 0x7F, 0x80, 0x7F, 0x81, 0x7F, 0x80, 0x80, 0x80, 0x80, 0x7F, 0x81, 0x7E, 0x82, 0x7F, 
	0x82, 0x7E, 0x82, 0x7F, 0x81, 0x7F, 0x81, 0x80, 0x80, 0x81, 0x7F, 0x82, 0x7E, 0x82, 0x7E, 0x82, 
	0x7E, 0x82, 0x7E, 0x83, 0x7E, 0x81, 0x7F, 0x82, 0x7F, 0x81, 0x7E, 0x81, 0x7F, 0x82, 0x7E, 0x82, 
	0x7F, 0x82, 0x7D, 0x84, 0x7D, 0x82, 0x7D, 0x82, 0x7D, 0x82, 0x7E, 0x82, 0x7F, 0x81, 0x7F, 0x81, 
	0x7F, 0x81, 0x7F, 0x81, 0x7E, 0x80, 0x7F, 0x81, 0x7F, 0x80, 0x7F, 0x81, 0x80, 0x80, 0x80, 0x80, 
	0x81, 0x80, 0x81, 0x7F, 0x81, 0x7F, 0x82, 0x7E, 0x81, 0x7E, 0x81, 0x7F, 0x81, 0x7F, 0x81, 0x7E, 
	0x82, 0x7E, 0x82, 0x7E, 0x82, 0x7E, 0x81, 0x7E, 0x82, 0x7F, 0x81, 0x80, 0x81, 0x81, 0x7F, 0x81, 
	0x7F, 0x82, 0x7E, 0x82, 0x7E, 0x82, 0x7E, 0x82, 0x7D, 0x82, 0x7E, 0x82, 0x7E, 0x82, 0x7D, 0x83, 
	0x7D, 0x82, 0x7D, 0x83, 0x7D, 0x84, 0x7D, 0x82, 0x7E, 0x82, 0x7E, 0x81, 0x7F, 0x82, 0x7F, 0x81, 
	0x80, 0x80, 0x7F, 0x7F, 0x80, 0x80, 0x80, 0x80, 0x80, 0x80, 0x80, 0x7F, 0x81, 0x80, 0x81, 0x7F, 
	0x82, 0x7E, 0x81, 0x7E, 0x83, 0x7D, 0x83, 0x7D, 0x83, 0x7D, 0x83, 0x7C, 0x83, 0x7E, 0x83, 0x7D, 
	0x83, 0x7D, 0x82, 0x7E, 0x83, 0x7E, 0x83, 0x7E, 0x82, 0x7D, 0x83, 0x7E, 0x83, 0x7E, 0x81, 0x7F, 
	0x81, 0x80, 0x80, 0x80, 0x7F, 0x81, 0x7F, 0x82, 0x7E, 0x82, 0x7F, 0x82, 0x7E, 0x82, 0x7E, 0x81, 
	0x7F, 0x82, 0x7E, 0x81, 0x7E, 0x82, 0x7E, 0x82, 0x7E, 0x81, 0x7E, 0x81, 0x7F, 0x81, 0x7F, 0x81, 
	0x80, 0x7F, 0x81, 0x7E, 0x82, 0x7E, 0x81, 0x7E, 0x82, 0x7D, 0x82, 0x7E, 0x82, 0x7E, 0x82, 0x7F, 
	0x81, 0x7E, 0x82, 0x7D, 0x82, 0x7E, 0x82, 0x7E, 0x82, 0x7D, 0x82, 0x7D, 0x82, 0x7E, 0x81, 0x7E, 
	0x81, 0x7E, 0x81, 0x7F, 0x81, 0x80, 0x80, 0x7F, 0x81, 0x80, 0x81, 0x80, 0x80, 0x80, 0x80, 0x80, 
	0x80, 0x81, 0x80, 0x81, 0x7E, 0x83, 0x7D, 0x82, 0x7D, 0x82, 0x7D, 0x82, 0x7D, 0x82, 0x7E, 0x82, 
	0x7F, 0x81, 0x7F, 0x80, 0x7F, 0x80, 0x80, 0x80, 0x80, 0x80, 0x80, 0x81, 0x81, 0x80, 0x80, 0x80, 
	0x80, 0x80, 0x80, 0x7F, 0x81, 0x7F, 0x82, 0x7F, 0x82, 0x7F, 0x82, 0x7D, 0x82, 0x7E, 0x82, 0x7E, 
	0x83, 0x7E, 0x83, 0x7D, 0x82, 0x7E, 0x83, 0x7E, 0x82, 0x7D, 0x83, 0x7F, 0x81, 0x7F, 0x81, 0x7F, 
	0x80, 0x80, 0x7F, 0x80, 0x7F, 0x81, 0x7E, 0x81, 0x7E, 0x81, 0x7E, 0x81, 0x7F, 0x81, 0x7F, 0x80, 
	0x7E, 0x81, 0x7F, 0x81, 0x7F, 0x81, 0x7D, 0x81, 0x7E, 0x82, 0x7E, 0x82, 0x7F, 0x81, 0x7F, 0x80, 
	0x7F, 0x80, 0x80, 0x7F, 0x80, 0x80, 0x81, 0x7F, 0x81, 0x80, 0x80, 0x7F, 0x81, 0x80, 0x80, 0x7F, 
	0x81, 0x7F, 0x82, 0x7E, 0x82, 0x7E, 0x82, 0x7E, 0x83, 0x7E, 0x82, 0x7E, 0x82, 0x7E, 0x81, 0x7F, 
	0x82, 0x7F, 0x81, 0x7F, 0x80, 0x7F, 0x80, 0x81, 0x7F, 0x81, 0x7E, 0x81, 0x7F, 0x81, 0x7E, 0x81, 
	0x7F, 0x81, 0x7F, 0x82, 0x7F, 0x80, 0x7F, 0x81, 0x7F, 0x81, 0x7E, 0x81, 0x80, 0x81, 0x80, 0x80, 
	0x80, 0x80, 0x80, 0x80, 0x80, 0x81, 0x80, 0x80, 0x7F, 0x81, 0x7F, 0x81, 0x80, 0x80, 0x7F, 0x81, 
	0x7F, 0x81, 0x80, 0x80, 0x7F, 0x80, 0x80, 0x7F, 0x81, 0x7F, 0x81, 0x7F, 0x81, 0x7E, 0x81, 0x7E, 
	0x81, 0x7E, 0x82, 0x7E, 0x81, 0x80, 0x80, 0x80, 0x80, 0x81, 0x7E, 0x82, 0x7F, 0x81, 0x7F, 0x82, 
	0x7E, 0x81, 0x7F, 0x81, 0x7F, 0x81, 0x7F, 0x81, 0x7F, 0x81, 0x80, 0x81, 0x7F, 0x81, 0x7F, 0x80, 
	0x7F, 0x80, 0x80, 0x80, 0x80, 0x7F, 0x80, 0x80, 0x80, 0x80, 0x7F, 0x81, 0x7F, 0x80, 0x80, 0x80, 
	0x80, 0x80, 0x80, 0x7F, 0x81, 0x80, 0x81, 0x80, 0x81, 0x7F, 0x81, 0x80, 0x80, 0x7F, 0x80, 0x7F, 
	0x80, 0x80, 0x80, 0x80, 0x80, 0x80, 0x81, 0x80, 0x81, 0x80, 0x7F, 0x80, 0x7F, 0x80, 0x80, 0x81, 
	0x80, 0x80, 0x80, 0x80, 0x80, 0x80, 0x7F, 0x81, 0x80, 0x81, 0x7F, 0x81, 0x7F, 0x81, 0x80, 0x80, 
	0x81, 0x7F, 0x81, 0x7F, 0x81, 0x7F, 0x81, 0x7F, 0x82, 0x7F, 0x82, 0x7F, 0x81, 0x7F, 0x80, 0x80, 
	0x81, 0x7F, 0x80, 0x80, 0x80, 0x80, 0x81, 0x81, 0x80, 0x80, 0x7F, 0x81, 0x7F, 0x81, 0x7E, 0x81, 
	0x7F, 0x81, 0x7F, 0x80, 0x7E, 0x81, 0x7F, 0x81, 0x7F, 0x81, 0x7F, 0x81, 0x7F, 0x81, 0x7F, 0x80, 
	0x80, 0x80, 0x80, 0x81, 0x7F, 0x81, 0x80, 0x81, 0x7F, 0x81, 0x7F, 0x82, 0x7E, 0x82, 0x7F, 0x81, 
	0x7F, 0x81, 0x7F, 0x81, 0x7F, 0x80, 0x80, 0x80, 0x81, 0x7E, 0x81, 0x7E, 0x81, 0x7E, 0x81, 0x7E, 
	0x82, 0x7F, 0x81, 0x7F, 0x81, 0x7F, 0x81, 0x7F, 0x81, 0x80, 0x80, 0x80, 0x80, 0x80, 0x80, 0x80, 
	0x7F, 0x80, 0x80, 0x81, 0x80, 0x80, 0x7F, 0x80, 0x7F, 0x80, 0x7F, 0x81, 0x80, 0x81, 0x7F, 0x80, 
	0x7F, 0x81, 0x7F, 0x81, 0x80, 0x80, 0x7F, 0x81, 0x80, 0x81, 0x7F, 0x80, 0x80, 0x81, 0x80, 0x81, 
	0x7F, 0x80, 0x80, 0x7F, 0x80, 0x80, 0x80, 0x80, 0x80, 0x80, 0x80, 0x7F, 0x81, 0x7F, 0x80, 0x7F, 
	0x80, 0x7F, 0x81, 0x7F, 0x80, 0x80, 0x80, 0x80, 0x81, 0x7F, 0x80, 0x80, 0x81, 0x7F, 0x80, 0x7F, 
	0x80, 0x80, 0x81, 0x80, 0x80, 0x80, 0x80, 0x81, 0x7F, 0x81, 0x7E, 0x81, 0x7F, 0x81, 0x7F, 0x80, 
	0x7F, 0x80, 0x80, 0x80, 0x80, 0x81, 0x80, 0x80, 0x7F, 0x80, 0x80, 0x81, 0x80, 0x80, 0x80, 0x80, 
	0x80, 0x80, 0x80, 0x80, 0x7F, 0x80, 0x81, 0x81, 0x80, 0x7F, 0x7F, 0x80, 0x81, 0x7F, 0x80, 0x80, 
	0x80, 0x80, 0x80, 0x7F, 0x80, 0x80, 0x81, 0x80, 0x81, 0x7F, 0x81, 0x7F, 0x80, 0x7F, 0x80, 0x80, 
	0x80, 0x7F, 0x80, 0x80, 0x80, 0x80, 0x80, 0x80, 0x80, 0x80, 0x80, 0x80, 0x80, 0x80, 0x80, 0x80, 
	0x80, 0x7F, 0x80, 0x80, 0x81, 0x80, 0x80, 0x80, 0x80, 0x80, 0x80, 0x80, 0x7F, 0x7F, 0x80, 0x7F, 
	0x81, 0x81, 0x80, 0x80, 0x80, 0x80, 0x80, 0x80, 0x80, 0x80, 0x80, 0x80, 0x80, 0x80, 0x80, 0x81, 
	0x80, 0x80, 0x80, 0x80, 0x81, 0x80, 0x80, 0x80, 0x81, 0x80, 0x80, 0x80, 0x80, 0x80, 0x80, 0x80, 
	0x7F, 0x80, 0x80, 0x81, 0x80, 0x80, 0x80, 0x80, 0x80, 0x7F, 0x80, 0x80, 0x7F, 0x80, 0x7F, 0x80, 
	0x80, 0x80, 0x81, 0x81, 0x7F, 0x80, 0x80, 0x80, 0x80, 0x80, 0x80, 0x80, 0x80, 0x80, 0x80, 0x80, 
	0x81, 0x80, 0x80, 0x7F, 0x80, 0x80, 0x80, 0x81, 0x80, 0x80, 0x80, 0x80, 0x80, 0x80, 0x80, 0x80, 
	0x80, 0x80, 0x80, 0x81, 0x81, 0x80, 0x80, 0x80, 0x80, 0x80, 0x80, 0x80, 0x80, 0x80, 0x7F, 0x80, 
	0x7F, 0x80, 0x7F, 0x80, 0x80, 0x80, 0x80, 0x80, 0x80, 0x80, 0x7F, 0x7F, 0x80, 0x80, 0x80, 0x80, 
	0x80, 0x7F, 0x80, 0x80, 0x80, 0x80, 0x7F, 0x80, 0x80, 0x7F, 0x80, 0x80, 0x80, 0x80, 0x7F, 0x7F, 
	0x80, 0x80, 0x80, 0x7F, 0x81, 0x80, 0x80, 0x80, 0x81, 0x80, 0x81, 0x80, 0x80, 0x7F, 0x80, 0x80, 
	0x7F, 0x81, 0x80, 0x80, 0x81, 0x80, 0x80, 0x80, 0x80, 0x80, 0x80, 0x80, 0x7F, 0x80, 0x80, 0x80, 
	0x80, 0x81, 0x80, 0x80, 0x80, 0x80, 0x7F, 0x81, 0x80, 0x80, 0x7F, 0x80, 0x80, 0x80, 0x80, 0x80, 
	0x80, 0x80, 0x80, 0x81, 0x80, 0x81, 0x80, 0x80, 0x80, 0x80, 0x80, 0x80, 0x80, 0x80, 0x80, 0x80, 
	0x81, 0x80, 0x81, 0x7F, 0x7F, 0x80, 0x81, 0x80, 0x80, 0x80, 0x80, 0x80, 0x7F, 0x80, 0x80, 0x81, 
	0x80, 0x80, 0x80, 0x80, 0x80, 0x80, 0x80, 0x80, 0x80, 0x80, 0x80, 0x80, 0x80, 0x80, 0x80, 0x80, 
	0x80, 0x80, 0x80, 0x80, 0x80, 0x80, 0x80, 0x80, 0x80, 0x80, 0x7F, 0x7F, 0x80, 0x80, 0x80, 0x80, 
	0x80, 0x80, 0x80, 0x80, 0x80, 0x80, 0x80, 0x80, 0x80, 0x80, 0x81, 0x80, 0x80, 0x80, 0x7F, 0x81, 
	0x80, 0x80, 0x80, 0x80, 0x80, 0x80, 0x80, 0x80, 0x80, 0x80, 0x80, 0x80, 0x7F, 0x7F, 0x80, 0x80, 
	0x80, 0x80, 0x80, 0x80, 0x81, 0x80, 0x80, 0x80, 0x80, 0x80, 0x80, 0x80, 0x81, 0x80, 0x80, 0x80, 
	0x80, 0x80, 0x80, 0x80, 0x80, 0x80, 0x80, 0x7F, 0x80, 0x80, 0x80, 0x80, 0x80, 0x80, 0x80, 0x80, 
	0x7F, 0x80, 0x80, 0x80, 0x80, 0x80, 0x7F, 0x80, 0x7F, 0x80, 0x80, 0x80, 0x80, 0x80, 0x7F, 0x80, 
	0x7F, 0x81, 0x80, 0x80, 0x80, 0x80, 0x80, 0x7F, 0x80, 0x7F, 0x80, 0x80, 0x80, 0x80, 0x80, 0x80, 
	0x80, 0x80, 0x7F, 0x80, 0x81, 0x80, 0x7F, 0x80, 0x80, 0x80, 0x80, 0x80, 0x80, 0x80, 0x80, 0x80, 
	0x80, 0x80, 0x80, 0x80, 0x80, 0x80, 0x80, 0x7F, 0x80, 0x81, 0x80, 0x80, 0x80, 0x80, 0x80, 0x80, 
	0x80, 0x80, 0x80, 0x80, 0x80, 0x80, 0x80, 0x80, 0x80, 0x80, 0x80, 0x80, 0x80, 0x80, 0x7F, 0x80, 
	0x80, 0x80, 0x80, 0x7F, 0x7F, 0x80, 0x7F, 0x80, 0x80, 0x80, 0x80, 0x80, 0x80, 0x81, 0x80, 0x80, 
	0x80, 0x80, 0x80, 0x81, 0x80, 0x80, 0x80, 0x80, 0x80, 0x7F, 0x80, 0x80, 0x80, 0x7F, 0x80, 0x81, 
	0x81, 0x80, 0x7F, 0x80, 0x80, 0x81, 0x80, 0x80, 0x80, 0x80, 0x80, 0x80, 0x80, 0x80, 0x80, 0x80, 
	0x80, 0x80, 0x80, 0x80, 0x81, 0x80, 0x80, 0x80, 0x80, 0x80, 0x80, 0x80, 0x80, 0x80, 0x80, 0x80, 
	0x80, 0x80, 0x80, 0x81, 0x80, 0x80, 0x81, 0x7F, 0x80, 0x80, 0x80, 0x80, 0x81, 0x80, 0x80, 0x80, 
	0x81, 0x80, 0x80, 0x7F, 0x80, 0x80, 0x7F, 0x80, 0x80, 0x80, 0x80, 0x80, 0x81, 0x80, 0x80, 0x80, 
	0x80, 0x80, 0x80, 0x80, 0x80, 0x7F, 0x80, 0x7F, 0x80, 0x80, 0x7F, 0x80, 0x7F, 0x80, 0x80, 0x80, 
	0x80, 0x80, 0x80, 0x80, 0x7F, 0x80, 0x80, 0x80, 0x80, 0x80, 0x80, 0x80, 0x80, 0x80, 0x80, 0x7F, 
	0x81, 0x81, 0x80, 0x80, 0x80, 0x80, 0x80, 0x80, 0x80, 0x80, 0x80, 0x80, 0x80, 0x7F, 0x80, 0x7F, 
	0x80, 0x80, 0x80, 0x80, 0x80, 0x80, 0x80, 0x80, 0x80, 0x80, 0x80, 0x7F, 0x80, 0x80, 0x80, 0x80, 
	0x81, 0x80, 0x7F, 0x80, 0x80, 0x80, 0x80, 0x80, 0x80, 0x80, 0x80, 0x80, 0x80, 0x80, 0x7F, 0x81, 
	0x80, 0x80, 0x80, 0x80, 0x80, 0x80, 0x80, 0x80, 0x7F, 0x81, 0x80, 0x80, 0x80, 0x80, 0x81, 0x80, 
	0x80, 0x80, 0x80, 0x80, 0x80, 0x80, 0x80, 0x80, 0x80, 0x80, 0x80, 0x80, 0x81, 0x80, 0x80, 0x80, 
	0x80, 0x81, 0x80, 0x80, 0x80, 0x80, 0x80, 0x80, 0x80, 0x80, 0x80, 0x7F, 0x80, 0x80, 0x80, 0x80, 
	0x80, 0x80, 0x80, 0x80, 0x7F, 0x80, 0x80, 0x80, 0x80, 0x80, 0x7F, 0x7F, 0x80, 0x80, 0x80, 0x80, 
	0x80, 0x80, 0x80, 0x81, 0x80, 0x80, 0x81, 0x81, 0x80, 0x80, 0x80, 0x80, 0x80, 0x80, 0x80, 0x80, 
	0x80, 0x80, 0x80, 0x7F, 0x81, 0x80, 0x80, 0x80, 0x7F, 0x7F, 0x80, 0x80, 0x7F, 0x81, 0x80, 0x81, 
	0x80, 0x80, 0x80, 0x80, 0x80, 0x7F, 0x80, 0x80, 0x80, 0x80, 0x80, 0x80, 0x80, 0x80, 0x80, 0x80, 
	0x7F, 0x80, 0x81, 0x80, 0x80, 0x80, 0x80, 0x80, 0x80, 0x80, 0x7F, 0x80, 0x80, 0x81, 0x80, 0x80, 
	0x80, 0x80, 0x7F, 0x80, 0x81, 0x80, 0x80, 0x80, 0x80, 0x80, 0x7F, 0x80, 0x80, 0x80, 0x7F, 0x7F, 
	0x81, 0x80, 0x80, 0x80, 0x80, 0x81, 0x80, 0x80, 0x80, 0x80, 0x80, 0x80, 0x80, 0x80, 0x80, 0x80, 
	0x80, 0x80, 0x80, 0x80, 0x80, 0x81, 0x7F, 0x7F, 0x80, 0x80, 0x81, 0x80, 0x80, 0x7F, 0x80, 0x80, 
	0x80, 0x80, 0x80, 0x80, 0x80, 0x80, 0x80, 0x80, 0x80, 0x80, 0x80, 0x80, 0x80, 0x80, 0x80, 0x81, 
	0x80, 0x80, 0x80, 0x81, 0x7F, 0x80, 0x7F, 0x80, 0x80, 0x80, 0x7F, 0x80, 0x80, 0x81, 0x81, 0x80, 
	0x80, 0x80, 0x80, 0x7F, 0x7F, 0x81, 0x80, 0x80, 0x80, 0x80, 0x80, 0x80, 0x80, 0x80, 0x80, 0x80, 
	0x80, 0x80, 0x80, 0x80, 0x80, 0x80, 0x81, 0x80, 0x80, 0x80, 0x80, 0x80, 0x81, 0x80, 0x80, 0x80, 
	0x81, 0x80, 0x80, 0x80, 0x80, 0x80, 0x7F, 0x81, 0x7F, 0x81, 0x81, 0x80, 0x7F, 0x80, 0x80, 0x80, 
	0x80, 0x80, 0x80, 0x80, 0x7F, 0x80, 0x7F, 0x81, 0x80, 0x80, 0x80, 0x7F, 0x80, 0x7F, 0x80, 0x81, 
	0x80, 0x7F, 0x80, 0x80, 0x7F, 0x80, 0x80, 0x7F, 0x80, 0x80, 0x80, 0x80, 0x80, 0x81, 0x80, 0x80, 
	0x80, 0x80, 0x80, 0x7F, 0x80, 0x80, 0x80, 0x80, 0x80, 0x80, 0x81, 0x80, 0x80, 0x80, 0x7F, 0x80, 
	0x80, 0x80, 0x80, 0x7F, 0x80, 0x80, 0x80, 0x80, 0x80, 0x80, 0x80, 0x80, 0x81, 0x81, 0x80, 0x81, 
	0x80, 0x80, 0x7F, 0x80, 0x81, 0x80, 0x7F, 0x80, 0x80, 0x80, 0x80, 0x80, 0x80, 0x80, 0x7F, 0x80, 
	0x80, 0x80, 0x7F, 0x80, 0x80, 0x80, 0x80, 0x81, 0x80, 0x80, 0x80, 0x80, 0x80, 0x81, 0x80, 0x80, 
	0x80, 0x7F, 0x80, 0x80, 0x80, 0x80, 0x80, 0x80, 0x80, 0x80, 0x80, 0x80, 0x80, 0x81, 0x80, 0x81, 
	0x80, 0x80, 0x80, 0x80, 0x80, 0x80, 0x80, 0x81, 0x80, 0x80, 0x80, 0x80, 0x80, 0x80, 0x80, 0x80, 
	0x80, 0x80, 0x80, 0x80, 0x80, 0x7F, 0x80, 0x80, 0x80, 0x80, 0x80, 0x80, 0x80, 0x80, 0x80, 0x80, 
	0x81, 0x80, 0x80, 0x80, 0x80, 0x7F, 0x81, 0x80, 0x80, 0x80, 0x80, 0x80, 0x80, 0x81, 0x81, 0x80, 
	0x81, 0x81, 0x7F, 0x80, 0x80, 0x80, 0x80, 0x80, 0x81, 0x80, 0x80, 0x80, 0x80, 0x7F, 0x80, 0x80, 
	0x80, 0x80, 0x80, 0x80, 0x80, 0x80, 0x80, 0x80, 0x80, 0x7F, 0x7F, 0x80, 0x80, 0x80, 0x80, 0x80, 
	0x7F, 0x80, 0x80, 0x80, 0x80, 0x80, 0x81, 0x80, 0x80, 0x7F, 0x80, 0x7F, 0x80, 0x7F, 0x7F, 0x80, 
	0x80, 0x80, 0x80, 0x80, 0x80, 0x7F, 0x81, 0x80, 0x80, 0x80, 0x80, 0x80, 0x80, 0x80, 0x81, 0x80, 
	0x80, 0x80, 0x81, 0x80, 0x80, 0x80, 0x80, 0x7F, 0x80, 0x80, 0x80, 0x80, 0x80, 0x80, 0x80, 0x80, 
	0x7F, 0x80, 0x7F, 0x80, 0x80, 0x80, 0x80, 0x80, 0x7F, 0x81, 0x7F, 0x80, 0x80, 0x80, 0x80, 0x80, 
	0x80, 0x7F, 0x80, 0x7F, 0x80, 0x80, 0x80, 0x80, 0x80, 0x80, 0x80, 0x7F, 0x81, 0x80, 0x80, 0x80, 
	0x80, 0x80, 0x80, 0x81, 0x80, 0x80, 0x80, 0x80, 0x80, 0x80, 0x80, 0x7F, 0x80, 0x80, 0x80, 0x80, 
	0x80, 0x81, 0x81, 0x80, 0x7F, 0x80, 0x7F, 0x80, 0x80, 0x80, 0x80, 0x80, 0x81, 0x80, 0x80, 0x80, 
	0x7F, 0x80, 0x7F, 0x80, 0x7F, 0x80, 0x80, 0x80, 0x80, 0x80, 0x80, 0x80, 0x7F, 0x80, 0x80, 0x80, 
	0x80, 0x80, 0x80, 0x80, 0x80, 0x80, 0x80, 0x80, 0x80, 0x7F, 0x80, 0x7F, 0x7F, 0x80, 0x80, 0x80, 
	0x80, 0x81, 0x80, 0x80, 0x80, 0x80, 0x80, 0x80, 0x80, 0x80, 0x80, 0x80, 0x80, 0x81, 0x80, 0x80, 
	0x80, 0x80, 0x80, 0x7F, 0x80, 0x81, 0x80, 0x80, 0x7F, 0x80, 0x80, 0x80, 0x80, 0x80, 0x80, 0x80, 
	0x80, 0x81, 0x80, 0x81, 0x80, 0x80, 0x81, 0x80, 0x80, 0x80, 0x80, 0x80, 0x80, 0x80, 0x80, 0x80, 
	0x7F, 0x81, 0x81, 0x81, 0x80, 0x81, 0x80, 0x80, 0x80, 0x80, 0x80, 0x80, 0x80, 0x80, 0x80, 0x80, 
	0x80, 0x80, 0x81, 0x80, 0x80, 0x7F, 0x80, 0x7F, 0x7F, 0x80, 0x80, 0x80, 0x80, 0x80, 0x80, 0x80, 
	0x80, 0x81, 0x80, 0x80, 0x81, 0x81, 0x80, 0x80, 0x80, 0x80, 0x7F, 0x80, 0x80, 0x81, 0x7F, 0x80, 
	0x80, 0x81, 0x80, 0x80, 0x80, 0x7F, 0x80, 0x80, 0x80, 0x7F, 0x7F, 0x80, 0x80, 0x80, 0x80, 0x81, 
	0x80, 0x80, 0x80, 0x80, 0x80, 0x81, 0x81, 0x80, 0x7F, 0x80, 0x80, 0x80, 0x80, 0x80, 0x80, 0x80, 
	0x80, 0x80, 0x80, 0x80, 0x81, 0x80, 0x81, 0x81, 0x80, 0x80, 0x7F, 0x80, 0x80, 0x80, 0x80, 0x80, 
	0x80, 0x80, 0x80, 0x80, 0x80, 0x81, 0x80, 0x80, 0x80, 0x80, 0x81, 0x80, 0x80, 0x80, 0x80, 0x80, 
	0x80, 0x80, 0x80, 0x80, 0x80, 0x80, 0x80, 0x80, 0x80, 0x80, 0x80, 0x80, 0x80, 0x80, 0x80, 0x80, 
	0x80, 0x80, 0x80, 0x80, 0x80, 0x80, 0x80, 0x80, 0x80, 0x80, 0x80, 0x80, 0x80, 0x80, 0x80, 0x80, 
	0x80, 0x80, 0x80, 0x80, 0x80, 0x80, 0x81, 0x80, 0x80, 0x80, 0x80, 0x80, 0x81, 0x81, 0x80, 0x80, 
	0x80, 0x80, 0x80, 0x80, 0x80, 0x80, 0x80, 0x80, 0x80, 0x80, 0x80, 0x80, 0x80, 0x81, 0x80, 0x80, 
	0x80, 0x80, 0x80, 0x80, 0x80, 0x80, 0x7F, 0x80, 0x80, 0x7F, 0x81, 0x80, 0x80, 0x80, 0x80, 0x80, 
	0x80, 0x81, 0x80, 0x80, 0x80, 0x80, 0x81, 0x80, 0x80, 0x80, 0x7F, 0x80, 0x80, 0x80, 0x7F, 0x80, 
	0x80, 0x80, 0x80, 0x80, 0x80, 0x80, 0x7F, 0x7F, 0x81, 0x80, 0x80, 0x80, 0x80, 0x80, 0x80, 0x80, 
	0x80, 0x81, 0x80, 0x81, 0x81, 0x80, 0x80, 0x80, 0x80, 0x80, 0x80, 0x80, 0x80, 0x80, 0x80, 0x80, 
	0x80, 0x80, 0x80, 0x7F, 0x80, 0x7F, 0x80, 0x80, 0x80, 0x80, 0x80, 0x80, 0x80, 0x81, 0x80, 0x80, 
	0x80, 0x80, 0x80, 0x80, 0x80, 0x80, 0x80, 0x80, 0x80, 0x81, 0x81, 0x80, 0x80, 0x80, 0x80, 0x80, 
	0x80, 0x7F, 0x80, 0x80, 0x80, 0x80, 0x80, 0x80, 0x80, 0x80, 0x81, 0x80, 0x80, 0x80, 0x80, 0x80, 
	0x80, 0x80, 0x7F, 0x80, 0x80, 0x7F, 0x81, 0x80, 0x80, 0x80, 0x80, 0x80, 0x80, 0x80, 0x80, 0x80, 
	0x80, 0x80, 0x81, 0x81, 0x80, 0x80, 0x80, 0x80, 0x81, 0x81, 0x80, 0x80, 0x7F, 0x80, 0x80, 0x7F, 
	0x81, 0x80, 0x80, 0x80, 0x80, 0x80, 0x80, 0x80, 0x80, 0x80, 0x7F, 0x80, 0x81, 0x80, 0x80, 0x80, 
	0x80, 0x7F, 0x80, 0x7F, 0x80, 0x80, 0x80, 0x81, 0x80, 0x80, 0x80, 0x80, 0x80, 0x81, 0x80, 0x80, 
	0x80, 0x80, 0x80, 0x80, 0x80, 0x80, 0x80, 0x80, 0x80, 0x80, 0x7F, 0x7F, 0x80, 0x80, 0x80, 0x80, 
	0x80, 0x80, 0x80, 0x80, 0x80, 0x80, 0x80, 0x80, 0x80, 0x80, 0x80, 0x80, 0x80, 0x81, 0x80, 0x80, 
	0x80, 0x7F, 0x80, 0x80, 0x81, 0x80, 0x80, 0x80, 0x81, 0x80, 0x80, 0x80, 0x7F, 0x80, 0x80, 0x81, 
	0x80, 0x80, 0x80, 0x80, 0x80, 0x7F, 0x80, 0x80, 0x7F, 0x80, 0x7F, 0x80, 0x7F, 0x80, 0x7F, 0x80, 
	0x80, 0x80, 0x80, 0x80, 0x80, 0x80, 0x80, 0x80, 0x7F, 0x7F, 0x80, 0x80, 0x81, 0x80, 0x80, 0x80, 
	0x80, 0x80, 0x80, 0x80, 0x80, 0x80, 0x80, 0x80, 0x80, 0x80, 0x80, 0x7F, 0x80, 0x80, 0x80, 0x7F, 
	0x80, 0x80, 0x80, 0x80, 0x7F, 0x81, 0x7F, 0x80, 0x80, 0x80, 0x80, 0x81, 0x81, 0x80, 0x80, 0x80, 
	0x80, 0x80, 0x7F, 0x81, 0x80, 0x80, 0x80, 0x80, 0x80, 0x80, 0x80, 0x80, 0x7F, 0x80, 0x7F, 0x7F, 
	0x80, 0x80, 0x80, 0x80, 0x80, 0x80, 0x80, 0x80, 0x80, 0x80, 0x80, 0x7F, 0x80, 0x80, 0x80, 0x80, 
	0x80, 0x80, 0x80, 0x80, 0x81, 0x80, 0x80, 0x80, 0x7F, 0x80, 0x80, 0x80, 0x81, 0x80, 0x80, 0x80, 
	0x81, 0x80, 0x80, 0x80, 0x80, 0x7F, 0x80, 0x80, 0x80, 0x80, 0x80, 0x80, 0x80, 0x80, 0x81, 0x80, 
	0x80, 0x80, 0x80, 0x80, 0x80, 0x80, 0x80, 0x80, 0x80, 0x80, 0x80, 0x80, 0x80, 0x80, 0x80, 0x80, 
	0x81, 0x80, 0x80, 0x80, 0x80, 0x81, 0x80, 0x81, 0x80, 0x80, 0x7F, 0x80, 0x80, 0x80, 0x80, 0x80, 
	0x81, 0x80, 0x80, 0x81, 0x80, 0x81, 0x81, 0x80, 0x80, 0x80, 0x80, 0x80, 0x7F, 0x80, 0x80, 0x7F, 
	0x81, 0x81, 0x80, 0x7F, 0x80, 0x80, 0x80, 0x80, 0x80, 0x80, 0x80, 0x80, 0x80, 0x80, 0x80, 0x80, 
	0x80, 0x80, 0x80, 0x80, 0x80, 0x7F, 0x80, 0x80, 0x80, 0x7F, 0x80, 0x80, 0x80, 0x81, 0x80, 0x80, 
	0x80, 0x80, 0x80, 0x80, 0x80, 0x80, 0x80, 0x80, 0x80, 0x80, 0x80, 0x80, 0x80, 0x80, 0x80, 0x80, 
	0x80, 0x80, 0x80, 0x80, 0x80, 0x81, 0x80, 0x80, 0x80, 0x80, 0x80, 0x7F, 0x80, 0x80, 0x80, 0x80, 
	0x80, 0x80, 0x80, 0x80, 0x80, 0x81, 0x80, 0x80, 0x81, 0x81, 0x7F, 0x80, 0x7F, 0x80, 0x7F, 0x80, 
	0x80, 0x80, 0x80, 0x80, 0x80, 0x80, 0x80, 0x80, 0x80, 0x80, 0x81, 0x80, 0x81, 0x80, 0x80, 0x80, 
	0x80, 0x7F, 0x80, 0x80, 0x7F, 0x7F, 0x80, 0x80, 0x80, 0x80, 0x80, 0x80, 0x80, 0x80, 0x80, 0x80, 
	0x80, 0x80, 0x80, 0x80, 0x80, 0x80, 0x80, 0x80, 0x80, 0x7F, 0x81, 0x80, 0x80, 0x80, 0x80, 0x80, 
	0x80, 0x80, 0x80, 0x81, 0x7F, 0x80, 0x7F, 0x80, 0x80, 0x80, 0x81, 0x80, 0x80, 0x80, 0x80, 0x80, 
	0x81, 0x80, 0x80, 0x80, 0x81, 0x80, 0x80, 0x80, 0x80, 0x80, 0x7F, 0x80, 0x80, 0x80, 0x80, 0x80, 
	0x7F, 0x80, 0x81, 0x80, 0x80, 0x80, 0x7F, 0x80, 0x80, 0x80, 0x80, 0x80, 0x80, 0x80, 0x7F, 0x80, 
	0x80, 0x81, 0x80, 0x80, 0x80, 0x80, 0x80, 0x80, 0x80, 0x80, 0x80, 0x80, 0x80, 0x80, 0x80, 0x80, 
	0x80, 0x80, 0x80, 0x80, 0x80, 0x7F, 0x7F, 0x80, 0x80, 0x81, 0x80, 0x80, 0x81, 0x80, 0x80, 0x80, 
	0x80, 0x80, 0x80, 0x80, 0x81, 0x80, 0x80, 0x80, 0x80, 0x80, 0x80, 0x80, 0x80, 0x80, 0x80, 0x7F, 
	0x80, 0x80, 0x80, 0x80, 0x7F, 0x80, 0x81, 0x7F, 0x80, 0x80, 0x81, 0x80, 0x80, 0x7F, 0x81, 0x80, 
	0x80, 0x80, 0x81, 0x80, 0x80, 0x80, 0x80, 0x80, 0x80, 0x80, 0x80, 0x80, 0x81, 0x7F, 0x81, 0x7F, 
	0x80, 0x80, 0x80, 0x80, 0x80, 0x80, 0x7F, 0x80, 0x80, 0x80, 0x80, 0x81, 0x7F, 0x81, 0x80, 0x81, 
	0x80, 0x81, 0x81, 0x7F, 0x81, 0x7F, 0x82, 0x7E, 0x82, 0x7F, 0x81, 0x7F, 0x81, 0x7F, 0x80, 0x7F, 
	0x80, 0x7F, 0x80, 0x80, 0x80, 0x80, 0x80, 0x80, 0x7F, 0x80, 0x80, 0x80, 0x80, 0x80, 0x7F, 0x80, 
	0x80, 0x7F, 0x81, 0x7F, 0x80, 0x80, 0x80, 0x80, 0x80, 0x81, 0x80, 0x80, 0x80, 0x80, 0x80, 0x80, 
	0x80, 0x80, 0x80, 0x80, 0x80, 0x80, 0x80, 0x80, 0x80, 0x81, 0x80, 0x80, 0x80, 0x80, 0x80, 0x80, 
	0x80, 0x81, 0x7F, 0x80, 0x81, 0x7F, 0x80, 0x81, 0x80, 0x80, 0x81, 0x80, 0x80, 0x80, 0x80, 0x80, 
	0x80, 0x80, 0x81, 0x80, 0x80, 0x80, 0x80, 0x80, 0x81, 0x80, 0x80, 0x80, 0x80, 0x80, 0x80, 0x7F, 
	0x80, 0x80, 0x80, 0x80, 0x7F, 0x80, 0x7F, 0x81, 0x7F, 0x81, 0x80, 0x80, 0x80, 0x81, 0x80, 0x80, 
	0x7F, 0x81, 0x80, 0x80, 0x80, 0x80, 0x80, 0x81, 0x80, 0x81, 0x7F, 0x81, 0x80, 0x80, 0x80, 0x81, 
	0x80, 0x81, 0x7F, 0x81, 0x80, 0x80, 0x7F, 0x81, 0x80, 0x80, 0x80, 0x81, 0x80, 0x80, 0x80, 0x80, 
	0x81, 0x80, 0x80, 0x7F, 0x80, 0x80, 0x81, 0x80, 0x81, 0x80, 0x80, 0x7F, 0x80, 0x80, 0x80, 0x7F, 
	0x81, 0x7F, 0x80, 0x80, 0x80, 0x80, 0x80, 0x80, 0x80, 0x80, 0x7F, 0x80, 0x7F, 0x80, 0x80, 0x80, 
	0x80, 0x81, 0x80, 0x80, 0x81, 0x80, 0x80, 0x80, 0x7F, 0x80, 0x80, 0x80, 0x7F, 0x80, 0x80, 0x80, 
	0x80, 0x80, 0x81, 0x80, 0x80, 0x80, 0x80, 0x80, 0x7F, 0x80, 0x80, 0x80, 0x80, 0x80, 0x7F, 0x80, 
	0x80, 0x80, 0x80, 0x80, 0x80, 0x80, 0x80, 0x80, 0x80, 0x80, 0x80, 0x80, 0x80, 0x81, 0x80, 0x80, 
	0x80, 0x81, 0x80, 0x81, 0x80, 0x81, 0x81, 0x80, 0x80, 0x80, 0x80, 0x80, 0x80, 0x80, 0x80, 0x80, 
	0x80, 0x80, 0x80, 0x7F, 0x80, 0x80, 0x7F, 0x80, 0x80, 0x80, 0x80, 0x80, 0x80, 0x81, 0x80, 0x81, 
	0x80, 0x7F, 0x80, 0x7F, 0x81, 0x7F, 0x80, 0x80, 0x80, 0x81, 0x80, 0x80, 0x80, 0x7F, 0x80, 0x80, 
	0x80, 0x81, 0x80, 0x80, 0x81, 0x80, 0x80, 0x80, 0x80, 0x80, 0x80, 0x7F, 0x80, 0x80, 0x81, 0x80, 
	0x80, 0x80, 0x7F, 0x80, 0x80, 0x80, 0x80, 0x80, 0x80, 0x81, 0x7F, 0x80, 0x80, 0x80, 0x80, 0x80, 
	0x80, 0x80, 0x80, 0x80, 0x80, 0x80, 0x7F, 0x80, 0x80, 0x80, 0x80, 0x80, 0x80, 0x81, 0x80, 0x7F, 
	0x80, 0x80, 0x81, 0x80, 0x80, 0x80, 0x80, 0x80, 0x80, 0x81, 0x7F, 0x80, 0x80, 0x80, 0x7F, 0x81, 
	0x80, 0x80, 0x7F, 0x81, 0x7F, 0x80, 0x80, 0x80, 0x7F, 0x80, 0x80, 0x7F, 0x81, 0x81, 0x80, 0x80, 
	0x80, 0x7F, 0x80, 0x80, 0x80, 0x80, 0x7F, 0x80, 0x80, 0x80, 0x81, 0x80, 0x80, 0x80, 0x80, 0x80, 
	0x80, 0x80, 0x80, 0x80, 0x80, 0x80, 0x80, 0x7F, 0x80, 0x80, 0x81, 0x80, 0x80, 0x80, 0x80, 0x80, 
	0x80, 0x80, 0x80, 0x80, 0x80, 0x80, 0x80, 0x80, 0x80, 0x81, 0x80, 0x80, 0x80, 0x80, 0x80, 0x81, 
	0x80, 0x80, 0x80, 0x80, 0x80, 0x80, 0x80, 0x80, 0x80, 0x80, 0x80, 0x80, 0x80, 0x81, 0x81, 0x7F, 
	0x80, 0x80, 0x81, 0x80, 0x80, 0x80, 0x80, 0x80, 0x80, 0x80, 0x80, 0x81, 0x80, 0x7F, 0x80, 0x80, 
	0x80, 0x80, 0x80, 0x80, 0x80, 0x80, 0x80, 0x80, 0x80, 0x80, 0x80, 0x7F, 0x80, 0x80, 0x80, 0x80, 
	0x80, 0x7F, 0x80, 0x80, 0x80, 0x80, 0x80, 0x80, 0x80, 0x80, 0x80, 0x80, 0x80, 0x80, 0x80, 0x80, 
	0x7F, 0x81, 0x80, 0x80, 0x80, 0x80, 0x80, 0x80, 0x80, 0x81, 0x80, 0x80, 0x80, 0x80, 0x80, 0x80, 
	0x80, 0x80, 0x80, 0x80, 0x80, 0x80, 0x81, 0x80, 0x80, 0x80, 0x80, 0x80, 0x80, 0x7F, 0x80, 0x80, 
	0x80, 0x80, 0x80, 0x80, 0x80, 0x80, 0x80, 0x80, 0x80, 0x80, 0x80, 0x80, 0x80, 0x80, 0x80, 0x80, 
	0x80, 0x81, 0x80, 0x80, 0x81, 0x7F, 0x80, 0x80, 0x81, 0x80, 0x80, 0x80, 0x80, 0x80, 0x80, 0x80, 
	0x80, 0x81, 0x7F, 0x80, 0x80, 0x80, 0x80, 0x80, 0x80, 0x80, 0x80, 0x80, 0x80, 0x80, 0x80, 0x80, 
	0x80, 0x80, 0x80, 0x80, 0x80, 0x80, 0x80, 0x80, 0x80, 0x80, 0x80, 0x80, 0x80, 0x80, 0x80, 0x80, 
	0x80, 0x80, 0x80, 0x7F, 0x80, 0x80, 0x80, 0x80, 0x80, 0x80, 0x80, 0x80, 0x7F, 0x81, 0x80, 0x80, 
	0x81, 0x80, 0x80, 0x80, 0x80, 0x80, 0x80, 0x80, 0x80, 0x80, 0x80, 0x7F, 0x80, 0x80, 0x80, 0x80, 
	0x80, 0x80, 0x80, 0x80, 0x80, 0x80, 0x80, 0x80, 0x80, 0x80, 0x80, 0x80, 0x81, 0x81, 0x80, 0x7F, 
	0x80, 0x80, 0x80, 0x80, 0x7F, 0x80, 0x80, 0x80, 0x80, 0x80, 0x80, 0x80, 0x80, 0x80, 0x80, 0x7F, 
	0x81, 0x80, 0x80, 0x80, 0x81, 0x80, 0x80, 0x7F, 0x80, 0x80, 0x80, 0x80, 0x80, 0x80, 0x80, 0x80, 
	0x80, 0x80, 0x80, 0x80, 0x80, 0x80, 0x80, 0x80, 0x80, 0x80, 0x80, 0x80, 0x81, 0x80, 0x7F, 0x80, 
	0x80, 0x80, 0x81, 0x80, 0x80, 0x80, 0x80, 0x80, 0x80, 0x80, 0x7F, 0x7F, 0x81, 0x80, 0x7F, 0x80, 
	0x80, 0x80, 0x80, 0x7F, 0x81, 0x80, 0x7F, 0x80, 0x80, 0x80, 0x80, 0x80, 0x80, 0x80, 0x80, 0x80, 
	0x80, 0x80, 0x80, 0x7F, 0x80, 0x81, 0x80, 0x80, 0x80, 0x80, 0x80, 0x80, 0x7F, 0x80, 0x80, 0x80, 
	0x80, 0x80, 0x80, 0x80, 0x80, 0x80, 0x80, 0x80, 0x7F, 0x80, 0x7F, 0x80, 0x80, 0x80, 0x80, 0x80, 
	0x80, 0x80, 0x80, 0x80, 0x80, 0x80, 0x80, 0x80, 0x7F, 0x80, 0x80, 0x80, 0x80, 0x80, 0x81, 0x80, 
	0x80, 0x80, 0x80, 0x80, 0x80, 0x80, 0x80, 0x80, 0x80, 0x80, 0x80, 0x80, 0x80, 0x80, 0x80, 0x80, 
	0x7F, 0x80, 0x80, 0x80, 0x7F, 0x80, 0x7F, 0x80, 0x80, 0x80, 0x80, 0x80, 0x80, 0x80, 0x80, 0x80, 
	0x80, 0x80, 0x80, 0x80, 0x80, 0x81, 0x80, 0x80, 0x80, 0x80, 0x80, 0x81, 0x80, 0x7F, 0x80, 0x7F, 
	0x80, 0x80, 0x80, 0x80, 0x80, 0x80, 0x80, 0x81, 0x80, 0x80, 0x80, 0x80, 0x80, 0x80, 0x80, 0x80, 
	0x81, 0x80, 0x7F, 0x80, 0x7F, 0x80, 0x80, 0x7F, 0x80, 0x80, 0x80, 0x7F, 0x81, 0x80, 0x80, 0x80, 
	0x80, 0x81, 0x81, 0x80, 0x80, 0x80, 0x80, 0x80, 0x80, 0x80, 0x81, 0x7F, 0x80, 0x81, 0x81, 0x80, 
	0x7F, 0x80, 0x80, 0x80, 0x80, 0x7F, 0x80, 0x80, 0x81, 0x80, 0x80, 0x80, 0x80, 0x80, 0x80, 0x7F, 
	0x81, 0x80, 0x7F, 0x80, 0x80, 0x80, 0x80, 0x80, 0x80, 0x80, 0x80, 0x80, 0x81, 0x80, 0x80, 0x7F, 
	0x80, 0x80, 0x80, 0x80, 0x80, 0x80, 0x80, 0x81, 0x80, 0x80, 0x80, 0x7F, 0x80, 0x80, 0x80, 0x80, 
	0x80, 0x80, 0x80, 0x80, 0x80, 0x80, 0x80, 0x80, 0x80, 0x81, 0x7F, 0x80, 0x80, 0x80, 0x80, 0x80, 
	0x80, 0x80, 0x80, 0x80, 0x80, 0x80, 0x80, 0x81, 0x80, 0x80, 0x80, 0x80, 0x80, 0x80, 0x80, 0x80, 
	0x81, 0x80, 0x80, 0x7F, 0x80, 0x80, 0x80, 0x80, 0x80, 0x80, 0x80, 0x80, 0x80, 0x80, 0x80, 0x80, 
	0x80, 0x80, 0x80, 0x80, 0x80, 0x80, 0x80, 0x80, 0x81, 0x80, 0x7F, 0x80, 0x80, 0x80, 0x80, 0x80, 
	0x80, 0x80, 0x80, 0x80, 0x80, 0x80, 0x80, 0x80, 0x80, 0x80, 0x81, 0x80, 0x7F, 0x7F, 0x80, 0x80, 
	0x80, 0x80, 0x80, 0x80, 0x80, 0x80, 0x80, 0x80, 0x81, 0x80, 0x80, 0x80, 0x80, 0x80, 0x80, 0x80, 
	0x7F, 0x80, 0x80, 0x80, 0x80, 0x81, 0x80, 0x80, 0x80, 0x81, 0x80, 0x80, 0x80, 0x80, 0x80, 0x80, 
	0x80, 0x7F, 0x80, 0x80, 0x80, 0x7F, 0x80, 0x80, 0x80, 0x7F, 0x80, 0x7F, 0x80, 0x7F, 0x80, 0x80, 
	0x80, 0x80, 0x80, 0x80, 0x80, 0x7F, 0x80, 0x80, 0x80, 0x80, 0x80, 0x80, 0x80, 0x80, 0x80, 0x80, 
	0x80, 0x80, 0x80, 0x80, 0x80, 0x80, 0x81, 0x80, 0x80, 0x7F, 0x80, 0x80, 0x80, 0x80, 0x80, 0x80, 
	0x80, 0x80, 0x80, 0x80, 0x80, 0x80, 0x80, 0x80, 0x81, 0x80, 0x80, 0x80, 0x80, 0x80, 0x81, 0x7F, 
	0x81, 0x80, 0x7F, 0x80, 0x81, 0x80, 0x80, 0x80, 0x80, 0x81, 0x80, 0x80, 0x80, 0x80, 0x80, 0x80, 
	0x81, 0x7F, 0x81, 0x7F, 0x81, 0x7E, 0x81, 0x7E, 0x81, 0x7E, 0x82, 0x7E, 0x82, 0x7E, 0x83, 0x7E, 
	0x82, 0x7F, 0x81, 0x80, 0x80, 0x81, 0x7F, 0x81, 0x7F, 0x81, 0x7F, 0x81, 0x80, 0x81, 0x80, 0x80, 
	0x80, 0x81, 0x80, 0x81, 0x7F, 0x80, 0x80, 0x80, 0x80, 0x80, 0x80, 0x80, 0x81, 0x80, 0x80, 0x80, 
	0x80, 0x80, 0x80, 0x80, 0x81, 0x80, 0x80, 0x7F, 0x81, 0x80, 0x80, 0x80, 0x80, 0x80, 0x80, 0x80, 
	0x80, 0x80, 0x81, 0x80, 0x80, 0x80, 0x81, 0x7F, 0x80, 0x7F, 0x81, 0x7F, 0x80, 0x80, 0x80, 0x7F, 
	0x81, 0x80, 0x80, 0x80, 0x81, 0x80, 0x80, 0x80, 0x80, 0x7F, 0x80, 0x81, 0x80, 0x81, 0x7F, 0x80, 
	0x7F, 0x80, 0x81, 0x82, 0x7F, 0x81, 0x7F, 0x81, 0x7F, 0x81, 0x7F, 0x81, 0x7F, 0x81, 0x7F, 0x81, 
	0x7F, 0x81, 0x7E, 0x80, 0x7F, 0x81, 0x7F, 0x81, 0x80, 0x81, 0x80, 0x80, 0x80, 0x80, 0x80, 0x80, 
	0x7F, 0x80, 0x80, 0x80, 0x80, 0x80, 0x80, 0x80, 0x80, 0x80, 0x80, 0x80, 0x80, 0x80, 0x81, 0x80, 
	0x80, 0x7F, 0x81, 0x80, 0x80, 0x80, 0x81, 0x7F, 0x80, 0x80, 0x81, 0x80, 0x81, 0x80, 0x80, 0x80, 
	0x80, 0x80, 0x80, 0x80, 0x80, 0x80, 0x80, 0x81, 0x7F, 0x80, 0x80, 0x81, 0x7F, 0x81, 0x80, 0x80, 
	0x80, 0x80, 0x80, 0x80, 0x80, 0x80, 0x80, 0x80, 0x80, 0x80, 0x81, 0x80, 0x80, 0x80, 0x80, 0x7F, 
	0x80, 0x7F, 0x80, 0x80, 0x80, 0x81, 0x80, 0x81, 0x80, 0x80, 0x80, 0x80, 0x7F, 0x80, 0x7F, 0x80, 
	0x7F, 0x80, 0x80, 0x80, 0x80, 0x81, 0x80, 0x81, 0x80, 0x80, 0x80, 0x80, 0x80, 0x80, 0x80, 0x80, 
	0x80, 0x80, 0x80, 0x80, 0x7F, 0x80, 0x80, 0x80, 0x80, 0x80, 0x80, 0x80, 0x7F, 0x7F, 0x7F, 0x80, 
	0x80, 0x80, 0x80, 0x80, 0x80, 0x81, 0x80, 0x80, 0x80, 0x80, 0x80, 0x7F, 0x80, 0x81, 0x80, 0x7F, 
	0x80, 0x80, 0x7F, 0x80, 0x80, 0x81, 0x7F, 0x80, 0x81, 0x80, 0x7F, 0x80, 0x80, 0x80, 0x81, 0x80, 
	0x80, 0x80, 0x80, 0x80, 0x80, 0x81, 0x81, 0x81, 0x80, 0x80, 0x80, 0x80, 0x80, 0x80, 0x7F, 0x80, 
	0x7F, 0x80, 0x80, 0x80, 0x80, 0x7F, 0x80, 0x80, 0x80, 0x80, 0x80, 0x80, 0x80, 0x80, 0x80, 0x80, 
	0x80, 0x7F, 0x80, 0x80, 0x80, 0x80, 0x7F, 0x80, 0x80, 0x7F, 0x80, 0x80, 0x7F, 0x7F, 0x80, 0x80, 
	0x80, 0x80, 0x80, 0x80, 0x81, 0x7F, 0x80, 0x80, 0x80, 0x80, 0x80, 0x80, 0x7F, 0x80, 0x80, 0x81, 
	0x80, 0x7F, 0x80, 0x80, 0x7F, 0x80, 0x80, 0x7F, 0x80, 0x80, 0x80, 0x80, 0x81, 0x80, 0x80, 0x80, 
	0x80, 0x80, 0x80, 0x80, 0x81, 0x80, 0x80, 0x80, 0x80, 0x80, 0x80, 0x80, 0x80, 0x80, 0x81, 0x80, 
	0x81, 0x80, 0x81, 0x7F, 0x80, 0x80, 0x81, 0x7F, 0x80, 0x80, 0x7F, 0x80, 0x80, 0x81, 0x80, 0x80, 
	0x80, 0x80, 0x81, 0x80, 0x80, 0x80, 0x80, 0x80, 0x80, 0x80, 0x81, 0x80, 0x80, 0x80, 0x80, 0x80, 
	0x80, 0x80, 0x80, 0x80, 0x80, 0x7F, 0x80, 0x80, 0x80, 0x80, 0x80, 0x80, 0x7F, 0x80, 0x80, 0x80, 
	0x7F, 0x80, 0x80, 0x80, 0x80, 0x80, 0x80, 0x80, 0x80, 0x80, 0x80, 0x80, 0x80, 0x80, 0x80, 0x80, 
	0x80, 0x80, 0x80, 0x80, 0x80, 0x80, 0x80, 0x80, 0x81, 0x80, 0x80, 0x7F, 0x81, 0x80, 0x80, 0x80, 
	0x80, 0x80, 0x80, 0x81, 0x80, 0x80, 0x80, 0x80, 0x81, 0x80, 0x80, 0x80, 0x80, 0x80, 0x80, 0x80, 
	0x80, 0x80, 0x80, 0x80, 0x80, 0x81, 0x81, 0x80, 0x7F, 0x80, 0x80, 0x80, 0x81, 0x80, 0x80, 0x80, 
	0x80, 0x80, 0x80, 0x80, 0x80, 0x80, 0x81, 0x80, 0x80, 0x81, 0x80, 0x7F, 0x80, 0x80, 0x80, 0x80, 
	0x80, 0x80, 0x80, 0x80, 0x80, 0x80, 0x80, 0x80, 0x80, 0x7F, 0x80, 0x80, 0x80, 0x80, 0x80, 0x81, 
	0x80, 0x80, 0x7F, 0x80, 0x80, 0x80, 0x80, 0x80, 0x80, 0x80, 0x80, 0x7F, 0x80, 0x81, 0x80, 0x80, 
	0x80, 0x80, 0x80, 0x80, 0x80, 0x80, 0x80, 0x80, 0x81, 0x7F, 0x80, 0x80, 0x80, 0x80, 0x80, 0x80, 
	0x80, 0x80, 0x80, 0x80, 0x80, 0x80, 0x80, 0x80, 0x80, 0x80, 0x7F, 0x80, 0x80, 0x80, 0x80, 0x80, 
	0x80, 0x80, 0x7F, 0x80, 0x80, 0x80, 0x80, 0x80, 0x80, 0x80, 0x7F, 0x80, 0x80, 0x80, 0x80, 0x80, 
	0x81, 0x7F, 0x80, 0x7F, 0x81, 0x80, 0x80, 0x80, 0x80, 0x80, 0x80, 0x80, 0x81, 0x80, 0x80, 0x80, 
	0x80, 0x80, 0x80, 0x80, 0x80, 0x80, 0x80, 0x80, 0x80, 0x80, 0x80, 0x80, 0x80, 0x80, 0x81, 0x80, 
	0x80, 0x80, 0x81, 0x80, 0x80, 0x7F, 0x80, 0x80, 0x80, 0x80, 0x80, 0x80, 0x80, 0x80, 0x80, 0x80, 
	0x80, 0x80, 0x80, 0x81, 0x80, 0x80, 0x80, 0x80, 0x80, 0x80, 0x80, 0x80, 0x80, 0x80, 0x80, 0x80, 
	0x80, 0x80, 0x7F, 0x80, 0x80, 0x80, 0x80, 0x80, 0x80, 0x80, 0x80, 0x80, 0x80, 0x80, 0x7F, 0x80, 
	0x80, 0x80, 0x80, 0x80, 0x80, 0x80, 0x80, 0x80, 0x80, 0x80, 0x80, 0x80, 0x80, 0x80, 0x80, 0x80, 
	0x80, 0x80, 0x80, 0x81, 0x80, 0x81, 0x80, 0x80, 0x81, 0x80, 0x81, 0x80, 0x80, 0x80, 0x80, 0x80, 
	0x80, 0x7F, 0x80, 0x80, 0x7F, 0x80, 0x7F, 0x80, 0x7F, 0x80, 0x81, 0x81, 0x7F, 0x80, 0x80, 0x81, 
	0x80, 0x80, 0x80, 0x80, 0x80, 0x81, 0x7F, 0x81, 0x7F, 0x80, 0x7F, 0x80, 0x80, 0x81, 0x80, 0x80, 
	0x80, 0x80, 0x80, 0x80, 0x80, 0x7F, 0x80, 0x80, 0x80, 0x81, 0x80, 0x81, 0x7F, 0x80, 0x80, 0x80, 
	0x7F, 0x81, 0x7E, 0x82, 0x7E, 0x82, 0x7E, 0x81, 0x80, 0x81, 0x80, 0x7F, 0x81, 0x7F, 0x81, 0x7F, 
	0x81, 0x7E, 0x81, 0x7F, 0x80, 0x80, 0x80, 0x80, 0x80, 0x7F, 0x81, 0x7F, 0x81, 0x7F, 0x80, 0x80, 
	0x7F, 0x80, 0x7F, 0x80, 0x81, 0x80, 0x81, 0x7F, 0x81, 0x7F, 0x81, 0x7F, 0x81, 0x7F, 0x7F, 0x80, 
	0x80, 0x80, 0x80, 0x81, 0x7F, 0x80, 0x80, 0x7F, 0x80, 0x7F, 0x80, 0x80, 0x80, 0x80, 0x80, 0x80, 
	0x80, 0x80, 0x80, 0x80, 0x80, 0x7F, 0x81, 0x7E, 0x80, 0x7F, 0x81, 0x7F, 0x81, 0x80, 0x81, 0x7F, 
	0x81, 0x7F, 0x81, 0x7F, 0x80, 0x7F, 0x81, 0x80, 0x80, 0x80, 0x81, 0x80, 0x80, 0x80, 0x82, 0x7F, 
	0x81, 0x80, 0x81, 0x7E, 0x81, 0x7F, 0x81, 0x7F, 0x81, 0x7F, 0x81, 0x7F, 0x80, 0x7F, 0x80, 0x80, 
	0x81, 0x80, 0x80, 0x80, 0x80, 0x80, 0x7F, 0x80, 0x80, 0x80, 0x80, 0x7F, 0x80, 0x80, 0x80, 0x80, 
	0x80, 0x80, 0x81, 0x80, 0x80, 0x80, 0x80, 0x81, 0x80, 0x80, 0x80, 0x7F, 0x80, 0x80, 0x7F, 0x80, 
	0x80, 0x80, 0x80, 0x81, 0x80, 0x80, 0x80, 0x7F, 0x81, 0x80, 0x80, 0x80, 0x80, 0x7F, 0x80, 0x80, 
	0x80, 0x80, 0x80, 0x80, 0x80, 0x80, 0x80, 0x7F, 0x80, 0x7F, 0x80, 0x80, 0x80, 0x81, 0x80, 0x80, 
	0x7F, 0x80, 0x7F, 0x81, 0x80, 0x81, 0x7F, 0x80, 0x80, 0x80, 0x80, 0x7F, 0x81, 0x7F, 0x81, 0x7F, 
	0x80, 0x80, 0x80, 0x80, 0x7F, 0x81, 0x80, 0x81, 0x7F, 0x80, 0x7F, 0x80, 0x80, 0x80, 0x7F, 0x80, 
	0x80, 0x81, 0x80, 0x81, 0x80, 0x81, 0x80, 0x80, 0x80, 0x80, 0x80, 0x80, 0x80, 0x80, 0x80, 0x81, 
	0x7F, 0x81, 0x7F, 0x80, 0x81, 0x7F, 0x80, 0x80, 0x7F, 0x80, 0x80, 0x81, 0x80, 0x80, 0x80, 0x80, 
	0x80, 0x80, 0x80, 0x80, 0x80, 0x80, 0x80, 0x80, 0x80, 0x80, 0x80, 0x80, 0x80, 0x81, 0x80, 0x80, 
	0x80, 0x80, 0x80, 0x80, 0x7F, 0x81, 0x7F, 0x80, 0x7F, 0x80, 0x7F, 0x80, 0x80, 0x81, 0x80, 0x80, 
	0x80, 0x81, 0x80, 0x80, 0x80, 0x80, 0x80, 0x80, 0x7F, 0x81, 0x80, 0x80, 0x80, 0x80, 0x7F, 0x80, 
	0x7F, 0x80, 0x7F, 0x7F, 0x81, 0x80, 0x80, 0x80, 0x80, 0x80, 0x80, 0x7F, 0x80, 0x80, 0x80, 0x80, 
	0x80, 0x80, 0x80, 0x7F, 0x80, 0x80, 0x80, 0x80, 0x7F, 0x7F, 0x80, 0x80, 0x7F, 0x80, 0x80, 0x80, 
	0x7F, 0x7F, 0x7F, 0x7F, 0x81, 0x80, 0x80, 0x7F, 0x80, 0x80, 0x80, 0x7F, 0x81, 0x80, 0x80, 0x80, 
	0x80, 0x80, 0x81, 0x80, 0x7F, 0x80, 0x80, 0x80, 0x80, 0x80, 0x80, 0x80, 0x80, 0x81, 0x80, 0x80, 
	0x7F, 0x80, 0x80, 0x81, 0x7F, 0x80, 0x7F, 0x80, 0x80, 0x80, 0x80, 0x80, 0x80, 0x80, 0x80, 0x80, 
	0x80, 0x80, 0x80, 0x7F, 0x80, 0x80, 0x7F, 0x80, 0x80, 0x80, 0x80, 0x80, 0x80, 0x80, 0x80, 0x80, 
	0x80, 0x81, 0x80, 0x80, 0x80, 0x81, 0x80, 0x80, 0x80, 0x80, 0x80, 0x7F, 0x80, 0x7F, 0x80, 0x80, 
	0x80, 0x80, 0x80, 0x80, 0x80, 0x80, 0x80, 0x80, 0x80, 0x80, 0x80, 0x80, 0x80, 0x80, 0x7F, 0x80, 
	0x80, 0x80, 0x80, 0x80, 0x80, 0x80, 0x80, 0x80, 0x7F, 0x81, 0x80, 0x80, 0x80, 0x80, 0x7F, 0x80, 
	0x81, 0x81, 0x80, 0x81, 0x80, 0x81, 0x80, 0x80, 0x80, 0x80, 0x80, 0x80, 0x80, 0x80, 0x80, 0x7F, 
	0x80, 0x80, 0x80, 0x80, 0x80, 0x80, 0x80, 0x80, 0x80, 0x80, 0x80, 0x80, 0x7F, 0x81, 0x80, 0x80, 
	0x80, 0x81, 0x80, 0x80, 0x80, 0x80, 0x81, 0x80, 0x80, 0x80, 0x80, 0x80, 0x80, 0x80, 0x80, 0x7F, 
	0x81, 0x80, 0x80, 0x80, 0x81, 0x80, 0x80, 0x80, 0x80, 0x80, 0x80, 0x7F, 0x80, 0x80, 0x80, 0x80, 
	0x80, 0x80, 0x80, 0x80, 0x80, 0x80, 0x80, 0x80, 0x80, 0x80, 0x80, 0x80, 0x80, 0x80, 0x80, 0x80, 
	0x80, 0x80, 0x80, 0x80, 0x80, 0x80, 0x80, 0x80, 0x80, 0x80, 0x80, 0x80, 0x80, 0x80, 0x80, 0x80, 
	0x80, 0x7F, 0x80, 0x80, 0x80, 0x80, 0x80, 0x80, 0x80, 0x80, 0x80, 0x80, 0x80, 0x7F, 0x80, 0x80, 
	0x80, 0x80, 0x80, 0x80, 0x80, 0x80, 0x80, 0x80, 0x80, 0x80, 0x80, 0x80, 0x80, 0x80, 0x80, 0x80, 
	0x80, 0x80, 0x80, 0x7F, 0x80, 0x80, 0x80, 0x81, 0x80, 0x7F, 0x80, 0x80, 0x80, 0x80, 0x80, 0x80, 
	0x80, 0x80, 0x80, 0x81, 0x80, 0x7F, 0x80, 0x80, 0x80, 0x80, 0x80, 0x80, 0x80, 0x80, 0x80, 0x81, 
	0x80, 0x80, 0x80, 0x80, 0x80, 0x80, 0x80, 0x81, 0x80, 0x80, 0x80, 0x80, 0x80, 0x80, 0x80, 0x80, 
	0x80, 0x80, 0x80, 0x80, 0x80, 0x80, 0x80, 0x7F, 0x80, 0x80, 0x80, 0x7F, 0x81, 0x80, 0x80, 0x80, 
	0x80, 0x7F, 0x80, 0x81, 0x80, 0x80, 0x80, 0x80, 0x80, 0x7F, 0x80, 0x80, 0x7F, 0x80, 0x80, 0x80, 
	0x80, 0x80, 0x80, 0x80, 0x80, 0x80, 0x80, 0x80, 0x80, 0x80, 0x80, 0x80, 0x80, 0x80, 0x80, 0x80, 
	0x80, 0x80, 0x80, 0x80, 0x80, 0x80, 0x80, 0x80, 0x80, 0x80, 0x7F, 0x80, 0x80, 0x80, 0x80, 0x80, 
	0x80, 0x81, 0x80, 0x80, 0x80, 0x80, 0x80, 0x80, 0x80, 0x80, 0x80, 0x80, 0x7F, 0x7F, 0x80, 0x80, 
	0x80, 0x80, 0x80, 0x7F, 0x80, 0x80, 0x80, 0x80, 0x80, 0x80, 0x80, 0x80, 0x7F, 0x80, 0x80, 0x80, 
	0x7F, 0x80, 0x80, 0x81, 0x80, 0x80, 0x80, 0x80, 0x81, 0x80, 0x80, 0x81, 0x80, 0x80, 0x7F, 0x80, 
	0x80, 0x80, 0x80, 0x80, 0x80, 0x7F, 0x80, 0x80, 0x80, 0x80, 0x80, 0x80, 0x80, 0x80, 0x80, 0x80, 
	0x7F, 0x80, 0x80, 0x80, 0x80, 0x81, 0x80, 0x80, 0x80, 0x80, 0x7F, 0x81, 0x80, 0x80, 0x81, 0x81, 
	0x80, 0x80, 0x80, 0x80, 0x81, 0x80, 0x80, 0x80, 0x80, 0x80, 0x80, 0x80, 0x80, 0x7F, 0x80, 0x7F, 
	0x80, 0x80, 0x80, 0x7F, 0x80, 0x80, 0x7F, 0x80, 0x7F, 0x80, 0x80, 0x80, 0x80, 0x81, 0x80, 0x81, 
	0x80, 0x80, 0x80, 0x81, 0x80, 0x80, 0x80, 0x80, 0x7F, 0x81, 0x80, 0x80, 0x80, 0x80, 0x80, 0x80, 
	0x80, 0x80, 0x80, 0x80, 0x80, 0x80, 0x80, 0x80, 0x80, 0x81, 0x80, 0x81, 0x80, 0x80, 0x7F, 0x80, 
	0x80, 0x80, 0x7F, 0x80, 0x81, 0x7F, 0x80, 0x80, 0x7F, 0x80, 0x80, 0x80, 0x7F, 0x81, 0x7F, 0x7F, 
	0x80, 0x80, 0x80, 0x80, 0x80, 0x80, 0x80, 0x7F, 0x80, 0x81, 0x80, 0x80, 0x81, 0x7F, 0x80, 0x7F, 
	0x80, 0x80, 0x80, 0x80, 0x80, 0x80, 0x80, 0x80, 0x80, 0x7F, 0x80, 0x80, 0x80, 0x80, 0x80, 0x80, 
	0x80, 0x80, 0x80, 0x80, 0x81, 0x80, 0x80, 0x80, 0x7F, 0x80, 0x80, 0x81, 0x80, 0x80, 0x7F, 0x80, 
	0x80, 0x80, 0x80, 0x80, 0x80, 0x80, 0x80, 0x80, 0x80, 0x80, 0x7F, 0x7F, 0x80, 0x81, 0x80, 0x7F, 
	0x80, 0x80, 0x80, 0x80, 0x80, 0x81, 0x80, 0x7F, 0x80, 0x80, 0x80, 0x80, 0x80, 0x7F, 0x80, 0x80, 
	0x80, 0x7F, 0x80, 0x80, 0x80, 0x81, 0x80, 0x80, 0x80, 0x80, 0x80, 0x80, 0x81, 0x80, 0x80, 0x80, 
	0x80, 0x80, 0x81, 0x80, 0x80, 0x7F, 0x80, 0x80, 0x80, 0x80, 0x80, 0x80, 0x80, 0x80, 0x80, 0x80, 
	0x81, 0x80, 0x80, 0x81, 0x80, 0x7F, 0x80, 0x80, 0x80, 0x80, 0x7F, 0x80, 0x80, 0x80, 0x80, 0x80, 
	0x7F, 0x80, 0x80, 0x81, 0x80, 0x80, 0x80, 0x80, 0x80, 0x80, 0x80, 0x80, 0x80, 0x80, 0x80, 0x80, 
	0x80, 0x80, 0x81, 0x80, 0x80, 0x80, 0x80, 0x80, 0x80, 0x80, 0x80, 0x80, 0x80, 0x80, 0x80, 0x80, 
	0x81, 0x7F, 0x7F, 0x80, 0x81, 0x80, 0x80, 0x80, 0x80, 0x80, 0x81, 0x80, 0x80, 0x80, 0x80, 0x80, 
	0x80, 0x80, 0x80, 0x80, 0x80, 0x7F, 0x80, 0x81, 0x80, 0x81, 0x80, 0x80, 0x80, 0x7F, 0x80, 0x80, 
	0x81, 0x7F, 0x80, 0x80, 0x7F, 0x81, 0x80, 0x81, 0x80, 0x80, 0x80, 0x7F, 0x80, 0x80, 0x80, 0x80, 
	0x7F, 0x80, 0x80, 0x80, 0x80, 0x80, 0x80, 0x80, 0x80, 0x80, 0x80, 0x80, 0x80, 0x7F, 0x7F, 0x80, 
	0x80, 0x80, 0x80, 0x80, 0x7F, 0x80, 0x80, 0x80, 0x80, 0x80, 0x80, 0x80, 0x80, 0x80, 0x80, 0x80, 
	0x80, 0x80, 0x80, 0x80, 0x80, 0x80, 0x80, 0x80, 0x80, 0x80, 0x80, 0x7F, 0x80, 0x80, 0x7F, 0x80, 
	0x80, 0x7F, 0x80, 0x81, 0x80, 0x80, 0x7F, 0x80, 0x80, 0x80, 0x80, 0x80, 0x80, 0x80, 0x80, 0x80, 
	0x80, 0x80, 0x80, 0x80, 0x80, 0x7F, 0x80, 0x80, 0x7F, 0x80, 0x80, 0x80, 0x80, 0x80, 0x80, 0x80, 
	0x80, 0x80, 0x80, 0x80, 0x80, 0x81, 0x80, 0x7F, 0x80, 0x80, 0x80, 0x80, 0x7F, 0x80, 0x80, 0x7F, 
	0x80, 0x80, 0x81, 0x7F, 0x80, 0x80, 0x7F, 0x80, 0x81, 0x80, 0x7F, 0x80, 0x80, 0x81, 0x80, 0x80, 
	0x80, 0x80, 0x7F, 0x80, 0x7F, 0x80, 0x80, 0x80, 0x81, 0x80, 0x80, 0x80, 0x80, 0x80, 0x80, 0x80, 
	0x7F, 0x80, 0x80, 0x80, 0x80, 0x80, 0x80, 0x7F, 0x80, 0x80, 0x80, 0x80, 0x80, 0x80, 0x80, 0x7F, 
	0x80, 0x80, 0x7F, 0x80, 0x80, 0x80, 0x80, 0x80, 0x7F, 0x81, 0x80, 0x80, 0x7F, 0x80, 0x81, 0x80, 
	0x80, 0x81, 0x7F, 0x80, 0x81, 0x80, 0x7F, 0x80, 0x80, 0x80, 0x80, 0x80, 0x7F, 0x80, 0x80, 0x7F, 
	0x80, 0x80, 0x81, 0x80, 0x80, 0x80, 0x80, 0x80, 0x80, 0x80, 0x80, 0x80, 0x80, 0x80, 0x7F, 0x81, 
	0x80, 0x80, 0x81, 0x80, 0x80, 0x80, 0x80, 0x80, 0x80, 0x80, 0x7F, 0x80, 0x80, 0x80, 0x80, 0x80, 
	0x81, 0x80, 0x80, 0x80, 0x7F, 0x80, 0x80, 0x80, 0x7F, 0x80, 0x80, 0x80, 0x7F, 0x80, 0x80, 0x81, 
	0x80, 0x7F, 0x80, 0x80, 0x80, 0x80, 0x80, 0x80, 0x80, 0x80, 0x80, 0x80, 0x80, 0x80, 0x80, 0x80, 
	0x81, 0x80, 0x80, 0x80, 0x80, 0x80, 0x80, 0x80, 0x80, 0x7F, 0x80, 0x80, 0x80, 0x80, 0x80, 0x7F, 
	0x80, 0x80, 0x80, 0x80, 0x80, 0x80, 0x81, 0x80, 0x80, 0x80, 0x80, 0x80, 0x80, 0x80, 0x80, 0x80, 
	0x80, 0x80, 0x80, 0x80, 0x80, 0x7F, 0x80, 0x7F, 0x7F, 0x80, 0x7F, 0x80, 0x7F, 0x80, 0x80, 0x80, 
	0x81, 0x80, 0x80, 0x80, 0x80, 0x80, 0x80, 0x80, 0x81, 0x80, 0x80, 0x80, 0x80, 0x80, 0x80, 0x80, 
	0x80, 0x81, 0x80, 0x80, 0x81, 0x80, 0x80, 0x81, 0x80, 0x80, 0x81, 0x80, 0x81, 0x80, 0x80, 0x80, 
	0x7F, 0x7F, 0x80, 0x80, 0x80, 0x7F, 0x80, 0x80, 0x80, 0x80, 0x80, 0x80, 0x80, 0x80, 0x80, 0x80, 
	0x80, 0x80, 0x80, 0x81, 0x80, 0x80, 0x80, 0x80, 0x7F, 0x7F, 0x80, 0x80, 0x80, 0x80, 0x7F, 0x80, 
	0x80, 0x81, 0x80, 0x80, 0x80, 0x80, 0x80, 0x7F, 0x80, 0x80, 0x80, 0x80, 0x80, 0x80, 0x81, 0x80, 
	0x80, 0x80, 0x80, 0x80, 0x80, 0x80, 0x7F, 0x81, 0x80, 0x7F, 0x80, 0x80, 0x80, 0x80, 0x80, 0x81, 
	0x80, 0x80, 0x80, 0x80, 0x80, 0x80, 0x80, 0x81, 0x80, 0x80, 0x7F, 0x80, 0x80, 0x80, 0x7F, 0x80, 
	0x7F, 0x80, 0x80, 0x80, 0x7F, 0x80, 0x80, 0x80, 0x80, 0x80, 0x80, 0x80, 0x80, 0x80, 0x80, 0x80, 
	0x81, 0x80, 0x80, 0x7F, 0x80, 0x80, 0x80, 0x80, 0x80, 0x7F, 0x80, 0x80, 0x80, 0x80, 0x80, 0x80, 
	0x80, 0x80, 0x80, 0x80, 0x80, 0x81, 0x80, 0x80, 0x80, 0x80, 0x80, 0x80, 0x7F, 0x7F, 0x80, 0x80, 
	0x80, 0x80, 0x80, 0x80, 0x80, 0x80, 0x80, 0x80, 0x80, 0x80, 0x80, 0x80, 0x81, 0x81, 0x80, 0x80, 
	0x80, 0x80, 0x80, 0x81, 0x7F, 0x80, 0x80, 0x7F, 0x80, 0x80, 0x80, 0x80, 0x81, 0x80, 0x80, 0x7F, 
	0x80, 0x80, 0x80, 0x80, 0x80, 0x80, 0x80, 0x7F, 0x80, 0x80, 0x80, 0x80, 0x80, 0x80, 0x80, 0x80, 
	0x7F, 0x80, 0x81, 0x80, 0x80, 0x80, 0x80, 0x80, 0x80, 0x80, 0x80, 0x80, 0x80, 0x80, 0x80, 0x7F, 
	0x80, 0x80, 0x80, 0x80, 0x7F, 0x81, 0x80, 0x80, 0x81, 0x80, 0x7F, 0x80, 0x80, 0x80, 0x80, 0x80, 
	0x81, 0x80, 0x7F, 0x80, 0x80, 0x80, 0x80, 0x80, 0x7F, 0x80, 0x80, 0x7F, 0x7F, 0x80, 0x80, 0x7F, 
	0x80, 0x80, 0x80, 0x80, 0x80, 0x80, 0x80, 0x80, 0x80, 0x80, 0x80, 0x81, 0x80, 0x80, 0x80, 0x80, 
	0x80, 0x80, 0x80, 0x80, 0x7F, 0x80, 0x7F, 0x80, 0x80, 0x80, 0x80, 0x80, 0x80, 0x80, 0x80, 0x80, 
	0x80, 0x80, 0x80, 0x80, 0x7F, 0x80, 0x7F, 0x81, 0x80, 0x80, 0x81, 0x7F, 0x80, 0x81, 0x80, 0x81, 
	0x7F, 0x80, 0x80, 0x80, 0x80, 0x80, 0x80, 0x80, 0x80, 0x80, 0x80, 0x80, 0x80, 0x80, 0x80, 0x80, 
	0x80, 0x80, 0x80, 0x80, 0x80, 0x80, 0x7F, 0x7F, 0x80, 0x81, 0x80, 0x7F, 0x80, 0x80, 0x80, 0x80, 
	0x81, 0x80, 0x80, 0x81, 0x80, 0x80, 0x7F, 0x80, 0x80, 0x80, 0x80, 0x7F, 0x80, 0x80, 0x80, 0x80, 
	0x81, 0x80, 0x80, 0x80, 0x80, 0x80, 0x80, 0x80, 0x80, 0x80, 0x7F, 0x7F, 0x80, 0x80, 0x80, 0x80, 
	0x80, 0x80, 0x80, 0x81, 0x80, 0x80, 0x80, 0x80, 0x80, 0x7F, 0x7F, 0x80, 0x80, 0x7F, 0x7F, 0x81, 
	0x80, 0x80, 0x80, 0x7F, 0x80, 0x80, 0x80, 0x81, 0x80, 0x80, 0x80, 0x80, 0x80, 0x80, 0x80, 0x80, 
	0x80, 0x80, 0x80, 0x80, 0x80, 0x7F, 0x80, 0x80, 0x80, 0x80, 0x80, 0x80, 0x80, 0x80, 0x80, 0x80, 
	0x7F, 0x80, 0x80, 0x80, 0x80, 0x81, 0x80, 0x80, 0x80, 0x80, 0x80, 0x80, 0x80, 0x81, 0x80, 0x80, 
	0x80, 0x81, 0x7F, 0x80, 0x80, 0x80, 0x80, 0x80, 0x80, 0x80, 0x81, 0x80, 0x80, 0x80, 0x80, 0x80, 
	0x80, 0x81, 0x80, 0x80, 0x81, 0x80, 0x80, 0x80, 0x80, 0x80, 0x80, 0x80, 0x80, 0x7F, 0x80, 0x80, 
	0x80, 0x7F, 0x80, 0x80, 0x80, 0x80, 0x80, 0x80, 0x80, 0x80, 0x80, 0x80, 0x80, 0x7F, 0x80, 0x80, 
	0x81, 0x80, 0x7F, 0x80, 0x80, 0x80, 0x7F, 0x80, 0x80, 0x80, 0x80, 0x80, 0x80, 0x80, 0x80, 0x80, 
	0x7F, 0x7F, 0x80, 0x80, 0x80, 0x80, 0x81, 0x80, 0x80, 0x81, 0x80, 0x7F, 0x80, 0x80, 0x80, 0x80, 
	0x81, 0x80, 0x80, 0x80, 0x80, 0x80, 0x80, 0x80, 0x80, 0x81, 0x80, 0x80, 0x80, 0x81, 0x80, 0x80, 
	0x80, 0x80, 0x80, 0x80, 0x80, 0x81, 0x80, 0x80, 0x7F, 0x80, 0x80, 0x80, 0x80, 0x80, 0x80, 0x80, 
	0x80, 0x80, 0x80, 0x80, 0x80, 0x80, 0x80, 0x80, 0x81, 0x81, 0x80, 0x80, 0x80, 0x80, 0x7F, 0x80, 
	0x80, 0x80, 0x80, 0x80, 0x80, 0x80, 0x80, 0x80, 0x80, 0x80, 0x80, 0x81, 0x80, 0x80, 0x80, 0x80, 
	0x7F, 0x7F, 0x80, 0x80, 0x80, 0x80, 0x7F, 0x80, 0x80, 0x80, 0x80, 0x80, 0x80, 0x80, 0x80, 0x80, 
	0x80, 0x80, 0x80, 0x80, 0x7F, 0x80, 0x80, 0x80, 0x80, 0x7F, 0x81, 0x80, 0x80, 0x80, 0x80, 0x80, 
	0x7F, 0x81, 0x80, 0x80, 0x80, 0x80, 0x80, 0x80, 0x80, 0x80, 0x7F, 0x7F, 0x80, 0x80, 0x80, 0x81, 
	0x80, 0x80, 0x81, 0x80, 0x80, 0x80, 0x80, 0x80, 0x7F, 0x80, 0x80, 0x80, 0x80, 0x81, 0x80, 0x80, 
	0x81, 0x80, 0x80, 0x7F, 0x80, 0x81, 0x80, 0x80, 0x80, 0x80, 0x80, 0x81, 0x7F, 0x80, 0x80, 0x80, 
	0x80, 0x80, 0x80, 0x80, 0x80, 0x81, 0x81, 0x7F, 0x7F, 0x80, 0x80, 0x80, 0x80, 0x80, 0x80, 0x80, 
	0x80, 0x7F, 0x80, 0x80, 0x80, 0x80, 0x80, 0x80, 0x81, 0x7F, 0x80, 0x7F, 0x80, 0x80, 0x80, 0x80, 
	0x80, 0x80, 0x80, 0x80, 0x80, 0x80, 0x80, 0x80, 0x80, 0x80, 0x80, 0x80, 0x80, 0x80, 0x7F, 0x81, 
	0x80, 0x80, 0x80, 0x80, 0x7F, 0x80, 0x80, 0x80, 0x80, 0x7F, 0x80, 0x80, 0x80, 0x80, 0x80, 0x80, 
	0x80, 0x80, 0x80, 0x81, 0x80, 0x80, 0x80, 0x80, 0x80, 0x80, 0x81, 0x80, 0x80, 0x80, 0x80, 0x80, 
	0x80, 0x80, 0x80, 0x80, 0x80, 0x7F, 0x80, 0x80, 0x80, 0x7F, 0x7F, 0x80, 0x81, 0x80, 0x80, 0x80, 
	0x80, 0x80, 0x80, 0x80, 0x80, 0x80, 0x80, 0x80, 0x80, 0x80, 0x80, 0x80, 0x80, 0x80, 0x80, 0x7F, 
	0x80, 0x80, 0x81, 0x80, 0x80, 0x80, 0x80, 0x80, 0x80, 0x80, 0x80, 0x80, 0x80, 0x80, 0x80, 0x80, 
	0x7F, 0x80, 0x81, 0x80, 0x80, 0x80, 0x80, 0x80, 0x80, 0x80, 0x7F, 0x80, 0x80, 0x80, 0x80, 0x80, 
	0x80, 0x80, 0x7F, 0x80, 0x80, 0x80, 0x7F, 0x7F, 0x7F, 0x80, 0x80, 0x80, 0x80, 0x80, 0x7F, 0x80, 
	0x80, 0x81, 0x80, 0x80, 0x80, 0x80, 0x80, 0x80, 0x80, 0x80, 0x7F, 0x80, 0x7F, 0x80, 0x81, 0x7F, 
	0x80, 0x81, 0x80, 0x80, 0x80, 0x80, 0x80, 0x80, 0x80, 0x80, 0x7F, 0x80, 0x80, 0x80, 0x80, 0x80, 
	0x7F, 0x80, 0x80, 0x80, 0x80, 0x81, 0x7F, 0x80, 0x80, 0x80, 0x80, 0x80, 0x80, 0x80, 0x80, 0x80, 
	0x7F, 0x81, 0x80, 0x80, 0x80, 0x80, 0x7F, 0x80, 0x80, 0x80, 0x80, 0x80, 0x80, 0x80, 0x81, 0x80, 
	0x80, 0x80, 0x7F, 0x80, 0x80, 0x80, 0x7F, 0x80, 0x7F, 0x80, 0x80, 0x80, 0x80, 0x80, 0x80, 0x80, 
	0x80, 0x80, 0x7F, 0x80, 0x80, 0x80, 0x80, 0x80, 0x80, 0x80, 0x80, 0x80, 0x80, 0x80, 0x80, 0x81, 
	0x80, 0x80, 0x80, 0x7F, 0x7F, 0x80, 0x80, 0x80, 0x80, 0x81, 0x80, 0x7F, 0x80, 0x80, 0x80, 0x80, 
	0x81, 0x7F, 0x80, 0x80, 0x80, 0x80, 0x80, 0x80, 0x80, 0x80, 0x80, 0x7F, 0x80, 0x80, 0x80, 0x80, 
	0x80, 0x80, 0x80, 0x81, 0x80, 0x80, 0x7F, 0x80, 0x81, 0x81, 0x81, 0x80, 0x80, 0x80, 0x81, 0x80, 
	0x80, 0x80, 0x80, 0x80, 0x80, 0x7F, 0x80, 0x80, 0x80, 0x80, 0x80, 0x80, 0x80, 0x80, 0x80, 0x80, 
	0x80, 0x80, 0x81, 0x81, 0x81, 0x80, 0x80, 0x80, 0x7F, 0x80, 0x7F, 0x80, 0x80, 0x80, 0x80, 0x80, 
	0x80, 0x80, 0x80, 0x81, 0x80, 0x7F, 0x80, 0x81, 0x80, 0x80, 0x80, 0x80, 0x80, 0x80, 0x80, 0x80, 
	0x80, 0x80, 0x80, 0x80, 0x80, 0x80, 0x80, 0x7F, 0x80, 0x80, 0x80, 0x80, 0x81, 0x80, 0x7F, 0x80, 
	0x80, 0x80, 0x80, 0x80, 0x80, 0x80, 0x81, 0x81, 0x80, 0x80, 0x80, 0x80, 0x80, 0x80, 0x7F, 0x80, 
	0x80, 0x80, 0x7F, 0x80, 0x80, 0x80, 0x7F, 0x80, 0x80, 0x80, 0x80, 0x80, 0x80, 0x80, 0x80, 0x80, 
	0x80, 0x80, 0x7F, 0x7F, 0x80, 0x81, 0x80, 0x80, 0x80, 0x80, 0x7F, 0x80, 0x80, 0x80, 0x80, 0x80, 
	0x81, 0x80, 0x80, 0x80, 0x80, 0x80, 0x80, 0x80, 0x80, 0x80, 0x80, 0x80, 0x80, 0x80, 0x80, 0x80, 
	0x80, 0x80, 0x80, 0x7F, 0x80, 0x80, 0x80, 0x81, 0x80, 0x80, 0x7F, 0x80, 0x80, 0x80, 0x7F, 0x7F, 
	0x80, 0x80, 0x7F, 0x80, 0x80, 0x80, 0x80, 0x80, 0x80, 0x80, 0x80, 0x80, 0x80, 0x80, 0x7F, 0x80, 
	0x80, 0x80, 0x80, 0x80, 0x80, 0x80, 0x80, 0x80, 0x81, 0x7F, 0x80, 0x80, 0x80, 0x80, 0x80, 0x80, 
	0x80, 0x80, 0x81, 0x80, 0x80, 0x80, 0x80, 0x7F, 0x80, 0x7F, 0x81, 0x80, 0x80, 0x80, 0x7F, 0x80, 
	0x80, 0x81, 0x80, 0x80, 0x7F, 0x80, 0x80, 0x80, 0x80, 0x80, 0x80, 0x80, 0x80, 0x7F, 0x80, 0x81, 
	0x80, 0x80, 0x80, 0x80, 0x80, 0x80, 0x80, 0x80, 0x80, 0x80, 0x7F, 0x81, 0x80, 0x80, 0x80, 0x80, 
	0x80, 0x80, 0x7F, 0x80, 0x80, 0x80, 0x80, 0x80, 0x80, 0x80, 0x80, 0x80, 0x80, 0x7F, 0x80, 0x80, 
	0x7F, 0x80, 0x80, 0x7F, 0x80, 0x80, 0x80, 0x80, 0x80, 0x80, 0x81, 0x80, 0x81, 0x80, 0x80, 0x80, 
	0x81, 0x80, 0x80, 0x80, 0x80, 0x80, 0x80, 0x80, 0x80, 0x80, 0x80, 0x7F, 0x80, 0x80, 0x80, 0x80, 
	0x81, 0x81, 0x80, 0x80, 0x80, 0x80, 0x80, 0x80, 0x80, 0x80, 0x80, 0x7F, 0x7F, 0x80, 0x80, 0x80, 
	0x80, 0x80, 0x80, 0x80, 0x80, 0x80, 0x80, 0x80, 0x80, 0x80, 0x80, 0x80, 0x80, 0x80, 0x80, 0x80, 
	0x80, 0x80, 0x80, 0x80, 0x81, 0x81, 0x80, 0x80, 0x81, 0x80, 0x80, 0x80, 0x80, 0x80, 0x80, 0x80, 
	0x80, 0x80, 0x80, 0x81, 0x80, 0x80, 0x80, 0x81, 0x81, 0x7F, 0x81, 0x80, 0x80, 0x80, 0x80, 0x80, 
	0x80, 0x80, 0x80, 0x7F, 0x80, 0x80, 0x80, 0x80, 0x80, 0x80, 0x80, 0x80, 0x81, 0x80, 0x80, 0x7F, 
	0x80, 0x80, 0x80, 0x80, 0x80, 0x80, 0x80, 0x80, 0x80, 0x80, 0x80, 0x80, 0x80, 0x7F, 0x7F, 0x80, 
	0x81, 0x80, 0x80, 0x80, 0x7F, 0x80, 0x80, 0x80, 0x80, 0x80, 0x7F, 0x80, 0x80, 0x80, 0x80, 0x80, 
	0x80, 0x80, 0x80, 0x80, 0x80, 0x80, 0x81, 0x80, 0x80, 0x81, 0x80, 0x80, 0x80, 0x80, 0x81, 0x80, 
	0x80, 0x81, 0x7F, 0x80, 0x80, 0x80, 0x80, 0x80, 0x80, 0x81, 0x80, 0x80, 0x80, 0x80, 0x80, 0x80, 
	0x81, 0x80, 0x80, 0x80, 0x80, 0x80, 0x80, 0x80, 0x80, 0x80, 0x81, 0x80, 0x80, 0x80, 0x80, 0x80, 
	0x80, 0x80, 0x80, 0x80, 0x80, 0x80, 0x80, 0x80, 0x80, 0x80, 0x80, 0x7F, 0x80, 0x80, 0x80, 0x81, 
	0x80, 0x80, 0x7F, 0x80, 0x80, 0x81, 0x80, 0x80, 0x80, 0x80, 0x80, 0x80, 0x81, 0x80, 0x80, 0x7F, 
	0x80, 0x80, 0x80, 0x80, 0x80, 0x80, 0x80, 0x80, 0x7F, 0x81, 0x80, 0x81, 0x80, 0x80, 0x80, 0x80, 
	0x80, 0x80, 0x80, 0x80, 0x80, 0x7F, 0x7F, 0x80, 0x80, 0x7F, 0x80, 0x80, 0x80, 0x80, 0x80, 0x80, 
	0x80, 0x80, 0x80, 0x80, 0x80, 0x80, 0x80, 0x80, 0x81, 0x80, 0x80, 0x80, 0x80, 0x80, 0x7F, 0x7F, 
	0x80, 0x80, 0x80, 0x80, 0x7F, 0x80, 0x80, 0x80, 0x7F, 0x80, 0x80, 0x80, 0x7F, 0x80, 0x80, 0x80, 
	0x80, 0x80, 0x80, 0x80, 0x80, 0x80, 0x80, 0x80, 0x80, 0x81, 0x80, 0x80, 0x80, 0x80, 0x80, 0x80, 
	0x80, 0x80, 0x80, 0x80, 0x80, 0x80, 0x80, 0x7F, 0x80, 0x81, 0x80, 0x80, 0x80, 0x80, 0x80, 0x80, 
	0x80, 0x7F, 0x80, 0x7F, 0x80, 0x80, 0x80, 0x80, 0x80, 0x80, 0x7F, 0x80, 0x80, 0x80, 0x80, 0x80, 
	0x81, 0x80, 0x80, 0x80, 0x80, 0x80, 0x80, 0x7F, 0x80, 0x80, 0x80, 0x7F, 0x80, 0x80, 0x80, 0x80, 
	0x80, 0x80, 0x80, 0x80, 0x80, 0x80, 0x80, 0x80, 0x80, 0x80, 0x80, 0x81, 0x80, 0x80, 0x80, 0x81, 
	0x7F, 0x80, 0x80, 0x80, 0x80, 0x80, 0x80, 0x80, 0x80, 0x81, 0x7F, 0x7F, 0x80, 0x80, 0x80, 0x7F, 
	0x80, 0x80, 0x80, 0x81, 0x80, 0x80, 0x80, 0x80, 0x80, 0x7F, 0x80, 0x81, 0x80, 0x80, 0x80, 0x80, 
	0x7F, 0x80, 0x80, 0x80, 0x80, 0x80, 0x7F, 0x80, 0x80, 0x80, 0x80, 0x7F, 0x80, 0x7F, 0x80, 0x81, 
	0x80, 0x80, 0x80, 0x80, 0x81, 0x80, 0x80, 0x80, 0x80, 0x80, 0x81, 0x7F, 0x80, 0x80, 0x80, 0x80, 
	0x80, 0x80, 0x80, 0x7F, 0x80, 0x80, 0x7F, 0x80, 0x80, 0x80, 0x80, 0x80, 0x7F, 0x80, 0x80, 0x81, 
	0x80, 0x80, 0x80, 0x80, 0x80, 0x7F, 0x80, 0x7F, 0x80, 0x80, 0x80, 0x80, 0x80, 0x80, 0x80, 0x80, 
	0x81, 0x80, 0x81, 0x81, 0x80, 0x80, 0x80, 0x7F, 0x80, 0x7F, 0x80, 0x80, 0x81, 0x80, 0x80, 0x81, 
	0x80, 0x81, 0x80, 0x81, 0x80, 0x7F, 0x80, 0x80, 0x80, 0x80, 0x80, 0x80, 0x80, 0x80, 0x80, 0x7F, 
	0x80, 0x80, 0x7F, 0x80, 0x80, 0x80, 0x80, 0x80, 0x80, 0x80, 0x80, 0x80, 0x80, 0x80, 0x80, 0x80, 
	0x80, 0x80, 0x80, 0x80, 0x80, 0x7F, 0x7F, 0x80, 0x80, 0x80, 0x7F, 0x81, 0x7F, 0x80, 0x80, 0x80, 
	0x80, 0x80, 0x80, 0x80, 0x80, 0x80, 0x80, 0x80, 0x80, 0x80, 0x80, 0x80, 0x80, 0x81, 0x80, 0x80, 
	0x80, 0x80, 0x80, 0x80, 0x80, 0x81, 0x80, 0x80, 0x80, 0x80, 0x7F, 0x80, 0x80, 0x80, 0x80, 0x80, 
	0x80, 0x80, 0x80, 0x80, 0x80, 0x80, 0x80, 0x80, 0x80, 0x80, 0x80, 0x80, 0x80, 0x80, 0x7F, 0x80, 
	0x80, 0x80, 0x80, 0x7F, 0x7F, 0x80, 0x80, 0x80, 0x80, 0x80, 0x80, 0x80, 0x80, 0x80, 0x80, 0x80, 
	0x80, 0x80, 0x80, 0x80, 0x7F, 0x80, 0x80, 0x80, 0x80, 0x81, 0x80, 0x80, 0x80, 0x80, 0x80, 0x80, 
	0x80, 0x80, 0x80, 0x80, 0x80, 0x81, 0x80, 0x80, 0x80, 0x80, 0x80, 0x80, 0x80, 0x80, 0x81, 0x81, 
	0x80, 0x80, 0x80, 0x80, 0x80, 0x7F, 0x80, 0x7F, 0x80, 0x80, 0x81, 0x81, 0x80, 0x81, 0x80, 0x81, 
	0x80, 0x7F, 0x80, 0x7F, 0x80, 0x80, 0x80, 0x80, 0x80, 0x80, 0x80, 0x80, 0x80, 0x80, 0x80, 0x80, 
	0x7F, 0x80, 0x80, 0x80, 0x80, 0x80, 0x80, 0x80, 0x7F, 0x81, 0x7F, 0x81, 0x80, 0x80, 0x80, 0x80, 
	0x80, 0x7F, 0x80, 0x80, 0x80, 0x80, 0x81, 0x80, 0x80, 0x80, 0x80, 0x80, 0x80, 0x80, 0x80, 0x80, 
	0x7F, 0x80, 0x80, 0x80, 0x80, 0x80, 0x7F, 0x80, 0x80, 0x80, 0x81, 0x7F, 0x80, 0x80, 0x80, 0x80, 
	0x80, 0x80, 0x81, 0x80, 0x80, 0x80, 0x80, 0x80, 0x81, 0x80, 0x80, 0x80, 0x80, 0x80, 0x80, 0x80, 
	0x80, 0x80, 0x80, 0x80, 0x80, 0x7F, 0x80, 0x7F, 0x80, 0x80, 0x80, 0x80, 0x80, 0x80, 0x80, 0x80, 
	0x80, 0x80, 0x80, 0x80, 0x80, 0x80, 0x80, 0x80, 0x80, 0x80, 0x80, 0x80, 0x80, 0x80, 0x80, 0x80, 
	0x80, 0x80, 0x80, 0x80, 0x80, 0x80, 0x81, 0x80, 0x80, 0x80, 0x80, 0x80, 0x80, 0x80, 0x80, 0x80, 
	0x80, 0x80, 0x81, 0x80, 0x80, 0x7F, 0x80, 0x7F, 0x80, 0x80, 0x80, 0x80, 0x80, 0x80, 0x80, 0x80, 
	0x81, 0x7F, 0x80, 0x80, 0x7F, 0x80, 0x80, 0x80, 0x80, 0x7F, 0x80, 0x80, 0x81, 0x80, 0x80, 0x7F, 
	0x80, 0x7F, 0x80, 0x80, 0x80, 0x80, 0x80, 0x81, 0x81, 0x80, 0x80, 0x80, 0x80, 0x80, 0x80, 0x80, 
	0x80, 0x80, 0x80, 0x80, 0x80, 0x80, 0x80, 0x80, 0x80, 0x80, 0x80, 0x80, 0x80, 0x80, 0x80, 0x80, 
	0x80, 0x80, 0x80, 0x80, 0x80, 0x80, 0x80, 0x7F, 0x81, 0x80, 0x80, 0x80, 0x80, 0x80, 0x80, 0x80, 
	0x81, 0x7F, 0x80, 0x80, 0x80, 0x7F, 0x80, 0x80, 0x80, 0x80, 0x80, 0x80, 0x80, 0x80, 0x80, 0x80, 
	0x80, 0x81, 0x80, 0x7F, 0x80, 0x80, 0x80, 0x80, 0x80, 0x80, 0x7F, 0x80, 0x7F, 0x81, 0x80, 0x80, 
	0x80, 0x80, 0x80, 0x80, 0x7F, 0x80, 0x80, 0x7F, 0x80, 0x80, 0x80, 0x80, 0x80, 0x80, 0x80, 0x80, 
	0x80, 0x80, 0x80, 0x80, 0x80, 0x80, 0x80, 0x80, 0x80, 0x80, 0x80, 0x80, 0x80, 0x80, 0x7F, 0x80, 
	0x7F, 0x80, 0x7F, 0x80, 0x80, 0x80, 0x80, 0x80, 0x80, 0x80, 0x7F, 0x7F, 0x80, 0x7F, 0x80, 0x80, 
	0x80, 0x80, 0x80, 0x80, 0x80, 0x80, 0x7F, 0x80, 0x80, 0x80, 0x80, 0x80, 0x80, 0x80, 0x80, 0x7F, 
	0x80, 0x80, 0x80, 0x80, 0x80, 0x80, 0x80, 0x80, 0x81, 0x81, 0x80, 0x80, 0x80, 0x80, 0x80, 0x80, 
	0x80, 0x80, 0x7F, 0x80, 0x7F, 0x81, 0x80, 0x81, 0x80, 0x80, 0x80, 0x80, 0x80, 0x80, 0x80, 0x80, 
	0x80, 0x80, 0x80, 0x80, 0x80, 0x80, 0x7F, 0x81, 0x80, 0x80, 0x80, 0x80, 0x81, 0x81, 0x7F, 0x80, 
	0x80, 0x80, 0x81, 0x80, 0x80, 0x80, 0x80, 0x80, 0x80, 0x80, 0x80, 0x81, 0x80, 0x7F, 0x80, 0x80, 
	0x80, 0x80, 0x81, 0x80, 0x80, 0x80, 0x80, 0x80, 0x80, 0x80, 0x80, 0x80, 0x80, 0x81, 0x80, 0x80, 
	0x80, 0x80, 0x80, 0x80, 0x80, 0x80, 0x81, 0x80, 0x80, 0x80, 0x80, 0x7F, 0x80, 0x80, 0x80, 0x80, 
	0x80, 0x80, 0x7F, 0x80, 0x80, 0x80, 0x80, 0x80, 0x80, 0x80, 0x80, 0x80, 0x80, 0x7F, 0x80, 0x7F, 
	0x80, 0x80, 0x80, 0x80, 0x80, 0x80, 0x7F, 0x80, 0x80, 0x80, 0x80, 0x80, 0x80, 0x7F, 0x81, 0x7F, 
	0x81, 0x80, 0x80, 0x80, 0x80, 0x80, 0x81, 0x80, 0x80, 0x80, 0x80, 0x80, 0x80, 0x7F, 0x80, 0x7F, 
	0x80, 0x7F, 0x80, 0x80, 0x80, 0x81, 0x80, 0x80, 0x80, 0x80, 0x80, 0x80, 0x80, 0x80, 0x7F, 0x80, 
	0x80, 0x80, 0x80, 0x81, 0x80, 0x80, 0x80, 0x80, 0x80, 0x80, 0x80, 0x80, 0x80, 0x80, 0x7F, 0x80, 
	0x7F, 0x80, 0x81, 0x80, 0x80, 0x80, 0x80, 0x80, 0x80, 0x81, 0x80, 0x81, 0x7F, 0x80, 0x80, 0x81, 
	0x80, 0x80, 0x80, 0x7F, 0x80, 0x80, 0x7F, 0x80, 0x80, 0x80, 0x80, 0x80, 0x80, 0x80, 0x80, 0x80, 
	0x7F, 0x80, 0x80, 0x80, 0x80, 0x80, 0x80, 0x80, 0x7F, 0x81, 0x7F, 0x80, 0x80, 0x7F, 0x80, 0x80, 
	0x7F, 0x80, 0x80, 0x80, 0x80, 0x80, 0x80, 0x80, 0x81, 0x80, 0x80, 0x80, 0x80, 0x80, 0x80, 0x80, 
	0x80, 0x80, 0x7F, 0x80, 0x80, 0x80, 0x7F, 0x80, 0x80, 0x81, 0x80, 0x80, 0x80, 0x80, 0x80, 0x80, 
	0x80, 0x81, 0x7F, 0x7F, 0x80, 0x7F, 0x80, 0x80, 0x7F, 0x7F, 0x80, 0x7F, 0x7F, 0x80, 0x80, 0x80, 
	0x80, 0x80, 0x80, 0x80, 0x80, 0x80, 0x80, 0x80, 0x80, 0x80, 0x80, 0x80, 0x80, 0x80, 0x81, 0x80, 
	0x80, 0x80, 0x80, 0x80, 0x7F, 0x80, 0x80, 0x81, 0x80, 0x80, 0x80, 0x80, 0x80, 0x80, 0x80, 0x80, 
	0x80, 0x80, 0x80, 0x80, 0x80, 0x81, 0x80, 0x80, 0x81, 0x80, 0x80, 0x80, 0x80, 0x80, 0x80, 0x80, 
	0x80, 0x80, 0x80, 0x80, 0x80, 0x80, 0x80, 0x80, 0x80, 0x7F, 0x7F, 0x80, 0x80, 0x80, 0x80, 0x81, 
	0x80, 0x80, 0x80, 0x81, 0x80, 0x80, 0x80, 0x7F, 0x80, 0x80, 0x80, 0x80, 0x80, 0x80, 0x80, 0x80, 
	0x7F, 0x7F, 0x80, 0x81, 0x80, 0x80, 0x80, 0x7F, 0x80, 0x80, 0x80, 0x81, 0x80, 0x80, 0x7F, 0x80, 
	0x80, 0x80, 0x80, 0x80, 0x80, 0x7F, 0x7F, 0x80, 0x80, 0x80, 0x80, 0x7F, 0x80, 0x81, 0x80, 0x80, 
	0x80, 0x80, 0x81, 0x80, 0x81, 0x80, 0x80, 0x7F, 0x80, 0x80, 0x80, 0x80, 0x80, 0x80, 0x80, 0x80, 
	0x80, 0x80, 0x80, 0x80, 0x80, 0x80, 0x80, 0x80, 0x80, 0x80, 0x7F, 0x80, 0x80, 0x80, 0x7F, 0x81, 
	0x81, 0x80, 0x80, 0x7F, 0x7F, 0x80, 0x80, 0x80, 0x80, 0x80, 0x80, 0x81, 0x80, 0x81, 0x80, 0x80, 
	0x80, 0x81, 0x80, 0x80, 0x80, 0x80, 0x80, 0x80, 0x7F, 0x7F, 0x80, 0x80, 0x7F, 0x80, 0x80, 0x80, 
	0x80, 0x80, 0x80, 0x80, 0x80, 0x80, 0x80, 0x80, 0x7F, 0x80, 0x80, 0x80, 0x80, 0x80, 0x80, 0x80, 
	0x81, 0x81, 0x80, 0x80, 0x80, 0x80, 0x80, 0x80, 0x80, 0x7F, 0x80, 0x80, 0x81, 0x80, 0x80, 0x81, 
	0x7F, 0x80, 0x81, 0x80, 0x80, 0x80, 0x80, 0x7F, 0x80, 0x80, 0x80, 0x80, 0x80, 0x80, 0x80, 0x7F, 
	0x80, 0x80, 0x80, 0x80, 0x80, 0x81, 0x80, 0x7F, 0x80, 0x80, 0x7F, 0x80, 0x7F, 0x80, 0x80, 0x80, 
	0x7F, 0x80, 0x80, 0x80, 0x80, 0x80, 0x80, 0x80, 0x80, 0x80, 0x80, 0x80, 0x80, 0x80, 0x80, 0x80, 
	0x80, 0x80, 0x7F, 0x7F, 0x80, 0x80, 0x80, 0x80, 0x80, 0x80, 0x80, 0x80, 0x7F, 0x80, 0x80, 0x80, 
	0x81, 0x80, 0x80, 0x80, 0x80, 0x80, 0x80, 0x80, 0x81, 0x80, 0x80, 0x80, 0x80, 0x80, 0x7F, 0x80, 
	0x80, 0x80, 0x80, 0x80, 0x80, 0x80, 0x81, 0x7F, 0x80, 0x80, 0x80, 0x80, 0x80, 0x80, 0x80, 0x81, 
	0x80, 0x80, 0x81, 0x80, 0x7F, 0x80, 0x80, 0x81, 0x80, 0x80, 0x80, 0x80, 0x80, 0x80, 0x80, 0x80, 
	0x7F, 0x80, 0x80, 0x80, 0x80, 0x81, 0x80, 0x80, 0x80, 0x7F, 0x80, 0x80, 0x80, 0x80, 0x80, 0x80, 
	0x80, 0x80, 0x81, 0x80, 0x80, 0x80, 0x80, 0x80, 0x80, 0x80, 0x81, 0x80, 0x80, 0x80, 0x80, 0x80, 
	0x81, 0x80, 0x80, 0x80, 0x81, 0x80, 0x80, 0x80, 0x80, 0x80, 0x81, 0x80, 0x80, 0x80, 0x80, 0x80, 
	0x80, 0x80, 0x80, 0x80, 0x80, 0x80, 0x80, 0x80, 0x80, 0x80, 0x7F, 0x80, 0x80, 0x81, 0x80, 0x80, 
	0x80, 0x80, 0x80, 0x7F, 0x80, 0x80, 0x80, 0x80, 0x80, 0x80, 0x80, 0x80, 0x7F, 0x80, 0x81, 0x80, 
	0x80, 0x80, 0x80, 0x80, 0x80, 0x7F, 0x80, 0x7F, 0x80, 0x80, 0x80, 0x80, 0x80, 0x7F, 0x80, 0x80, 
	0x80, 0x80, 0x80, 0x80, 0x80, 0x80, 0x7F, 0x81, 0x80, 0x80, 0x7F, 0x80, 0x80, 0x7F, 0x80, 0x80, 
	0x7F, 0x80, 0x80, 0x80, 0x80, 0x80, 0x80, 0x80, 0x81, 0x80, 0x80, 0x80, 0x80, 0x80, 0x81, 0x80, 
	0x80, 0x80, 0x80, 0x80, 0x80, 0x80, 0x80, 0x80, 0x80, 0x80, 0x80, 0x80, 0x80, 0x7F, 0x80, 0x81, 
	0x7F, 0x80, 0x80, 0x81, 0x80, 0x80, 0x7F, 0x80, 0x80, 0x80, 0x7F, 0x7F, 0x81, 0x7F, 0x80, 0x80, 
	0x80, 0x7F, 0x80, 0x80, 0x80, 0x80, 0x80, 0x80, 0x80, 0x80, 0x7F, 0x80, 0x7F, 0x80, 0x80, 0x80, 
	0x80, 0x80, 0x80, 0x80, 0x80, 0x80, 0x80, 0x80, 0x80, 0x80, 0x80, 0x7F, 0x80, 0x7F, 0x80, 0x7F, 
	0x80, 0x80, 0x80, 0x7F, 0x80, 0x80, 0x80, 0x80, 0x80, 0x80, 0x80, 0x80, 0x80, 0x80, 0x80, 0x7F, 
	0x80, 0x80, 0x80, 0x80, 0x80, 0x80, 0x81, 0x7F, 0x80, 0x80, 0x80, 0x7F, 0x80, 0x80, 0x7F, 0x7F, 
	0x80, 0x81, 0x80, 0x80, 0x80, 0x80, 0x81, 0x81, 0x7F, 0x80, 0x80, 0x80, 0x80, 0x80, 0x80, 0x80, 
	0x80, 0x80, 0x7F, 0x80, 0x7F, 0x80, 0x80, 0x80, 0x80, 0x80, 0x80, 0x80, 0x81, 0x80, 0x80, 0x80, 
	0x80, 0x80, 0x80, 0x81, 0x80, 0x80, 0x80, 0x80, 0x80, 0x80, 0x80, 0x7F, 0x80, 0x81, 0x80, 0x80, 
	0x80, 0x80, 0x80, 0x80, 0x80, 0x80, 0x80, 0x80, 0x80, 0x80, 0x80, 0x80, 0x80, 0x7F, 0x81, 0x80, 
	0x80, 0x81, 0x80, 0x7F, 0x80, 0x80, 0x80, 0x80, 0x80, 0x80, 0x80, 0x80, 0x80, 0x80, 0x80, 0x7F, 
	0x80, 0x80, 0x80, 0x80, 0x80, 0x80, 0x80, 0x80, 0x80, 0x81, 0x7F, 0x80, 0x7F, 0x7F, 0x80, 0x80, 
	0x7F, 0x80, 0x7F, 0x80, 0x80, 0x80, 0x80, 0x7F, 0x80, 0x80, 0x80, 0x80, 0x80, 0x80, 0x80, 0x80, 
	0x81, 0x80, 0x80, 0x7F, 0x80, 0x80, 0x80, 0x80, 0x80, 0x80, 0x80, 0x80, 0x7F, 0x80, 0x81, 0x7F, 
	0x7F, 0x80, 0x80, 0x80, 0x80, 0x80, 0x80, 0x80, 0x80, 0x80, 0x80, 0x80, 0x80, 0x80, 0x80, 0x81, 
	0x80, 0x80, 0x7F, 0x80, 0x7F, 0x80, 0x80, 0x81, 0x7F, 0x80, 0x80, 0x80, 0x81, 0x80, 0x80, 0x80, 
	0x80, 0x80, 0x80, 0x80, 0x80, 0x80, 0x80, 0x80, 0x80, 0x80, 0x80, 0x80, 0x80, 0x7F, 0x81, 0x80, 
	0x80, 0x80, 0x80, 0x80, 0x80, 0x80, 0x80, 0x80, 0x81, 0x80, 0x80, 0x7F, 0x80, 0x80, 0x80, 0x80, 
	0x80, 0x7F, 0x7F, 0x80, 0x80, 0x81, 0x80, 0x80, 0x80, 0x81, 0x80, 0x80, 0x80, 0x80, 0x80, 0x80, 
	0x80, 0x80, 0x7F, 0x80, 0x80, 0x81, 0x81, 0x80, 0x7F, 0x7F, 0x80, 0x80, 0x80, 0x80, 0x80, 0x80, 
	0x80, 0x80, 0x80, 0x7F, 0x81, 0x80, 0x80, 0x81, 0x80, 0x80, 0x80, 0x80, 0x7F, 0x80, 0x7F, 0x80, 
	0x80, 0x80, 0x7F, 0x80, 0x80, 0x80, 0x80, 0x80, 0x80, 0x80, 0x80, 0x80, 0x80, 0x80, 0x80, 0x81, 
	0x80, 0x80, 0x7F, 0x80, 0x80, 0x80, 0x81, 0x80, 0x7F, 0x80, 0x80, 0x80, 0x80, 0x80, 0x80, 0x80, 
	0x7F, 0x80, 0x80, 0x80, 0x80, 0x81, 0x80, 0x80, 0x80, 0x80, 0x80, 0x80, 0x80, 0x81, 0x7F, 0x7F, 
	0x80, 0x80, 0x80, 0x80, 0x80, 0x80, 0x80, 0x80, 0x81, 0x80, 0x80, 0x80, 0x80, 0x80, 0x80, 0x80, 
	0x80, 0x80, 0x80, 0x80, 0x80, 0x80, 0x80, 0x80, 0x7F, 0x80, 0x80, 0x80, 0x80, 0x80, 0x80, 0x80, 
	0x80, 0x80, 0x80, 0x81, 0x80, 0x7F, 0x80, 0x80, 0x80, 0x80, 0x80, 0x80, 0x80, 0x80, 0x7F, 0x81, 
	0x80, 0x80, 0x81, 0x80, 0x7F, 0x80, 0x81, 0x80, 0x80, 0x80, 0x80, 0x80, 0x80, 0x81, 0x80, 0x80, 
	0x81, 0x80, 0x80, 0x81, 0x80, 0x80, 0x80, 0x7F, 0x7F, 0x80, 0x80, 0x80, 0x80, 0x7F, 0x80, 0x81, 
	0x80, 0x80, 0x80, 0x80, 0x80, 0x80, 0x80, 0x80, 0x80, 0x7F, 0x80, 0x80, 0x80, 0x80, 0x81, 0x80, 
	0x7F, 0x80, 0x80, 0x80, 0x80, 0x80, 0x80, 0x80, 0x80, 0x80, 0x80, 0x80, 0x80, 0x80, 0x80, 0x80, 
	0x80, 0x80, 0x80, 0x81, 0x80, 0x7F, 0x80, 0x80, 0x80, 0x80, 0x80, 0x7F, 0x80, 0x7F, 0x7F, 0x80, 
	0x80, 0x80, 0x80, 0x80, 0x80, 0x81, 0x80, 0x80, 0x80, 0x80, 0x81, 0x80, 0x80, 0x80, 0x80, 0x80, 
	0x80, 0x80, 0x80, 0x80, 0x80, 0x80, 0x80, 0x80, 0x80, 0x80, 0x80, 0x80, 0x80, 0x80, 0x80, 0x81, 
	0x80, 0x80, 0x81, 0x7F, 0x80, 0x81, 0x7F, 0x80, 0x80, 0x80, 0x80, 0x80, 0x80, 0x80, 0x7F, 0x7F, 
	0x80, 0x80, 0x80, 0x80, 0x81, 0x80, 0x7F, 0x80, 0x80, 0x80, 0x7F, 0x80, 0x80, 0x80, 0x80, 0x80, 
	0x81, 0x80, 0x80, 0x80, 0x80, 0x80, 0x80, 0x80, 0x81, 0x81, 0x80, 0x7F, 0x7F, 0x80, 0x80, 0x80, 
	0x80, 0x80, 0x80, 0x80, 0x80, 0x81, 0x7F, 0x80, 0x81, 0x80, 0x80, 0x7F, 0x80, 0x80, 0x80, 0x80, 
	0x7F, 0x80, 0x7F, 0x80, 0x80, 0x80, 0x81, 0x80, 0x80, 0x7F, 0x80, 0x7F, 0x7F, 0x80, 0x80, 0x80, 
	0x80, 0x81, 0x80, 0x80, 0x81, 0x80, 0x80, 0x80, 0x80, 0x80, 0x80, 0x81, 0x7F, 0x80, 0x80, 0x7F, 
	0x80, 0x7F, 0x80, 0x80, 0x81, 0x80, 0x80, 0x7F, 0x80, 0x7F, 0x80, 0x81, 0x80, 0x7F, 0x81, 0x80, 
	0x80, 0x80, 0x80, 0x80, 0x80, 0x80, 0x80, 0x80, 0x80, 0x80, 0x80, 0x80, 0x80, 0x80, 0x80, 0x80, 
	0x7F, 0x80, 0x80, 0x80, 0x80, 0x81, 0x80, 0x81, 0x80, 0x80, 0x7F, 0x80, 0x80, 0x81, 0x80, 0x80, 
	0x80, 0x80, 0x80, 0x81, 0x81, 0x80, 0x7F, 0x80, 0x80, 0x80, 0x80, 0x7F, 0x80, 0x80, 0x80, 0x80, 
	0x80, 0x80, 0x80, 0x80, 0x80, 0x80, 0x81, 0x80, 0x80, 0x80, 0x80, 0x80, 0x80, 0x80, 0x80, 0x80, 
	0x81, 0x7F, 0x81, 0x80, 0x80, 0x80, 0x80, 0x80, 0x80, 0x80, 0x80, 0x80, 0x80, 0x80, 0x81, 0x80, 
	0x80, 0x80, 0x80, 0x80, 0x7F, 0x81, 0x80, 0x80, 0x7F, 0x80, 0x81, 0x80, 0x80, 0x80, 0x80, 0x80, 
	0x80, 0x80, 0x80, 0x7F, 0x80, 0x80, 0x80, 0x80, 0x80, 0x80, 0x80, 0x80, 0x80, 0x80, 0x80, 0x80, 
	0x7F, 0x80, 0x80, 0x80, 0x80, 0x81, 0x80, 0x80, 0x80, 0x80, 0x80, 0x80, 0x81, 0x80, 0x80, 0x7F, 
	0x80, 0x80, 0x80, 0x80, 0x7F, 0x7F, 0x80, 0x80, 0x80, 0x80, 0x80, 0x80, 0x80, 0x80, 0x7F, 0x80, 
	0x80, 0x80, 0x80, 0x80, 0x80, 0x80, 0x80, 0x80, 0x80, 0x7F, 0x80, 0x7F, 0x80, 0x80, 0x7F, 0x80, 
	0x81, 0x7F, 0x80, 0x80, 0x80, 0x80, 0x80, 0x81, 0x80, 0x80, 0x80, 0x80, 0x80, 0x80, 0x7F, 0x80, 
	0x7F, 0x80, 0x80, 0x80, 0x81, 0x80, 0x80, 0x80, 0x80, 0x80, 0x80, 0x80, 0x80, 0x81, 0x80, 0x80, 
	0x81, 0x80, 0x80, 0x7F, 0x80, 0x80, 0x80, 0x80, 0x7F, 0x80, 0x80, 0x80, 0x80, 0x7F, 0x7F, 0x7F, 
	0x81, 0x80, 0x80, 0x80, 0x80, 0x80, 0x80, 0x80, 0x80, 0x81, 0x80, 0x7F, 0x7F, 0x80, 0x80, 0x81, 
	0x80, 0x80, 0x80, 0x80, 0x80, 0x80, 0x80, 0x80, 0x80, 0x80, 0x80, 0x81, 0x81, 0x80, 0x80, 0x80, 
	0x80, 0x80, 0x80, 0x80, 0x80, 0x80, 0x80, 0x80, 0x80, 0x80, 0x80, 0x80, 0x80, 0x7F, 0x80, 0x7F, 
	0x80, 0x81, 0x80, 0x81, 0x7F, 0x80, 0x80, 0x80, 0x80, 0x80, 0x80, 0x81, 0x80, 0x80, 0x80, 0x80, 
	0x80, 0x80, 0x80, 0x80, 0x80, 0x80, 0x80, 0x80, 0x80, 0x80, 0x80, 0x80, 0x80, 0x7F, 0x80, 0x80, 
	0x80, 0x80, 0x80, 0x7F, 0x80, 0x80, 0x80, 0x80, 0x80, 0x80, 0x80, 0x7F, 0x80, 0x7F, 0x80, 0x80, 
	0x80, 0x80, 0x7F, 0x80, 0x80, 0x7F, 0x80, 0x80, 0x80, 0x80, 0x81, 0x80, 0x80, 0x80, 0x7F, 0x80, 
	0x80, 0x80, 0x80, 0x7F, 0x80, 0x80, 0x80, 0x80, 0x80, 0x7F, 0x81, 0x80, 0x80, 0x80, 0x80, 0x81, 
	0x80, 0x80, 0x80, 0x80, 0x80, 0x80, 0x80, 0x80, 0x80, 0x80, 0x80, 0x80, 0x80, 0x80, 0x80, 0x80, 
	0x80, 0x80, 0x80, 0x80, 0x80, 0x80, 0x80, 0x7F, 0x7F, 0x80, 0x80, 0x80, 0x80, 0x80, 0x80, 0x80, 
	0x80, 0x80, 0x80, 0x81, 0x80, 0x7F, 0x81, 0x80, 0x80, 0x80, 0x7F, 0x81, 0x80, 0x80, 0x7F, 0x80, 
	0x80, 0x80, 0x80, 0x80, 0x80, 0x80, 0x80, 0x80, 0x80, 0x7F, 0x80, 0x80, 0x81, 0x7F, 0x80, 0x80, 
	0x80, 0x80, 0x80, 0x81, 0x81, 0x80, 0x80, 0x81, 0x80, 0x80, 0x80, 0x7F, 0x80, 0x80, 0x80, 0x80, 
	0x7F, 0x80, 0x80, 0x80, 0x80, 0x80, 0x80, 0x80, 0x80, 0x80, 0x80, 0x80, 0x80, 0x80, 0x80, 0x80, 
	0x80, 0x80, 0x80, 0x7F, 0x80, 0x80, 0x80, 0x7F, 0x81, 0x80, 0x80, 0x80, 0x81, 0x80, 0x80, 0x7F, 
	0x80, 0x80, 0x81, 0x80, 0x80, 0x80, 0x80, 0x80, 0x80, 0x80, 0x7F, 0x80, 0x80, 0x80, 0x80, 0x80, 
	0x80, 0x81, 0x7F, 0x80, 0x80, 0x80, 0x80, 0x80, 0x80, 0x80, 0x80, 0x80, 0x80, 0x80, 0x80, 0x81, 
	0x80, 0x7F, 0x80, 0x80, 0x80, 0x80, 0x7F, 0x80, 0x80, 0x80, 0x80, 0x80, 0x80, 0x80, 0x80, 0x80, 
	0x7F, 0x80, 0x80, 0x80, 0x80, 0x80, 0x80, 0x80, 0x80, 0x80, 0x7F, 0x80, 0x80, 0x7F, 0x80, 0x80, 
	0x80, 0x80, 0x80, 0x80, 0x80, 0x7F, 0x80, 0x80, 0x7F, 0x80, 0x80, 0x80, 0x7F, 0x81, 0x7F, 0x7F, 
	0x80, 0x80, 0x80, 0x80, 0x7F, 0x80, 0x80, 0x80, 0x7F, 0x80, 0x80, 0x81, 0x80, 0x80, 0x80, 0x80, 
	0x80, 0x80, 0x80, 0x80, 0x80, 0x80, 0x80, 0x80, 0x80, 0x7F, 0x80, 0x80, 0x80, 0x80, 0x80, 0x81, 
	0x81, 0x7F, 0x80, 0x80, 0x80, 0x80, 0x80, 0x81, 0x7F, 0x80, 0x7F, 0x81, 0x81, 0x80, 0x80, 0x80, 
	0x81, 0x80, 0x81, 0x81, 0x80, 0x80, 0x7F, 0x80, 0x80, 0x80, 0x7F, 0x80, 0x7F, 0x80, 0x80, 0x80, 
	0x81, 0x80, 0x80, 0x80, 0x80, 0x80, 0x80, 0x80, 0x80, 0x81, 0x80, 0x80, 0x80, 0x7F, 0x80, 0x80, 
	0x81, 0x80, 0x80, 0x80, 0x80, 0x80, 0x80, 0x80, 0x80, 0x80, 0x80, 0x80, 0x80, 0x80, 0x7F, 0x80, 
	0x80, 0x81, 0x80, 0x80, 0x7F, 0x81, 0x80, 0x80, 0x80, 0x80, 0x80, 0x80, 0x80, 0x7F, 0x80, 0x80, 
	0x80, 0x80, 0x80, 0x80, 0x80, 0x80, 0x80, 0x81, 0x80, 0x80, 0x80, 0x7F, 0x81, 0x80, 0x80, 0x80, 
	0x80, 0x80, 0x80, 0x80, 0x80, 0x81, 0x80, 0x80, 0x81, 0x80, 0x80, 0x80, 0x7F, 0x80, 0x80, 0x80, 
	0x80, 0x7F, 0x7F, 0x80, 0x81, 0x80, 0x80, 0x7F, 0x80, 0x80, 0x80, 0x80, 0x81, 0x80, 0x80, 0x7F, 
	0x81, 0x80, 0x80, 0x7F, 0x80, 0x80, 0x80, 0x80, 0x80, 0x80, 0x80, 0x80, 0x80, 0x80, 0x80, 0x80, 
	0x81, 0x80, 0x80, 0x80, 0x80, 0x80, 0x80, 0x80, 0x7F, 0x80, 0x80, 0x80, 0x80, 0x80, 0x80, 0x80, 
	0x80, 0x80, 0x80, 0x80, 0x80, 0x80, 0x7F, 0x80, 0x80, 0x80, 0x80, 0x7F, 0x80, 0x80, 0x7F, 0x7F, 
	0x7F, 0x80, 0x80, 0x80, 0x80, 0x80, 0x80, 0x7F, 0x80, 0x7F, 0x80, 0x81, 0x80, 0x80, 0x80, 0x80, 
	0x80, 0x80, 0x7F, 0x80, 0x80, 0x81, 0x81, 0x80, 0x80, 0x7F, 0x80, 0x80, 0x80, 0x80, 0x80, 0x80, 
	0x80, 0x80, 0x80, 0x81, 0x80, 0x80, 0x81, 0x7F, 0x80, 0x80, 0x80, 0x7F, 0x7F, 0x81, 0x80, 0x7F, 
	0x80, 0x80, 0x80, 0x80, 0x7F, 0x80, 0x80, 0x80, 0x80, 0x80, 0x80, 0x80, 0x80, 0x80, 0x80, 0x80, 
	0x80, 0x80, 0x80, 0x80, 0x80, 0x7F, 0x81, 0x80, 0x80, 0x80, 0x80, 0x80, 0x80, 0x80, 0x80, 0x80, 
	0x80, 0x80, 0x80, 0x80, 0x7F, 0x81, 0x80, 0x80, 0x80, 0x80, 0x7F, 0x80, 0x80, 0x7F, 0x80, 0x80, 
	0x80, 0x80, 0x7F, 0x7F, 0x80, 0x81, 0x80, 0x80, 0x7F, 0x80, 0x80, 0x81, 0x80, 0x80, 0x80, 0x80, 
	0x80, 0x80, 0x80, 0x80, 0x80, 0x80, 0x80, 0x81, 0x80, 0x80, 0x7F, 0x80, 0x80, 0x80, 0x80, 0x80, 
	0x80, 0x80, 0x80, 0x80, 0x80, 0x81, 0x7F, 0x80, 0x80, 0x80, 0x80, 0x7F, 0x80, 0x81, 0x81, 0x80, 
	0x80, 0x80, 0x80, 0x80, 0x81, 0x80, 0x80, 0x80, 0x80, 0x80, 0x80, 0x80, 0x80, 0x80, 0x80, 0x80, 
	0x80, 0x80, 0x80, 0x80, 0x80, 0x80, 0x80, 0x80, 0x80, 0x80, 0x80, 0x80, 0x80, 0x80, 0x80, 0x7F, 
	0x81, 0x80, 0x80, 0x80, 0x80, 0x80, 0x80, 0x7F, 0x7F, 0x80, 0x80, 0x80, 0x80, 0x80, 0x7F, 0x80, 
	0x80, 0x80, 0x80, 0x80, 0x80, 0x80, 0x80, 0x81, 0x80, 0x7F, 0x80, 0x7F, 0x80, 0x80, 0x81, 0x80, 
	0x80, 0x80, 0x7F, 0x80, 0x80, 0x80, 0x80, 0x80, 0x80, 0x7F, 0x80, 0x80, 0x80, 0x80, 0x80, 0x80, 
	0x80, 0x80, 0x80, 0x7F, 0x81, 0x7F, 0x80, 0x80, 0x80, 0x80, 0x7F, 0x80, 0x81, 0x80, 0x80, 0x80, 
	0x81, 0x80, 0x7F, 0x7F, 0x80, 0x80, 0x80, 0x80, 0x81, 0x80, 0x80, 0x7F, 0x7F, 0x80, 0x7F, 0x80, 
	0x80, 0x80, 0x80, 0x80, 0x80, 0x80, 0x80, 0x80, 0x80, 0x81, 0x80, 0x80, 0x80, 0x80, 0x80, 0x80, 
	0x80, 0x80, 0x80, 0x80, 0x80, 0x80, 0x80, 0x80, 0x80, 0x80, 0x80, 0x7F, 0x80, 0x7F, 0x80, 0x80, 
	0x80, 0x80, 0x80, 0x80, 0x80, 0x80, 0x80, 0x80, 0x80, 0x80, 0x80, 0x80, 0x80, 0x80, 0x80, 0x80, 
	0x7F, 0x80, 0x7F, 0x80, 0x80, 0x80, 0x7F, 0x80, 0x80, 0x80, 0x80, 0x80, 0x80, 0x80, 0x81, 0x80, 
	0x80, 0x80, 0x81, 0x80, 0x81, 0x80, 0x80, 0x80, 0x7F, 0x80, 0x80, 0x7F, 0x81, 0x80, 0x80, 0x80, 
	0x80, 0x80, 0x80, 0x80, 0x80, 0x80, 0x80, 0x80, 0x80, 0x80, 0x80, 0x80, 0x80, 0x80, 0x80, 0x80, 
	0x80, 0x80, 0x81, 0x80, 0x80, 0x80, 0x80, 0x80, 0x81, 0x81, 0x80, 0x80, 0x80, 0x80, 0x80, 0x80, 
	0x80, 0x7F, 0x80, 0x7E, 0x80, 0x80, 0x80, 0x7F, 0x80, 0x80, 0x80, 0x80, 0x81, 0x81, 0x7F, 0x80, 
	0x80, 0x80, 0x80, 0x80, 0x80, 0x80, 0x81, 0x80, 0x80, 0x80, 0x80, 0x80, 0x80, 0x80, 0x80, 0x80, 
	0x80, 0x81, 0x80, 0x80, 0x80, 0x81, 0x80, 0x81, 0x80, 0x80, 0x80, 0x7F, 0x7F, 0x80, 0x80, 0x80, 
	0x80, 0x80, 0x80, 0x80, 0x80, 0x7F, 0x7F, 0x80, 0x80, 0x80, 0x80, 0x80, 0x7F, 0x7F, 0x80, 0x80, 
	0x80, 0x80, 0x80, 0x80, 0x80, 0x80, 0x81, 0x80, 0x80, 0x7F, 0x80, 0x80, 0x80, 0x7F, 0x81, 0x80, 
	0x81, 0x80, 0x81, 0x7F, 0x80, 0x80, 0x80, 0x80, 0x80, 0x80, 0x80, 0x7F, 0x7F, 0x80, 0x80, 0x81, 
	0x80, 0x80, 0x80, 0x80, 0x80, 0x80, 0x7F, 0x80, 0x80, 0x80, 0x7F, 0x80, 0x7F, 0x81, 0x80, 0x7F, 
	0x80, 0x80, 0x80, 0x80, 0x80, 0x80, 0x81, 0x80, 0x80, 0x81, 0x80, 0x7F, 0x80, 0x80, 0x81, 0x80, 
	0x80, 0x80, 0x81, 0x80, 0x80, 0x7F, 0x80, 0x80, 0x81, 0x80, 0x81, 0x80, 0x80, 0x80, 0x80, 0x80, 
	0x80, 0x81, 0x80, 0x80, 0x80, 0x7F, 0x80, 0x80, 0x81, 0x80, 0x80, 0x80, 0x80, 0x80, 0x80, 0x80, 
	0x80, 0x80, 0x80, 0x81, 0x80, 0x80, 0x80, 0x80, 0x80, 0x80, 0x80, 0x80, 0x80, 0x80, 0x80, 0x80, 
	0x80, 0x80, 0x80, 0x80, 0x80, 0x80, 0x80, 0x80, 0x80, 0x80, 0x80, 0x80, 0x81, 0x80, 0x80, 0x80, 
	0x80, 0x80, 0x80, 0x80, 0x80, 0x80, 0x80, 0x80, 0x80, 0x80, 0x81, 0x80, 0x80, 0x80, 0x80, 0x80, 
	0x80, 0x80, 0x7F, 0x80, 0x80, 0x80, 0x80, 0x80, 0x80, 0x80, 0x80, 0x80, 0x80, 0x80, 0x80, 0x80, 
	0x80, 0x80, 0x80, 0x80, 0x80, 0x80, 0x80, 0x80, 0x80, 0x80, 0x7F, 0x80, 0x7F, 0x80, 0x7F, 0x80, 
	0x80, 0x80, 0x80, 0x80, 0x80, 0x7F, 0x81, 0x80, 0x80, 0x80, 0x80, 0x80, 0x81, 0x7F, 0x80, 0x80, 
	0x80, 0x80, 0x80, 0x80, 0x80, 0x80, 0x80, 0x80, 0x80, 0x80, 0x81, 0x80, 0x80, 0x80, 0x7F, 0x80, 
	0x80, 0x80, 0x80, 0x80, 0x80, 0x80, 0x80, 0x80, 0x80, 0x80, 0x80, 0x80, 0x80, 0x7F, 0x7F, 0x80, 
	0x80, 0x80, 0x80, 0x81, 0x80, 0x7F, 0x80, 0x80, 0x80, 0x80, 0x80, 0x81, 0x80, 0x81, 0x80, 0x80, 
	0x80, 0x80, 0x81, 0x80, 0x80, 0x7F, 0x80, 0x80, 0x80, 0x80, 0x80, 0x80, 0x80, 0x80, 0x80, 0x80, 
	0x80, 0x80, 0x7F, 0x80, 0x7F, 0x80, 0x81, 0x80, 0x7F, 0x80, 0x80, 0x80, 0x80, 0x80, 0x80, 0x80, 
	0x80, 0x80, 0x81, 0x80, 0x80, 0x80, 0x80, 0x81, 0x81, 0x80, 0x7F, 0x80, 0x80, 0x80, 0x80, 0x80, 
	0x7F, 0x80, 0x80, 0x80, 0x80, 0x80, 0x80, 0x80, 0x80, 0x80, 0x81, 0x80, 0x80, 0x80, 0x80, 0x80, 
	0x80, 0x7F, 0x80, 0x80, 0x80, 0x81, 0x80, 0x80, 0x80, 0x7F, 0x81, 0x80, 0x80, 0x7F, 0x80, 0x80, 
	0x80, 0x80, 0x80, 0x80, 0x80, 0x80, 0x80, 0x80, 0x80, 0x81, 0x80, 0x80, 0x80, 0x80, 0x80, 0x80, 
	0x80, 0x80, 0x80, 0x7F, 0x80, 0x80, 0x80, 0x80, 0x80, 0x80, 0x80, 0x80, 0x80, 0x81, 0x80, 0x80, 
	0x80, 0x80, 0x80, 0x80, 0x80, 0x7F, 0x7F, 0x80, 0x80, 0x80, 0x80, 0x7F, 0x80, 0x80, 0x80, 0x81, 
	0x80, 0x80, 0x80, 0x80, 0x7F, 0x80, 0x80, 0x80, 0x80, 0x80, 0x80, 0x80, 0x81, 0x80, 0x80, 0x80, 
	0x81, 0x80, 0x80, 0x80, 0x80, 0x80, 0x7F, 0x80, 0x80, 0x80, 0x80, 0x80, 0x80, 0x80, 0x80, 0x80, 
	0x80, 0x80, 0x80, 0x81, 0x80, 0x7F, 0x80, 0x81, 0x80, 0x80, 0x80, 0x80, 0x80, 0x7F, 0x80, 0x81, 
	0x80, 0x80, 0x80, 0x80, 0x80, 0x80, 0x80, 0x80, 0x80, 0x80, 0x80, 0x80, 0x7F, 0x80, 0x7F, 0x80, 
	0x80, 0x80, 0x80, 0x80, 0x80, 0x7F, 0x80, 0x81, 0x80, 0x80, 0x7F, 0x80, 0x80, 0x80, 0x80, 0x80, 
	0x80, 0x80, 0x80, 0x80, 0x80, 0x80, 0x7F, 0x80, 0x80, 0x80, 0x80, 0x80, 0x81, 0x80, 0x81, 0x80, 
	0x80, 0x80, 0x7F, 0x80, 0x7F, 0x7F, 0x7F, 0x80, 0x80, 0x80, 0x7F, 0x80, 0x80, 0x80, 0x80, 0x80, 
	0x80, 0x80, 0x80, 0x80, 0x80, 0x80, 0x80, 0x80, 0x7F, 0x80, 0x80, 0x80, 0x80, 0x80, 0x80, 0x80, 
	0x80, 0x81, 0x80, 0x80, 0x80, 0x80, 0x80, 0x7F, 0x80, 0x7F, 0x81, 0x7F, 0x80, 0x80, 0x80, 0x80, 
	0x80, 0x80, 0x80, 0x80, 0x80, 0x80, 0x80, 0x81, 0x81, 0x80, 0x81, 0x7F, 0x81, 0x80, 0x80, 0x81, 
	0x80, 0x80, 0x7F, 0x80, 0x80, 0x81, 0x80, 0x80, 0x7F, 0x80, 0x80, 0x80, 0x80, 0x80, 0x80, 0x80, 
	0x80, 0x81, 0x80, 0x80, 0x80, 0x7F, 0x80, 0x7F, 0x80, 0x7F, 0x80, 0x80, 0x80, 0x80, 0x81, 0x80, 
	0x80, 0x80, 0x80, 0x80, 0x80, 0x81, 0x80, 0x80, 0x80, 0x80, 0x80, 0x7F, 0x80, 0x80, 0x80, 0x7F, 
	0x80, 0x80, 0x80, 0x80, 0x80, 0x80, 0x80, 0x80, 0x80, 0x80, 0x80, 0x80, 0x80, 0x80, 0x80, 0x81, 
	0x80, 0x80, 0x80, 0x80, 0x80, 0x80, 0x80, 0x80, 0x80, 0x80, 0x7F, 0x80, 0x80, 0x80, 0x80, 0x80, 
	0x81, 0x80, 0x7F, 0x80, 0x7F, 0x80, 0x80, 0x80, 0x80, 0x7F, 0x7F, 0x80, 0x7F, 0x80, 0x7F, 0x80, 
	0x80, 0x81, 0x80, 0x80, 0x80, 0x80, 0x80, 0x80, 0x80, 0x80, 0x7F, 0x80, 0x7F, 0x7F, 0x80, 0x80, 
	0x7F, 0x80, 0x80, 0x80, 0x80, 0x80, 0x81, 0x80, 0x80, 0x7F, 0x81, 0x80, 0x80, 0x80, 0x80, 0x80, 
	0x80, 0x7F, 0x80, 0x80, 0x80, 0x81, 0x80, 0x80, 0x80, 0x7F, 0x7F, 0x81, 0x80, 0x7F, 0x80, 0x80, 
	0x80, 0x80, 0x80, 0x80, 0x81, 0x80, 0x80, 0x80, 0x81, 0x81, 0x80, 0x80, 0x80, 0x80, 0x80, 0x80, 
	0x80, 0x80, 0x80, 0x80, 0x80, 0x80, 0x80, 0x80, 0x80, 0x81, 0x7F, 0x80, 0x80, 0x80, 0x7F, 0x80, 
	0x80, 0x80, 0x80, 0x80, 0x80, 0x80, 0x80, 0x80, 0x80, 0x81, 0x80, 0x80, 0x81, 0x80, 0x80, 0x80, 
	0x80, 0x80, 0x80, 0x7F, 0x80, 0x80, 0x7F, 0x80, 0x81, 0x80, 0x7F, 0x80, 0x80, 0x80, 0x80, 0x80, 
	0x7F, 0x80, 0x7F, 0x80, 0x80, 0x80, 0x80, 0x81, 0x7F, 0x80, 0x80, 0x80, 0x80, 0x81, 0x80, 0x80, 
	0x80, 0x80, 0x80, 0x80, 0x80, 0x80, 0x7F, 0x80, 0x80, 0x80, 0x7F, 0x80, 0x80, 0x80, 0x80, 0x80, 
	0x7F, 0x80, 0x80, 0x80, 0x80, 0x7F, 0x80, 0x80, 0x80, 0x80, 0x7F, 0x81, 0x80, 0x81, 0x80, 0x80, 
	0x80, 0x80, 0x81, 0x80, 0x80, 0x80, 0x80, 0x80, 0x80, 0x80, 0x80, 0x80, 0x7F, 0x80, 0x80, 0x80, 
	0x80, 0x80, 0x80, 0x80, 0x80, 0x7F, 0x80, 0x80, 0x80, 0x7F, 0x80, 0x81, 0x80, 0x80, 0x80, 0x80, 
	0x80, 0x80, 0x80, 0x7F, 0x80, 0x80, 0x80, 0x80, 0x7F, 0x81, 0x7F, 0x80, 0x80, 0x80, 0x80, 0x80, 
	0x80, 0x80, 0x80, 0x80, 0x81, 0x80, 0x80, 0x7F, 0x80, 0x80, 0x80, 0x80, 0x80, 0x80, 0x80, 0x80, 
	0x80, 0x80, 0x80, 0x7F, 0x81, 0x81, 0x7F, 0x81, 0x80, 0x80, 0x80, 0x80, 0x80, 0x81, 0x80, 0x80, 
	0x80, 0x80, 0x80, 0x80, 0x80, 0x80, 0x80, 0x80, 0x80, 0x80, 0x80, 0x80, 0x80, 0x80, 0x80, 0x80, 
	0x81, 0x80, 0x7F, 0x80, 0x80, 0x80, 0x81, 0x81, 0x7F, 0x80, 0x80, 0x80, 0x80, 0x80, 0x80, 0x80, 
	0x80, 0x80, 0x80, 0x80, 0x80, 0x7F, 0x7F, 0x7F, 0x80, 0x80, 0x80, 0x80, 0x80, 0x80, 0x80, 0x80, 
	0x80, 0x80, 0x80, 0x80, 0x80, 0x7F, 0x80, 0x81, 0x80, 0x80, 0x7F, 0x80, 0x80, 0x81, 0x80, 0x80, 
	0x80, 0x80, 0x80, 0x80, 0x80, 0x80, 0x80, 0x7F, 0x80, 0x80, 0x80, 0x80, 0x80, 0x80, 0x81, 0x80, 
	0x80, 0x7F, 0x80, 0x80, 0x80, 0x80, 0x80, 0x80, 0x80, 0x80, 0x80, 0x80, 0x80, 0x80, 0x80, 0x80, 
	0x80, 0x7F, 0x80, 0x80, 0x80, 0x80, 0x7F, 0x80, 0x80, 0x80, 0x80, 0x80, 0x80, 0x80, 0x80, 0x80, 
	0x80, 0x80, 0x80, 0x80, 0x80, 0x80, 0x80, 0x80, 0x80, 0x80, 0x80, 0x80, 0x80, 0x80, 0x80, 0x80, 
	0x80, 0x7F, 0x80, 0x80, 0x80, 0x80, 0x81, 0x80, 0x80, 0x80, 0x80, 0x80, 0x80, 0x7F, 0x80, 0x80, 
	0x7F, 0x80, 0x80, 0x80, 0x7F, 0x80, 0x80, 0x80, 0x80, 0x80, 0x80, 0x80, 0x80, 0x80, 0x80, 0x80, 
	0x80, 0x80, 0x80, 0x80, 0x80, 0x80, 0x81, 0x81, 0x80, 0x80, 0x7F, 0x80, 0x80, 0x80, 0x80, 0x80, 
	0x80, 0x7F, 0x7F, 0x80, 0x80, 0x80, 0x80, 0x80, 0x80, 0x80, 0x80, 0x80, 0x80, 0x80, 0x80, 0x80, 
	0x7F, 0x81, 0x80, 0x80, 0x80, 0x80, 0x80, 0x81, 0x80, 0x80, 0x80, 0x80, 0x80, 0x80, 0x80, 0x80, 
	0x80, 0x80, 0x80, 0x80, 0x7F, 0x80, 0x80, 0x80, 0x80, 0x80, 0x7F, 0x80, 0x80, 0x81, 0x80, 0x80, 
	0x80, 0x80, 0x81, 0x80, 0x80, 0x7F, 0x80, 0x7F, 0x81, 0x80, 0x80, 0x80, 0x80, 0x7F, 0x80, 0x80, 
	0x80, 0x81, 0x80, 0x7F, 0x7F, 0x80, 0x80, 0x7F, 0x80, 0x81, 0x80, 0x80, 0x80, 0x7F, 0x80, 0x81, 
	0x80, 0x7F, 0x80, 0x80, 0x81, 0x80, 0x80, 0x81, 0x80, 0x80, 0x80, 0x80, 0x80, 0x81, 0x80, 0x80, 
	0x80, 0x81, 0x80, 0x80, 0x80, 0x7F, 0x81, 0x81, 0x7F, 0x80, 0x80, 0x80, 0x80, 0x80, 0x80, 0x80, 
	0x7F, 0x80, 0x80, 0x80, 0x80, 0x80, 0x80, 0x80, 0x80, 0x80, 0x81, 0x80, 0x7F, 0x80, 0x80, 0x80, 
	0x80, 0x80, 0x7F, 0x80, 0x81, 0x7F, 0x80, 0x80, 0x80, 0x81, 0x80, 0x80, 0x80, 0x80, 0x80, 0x81, 
	0x80, 0x7F, 0x7F, 0x80, 0x80, 0x80, 0x80, 0x7F, 0x80, 0x80, 0x7F, 0x80, 0x80, 0x80, 0x80, 0x80, 
	0x80, 0x80, 0x80, 0x80, 0x81, 0x80, 0x80, 0x80, 0x80, 0x80, 0x80, 0x7F, 0x80, 0x80, 0x81, 0x80, 
	0x81, 0x80, 0x7F, 0x80, 0x80, 0x81, 0x80, 0x80, 0x80, 0x80, 0x80, 0x81, 0x81, 0x80, 0x80, 0x7F, 
	0x7F, 0x80, 0x80, 0x80, 0x80, 0x80, 0x80, 0x80, 0x80, 0x80, 0x80, 0x80, 0x80, 0x80, 0x80, 0x80, 
	0x80, 0x80, 0x80, 0x80, 0x80, 0x80, 0x80, 0x80, 0x80, 0x80, 0x80, 0x80, 0x80, 0x80, 0x80, 0x80, 
	0x7F, 0x80, 0x80, 0x7F, 0x80, 0x80, 0x80, 0x80, 0x80, 0x80, 0x7F, 0x80, 0x80, 0x80, 0x81, 0x80, 
	0x81, 0x80, 0x80, 0x80, 0x80, 0x80, 0x80, 0x80, 0x80, 0x7F, 0x7F, 0x80, 0x7F, 0x80, 0x80, 0x80, 
	0x7F, 0x80, 0x81, 0x80, 0x80, 0x80, 0x80, 0x80, 0x80, 0x80, 0x7F, 0x80, 0x80, 0x7F, 0x80, 0x80, 
	0x80, 0x80, 0x80, 0x80, 0x81, 0x80, 0x80, 0x80, 0x80, 0x80, 0x80, 0x80, 0x80, 0x80, 0x80, 0x80, 
	0x7F, 0x80, 0x80, 0x80, 0x80, 0x80, 0x7F, 0x80, 0x80, 0x80, 0x80, 0x80, 0x7F, 0x80, 0x80, 0x80, 
	0x80, 0x80, 0x80, 0x7F, 0x80, 0x80, 0x80, 0x80, 0x80, 0x80, 0x80, 0x80, 0x80, 0x80, 0x7F, 0x80, 
	0x80, 0x80, 0x7F, 0x80, 0x80, 0x80, 0x7F, 0x80, 0x80, 0x80, 0x7F, 0x80, 0x80, 0x80, 0x80, 0x7F, 
	0x80, 0x80, 0x80, 0x80, 0x80, 0x7F, 0x80, 0x80, 0x80, 0x80, 0x80, 0x80, 0x80, 0x80, 0x80, 0x7F, 
	0x80, 0x80, 0x80, 0x81, 0x80, 0x80, 0x81, 0x80, 0x80, 0x81, 0x7F, 0x80, 0x80, 0x80, 0x80, 0x7F, 
	0x80, 0x7F, 0x80, 0x80, 0x81, 0x80, 0x80, 0x7F, 0x80, 0x81, 0x81, 0x7F, 0x80, 0x80, 0x7F, 0x81, 
	0x80, 0x80, 0x80, 0x7F, 0x80, 0x81, 0x7F, 0x80, 0x80, 0x80, 0x7F, 0x80, 0x80, 0x80, 0x80, 0x80, 
	0x7F, 0x80, 0x80, 0x80, 0x80, 0x80, 0x80, 0x80, 0x80, 0x80, 0x80, 0x80, 0x80, 0x80, 0x80, 0x80, 
	0x80, 0x7F, 0x80, 0x80, 0x81, 0x80, 0x80, 0x80, 0x80, 0x7F, 0x80, 0x80, 0x80, 0x80, 0x80, 0x7F, 
	0x81, 0x80, 0x80, 0x80, 0x80, 0x80, 0x80, 0x80, 0x80, 0x80, 0x7F, 0x80, 0x80, 0x80, 0x7F, 0x80, 
	0x81, 0x80, 0x80, 0x80, 0x80, 0x80, 0x80, 0x80, 0x80, 0x81, 0x7F, 0x80, 0x80, 0x80, 0x80, 0x81, 
	0x80, 0x7F, 0x80, 0x81, 0x80, 0x80, 0x80, 0x7F, 0x81, 0x80, 0x80, 0x80, 0x80, 0x80, 0x7F, 0x80, 
	0x80, 0x80, 0x7F, 0x7F, 0x80, 0x7F, 0x80, 0x80, 0x80, 0x7F, 0x81, 0x80, 0x80, 0x80, 0x80, 0x7F, 
	0x81, 0x80, 0x80, 0x7F, 0x80, 0x80, 0x7F, 0x80, 0x7F, 0x81, 0x80, 0x80, 0x80, 0x80, 0x80, 0x81, 
	0x80, 0x80, 0x80, 0x81, 0x80, 0x80, 0x80, 0x80, 0x7F, 0x80, 0x7F, 0x80, 0x7F, 0x81, 0x80, 0x80, 
	0x80, 0x80, 0x80, 0x80, 0x7F, 0x80, 0x80, 0x80, 0x80, 0x80, 0x80, 0x80, 0x80, 0x80, 0x80, 0x80, 
	0x80, 0x7F, 0x7F, 0x81, 0x81, 0x7F, 0x80, 0x80, 0x80, 0x80, 0x80, 0x80, 0x80, 0x7F, 0x80, 0x80, 
	0x80, 0x80, 0x80, 0x80, 0x81, 0x80, 0x80, 0x81, 0x81, 0x80, 0x80, 0x80, 0x80, 0x80, 0x80, 0x80, 
	0x80, 0x80, 0x80, 0x80, 0x80, 0x80, 0x80, 0x80, 0x80, 0x80, 0x80, 0x80, 0x80, 0x81, 0x80, 0x80, 
	0x80, 0x80, 0x80, 0x80, 0x80, 0x80, 0x80, 0x80, 0x80, 0x80, 0x80, 0x80, 0x80, 0x80, 0x7F, 0x80, 
	0x80, 0x80, 0x80, 0x80, 0x80, 0x80, 0x80, 0x7F, 0x80, 0x7F, 0x7F, 0x80, 0x80, 0x80, 0x80, 0x80, 
	0x80, 0x80, 0x7F, 0x80, 0x80, 0x80, 0x80, 0x7F, 0x80, 0x80, 0x80, 0x80, 0x80, 0x80, 0x80, 0x80, 
	0x80, 0x80, 0x80, 0x80, 0x7F, 0x7F, 0x80, 0x80, 0x80, 0x80, 0x80, 0x80, 0x80, 0x81, 0x80, 0x81, 
	0x7F, 0x80, 0x81, 0x80, 0x81, 0x7F, 0x7F, 0x80, 0x80, 0x7F, 0x80, 0x80, 0x80, 0x80, 0x80, 0x80, 
	0x80, 0x7F, 0x80, 0x80, 0x80, 0x80, 0x80, 0x80, 0x80, 0x80, 0x80, 0x80, 0x80, 0x80, 0x80, 0x80, 
	0x80, 0x81, 0x80, 0x80, 0x81, 0x81, 0x80, 0x81, 0x80, 0x80, 0x81, 0x80, 0x80, 0x80, 0x80, 0x80, 
	0x80, 0x80, 0x80, 0x80, 0x80, 0x80, 0x80, 0x80, 0x80, 0x80, 0x80, 0x80, 0x80, 0x7F, 0x81, 0x80, 
	0x7F, 0x80, 0x80, 0x80, 0x80, 0x81, 0x80, 0x80, 0x7F, 0x80, 0x81, 0x7F, 0x80, 0x81, 0x80, 0x80, 
	0x80, 0x80, 0x80, 0x7F, 0x81, 0x80, 0x80, 0x80, 0x80, 0x80, 0x80, 0x80, 0x80, 0x7F, 0x80, 0x80, 
	0x80, 0x80, 0x80, 0x81, 0x80, 0x80, 0x80, 0x7F, 0x80, 0x80, 0x80, 0x80, 0x7F, 0x81, 0x80, 0x80, 
	0x80, 0x80, 0x80, 0x7F, 0x7F, 0x80, 0x80, 0x81, 0x80, 0x7F, 0x80, 0x80, 0x80, 0x80, 0x7F, 0x80, 
	0x80, 0x80, 0x80, 0x80, 0x80, 0x80, 0x80, 0x7F, 0x80, 0x80, 0x80, 0x80, 0x80, 0x80, 0x80, 0x7F, 
	0x80, 0x80, 0x80, 0x80, 0x80, 0x7F, 0x81, 0x80, 0x80, 0x80, 0x80, 0x80, 0x80, 0x80, 0x80, 0x7F, 
	0x80, 0x80, 0x80, 0x80, 0x7F, 0x80, 0x80, 0x7F, 0x80, 0x7F, 0x80, 0x80, 0x80, 0x80, 0x80, 0x80, 
	0x80, 0x80, 0x80, 0x80, 0x80, 0x7F, 0x80, 0x80, 0x80, 0x81, 0x7F, 0x80, 0x80, 0x80, 0x80, 0x80, 
	0x80, 0x80, 0x81, 0x80, 0x7F, 0x80, 0x7F, 0x80, 0x80, 0x80, 0x80, 0x80, 0x80, 0x80, 0x81, 0x80, 
	0x80, 0x80, 0x80, 0x80, 0x80, 0x81, 0x80, 0x80, 0x80, 0x80, 0x80, 0x81, 0x80, 0x80, 0x80, 0x80, 
	0x80, 0x80, 0x80, 0x80, 0x80, 0x7F, 0x80, 0x80, 0x80, 0x81, 0x7F, 0x80, 0x81, 0x80, 0x7F, 0x80, 
	0x80, 0x80, 0x80, 0x80, 0x81, 0x80, 0x80, 0x7F, 0x80, 0x80, 0x80, 0x80, 0x80, 0x81, 0x80, 0x80, 
	0x80, 0x80, 0x80, 0x80, 0x80, 0x80, 0x80, 0x80, 0x80, 0x80, 0x80, 0x80, 0x80, 0x81, 0x80, 0x80, 
	0x80, 0x7F, 0x80, 0x7F, 0x80, 0x80, 0x7F, 0x7F, 0x80, 0x80, 0x80, 0x81, 0x80, 0x80, 0x80, 0x80, 
	0x80, 0x80, 0x81, 0x80, 0x80, 0x80, 0x80, 0x80, 0x80, 0x7F, 0x7F, 0x80, 0x80, 0x81, 0x80, 0x80, 
	0x80, 0x81, 0x7F, 0x80, 0x80, 0x7F, 0x80, 0x7F, 0x80, 0x80, 0x80, 0x80, 0x80, 0x80, 0x80, 0x80, 
	0x80, 0x80, 0x80, 0x80, 0x80, 0x80, 0x81, 0x80, 0x80, 0x7F, 0x80, 0x80, 0x80, 0x80, 0x80, 0x80, 
	0x7F, 0x80, 0x80, 0x80, 0x7F, 0x80, 0x80, 0x80, 0x81, 0x80, 0x80, 0x7F, 0x80, 0x80, 0x7F, 0x80, 
	0x80, 0x80, 0x80, 0x81, 0x81, 0x80, 0x80, 0x80, 0x80, 0x81, 0x80, 0x80, 0x81, 0x80, 0x80, 0x7F, 
	0x80, 0x80, 0x80, 0x80, 0x80, 0x80, 0x80, 0x80, 0x80, 0x80, 0x80, 0x80, 0x7F, 0x80, 0x80, 0x80, 
	0x80, 0x80, 0x80, 0x80, 0x80, 0x81, 0x80, 0x80, 0x80, 0x80, 0x81, 0x80, 0x7F, 0x80, 0x80, 0x80, 
	0x80, 0x80, 0x80, 0x80, 0x80, 0x81, 0x81, 0x80, 0x80, 0x80, 0x80, 0x80, 0x80, 0x80, 0x80, 0x80, 
	0x80, 0x7F, 0x80, 0x80, 0x80, 0x80, 0x80, 0x80, 0x80, 0x7F, 0x80, 0x80, 0x80, 0x80, 0x81, 0x80, 
	0x80, 0x7F, 0x80, 0x81, 0x80, 0x80, 0x80, 0x81, 0x80, 0x80, 0x7F, 0x80, 0x80, 0x80, 0x80, 0x7F, 
	0x80, 0x7F, 0x7F, 0x80, 0x80, 0x80, 0x80, 0x80, 0x80, 0x80, 0x81, 0x80, 0x80, 0x80, 0x81, 0x80, 
	0x80, 0x80, 0x80, 0x7F, 0x80, 0x80, 0x81, 0x80, 0x80, 0x80, 0x81, 0x80, 0x80, 0x81, 0x80, 0x81, 
	0x80, 0x80, 0x7F, 0x80, 0x80, 0x80, 0x80, 0x80, 0x80, 0x80, 0x80, 0x80, 0x80, 0x80, 0x80, 0x80, 
	0x80, 0x80, 0x80, 0x80, 0x7F, 0x80, 0x80, 0x80, 0x80, 0x80, 0x80, 0x80, 0x80, 0x80, 0x80, 0x80, 
	0x80, 0x80, 0x80, 0x80, 0x7F, 0x7F, 0x80, 0x7F, 0x80, 0x80, 0x80, 0x80, 0x80, 0x80, 0x80, 0x80, 
	0x7F, 0x81, 0x7F, 0x80, 0x80, 0x80, 0x81, 0x80, 0x7F, 0x81, 0x80, 0x7F, 0x80, 0x80, 0x80, 0x80, 
	0x80, 0x7F, 0x80, 0x80, 0x80, 0x80, 0x80, 0x7F, 0x80, 0x7F, 0x80, 0x80, 0x80, 0x80, 0x80, 0x80, 
	0x80, 0x81, 0x7F, 0x80, 0x80, 0x80, 0x80, 0x81, 0x80, 0x80, 0x80, 0x80, 0x80, 0x80, 0x80, 0x80, 
	0x81, 0x81, 0x80, 0x80, 0x81, 0x80, 0x80, 0x80, 0x80, 0x81, 0x80, 0x80, 0x80, 0x81, 0x80, 0x80, 
	0x80, 0x81, 0x80, 0x80, 0x80, 0x7F, 0x80, 0x80, 0x81, 0x80, 0x80, 0x80, 0x80, 0x7F, 0x80, 0x81, 
	0x80, 0x81, 0x80, 0x80, 0x80, 0x80, 0x81, 0x80, 0x80, 0x80, 0x81, 0x80, 0x7F, 0x7F, 0x80, 0x80, 
	0x80, 0x80, 0x80, 0x80, 0x80, 0x7F, 0x80, 0x80, 0x81, 0x80, 0x80, 0x80, 0x80, 0x80, 0x80, 0x7F, 
	0x80, 0x81, 0x80, 0x80, 0x80, 0x80, 0x80, 0x80, 0x80, 0x80, 0x80, 0x80, 0x80, 0x80, 0x80, 0x80, 
	0x7F, 0x80, 0x80, 0x80, 0x80, 0x80, 0x7F, 0x80, 0x80, 0x80, 0x80, 0x80, 0x80, 0x80, 0x80, 0x80, 
	0x80, 0x80, 0x80, 0x80, 0x80, 0x80, 0x80, 0x80, 0x80, 0x80, 0x80, 0x80, 0x80, 0x80, 0x80, 0x80, 
	0x81, 0x80, 0x80, 0x7F, 0x80, 0x80, 0x80, 0x80, 0x80, 0x80, 0x80, 0x80, 0x80, 0x80, 0x81, 0x80, 
	0x7F, 0x80, 0x80, 0x80, 0x80, 0x80, 0x80, 0x80, 0x7F, 0x80, 0x80, 0x80, 0x80, 0x80, 0x80, 0x80, 
	0x80, 0x80, 0x80, 0x80, 0x80, 0x80, 0x80, 0x7F, 0x80, 0x80, 0x80, 0x80, 0x80, 0x7F, 0x7F, 0x80, 
	0x80, 0x80, 0x80, 0x80, 0x80, 0x80, 0x80, 0x80, 0x80, 0x7F, 0x81, 0x7F, 0x80, 0x81, 0x80, 0x7F, 
	0x80, 0x80, 0x80, 0x80, 0x7F, 0x80, 0x80, 0x80, 0x80, 0x80, 0x80, 0x81, 0x80, 0x80, 0x7F, 0x7F, 
	0x80, 0x80, 0x80, 0x80, 0x80, 0x80, 0x7F, 0x80, 0x81, 0x80, 0x80, 0x80, 0x80, 0x80, 0x80, 0x80, 
	0x80, 0x80, 0x80, 0x80, 0x80, 0x81, 0x80, 0x81, 0x80, 0x80, 0x80, 0x80, 0x80, 0x80, 0x80, 0x80, 
	0x80, 0x80, 0x80, 0x80, 0x80, 0x80, 0x80, 0x81, 0x80, 0x80, 0x80, 0x7F, 0x80, 0x80, 0x7F, 0x80, 
	0x80, 0x80, 0x80, 0x80, 0x80, 0x80, 0x7F, 0x80, 0x80, 0x80, 0x80, 0x80, 0x80, 0x80, 0x80, 0x80, 
	0x80, 0x80, 0x80, 0x80, 0x81, 0x80, 0x81, 0x80, 0x81, 0x80, 0x81, 0x80, 0x80, 0x80, 0x81, 0x80, 
	0x80, 0x80, 0x80, 0x80, 0x81, 0x80, 0x80, 0x7F, 0x80, 0x80, 0x80, 0x80, 0x80, 0x7F, 0x81, 0x80, 
	0x80, 0x80, 0x80, 0x80, 0x81, 0x80, 0x80, 0x80, 0x80, 0x80, 0x80, 0x80, 0x80, 0x80, 0x80, 0x7F, 
	0x80, 0x80, 0x80, 0x80, 0x80, 0x7F, 0x80, 0x80, 0x80, 0x80, 0x80, 0x80, 0x80, 0x80, 0x80, 0x81, 
	0x80, 0x80, 0x80, 0x80, 0x80, 0x80, 0x80, 0x80, 0x80, 0x80, 0x80, 0x80, 0x80, 0x80, 0x80, 0x80, 
	0x80, 0x80, 0x80, 0x80, 0x80, 0x81, 0x80, 0x80, 0x80, 0x80, 0x7F, 0x80, 0x7F, 0x80, 0x80, 0x80, 
	0x80, 0x7F, 0x80, 0x80, 0x80, 0x80, 0x81, 0x80, 0x80, 0x80, 0x80, 0x80, 0x7F, 0x81, 0x81, 0x80, 
	0x80, 0x80, 0x80, 0x80, 0x80, 0x80, 0x80, 0x81, 0x80, 0x81, 0x80, 0x7F, 0x7F, 0x80, 0x80, 0x80, 
	0x80, 0x80, 0x80, 0x80, 0x80, 0x80, 0x80, 0x80, 0x80, 0x80, 0x81, 0x80, 0x80, 0x80, 0x80, 0x80, 
	0x80, 0x80, 0x81, 0x80, 0x80, 0x81, 0x80, 0x81, 0x81, 0x80, 0x80, 0x80, 0x80, 0x80, 0x80, 0x80, 
	0x80, 0x80, 0x7F, 0x80, 0x80, 0x80, 0x80, 0x7F, 0x7F, 0x80, 0x80, 0x80, 0x80, 0x80, 0x80, 0x7F, 
	0x80, 0x80, 0x80, 0x7F, 0x80, 0x81, 0x80, 0x80, 0x81, 0x80, 0x80, 0x80, 0x7F, 0x80, 0x80, 0x80, 
	0x80, 0x80, 0x80, 0x80, 0x81, 0x80, 0x80, 0x80, 0x80, 0x80, 0x80, 0x80, 0x80, 0x80, 0x80, 0x80, 
	0x80, 0x80, 0x80, 0x80, 0x7F, 0x7F, 0x80, 0x80, 0x80, 0x80, 0x80, 0x80, 0x80, 0x80, 0x81, 0x80, 
	0x80, 0x80, 0x80, 0x80, 0x80, 0x80, 0x80, 0x80, 0x7F, 0x80, 0x7F, 0x80, 0x80, 0x80, 0x7F, 0x80, 
	0x80, 0x80, 0x81, 0x80, 0x80, 0x80, 0x80, 0x80, 0x80, 0x80, 0x80, 0x80, 0x80, 0x80, 0x81, 0x7F, 
	0x80, 0x80, 0x80, 0x80, 0x80, 0x80, 0x80, 0x80, 0x80, 0x7F, 0x7F, 0x81, 0x81, 0x80, 0x7F, 0x80, 
	0x80, 0x7F, 0x80, 0x80, 0x80, 0x80, 0x80, 0x7F, 0x80, 0x80, 0x80, 0x80, 0x80, 0x80, 0x80, 0x80, 
	0x80, 0x7F, 0x80, 0x80, 0x81, 0x80, 0x80, 0x80, 0x80, 0x80, 0x81, 0x7F, 0x80, 0x80, 0x80, 0x80, 
	0x7F, 0x80, 0x80, 0x80, 0x7F, 0x80, 0x80, 0x80, 0x80, 0x80, 0x80, 0x80, 0x80, 0x80, 0x80, 0x80, 
	0x81, 0x80, 0x80, 0x80, 0x7F, 0x81, 0x80, 0x80, 0x80, 0x80, 0x80, 0x80, 0x80, 0x80, 0x80, 0x80, 
	0x80, 0x80, 0x80, 0x80, 0x80, 0x80, 0x7F, 0x7F, 0x80, 0x80, 0x80, 0x80, 0x80, 0x7F, 0x80, 0x80, 
	0x80, 0x80, 0x80, 0x81, 0x80, 0x7F, 0x80, 0x80, 0x80, 0x80, 0x81, 0x80, 0x80, 0x7F, 0x80, 0x80, 
	0x7F, 0x80, 0x80, 0x80, 0x7F, 0x80, 0x80, 0x81, 0x81, 0x80, 0x80, 0x80, 0x80, 0x80, 0x80, 0x81, 
	0x7F, 0x80, 0x7F, 0x80, 0x80, 0x80, 0x80, 0x80, 0x80, 0x80, 0x80, 0x80, 0x80, 0x80, 0x7F, 0x7F, 
	0x80, 0x81, 0x80, 0x80, 0x80, 0x80, 0x80, 0x80, 0x80, 0x80, 0x7F, 0x80, 0x80, 0x80, 0x80, 0x80, 
	0x80, 0x7F, 0x80, 0x80, 0x80, 0x80, 0x80, 0x80, 0x80, 0x80, 0x80, 0x80, 0x81, 0x80, 0x80, 0x80, 
	0x80, 0x80, 0x80, 0x80, 0x80, 0x80, 0x80, 0x80, 0x81, 0x80, 0x80, 0x7F, 0x80, 0x80, 0x80, 0x80, 
	0x80, 0x80, 0x80, 0x80, 0x80, 0x7F, 0x80, 0x80, 0x80, 0x80, 0x80, 0x80, 0x80, 0x80, 0x80, 0x7F, 
	0x7F, 0x80, 0x80, 0x80, 0x7F, 0x7F, 0x80, 0x80, 0x80, 0x80, 0x80, 0x81, 0x80, 0x80, 0x80, 0x80, 
	0x80, 0x80, 0x80, 0x80, 0x81, 0x80, 0x80, 0x80, 0x80, 0x80, 0x80, 0x80, 0x80, 0x7F, 0x81, 0x81, 
	0x80, 0x80, 0x80, 0x80, 0x7F, 0x81, 0x80, 0x80, 0x80, 0x80, 0x80, 0x80, 0x80, 0x80, 0x80, 0x80, 
	0x80, 0x80, 0x80, 0x80, 0x80, 0x80, 0x80, 0x80, 0x80, 0x80, 0x80, 0x80, 0x80, 0x80, 0x7F, 0x80, 
	0x80, 0x80, 0x81, 0x80, 0x80, 0x80, 0x80, 0x80, 0x80, 0x7F, 0x80, 0x7F, 0x80, 0x81, 0x80, 0x80, 
	0x80, 0x7F, 0x80, 0x81, 0x80, 0x80, 0x81, 0x80, 0x80, 0x7F, 0x80, 0x80, 0x80, 0x80, 0x80, 0x80, 
	0x80, 0x80, 0x80, 0x80, 0x80, 0x80, 0x80, 0x80, 0x81, 0x80, 0x80, 0x80, 0x80, 0x81, 0x80, 0x80, 
	0x81, 0x80, 0x80, 0x80, 0x80, 0x80, 0x80, 0x7F, 0x80, 0x80, 0x80, 0x80, 0x80, 0x80, 0x80, 0x80, 
	0x7F, 0x7F, 0x80, 0x7F, 0x80, 0x80, 0x80, 0x80, 0x80, 0x80, 0x80, 0x80, 0x81, 0x80, 0x80, 0x80, 
	0x80, 0x81, 0x7F, 0x7F, 0x80, 0x80, 0x80, 0x80, 0x80, 0x80, 0x80, 0x80, 0x80, 0x80, 0x80, 0x80, 
	0x80, 0x81, 0x80, 0x80, 0x80, 0x80, 0x80, 0x80, 0x80, 0x80, 0x7F, 0x80, 0x80, 0x80, 0x80, 0x80, 
	0x80, 0x80, 0x80, 0x80, 0x80, 0x81, 0x80, 0x80, 0x80, 0x80, 0x80, 0x80, 0x80, 0x80, 0x80, 0x80, 
	0x80, 0x80, 0x80, 0x81, 0x80, 0x80, 0x80, 0x80, 0x80, 0x80, 0x80, 0x7F, 0x80, 0x7F, 0x80, 0x81, 
	0x80, 0x80, 0x7F, 0x80, 0x80, 0x80, 0x80, 0x80, 0x80, 0x80, 0x80, 0x80, 0x80, 0x80, 0x80, 0x80, 
	0x7F, 0x80, 0x80, 0x80, 0x80, 0x80, 0x80, 0x81, 0x80, 0x80, 0x80, 0x7F, 0x7F, 0x80, 0x80, 0x80, 
	0x80, 0x80, 0x80, 0x80, 0x7F, 0x80, 0x80, 0x81, 0x80, 0x80, 0x80, 0x80, 0x80, 0x80, 0x80, 0x80, 
	0x80, 0x80, 0x80, 0x80, 0x80, 0x80, 0x80, 0x80, 0x80, 0x80, 0x80, 0x80, 0x80, 0x7F, 0x80, 0x80, 
	0x80, 0x80, 0x7F, 0x80, 0x80, 0x80, 0x80, 0x80, 0x80, 0x7F, 0x80, 0x80, 0x7F, 0x80, 0x80, 0x80, 
	0x80, 0x80, 0x80, 0x80, 0x81, 0x80, 0x80, 0x80, 0x80, 0x81, 0x81, 0x80, 0x81, 0x80, 0x80, 0x81, 
	0x80, 0x81, 0x81, 0x80, 0x80, 0x80, 0x80, 0x80, 0x80, 0x80, 0x80, 0x7F, 0x80, 0x80, 0x80, 0x80, 
	0x7F, 0x80, 0x80, 0x80, 0x7F, 0x80, 0x80, 0x81, 0x80, 0x7F, 0x80, 0x80, 0x80, 0x80, 0x7F, 0x7F, 
	0x80, 0x80, 0x80, 0x80, 0x80, 0x80, 0x7F, 0x80, 0x81, 0x7F, 0x80, 0x80, 0x7F, 0x80, 0x81, 0x81, 
	0x80, 0x80, 0x80, 0x80, 0x7F, 0x7F, 0x7F, 0x80, 0x81, 0x7F, 0x80, 0x80, 0x81, 0x80, 0x80, 0x80, 
	0x80, 0x80, 0x80, 0x80, 0x80, 0x7F, 0x80, 0x80, 0x80, 0x80, 0x80, 0x80, 0x80, 0x80, 0x80, 0x80, 
	0x80, 0x80, 0x80, 0x80, 0x81, 0x80, 0x80, 0x80, 0x80, 0x80, 0x80, 0x80, 0x7F, 0x80, 0x80, 0x80, 
	0x80, 0x80, 0x80, 0x7F, 0x80, 0x7F, 0x80, 0x81, 0x80, 0x80, 0x80, 0x80, 0x80, 0x80, 0x80, 0x7F, 
	0x80, 0x81, 0x7F, 0x80, 0x80, 0x80, 0x80, 0x81, 0x80, 0x80, 0x80, 0x80, 0x80, 0x7F, 0x80, 0x80, 
	0x80, 0x80, 0x80, 0x80, 0x80, 0x80, 0x80, 0x80, 0x80, 0x80, 0x80, 0x80, 0x80, 0x80, 0x80, 0x80, 
	0x80, 0x80, 0x80, 0x80, 0x80, 0x80, 0x80, 0x80, 0x80, 0x80, 0x80, 0x80, 0x80, 0x7F, 0x81, 0x81, 
	0x80, 0x80, 0x7F, 0x80, 0x7F, 0x80, 0x80, 0x80, 0x80, 0x80, 0x80, 0x80, 0x80, 0x80, 0x7F, 0x80, 
	0x80, 0x80, 0x80, 0x81, 0x80, 0x80, 0x80, 0x80, 0x7F, 0x80, 0x80, 0x80, 0x80, 0x80, 0x80, 0x80, 
	0x80, 0x80, 0x80, 0x80, 0x80, 0x80, 0x80, 0x80, 0x80, 0x80, 0x80, 0x81, 0x80, 0x80, 0x81, 0x80, 
	0x80, 0x80, 0x80, 0x80, 0x80, 0x80, 0x80, 0x80, 0x80, 0x7F, 0x80, 0x80, 0x80, 0x7F, 0x80, 0x80, 
	0x7F, 0x80, 0x80, 0x80, 0x80, 0x81, 0x80, 0x80, 0x80, 0x80, 0x80, 0x7F, 0x80, 0x80, 0x80, 0x80, 
	0x80, 0x80, 0x80, 0x80, 0x80, 0x80, 0x80, 0x80, 0x80, 0x80, 0x80, 0x81, 0x80, 0x80, 0x80, 0x81, 
	0x80, 0x80, 0x7F, 0x80, 0x80, 0x7F, 0x80, 0x80, 0x7F, 0x80, 0x80, 0x80, 0x80, 0x7F, 0x80, 0x80, 
	0x7F, 0x80, 0x80, 0x80, 0x80, 0x80, 0x80, 0x80, 0x80, 0x80, 0x80, 0x80, 0x80, 0x80, 0x7F, 0x80, 
	0x81, 0x80, 0x80, 0x80, 0x80, 0x80, 0x80, 0x80, 0x80, 0x80, 0x80, 0x80, 0x80, 0x80, 0x80, 0x80, 
	0x7F, 0x80, 0x80, 0x7F, 0x80, 0x80, 0x80, 0x80, 0x80, 0x80, 0x80, 0x80, 0x80, 0x80, 0x80, 0x80, 
	0x80, 0x80, 0x80, 0x80, 0x80, 0x80, 0x7F, 0x80, 0x80, 0x80, 0x81, 0x80, 0x80, 0x7F, 0x80, 0x80, 
	0x81, 0x7F, 0x7F, 0x80, 0x80, 0x7F, 0x80, 0x80, 0x7F, 0x80, 0x80, 0x80, 0x80, 0x80, 0x80, 0x80, 
	0x80, 0x80, 0x80, 0x7F, 0x80, 0x80, 0x81, 0x7F, 0x7F, 0x80, 0x80, 0x80, 0x80, 0x80, 0x80, 0x80, 
	0x80, 0x80, 0x80, 0x80, 0x80, 0x80, 0x80, 0x81, 0x80, 0x80, 0x80, 0x80, 0x80, 0x80, 0x80, 0x81, 
	0x80, 0x7F, 0x80, 0x80, 0x80, 0x80, 0x7F, 0x80, 0x81, 0x80, 0x81, 0x80, 0x80, 0x80, 0x80, 0x80, 
	0x80, 0x80, 0x80, 0x7F, 0x81, 0x80, 0x80, 0x80, 0x7F, 0x80, 0x80, 0x80, 0x80, 0x80, 0x7F, 0x80, 
	0x80, 0x80, 0x80, 0x80, 0x81, 0x80, 0x80, 0x80, 0x80, 0x80, 0x80, 0x80, 0x7F, 0x7F, 0x80, 0x80, 
	0x81, 0x81, 0x80, 0x81, 0x80, 0x80, 0x80, 0x80, 0x80, 0x80, 0x80, 0x80, 0x80, 0x81, 0x80, 0x80, 
	0x80, 0x80, 0x80, 0x80, 0x80, 0x80, 0x7F, 0x7F, 0x80, 0x81, 0x80, 0x80, 0x80, 0x7F, 0x80, 0x80, 
	0x7F, 0x80, 0x7F, 0x80, 0x80, 0x80, 0x80, 0x81, 0x7F, 0x80, 0x80, 0x80, 0x80, 0x80, 0x80, 0x80, 
	0x80, 0x80, 0x80, 0x80, 0x7F, 0x7F, 0x80, 0x80, 0x81, 0x80, 0x80, 0x80, 0x80, 0x80, 0x80, 0x80, 
	0x80, 0x80, 0x80, 0x80, 0x81, 0x80, 0x80, 0x80, 0x80, 0x7F, 0x81, 0x80, 0x80, 0x80, 0x80, 0x80, 
	0x80, 0x80, 0x80, 0x7F, 0x80, 0x80, 0x80, 0x80, 0x81, 0x7F, 0x80, 0x80, 0x80, 0x80, 0x80, 0x80, 
	0x80, 0x80, 0x80, 0x80, 0x80, 0x80, 0x80, 0x80, 0x80, 0x80, 0x7F, 0x80, 0x80, 0x81, 0x80, 0x80, 
	0x80, 0x7F, 0x80, 0x80, 0x81, 0x80, 0x80, 0x80, 0x80, 0x80, 0x80, 0x80, 0x80, 0x80, 0x7F, 0x80, 
	0x80, 0x80, 0x81, 0x80, 0x80, 0x80, 0x80, 0x80, 0x80, 0x81, 0x80, 0x80, 0x80, 0x80, 0x80, 0x80, 
	0x7F, 0x80, 0x80, 0x80, 0x80, 0x80, 0x7F, 0x80, 0x80, 0x80, 0x80, 0x80, 0x80, 0x7F, 0x80, 0x80, 
	0x80, 0x80, 0x80, 0x81, 0x80, 0x80, 0x80, 0x80, 0x80, 0x80, 0x80, 0x80, 0x80, 0x80, 0x80, 0x80, 
	0x80, 0x80, 0x80, 0x80, 0x80, 0x80, 0x80, 0x80, 0x7F, 0x81, 0x80, 0x80, 0x80, 0x80, 0x80, 0x80, 
	0x7F, 0x80, 0x80, 0x80, 0x80, 0x80, 0x80, 0x80, 0x80, 0x80, 0x80, 0x80, 0x7F, 0x80, 0x80, 0x80, 
	0x80, 0x80, 0x80, 0x7F, 0x80, 0x80, 0x80, 0x80, 0x7F, 0x80, 0x80, 0x80, 0x80, 0x80, 0x80, 0x81, 
	0x80, 0x80, 0x80, 0x80, 0x80, 0x80, 0x80, 0x80, 0x80, 0x80, 0x80, 0x80, 0x80, 0x80, 0x80, 0x80, 
	0x80, 0x80, 0x80, 0x7F, 0x80, 0x7F, 0x80, 0x80, 0x80, 0x80, 0x80, 0x81, 0x80, 0x80, 0x81, 0x7F, 
	0x80, 0x80, 0x80, 0x80, 0x80, 0x80, 0x80, 0x80, 0x7F, 0x80, 0x80, 0x80, 0x80, 0x80, 0x80, 0x80, 
	0x7F, 0x81, 0x81, 0x80, 0x80, 0x80, 0x80, 0x80, 0x80, 0x80, 0x7F, 0x81, 0x7F, 0x80, 0x81, 0x80, 
	0x81, 0x80, 0x80, 0x80, 0x80, 0x80, 0x80, 0x80, 0x80, 0x7F, 0x80, 0x81, 0x80, 0x80, 0x80, 0x80, 
	0x7F, 0x80, 0x80, 0x80, 0x80, 0x80, 0x80, 0x80, 0x80, 0x80, 0x80, 0x80, 0x80, 0x80, 0x80, 0x80, 
	0x7F, 0x80, 0x80, 0x80, 0x80, 0x80, 0x81, 0x80, 0x80, 0x7F, 0x81, 0x81, 0x80, 0x80, 0x80, 0x80, 
	0x80, 0x80, 0x80, 0x80, 0x80, 0x80, 0x81, 0x80, 0x80, 0x80, 0x80, 0x80, 0x80, 0x80, 0x80, 0x80, 
	0x7F, 0x80, 0x80, 0x81, 0x80, 0x80, 0x7F, 0x80, 0x80, 0x80, 0x80, 0x7F, 0x80, 0x80, 0x81, 0x81, 
	0x80, 0x80, 0x80, 0x80, 0x80, 0x80, 0x80, 0x80, 0x80, 0x80, 0x7F, 0x80, 0x81, 0x80, 0x81, 0x80, 
	0x81, 0x80, 0x80, 0x80, 0x80, 0x80, 0x80, 0x80, 0x80, 0x80, 0x80, 0x7F, 0x80, 0x80, 0x80, 0x80, 
	0x80, 0x80, 0x81, 0x80, 0x7F, 0x80, 0x80, 0x80, 0x80, 0x80, 0x7F, 0x7F, 0x80, 0x80, 0x81, 0x80, 
	0x80, 0x80, 0x81, 0x80, 0x80, 0x80, 0x80, 0x80, 0x7F, 0x80, 0x80, 0x80, 0x80, 0x80, 0x80, 0x80, 
	0x7F, 0x80, 0x80, 0x7F, 0x80, 0x80, 0x80, 0x80, 0x80, 0x80, 0x80, 0x80, 0x80, 0x80, 0x80, 0x80, 
	0x80, 0x80, 0x7F, 0x80, 0x80, 0x81, 0x80, 0x80, 0x80, 0x80, 0x80, 0x80, 0x80, 0x80, 0x80, 0x81, 
	0x80, 0x80, 0x80, 0x80, 0x80, 0x80, 0x80, 0x80, 0x80, 0x80, 0x80, 0x80, 0x80, 0x81, 0x7F, 0x7F, 
	0x80, 0x80, 0x80, 0x80, 0x80, 0x80, 0x80, 0x7F, 0x80, 0x80, 0x80, 0x80, 0x80, 0x80, 0x80, 0x80, 
	0x80, 0x80, 0x80, 0x81, 0x80, 0x80, 0x80, 0x81, 0x7F, 0x80, 0x80, 0x80, 0x80, 0x80, 0x80, 0x80, 
	0x80, 0x80, 0x80, 0x80, 0x80, 0x80, 0x80, 0x7F, 0x7F, 0x80, 0x7F, 0x7F, 0x80, 0x80, 0x80, 0x81, 
	0x80, 0x80, 0x80, 0x7F, 0x80, 0x80, 0x80, 0x80, 0x80, 0x7F, 0x80, 0x80, 0x80, 0x80, 0x80, 0x80, 
	0x7F, 0x80, 0x80, 0x81, 0x80, 0x80, 0x80, 0x80, 0x80, 0x80, 0x80, 0x80, 0x80, 0x80, 0x80, 0x80, 
	0x81, 0x80, 0x7F, 0x80, 0x80, 0x80, 0x80, 0x7F, 0x80, 0x80, 0x80, 0x7F, 0x80, 0x80, 0x80, 0x80, 
	0x7F, 0x80, 0x80, 0x80, 0x80, 0x80, 0x81, 0x80, 0x80, 0x81, 0x80, 0x7F, 0x80, 0x80, 0x80, 0x80, 
	0x80, 0x80, 0x80, 0x80, 0x80, 0x80, 0x80, 0x80, 0x7F, 0x80, 0x80, 0x80, 0x80, 0x80, 0x80, 0x80, 
	0x80, 0x80, 0x80, 0x80, 0x81, 0x80, 0x80, 0x80, 0x80, 0x80, 0x80, 0x80, 0x80, 0x7F, 0x80, 0x80, 
	0x80, 0x80, 0x80, 0x81, 0x80, 0x80, 0x80, 0x80, 0x80, 0x7F, 0x80, 0x81, 0x80, 0x80, 0x80, 0x80, 
	0x80, 0x80, 0x80, 0x81, 0x80, 0x81, 0x80, 0x7F, 0x7F, 0x81, 0x80, 0x80, 0x80, 0x80, 0x80, 0x80, 
	0x80, 0x80, 0x80, 0x80, 0x81, 0x80, 0x80, 0x80, 0x80, 0x81, 0x80, 0x80, 0x80, 0x80, 0x80, 0x80, 
	0x80, 0x80, 0x80, 0x80, 0x81, 0x80, 0x80, 0x80, 0x80, 0x80, 0x80, 0x81, 0x80, 0x80, 0x80, 0x80, 
	0x80, 0x80, 0x80, 0x80, 0x80, 0x80, 0x80, 0x80, 0x80, 0x80, 0x7F, 0x81, 0x80, 0x80, 0x80, 0x80, 
	0x80, 0x80, 0x80, 0x81, 0x80, 0x80, 0x80, 0x7F, 0x80, 0x80, 0x81, 0x80, 0x80, 0x80, 0x80, 0x7F, 
	0x81, 0x81, 0x80, 0x80, 0x80, 0x80, 0x80, 0x80, 0x80, 0x80, 0x80, 0x80, 0x80, 0x80, 0x80, 0x80, 
	0x7F, 0x7F, 0x80, 0x80, 0x80, 0x80, 0x80, 0x7F, 0x80, 0x80, 0x80, 0x80, 0x7F, 0x81, 0x80, 0x80, 
	0x80, 0x7F, 0x80, 0x80, 0x80, 0x80, 0x80, 0x7F, 0x80, 0x80, 0x80, 0x80, 0x80, 0x80, 0x80, 0x80, 
	0x80, 0x80, 0x80, 0x80, 0x80, 0x80, 0x80, 0x80, 0x80, 0x80, 0x80, 0x80, 0x7F, 0x80, 0x80, 0x80, 
	0x81, 0x80, 0x80, 0x7F, 0x80, 0x80, 0x80, 0x80, 0x80, 0x7F, 0x80, 0x80, 0x80, 0x80, 0x81, 0x80, 
	0x80, 0x80, 0x80, 0x80, 0x80, 0x7F, 0x80, 0x80, 0x80, 0x80, 0x80, 0x7F, 0x80, 0x80, 0x81, 0x80, 
	0x80, 0x80, 0x80, 0x80, 0x80, 0x81, 0x80, 0x80, 0x7F, 0x80, 0x7F, 0x80, 0x80, 0x80, 0x80, 0x80, 
	0x80, 0x80, 0x80, 0x81, 0x7F, 0x80, 0x80, 0x80, 0x81, 0x7F, 0x7F, 0x80, 0x7F, 0x80, 0x80, 0x80, 
	0x80, 0x80, 0x80, 0x80, 0x80, 0x80, 0x80, 0x80, 0x80, 0x80, 0x7F, 0x80, 0x80, 0x80, 0x80, 0x80, 
	0x80, 0x80, 0x7F, 0x7F, 0x80, 0x80, 0x80, 0x80, 0x80, 0x81, 0x80, 0x80, 0x80, 0x80, 0x80, 0x80, 
	0x80, 0x80, 0x80, 0x80, 0x80, 0x80, 0x80, 0x80, 0x80, 0x80, 0x80, 0x7F, 0x7F, 0x80, 0x80, 0x80, 
	0x80, 0x80, 0x80, 0x80, 0x80, 0x80, 0x80, 0x81, 0x7F, 0x80, 0x81, 0x80, 0x81, 0x81, 0x80, 0x80, 
	0x7F, 0x7F, 0x80, 0x7F, 0x7F, 0x80, 0x80, 0x80, 0x80, 0x80, 0x80, 0x80, 0x80, 0x7F, 0x7F, 0x80, 
	0x80, 0x80, 0x80, 0x80, 0x80, 0x80, 0x80, 0x80, 0x80, 0x7F, 0x80, 0x80, 0x80, 0x80, 0x80, 0x80, 
	0x80, 0x80, 0x80, 0x80, 0x80, 0x80, 0x80, 0x80, 0x80, 0x80, 0x80, 0x80, 0x80, 0x80, 0x80, 0x80, 
	0x80, 0x80, 0x80, 0x80, 0x7F, 0x80, 0x80, 0x80, 0x80, 0x80, 0x81, 0x80, 0x80, 0x7F, 0x80, 0x7F, 
	0x80, 0x80, 0x81, 0x81, 0x80, 0x80, 0x80, 0x80, 0x80, 0x80, 0x7F, 0x80, 0x80, 0x80, 0x81, 0x80, 
	0x80, 0x80, 0x80, 0x80, 0x80, 0x80, 0x80, 0x80, 0x7F, 0x80, 0x81, 0x80, 0x80, 0x80, 0x80, 0x80, 
	0x80, 0x80, 0x80, 0x80, 0x80, 0x80, 0x80, 0x80, 0x81, 0x80, 0x80, 0x80, 0x80, 0x80, 0x80, 0x80, 
	0x80, 0x80, 0x7F, 0x80, 0x80, 0x80, 0x80, 0x80, 0x81, 0x80, 0x80, 0x80, 0x80, 0x80, 0x7F, 0x80, 
	0x80, 0x80, 0x80, 0x7F, 0x7F, 0x80, 0x80, 0x80, 0x80, 0x7F, 0x80, 0x80, 0x80, 0x80, 0x81, 0x7F, 
	0x7F, 0x7F, 0x80, 0x80, 0x80, 0x7F, 0x80, 0x7F, 0x80, 0x80, 0x80, 0x80, 0x80, 0x80, 0x7F, 0x80, 
	0x7F, 0x7F, 0x80, 0x80, 0x80, 0x80, 0x80, 0x81, 0x80, 0x80, 0x80, 0x80, 0x80, 0x80, 0x80, 0x80, 
	0x80, 0x80, 0x80, 0x80, 0x80, 0x80, 0x80, 0x81, 0x80, 0x80, 0x80, 0x80, 0x81, 0x81, 0x80, 0x80, 
	0x80, 0x80, 0x80, 0x80, 0x81, 0x80, 0x7F, 0x80, 0x7F, 0x80, 0x80, 0x81, 0x80, 0x80, 0x80, 0x80, 
	0x81, 0x80, 0x80, 0x80, 0x81, 0x80, 0x80, 0x80, 0x81, 0x80, 0x80, 0x80, 0x80, 0x80, 0x80, 0x7F, 
	0x80, 0x80, 0x80, 0x80, 0x80, 0x80, 0x80, 0x7F, 0x80, 0x80, 0x80, 0x80, 0x80, 0x80, 0x80, 0x80, 
	0x80, 0x80, 0x7F, 0x80, 0x80, 0x7F, 0x80, 0x80, 0x80, 0x80, 0x80, 0x80, 0x80, 0x81, 0x81, 0x81, 
	0x81, 0x80, 0x80, 0x81, 0x80, 0x7F, 0x80, 0x80, 0x7F, 0x80, 0x80, 0x80, 0x80, 0x80, 0x7F, 0x81, 
	0x80, 0x80, 0x80, 0x80, 0x80, 0x7F, 0x7F, 0x80, 0x80, 0x80, 0x80, 0x80, 0x80, 0x80, 0x80, 0x80, 
	0x80, 0x7F, 0x81, 0x80, 0x80, 0x80, 0x81, 0x80, 0x80, 0x7F, 0x7F, 0x80, 0x80, 0x80, 0x80, 0x80, 
	0x7F, 0x7F, 0x80, 0x80, 0x80, 0x80, 0x80, 0x80, 0x81, 0x80, 0x80, 0x80, 0x80, 0x80, 0x80, 0x80, 
	0x80, 0x80, 0x80, 0x80, 0x7F, 0x80, 0x80, 0x7F, 0x80, 0x80, 0x80, 0x7F, 0x80, 0x81, 0x7F, 0x80, 
	0x80, 0x80, 0x7F, 0x7F, 0x80, 0x80, 0x80, 0x80, 0x80, 0x80, 0x80, 0x80, 0x80, 0x80, 0x80, 0x80, 
	0x7F, 0x80, 0x80, 0x80, 0x80, 0x80, 0x80, 0x80, 0x80, 0x81, 0x7F, 0x80, 0x80, 0x80, 0x80, 0x80, 
	0x80, 0x80, 0x80, 0x80, 0x80, 0x80, 0x80, 0x80, 0x80, 0x80, 0x80, 0x80, 0x80, 0x7F, 0x80, 0x80, 
	0x80, 0x80, 0x80, 0x7F, 0x80, 0x80, 0x80, 0x80, 0x80, 0x80, 0x80, 0x80, 0x80, 0x7F, 0x80, 0x80, 
	0x80, 0x80, 0x80, 0x7F, 0x80, 0x80, 0x80, 0x80, 0x80, 0x80, 0x80, 0x81, 0x80, 0x80, 0x80, 0x80, 
	0x80, 0x80, 0x7F, 0x80, 0x80, 0x80, 0x80, 0x80, 0x81, 0x80, 0x80, 0x80, 0x80, 0x80, 0x80, 0x80, 
	0x7F, 0x81, 0x80, 0x80, 0x80, 0x81, 0x80, 0x80, 0x7F, 0x81, 0x80, 0x80, 0x80, 0x7F, 0x80, 0x80, 
	0x80, 0x80, 0x7F, 0x80, 0x81, 0x81, 0x7F, 0x80, 0x7F, 0x80, 0x80, 0x80, 0x80, 0x80, 0x81, 0x80, 
	0x80, 0x80, 0x81, 0x80, 0x80, 0x80, 0x80, 0x80, 0x80, 0x80, 0x80, 0x80, 0x80, 0x80, 0x80, 0x80, 
	0x7F, 0x80, 0x80, 0x80, 0x80, 0x80, 0x80, 0x80, 0x7F, 0x80, 0x80, 0x80, 0x80, 0x80, 0x80, 0x80, 
	0x80, 0x80, 0x80, 0x80, 0x80, 0x80, 0x80, 0x80, 0x80, 0x80, 0x81, 0x80, 0x80, 0x80, 0x80, 0x81, 
	0x80, 0x80, 0x80, 0x80, 0x80, 0x80, 0x80, 0x80, 0x81, 0x80, 0x80, 0x80, 0x80, 0x80, 0x80, 0x80, 
	0x80, 0x7F, 0x80, 0x80, 0x80, 0x81, 0x7F, 0x80, 0x80, 0x7F, 0x80, 0x7F, 0x80, 0x80, 0x80, 0x80, 
	0x80, 0x81, 0x7F, 0x80, 0x80, 0x80, 0x7F, 0x80, 0x80, 0x80, 0x81, 0x80, 0x80, 0x7F, 0x80, 0x80, 
	0x80, 0x7F, 0x7F, 0x80, 0x81, 0x80, 0x80, 0x80, 0x80, 0x80, 0x80, 0x80, 0x80, 0x80, 0x80, 0x7F, 
	0x80, 0x80, 0x7F, 0x80, 0x80, 0x80, 0x80, 0x80, 0x80, 0x80, 0x80, 0x80, 0x80, 0x80, 0x80, 0x7F, 
	0x80, 0x81, 0x80, 0x80, 0x80, 0x80, 0x80, 0x80, 0x7F, 0x80, 0x80, 0x80, 0x80, 0x80, 0x7F, 0x80, 
	0x80, 0x80, 0x81, 0x7F, 0x7F, 0x80, 0x80, 0x81, 0x80, 0x80, 0x80, 0x80, 0x80, 0x81, 0x80, 0x80, 
	0x80, 0x80, 0x80, 0x80, 0x80, 0x80, 0x80, 0x80, 0x80, 0x80, 0x80, 0x7F, 0x80, 0x80, 0x81, 0x80, 
	0x7F, 0x80, 0x80, 0x80, 0x81, 0x80, 0x80, 0x81, 0x80, 0x80, 0x81, 0x80, 0x7F, 0x80, 0x81, 0x80, 
	0x80, 0x80, 0x81, 0x81, 0x80, 0x80, 0x80, 0x7F, 0x80, 0x80, 0x80, 0x80, 0x80, 0x80, 0x81, 0x80, 
	0x80, 0x80, 0x80, 0x80, 0x80, 0x80, 0x80, 0x7F, 0x80, 0x80, 0x7F, 0x81, 0x80, 0x80, 0x80, 0x80, 
	0x80, 0x81, 0x80, 0x80, 0x80, 0x80, 0x81, 0x80, 0x80, 0x80, 0x80, 0x7F, 0x80, 0x80, 0x80, 0x80, 
	0x7F, 0x80, 0x80, 0x80, 0x80, 0x7F, 0x7F, 0x80, 0x80, 0x80, 0x80, 0x80, 0x80, 0x80, 0x80, 0x80, 
	0x80, 0x80, 0x7F, 0x80, 0x80, 0x80, 0x80, 0x80, 0x80, 0x80, 0x80, 0x80, 0x80, 0x80, 0x80, 0x80, 
	0x7F, 0x80, 0x80, 0x80, 0x80, 0x80, 0x80, 0x80, 0x80, 0x80, 0x80, 0x80, 0x80, 0x80, 0x80, 0x80, 
	0x80, 0x80, 0x80, 0x80, 0x81, 0x80, 0x80, 0x80, 0x80, 0x80, 0x80, 0x80, 0x80, 0x80, 0x80, 0x80, 
	0x80, 0x80, 0x80, 0x81, 0x80, 0x80, 0x80, 0x80, 0x80, 0x81, 0x80, 0x80, 0x80, 0x80, 0x80, 0x80, 
	0x80, 0x80, 0x80, 0x7F, 0x80, 0x80, 0x80, 0x80, 0x80, 0x81, 0x80, 0x80, 0x7F, 0x80, 0x7F, 0x80, 
	0x80, 0x80, 0x81, 0x80, 0x80, 0x80, 0x80, 0x81, 0x7F, 0x80, 0x80, 0x80, 0x80, 0x81, 0x80, 0x80, 
	0x80, 0x80, 0x80, 0x7F, 0x80, 0x80, 0x80, 0x80, 0x80, 0x80, 0x80, 0x80, 0x80, 0x80, 0x80, 0x80, 
	0x7F, 0x80, 0x80, 0x80, 0x80, 0x7F, 0x7F, 0x80, 0x80, 0x7F, 0x80, 0x80, 0x80, 0x80, 0x80, 0x80, 
	0x80, 0x80, 0x80, 0x80, 0x80, 0x80, 0x80, 0x81, 0x80, 0x80, 0x80, 0x7F, 0x80, 0x80, 0x80, 0x80, 
	0x80, 0x80, 0x80, 0x81, 0x7F, 0x80, 0x80, 0x80, 0x80, 0x80, 0x80, 0x7F, 0x80, 0x80, 0x80, 0x7F, 
	0x80, 0x7F, 0x80, 0x80, 0x80, 0x81, 0x80, 0x80, 0x80, 0x80, 0x7F, 0x80, 0x81, 0x80, 0x7F, 0x80, 
	0x80, 0x80, 0x80, 0x80, 0x80, 0x80, 0x80, 0x80, 0x80, 0x80, 0x80, 0x80, 0x80, 0x80, 0x80, 0x80, 
	0x80, 0x80, 0x80, 0x80, 0x80, 0x7F, 0x7F, 0x80, 0x81, 0x80, 0x7F, 0x80, 0x80, 0x81, 0x80, 0x80, 
	0x7F, 0x7F, 0x80, 0x81, 0x80, 0x80, 0x81, 0x80, 0x80, 0x80, 0x81, 0x80, 0x80, 0x81, 0x7F, 0x80, 
	0x80, 0x81, 0x81, 0x80, 0x81, 0x80, 0x80, 0x80, 0x80, 0x80, 0x80, 0x80, 0x80, 0x80, 0x80, 0x7F, 
	0x80, 0x80, 0x80, 0x7F, 0x80, 0x80, 0x80, 0x80, 0x7F, 0x80, 0x80, 0x80, 0x80, 0x80, 0x81, 0x80, 
	0x80, 0x7F, 0x80, 0x80, 0x81, 0x80, 0x80, 0x80, 0x80, 0x80, 0x81, 0x80, 0x80, 0x80, 0x80, 0x80, 
	0x80, 0x80, 0x80, 0x81, 0x80, 0x80, 0x7F, 0x80, 0x80, 0x80, 0x80, 0x80, 0x80, 0x80, 0x80, 0x80, 
	0x80, 0x80, 0x80, 0x80, 0x80, 0x80, 0x81, 0x80, 0x80, 0x80, 0x80, 0x80, 0x80, 0x80, 0x80, 0x80, 
	0x80, 0x80, 0x80, 0x80, 0x7F, 0x80, 0x80, 0x80, 0x80, 0x80, 0x81, 0x80, 0x80, 0x81, 0x80, 0x80, 
	0x80, 0x80, 0x80, 0x80, 0x80, 0x80, 0x80, 0x80, 0x80, 0x80, 0x80, 0x80, 0x80, 0x80, 0x80, 0x7F, 
	0x80, 0x80, 0x80, 0x80, 0x80, 0x80, 0x80, 0x80, 0x80, 0x80, 0x80, 0x80, 0x80, 0x80, 0x80, 0x80, 
	0x80, 0x80, 0x80, 0x80, 0x7F, 0x80, 0x80, 0x80, 0x7F, 0x80, 0x80, 0x80, 0x80, 0x80, 0x7F, 0x80, 
	0x80, 0x80, 0x80, 0x80, 0x80, 0x80, 0x80, 0x80, 0x80, 0x80, 0x80, 0x80, 0x80, 0x80, 0x80, 0x7F, 
	0x80, 0x80, 0x7F, 0x80, 0x80, 0x80, 0x81, 0x80, 0x80, 0x80, 0x80, 0x80, 0x81, 0x80, 0x80, 0x81, 
	0x80, 0x80, 0x80, 0x80, 0x80, 0x80, 0x80, 0x81, 0x80, 0x80, 0x80, 0x81, 0x81, 0x80, 0x80, 0x80, 
	0x80, 0x80, 0x80, 0x80, 0x81, 0x80, 0x81, 0x80, 0x80, 0x80, 0x80, 0x7F, 0x80, 0x7F, 0x80, 0x80, 
	0x80, 0x80, 0x80, 0x80, 0x80, 0x80, 0x7F, 0x80, 0x80, 0x80, 0x80, 0x80, 0x80, 0x7F, 0x80, 0x80, 
	0x80, 0x80, 0x80, 0x80, 0x80, 0x80, 0x80, 0x80, 0x80, 0x80, 0x80, 0x80, 0x80, 0x80, 0x80, 0x80, 
	0x80, 0x81, 0x81, 0x80, 0x80, 0x80, 0x80, 0x80, 0x7F, 0x80, 0x7F, 0x80, 0x80, 0x80, 0x80, 0x81, 
	0x80, 0x7F, 0x80, 0x80, 0x7F, 0x80, 0x80, 0x80, 0x80, 0x7F, 0x80, 0x80, 0x7F, 0x80, 0x80, 0x7F, 
	0x80, 0x81, 0x80, 0x80, 0x80, 0x80, 0x80, 0x80, 0x80, 0x80, 0x7F, 0x80, 0x80, 0x80, 0x80, 0x80, 
	0x81, 0x80, 0x80, 0x80, 0x80, 0x80, 0x7F, 0x80, 0x80, 0x80, 0x80, 0x80, 0x80, 0x80, 0x7F, 0x7F, 
	0x80, 0x80, 0x80, 0x80, 0x7F, 0x80, 0x80, 0x80, 0x7F, 0x80, 0x81, 0x80, 0x80, 0x80, 0x80, 0x81, 
	0x80, 0x7F, 0x80, 0x80, 0x80, 0x80, 0x80, 0x80, 0x80, 0x80, 0x80, 0x80, 0x80, 0x80, 0x7F, 0x80, 
	0x80, 0x80, 0x81, 0x80, 0x80, 0x80, 0x80, 0x80, 0x80, 0x80, 0x80, 0x7F, 0x80, 0x80, 0x80, 0x7F, 
	0x80, 0x80, 0x81, 0x80, 0x80, 0x80, 0x80, 0x80, 0x80, 0x80, 0x80, 0x80, 0x80, 0x7F, 0x7F, 0x80, 
	0x80, 0x80, 0x81, 0x80, 0x80, 0x7F, 0x80, 0x80, 0x81, 0x80, 0x80, 0x80, 0x80, 0x80, 0x80, 0x7F, 
	0x80, 0x7F, 0x80, 0x80, 0x7F, 0x80, 0x80, 0x80, 0x80, 0x80, 0x7F, 0x80, 0x80, 0x80, 0x80, 0x80, 
	0x80, 0x80, 0x80, 0x7F, 0x80, 0x80, 0x80, 0x80, 0x7F, 0x80, 0x80, 0x80, 0x80, 0x80, 0x80, 0x80, 
	0x80, 0x80, 0x7F, 0x80, 0x80, 0x80, 0x80, 0x80, 0x80, 0x7F, 0x80, 0x80, 0x80, 0x80, 0x80, 0x80, 
	0x80, 0x80, 0x80, 0x80, 0x7F, 0x80, 0x80, 0x80, 0x7F, 0x81, 0x80, 0x80, 0x80, 0x81, 0x80, 0x81, 
	0x80, 0x80, 0x80, 0x7F, 0x80, 0x80, 0x80, 0x80, 0x80, 0x80, 0x80, 0x7F, 0x80, 0x80, 0x7F, 0x80, 
	0x80, 0x80, 0x80, 0x80, 0x7F, 0x81, 0x81, 0x7F, 0x80, 0x80, 0x80, 0x80, 0x7F, 0x80, 0x80, 0x80, 
	0x80, 0x80, 0x80, 0x80, 0x7F, 0x80, 0x80, 0x80, 0x80, 0x80, 0x80, 0x80, 0x80, 0x80, 0x80, 0x80, 
	0x7F, 0x80, 0x80, 0x80, 0x80, 0x80, 0x80, 0x80, 0x80, 0x80, 0x81, 0x80, 0x80, 0x7F, 0x80, 0x80, 
	0x80, 0x80, 0x80, 0x80, 0x7F, 0x80, 0x80, 0x80, 0x7F, 0x80, 0x7F, 0x80, 0x80, 0x80, 0x80, 0x80, 
	0x80, 0x80, 0x80, 0x80, 0x80, 0x80, 0x7F, 0x80, 0x80, 0x80, 0x7F, 0x80, 0x80, 0x80, 0x80, 0x80, 
	0x80, 0x80, 0x80, 0x81, 0x80, 0x80, 0x7F, 0x80, 0x80, 0x80, 0x80, 0x80, 0x80, 0x80, 0x80, 0x80, 
	0x7F, 0x80, 0x80, 0x80, 0x80, 0x81, 0x7F, 0x80, 0x80, 0x80, 0x80, 0x80, 0x7F, 0x80, 0x7F, 0x80, 
	0x80, 0x80, 0x80, 0x80, 0x80, 0x80, 0x80, 0x80, 0x80, 0x7F, 0x80, 0x80, 0x80, 0x80, 0x80, 0x80, 
	0x80, 0x80, 0x80, 0x80, 0x80, 0x81, 0x80, 0x80, 0x7F, 0x80, 0x80, 0x80, 0x80, 0x80, 0x80, 0x80, 
	0x80, 0x80, 0x80, 0x80, 0x80, 0x80, 0x80, 0x7F, 0x80, 0x80, 0x80, 0x81, 0x80, 0x81, 0x80, 0x80, 
	0x7F, 0x80, 0x7F, 0x80, 0x80, 0x80, 0x80, 0x81, 0x80, 0x80, 0x80, 0x80, 0x80, 0x80, 0x80, 0x7F, 
	0x80, 0x80, 0x80, 0x81, 0x7F, 0x80, 0x80, 0x80, 0x80, 0x81, 0x80, 0x80, 0x7F, 0x80, 0x80, 0x80, 
	0x80, 0x80, 0x80, 0x80, 0x80, 0x81, 0x80, 0x7F, 0x7F, 0x80, 0x80, 0x80, 0x80, 0x80, 0x80, 0x80, 
	0x80, 0x7F, 0x80, 0x80, 0x80, 0x80, 0x80, 0x80, 0x80, 0x7F, 0x80, 0x80, 0x80, 0x80, 0x80, 0x80, 
	0x80, 0x80, 0x80, 0x80, 0x80, 0x81, 0x80, 0x80, 0x80, 0x80, 0x80, 0x80, 0x81, 0x80, 0x80, 0x80, 
	0x80, 0x80, 0x80, 0x80, 0x80, 0x81, 0x80, 0x80, 0x80, 0x81, 0x80, 0x80, 0x80, 0x80, 0x81, 0x7F, 
	0x80, 0x80, 0x80, 0x80, 0x80, 0x81, 0x81, 0x80, 0x80, 0x80, 0x80, 0x80, 0x80, 0x80, 0x80, 0x81, 
	0x80, 0x80, 0x80, 0x80, 0x80, 0x80, 0x7F, 0x80, 0x80, 0x80, 0x80, 0x80, 0x80, 0x80, 0x80, 0x81, 
	0x80, 0x80, 0x81, 0x80, 0x80, 0x7F, 0x80, 0x80, 0x80, 0x80, 0x80, 0x80, 0x80, 0x80, 0x80, 0x80, 
	0x81, 0x80, 0x80, 0x80, 0x80, 0x80, 0x80, 0x80, 0x80, 0x80, 0x80, 0x7F, 0x80, 0x80, 0x80, 0x80, 
	0x80, 0x80, 0x80, 0x80, 0x80, 0x80, 0x7F, 0x80, 0x80, 0x80, 0x80, 0x80, 0x80, 0x80, 0x80, 0x7F, 
	0x80, 0x80, 0x80, 0x7F, 0x7F, 0x81, 0x80, 0x80, 0x80, 0x80, 0x80, 0x7F, 0x7F, 0x81, 0x80, 0x7F, 
	0x80, 0x80, 0x80, 0x80, 0x7F, 0x80, 0x80, 0x80, 0x80, 0x80, 0x7F, 0x80, 0x80, 0x80, 0x80, 0x80, 
	0x80, 0x81, 0x81, 0x80, 0x80, 0x80, 0x7F, 0x80, 0x80, 0x81, 0x80, 0x81, 0x7F, 0x7F, 0x80, 0x80, 
	0x80, 0x7F, 0x80, 0x80, 0x80, 0x80, 0x80, 0x80, 0x80, 0x80, 0x80, 0x80, 0x80, 0x80, 0x80, 0x80, 
	0x80, 0x80, 0x80, 0x81, 0x80, 0x80, 0x80, 0x80, 0x80, 0x80, 0x80, 0x80, 0x81, 0x7F, 0x80, 0x80, 
	0x81, 0x81, 0x80, 0x80, 0x80, 0x7F, 0x80, 0x80, 0x80, 0x80, 0x80, 0x81, 0x80, 0x80, 0x80, 0x80, 
	0x7F, 0x7F, 0x80, 0x80, 0x80, 0x7F, 0x81, 0x80, 0x80, 0x81, 0x7F, 0x80, 0x80, 0x80, 0x80, 0x80, 
	0x7F, 0x80, 0x80, 0x80, 0x81, 0x7F, 0x80, 0x80, 0x81, 0x80, 0x80, 0x80, 0x80, 0x80, 0x80, 0x81, 
	0x80, 0x80, 0x80, 0x80, 0x80, 0x81, 0x80, 0x80, 0x80, 0x80, 0x80, 0x80, 0x80, 0x80, 0x80, 0x80, 
	0x80, 0x81, 0x80, 0x80, 0x81, 0x80, 0x80, 0x80, 0x80, 0x80, 0x80, 0x80, 0x80, 0x80, 0x80, 0x80, 
	0x80, 0x80, 0x80, 0x80, 0x80, 0x80, 0x80, 0x80, 0x80, 0x7F, 0x80, 0x80, 0x80, 0x80, 0x7F, 0x81, 
	0x7F, 0x80, 0x80, 0x80, 0x80, 0x7F, 0x80, 0x80, 0x80, 0x80, 0x80, 0x80, 0x81, 0x80, 0x80, 0x7F, 
	0x80, 0x80, 0x80, 0x80, 0x7F, 0x80, 0x80, 0x80, 0x80, 0x80, 0x7F, 0x81, 0x80, 0x80, 0x80, 0x80, 
	0x80, 0x80, 0x80, 0x80, 0x80, 0x80, 0x80, 0x80, 0x80, 0x80, 0x7F, 0x80, 0x80, 0x81, 0x80, 0x80, 
	0x80, 0x80, 0x81, 0x80, 0x80, 0x81, 0x80, 0x80, 0x80, 0x80, 0x7F, 0x81, 0x80, 0x81, 0x80, 0x80, 
	0x80, 0x80, 0x81, 0x7F, 0x80, 0x80, 0x80, 0x80, 0x81, 0x80, 0x80, 0x80, 0x80, 0x80, 0x80, 0x80, 
	0x80, 0x80, 0x80, 0x80, 0x80, 0x80, 0x80, 0x80, 0x80, 0x80, 0x81, 0x80, 0x80, 0x80, 0x80, 0x80, 
	0x80, 0x80, 0x80, 0x80, 0x7F, 0x80, 0x80, 0x80, 0x80, 0x80, 0x7F, 0x80, 0x80, 0x7F, 0x80, 0x80, 
	0x80, 0x80, 0x80, 0x80, 0x80, 0x80, 0x80, 0x80, 0x80, 0x80, 0x80, 0x80, 0x80, 0x80, 0x80, 0x7F, 
	0x80, 0x80, 0x80, 0x80, 0x80, 0x80, 0x80, 0x80, 0x80, 0x80, 0x80, 0x80, 0x80, 0x80, 0x80, 0x80, 
	0x80, 0x80, 0x80, 0x80, 0x80, 0x80, 0x80, 0x7F, 0x80, 0x7F, 0x80, 0x80, 0x80, 0x80, 0x80, 0x80, 
	0x80, 0x80, 0x80, 0x80, 0x80, 0x80, 0x81, 0x80, 0x80, 0x7F, 0x80, 0x7F, 0x80, 0x80, 0x80, 0x81, 
	0x80, 0x80, 0x80, 0x80, 0x80, 0x80, 0x7F, 0x7F, 0x7F, 0x80, 0x80, 0x80, 0x80, 0x80, 0x80, 0x80, 
	0x80, 0x80, 0x80, 0x7F, 0x7F, 0x80, 0x80, 0x80, 0x80, 0x7F, 0x80, 0x80, 0x80, 0x80, 0x80, 0x80, 
	0x80, 0x80, 0x80, 0x80, 0x80, 0x80, 0x81, 0x80, 0x80, 0x7F, 0x80, 0x80, 0x81, 0x80, 0x80, 0x80, 
	0x7F, 0x80, 0x80, 0x80, 0x80, 0x80, 0x80, 0x80, 0x80, 0x80, 0x80, 0x80, 0x80, 0x80, 0x80, 0x80, 
	0x7F, 0x80, 0x80, 0x80, 0x80, 0x80, 0x80, 0x80, 0x80, 0x80, 0x7F, 0x80, 0x80, 0x80, 0x80, 0x7F, 
	0x80, 0x80, 0x80, 0x80, 0x80, 0x80, 0x80, 0x80, 0x80, 0x80, 0x80, 0x80, 0x80, 0x80, 0x80, 0x7F, 
	0x80, 0x80, 0x80, 0x80, 0x81, 0x80, 0x7F, 0x7F, 0x80, 0x80, 0x80, 0x7F, 0x80, 0x80, 0x81, 0x80, 
	0x81, 0x80, 0x80, 0x80, 0x80, 0x80, 0x80, 0x81, 0x7F, 0x80, 0x80, 0x80, 0x80, 0x80, 0x80, 0x80, 
	0x80, 0x80, 0x80, 0x80, 0x80, 0x80, 0x80, 0x81, 0x7F, 0x80, 0x7F, 0x80, 0x80, 0x80, 0x80, 0x80, 
	0x80, 0x80, 0x80, 0x80, 0x7F, 0x80, 0x7F, 0x7F, 0x80, 0x80, 0x80, 0x80, 0x80, 0x80, 0x80, 0x7F, 
	0x80, 0x81, 0x80, 0x80, 0x80, 0x81, 0x80, 0x81, 0x80, 0x80, 0x80, 0x80, 0x80, 0x80, 0x80, 0x80, 
	0x80, 0x81, 0x80, 0x80, 0x7F, 0x80, 0x80, 0x7F, 0x80, 0x80, 0x7F, 0x7F, 0x80, 0x80, 0x80, 0x80, 
	0x80, 0x80, 0x80, 0x7F, 0x80, 0x80, 0x80, 0x7F, 0x80, 0x80, 0x80, 0x80, 0x80, 0x80, 0x80, 0x80, 
	0x80, 0x80, 0x80, 0x80, 0x80, 0x80, 0x80, 0x80, 0x80, 0x81, 0x80, 0x80, 0x80, 0x7F, 0x80, 0x80, 
	0x80, 0x7F, 0x7F, 0x80, 0x80, 0x80, 0x80, 0x80, 0x81, 0x80, 0x80, 0x81, 0x80, 0x80, 0x80, 0x80, 
	0x80, 0x80, 0x80, 0x80, 0x80, 0x80, 0x81, 0x80, 0x7F, 0x80, 0x80, 0x80, 0x80, 0x80, 0x81, 0x80, 
	0x7F, 0x80, 0x80, 0x80, 0x80, 0x80, 0x80, 0x7F, 0x80, 0x80, 0x80, 0x80, 0x81, 0x80, 0x80, 0x80, 
	0x80, 0x80, 0x80, 0x80, 0x80, 0x80, 0x80, 0x80, 0x81, 0x80, 0x7F, 0x7F, 0x80, 0x80, 0x80, 0x80, 
	0x80, 0x80, 0x80, 0x80, 0x80, 0x80, 0x80, 0x80, 0x80, 0x80, 0x80, 0x80, 0x80, 0x80, 0x80, 0x80, 
	0x80, 0x80, 0x80, 0x80, 0x80, 0x80, 0x80, 0x80, 0x80, 0x80, 0x80, 0x80, 0x80, 0x80, 0x80, 0x80, 
	0x81, 0x80, 0x80, 0x80, 0x80, 0x80, 0x80, 0x80, 0x80, 0x80, 0x80, 0x81, 0x80, 0x80, 0x80, 0x80, 
	0x80, 0x7F, 0x80, 0x80, 0x80, 0x81, 0x80, 0x80, 0x7F, 0x80, 0x80, 0x80, 0x7F, 0x7F, 0x80, 0x80, 
	0x80, 0x80, 0x80, 0x80, 0x81, 0x80, 0x80, 0x80, 0x80, 0x80, 0x80, 0x7F, 0x80, 0x80, 0x80, 0x80, 
	0x80, 0x80, 0x80, 0x80, 0x80, 0x80, 0x80, 0x7F, 0x80, 0x80, 0x7F, 0x7F, 0x80, 0x80, 0x81, 0x80, 
	0x80, 0x80, 0x80, 0x80, 0x80, 0x80, 0x80, 0x80, 0x80, 0x80, 0x80, 0x81, 0x80, 0x80, 0x80, 0x80, 
	0x80, 0x80, 0x80, 0x80, 0x80, 0x7F, 0x80, 0x80, 0x80, 0x80, 0x80, 0x80, 0x80, 0x80, 0x80, 0x80, 
	0x80, 0x80, 0x7F, 0x80, 0x80, 0x80, 0x80, 0x80, 0x80, 0x80, 0x80, 0x80, 0x80, 0x7F, 0x80, 0x80, 
	0x80, 0x80, 0x80, 0x80, 0x80, 0x80, 0x80, 0x80, 0x80, 0x80, 0x80, 0x81, 0x80, 0x80, 0x80, 0x7F, 
	0x80, 0x81, 0x80, 0x80, 0x80, 0x80, 0x80, 0x80, 0x80, 0x80, 0x80, 0x80, 0x80, 0x80, 0x80, 0x7F, 
	0x80, 0x80, 0x80, 0x80, 0x80, 0x80, 0x80, 0x80, 0x80, 0x80, 0x80, 0x80, 0x80, 0x80, 0x80, 0x80, 
	0x81, 0x80, 0x80, 0x80, 0x80, 0x80, 0x80, 0x80, 0x80, 0x80, 0x80, 0x80, 0x80, 0x7F, 0x80, 0x80, 
	0x80, 0x80, 0x80, 0x80, 0x80, 0x80, 0x80, 0x80, 0x80, 0x81, 0x80, 0x80, 0x80, 0x80, 0x80, 0x80, 
	0x80, 0x7F, 0x80, 0x80, 0x7F, 0x7F, 0x81, 0x7F, 0x80, 0x80, 0x80, 0x7F, 0x80, 0x81, 0x81, 0x80, 
	0x80, 0x80, 0x80, 0x80, 0x81, 0x80, 0x7F, 0x80, 0x7F, 0x80, 0x80, 0x81, 0x7F, 0x80, 0x81, 0x80, 
	0x81, 0x81, 0x80, 0x7F, 0x80, 0x80, 0x80, 0x80, 0x80, 0x80, 0x80, 0x80, 0x80, 0x80, 0x80, 0x80, 
	0x80, 0x80, 0x80, 0x80, 0x80, 0x80, 0x81, 0x80, 0x80, 0x80, 0x80, 0x80, 0x80, 0x7F, 0x80, 0x80, 
	0x80, 0x7F, 0x7F, 0x80, 0x81, 0x7F, 0x7F, 0x80, 0x80, 0x80, 0x80, 0x81, 0x80, 0x80, 0x80, 0x81, 
	0x80, 0x7F, 0x80, 0x80, 0x80, 0x80, 0x80, 0x80, 0x80, 0x80, 0x80, 0x80, 0x80, 0x80, 0x80, 0x7F, 
	0x81, 0x80, 0x81, 0x80, 0x80, 0x80, 0x80, 0x80, 0x80, 0x80, 0x80, 0x80, 0x80, 0x7F, 0x81, 0x80, 
	0x80, 0x80, 0x80, 0x80, 0x80, 0x80, 0x80, 0x80, 0x80, 0x7F, 0x80, 0x80, 0x80, 0x80, 0x81, 0x80, 
	0x80, 0x80, 0x80, 0x80, 0x80, 0x7F, 0x80, 0x80, 0x80, 0x80, 0x80, 0x80, 0x80, 0x80, 0x80, 0x80, 
	0x80, 0x80, 0x80, 0x80, 0x80, 0x80, 0x80, 0x81, 0x80, 0x80, 0x80, 0x80, 0x80, 0x80, 0x80, 0x80, 
	0x80, 0x80, 0x7F, 0x81, 0x80, 0x7F, 0x80, 0x80, 0x81, 0x80, 0x7F, 0x80, 0x80, 0x80, 0x80, 0x80, 
	0x80, 0x80, 0x80, 0x80, 0x80, 0x80, 0x80, 0x80, 0x80, 0x80, 0x80, 0x80, 0x81, 0x80, 0x80, 0x80, 
	0x80, 0x80, 0x80, 0x80, 0x80, 0x80, 0x80, 0x80, 0x81, 0x80, 0x80, 0x81, 0x80, 0x81, 0x80, 0x80, 
	0x80, 0x80, 0x80, 0x80, 0x80, 0x7F, 0x80, 0x80, 0x80, 0x80, 0x80, 0x7F, 0x80, 0x80, 0x80, 0x80, 
	0x81, 0x80, 0x80, 0x80, 0x80, 0x7F, 0x80, 0x81, 0x7F, 0x80, 0x7F, 0x7F, 0x80, 0x81, 0x7F, 0x80, 
	0x80, 0x80, 0x81, 0x81, 0x80, 0x80, 0x80, 0x80, 0x80, 0x80, 0x80, 0x80, 0x80, 0x80, 0x80, 0x80, 
	0x7F, 0x80, 0x80, 0x80, 0x80, 0x80, 0x80, 0x80, 0x80, 0x80, 0x80, 0x81, 0x81, 0x80, 0x80, 0x7F, 
	0x80, 0x80, 0x7F, 0x80, 0x80, 0x80, 0x80, 0x80, 0x80, 0x7F, 0x80, 0x7F, 0x80, 0x80, 0x80, 0x80, 
	0x80, 0x80, 0x80, 0x80, 0x81, 0x80, 0x81, 0x81, 0x80, 0x80, 0x80, 0x80, 0x80, 0x80, 0x80, 0x80, 
	0x7F, 0x80, 0x80, 0x80, 0x80, 0x80, 0x7F, 0x80, 0x80, 0x80, 0x80, 0x80, 0x7F, 0x7F, 0x80, 0x80, 
	0x80, 0x80, 0x80, 0x80, 0x80, 0x80, 0x80, 0x80, 0x7F, 0x80, 0x80, 0x80, 0x81, 0x80, 0x81, 0x7F, 
	0x80, 0x80, 0x81, 0x7F, 0x80, 0x80, 0x81, 0x7F, 0x80, 0x80, 0x81, 0x80, 0x80, 0x80, 0x80, 0x80, 
	0x80, 0x7F, 0x80, 0x80, 0x80, 0x80, 0x80, 0x81, 0x7F, 0x81, 0x80, 0x80, 0x80, 0x80, 0x7F, 0x80, 
	0x80, 0x80, 0x80, 0x80, 0x80, 0x81, 0x80, 0x80, 0x80, 0x81, 0x7F, 0x80, 0x81, 0x80, 0x80, 0x80, 
	0x80, 0x81, 0x80, 0x80, 0x7F, 0x7F, 0x80, 0x80, 0x80, 0x80, 0x80, 0x81, 0x80, 0x80, 0x80, 0x80, 
	0x81, 0x80, 0x80, 0x80, 0x7F, 0x80, 0x7F, 0x80, 0x80, 0x80, 0x80, 0x80, 0x7F, 0x80, 0x80, 0x80, 
	0x80, 0x80, 0x80, 0x80, 0x80, 0x80, 0x80, 0x81, 0x80, 0x80, 0x80, 0x80, 0x80, 0x80, 0x80, 0x80, 
	0x7F, 0x80, 0x81, 0x80, 0x81, 0x81, 0x80, 0x80, 0x80, 0x80, 0x80, 0x80, 0x80, 0x80, 0x80, 0x80, 
	0x7F, 0x80, 0x80, 0x80, 0x80, 0x80, 0x80, 0x80, 0x7F, 0x80, 0x80, 0x80, 0x80, 0x80, 0x80, 0x80, 
	0x81, 0x80, 0x80, 0x80, 0x81, 0x80, 0x80, 0x80, 0x80, 0x81, 0x80, 0x80, 0x80, 0x80, 0x7F, 0x80, 
	0x80, 0x81, 0x80, 0x80, 0x80, 0x80, 0x80, 0x81, 0x80, 0x80, 0x80, 0x80, 0x80, 0x80, 0x80, 0x80, 
	0x80, 0x7F, 0x80, 0x80, 0x7F, 0x80, 0x80, 0x80, 0x80, 0x81, 0x80, 0x80, 0x80, 0x80, 0x80, 0x81, 
	0x80, 0x80, 0x80, 0x80, 0x80, 0x80, 0x7F, 0x80, 0x81, 0x80, 0x80, 0x80, 0x80, 0x7F, 0x80, 0x7F, 
	0x80, 0x81, 0x80, 0x80, 0x80, 0x80, 0x80, 0x80, 0x80, 0x81, 0x80, 0x80, 0x81, 0x80, 0x80, 0x80, 
	0x80, 0x80, 0x80, 0x81, 0x80, 0x80, 0x80, 0x80, 0x7F, 0x80, 0x80, 0x80, 0x80, 0x80, 0x80, 0x80, 
	0x80, 0x81, 0x81, 0x7F, 0x80, 0x81, 0x80, 0x80, 0x80, 0x80, 0x80, 0x80, 0x80, 0x7F, 0x80, 0x80, 
	0x80, 0x80, 0x80, 0x81, 0x80, 0x80, 0x80, 0x80, 0x80, 0x80, 0x80, 0x80, 0x7F, 0x80, 0x80, 0x80, 
	0x80, 0x7F, 0x7F, 0x80, 0x7F, 0x7F, 0x80, 0x80, 0x80, 0x80, 0x80, 0x80, 0x80, 0x80, 0x80, 0x80, 
	0x80, 0x7F, 0x80, 0x80, 0x80, 0x80, 0x80, 0x80, 0x80, 0x80, 0x80, 0x7F, 0x80, 0x80, 0x80, 0x80, 
	0x80, 0x80, 0x7F, 0x80, 0x7F, 0x81, 0x80, 0x80, 0x81, 0x80, 0x81, 0x80, 0x81, 0x80, 0x80, 0x80, 
	0x80, 0x81, 0x80, 0x80, 0x80, 0x80, 0x80, 0x80, 0x7F, 0x81, 0x80, 0x80, 0x80, 0x80, 0x80, 0x80, 
	0x80, 0x7F, 0x80, 0x80, 0x7F, 0x80, 0x80, 0x80, 0x80, 0x80, 0x81, 0x80, 0x80, 0x7F, 0x80, 0x7F, 
	0x80, 0x80, 0x80, 0x80, 0x80, 0x7F, 0x80, 0x80, 0x80, 0x80, 0x81, 0x80, 0x80, 0x7F, 0x7F, 0x80, 
	0x80, 0x80, 0x80, 0x7F, 0x80, 0x80, 0x80, 0x81, 0x80, 0x80, 0x81, 0x80, 0x80, 0x80, 0x80, 0x80, 
	0x80, 0x80, 0x80, 0x80, 0x80, 0x81, 0x81, 0x80, 0x80, 0x80, 0x80, 0x80, 0x80, 0x7F, 0x80, 0x80, 
	0x80, 0x81, 0x80, 0x7F, 0x80, 0x81, 0x80, 0x80, 0x80, 0x80, 0x80, 0x80, 0x80, 0x80, 0x80, 0x80, 
	0x80, 0x80, 0x81, 0x80, 0x80, 0x81, 0x7F, 0x80, 0x80, 0x80, 0x80, 0x81, 0x80, 0x80, 0x80, 0x80, 
	0x80, 0x80, 0x80, 0x80, 0x80, 0x80, 0x80, 0x80, 0x80, 0x80, 0x80, 0x80, 0x80, 0x80, 0x80, 0x80, 
	0x80, 0x80, 0x80, 0x80, 0x80, 0x80, 0x80, 0x80, 0x80, 0x80, 0x80, 0x80, 0x80, 0x80, 0x80, 0x81, 
	0x80, 0x80, 0x80, 0x80, 0x80, 0x80, 0x7F, 0x7F, 0x80, 0x80, 0x80, 0x80, 0x80, 0x80, 0x80, 0x80, 
	0x80, 0x80, 0x80, 0x80, 0x80, 0x80, 0x80, 0x80, 0x80, 0x80, 0x80, 0x80, 0x80, 0x80, 0x80, 0x7F, 
	0x80, 0x80, 0x80, 0x80, 0x80, 0x80, 0x80, 0x80, 0x80, 0x7F, 0x80, 0x80, 0x80, 0x80, 0x80, 0x80, 
	0x80, 0x80, 0x80, 0x7F, 0x80, 0x80, 0x80, 0x81, 0x80, 0x80, 0x80, 0x80, 0x80, 0x80, 0x80, 0x80, 
	0x80, 0x80, 0x80, 0x80, 0x80, 0x80, 0x80, 0x80, 0x7F, 0x80, 0x80, 0x80, 0x80, 0x80, 0x80, 0x80, 
	0x80, 0x80, 0x80, 0x80, 0x80, 0x80, 0x80, 0x80, 0x80, 0x80, 0x80, 0x80, 0x80, 0x80, 0x80, 0x80, 
	0x80, 0x80, 0x80, 0x81, 0x80, 0x81, 0x80, 0x80, 0x80, 0x80, 0x80, 0x80, 0x7F, 0x80, 0x80, 0x80, 
	0x80, 0x80, 0x81, 0x80, 0x80, 0x80, 0x80, 0x80, 0x80, 0x80, 0x7F, 0x80, 0x80, 0x80, 0x80, 0x80, 
	0x7F, 0x80, 0x80, 0x80, 0x7F, 0x80, 0x80, 0x80, 0x80, 0x80, 0x81, 0x80, 0x80, 0x80, 0x80, 0x80, 
	0x80, 0x80, 0x80, 0x80, 0x7F, 0x80, 0x7F, 0x80, 0x80, 0x80, 0x80, 0x7F, 0x80, 0x80, 0x80, 0x7F, 
	0x7F, 0x80, 0x80, 0x81, 0x80, 0x80, 0x7F, 0x80, 0x80, 0x80, 0x80, 0x80, 0x80, 0x80, 0x80, 0x80, 
	0x81, 0x80, 0x80, 0x80, 0x80, 0x80, 0x80, 0x80, 0x80, 0x80, 0x80, 0x80, 0x80, 0x80, 0x80, 0x80, 
	0x80, 0x80, 0x80, 0x80, 0x80, 0x80, 0x80, 0x80, 0x80, 0x80, 0x80, 0x80, 0x80, 0x80, 0x80, 0x80, 
	0x80, 0x80, 0x80, 0x80, 0x80, 0x80, 0x80, 0x7F, 0x80, 0x81, 0x80, 0x80, 0x80, 0x80, 0x80, 0x7F, 
	0x7F, 0x7F, 0x80, 0x7F, 0x80, 0x80, 0x80, 0x80, 0x81, 0x80, 0x80, 0x80, 0x80, 0x80, 0x7F, 0x80, 
	0x80, 0x80, 0x80, 0x80, 0x80, 0x80, 0x80, 0x7F, 0x80, 0x80, 0x80, 0x80, 0x80, 0x80, 0x7F, 0x80, 
	0x80, 0x80, 0x81, 0x80, 0x80, 0x80, 0x80, 0x80, 0x80, 0x80, 0x80, 0x80, 0x81, 0x7F, 0x7F, 0x80, 
	0x80, 0x80, 0x80, 0x80, 0x80, 0x80, 0x80, 0x80, 0x7F, 0x80, 0x80, 0x7F, 0x7F, 0x80, 0x80, 0x80, 
	0x80, 0x80, 0x80, 0x81, 0x81, 0x80, 0x7F, 0x80, 0x80, 0x80, 0x80, 0x80, 0x80, 0x80, 0x80, 0x80, 
	0x80, 0x81, 0x80, 0x80, 0x80, 0x7F, 0x80, 0x7F, 0x80, 0x80, 0x80, 0x80, 0x80, 0x80, 0x80, 0x80, 
	0x81, 0x80, 0x80, 0x80, 0x80, 0x80, 0x80, 0x80, 0x80, 0x7F, 0x80, 0x80, 0x80, 0x80, 0x7F, 0x80, 
	0x80, 0x7F, 0x80, 0x80, 0x80, 0x80, 0x7F, 0x80, 0x80, 0x80, 0x80, 0x80, 0x80, 0x7F, 0x80, 0x80, 
	0x80, 0x80, 0x81, 0x80, 0x80, 0x80, 0x81, 0x80, 0x80, 0x80, 0x80, 0x80, 0x80, 0x80, 0x80, 0x80, 
	0x80, 0x80, 0x80, 0x7F, 0x81, 0x81, 0x80, 0x80, 0x81, 0x81, 0x80, 0x80, 0x7F, 0x7F, 0x80, 0x80, 
	0x80, 0x80, 0x80, 0x80, 0x80, 0x80, 0x80, 0x80, 0x80, 0x80, 0x80, 0x7F, 0x80, 0x80, 0x7F, 0x80, 
	0x80, 0x7F, 0x80, 0x80, 0x80, 0x7F, 0x80, 0x80, 0x81, 0x80, 0x80, 0x80, 0x80, 0x80, 0x80, 0x80, 
	0x80, 0x80, 0x80, 0x80, 0x80, 0x80, 0x80, 0x80, 0x80, 0x80, 0x80, 0x80, 0x80, 0x80, 0x7F, 0x80, 
	0x80, 0x81, 0x80, 0x7F, 0x80, 0x80, 0x80, 0x7F, 0x80, 0x80, 0x81, 0x80, 0x80, 0x7F, 0x80, 0x7F, 
	0x80, 0x80, 0x80, 0x7F, 0x80, 0x80, 0x80, 0x7F, 0x80, 0x80, 0x80, 0x7F, 0x80, 0x80, 0x80, 0x81, 
	0x80, 0x80, 0x80, 0x7F, 0x80, 0x81, 0x7F, 0x80, 0x80, 0x80, 0x80, 0x80, 0x80, 0x7F, 0x80, 0x80, 
	0x81, 0x80, 0x7F, 0x80, 0x80, 0x80, 0x80, 0x80, 0x80, 0x80, 0x80, 0x80, 0x80, 0x80, 0x80, 0x7F, 
	0x80, 0x80, 0x80, 0x81, 0x80, 0x80, 0x80, 0x80, 0x7F, 0x80, 0x80, 0x80, 0x80, 0x80, 0x80, 0x80, 
	0x80, 0x81, 0x80, 0x80, 0x80, 0x80, 0x80, 0x80, 0x80, 0x80, 0x80, 0x80, 0x80, 0x80, 0x80, 0x7F, 
	0x80, 0x80, 0x80, 0x80, 0x81, 0x80, 0x80, 0x80, 0x80, 0x80, 0x80, 0x7F, 0x80, 0x7F, 0x80, 0x80, 
	0x81, 0x7F, 0x80, 0x80, 0x80, 0x80, 0x80, 0x80, 0x80, 0x80, 0x81, 0x80, 0x80, 0x80, 0x80, 0x80, 
	0x80, 0x80, 0x80, 0x80, 0x7F, 0x80, 0x80, 0x7F, 0x80, 0x80, 0x80, 0x80, 0x80, 0x80, 0x80, 0x80, 
	0x7F, 0x80, 0x81, 0x80, 0x80, 0x80, 0x80, 0x80, 0x81, 0x80, 0x80, 0x81, 0x80, 0x80, 0x80, 0x80, 
	0x80, 0x80, 0x80, 0x7F, 0x80, 0x80, 0x80, 0x80, 0x80, 0x80, 0x80, 0x80, 0x80, 0x80, 0x80, 0x80, 
	0x80, 0x80, 0x80, 0x81, 0x80, 0x7F, 0x80, 0x7F, 0x81, 0x80, 0x80, 0x7F, 0x80, 0x80, 0x80, 0x7F, 
	0x80, 0x80, 0x80, 0x80, 0x80, 0x80, 0x80, 0x80, 0x80, 0x80, 0x80, 0x80, 0x80, 0x81, 0x80, 0x80, 
	0x81, 0x7F, 0x80, 0x80, 0x80, 0x80, 0x80, 0x80, 0x80, 0x80, 0x80, 0x80, 0x7F, 0x80, 0x80, 0x80, 
	0x80, 0x80, 0x80, 0x7F, 0x80, 0x80, 0x80, 0x80, 0x81, 0x81, 0x80, 0x80, 0x80, 0x80, 0x80, 0x80, 
	0x80, 0x80, 0x80, 0x80, 0x80, 0x80, 0x80, 0x7F, 0x7F, 0x7F, 0x80, 0x80, 0x80, 0x80, 0x80, 0x7F, 
	0x80, 0x80, 0x80, 0x80, 0x7F, 0x80, 0x81, 0x80, 0x7F, 0x80, 0x80, 0x80, 0x80, 0x80, 0x80, 0x80, 
	0x80, 0x80, 0x81, 0x7F, 0x81, 0x80, 0x80, 0x80, 0x7F, 0x80, 0x80, 0x80, 0x80, 0x80, 0x7F, 0x80, 
	0x81, 0x81, 0x7F, 0x80, 0x80, 0x80, 0x80, 0x80, 0x80, 0x80, 0x80, 0x80, 0x80, 0x80, 0x80, 0x80, 
	0x80, 0x80, 0x80, 0x80, 0x80, 0x7F, 0x80, 0x80, 0x80, 0x80, 0x80, 0x80, 0x7F, 0x80, 0x80, 0x80, 
	0x81, 0x80, 0x80, 0x81, 0x80, 0x80, 0x80, 0x80, 0x80, 0x80, 0x80, 0x80, 0x80, 0x80, 0x7F, 0x80, 
	0x80, 0x80, 0x80, 0x80, 0x80, 0x80, 0x80, 0x80, 0x80, 0x80, 0x7F, 0x80, 0x7F, 0x80, 0x80, 0x80, 
	0x7F, 0x80, 0x80, 0x80, 0x80, 0x80, 0x80, 0x80, 0x80, 0x80, 0x7F, 0x81, 0x80, 0x80, 0x80, 0x81, 
	0x7F, 0x80, 0x80, 0x7F, 0x80, 0x81, 0x7F, 0x80, 0x80, 0x80, 0x81, 0x7F, 0x7F, 0x80, 0x81, 0x7F, 
	0x80, 0x7F, 0x80, 0x80, 0x80, 0x80, 0x80, 0x81, 0x80, 0x7F, 0x7F, 0x7F, 0x80, 0x80, 0x80, 0x81, 
	0x80, 0x7F, 0x80, 0x80, 0x80, 0x80, 0x81, 0x80, 0x80, 0x80, 0x80, 0x80, 0x81, 0x80, 0x80, 0x80, 
	0x80, 0x80, 0x81, 0x80, 0x80, 0x80, 0x80, 0x80, 0x80, 0x80, 0x80, 0x80, 0x80, 0x80, 0x80, 0x80, 
	0x81, 0x80, 0x80, 0x80, 0x80, 0x80, 0x7F, 0x80, 0x81, 0x80, 0x7F, 0x81, 0x80, 0x80, 0x80, 0x80, 
	0x80, 0x80, 0x7F, 0x81, 0x80, 0x80, 0x80, 0x80, 0x80, 0x80, 0x80, 0x80, 0x80, 0x80, 0x80, 0x80, 
	0x80, 0x80, 0x80, 0x80, 0x80, 0x7F, 0x80, 0x80, 0x80, 0x7F, 0x80, 0x80, 0x80, 0x80, 0x80, 0x80, 
	0x7F, 0x80, 0x80, 0x80, 0x7F, 0x80, 0x80, 0x80, 0x81, 0x80, 0x80, 0x80, 0x7F, 0x80, 0x80, 0x81, 
	0x80, 0x80, 0x80, 0x80, 0x80, 0x80, 0x80, 0x80, 0x80, 0x80, 0x80, 0x80, 0x80, 0x80, 0x80, 0x80, 
	0x80, 0x7F, 0x81, 0x81, 0x81, 0x7F, 0x80, 0x80, 0x81, 0x80, 0x80, 0x80, 0x80, 0x80, 0x81, 0x80, 
	0x80, 0x80, 0x80, 0x80, 0x80, 0x80, 0x80, 0x80, 0x7F, 0x80, 0x80, 0x80, 0x80, 0x80, 0x80, 0x80, 
	0x80, 0x80, 0x80, 0x7F, 0x7F, 0x7F, 0x80, 0x80, 0x80, 0x80, 0x81, 0x80, 0x80, 0x80, 0x80, 0x80, 
	0x80, 0x80, 0x7F, 0x7F, 0x80, 0x7F, 0x81, 0x80, 0x80, 0x80, 0x80, 0x81, 0x7F, 0x80, 0x80, 0x80, 
	0x80, 0x80, 0x7F, 0x80, 0x80, 0x80, 0x80, 0x80, 0x80, 0x80, 0x80, 0x80, 0x80, 0x81, 0x7F, 0x80, 
	0x80, 0x80, 0x81, 0x80, 0x81, 0x80, 0x80, 0x80, 0x80, 0x7F, 0x80, 0x80, 0x80, 0x80, 0x7F, 0x80, 
	0x80, 0x80, 0x80, 0x80, 0x80, 0x80, 0x81, 0x7F, 0x80, 0x80, 0x7F, 0x80, 0x80, 0x7F, 0x80, 0x80, 
	0x7F, 0x80, 0x80, 0x80, 0x80, 0x80, 0x80, 0x7F, 0x80, 0x81, 0x80, 0x80, 0x80, 0x80, 0x80, 0x80, 
	0x80, 0x81, 0x80, 0x80, 0x7F, 0x7F, 0x80, 0x81, 0x80, 0x80, 0x80, 0x81, 0x80, 0x80, 0x80, 0x80, 
	0x81, 0x80, 0x80, 0x80, 0x80, 0x80, 0x80, 0x80, 0x81, 0x80, 0x80, 0x80, 0x80, 0x80, 0x81, 0x80, 
	0x80, 0x80, 0x7F, 0x7F, 0x80, 0x7F, 0x7F, 0x80, 0x80, 0x80, 0x80, 0x80, 0x80, 0x80, 0x80, 0x80, 
	0x80, 0x80, 0x81, 0x7F, 0x80, 0x7F, 0x80, 0x80, 0x80, 0x80, 0x80, 0x81, 0x80, 0x80, 0x80, 0x80, 
	0x80, 0x80, 0x80, 0x81, 0x7F, 0x80, 0x81, 0x80, 0x80, 0x80, 0x80, 0x80, 0x80, 0x80, 0x80, 0x80, 
	0x80, 0x7F, 0x80, 0x7F, 0x80, 0x7F, 0x7F, 0x7F, 0x80, 0x80, 0x80, 0x80, 0x80, 0x80, 0x80, 0x80, 
	0x80, 0x80, 0x80, 0x80, 0x80, 0x7F, 0x80, 0x80, 0x80, 0x80, 0x80, 0x80, 0x80, 0x80, 0x80, 0x7F, 
	0x80, 0x80, 0x7F, 0x80, 0x80, 0x81, 0x80, 0x80, 0x80, 0x80, 0x80, 0x80, 0x80, 0x80, 0x80, 0x81, 
	0x80, 0x80, 0x7F, 0x80, 0x81, 0x80, 0x80, 0x80, 0x80, 0x80, 0x80, 0x80, 0x80, 0x80, 0x7F, 0x80, 
	0x81, 0x80, 0x80, 0x80, 0x80, 0x80, 0x80, 0x80, 0x80, 0x80, 0x80, 0x80, 0x80, 0x80, 0x80, 0x7F, 
	0x80, 0x80, 0x80, 0x80, 0x80, 0x7F, 0x80, 0x7F, 0x80, 0x80, 0x7F, 0x80, 0x80, 0x80, 0x80, 0x80, 
	0x80, 0x80, 0x7F, 0x80, 0x80, 0x80, 0x80, 0x80, 0x7F, 0x80, 0x7F, 0x80, 0x7F, 0x80, 0x80, 0x81, 
	0x80, 0x81, 0x80, 0x7F, 0x80, 0x80, 0x80, 0x80, 0x80, 0x80, 0x80, 0x80, 0x80, 0x80, 0x7F, 0x80, 
	0x80, 0x7F, 0x80, 0x81, 0x80, 0x81, 0x80, 0x7F, 0x80, 0x81, 0x80, 0x80, 0x80, 0x7F, 0x80, 0x80, 
	0x80, 0x80, 0x80, 0x80, 0x80, 0x80, 0x81, 0x80, 0x80, 0x80, 0x80, 0x80, 0x80, 0x80, 0x80, 0x80, 
	0x80, 0x80, 0x80, 0x81, 0x80, 0x80, 0x81, 0x80, 0x7F, 0x80, 0x80, 0x80, 0x80, 0x80, 0x80, 0x80, 
	0x80, 0x80, 0x7F, 0x80, 0x80, 0x80, 0x7F, 0x80, 0x80, 0x81, 0x80, 0x81, 0x80, 0x7F, 0x80, 0x80, 
	0x80, 0x7F, 0x80, 0x7F, 0x80, 0x80, 0x7F, 0x80, 0x81, 0x7F, 0x80, 0x80, 0x80, 0x81, 0x80, 0x80, 
	0x80, 0x80, 0x80, 0x80, 0x80, 0x7F, 0x80, 0x80, 0x80, 0x7F, 0x80, 0x80, 0x80, 0x80, 0x80, 0x80, 
	0x80, 0x80, 0x80, 0x80, 0x80, 0x80, 0x80, 0x7F, 0x80, 0x7F, 0x80, 0x81, 0x81, 0x80, 0x7F, 0x81, 
	0x80, 0x80, 0x80, 0x80, 0x80, 0x81, 0x80, 0x80, 0x81, 0x7F, 0x81, 0x7F, 0x80, 0x80, 0x80, 0x80, 
	0x80, 0x81, 0x7F, 0x81, 0x81, 0x80, 0x80, 0x80, 0x80, 0x80, 0x80, 0x80, 0x80, 0x80, 0x80, 0x80, 
	0x80, 0x80, 0x80, 0x7F, 0x7F, 0x80, 0x80, 0x7F, 0x80, 0x7F, 0x80, 0x7F, 0x7F, 0x80, 0x80, 0x80, 
	0x80, 0x80, 0x80, 0x81, 0x80, 0x80, 0x7F, 0x80, 0x81, 0x80, 0x7F, 0x7F, 0x80, 0x80, 0x80, 0x80, 
	0x7F, 0x80, 0x80, 0x80, 0x80, 0x80, 0x80, 0x80, 0x80, 0x80, 0x80, 0x7F, 0x80, 0x80, 0x7F, 0x80, 
	0x80, 0x81, 0x80, 0x80, 0x80, 0x80, 0x80, 0x80, 0x81, 0x80, 0x80, 0x80, 0x80, 0x80, 0x80, 0x80, 
	0x80, 0x7F, 0x80, 0x80, 0x80, 0x80, 0x80, 0x80, 0x80, 0x7F, 0x80, 0x80, 0x80, 0x7F, 0x80, 0x81, 
	0x80, 0x81, 0x80, 0x81, 0x80, 0x80, 0x80, 0x80, 0x81, 0x80, 0x80, 0x80, 0x7F, 0x80, 0x7F, 0x80, 
	0x81, 0x80, 0x80, 0x80, 0x80, 0x81, 0x80, 0x80, 0x80, 0x80, 0x80, 0x81, 0x80, 0x80, 0x80, 0x80, 
	0x80, 0x80, 0x80, 0x80, 0x7F, 0x81, 0x80, 0x80, 0x80, 0x80, 0x80, 0x80, 0x80, 0x80, 0x7F, 0x80, 
	0x7F, 0x80, 0x80, 0x80, 0x80, 0x80, 0x80, 0x80, 0x80, 0x80, 0x80, 0x7F, 0x80, 0x81, 0x80, 0x80, 
	0x80, 0x7F, 0x80, 0x7F, 0x80, 0x80, 0x80, 0x80, 0x80, 0x80, 0x7F, 0x81, 0x80, 0x80, 0x81, 0x80, 
	0x80, 0x80, 0x80, 0x80, 0x80, 0x7F, 0x80, 0x80, 0x80, 0x80, 0x80, 0x7F, 0x80, 0x80, 0x80, 0x81, 
	0x80, 0x7F, 0x80, 0x80, 0x80, 0x80, 0x80, 0x80, 0x80, 0x80, 0x80, 0x80, 0x7F, 0x81, 0x7F, 0x81, 
	0x80, 0x80, 0x80, 0x80, 0x7F, 0x80, 0x7F, 0x80, 0x80, 0x81, 0x7F, 0x80, 0x80, 0x80, 0x81, 0x80, 
	0x80, 0x81, 0x7F, 0x81, 0x80, 0x80, 0x81, 0x81, 0x80, 0x80, 0x80, 0x80, 0x81, 0x80, 0x7F, 0x7F, 
	0x80, 0x7F, 0x80, 0x81, 0x7F, 0x80, 0x80, 0x7F, 0x81, 0x80, 0x80, 0x80, 0x80, 0x80, 0x80, 0x80, 
	0x80, 0x80, 0x80, 0x80, 0x80, 0x80, 0x80, 0x80, 0x80, 0x80, 0x80, 0x81, 0x80, 0x7F, 0x80, 0x80, 
	0x80, 0x80, 0x80, 0x80, 0x80, 0x80, 0x7F, 0x7F, 0x80, 0x80, 0x80, 0x80, 0x80, 0x80, 0x80, 0x80, 
	0x80, 0x80, 0x80, 0x80, 0x80, 0x80, 0x80, 0x80, 0x80, 0x80, 0x80, 0x80, 0x7F, 0x80, 0x80, 0x7F, 
	0x80, 0x81, 0x80, 0x7F, 0x81, 0x80, 0x80, 0x81, 0x7F, 0x80, 0x80, 0x80, 0x80, 0x81, 0x7F, 0x80, 
	0x7F, 0x80, 0x80, 0x81, 0x80, 0x80, 0x80, 0x80, 0x81, 0x7F, 0x80, 0x80, 0x80, 0x80, 0x80, 0x80, 
	0x80, 0x80, 0x80, 0x80, 0x80, 0x80, 0x80, 0x80, 0x80, 0x80, 0x80, 0x7F, 0x80, 0x7F, 0x81, 0x80, 
	0x7F, 0x80, 0x80, 0x80, 0x80, 0x80, 0x80, 0x80, 0x80, 0x80, 0x80, 0x80, 0x80, 0x7F, 0x80, 0x7F, 
	0x80, 0x80, 0x81, 0x80, 0x80, 0x80, 0x7F, 0x80, 0x7F, 0x80, 0x80, 0x7F, 0x80, 0x80, 0x80, 0x81, 
	0x80, 0x80, 0x80, 0x80, 0x80, 0x7F, 0x80, 0x80, 0x80, 0x80, 0x80, 0x7F, 0x80, 0x80, 0x80, 0x80, 
	0x7F, 0x80, 0x80, 0x80, 0x80, 0x80, 0x80, 0x81, 0x81, 0x81, 0x80, 0x80, 0x81, 0x80, 0x80, 0x80, 
	0x80, 0x80, 0x80, 0x80, 0x81, 0x80, 0x80, 0x80, 0x80, 0x80, 0x80, 0x80, 0x80, 0x80, 0x80, 0x81, 
	0x7F, 0x80, 0x80, 0x80, 0x80, 0x80, 0x80, 0x7F, 0x81, 0x80, 0x80, 0x80, 0x81, 0x80, 0x80, 0x80, 
	0x80, 0x80, 0x80, 0x7F, 0x81, 0x7F, 0x80, 0x80, 0x80, 0x7F, 0x7F, 0x81, 0x80, 0x80, 0x80, 0x80, 
	0x80, 0x80, 0x80, 0x80, 0x80, 0x81, 0x80, 0x80, 0x80, 0x80, 0x80, 0x80, 0x80, 0x80, 0x80, 0x80, 
	0x80, 0x80, 0x80, 0x80, 0x80, 0x7F, 0x81, 0x80, 0x7F, 0x80, 0x80, 0x80, 0x81, 0x80, 0x7F, 0x80, 
	0x80, 0x80, 0x80, 0x80, 0x80, 0x80, 0x80, 0x7F, 0x81, 0x80, 0x80, 0x80, 0x80, 0x80, 0x80, 0x80, 
	0x80, 0x80, 0x80, 0x80, 0x81, 0x81, 0x80, 0x80, 0x80, 0x80, 0x7F, 0x80, 0x81, 0x80, 0x80, 0x80, 
	0x80, 0x80, 0x7F, 0x80, 0x81, 0x80, 0x81, 0x80, 0x80, 0x80, 0x80, 0x80, 0x80, 0x80, 0x7F, 0x80, 
	0x80, 0x7F, 0x80, 0x80, 0x80, 0x80, 0x80, 0x80, 0x80, 0x81, 0x80, 0x81, 0x80, 0x80, 0x7F, 0x80, 
	0x80, 0x80, 0x80, 0x80, 0x80, 0x7F, 0x81, 0x80, 0x80, 0x80, 0x80, 0x80, 0x80, 0x81, 0x80, 0x80, 
	0x80, 0x80, 0x80, 0x80, 0x80, 0x80, 0x7F, 0x80, 0x80, 0x81, 0x80, 0x80, 0x7F, 0x80, 0x7F, 0x7F, 
	0x80, 0x81, 0x7F, 0x80, 0x80, 0x80, 0x7F, 0x80, 0x80, 0x80, 0x80, 0x80, 0x80, 0x80, 0x7F, 0x80, 
	0x80, 0x7F, 0x80, 0x80, 0x7F, 0x80, 0x80, 0x80, 0x80, 0x80, 0x81, 0x80, 0x80, 0x80, 0x7F, 0x80, 
	0x80, 0x80, 0x80, 0x80, 0x7F, 0x80, 0x80, 0x80, 0x80, 0x80, 0x80, 0x80, 0x80, 0x81, 0x80, 0x80, 
	0x80, 0x81, 0x80, 0x80, 0x80, 0x80, 0x80, 0x80, 0x80, 0x80, 0x7F, 0x81, 0x80, 0x80, 0x80, 0x80, 
	0x81, 0x80, 0x80, 0x80, 0x7F, 0x80, 0x80, 0x81, 0x80, 0x80, 0x80, 0x80, 0x80, 0x80, 0x81, 0x80, 
	0x80, 0x7F, 0x80, 0x80, 0x80, 0x7F, 0x80, 0x80, 0x7F, 0x80, 0x7F, 0x80, 0x80, 0x80, 0x7F, 0x80, 
	0x80, 0x80, 0x81, 0x7F, 0x80, 0x80, 0x80, 0x81, 0x80, 0x80, 0x7F, 0x80, 0x80, 0x7F, 0x80, 0x80, 
	0x80, 0x80, 0x7F, 0x81, 0x80, 0x80, 0x80, 0x80, 0x80, 0x80, 0x7F, 0x80, 0x81, 0x80, 0x80, 0x80, 
	0x80, 0x80, 0x7F, 0x80, 0x81, 0x81, 0x80, 0x80, 0x80, 0x7F, 0x80, 0x80, 0x80, 0x81, 0x80, 0x80, 
	0x81, 0x80, 0x81, 0x7F, 0x7F, 0x80, 0x80, 0x7F, 0x81, 0x80, 0x80, 0x80, 0x81, 0x81, 0x80, 0x80, 
	0x80, 0x80, 0x80, 0x80, 0x81, 0x7F, 0x80, 0x80, 0x80, 0x80, 0x80, 0x80, 0x80, 0x80, 0x80, 0x7F, 
	0x7F, 0x80, 0x80, 0x80, 0x80, 0x7F, 0x80, 0x80, 0x80, 0x80, 0x80, 0x80, 0x80, 0x80, 0x80, 0x80, 
	0x80, 0x80, 0x80, 0x81, 0x80, 0x81, 0x80, 0x80, 0x81, 0x7F, 0x7F, 0x80, 0x80, 0x7F, 0x80, 0x80, 
	0x80, 0x7F, 0x80, 0x80, 0x80, 0x80, 0x80, 0x80, 0x7F, 0x80, 0x80, 0x81, 0x80, 0x7F, 0x81, 0x81, 
	0x81, 0x81, 0x80, 0x7F, 0x7F, 0x80, 0x80, 0x80, 0x80, 0x7F, 0x81, 0x80, 0x80, 0x80, 0x80, 0x80, 
	0x80, 0x80, 0x80, 0x81, 0x80, 0x80, 0x80, 0x80, 0x80, 0x80, 0x80, 0x81, 0x80, 0x80, 0x80, 0x80, 
	0x80, 0x80, 0x80, 0x80, 0x80, 0x80, 0x80, 0x80, 0x80, 0x81, 0x80, 0x81, 0x80, 0x80, 0x80, 0x80, 
	0x80, 0x81, 0x80, 0x80, 0x7F, 0x80, 0x80, 0x7F, 0x81, 0x81, 0x80, 0x81, 0x80, 0x80, 0x80, 0x81, 
	0x80, 0x80, 0x80, 0x80, 0x7F, 0x80, 0x80, 0x7F, 0x81, 0x80, 0x80, 0x80, 0x81, 0x80, 0x80, 0x80, 
	0x80, 0x80, 0x80, 0x81, 0x80, 0x80, 0x80, 0x80, 0x80, 0x80, 0x80, 0x80, 0x80, 0x80, 0x80, 0x80, 
	0x81, 0x80, 0x80, 0x80, 0x80, 0x80, 0x80, 0x80, 0x80, 0x7F, 0x80, 0x80, 0x80, 0x80, 0x80, 0x80, 
	0x7F, 0x80, 0x80, 0x80, 0x80, 0x81, 0x80, 0x80, 0x80, 0x80, 0x80, 0x80, 0x80, 0x80, 0x80, 0x80, 
	0x80, 0x80, 0x81, 0x80, 0x80, 0x81, 0x80, 0x80, 0x80, 0x80, 0x80, 0x81, 0x81, 0x80, 0x80, 0x80, 
	0x81, 0x80, 0x80, 0x80, 0x80, 0x7F, 0x80, 0x80, 0x80, 0x81, 0x80, 0x81, 0x80, 0x80, 0x80, 0x80, 
	0x81, 0x80, 0x80, 0x80, 0x80, 0x80, 0x80, 0x80, 0x80, 0x81, 0x80, 0x80, 0x80, 0x80, 0x80, 0x80, 
	0x80, 0x80, 0x80, 0x80, 0x80, 0x80, 0x81, 0x80, 0x80, 0x80, 0x80, 0x80, 0x80, 0x80, 0x80, 0x80, 
	0x80, 0x80, 0x80, 0x80, 0x80, 0x7F, 0x80, 0x80, 0x80, 0x80, 0x80, 0x7F, 0x80, 0x80, 0x80, 0x80, 
	0x80, 0x80, 0x81, 0x80, 0x80, 0x80, 0x81, 0x80, 0x80, 0x80, 0x80, 0x7F, 0x80, 0x81, 0x80, 0x80, 
	0x80, 0x80, 0x80, 0x80, 0x80, 0x80, 0x80, 0x80, 0x80, 0x80, 0x80, 0x80, 0x7F, 0x80, 0x80, 0x80, 
	0x80, 0x80, 0x80, 0x80, 0x80, 0x80, 0x81, 0x80, 0x80, 0x80, 0x80, 0x80, 0x80, 0x80, 0x7F, 0x80, 
	0x80, 0x80, 0x80, 0x80, 0x80, 0x7F, 0x80, 0x80, 0x80, 0x80, 0x80, 0x7F, 0x80, 0x80, 0x80, 0x80, 
	0x80, 0x80, 0x80, 0x80, 0x80, 0x80, 0x80, 0x80, 0x80, 0x80, 0x80, 0x7F, 0x80, 0x80, 0x7F, 0x7F, 
	0x80, 0x80, 0x7F, 0x80, 0x80, 0x80, 0x80, 0x80, 0x80, 0x81, 0x80, 0x80, 0x80, 0x80, 0x80, 0x80, 
	0x80, 0x80, 0x80, 0x80, 0x80, 0x80, 0x80, 0x80, 0x80, 0x80, 0x80, 0x80, 0x80, 0x81, 0x80, 0x81, 
	0x80, 0x80, 0x80, 0x80, 0x80, 0x80, 0x80, 0x80, 0x81, 0x80, 0x80, 0x80, 0x80, 0x80, 0x80, 0x80, 
	0x80, 0x80, 0x80, 0x7F, 0x80, 0x81, 0x80, 0x7F, 0x80, 0x80, 0x80, 0x80, 0x80, 0x7F, 0x7F, 0x80, 
	0x81, 0x80, 0x80, 0x80, 0x80, 0x80, 0x80, 0x80, 0x7F, 0x80, 0x80, 0x80, 0x80, 0x80, 0x80, 0x80, 
	0x80, 0x80, 0x80, 0x80, 0x80, 0x80, 0x81, 0x80, 0x80, 0x7F, 0x80, 0x80, 0x80, 0x80, 0x80, 0x80, 
	0x80, 0x80, 0x80, 0x80, 0x80, 0x80, 0x80, 0x80, 0x80, 0x80, 0x80, 0x80, 0x80, 0x80, 0x80, 0x80, 
	0x80, 0x80, 0x80, 0x80, 0x81, 0x80, 0x80, 0x80, 0x7F, 0x7F, 0x80, 0x81, 0x80, 0x80, 0x80, 0x80, 
	0x80, 0x80, 0x80, 0x80, 0x7F, 0x80, 0x80, 0x80, 0x80, 0x80, 0x80, 0x80, 0x80, 0x80, 0x80, 0x80, 
	0x80, 0x80, 0x80, 0x80, 0x7F, 0x80, 0x81, 0x80, 0x7F, 0x7F, 0x80, 0x7F, 0x80, 0x80, 0x7F, 0x80, 
	0x80, 0x81, 0x80, 0x80, 0x7F, 0x80, 0x80, 0x80, 0x80, 0x80, 0x80, 0x80, 0x81, 0x7F, 0x80, 0x80, 
	0x80, 0x80, 0x80, 0x7F, 0x80, 0x80, 0x80, 0x80, 0x7F, 0x81, 0x80, 0x80, 0x80, 0x80, 0x80, 0x80, 
	0x80, 0x80, 0x80, 0x80, 0x80, 0x80, 0x80, 0x80, 0x81, 0x80, 0x81, 0x80, 0x80, 0x80, 0x80, 0x80, 
	0x80, 0x80, 0x7F, 0x80, 0x80, 0x80, 0x81, 0x80, 0x80, 0x80, 0x80, 0x80, 0x80, 0x80, 0x80, 0x80, 
	0x80, 0x7F, 0x81, 0x80, 0x80, 0x7F, 0x80, 0x80, 0x80, 0x80, 0x80, 0x80, 0x80, 0x7F, 0x80, 0x80, 
	0x80, 0x80, 0x81, 0x81, 0x80, 0x80, 0x80, 0x81, 0x80, 0x80, 0x80, 0x80, 0x80, 0x80, 0x80, 0x7F, 
	0x80, 0x81, 0x80, 0x80, 0x80, 0x80, 0x80, 0x80, 0x80, 0x80, 0x80, 0x80, 0x80, 0x80, 0x80, 0x80, 
	0x80, 0x80, 0x80, 0x80, 0x80, 0x80, 0x80, 0x80, 0x80, 0x80, 0x80, 0x80, 0x80, 0x7F, 0x80, 0x7F, 
	0x80, 0x80, 0x80, 0x80, 0x80, 0x80, 0x80, 0x80, 0x80, 0x80, 0x80, 0x81, 0x7F, 0x80, 0x80, 0x80, 
	0x80, 0x7F, 0x80, 0x80, 0x80, 0x7F, 0x80, 0x80, 0x80, 0x80, 0x80, 0x80, 0x80, 0x80, 0x80, 0x7F, 
	0x81, 0x80, 0x80, 0x7F, 0x80, 0x80, 0x80, 0x80, 0x80, 0x80, 0x80, 0x80, 0x80, 0x7F, 0x81, 0x80, 
	0x80, 0x80, 0x80, 0x80, 0x80, 0x80, 0x80, 0x80, 0x80, 0x80, 0x80, 0x80, 0x80, 0x80, 0x80, 0x80, 
	0x80, 0x80, 0x80, 0x80, 0x80, 0x7F, 0x80, 0x80, 0x80, 0x7F, 0x80, 0x7F, 0x7F, 0x80, 0x80, 0x80, 
	0x80, 0x80, 0x80, 0x80, 0x80, 0x80, 0x80, 0x80, 0x80, 0x80, 0x80, 0x80, 0x80, 0x80, 0x80, 0x81, 
	0x80, 0x80, 0x80, 0x80, 0x80, 0x80, 0x80, 0x80, 0x80, 0x80, 0x7F, 0x80, 0x80, 0x7F, 0x7F, 0x80, 
	0x81, 0x80, 0x80, 0x80, 0x80, 0x80, 0x80, 0x80, 0x80, 0x80, 0x80, 0x80, 0x80, 0x80, 0x80, 0x7F, 
	0x80, 0x80, 0x80, 0x80, 0x80, 0x80, 0x80, 0x80, 0x80, 0x80, 0x80, 0x80, 0x80, 0x80, 0x80, 0x7F, 
	0x80, 0x80, 0x80, 0x80, 0x80, 0x81, 0x7F, 0x81, 0x80, 0x80, 0x80, 0x80, 0x80, 0x81, 0x80, 0x80, 
	0x80, 0x80, 0x80, 0x80, 0x80, 0x81, 0x80, 0x80, 0x80, 0x80, 0x80, 0x80, 0x80, 0x80, 0x80, 0x81, 
	0x80, 0x80, 0x80, 0x80, 0x80, 0x80, 0x81, 0x80, 0x81, 0x81, 0x80, 0x80, 0x80, 0x81, 0x80, 0x80, 
	0x80, 0x80, 0x80, 0x81, 0x80, 0x81, 0x80, 0x80, 0x80, 0x80, 0x80, 0x80, 0x81, 0x80, 0x80, 0x80, 
	0x80, 0x80, 0x80, 0x80, 0x80, 0x80, 0x7F, 0x7F, 0x80, 0x80, 0x81, 0x80, 0x80, 0x80, 0x81, 0x80, 
	0x80, 0x80, 0x80, 0x80, 0x80, 0x80, 0x80, 0x81, 0x80, 0x80, 0x80, 0x80, 0x80, 0x80, 0x80, 0x80, 
	0x80, 0x80, 0x80, 0x80, 0x80, 0x80, 0x80, 0x80, 0x80, 0x80, 0x7F, 0x80, 0x7F, 0x80, 0x80, 0x80, 
	0x80, 0x80, 0x80, 0x80, 0x81, 0x80, 0x80, 0x80, 0x7F, 0x80, 0x80, 0x80, 0x80, 0x7F, 0x80, 0x80, 
	0x80, 0x81, 0x80, 0x7F, 0x80, 0x80, 0x80, 0x80, 0x80, 0x7F, 0x80, 0x80, 0x80, 0x80, 0x80, 0x80, 
	0x80, 0x80, 0x80, 0x80, 0x80, 0x80, 0x80, 0x80, 0x80, 0x80, 0x80, 0x80, 0x80, 0x80, 0x80, 0x80, 
	0x80, 0x81, 0x81, 0x80, 0x80, 0x80, 0x80, 0x80, 0x80, 0x80, 0x80, 0x80, 0x80, 0x80, 0x80, 0x80, 
	0x80, 0x80, 0x80, 0x80, 0x80, 0x80, 0x80, 0x80, 0x80, 0x7F, 0x80, 0x80, 0x80, 0x80, 0x80, 0x7F, 
	0x80, 0x80, 0x80, 0x80, 0x80, 0x80, 0x80, 0x80, 0x81, 0x80, 0x80, 0x7F, 0x80, 0x80, 0x80, 0x80, 
	0x80, 0x81, 0x7F, 0x80, 0x80, 0x80, 0x80, 0x80, 0x80, 0x80, 0x80, 0x81, 0x80, 0x80, 0x81, 0x80, 
	0x80, 0x80, 0x80, 0x80, 0x80, 0x80, 0x7F, 0x80, 0x80, 0x80, 0x80, 0x80, 0x80, 0x80, 0x80, 0x80, 
	0x80, 0x81, 0x81, 0x80, 0x80, 0x80, 0x81, 0x80, 0x80, 0x80, 0x80, 0x80, 0x80, 0x80, 0x80, 0x80, 
	0x80, 0x7F, 0x80, 0x80, 0x80, 0x80, 0x80, 0x80, 0x80, 0x80, 0x80, 0x80, 0x80, 0x80, 0x80, 0x80, 
	0x80, 0x80, 0x80, 0x81, 0x7F, 0x80, 0x80, 0x80, 0x80, 0x80, 0x7F, 0x81, 0x80, 0x80, 0x80, 0x80, 
	0x80, 0x80, 0x80, 0x80, 0x80, 0x80, 0x80, 0x80, 0x80, 0x7F, 0x80, 0x7F, 0x80, 0x80, 0x7F, 0x7F, 
	0x80, 0x80, 0x7F, 0x80, 0x80, 0x7F, 0x80, 0x80, 0x80, 0x80, 0x80, 0x80, 0x80, 0x80, 0x80, 0x80, 
	0x80, 0x80, 0x80, 0x80, 0x80, 0x80, 0x80, 0x80, 0x80, 0x7F, 0x80, 0x80, 0x81, 0x7F, 0x80, 0x80, 
	0x80, 0x80, 0x81, 0x80, 0x80, 0x80, 0x80, 0x80, 0x7F, 0x7F, 0x7F, 0x80, 0x81, 0x80, 0x7F, 0x80, 
	0x80, 0x81, 0x80, 0x80, 0x80, 0x80, 0x7F, 0x80, 0x80, 0x80, 0x80, 0x80, 0x7F, 0x80, 0x80, 0x81, 
	0x80, 0x80, 0x80, 0x81, 0x80, 0x80, 0x80, 0x80, 0x81, 0x80, 0x80, 0x81, 0x80, 0x80, 0x80, 0x80, 
	0x80, 0x80, 0x80, 0x80, 0x81, 0x80, 0x80, 0x7F, 0x80, 0x80, 0x80, 0x80, 0x80, 0x80, 0x80, 0x80, 
	0x80, 0x80, 0x80, 0x7F, 0x7F, 0x80, 0x80, 0x80, 0x80, 0x80, 0x80, 0x80, 0x80, 0x80, 0x80, 0x80, 
	0x80, 0x80, 0x80, 0x80, 0x80, 0x80, 0x7F, 0x80, 0x80, 0x81, 0x80, 0x80, 0x80, 0x80, 0x80, 0x80, 
	0x80, 0x81, 0x80, 0x80, 0x80, 0x80, 0x80, 0x80, 0x80, 0x80, 0x80, 0x80, 0x80, 0x80, 0x81, 0x80, 
	0x80, 0x7F, 0x7F, 0x80, 0x80, 0x80, 0x80, 0x7F, 0x80, 0x80, 0x80, 0x80, 0x80, 0x80, 0x80, 0x81, 
	0x80, 0x7F, 0x80, 0x80, 0x80, 0x80, 0x80, 0x80, 0x80, 0x81, 0x80, 0x80, 0x80, 0x80, 0x80, 0x80, 
	0x80, 0x80, 0x80, 0x80, 0x80, 0x80, 0x80, 0x80, 0x80, 0x80, 0x7F, 0x80, 0x80, 0x81, 0x80, 0x80, 
	0x81, 0x80, 0x80, 0x7F, 0x81, 0x80, 0x80, 0x7F, 0x80, 0x80, 0x80, 0x80, 0x80, 0x80, 0x80, 0x7F, 
	0x80, 0x80, 0x80, 0x7F, 0x80, 0x80, 0x80, 0x80, 0x81, 0x80, 0x80, 0x80, 0x7F, 0x80, 0x80, 0x80, 
	0x80, 0x80, 0x80, 0x80, 0x80, 0x81, 0x80, 0x80, 0x80, 0x80, 0x81, 0x80, 0x80, 0x80, 0x80, 0x80, 
	0x80, 0x80, 0x80, 0x80, 0x80, 0x80, 0x80, 0x7F, 0x80, 0x80, 0x80, 0x80, 0x80, 0x80, 0x80, 0x80, 
	0x80, 0x80, 0x80, 0x80, 0x80, 0x80, 0x80, 0x81, 0x80, 0x7F, 0x80, 0x80, 0x80, 0x80, 0x80, 0x80, 
	0x81, 0x80, 0x81, 0x80, 0x80, 0x80, 0x80, 0x7F, 0x80, 0x80, 0x7F, 0x80, 0x80, 0x80, 0x80, 0x80, 
	0x80, 0x80, 0x80, 0x81, 0x80, 0x80, 0x80, 0x80, 0x80, 0x80, 0x80, 0x7F, 0x80, 0x80, 0x81, 0x80, 
	0x80, 0x80, 0x80, 0x80, 0x80, 0x80, 0x80, 0x80, 0x80, 0x80, 0x80, 0x80, 0x80, 0x80, 0x80, 0x80, 
	0x80, 0x80, 0x80, 0x80, 0x80, 0x80, 0x81, 0x80, 0x80, 0x80, 0x80, 0x80, 0x7F, 0x80, 0x80, 0x7F, 
	0x80, 0x80, 0x80, 0x7F, 0x80, 0x80, 0x80, 0x80, 0x80, 0x80, 0x7F, 0x80, 0x80, 0x80, 0x80, 0x80, 
	0x81, 0x80, 0x80, 0x81, 0x80, 0x80, 0x80, 0x80, 0x80, 0x80, 0x80, 0x80, 0x80, 0x7F, 0x80, 0x80, 
	0x80, 0x81, 0x80, 0x80, 0x80, 0x80, 0x7F, 0x81, 0x80, 0x80, 0x80, 0x80, 0x80, 0x80, 0x80, 0x80, 
	0x80, 0x80, 0x80, 0x80, 0x7F, 0x80, 0x80, 0x80, 0x81, 0x80, 0x7F, 0x80, 0x7F, 0x80, 0x80, 0x80, 
	0x80, 0x80, 0x80, 0x80, 0x80, 0x80, 0x80, 0x80, 0x80, 0x80, 0x7F, 0x80, 0x80, 0x81, 0x80, 0x80, 
	0x80, 0x80, 0x7F, 0x7F, 0x80, 0x80, 0x7F, 0x80, 0x7F, 0x80, 0x80, 0x7F, 0x80, 0x80, 0x80, 0x80, 
	0x80, 0x80, 0x80, 0x80, 0x80, 0x7F, 0x80, 0x80, 0x80, 0x80, 0x80, 0x80, 0x80, 0x80, 0x81, 0x80, 
	0x7F, 0x81, 0x80, 0x80, 0x80, 0x80, 0x80, 0x80, 0x80, 0x80, 0x80, 0x80, 0x80, 0x81, 0x80, 0x7F, 
	0x7F, 0x7F, 0x80, 0x80, 0x80, 0x7F, 0x7F, 0x80, 0x7F, 0x80, 0x81, 0x80, 0x7F, 0x80, 0x81, 0x80, 
	0x80, 0x80, 0x80, 0x80, 0x80, 0x80, 0x80, 0x7F, 0x80, 0x7F, 0x80, 0x80, 0x80, 0x81, 0x80, 0x80, 
	0x80, 0x80, 0x80, 0x80, 0x80, 0x80, 0x80, 0x80, 0x7F, 0x80, 0x80, 0x80, 0x80, 0x80, 0x80, 0x80, 
	0x80, 0x80, 0x80, 0x81, 0x7F, 0x80, 0x80, 0x80, 0x80, 0x80, 0x80, 0x80, 0x80, 0x80, 0x80, 0x80, 
	0x80, 0x80, 0x80, 0x80, 0x81, 0x80, 0x80, 0x80, 0x80, 0x80, 0x80, 0x80, 0x7F, 0x80, 0x80, 0x80, 
	0x80, 0x80, 0x80, 0x80, 0x80, 0x7F, 0x80, 0x81, 0x80, 0x80, 0x80, 0x80, 0x80, 0x80, 0x80, 0x80, 
	0x80, 0x81, 0x80, 0x80, 0x80, 0x7F, 0x80, 0x80, 0x7F, 0x80, 0x80, 0x80, 0x7F, 0x81, 0x7F, 0x80, 
	0x80, 0x80, 0x80, 0x7F, 0x80, 0x80, 0x80, 0x80, 0x80, 0x81, 0x80, 0x80, 0x80, 0x80, 0x7F, 0x80, 
	0x81, 0x80, 0x80, 0x7F, 0x7F, 0x80, 0x80, 0x80, 0x80, 0x80, 0x80, 0x80, 0x80, 0x81, 0x7F, 0x80, 
	0x80, 0x80, 0x80, 0x80, 0x7F, 0x80, 0x80, 0x80, 0x80, 0x81, 0x7F, 0x81, 0x80, 0x80, 0x7F, 0x80, 
	0x80, 0x80, 0x80, 0x80, 0x80, 0x80, 0x7F, 0x80, 0x80, 0x80, 0x80, 0x80, 0x7F, 0x80, 0x80, 0x80, 
	0x7F, 0x80, 0x80, 0x80, 0x7F, 0x80, 0x7F, 0x80, 0x80, 0x81, 0x80, 0x80, 0x80, 0x81, 0x80, 0x80, 
	0x80, 0x80, 0x80, 0x80, 0x7F, 0x80, 0x81, 0x80, 0x80, 0x81, 0x80, 0x80, 0x80, 0x80, 0x80, 0x7F, 
	0x80, 0x80, 0x80, 0x80, 0x80, 0x80, 0x80, 0x80, 0x81, 0x81, 0x80, 0x7F, 0x80, 0x80, 0x80, 0x80, 
	0x80, 0x80, 0x80, 0x81, 0x7F, 0x80, 0x80, 0x80, 0x80, 0x80, 0x80, 0x80, 0x80, 0x80, 0x80, 0x80, 
	0x7F, 0x81, 0x80, 0x80, 0x7F, 0x80, 0x80, 0x81, 0x7F, 0x80, 0x80, 0x80, 0x80, 0x80, 0x80, 0x7F, 
	0x80, 0x81, 0x80, 0x81, 0x7F, 0x80, 0x80, 0x81, 0x7F, 0x80, 0x80, 0x80, 0x80, 0x80, 0x80, 0x80, 
	0x80, 0x80, 0x80, 0x80, 0x7F, 0x80, 0x80, 0x80, 0x80, 0x81, 0x7F, 0x81, 0x80, 0x80, 0x80, 0x81, 
	0x80, 0x80, 0x80, 0x80, 0x7F, 0x80, 0x80, 0x81, 0x7F, 0x80, 0x80, 0x80, 0x80, 0x80, 0x80, 0x80, 
	0x80, 0x80, 0x80, 0x80, 0x80, 0x80, 0x80, 0x81, 0x80, 0x81, 0x80, 0x80, 0x80, 0x81, 0x80, 0x80, 
	0x80, 0x81, 0x7F, 0x80, 0x7F, 0x80, 0x7F, 0x80, 0x7F, 0x80, 0x7F, 0x80, 0x7F, 0x80, 0x7F, 0x81, 
	0x80, 0x81, 0x7F, 0x80, 0x80, 0x80, 0x7F, 0x80, 0x7F, 0x80, 0x80, 0x80, 0x80, 0x80, 0x80, 0x80, 
	0x80, 0x80, 0x7F, 0x80, 0x80, 0x81, 0x80, 0x81, 0x80, 0x80, 0x80, 0x80, 0x7F, 0x80, 0x80, 0x81, 
	0x7F, 0x81, 0x7F, 0x80, 0x7F, 0x80, 0x80, 0x81, 0x80, 0x81, 0x7F, 0x81, 0x80, 0x81, 0x7F, 0x80, 
	0x7F, 0x80, 0x7F, 0x81, 0x7F, 0x80, 0x7F, 0x81, 0x7F, 0x80, 0x7F, 0x80, 0x7E, 0x81, 0x7F, 0x81, 
	0x80, 0x80, 0x80, 0x80, 0x7F, 0x81, 0x7F, 0x81, 0x7F, 0x81, 0x7F, 0x81, 0x80, 0x81, 0x80, 0x81, 
	0x80, 0x81, 0x7F, 0x81, 0x80, 0x81, 0x7F, 0x80, 0x7F, 0x81, 0x80, 0x80, 0x80, 0x80, 0x7F, 0x81, 
	0x7F, 0x80, 0x80, 0x81, 0x80, 0x81, 0x80, 0x80, 0x80, 0x81, 0x80, 0x80, 0x7F, 0x81, 0x7F, 0x81, 
	0x80, 0x80, 0x80, 0x82, 0x7F, 0x81, 0x80, 0x81, 0x7E, 0x82, 0x7E, 0x81, 0x7E, 0x82, 0x7E, 0x82, 
	0x7E, 0x82, 0x7E, 0x82, 0x7E, 0x83, 0x7D, 0x83, 0x7C, 0x83, 0x7D, 0x82, 0x7E, 0x83, 0x7D, 0x84, 
	0x7D, 0x84, 0x7D, 0x83, 0x7D, 0x82, 0x7E, 0x81, 0x7D, 0x82, 0x7F, 0x82, 0x7E, 0x82, 0x7F, 0x7F, 
	0x81, 0x80, 0x80, 0x7E, 0x82, 0x7E, 0x82, 0x7F, 0x80, 0x7F, 0x80, 0x7E, 0x85, 0x7C, 0x84, 0x7D, 
	0x82, 0x7D, 0x83, 0x7C, 0x84, 0x7C, 0x84, 0x7D, 0x82, 0x7C, 0x84, 0x7C, 0x82, 0x80, 0x7D, 0x82, 
	0x80, 0x81, 0x7F, 0x82, 0x7E, 0x83, 0x7E, 0x81, 0x80, 0x7F, 0x80, 0x80, 0x80, 0x7F, 0x81, 0x7F, 
	0x7F, 0x81, 0x7F, 0x80, 0x81, 0x80, 0x7E, 0x85, 0x7B, 0x86, 0x7A, 0x84, 0x7D, 0x81, 0x7F, 0x7F, 
	0x82, 0x7E, 0x82, 0x7F, 0x7F, 0x81, 0x7E, 0x81, 0x81, 0x7D, 0x84, 0x7C, 0x82, 0x7F, 0x7E, 0x82, 
	0x7D, 0x81, 0x80, 0x7F, 0x81, 0x7D, 0x84, 0x7B, 0x86, 0x7A, 0x83, 0x81, 0x7E, 0x81, 0x81, 0x7C, 
	0x85, 0x7C, 0x82, 0x81, 0x7F, 0x80, 0x81, 0x7F, 0x7E, 0x83, 0x7E, 0x7E, 0x87, 0x77, 0x87, 0x7D, 
	0x80, 0x81, 0x82, 0x7C, 0x82, 0x82, 0x7D, 0x82, 0x82, 0x7C, 0x82, 0x80, 0x7E, 0x82, 0x81, 0x7D, 
	0x82, 0x7F, 0x7F, 0x82, 0x80, 0x7E, 0x84, 0x7D, 0x81, 0x81, 0x7E, 0x81, 0x80, 0x7F, 0x80, 0x80, 
	0x80, 0x80, 0x7F, 0x7F, 0x82, 0x7D, 0x83, 0x7F, 0x7E, 0x85, 0x7A, 0x82, 0x82, 0x7B, 0x83, 0x7E, 
	0x7F, 0x81, 0x81, 0x7F, 0x81, 0x81, 0x7D, 0x84, 0x7E, 0x7F, 0x86, 0x79, 0x84, 0x81, 0x7D, 0x84, 
	0x7D, 0x82, 0x7E, 0x83, 0x7D, 0x80, 0x83, 0x7B, 0x82, 0x81, 0x7D, 0x83, 0x7F, 0x7E, 0x82, 0x7E, 
	0x80, 0x80, 0x82, 0x7B, 0x85, 0x7F, 0x7C, 0x88, 0x79, 0x83, 0x80, 0x7F, 0x80, 0x81, 0x7F, 0x7F, 
	0x83, 0x7D, 0x81, 0x80, 0x80, 0x80, 0x81, 0x7E, 0x81, 0x7F, 0x82, 0x7D, 0x82, 0x80, 0x7E, 0x83, 
	0x7F, 0x7F, 0x81, 0x80, 0x7E, 0x83, 0x7D, 0x80, 0x81, 0x80, 0x7E, 0x85, 0x7A, 0x84, 0x7F, 0x80, 
	0x80, 0x80, 0x7F, 0x81, 0x80, 0x81, 0x7F, 0x81, 0x7E, 0x81, 0x80, 0x7F, 0x82, 0x7E, 0x81, 0x7F, 
	0x80, 0x81, 0x7D, 0x84, 0x7C, 0x83, 0x7E, 0x80, 0x81, 0x80, 0x7F, 0x80, 0x81, 0x7D, 0x83, 0x7E, 
	0x81, 0x7F, 0x80, 0x80, 0x80, 0x7F, 0x81, 0x81, 0x7E, 0x83, 0x7C, 0x82, 0x7E, 0x83, 0x7F, 0x80, 
	0x80, 0x7F, 0x82, 0x7F, 0x82, 0x7E, 0x81, 0x7E, 0x80, 0x81, 0x7E, 0x80, 0x81, 0x7D, 0x82, 0x80, 
	0x7F, 0x82, 0x7F, 0x81, 0x7F, 0x7F, 0x80, 0x80, 0x81, 0x7D, 0x84, 0x7D, 0x83, 0x7F, 0x80, 0x80, 
	0x7F, 0x80, 0x80, 0x7F, 0x82, 0x7D, 0x81, 0x7F, 0x81, 0x7E, 0x82, 0x7D, 0x82, 0x80, 0x81, 0x80, 
	0x81, 0x7D, 0x82, 0x80, 0x7F, 0x82, 0x7E, 0x83, 0x7E, 0x83, 0x7D, 0x81, 0x80, 0x7E, 0x84, 0x7D, 
	0x83, 0x7E, 0x81, 0x80, 0x81, 0x80, 0x81, 0x7E, 0x83, 0x7D, 0x82, 0x80, 0x7F, 0x83, 0x7C, 0x85, 
	0x7C, 0x83, 0x7E, 0x80, 0x81, 0x7F, 0x82, 0x7E, 0x83, 0x7E, 0x81, 0x81, 0x7F, 0x80, 0x81, 0x7D, 
	0x83, 0x7F, 0x7F, 0x82, 0x7D, 0x83, 0x7E, 0x82, 0x7F, 0x81, 0x7F, 0x80, 0x82, 0x7E, 0x81, 0x80, 
	0x7F, 0x81, 0x7F, 0x80, 0x81, 0x7F, 0x83, 0x7E, 0x81, 0x80, 0x7F, 0x81, 0x80, 0x80, 0x80, 0x81, 
	0x80, 0x80, 0x80, 0x80, 0x80, 0x80, 0x81, 0x7F, 0x82, 0x80, 0x7E, 0x82, 0x80, 0x7F, 0x81, 0x7F, 
	0x81, 0x80, 0x7F, 0x80, 0x81, 0x7E, 0x81, 0x80, 0x80, 0x80, 0x81, 0x7F, 0x81, 0x80, 0x81, 0x7F, 
	0x80, 0x81, 0x80, 0x81, 0x7E, 0x82, 0x7F, 0x80, 0x80, 0x80, 0x80, 0x7F, 0x81, 0x80, 0x80, 0x81, 
	0x7F, 0x81, 0x7F, 0x81, 0x80, 0x80, 0x80, 0x80, 0x7F, 0x82, 0x7D, 0x82, 0x7D, 0x83, 0x7E, 0x81, 
	0x7F, 0x80, 0x81, 0x80, 0x7F, 0x80, 0x7F, 0x80, 0x80, 0x7F, 0x80, 0x80, 0x80, 0x7F, 0x81, 0x80, 
	0x7F, 0x81, 0x7F, 0x81, 0x80, 0x7F, 0x81, 0x7F, 0x81, 0x7F, 0x81, 0x80, 0x7F, 0x81, 0x7F, 0x80, 
	0x81, 0x7F, 0x81, 0x7F, 0x81, 0x80, 0x81, 0x7F, 0x7F, 0x80, 0x81, 0x7F, 0x81, 0x7F, 0x81, 0x7F, 
	0x81, 0x7F, 0x7F, 0x81, 0x80, 0x81, 0x80, 0x80, 0x81, 0x80, 0x80, 0x80, 0x7F, 0x81, 0x7F, 0x7F, 
	0x80, 0x80, 0x80, 0x7F, 0x81, 0x7E, 0x81, 0x7E, 0x80, 0x80, 0x80, 0x80, 0x80, 0x80, 0x81, 0x81, 
	0x7F, 0x80, 0x80, 0x7F, 0x80, 0x80, 0x80, 0x80, 0x81, 0x80, 0x80, 0x80, 0x80, 0x81, 0x80, 0x80, 
	0x80, 0x80, 0x7F, 0x80, 0x80, 0x80, 0x80, 0x80, 0x7F, 0x80, 0x80, 0x80, 0x81, 0x81, 0x7F, 0x81, 
	0x80, 0x80, 0x80, 0x80, 0x7F, 0x80, 0x81, 0x7F, 0x80, 0x80, 0x80, 0x7F, 0x7F, 0x80, 0x7F, 0x80, 
	0x7F, 0x7F, 0x81, 0x7F, 0x81, 0x80, 0x80, 0x80, 0x7F, 0x80, 0x81, 0x80, 0x7F, 0x81, 0x7F, 0x7F, 
	0x81, 0x80, 0x7F, 0x82, 0x7F, 0x81, 0x7F, 0x7F, 0x80, 0x80, 0x7F, 0x81, 0x80, 0x7F, 0x80, 0x81, 
	0x7E, 0x80, 0x7F, 0x80, 0x81, 0x80, 0x80, 0x81, 0x80, 0x80, 0x80, 0x80, 0x80, 0x81, 0x7F, 0x80, 
	0x80, 0x7F, 0x81, 0x7F, 0x80, 0x80, 0x80, 0x7E, 0x80, 0x7F, 0x80, 0x80, 0x80, 0x80, 0x81, 0x80, 
	0x81, 0x80, 0x80, 0x80, 0x80, 0x80, 0x7F, 0x80, 0x80, 0x80, 0x7F, 0x81, 0x80, 0x80, 0x7F, 0x80, 
	0x7F, 0x81, 0x7E, 0x80, 0x80, 0x80, 0x80, 0x81, 0x7F, 0x80, 0x80, 0x80, 0x80, 0x81, 0x7E, 0x81, 
	0x7F, 0x80, 0x81, 0x80, 0x80, 0x81, 0x80, 0x7F, 0x7F, 0x81, 0x7F, 0x81, 0x80, 0x7F, 0x81, 0x7F, 
	0x81, 0x7F, 0x80, 0x7F, 0x81, 0x7F, 0x80, 0x81, 0x80, 0x80, 0x80, 0x80, 0x80, 0x81, 0x7F, 0x80, 
	0x7F, 0x80, 0x80, 0x80, 0x80, 0x80, 0x80, 0x7F, 0x80, 0x7F, 0x81, 0x80, 0x7F, 0x80, 0x80, 0x81, 
	0x80, 0x80, 0x80, 0x80, 0x80, 0x80, 0x7F, 0x80, 0x80, 0x80, 0x81, 0x81, 0x81, 0x7F, 0x81, 0x7E, 
	0x80, 0x7F, 0x81, 0x7F, 0x80, 0x7F, 0x81, 0x7F, 0x81, 0x7F, 0x80, 0x80, 0x80, 0x80, 0x80, 0x80, 
	0x80, 0x7F, 0x80, 0x7F, 0x80, 0x80, 0x80, 0x80, 0x80, 0x80, 0x80, 0x80, 0x80, 0x80, 0x80, 0x80, 
	0x80, 0x80, 0x80, 0x81, 0x7F, 0x81, 0x7F, 0x80, 0x7F, 0x81, 0x80, 0x81, 0x7F, 0x80, 0x7F, 0x80, 
	0x80, 0x80, 0x81, 0x80, 0x80, 0x80, 0x80, 0x81, 0x80, 0x80, 0x80, 0x80, 0x80, 0x80, 0x81, 0x80, 
	0x80, 0x80, 0x80, 0x80, 0x81, 0x80, 0x81, 0x7F, 0x80, 0x80, 0x81, 0x7F, 0x81, 0x7F, 0x80, 0x7F, 
	0x81, 0x7F, 0x81, 0x7F, 0x81, 0x7F, 0x81, 0x7F, 0x80, 0x7F, 0x80, 0x80, 0x80, 0x7F, 0x81, 0x7F, 
	0x80, 0x80, 0x80, 0x80, 0x80, 0x80, 0x80, 0x80, 0x80, 0x80, 0x81, 0x7F, 0x81, 0x80, 0x81, 0x80, 
	0x80, 0x80, 0x80, 0x80, 0x80, 0x80, 0x80, 0x80, 0x80, 0x80, 0x80, 0x80, 0x80, 0x80, 0x81, 0x7F, 
	0x81, 0x7F, 0x81, 0x7F, 0x81, 0x7F, 0x80, 0x7F, 0x81, 0x7F, 0x80, 0x7F, 0x80, 0x7F, 0x81, 0x7F, 
	0x81, 0x80, 0x80, 0x80, 0x7F, 0x7F, 0x81, 0x80, 0x80, 0x80, 0x80, 0x80, 0x80, 0x81, 0x7E, 0x81, 
	0x7F, 0x82, 0x7E, 0x81, 0x7E, 0x82, 0x7D, 0x83, 0x7D, 0x83, 0x7E, 0x82, 0x7D, 0x83, 0x7D, 0x82, 
	0x7E, 0x82, 0x7E, 0x82, 0x7E, 0x82, 0x7F, 0x80, 0x80, 0x80, 0x81, 0x7F, 0x81, 0x7F, 0x82, 0x7D, 
	0x82, 0x7E, 0x83, 0x7D, 0x82, 0x7E, 0x82, 0x7F, 0x81, 0x7F, 0x81, 0x7F, 0x81, 0x7E, 0x81, 0x7F, 
	0x81, 0x7F, 0x80, 0x80, 0x80, 0x80, 0x81, 0x80, 0x80, 0x81, 0x7F, 0x80, 0x7F, 0x81, 0x80, 0x80, 
	0x80, 0x81, 0x7F, 0x81, 0x80, 0x82, 0x7E, 0x81, 0x7E, 0x81, 0x7E, 0x82, 0x7E, 0x83, 0x7E, 0x83, 
	0x7E, 0x81, 0x7F, 0x81, 0x80, 0x80, 0x7F, 0x81, 0x7F, 0x81, 0x7F, 0x80, 0x80, 0x7F, 0x80, 0x80, 
	0x7F, 0x81, 0x7F, 0x80, 0x80, 0x80, 0x80, 0x80, 0x80, 0x80, 0x80, 0x81, 0x7E, 0x81, 0x7E, 0x81, 
	0x80, 0x81, 0x80, 0x80, 0x80, 0x80, 0x80, 0x80, 0x80, 0x7F, 0x81, 0x7F, 0x81, 0x80, 0x80, 0x80, 
	0x80, 0x80, 0x81, 0x80, 0x81, 0x7F, 0x80, 0x80, 0x80, 0x80, 0x80, 0x80, 0x7F, 0x80, 0x7F, 0x81, 
	0x7F, 0x81, 0x7F, 0x80, 0x81, 0x7F, 0x81, 0x7F, 0x81, 0x7F, 0x80, 0x80, 0x80, 0x80, 0x80, 0x80, 
	0x80, 0x80, 0x81, 0x80, 0x80, 0x81, 0x7F, 0x80, 0x7F, 0x82, 0x7E, 0x81, 0x7F, 0x80, 0x7F, 0x81, 
	0x7F, 0x81, 0x7F, 0x81, 0x7F, 0x81, 0x7F, 0x82, 0x7F, 0x81, 0x80, 0x7F, 0x80, 0x80, 0x80, 0x81, 
	0x80, 0x7F, 0x80, 0x80, 0x80, 0x80, 0x80, 0x80, 0x80, 0x80, 0x80, 0x80, 0x7F, 0x81, 0x7F, 0x81, 
	0x7F, 0x80, 0x7F, 0x81, 0x7F, 0x81, 0x7F, 0x81, 0x7F, 0x80, 0x81, 0x7F, 0x80, 0x80, 0x81, 0x7E, 
	0x82, 0x7E, 0x81, 0x80, 0x7F, 0x80, 0x82, 0x7E, 0x82, 0x7F, 0x7F, 0x80, 0x82, 0x7E, 0x82, 0x80, 
	0x80, 0x7E, 0x84, 0x7B, 0x83, 0x80, 0x7E, 0x81, 0x82, 0x7D, 0x81, 0x82, 0x7C, 0x83, 0x81, 0x7E, 
	0x81, 0x82, 0x7C, 0x84, 0x80, 0x7E, 0x83, 0x7F, 0x7D, 0x84, 0x7E, 0x80, 0x82, 0x7E, 0x81, 0x80, 
	0x80, 0x7F, 0x80, 0x81, 0x7E, 0x82, 0x81, 0x7B, 0x85, 0x7C, 0x82, 0x82, 0x7D, 0x82, 0x7F, 0x7F, 
	0x81, 0x7F, 0x81, 0x7F, 0x81, 0x80, 0x7E, 0x84, 0x7C, 0x84, 0x7F, 0x7F, 0x82, 0x7E, 0x81, 0x80, 
	0x7E, 0x84, 0x7A, 0x86, 0x7C, 0x81, 0x83, 0x7C, 0x82, 0x81, 0x7D, 0x82, 0x7F, 0x81, 0x7F, 0x81, 
	0x7E, 0x7F, 0x84, 0x7A, 0x85, 0x7D, 0x7F, 0x84, 0x7B, 0x87, 0x78, 0x88, 0x7A, 0x83, 0x80, 0x7C, 
	0x85, 0x7B, 0x85, 0x7B, 0x85, 0x7A, 0x85, 0x7D, 0x82, 0x7F, 0x81, 0x80, 0x7F, 0x83, 0x7D, 0x82, 
	0x80, 0x7E, 0x84, 0x7B, 0x83, 0x7E, 0x81, 0x7F, 0x80, 0x81, 0x7E, 0x81, 0x80, 0x7F, 0x82, 0x80, 
	0x80, 0x80, 0x82, 0x7B, 0x86, 0x7A, 0x85, 0x7D, 0x82, 0x7F, 0x80, 0x83, 0x7C, 0x84, 0x7D, 0x82, 
	0x7E, 0x82, 0x7C, 0x86, 0x79, 0x88, 0x79, 0x85, 0x7D, 0x81, 0x80, 0x7F, 0x81, 0x80, 0x80, 0x83, 
	0x7B, 0x87, 0x78, 0x8A, 0x76, 0x87, 0x7D, 0x7F, 0x83, 0x7C, 0x82, 0x81, 0x7B, 0x88, 0x77, 0x89, 
	0x78, 0x86, 0x7C, 0x83, 0x7E, 0x81, 0x7F, 0x80, 0x80, 0x7F, 0x81, 0x7E, 0x85, 0x7A, 0x87, 0x7A, 
	0x85, 0x7C, 0x85, 0x7A, 0x89, 0x76, 0x8B, 0x74, 0x8B, 0x77, 0x88, 0x7B, 0x83, 0x7E, 0x82, 0x7E, 
	0x82, 0x7F, 0x80, 0x81, 0x7C, 0x84, 0x7C, 0x84, 0x7D, 0x84, 0x7B, 0x85, 0x7B, 0x85, 0x7A, 0x86, 
	0x7A, 0x86, 0x7B, 0x84, 0x7B, 0x85, 0x7A, 0x87, 0x77, 0x89, 0x77, 0x87, 0x7A, 0x84, 0x7C, 0x82, 
	0x7E, 0x81, 0x80, 0x80, 0x80, 0x80, 0x81, 0x80, 0x81, 0x7E, 0x81, 0x7F, 0x7F, 0x81, 0x7E, 0x81, 
	0x7F, 0x81, 0x7F, 0x82, 0x7D, 0x84, 0x7C, 0x84, 0x7D, 0x82, 0x7D, 0x82, 0x7E, 0x82, 0x7E, 0x81, 
	0x7E, 0x82, 0x7F, 0x81, 0x81, 0x7E, 0x82, 0x7C, 0x84, 0x7C, 0x83, 0x7D, 0x80, 0x81, 0x7E, 0x83, 
	0x7D, 0x83, 0x7C, 0x83, 0x7D, 0x82, 0x7F, 0x80, 0x80, 0x7F, 0x80, 0x7F, 0x81, 0x7F, 0x81, 0x80, 
	0x7F, 0x80, 0x80, 0x80, 0x81, 0x80, 0x81, 0x7D, 0x82, 0x7F, 0x7F, 0x83, 0x7D, 0x84, 0x7C, 0x83, 
	0x7E, 0x83, 0x7D, 0x82, 0x7D, 0x83, 0x7B, 0x84, 0x7C, 0x84, 0x7B, 0x84, 0x7A, 0x85, 0x7B, 0x84, 
	0x7D, 0x82, 0x7F, 0x81, 0x7E, 0x83, 0x7D, 0x84, 0x7C, 0x83, 0x7E, 0x80, 0x82, 0x7D, 0x83, 0x7E, 
	0x81, 0x80, 0x7E, 0x81, 0x81, 0x7D, 0x83, 0x7C, 0x83, 0x80, 0x7E, 0x83, 0x7D, 0x82, 0x80, 0x7E, 
	0x83, 0x7C, 0x83, 0x7E, 0x7F, 0x82, 0x7C, 0x84, 0x7D, 0x82, 0x80, 0x7E, 0x84, 0x7B, 0x86, 0x7A, 
	0x85, 0x7C, 0x82, 0x7D, 0x81, 0x80, 0x7F, 0x82, 0x7E, 0x81, 0x7E, 0x81, 0x7F, 0x82, 0x7D, 0x83, 
	0x7E, 0x81, 0x80, 0x7F, 0x81, 0x7F, 0x81, 0x80, 0x81, 0x80, 0x81, 0x80, 0x81, 0x80, 0x80, 0x80, 
	0x80, 0x80, 0x7F, 0x81, 0x80, 0x82, 0x7E, 0x84, 0x7B, 0x85, 0x7A, 0x86, 0x7A, 0x85, 0x7D, 0x82, 
	0x80, 0x7F, 0x81, 0x7F, 0x81, 0x7F, 0x83, 0x7E, 0x82, 0x7C, 0x85, 0x7B, 0x86, 0x7A, 0x85, 0x7B, 
	0x84, 0x7D, 0x82, 0x7E, 0x80, 0x80, 0x80, 0x80, 0x81, 0x7D, 0x82, 0x7E, 0x81, 0x80, 0x81, 0x7F, 
	0x81, 0x7F, 0x81, 0x7E, 0x82, 0x7E, 0x81, 0x81, 0x7F, 0x80, 0x7E, 0x80, 0x81, 0x80, 0x80, 0x80, 
	0x7F, 0x80, 0x7F, 0x83, 0x7D, 0x82, 0x7F, 0x80, 0x81, 0x7E, 0x81, 0x7F, 0x81, 0x80, 0x81, 0x7F, 
	0x81, 0x7E, 0x83, 0x7D, 0x83, 0x7D, 0x82, 0x80, 0x81, 0x80, 0x80, 0x7F, 0x82, 0x7F, 0x81, 0x7F, 
	0x82, 0x7F, 0x82, 0x7F, 0x81, 0x7F, 0x82, 0x7F, 0x80, 0x80, 0x80, 0x7F, 0x82, 0x7F, 0x80, 0x80, 
	0x80, 0x80, 0x80, 0x80, 0x7F, 0x81, 0x7E, 0x81, 0x7E, 0x82, 0x7E, 0x83, 0x7D, 0x83, 0x7F, 0x82, 
	0x7F, 0x83, 0x7D, 0x83, 0x7E, 0x82, 0x7F, 0x81, 0x7F, 0x7F, 0x82, 0x7E, 0x82, 0x7F, 0x80, 0x80, 
	0x80, 0x81, 0x80, 0x80, 0x80, 0x7F, 0x80, 0x80, 0x80, 0x80, 0x80, 0x80, 0x82, 0x7E, 0x83, 0x7E, 
	0x82, 0x7F, 0x81, 0x7F, 0x81, 0x7F, 0x81, 0x7F, 0x81, 0x7F, 0x81, 0x80, 0x80, 0x80, 0x7F, 0x80, 
	0x82, 0x7F, 0x82, 0x7E, 0x82, 0x7F, 0x80, 0x80, 0x80, 0x7E, 0x82, 0x7D, 0x84, 0x7D, 0x83, 0x7E, 
	0x81, 0x7F, 0x80, 0x80, 0x80, 0x80, 0x80, 0x80, 0x7F, 0x81, 0x7F, 0x80, 0x7F, 0x80, 0x7F, 0x81, 
	0x7F, 0x81, 0x7F, 0x82, 0x7D, 0x82, 0x7E, 0x82, 0x7E, 0x80, 0x7F, 0x80, 0x80, 0x80, 0x7F, 0x81, 
	0x7F, 0x81, 0x7E, 0x81, 0x7F, 0x81, 0x7F, 0x80, 0x80, 0x7F, 0x80, 0x7F, 0x81, 0x7F, 0x82, 0x7E, 
	0x80, 0x7F, 0x81, 0x80, 0x80, 0x80, 0x7F, 0x80, 0x80, 0x80, 0x81, 0x80, 0x81, 0x7F, 0x80, 0x80, 
	0x80, 0x80, 0x80, 0x7F, 0x81, 0x7F, 0x81, 0x80, 0x80, 0x80, 0x80, 0x80, 0x80, 0x7F, 0x81, 0x7F, 
	0x7F, 0x80, 0x80, 0x81, 0x80, 0x7F, 0x82, 0x7E, 0x82, 0x7E, 0x81, 0x81, 0x7E, 0x82, 0x7E, 0x7F, 
	0x82, 0x7C, 0x83, 0x7E, 0x80, 0x81, 0x7D, 0x82, 0x7E, 0x81, 0x81, 0x7E, 0x83, 0x7E, 0x80, 0x81, 
	0x7E, 0x82, 0x7F, 0x80, 0x81, 0x7D, 0x83, 0x7D, 0x81, 0x80, 0x7F, 0x82, 0x7E, 0x82, 0x7F, 0x7F, 
	0x80, 0x80, 0x7E, 0x83, 0x7B, 0x84, 0x7C, 0x82, 0x80, 0x7F, 0x81, 0x80, 0x80, 0x81, 0x7E, 0x82, 
	0x7F, 0x7F, 0x82, 0x7D, 0x84, 0x7E, 0x81, 0x80, 0x7F, 0x80, 0x80, 0x7E, 0x83, 0x7D, 0x83, 0x7E, 
	0x80, 0x81, 0x7E, 0x81, 0x80, 0x7F, 0x83, 0x7D, 0x82, 0x7E, 0x7F, 0x82, 0x7D, 0x81, 0x81, 0x7F, 
	0x83, 0x7E, 0x81, 0x80, 0x7F, 0x82, 0x7E, 0x81, 0x80, 0x7E, 0x82, 0x7F, 0x81, 0x81, 0x7F, 0x82, 
	0x7E, 0x81, 0x80, 0x7E, 0x81, 0x7F, 0x81, 0x81, 0x7E, 0x82, 0x7E, 0x81, 0x81, 0x7F, 0x82, 0x7F, 
	0x80, 0x80, 0x80, 0x81, 0x80, 0x7F, 0x81, 0x7D, 0x81, 0x80, 0x80, 0x81, 0x7F, 0x80, 0x80, 0x7E, 
	0x81, 0x7F, 0x7F, 0x80, 0x7E, 0x82, 0x7F, 0x81, 0x80, 0x80, 0x81, 0x80, 0x7F, 0x82, 0x7D, 0x82, 
	0x7F, 0x7F, 0x81, 0x7E, 0x82, 0x7F, 0x7F, 0x82, 0x7F, 0x80, 0x80, 0x7F, 0x82, 0x7F, 0x81, 0x80, 
	0x7F, 0x82, 0x7D, 0x80, 0x81, 0x7E, 0x83, 0x7F, 0x80, 0x7F, 0x7F, 0x80, 0x81, 0x7E, 0x82, 0x7C, 
	0x83, 0x7F, 0x7F, 0x81, 0x7E, 0x80, 0x80, 0x7E, 0x83, 0x7D, 0x82, 0x7F, 0x80, 0x81, 0x7F, 0x81, 
	0x80, 0x7F, 0x82, 0x7F, 0x80, 0x81, 0x7E, 0x82, 0x80, 0x80, 0x81, 0x7F, 0x81, 0x80, 0x80, 0x81, 
	0x7F, 0x81, 0x7F, 0x80, 0x80, 0x7F, 0x82, 0x80, 0x7F, 0x82, 0x7F, 0x81, 0x7F, 0x80, 0x81, 0x80, 
	0x80, 0x80, 0x80, 0x80, 0x80, 0x80, 0x7F, 0x81, 0x80, 0x7F, 0x81, 0x80, 0x7F, 0x80, 0x80, 0x81, 
	0x7F, 0x80, 0x80, 0x80, 0x81, 0x7F, 0x80, 0x80, 0x80, 0x82, 0x80, 0x81, 0x7F, 0x7F, 0x81, 0x7F, 
	0x81, 0x7F, 0x80, 0x81, 0x7E, 0x81, 0x80, 0x7F, 0x82, 0x7F, 0x80, 0x81, 0x7F, 0x81, 0x7F, 0x80, 
	0x81, 0x7E, 0x82, 0x7E, 0x81, 0x81, 0x7E, 0x82, 0x7F, 0x7F, 0x81, 0x7D, 0x82, 0x7F, 0x80, 0x80, 
	0x80, 0x80, 0x81, 0x7E, 0x83, 0x7E, 0x82, 0x7F, 0x7F, 0x81, 0x7F, 0x80, 0x81, 0x7F, 0x81, 0x7F, 
	0x81, 0x80, 0x7F, 0x81, 0x7F, 0x81, 0x80, 0x81, 0x80, 0x7F, 0x80, 0x80, 0x80, 0x80, 0x80, 0x81, 
	0x80, 0x81, 0x7F, 0x81, 0x7F, 0x81, 0x7F, 0x81, 0x7F, 0x81, 0x7F, 0x81, 0x7E, 0x80, 0x7F, 0x80, 
	0x7F, 0x80, 0x80, 0x80, 0x7F, 0x80, 0x80, 0x81, 0x80, 0x81, 0x7F, 0x80, 0x80, 0x80, 0x80, 0x80, 
	0x80, 0x7F, 0x80, 0x7F, 0x7F, 0x80, 0x7F, 0x80, 0x81, 0x7E, 0x82, 0x7F, 0x80, 0x80, 0x7F, 0x81, 
	0x80, 0x80, 0x80, 0x7F, 0x81, 0x80, 0x7F, 0x81, 0x7F, 0x80, 0x80, 0x7F, 0x81, 0x7F, 0x81, 0x81, 
	0x7F, 0x82, 0x80, 0x80, 0x7F, 0x80, 0x81, 0x7F, 0x80, 0x81, 0x7F, 0x81, 0x80, 0x7F, 0x81, 0x7F, 
	0x80, 0x80, 0x7F, 0x81, 0x80, 0x80, 0x80, 0x7F, 0x81, 0x7F, 0x80, 0x81, 0x7E, 0x81, 0x80, 0x7F, 
	0x80, 0x7F, 0x80, 0x81, 0x7F, 0x81, 0x7F, 0x81, 0x80, 0x80, 0x81, 0x80, 0x80, 0x81, 0x7F, 0x82, 
	0x80, 0x80, 0x80, 0x7E, 0x81, 0x7F, 0x7F, 0x81, 0x80, 0x80, 0x81, 0x7F, 0x80, 0x80, 0x80, 0x80, 
	0x7F, 0x81, 0x7F, 0x7E, 0x82, 0x7F, 0x81, 0x80, 0x7F, 0x81, 0x7F, 0x81, 0x80, 0x7F, 0x82, 0x7E, 
	0x81, 0x80, 0x7F, 0x81, 0x7F, 0x80, 0x80, 0x7F, 0x81, 0x80, 0x80, 0x80, 0x7F, 0x81, 0x7F, 0x80, 
	0x80, 0x80, 0x80, 0x80, 0x80, 0x80, 0x80, 0x7F, 0x80, 0x80, 0x80, 0x7F, 0x7F, 0x80, 0x80, 0x80, 
	0x80, 0x81, 0x80, 0x80, 0x80, 0x81, 0x80, 0x80, 0x80, 0x80, 0x7F, 0x80, 0x7E, 0x81, 0x80, 0x7F, 
	0x80, 0x80, 0x81, 0x80, 0x80, 0x80, 0x7F, 0x80, 0x80, 0x7F, 0x81, 0x7E, 0x81, 0x80, 0x7F, 0x81, 
	0x7F, 0x81, 0x81, 0x7F, 0x82, 0x80, 0x80, 0x81, 0x7F, 0x80, 0x7F, 0x80, 0x81, 0x7F, 0x81, 0x81, 
	0x80, 0x81, 0x80, 0x80, 0x80, 0x81, 0x80, 0x80, 0x80, 0x80, 0x80, 0x81, 0x80, 0x80, 0x80, 0x7F, 
	0x80, 0x80, 0x7F, 0x82, 0x7E, 0x80, 0x82, 0x7E, 0x81, 0x81, 0x7F, 0x7F, 0x81, 0x81, 0x7F, 0x81, 
	0x7F, 0x7F, 0x83, 0x80, 0x7E, 0x82, 0x80, 0x7E, 0x83, 0x80, 0x7E, 0x83, 0x80, 0x7E, 0x82, 0x80, 
	0x7D, 0x83, 0x7F, 0x7D, 0x83, 0x80, 0x7D, 0x83, 0x7E, 0x7D, 0x84, 0x7D, 0x7F, 0x85, 0x7E, 0x7E, 
	0x85, 0x7C, 0x7E, 0x85, 0x7C, 0x7F, 0x86, 0x7B, 0x81, 0x85, 0x7A, 0x84, 0x82, 0x7B, 0x85, 0x7F, 
	0x7D, 0x84, 0x7F, 0x7D, 0x84, 0x7D, 0x80, 0x82, 0x7F, 0x7F, 0x82, 0x7F, 0x7F, 0x82, 0x7F, 0x7E, 
	0x84, 0x7D, 0x80, 0x82, 0x7D, 0x81, 0x81, 0x7F, 0x81, 0x7F, 0x81, 0x7E, 0x82, 0x80, 0x7F, 0x81, 
	0x80, 0x80, 0x81, 0x81, 0x7E, 0x81, 0x81, 0x7C, 0x85, 0x7C, 0x82, 0x81, 0x7F, 0x82, 0x7E, 0x83, 
	0x7C, 0x84, 0x7E, 0x7F, 0x83, 0x7F, 0x7E, 0x84, 0x7D, 0x7F, 0x84, 0x7B, 0x82, 0x81, 0x7D, 0x83, 
	0x80, 0x7E, 0x82, 0x7F, 0x81, 0x81, 0x7E, 0x80, 0x82, 0x7C, 0x84, 0x7C, 0x83, 0x7F, 0x7D, 0x84, 
	0x7D, 0x80, 0x82, 0x7D, 0x80, 0x82, 0x7D, 0x82, 0x7F, 0x80, 0x80, 0x81, 0x7E, 0x81, 0x7F, 0x82, 
	0x7E, 0x81, 0x81, 0x7D, 0x84, 0x7E, 0x81, 0x82, 0x7E, 0x81, 0x81, 0x7E, 0x82, 0x7E, 0x80, 0x7F, 
	0x82, 0x7B, 0x86, 0x7D, 0x81, 0x81, 0x7D, 0x83, 0x7E, 0x7F, 0x83, 0x7D, 0x84, 0x7E, 0x80, 0x80, 
	0x7F, 0x80, 0x80, 0x80, 0x81, 0x80, 0x80, 0x80, 0x7D, 0x82, 0x7E, 0x80, 0x81, 0x7E, 0x81, 0x81, 
	0x7E, 0x83, 0x7E, 0x80, 0x81, 0x7E, 0x81, 0x80, 0x7E, 0x84, 0x7D, 0x81, 0x82, 0x7C, 0x85, 0x7C, 
	0x80, 0x83, 0x7B, 0x83, 0x81, 0x7D, 0x84, 0x7E, 0x7F, 0x83, 0x7D, 0x81, 0x82, 0x7E, 0x81, 0x80, 
	0x7F, 0x81, 0x7F, 0x80, 0x81, 0x7F, 0x82, 0x7D, 0x83, 0x7D, 0x81, 0x80, 0x7F, 0x81, 0x80, 0x7E, 
	0x81, 0x80, 0x7E, 0x82, 0x7E, 0x80, 0x82, 0x7E, 0x81, 0x81, 0x7E, 0x82, 0x80, 0x7E, 0x83, 0x7E, 
	0x80, 0x81, 0x7F, 0x81, 0x7F, 0x80, 0x80, 0x7F, 0x81, 0x7E, 0x80, 0x80, 0x80, 0x7F, 0x81, 0x7D, 
	0x83, 0x7F, 0x80, 0x82, 0x7D, 0x81, 0x80, 0x7F, 0x81, 0x80, 0x7F, 0x81, 0x7E, 0x81, 0x81, 0x7E, 
	0x83, 0x7E, 0x81, 0x83, 0x7D, 0x83, 0x7F, 0x7F, 0x82, 0x7F, 0x7F, 0x83, 0x7E, 0x82, 0x80, 0x7D, 
	0x83, 0x7D, 0x81, 0x82, 0x7D, 0x82, 0x7F, 0x7F, 0x83, 0x7E, 0x81, 0x80, 0x7F, 0x81, 0x80, 0x80, 
	0x80, 0x7F, 0x81, 0x80, 0x7F, 0x82, 0x7E, 0x81, 0x81, 0x7D, 0x83, 0x7E, 0x7F, 0x81, 0x7E, 0x81, 
	0x80, 0x7E, 0x82, 0x7D, 0x80, 0x81, 0x7D, 0x82, 0x7F, 0x7F, 0x83, 0x7E, 0x81, 0x80, 0x7D, 0x83, 
	0x7D, 0x81, 0x81, 0x7E, 0x81, 0x7F, 0x7E, 0x82, 0x7F, 0x80, 0x82, 0x7E, 0x81, 0x80, 0x7F, 0x82, 
	0x7F, 0x80, 0x81, 0x7D, 0x82, 0x7F, 0x81, 0x80, 0x7F, 0x81, 0x81, 0x80, 0x7F, 0x82, 0x7C, 0x85, 
	0x7C, 0x80, 0x82, 0x7D, 0x82, 0x7F, 0x7D, 0x85, 0x7E, 0x80, 0x82, 0x7D, 0x83, 0x7F, 0x7F, 0x83, 
	0x7D, 0x82, 0x80, 0x7E, 0x82, 0x7F, 0x7F, 0x83, 0x7D, 0x82, 0x7F, 0x7F, 0x83, 0x7E, 0x80, 0x83, 
	0x7C, 0x83, 0x80, 0x7D, 0x83, 0x7D, 0x81, 0x81, 0x7E, 0x82, 0x80, 0x7F, 0x82, 0x7E, 0x80, 0x81, 
	0x7D, 0x83, 0x7F, 0x80, 0x82, 0x7E, 0x81, 0x81, 0x7E, 0x81, 0x7F, 0x7F, 0x81, 0x80, 0x80, 0x81, 
	0x80, 0x7F, 0x81, 0x7F, 0x81, 0x80, 0x81, 0x80, 0x80, 0x81, 0x80, 0x7F, 0x81, 0x80, 0x80, 0x82, 
	0x7F, 0x81, 0x7F, 0x80, 0x81, 0x80, 0x80, 0x82, 0x7E, 0x82, 0x81, 0x7F, 0x81, 0x80, 0x80, 0x80, 
	0x7F, 0x80, 0x81, 0x7F, 0x81, 0x7F, 0x81, 0x80, 0x7E, 0x82, 0x80, 0x7F, 0x82, 0x7E, 0x81, 0x81, 
	0x7E, 0x82, 0x7F, 0x80, 0x81, 0x7F, 0x80, 0x80, 0x7F, 0x80, 0x80, 0x7F, 0x81, 0x7F, 0x81, 0x80, 
	0x7F, 0x81, 0x7F, 0x80, 0x81, 0x7E, 0x81, 0x80, 0x7F, 0x81, 0x7F, 0x81, 0x80, 0x7F, 0x82, 0x7F, 
	0x80, 0x81, 0x7D, 0x82, 0x7F, 0x7F, 0x82, 0x7E, 0x80, 0x82, 0x7C, 0x82, 0x80, 0x7E, 0x82, 0x7E, 
	0x80, 0x81, 0x7E, 0x82, 0x7F, 0x80, 0x81, 0x7F, 0x81, 0x80, 0x7F, 0x82, 0x7E, 0x81, 0x80, 0x7D, 
	0x83, 0x7E, 0x80, 0x82, 0x7E, 0x80, 0x82, 0x7D, 0x82, 0x7F, 0x7F, 0x82, 0x7E, 0x81, 0x81, 0x7E, 
	0x82, 0x7F, 0x80, 0x80, 0x7F, 0x81, 0x7F, 0x7F, 0x82, 0x7E, 0x82, 0x81, 0x7E, 0x82, 0x7E, 0x80, 
	0x82, 0x7E, 0x81, 0x81, 0x7E, 0x81, 0x7F, 0x80, 0x81, 0x7E, 0x81, 0x80, 0x7F, 0x83, 0x7E, 0x81, 
	0x80, 0x7E, 0x82, 0x7E, 0x80, 0x82, 0x7E, 0x82, 0x80, 0x7E, 0x82, 0x7F, 0x7F, 0x81, 0x7E, 0x82, 
	0x80, 0x7F, 0x82, 0x7E, 0x80, 0x80, 0x7E, 0x83, 0x7E, 0x81, 0x81, 0x7E, 0x81, 0x80, 0x7F, 0x83, 
	0x7E, 0x80, 0x81, 0x7D, 0x82, 0x80, 0x7E, 0x83, 0x7E, 0x80, 0x81, 0x7E, 0x81, 0x81, 0x7E, 0x83, 
	0x7E, 0x80, 0x82, 0x7E, 0x82, 0x80, 0x7F, 0x82, 0x7E, 0x82, 0x81, 0x7D, 0x82, 0x7E, 0x7F, 0x83, 
	0x7E, 0x82, 0x81, 0x7D, 0x83, 0x7E, 0x80, 0x82, 0x7D, 0x82, 0x80, 0x7E, 0x83, 0x7E, 0x80, 0x81, 
	0x7E, 0x82, 0x80, 0x7F, 0x81, 0x7E, 0x81, 0x81, 0x7E, 0x82, 0x7F, 0x7F, 0x81, 0x7F, 0x81, 0x81, 
	0x7F, 0x80, 0x7F, 0x80, 0x80, 0x7F, 0x81, 0x80, 0x80, 0x80, 0x80, 0x80, 0x80, 0x7F, 0x81, 0x80, 
	0x81, 0x80, 0x7F, 0x81, 0x7F, 0x80, 0x80, 0x7F, 0x80, 0x80, 0x80, 0x80, 0x80, 0x80, 0x81, 0x7F, 
	0x81, 0x7F, 0x80, 0x81, 0x80, 0x80, 0x80, 0x80, 0x81, 0x7F, 0x80, 0x80, 0x80, 0x80, 0x7F, 0x81, 
	0x80, 0x7F, 0x81, 0x7E, 0x81, 0x7F, 0x7F, 0x82, 0x7E, 0x80, 0x80, 0x80, 0x81, 0x7F, 0x80, 0x80, 
	0x80, 0x82, 0x7E, 0x81, 0x80, 0x7F, 0x82, 0x7F, 0x81, 0x81, 0x7F, 0x81, 0x7F, 0x80, 0x81, 0x7E, 
	0x81, 0x80, 0x7F, 0x81, 0x7E, 0x81, 0x80, 0x80, 0x80, 0x7F, 0x80, 0x81, 0x7F, 0x81, 0x80, 0x80, 
	0x81, 0x7F, 0x7F, 0x80, 0x80, 0x80, 0x81, 0x7E, 0x81, 0x80, 0x80, 0x81, 0x7F, 0x80, 0x80, 0x80, 
	0x81, 0x7F, 0x7F, 0x81, 0x7F, 0x80, 0x80, 0x7F, 0x81, 0x80, 0x80, 0x81, 0x7F, 0x81, 0x80, 0x7F, 
	0x81, 0x7F, 0x80, 0x80, 0x7F, 0x81, 0x80, 0x7F, 0x80, 0x7F, 0x81, 0x80, 0x7F, 0x80, 0x80, 0x80, 
	0x80, 0x80, 0x80, 0x81, 0x80, 0x7F, 0x80, 0x80, 0x80, 0x80, 0x80, 0x80, 0x80, 0x80, 0x80, 0x7F, 
	0x80, 0x81, 0x80, 0x80, 0x80, 0x7F, 0x80, 0x81, 0x80, 0x80, 0x7F, 0x80, 0x80, 0x80, 0x80, 0x80, 
	0x81, 0x80, 0x80, 0x81, 0x80, 0x81, 0x7F, 0x80, 0x80, 0x80, 0x81, 0x80, 0x80, 0x80, 0x80, 0x80, 
	0x80, 0x7F, 0x81, 0x7F, 0x80, 0x80, 0x7F, 0x80, 0x80, 0x80, 0x80, 0x7F, 0x81, 0x7F, 0x81, 0x80, 
	0x7F, 0x81, 0x80, 0x7F, 0x81, 0x7F, 0x81, 0x80, 0x7F, 0x81, 0x7F, 0x7F, 0x81, 0x7F, 0x80, 0x80, 
	0x80, 0x81, 0x7F, 0x80, 0x80, 0x7F, 0x80, 0x7F, 0x80, 0x80, 0x80, 0x80, 0x80, 0x80, 0x80, 0x80, 
	0x80, 0x80, 0x80, 0x81, 0x7F, 0x80, 0x80, 0x7F, 0x81, 0x80, 0x7F, 0x80, 0x7F, 0x80, 0x81, 0x7F, 
	0x81, 0x81, 0x7F, 0x81, 0x7F, 0x7F, 0x80, 0x80, 0x81, 0x80, 0x81, 0x80, 0x80, 0x82, 0x7F, 0x80, 
	0x80, 0x7F, 0x81, 0x80, 0x80, 0x81, 0x7F, 0x80, 0x80, 0x7F, 0x80, 0x80, 0x80, 0x81, 0x7E, 0x81, 
	0x7F, 0x80, 0x81, 0x7F, 0x80, 0x81, 0x7F, 0x80, 0x7F, 0x80, 0x7F, 0x80, 0x80, 0x7F, 0x80, 0x81, 
	0x80, 0x80, 0x80, 0x7F, 0x81, 0x80, 0x80, 0x80, 0x80, 0x80, 0x80, 0x7F, 0x80, 0x80, 0x80, 0x81, 
	0x80, 0x80, 0x80, 0x7F, 0x80, 0x7F, 0x81, 0x7F, 0x80, 0x7F, 0x7F, 0x80, 0x80, 0x80, 0x80, 0x80, 
	0x7F, 0x80, 0x7F, 0x80, 0x80, 0x80, 0x80, 0x7F, 0x81, 0x80, 0x80, 0x80, 0x7F, 0x80, 0x80, 0x80, 
	0x81, 0x7F, 0x80, 0x81, 0x7F, 0x80, 0x80, 0x80, 0x80, 0x80, 0x80, 0x80, 0x80, 0x81, 0x80, 0x80, 
	0x81, 0x80, 0x80, 0x80, 0x80, 0x80, 0x80, 0x80, 0x80, 0x80, 0x80, 0x80, 0x80, 0x80, 0x7F, 0x80, 
	0x7F, 0x80, 0x80, 0x7F, 0x80, 0x7F, 0x7F, 0x81, 0x7F, 0x81, 0x7F, 0x80, 0x80, 0x80, 0x80, 0x7F, 
	0x80, 0x80, 0x80, 0x80, 0x7F, 0x80, 0x80, 0x80, 0x80, 0x81, 0x80, 0x80, 0x80, 0x80, 0x81, 0x80, 
	0x81, 0x7F, 0x80, 0x80, 0x80, 0x80, 0x80, 0x80, 0x80, 0x80, 0x80, 0x80, 0x80, 0x80, 0x80, 0x80, 
	0x80, 0x80, 0x80, 0x7F, 0x81, 0x7F, 0x7F, 0x81, 0x80, 0x80, 0x80, 0x80, 0x80, 0x7F, 0x80, 0x80, 
	0x80, 0x80, 0x80, 0x80, 0x80, 0x80, 0x80, 0x80, 0x80, 0x80, 0x81, 0x81, 0x80, 0x80, 0x81, 0x7F, 
	0x80, 0x80, 0x7F, 0x80, 0x80, 0x80, 0x80, 0x80, 0x80, 0x80, 0x80, 0x81, 0x7F, 0x80, 0x81, 0x80, 
	0x80, 0x7F, 0x80, 0x80, 0x80, 0x80, 0x80, 0x80, 0x80, 0x80, 0x80, 0x80, 0x7F, 0x7F, 0x7F, 0x80, 
	0x80, 0x80, 0x81, 0x80, 0x80, 0x81, 0x7F, 0x80, 0x81, 0x80, 0x7F, 0x80, 0x80, 0x80, 0x80, 0x81, 
	0x80, 0x80, 0x80, 0x80, 0x7F, 0x81, 0x80, 0x80, 0x80, 0x80, 0x80, 0x80, 0x80, 0x81, 0x80, 0x80, 
	0x80, 0x7F, 0x80, 0x80, 0x80, 0x80, 0x80, 0x80, 0x80, 0x80, 0x80, 0x80, 0x7F, 0x80, 0x7F, 0x80, 
	0x80, 0x80, 0x80, 0x80, 0x7F, 0x80, 0x80, 0x80, 0x80, 0x80, 0x7F, 0x80, 0x80, 0x80, 0x80, 0x80, 
	0x80, 0x81, 0x80, 0x80, 0x80, 0x80, 0x80, 0x80, 0x7F, 0x80, 0x80, 0x80, 0x7F, 0x80, 0x81, 0x80, 
	0x80, 0x80, 0x80, 0x80, 0x81, 0x80, 0x80, 0x80, 0x80, 0x80, 0x80, 0x80, 0x80, 0x80, 0x80, 0x7F, 
	0x80, 0x80, 0x80, 0x80, 0x7F, 0x80, 0x80, 0x7F, 0x80, 0x7F, 0x80, 0x80, 0x80, 0x80, 0x80, 0x80, 
	0x81, 0x7F, 0x80, 0x80, 0x7F, 0x81, 0x80, 0x7F, 0x80, 0x80, 0x80, 0x80, 0x7F, 0x80, 0x80, 0x80, 
	0x81, 0x7F, 0x80, 0x80, 0x80, 0x81, 0x80, 0x80, 0x81, 0x80, 0x7F, 0x80, 0x7F, 0x81, 0x7F, 0x80, 
	0x81, 0x7F, 0x80, 0x80, 0x7F, 0x80, 0x80, 0x80, 0x7F, 0x80, 0x80, 0x80, 0x80, 0x80, 0x80, 0x80, 
	0x80, 0x80, 0x81, 0x7F, 0x80, 0x81, 0x7E, 0x80, 0x80, 0x7F, 0x80, 0x80, 0x80, 0x80, 0x7F, 0x80, 
	0x80, 0x80, 0x80, 0x80, 0x80, 0x80, 0x80, 0x80, 0x80, 0x80, 0x80, 0x80, 0x81, 0x80, 0x80, 0x80, 
	0x7F, 0x80, 0x80, 0x7F, 0x81, 0x7F, 0x80, 0x80, 0x80, 0x80, 0x7F, 0x7F, 0x80, 0x80, 0x81, 0x80, 
	0x80, 0x80, 0x80, 0x80, 0x80, 0x7F, 0x80, 0x80, 0x80, 0x80, 0x80, 0x80, 0x80, 0x7F, 0x80, 0x80, 
	0x80, 0x81, 0x81, 0x7F, 0x80, 0x7F, 0x81, 0x80, 0x80, 0x80, 0x7F, 0x80, 0x80, 0x80, 0x80, 0x80, 
	0x81, 0x81, 0x80, 0x80, 0x80, 0x80, 0x81, 0x7F, 0x80, 0x80, 0x80, 0x80, 0x80, 0x80, 0x81, 0x80, 
	0x80, 0x7F, 0x80, 0x80, 0x80, 0x7F, 0x82, 0x80, 0x80, 0x80, 0x7F, 0x80, 0x80, 0x80, 0x80, 0x7F, 
	0x80, 0x80, 0x80, 0x81, 0x80, 0x80, 0x80, 0x7F, 0x81, 0x80, 0x80, 0x81, 0x7F, 0x80, 0x80, 0x7F, 
	0x81, 0x80, 0x80, 0x80, 0x80, 0x80, 0x80, 0x7F, 0x81, 0x7F, 0x80, 0x7F, 0x80, 0x80, 0x80, 0x80, 
	0x81, 0x80, 0x81, 0x80, 0x7F, 0x81, 0x80, 0x80, 0x81, 0x7F, 0x81, 0x81, 0x7F, 0x81, 0x7F, 0x80, 
	0x81, 0x80, 0x7F, 0x80, 0x7F, 0x80, 0x80, 0x80, 0x81, 0x7F, 0x81, 0x80, 0x80, 0x81, 0x80, 0x80, 
	0x80, 0x80, 0x81, 0x81, 0x80, 0x80, 0x80, 0x80, 0x7F, 0x80, 0x80, 0x80, 0x7F, 0x81, 0x80, 0x80, 
	0x80, 0x7F, 0x81, 0x80, 0x80, 0x81, 0x80, 0x80, 0x80, 0x7F, 0x80, 0x80, 0x7F, 0x81, 0x80, 0x7F, 
	0x7F, 0x80, 0x80, 0x80, 0x80, 0x80, 0x80, 0x80, 0x80, 0x80, 0x80, 0x80, 0x80, 0x81, 0x80, 0x80, 
	0x80, 0x80, 0x80, 0x80, 0x7F, 0x80, 0x80, 0x7F, 0x80, 0x81, 0x80, 0x80, 0x80, 0x80, 0x7F, 0x80, 
	0x80, 0x81, 0x80, 0x80, 0x80, 0x80, 0x80, 0x80, 0x7F, 0x80, 0x80, 0x80, 0x80, 0x80, 0x80, 0x80, 
	0x7F, 0x80, 0x80, 0x7F, 0x81, 0x81, 0x7F, 0x7F, 0x80, 0x80, 0x81, 0x7F, 0x80, 0x80, 0x80, 0x81, 
	0x80, 0x7F, 0x81, 0x80, 0x80, 0x80, 0x80, 0x80, 0x80, 0x7F, 0x80, 0x80, 0x81, 0x80, 0x80, 0x7F, 
	0x80, 0x80, 0x7F, 0x80, 0x81, 0x7F, 0x80, 0x81, 0x7F, 0x80, 0x81, 0x7E, 0x80, 0x81, 0x7F, 0x80, 
	0x81, 0x7E, 0x80, 0x81, 0x7E, 0x7F, 0x82, 0x7F, 0x80, 0x82, 0x7D, 0x7F, 0x83, 0x7E, 0x7F, 0x83, 
	0x7D, 0x7F, 0x83, 0x7D, 0x81, 0x83, 0x7D, 0x80, 0x82, 0x7C, 0x81, 0x82, 0x7C, 0x83, 0x81, 0x7C, 
	0x84, 0x81, 0x7C, 0x83, 0x7F, 0x7D, 0x83, 0x7F, 0x7E, 0x85, 0x7D, 0x7F, 0x84, 0x7D, 0x80, 0x82, 
	0x7D, 0x81, 0x81, 0x7E, 0x82, 0x80, 0x7F, 0x82, 0x7F, 0x80, 0x80, 0x80, 0x80, 0x7E, 0x81, 0x80, 
	0x7F, 0x82, 0x80, 0x7E, 0x82, 0x7E, 0x80, 0x82, 0x7E, 0x80, 0x80, 0x7F, 0x80, 0x7F, 0x81, 0x7E, 
	0x81, 0x81, 0x7E, 0x83, 0x7F, 0x7F, 0x84, 0x7C, 0x82, 0x80, 0x7F, 0x7F, 0x83, 0x7D, 0x81, 0x83, 
	0x7C, 0x85, 0x7D, 0x80, 0x82, 0x80, 0x7F, 0x82, 0x7F, 0x7F, 0x82, 0x7F, 0x80, 0x81, 0x7E, 0x82, 
	0x7F, 0x81, 0x7F, 0x80, 0x80, 0x80, 0x80, 0x82, 0x7F, 0x80, 0x82, 0x7D, 0x81, 0x81, 0x7D, 0x83, 
	0x7E, 0x82, 0x7F, 0x81, 0x7F, 0x80, 0x81, 0x80, 0x80, 0x82, 0x7E, 0x80, 0x81, 0x7E, 0x81, 0x81, 
	0x7F, 0x81, 0x81, 0x7E, 0x82, 0x7E, 0x80, 0x80, 0x80, 0x80, 0x81, 0x80, 0x7F, 0x81, 0x80, 0x7E, 
	0x83, 0x7C, 0x83, 0x7E, 0x80, 0x82, 0x7E, 0x81, 0x80, 0x80, 0x7F, 0x80, 0x7F, 0x80, 0x82, 0x7F, 
	0x82, 0x7F, 0x80, 0x81, 0x7E, 0x81, 0x7F, 0x81, 0x7F, 0x81, 0x7E, 0x81, 0x80, 0x7F, 0x80, 0x7F, 
	0x7F, 0x81, 0x7F, 0x81, 0x80, 0x7F, 0x81, 0x7F, 0x7F, 0x83, 0x7D, 0x81, 0x81, 0x7D, 0x83, 0x80, 
	0x7F, 0x82, 0x7E, 0x81, 0x81, 0x80, 0x80, 0x80, 0x80, 0x81, 0x80, 0x80, 0x80, 0x80, 0x80, 0x80, 
	0x7F, 0x82, 0x7E, 0x81, 0x81, 0x7E, 0x82, 0x80, 0x7F, 0x81, 0x81, 0x7F, 0x82, 0x80, 0x7F, 0x82, 
	0x7E, 0x81, 0x7F, 0x80, 0x7F, 0x80, 0x81, 0x7F, 0x80, 0x81, 0x7E, 0x81, 0x81, 0x7F, 0x80, 0x80, 
	0x7F, 0x81, 0x80, 0x7F, 0x80, 0x80, 0x80, 0x80, 0x80, 0x7F, 0x80, 0x80, 0x7F, 0x81, 0x80, 0x7F, 
	0x81, 0x7F, 0x7F, 0x81, 0x7F, 0x80, 0x7F, 0x81, 0x80, 0x81, 0x7F, 0x82, 0x7F, 0x82, 0x81, 0x7F, 
	0x81, 0x80, 0x7F, 0x82, 0x7E, 0x81, 0x80, 0x7F, 0x80, 0x81, 0x7F, 0x82, 0x7E, 0x80, 0x81, 0x7E, 
	0x81, 0x7F, 0x80, 0x82, 0x7F, 0x81, 0x80, 0x7F, 0x81, 0x80, 0x7F, 0x80, 0x81, 0x7F, 0x80, 0x80, 
	0x7F, 0x81, 0x7E, 0x81, 0x7F, 0x80, 0x81, 0x7E, 0x81, 0x80, 0x7E, 0x81, 0x81, 0x7F, 0x82, 0x80, 
	0x7F, 0x81, 0x7F, 0x81, 0x81, 0x7E, 0x80, 0x80, 0x7F, 0x82, 0x7F, 0x81, 0x7F, 0x7F, 0x80, 0x80, 
	0x7F, 0x81, 0x7F, 0x81, 0x80, 0x80, 0x81, 0x7F, 0x80, 0x81, 0x80, 0x80, 0x80, 0x7F, 0x80, 0x81, 
	0x80, 0x81, 0x7F, 0x81, 0x80, 0x80, 0x81, 0x7E, 0x80, 0x80, 0x80, 0x80, 0x7F, 0x82, 0x7E, 0x82, 
	0x7F, 0x81, 0x81, 0x7F, 0x80, 0x80, 0x80, 0x80, 0x81, 0x80, 0x7F, 0x80, 0x81, 0x7F, 0x82, 0x80, 
	0x80, 0x81, 0x80, 0x80, 0x81, 0x7F, 0x81, 0x80, 0x7F, 0x81, 0x7F, 0x80, 0x7F, 0x81, 0x80, 0x7F, 
	0x80, 0x80, 0x7F, 0x81, 0x80, 0x80, 0x81, 0x7F, 0x81, 0x80, 0x7F, 0x81, 0x80, 0x80, 0x80, 0x80, 
	0x80, 0x80, 0x80, 0x80, 0x80, 0x80, 0x80, 0x80, 0x80, 0x80, 0x80, 0x81, 0x80, 0x81, 0x80, 0x80, 
	0x81, 0x7F, 0x81, 0x80, 0x80, 0x7F, 0x80, 0x7F, 0x80, 0x7F, 0x80, 0x80, 0x80, 0x80, 0x80, 0x80, 
	0x80, 0x80, 0x80, 0x80, 0x80, 0x80, 0x80, 0x7F, 0x80, 0x81, 0x80, 0x80, 0x7F, 0x80, 0x80, 0x7F, 
	0x80, 0x80, 0x80, 0x80, 0x80, 0x7F, 0x81, 0x80, 0x80, 0x80, 0x7F, 0x80, 0x80, 0x80, 0x80, 0x80, 
	0x80, 0x80, 0x80, 0x81, 0x7F, 0x80, 0x7F, 0x7F, 0x81, 0x7F, 0x7F, 0x80, 0x80, 0x81, 0x7F, 0x81, 
	0x80, 0x7F, 0x81, 0x80, 0x80, 0x81, 0x80, 0x80, 0x81, 0x7F, 0x7F, 0x81, 0x7F, 0x80, 0x81, 0x7E, 
	0x81, 0x80, 0x80, 0x81, 0x7F, 0x80, 0x81, 0x7F, 0x7F, 0x81, 0x80, 0x80, 0x7F, 0x7F, 0x80, 0x80, 
	0x80, 0x80, 0x80, 0x80, 0x7F, 0x80, 0x80, 0x80, 0x80, 0x7F, 0x80, 0x81, 0x80, 0x80, 0x81, 0x7F, 
	0x81, 0x7F, 0x7F, 0x80, 0x80, 0x7F, 0x80, 0x7F, 0x7F, 0x81, 0x80, 0x80, 0x80, 0x80, 0x80, 0x80, 
	0x80, 0x80, 0x80, 0x80, 0x80, 0x81, 0x80, 0x80, 0x80, 0x80, 0x80, 0x81, 0x80, 0x81, 0x80, 0x80, 
	0x80, 0x80, 0x7F, 0x80, 0x80, 0x7F, 0x80, 0x80, 0x80, 0x80, 0x80, 0x80, 0x80, 0x81, 0x80, 0x81, 
	0x80, 0x80, 0x80, 0x80, 0x7F, 0x80, 0x80, 0x80, 0x80, 0x80, 0x7F, 0x81, 0x80, 0x80, 0x81, 0x80, 
	0x80, 0x80, 0x80, 0x80, 0x81, 0x7F, 0x80, 0x81, 0x7F, 0x80, 0x80, 0x80, 0x80, 0x80, 0x80, 0x81, 
	0x80, 0x7F, 0x81, 0x80, 0x80, 0x7F, 0x80, 0x81, 0x80, 0x80, 0x80, 0x80, 0x7F, 0x80, 0x80, 0x80, 
	0x80, 0x7F, 0x80, 0x80, 0x81, 0x7F, 0x80, 0x80, 0x7F, 0x80, 0x80, 0x81, 0x80, 0x80, 0x80, 0x80, 
	0x80, 0x80, 0x80, 0x80, 0x80, 0x80, 0x80, 0x80, 0x80, 0x80, 0x80, 0x81, 0x80, 0x81, 0x80, 0x80, 
	0x80, 0x80, 0x80, 0x80, 0x7F, 0x80, 0x7F, 0x80, 0x80, 0x7F, 0x80, 0x80, 0x80, 0x81, 0x80, 0x80, 
	0x7F, 0x80, 0x80, 0x80, 0x80, 0x7F, 0x80, 0x80, 0x81, 0x80, 0x81, 0x80, 0x80, 0x81, 0x7F, 0x80, 
	0x80, 0x80, 0x80, 0x81, 0x80, 0x80, 0x80, 0x81, 0x80, 0x80, 0x80, 0x80, 0x80, 0x80, 0x81, 0x81, 
	0x80, 0x80, 0x80, 0x80, 0x80, 0x7F, 0x7F, 0x80, 0x80, 0x80, 0x80, 0x80, 0x80, 0x80, 0x80, 0x80, 
	0x80, 0x7F, 0x80, 0x7F, 0x80, 0x80, 0x7F, 0x80, 0x7F, 0x80, 0x80, 0x80, 0x80, 0x81, 0x81, 0x80, 
	0x7F, 0x81, 0x80, 0x7F, 0x80, 0x80, 0x80, 0x80, 0x80, 0x7F, 0x80, 0x7F, 0x80, 0x80, 0x80, 0x80, 
	0x7F, 0x7F, 0x80, 0x80, 0x80, 0x80, 0x80, 0x80, 0x80, 0x80, 0x80, 0x7F, 0x80, 0x80, 0x80, 0x80, 
	0x80, 0x80, 0x80, 0x80, 0x80, 0x80, 0x80, 0x80, 0x80, 0x80, 0x80, 0x80, 0x7F, 0x81, 0x80, 0x81, 
	0x80, 0x80, 0x80, 0x7F, 0x81, 0x80, 0x80, 0x80, 0x80, 0x80, 0x7F, 0x80, 0x80, 0x80, 0x80, 0x80, 
	0x80, 0x80, 0x80, 0x80, 0x80, 0x80, 0x81, 0x7F, 0x80, 0x80, 0x80, 0x80, 0x80, 0x80, 0x80, 0x80, 
	0x80, 0x7F, 0x7F, 0x80, 0x80, 0x80, 0x80, 0x7F, 0x81, 0x80, 0x80, 0x80, 0x80, 0x7F, 0x80, 0x80, 
	0x7F, 0x80, 0x80, 0x80, 0x80, 0x80, 0x7F, 0x80, 0x7F, 0x7F, 0x80, 0x80, 0x7F, 0x80, 0x80, 0x80, 
	0x81, 0x80, 0x81, 0x80, 0x80, 0x7F, 0x81, 0x80, 0x7F, 0x80, 0x7F, 0x80, 0x7F, 0x80, 0x80, 0x7F, 
	0x81, 0x80, 0x80, 0x81, 0x80, 0x81, 0x81, 0x80, 0x80, 0x80, 0x80, 0x80, 0x80, 0x80, 0x80, 0x80, 
	0x80, 0x80, 0x80, 0x80, 0x80, 0x7F, 0x80, 0x7F, 0x80, 0x80, 0x80, 0x7F, 0x80, 0x81, 0x80, 0x7F, 
	0x80, 0x80, 0x80, 0x80, 0x80, 0x80, 0x80, 0x80, 0x80, 0x80, 0x80, 0x80, 0x80, 0x7F, 0x80, 0x80, 
	0x80, 0x80, 0x81, 0x80, 0x80, 0x80, 0x81, 0x80, 0x80, 0x80, 0x80, 0x80, 0x7F, 0x7F, 0x80, 0x80, 
	0x80, 0x80, 0x7F, 0x80, 0x80, 0x80, 0x80, 0x80, 0x80, 0x7F, 0x80, 0x80, 0x81, 0x80, 0x81, 0x80, 
	0x81, 0x81, 0x80, 0x80, 0x80, 0x7F, 0x80, 0x80, 0x80, 0x81, 0x80, 0x7F, 0x80, 0x80, 0x80, 0x81, 
	0x80, 0x80, 0x80, 0x80, 0x80, 0x80, 0x80, 0x80, 0x80, 0x80, 0x81, 0x81, 0x81, 0x80, 0x80, 0x7F, 
	0x80, 0x80, 0x80, 0x80, 0x80, 0x80, 0x80, 0x7F, 0x81, 0x80, 0x80, 0x80, 0x7F, 0x80, 0x80, 0x80, 
	0x80, 0x80, 0x7F, 0x80, 0x80, 0x80, 0x80, 0x80, 0x80, 0x7F, 0x80, 0x80, 0x80, 0x80, 0x7F, 0x80, 
	0x7F, 0x80, 0x80, 0x80, 0x80, 0x7F, 0x7F, 0x80, 0x80, 0x80, 0x7F, 0x80, 0x81, 0x80, 0x80, 0x80, 
	0x80, 0x7F, 0x80, 0x80, 0x80, 0x7F, 0x80, 0x80, 0x80, 0x80, 0x80, 0x81, 0x80, 0x80, 0x80, 0x80, 
	0x7F, 0x80, 0x80, 0x80, 0x80, 0x80, 0x80, 0x80, 0x80, 0x80, 0x80, 0x7F, 0x81, 0x80, 0x80, 0x80, 
	0x80, 0x81, 0x7F, 0x80, 0x80, 0x80, 0x80, 0x7F, 0x7F, 0x80, 0x80, 0x80, 0x80, 0x7F, 0x80, 0x80, 
	0x81, 0x80, 0x81, 0x80, 0x80, 0x80, 0x80, 0x81, 0x7F, 0x80, 0x80, 0x80, 0x80, 0x80, 0x81, 0x80, 
	0x80, 0x80, 0x80, 0x80, 0x80, 0x80, 0x80, 0x80, 0x80, 0x80, 0x80, 0x80, 0x80, 0x80, 0x80, 0x80, 
	0x81, 0x80, 0x80, 0x80, 0x81, 0x80, 0x80, 0x80, 0x80, 0x80, 0x80, 0x80, 0x80, 0x80, 0x80, 0x7F, 
	0x80, 0x80, 0x80, 0x7F, 0x80, 0x80, 0x80, 0x81, 0x80, 0x7F, 0x80, 0x80, 0x80, 0x80, 0x80, 0x80, 
	0x80, 0x80, 0x80, 0x80, 0x7F, 0x80, 0x81, 0x80, 0x80, 0x80, 0x81, 0x7F, 0x80, 0x80, 0x80, 0x81, 
	0x80, 0x80, 0x80, 0x80, 0x81, 0x80, 0x80, 0x80, 0x80, 0x80, 0x7F, 0x80, 0x80, 0x80, 0x81, 0x80, 
	0x80, 0x80, 0x80, 0x80, 0x81, 0x80, 0x80, 0x80, 0x80, 0x80, 0x80, 0x7F, 0x80, 0x81, 0x7F, 0x80, 
	0x80, 0x80, 0x80, 0x80, 0x80, 0x80, 0x80, 0x80, 0x80, 0x80, 0x80, 0x80, 0x80, 0x80, 0x80, 0x80, 
	0x80, 0x80, 0x7F, 0x80, 0x80, 0x80, 0x80, 0x80, 0x80, 0x7F, 0x81, 0x81, 0x80, 0x80, 0x80, 0x7F, 
	0x80, 0x80, 0x80, 0x81, 0x80, 0x7F, 0x80, 0x80, 0x7F, 0x80, 0x80, 0x7F, 0x80, 0x80, 0x80, 0x80, 
	0x80, 0x80, 0x80, 0x80, 0x80, 0x80, 0x80, 0x80, 0x80, 0x80, 0x80, 0x81, 0x81, 0x7F, 0x80, 0x80, 
	0x7F, 0x80, 0x80, 0x80, 0x80, 0x80, 0x80, 0x80, 0x80, 0x81, 0x80, 0x80, 0x80, 0x80, 0x80, 0x80, 
	0x80, 0x81, 0x80, 0x81, 0x80, 0x80, 0x80, 0x80, 0x81, 0x80, 0x80, 0x81, 0x80, 0x80, 0x80, 0x81, 
	0x80, 0x80, 0x7F, 0x80, 0x7F, 0x81, 0x80, 0x80, 0x80, 0x80, 0x80, 0x80, 0x7F, 0x80, 0x80, 0x7F, 
	0x80, 0x80, 0x80, 0x80, 0x80, 0x80, 0x80, 0x7F, 0x80, 0x80, 0x7F, 0x7F, 0x80, 0x80, 0x81, 0x80, 
	0x80, 0x80, 0x80, 0x80, 0x80, 0x80, 0x80, 0x80, 0x80, 0x80, 0x80, 0x80, 0x80, 0x80, 0x80, 0x7F, 
	0x80, 0x80, 0x80, 0x80, 0x80, 0x80, 0x80, 0x80, 0x80, 0x80, 0x80, 0x7F, 0x7F, 0x80, 0x81, 0x80, 
	0x80, 0x80, 0x80, 0x80, 0x80, 0x80, 0x80, 0x81, 0x80, 0x80, 0x80, 0x80, 0x80, 0x80, 0x80, 0x80, 
	0x80, 0x80, 0x7F, 0x80, 0x80, 0x80, 0x80, 0x80, 0x80, 0x80, 0x7F, 0x80, 0x7F, 0x80, 0x80, 0x7F, 
	0x80, 0x80, 0x80, 0x80, 0x80, 0x80, 0x80, 0x80, 0x80, 0x80, 0x80, 0x80, 0x80, 0x80, 0x80, 0x81, 
	0x80, 0x80, 0x7F, 0x80, 0x80, 0x80, 0x80, 0x81, 0x80, 0x80, 0x80, 0x80, 0x80, 0x80, 0x7F, 0x80, 
	0x80, 0x80, 0x80, 0x81, 0x80, 0x80, 0x80, 0x80, 0x80, 0x80, 0x80, 0x80, 0x81, 0x80, 0x80, 0x80, 
	0x7F, 0x80, 0x81, 0x80, 0x80, 0x80, 0x80, 0x80, 0x80, 0x7F, 0x80, 0x80, 0x7F, 0x80, 0x80, 0x80, 
	0x80, 0x80, 0x80, 0x80, 0x7F, 0x80, 0x80, 0x80, 0x81, 0x80, 0x80, 0x80, 0x80, 0x80, 0x80, 0x80, 
	0x81, 0x80, 0x80, 0x80, 0x80, 0x80, 0x80, 0x80, 0x80, 0x80, 0x7F, 0x80, 0x80, 0x81, 0x80, 0x80, 
	0x80, 0x80, 0x80, 0x7F, 0x80, 0x80, 0x7F, 0x80, 0x7F, 0x80, 0x81, 0x7F, 0x80, 0x80, 0x80, 0x81, 
	0x80, 0x80, 0x80, 0x80, 0x80, 0x80, 0x80, 0x80, 0x81, 0x80, 0x7F, 0x80, 0x80, 0x80, 0x80, 0x80, 
	0x7F, 0x7F, 0x80, 0x80, 0x80, 0x80, 0x7F, 0x7F, 0x80, 0x80, 0x80, 0x81, 0x80, 0x80, 0x80, 0x80, 
	0x80, 0x80, 0x7F, 0x80, 0x80, 0x80, 0x80, 0x80, 0x80, 0x80, 0x81, 0x80, 0x81, 0x80, 0x80, 0x81, 
	0x81, 0x80, 0x80, 0x80, 0x7F, 0x80, 0x80, 0x80, 0x81, 0x80, 0x80, 0x81, 0x80, 0x80, 0x80, 0x80, 
	0x80, 0x80, 0x80, 0x81, 0x80, 0x80, 0x80, 0x80, 0x80, 0x80, 0x80, 0x80, 0x80, 0x80, 0x80, 0x80, 
	0x7F, 0x80, 0x7F, 0x80, 0x80, 0x80, 0x80, 0x80, 0x80, 0x80, 0x80, 0x80, 0x80, 0x80, 0x80, 0x80, 
	0x81, 0x80, 0x80, 0x7F, 0x80, 0x80, 0x80, 0x80, 0x80, 0x80, 0x80, 0x81, 0x80, 0x80, 0x80, 0x80, 
	0x7F, 0x80, 0x7F, 0x80, 0x80, 0x81, 0x80, 0x7F, 0x80, 0x80, 0x80, 0x80, 0x80, 0x80, 0x7F, 0x81, 
	0x80, 0x80, 0x80, 0x80, 0x80, 0x80, 0x80, 0x80, 0x81, 0x80, 0x80, 0x80, 0x80, 0x80, 0x80, 0x7F, 
	0x80, 0x7F, 0x80, 0x80, 0x80, 0x7F, 0x80, 0x80, 0x80, 0x80, 0x7F, 0x80, 0x7F, 0x80, 0x7F, 0x81, 
	0x80, 0x80, 0x80, 0x80, 0x80, 0x80, 0x80, 0x80, 0x80, 0x80, 0x7F, 0x80, 0x81, 0x80, 0x80, 0x7F, 
	0x80, 0x80, 0x80, 0x80, 0x80, 0x80, 0x80, 0x80, 0x80, 0x7F, 0x81, 0x80, 0x80, 0x80, 0x80, 0x80, 
	0x80, 0x80, 0x80, 0x80, 0x80, 0x80, 0x80, 0x80, 0x7F, 0x80, 0x80, 0x80, 0x80, 0x7F, 0x80, 0x80, 
	0x80, 0x81, 0x80, 0x81, 0x7F, 0x80, 0x80, 0x80, 0x80, 0x80, 0x80, 0x7F, 0x80, 0x80, 0x80, 0x80, 
	0x80, 0x80, 0x80, 0x80, 0x7F, 0x80, 0x80, 0x80, 0x81, 0x7F, 0x80, 0x80, 0x7F, 0x80, 0x80, 0x80, 
	0x81, 0x7F, 0x80, 0x80, 0x80, 0x80, 0x80, 0x80, 0x80, 0x80, 0x80, 0x80, 0x80, 0x7F, 0x81, 0x80, 
	0x7F, 0x80, 0x80, 0x80, 0x80, 0x80, 0x81, 0x80, 0x80, 0x80, 0x80, 0x80, 0x80, 0x80, 0x80, 0x80, 
	0x7F, 0x81, 0x81, 0x80, 0x80, 0x80, 0x80, 0x80, 0x80, 0x80, 0x80, 0x80, 0x80, 0x80, 0x81, 0x80, 
	0x81, 0x80, 0x80, 0x81, 0x80, 0x80, 0x81, 0x80, 0x80, 0x81, 0x7F, 0x80, 0x82, 0x7F, 0x81, 0x81, 
	0x7F, 0x7F, 0x81, 0x7F, 0x7F, 0x82, 0x7F, 0x7F, 0x82, 0x80, 0x7F, 0x82, 0x7F, 0x7E, 0x82, 0x7F, 
	0x7F, 0x83, 0x7E, 0x7E, 0x83, 0x7E, 0x7E, 0x83, 0x7E, 0x7F, 0x83, 0x7D, 0x80, 0x83, 0x7D, 0x80, 
	0x83, 0x7E, 0x81, 0x83, 0x7C, 0x82, 0x82, 0x7C, 0x82, 0x81, 0x7C, 0x83, 0x80, 0x7D, 0x83, 0x7F, 
	0x7F, 0x84, 0x7E, 0x80, 0x82, 0x7E, 0x80, 0x81, 0x80, 0x7F, 0x81, 0x7F, 0x80, 0x81, 0x80, 0x7F, 
	0x81, 0x7F, 0x7F, 0x81, 0x7F, 0x7F, 0x82, 0x7E, 0x80, 0x81, 0x7E, 0x82, 0x80, 0x81, 0x7F, 0x7F, 
	0x81, 0x7E, 0x82, 0x7F, 0x80, 0x81, 0x80, 0x80, 0x80, 0x82, 0x7C, 0x84, 0x7D, 0x7F, 0x81, 0x7E, 
	0x80, 0x81, 0x7F, 0x80, 0x82, 0x7E, 0x81, 0x81, 0x7E, 0x82, 0x7F, 0x80, 0x81, 0x7F, 0x80, 0x81, 
	0x80, 0x80, 0x7F, 0x80, 0x80, 0x7F, 0x82, 0x7F, 0x7F, 0x83, 0x7D, 0x81, 0x81, 0x7E, 0x81, 0x81, 
	0x7F, 0x80, 0x81, 0x80, 0x80, 0x81, 0x7F, 0x80, 0x81, 0x7F, 0x80, 0x81, 0x80, 0x7F, 0x82, 0x7E, 
	0x81, 0x80, 0x7F, 0x81, 0x7F, 0x7F, 0x80, 0x80, 0x80, 0x7F, 0x81, 0x7F, 0x82, 0x80, 0x80, 0x82, 
	0x7E, 0x82, 0x7F, 0x80, 0x80, 0x81, 0x80, 0x7F, 0x81, 0x7E, 0x81, 0x80, 0x7E, 0x83, 0x7E, 0x81, 
	0x80, 0x7F, 0x7F, 0x81, 0x7E, 0x81, 0x80, 0x7F, 0x81, 0x7F, 0x80, 0x81, 0x7F, 0x81, 0x80, 0x7F, 
	0x82, 0x7F, 0x80, 0x81, 0x7D, 0x81, 0x81, 0x7D, 0x83, 0x7E, 0x7F, 0x83, 0x7D, 0x81, 0x81, 0x7D, 
	0x81, 0x80, 0x7E, 0x82, 0x80, 0x7F, 0x82, 0x7F, 0x80, 0x81, 0x7F, 0x80, 0x80, 0x80, 0x7F, 0x7F, 
	0x81, 0x7E, 0x81, 0x80, 0x7E, 0x81, 0x80, 0x7E, 0x81, 0x81, 0x7E, 0x83, 0x7F, 0x7F, 0x82, 0x7E, 
	0x81, 0x80, 0x80, 0x80, 0x80, 0x81, 0x81, 0x7F, 0x81, 0x80, 0x7F, 0x80, 0x80, 0x80, 0x81, 0x7F, 
	0x80, 0x80, 0x80, 0x80, 0x80, 0x81, 0x80, 0x80, 0x80, 0x80, 0x80, 0x80, 0x80, 0x81, 0x7F, 0x81, 
	0x7F, 0x81, 0x80, 0x80, 0x7F, 0x80, 0x80, 0x80, 0x81, 0x7F, 0x81, 0x7F, 0x7F, 0x81, 0x7E, 0x82, 
	0x80, 0x7F, 0x81, 0x80, 0x7F, 0x81, 0x7F, 0x7F, 0x82, 0x7F, 0x81, 0x80, 0x80, 0x81, 0x7F, 0x81, 
	0x80, 0x7F, 0x81, 0x80, 0x7F, 0x81, 0x80, 0x80, 0x81, 0x7F, 0x80, 0x81, 0x7F, 0x81, 0x80, 0x7F, 
	0x81, 0x80, 0x81, 0x7F, 0x80, 0x81, 0x80, 0x80, 0x81, 0x7F, 0x80, 0x80, 0x7E, 0x81, 0x81, 0x7E, 
	0x82, 0x7F, 0x7F, 0x81, 0x7F, 0x81, 0x80, 0x7F, 0x80, 0x80, 0x7F, 0x81, 0x80, 0x80, 0x80, 0x7F, 
	0x81, 0x7F, 0x80, 0x81, 0x80, 0x80, 0x80, 0x80, 0x80, 0x80, 0x7F, 0x80, 0x7F, 0x7F, 0x80, 0x80, 
	0x80, 0x80, 0x80, 0x80, 0x80, 0x81, 0x7F, 0x81, 0x7E, 0x81, 0x80, 0x80, 0x81, 0x7F, 0x80, 0x7F, 
	0x81, 0x80, 0x80, 0x80, 0x80, 0x80, 0x80, 0x81, 0x81, 0x7F, 0x81, 0x80, 0x7F, 0x81, 0x80, 0x80, 
	0x81, 0x7F, 0x80, 0x80, 0x7F, 0x80, 0x80, 0x7F, 0x80, 0x80, 0x7F, 0x80, 0x80, 0x80, 0x80, 0x80, 
	0x81, 0x7F, 0x81, 0x80, 0x80, 0x81, 0x7F, 0x80, 0x81, 0x80, 0x80, 0x80, 0x7F, 0x80, 0x7F, 0x7F, 
	0x80, 0x80, 0x7F, 0x7F, 0x7F, 0x80, 0x7F, 0x81, 0x80, 0x7F, 0x81, 0x7F, 0x80, 0x80, 0x80, 0x80, 
	0x80, 0x7F, 0x80, 0x80, 0x80, 0x80, 0x80, 0x80, 0x81, 0x7F, 0x80, 0x80, 0x80, 0x80, 0x80, 0x80, 
	0x81, 0x7F, 0x81, 0x7F, 0x7F, 0x80, 0x80, 0x80, 0x81, 0x80, 0x80, 0x80, 0x80, 0x81, 0x80, 0x7F, 
	0x81, 0x80, 0x80, 0x81, 0x80, 0x81, 0x80, 0x80, 0x80, 0x7F, 0x80, 0x80, 0x7F, 0x80, 0x80, 0x80, 
	0x80, 0x80, 0x80, 0x80, 0x80, 0x81, 0x7F, 0x80, 0x80, 0x7F, 0x80, 0x80, 0x80, 0x81, 0x80, 0x80, 
	0x80, 0x80, 0x80, 0x7F, 0x80, 0x80, 0x80, 0x80, 0x7F, 0x7F, 0x80, 0x80, 0x80, 0x80, 0x7E, 0x81, 
	0x80, 0x7F, 0x81, 0x7F, 0x7F, 0x80, 0x7F, 0x7F, 0x81, 0x80, 0x80, 0x80, 0x80, 0x80, 0x80, 0x80, 
	0x80, 0x80, 0x80, 0x7F, 0x80, 0x80, 0x7F, 0x80, 0x7F, 0x7F, 0x81, 0x7F, 0x80, 0x81, 0x7F, 0x80, 
	0x81, 0x80, 0x81, 0x80, 0x80, 0x81, 0x80, 0x80, 0x81, 0x7F, 0x80, 0x80, 0x80, 0x7F, 0x80, 0x81, 
	0x7F, 0x80, 0x80, 0x80, 0x81, 0x80, 0x80, 0x80, 0x7F, 0x80, 0x80, 0x80, 0x80, 0x80, 0x7F, 0x80, 
	0x80, 0x80, 0x80, 0x80, 0x80, 0x80, 0x7F, 0x7F, 0x80, 0x80, 0x7F, 0x80, 0x80, 0x7F, 0x80, 0x80, 
	0x80, 0x80, 0x80, 0x7F, 0x81, 0x80, 0x80, 0x80, 0x80, 0x7F, 0x80, 0x81, 0x80, 0x80, 0x80, 0x7F, 
	0x80, 0x80, 0x80, 0x80, 0x80, 0x7F, 0x80, 0x80, 0x80, 0x80, 0x80, 0x80, 0x80, 0x80, 0x80, 0x80, 
	0x80, 0x81, 0x80, 0x7F, 0x80, 0x80, 0x80, 0x81, 0x80, 0x7F, 0x80, 0x7F, 0x81, 0x80, 0x80, 0x80, 
	0x80, 0x80, 0x7F, 0x80, 0x80, 0x80, 0x80, 0x81, 0x80, 0x80, 0x80, 0x80, 0x80, 0x80, 0x80, 0x80, 
	0x80, 0x80, 0x80, 0x80, 0x80, 0x80, 0x80, 0x80, 0x80, 0x80, 0x80, 0x81, 0x80, 0x80, 0x7F, 0x80, 
	0x80, 0x80, 0x80, 0x80, 0x80, 0x7F, 0x80, 0x80, 0x80, 0x7F, 0x80, 0x80, 0x80, 0x80, 0x80, 0x81, 
	0x80, 0x80, 0x80, 0x80, 0x80, 0x81, 0x80, 0x80, 0x80, 0x80, 0x80, 0x80, 0x80, 0x80, 0x80, 0x80, 
	0x80, 0x80, 0x81, 0x80, 0x81, 0x80, 0x80, 0x80, 0x80, 0x80, 0x80, 0x80, 0x80, 0x7F, 0x80, 0x80, 
	0x80, 0x80, 0x80, 0x7F, 0x81, 0x7F, 0x80, 0x80, 0x80, 0x80, 0x80, 0x7F, 0x81, 0x80, 0x80, 0x80, 
	0x80, 0x80, 0x80, 0x80, 0x81, 0x80, 0x80, 0x80, 0x81, 0x80, 0x80, 0x80, 0x80, 0x80, 0x80, 0x80, 
	0x80, 0x80, 0x80, 0x80, 0x80, 0x80, 0x7F, 0x7F, 0x80, 0x80, 0x80, 0x80, 0x80, 0x80, 0x80, 0x80, 
	0x80, 0x80, 0x80, 0x80, 0x7F, 0x80, 0x80, 0x80, 0x7F, 0x80, 0x7F, 0x81, 0x80, 0x80, 0x80, 0x80, 
	0x7F, 0x80, 0x80, 0x7F, 0x80, 0x80, 0x7F, 0x80, 0x7F, 0x80, 0x81, 0x80, 0x80, 0x80, 0x80, 0x80, 
	0x80, 0x80, 0x80, 0x81, 0x80, 0x80, 0x80, 0x80, 0x80, 0x81, 0x80, 0x81, 0x81, 0x80, 0x80, 0x7F, 
	0x80, 0x7F, 0x80, 0x81, 0x80, 0x80, 0x80, 0x80, 0x80, 0x80, 0x80, 0x80, 0x80, 0x80, 0x80, 0x80, 
	0x7F, 0x81, 0x80, 0x81, 0x81, 0x81, 0x80, 0x7F, 0x80, 0x80, 0x80, 0x80, 0x80, 0x80, 0x81, 0x80, 
	0x80, 0x7F, 0x7F, 0x80, 0x80, 0x80, 0x80, 0x80, 0x80, 0x80, 0x81, 0x80, 0x7F, 0x80, 0x80, 0x80, 
	0x80, 0x80, 0x80, 0x80, 0x80, 0x80, 0x80, 0x80, 0x81, 0x7F, 0x80, 0x80, 0x81, 0x80, 0x80, 0x80, 
	0x80, 0x81, 0x80, 0x80, 0x80, 0x80, 0x80, 0x81, 0x80, 0x80, 0x80, 0x80, 0x80, 0x80, 0x80, 0x80, 
	0x81, 0x80, 0x7F, 0x80, 0x80, 0x80, 0x80, 0x80, 0x7F, 0x80, 0x80, 0x7F, 0x80, 0x80, 0x80, 0x7F, 
	0x80, 0x80, 0x80, 0x7F, 0x80, 0x80, 0x7F, 0x80, 0x80, 0x80, 0x80, 0x80, 0x80, 0x80, 0x80, 0x7F, 
	0x80, 0x80, 0x80, 0x80, 0x80, 0x81, 0x80, 0x80, 0x80, 0x80, 0x80, 0x80, 0x80, 0x81, 0x80, 0x80, 
	0x80, 0x80, 0x80, 0x80, 0x80, 0x80, 0x80, 0x80, 0x80, 0x7F, 0x7F, 0x80, 0x80, 0x80, 0x7F, 0x81, 
	0x80, 0x7F, 0x81, 0x80, 0x80, 0x80, 0x81, 0x80, 0x81, 0x81, 0x80, 0x80, 0x80, 0x80, 0x80, 0x81, 
	0x80, 0x80, 0x80, 0x80, 0x80, 0x80, 0x81, 0x80, 0x7F, 0x80, 0x80, 0x80, 0x80, 0x80, 0x80, 0x80, 
	0x80, 0x80, 0x80, 0x80, 0x7F, 0x81, 0x80, 0x80, 0x80, 0x7F, 0x80, 0x80, 0x80, 0x80, 0x7F, 0x7F, 
	0x81, 0x80, 0x80, 0x7F, 0x7F, 0x81, 0x80, 0x81, 0x80, 0x80, 0x80, 0x80, 0x7F, 0x80, 0x80, 0x80, 
	0x80, 0x7F, 0x80, 0x80, 0x80, 0x80, 0x80, 0x80, 0x80, 0x80, 0x80, 0x81, 0x80, 0x80, 0x80, 0x7F, 
	0x81, 0x80, 0x80, 0x80, 0x80, 0x80, 0x80, 0x80, 0x80, 0x80, 0x80, 0x80, 0x7F, 0x80, 0x80, 0x80, 
	0x80, 0x81, 0x80, 0x7F, 0x7F, 0x80, 0x80, 0x80, 0x80, 0x80, 0x80, 0x7F, 0x7F, 0x80, 0x80, 0x80, 
	0x80, 0x80, 0x80, 0x80, 0x7F, 0x80, 0x80, 0x81, 0x80, 0x80, 0x80, 0x7F, 0x80, 0x80, 0x80, 0x80, 
	0x80, 0x80, 0x80, 0x80, 0x7F, 0x7F, 0x80, 0x80, 0x81, 0x80, 0x7F, 0x80, 0x80, 0x80, 0x80, 0x80, 
	0x7F, 0x80, 0x81, 0x80, 0x7F, 0x80, 0x80, 0x80, 0x80, 0x80, 0x80, 0x80, 0x7F, 0x80, 0x80, 0x80, 
	0x80, 0x80, 0x7F, 0x80, 0x81, 0x80, 0x81, 0x80, 0x80, 0x80, 0x80, 0x80, 0x80, 0x80, 0x80, 0x81, 
	0x80, 0x7F, 0x80, 0x80, 0x80, 0x80, 0x80, 0x80, 0x81, 0x80, 0x80, 0x80, 0x80, 0x81, 0x7F, 0x7F, 
	0x80, 0x80, 0x80, 0x80, 0x7F, 0x80, 0x80, 0x80, 0x81, 0x80, 0x80, 0x7F, 0x80, 0x80, 0x81, 0x80, 
	0x80, 0x80, 0x80, 0x80, 0x81, 0x81, 0x7F, 0x80, 0x81, 0x81, 0x80, 0x80, 0x80, 0x80, 0x7F, 0x80, 
	0x80, 0x81, 0x80, 0x80, 0x80, 0x80, 0x80, 0x80, 0x80, 0x81, 0x80, 0x80, 0x80, 0x80, 0x80, 0x80, 
	0x80, 0x80, 0x80, 0x7F, 0x80, 0x80, 0x80, 0x80, 0x80, 0x80, 0x80, 0x81, 0x80, 0x80, 0x80, 0x80, 
	0x80, 0x80, 0x80, 0x80, 0x81, 0x80, 0x81, 0x80, 0x80, 0x80, 0x80, 0x80, 0x7F, 0x80, 0x80, 0x81, 
	0x80, 0x7F, 0x7F, 0x7F, 0x80, 0x80, 0x80, 0x80, 0x81, 0x80, 0x80, 0x80, 0x7F, 0x80, 0x80, 0x80, 
	0x80, 0x80, 0x7F, 0x80, 0x80, 0x80, 0x80, 0x80, 0x80, 0x80, 0x80, 0x80, 0x80, 0x80, 0x80, 0x80, 
	0x80, 0x80, 0x80, 0x7F, 0x80, 0x80, 0x80, 0x80, 0x80, 0x80, 0x7F, 0x7F, 0x81, 0x80, 0x80, 0x80, 
	0x80, 0x81, 0x80, 0x80, 0x7F, 0x7F, 0x80, 0x80, 0x80, 0x80, 0x7F, 0x80, 0x81, 0x80, 0x80, 0x80, 
	0x80, 0x80, 0x7F, 0x80, 0x7F, 0x80, 0x80, 0x80, 0x80, 0x80, 0x7F, 0x80, 0x80, 0x80, 0x80, 0x80, 
	0x80, 0x81, 0x80, 0x80, 0x80, 0x80, 0x80, 0x81, 0x80, 0x80, 0x80, 0x7F, 0x80, 0x80, 0x81, 0x80, 
	0x80, 0x80, 0x7F, 0x7F, 0x80, 0x81, 0x80, 0x80, 0x80, 0x80, 0x81, 0x80, 0x81, 0x80, 0x80, 0x80, 
	0x80, 0x80, 0x80, 0x80, 0x80, 0x80, 0x80, 0x7F, 0x80, 0x80, 0x80, 0x80, 0x7F, 0x80, 0x80, 0x80, 
	0x80, 0x7F, 0x80, 0x80, 0x81, 0x80, 0x80, 0x81, 0x80, 0x80, 0x80, 0x80, 0x81, 0x80, 0x7F, 0x80, 
	0x80, 0x80, 0x80, 0x80, 0x80, 0x80, 0x80, 0x7F, 0x7F, 0x81, 0x80, 0x81, 0x80, 0x80, 0x80, 0x7F, 
	0x80, 0x7F, 0x81, 0x80, 0x7F, 0x80, 0x80, 0x81, 0x7F, 0x80, 0x80, 0x80, 0x7F, 0x7F, 0x80, 0x80, 
	0x80, 0x80, 0x80, 0x80, 0x80, 0x80, 0x81, 0x81, 0x80, 0x80, 0x80, 0x80, 0x80, 0x80, 0x81, 0x7F, 
	0x80, 0x81, 0x80, 0x7F, 0x80, 0x80, 0x80, 0x80, 0x80, 0x81, 0x80, 0x80, 0x80, 0x80, 0x80, 0x80, 
	0x80, 0x80, 0x80, 0x80, 0x81, 0x80, 0x80, 0x80, 0x80, 0x81, 0x80, 0x80, 0x80, 0x80, 0x80, 0x80, 
	0x80, 0x80, 0x80, 0x80, 0x80, 0x80, 0x80, 0x80, 0x80, 0x81, 0x81, 0x80, 0x80, 0x7F, 0x80, 0x80, 
	0x80, 0x80, 0x80, 0x81, 0x7F, 0x80, 0x80, 0x80, 0x80, 0x80, 0x80, 0x81, 0x80, 0x80, 0x80, 0x80, 
	0x81, 0x80, 0x80, 0x80, 0x80, 0x81, 0x81, 0x80, 0x80, 0x80, 0x80, 0x80, 0x80, 0x7F, 0x81, 0x80, 
	0x80, 0x81, 0x80, 0x7F, 0x80, 0x80, 0x80, 0x80, 0x80, 0x80, 0x80, 0x80, 0x80, 0x80, 0x80, 0x80, 
	0x80, 0x7F, 0x7F, 0x80, 0x80, 0x80, 0x80, 0x80, 0x80, 0x80, 0x80, 0x80, 0x80, 0x80, 0x80, 0x80, 
	0x80, 0x80, 0x80, 0x80, 0x80, 0x80, 0x7F, 0x7F, 0x80, 0x7F, 0x80, 0x81, 0x80, 0x80, 0x80, 0x80, 
	0x80, 0x80, 0x80, 0x80, 0x80, 0x80, 0x80, 0x80, 0x80, 0x80, 0x80, 0x80, 0x80, 0x80, 0x80, 0x80, 
	0x80, 0x80, 0x80, 0x80, 0x80, 0x80, 0x80, 0x80, 0x80, 0x80, 0x80, 0x80, 0x80, 0x80, 0x80, 0x80, 
	0x7F, 0x80, 0x80, 0x80, 0x80, 0x80, 0x7F, 0x80, 0x80, 0x80, 0x80, 0x80, 0x80, 0x80, 0x80, 0x80, 
	0x80, 0x80, 0x80, 0x80, 0x80, 0x80, 0x80, 0x80, 0x80, 0x80, 0x7F, 0x7F, 0x80, 0x81, 0x81, 0x80, 
	0x80, 0x80, 0x7F, 0x80, 0x80, 0x80, 0x80, 0x80, 0x80, 0x80, 0x80, 0x80, 0x80, 0x80, 0x80, 0x7F, 
	0x80, 0x81, 0x80, 0x80, 0x80, 0x7F, 0x80, 0x80, 0x80, 0x81, 0x80, 0x80, 0x80, 0x80, 0x80, 0x80, 
	0x80, 0x80, 0x80, 0x81, 0x80, 0x80, 0x80, 0x80, 0x7F, 0x7F, 0x81, 0x81, 0x80, 0x80, 0x80, 0x80, 
	0x80, 0x7F, 0x80, 0x80, 0x80, 0x81, 0x80, 0x80, 0x80, 0x80, 0x80, 0x80, 0x80, 0x80, 0x7F, 0x80, 
	0x80, 0x80, 0x80, 0x80, 0x80, 0x80, 0x7F, 0x80, 0x80, 0x7F, 0x80, 0x80, 0x80, 0x80, 0x7F, 0x80, 
	0x81, 0x80, 0x81, 0x80, 0x80, 0x80, 0x7F, 0x80, 0x80, 0x80, 0x81, 0x80, 0x80, 0x81, 0x80, 0x80, 
	0x80, 0x80, 0x80, 0x80, 0x80, 0x80, 0x80, 0x80, 0x80, 0x80, 0x80, 0x80, 0x80, 0x80, 0x80, 0x80, 
	0x80, 0x81, 0x81, 0x80, 0x80, 0x80, 0x80, 0x80, 0x80, 0x80, 0x7F, 0x7F, 0x80, 0x80, 0x80, 0x80, 
	0x80, 0x7F, 0x80, 0x80, 0x80, 0x80, 0x80, 0x80, 0x80, 0x80, 0x80, 0x80, 0x80, 0x7F, 0x7F, 0x80, 
	0x80, 0x81, 0x80, 0x80, 0x7F, 0x80, 0x80, 0x81, 0x80, 0x7F, 0x7F, 0x80, 0x80, 0x80, 0x80, 0x80, 
	0x80, 0x7F, 0x80, 0x80, 0x80, 0x80, 0x80, 0x80, 0x80, 0x80, 0x80, 0x80, 0x81, 0x80, 0x80, 0x80, 
	0x7F, 0x80, 0x7F, 0x80, 0x80, 0x80, 0x7F, 0x80, 0x80, 0x80, 0x80, 0x80, 0x80, 0x80, 0x80, 0x80, 
	0x80, 0x80, 0x80, 0x81, 0x80, 0x80, 0x7F, 0x81, 0x80, 0x81, 0x7F, 0x80, 0x80, 0x80, 0x80, 0x80, 
	0x80, 0x80, 0x80, 0x80, 0x80, 0x80, 0x80, 0x80, 0x7F, 0x80, 0x80, 0x80, 0x80, 0x7F, 0x81, 0x80, 
	0x80, 0x80, 0x80, 0x80, 0x80, 0x80, 0x80, 0x80, 0x80, 0x80, 0x80, 0x81, 0x80, 0x80, 0x7F, 0x81, 
	0x80, 0x80, 0x80, 0x80, 0x80, 0x80, 0x7F, 0x7F, 0x80, 0x80, 0x80, 0x80, 0x80, 0x7F, 0x80, 0x80, 
	0x80, 0x80, 0x80, 0x81, 0x80, 0x80, 0x80, 0x81, 0x80, 0x80, 0x80, 0x80, 0x80, 0x80, 0x80, 0x80, 
	0x80, 0x80, 0x80, 0x80, 0x80, 0x80, 0x7F, 0x80, 0x80, 0x80, 0x7F, 0x80, 0x80, 0x80, 0x7F, 0x80, 
	0x80, 0x80, 0x80, 0x80, 0x80, 0x80, 0x7F, 0x80, 0x80, 0x80, 0x80, 0x80, 0x80, 0x80, 0x80, 0x80, 
	0x80, 0x80, 0x80, 0x80, 0x7F, 0x80, 0x80, 0x80, 0x80, 0x80, 0x80, 0x80, 0x7F, 0x80, 0x80, 0x80, 
	0x80, 0x80, 0x80, 0x80, 0x80, 0x80, 0x80, 0x80, 0x80, 0x80, 0x80, 0x80, 0x80, 0x7F, 0x81, 0x80, 
	0x80, 0x80, 0x80, 0x80, 0x80, 0x80, 0x80, 0x80, 0x7F, 0x81, 0x80, 0x80, 0x81, 0x80, 0x80, 0x80, 
	0x80, 0x80, 0x80, 0x80, 0x80, 0x80, 0x80, 0x80, 0x80, 0x80, 0x80, 0x81, 0x80, 0x80, 0x80, 0x80, 
	0x80, 0x7F, 0x80, 0x80, 0x80, 0x7F, 0x80, 0x80, 0x80, 0x80, 0x81, 0x7F, 0x80, 0x80, 0x80, 0x80, 
	0x7F, 0x7F, 0x80, 0x80, 0x80, 0x80, 0x80, 0x80, 0x80, 0x80, 0x80, 0x81, 0x80, 0x80, 0x80, 0x80, 
	0x80, 0x80, 0x80, 0x80, 0x80, 0x7F, 0x81, 0x80, 0x7F, 0x80, 0x80, 0x80, 0x80, 0x80, 0x80, 0x80, 
	0x80, 0x80, 0x80, 0x80, 0x80, 0x80, 0x81, 0x80, 0x80, 0x80, 0x80, 0x81, 0x7F, 0x80, 0x80, 0x80, 
	0x80, 0x7F, 0x80, 0x80, 0x80, 0x80, 0x80, 0x80, 0x80, 0x80, 0x80, 0x80, 0x80, 0x80, 0x80, 0x80, 
	0x7F, 0x80, 0x80, 0x80, 0x80, 0x80, 0x80, 0x80, 0x80, 0x80, 0x80, 0x80, 0x80, 0x7F, 0x80, 0x80, 
	0x80, 0x7F, 0x80, 0x80, 0x80, 0x80, 0x80, 0x80, 0x80, 0x80, 0x80, 0x7F, 0x80, 0x80, 0x81, 0x80, 
	0x80, 0x7F, 0x80, 0x80, 0x81, 0x80, 0x80, 0x80, 0x81, 0x80, 0x80, 0x80, 0x80, 0x80, 0x80, 0x80, 
	0x80, 0x80, 0x80, 0x80, 0x80, 0x80, 0x7F, 0x80, 0x80, 0x81, 0x80, 0x7F, 0x81, 0x81, 0x80, 0x80, 
	0x80, 0x80, 0x80, 0x7F, 0x80, 0x80, 0x7F, 0x80, 0x80, 0x81, 0x80, 0x7F, 0x81, 0x80, 0x81, 0x7F, 
	0x80, 0x80, 0x80, 0x80, 0x80, 0x80, 0x80, 0x80, 0x80, 0x80, 0x80, 0x81, 0x80, 0x80, 0x80, 0x80, 
	0x80, 0x80, 0x80, 0x80, 0x81, 0x80, 0x81, 0x80, 0x80, 0x80, 0x80, 0x80, 0x80, 0x80, 0x80, 0x80, 
	0x80, 0x80, 0x81, 0x80, 0x80, 0x80, 0x7F, 0x80, 0x81, 0x7F, 0x80, 0x80, 0x80, 0x7F, 0x80, 0x80, 
	0x80, 0x80, 0x80, 0x80, 0x80, 0x80, 0x80, 0x7F, 0x80, 0x80, 0x80, 0x80, 0x80, 0x80, 0x80, 0x80, 
	0x80, 0x80, 0x80, 0x80, 0x80, 0x80, 0x7F, 0x7F, 0x80, 0x80, 0x80, 0x80, 0x7F, 0x81, 0x81, 0x80, 
	0x80, 0x7F, 0x80, 0x80, 0x81, 0x7F, 0x80, 0x80, 0x80, 0x80, 0x7F, 0x80, 0x80, 0x81, 0x80, 0x80, 
	0x80, 0x80, 0x80, 0x80, 0x81, 0x81, 0x80, 0x80, 0x80, 0x81, 0x80, 0x80, 0x7F, 0x80, 0x80, 0x80, 
	0x80, 0x80, 0x80, 0x80, 0x80, 0x80, 0x7F, 0x80, 0x7F, 0x7F, 0x80, 0x80, 0x80, 0x80, 0x80, 0x7F, 
	0x80, 0x80, 0x80, 0x7F, 0x80, 0x80, 0x80, 0x80, 0x80, 0x80, 0x81, 0x80, 0x81, 0x80, 0x7F, 0x80, 
	0x81, 0x80, 0x80, 0x81, 0x80, 0x80, 0x80, 0x80, 0x80, 0x80, 0x80, 0x80, 0x7F, 0x80, 0x80, 0x81, 
	0x80, 0x7F, 0x80, 0x80, 0x80, 0x80, 0x80, 0x80, 0x80, 0x80, 0x80, 0x80, 0x81, 0x80, 0x80, 0x7F, 
	0x80, 0x81, 0x80, 0x80, 0x7F, 0x80, 0x81, 0x80, 0x80, 0x7F, 0x80, 0x7F, 0x80, 0x80, 0x80, 0x80, 
	0x80, 0x80, 0x80, 0x80, 0x80, 0x80, 0x80, 0x7F, 0x81, 0x80, 0x80, 0x80, 0x80, 0x80, 0x80, 0x80, 
	0x80, 0x7F, 0x80, 0x80, 0x80, 0x80, 0x81, 0x81, 0x80, 0x80, 0x80, 0x80, 0x80, 0x80, 0x80, 0x80, 
	0x80, 0x80, 0x80, 0x80, 0x81, 0x80, 0x80, 0x80, 0x81, 0x80, 0x80, 0x80, 0x7F, 0x80, 0x80, 0x80, 
	0x80, 0x80, 0x80, 0x81, 0x80, 0x81, 0x80, 0x80, 0x80, 0x80, 0x80, 0x80, 0x80, 0x80, 0x80, 0x80, 
	0x7F, 0x80, 0x80, 0x80, 0x80, 0x80, 0x80, 0x80, 0x80, 0x80, 0x80, 0x80, 0x80, 0x80, 0x7F, 0x80, 
	0x80, 0x80, 0x80, 0x7F, 0x80, 0x80, 0x80, 0x81, 0x80, 0x80, 0x81, 0x7F, 0x80, 0x80, 0x80, 0x80, 
	0x80, 0x80, 0x80, 0x80, 0x80, 0x80, 0x80, 0x80, 0x80, 0x7F, 0x81, 0x81, 0x80, 0x81, 0x80, 0x80, 
	0x80, 0x81, 0x80, 0x80, 0x81, 0x7F, 0x7F, 0x80, 0x80, 0x80, 0x80, 0x80, 0x7F, 0x80, 0x80, 0x80, 
	0x81, 0x80, 0x80, 0x81, 0x80, 0x80, 0x81, 0x80, 0x80, 0x80, 0x80, 0x80, 0x80, 0x80, 0x80, 0x80, 
	0x80, 0x80, 0x80, 0x80, 0x80, 0x80, 0x80, 0x80, 0x80, 0x80, 0x80, 0x80, 0x80, 0x80, 0x80, 0x80, 
	0x80, 0x80, 0x80, 0x80, 0x80, 0x80, 0x80, 0x80, 0x80, 0x80, 0x80, 0x80, 0x80, 0x7F, 0x80, 0x80, 
	0x80, 0x80, 0x7F, 0x80, 0x7F, 0x80, 0x81, 0x80, 0x80, 0x7F, 0x80, 0x81, 0x80, 0x80, 0x80, 0x81, 
	0x7F, 0x80, 0x80, 0x80, 0x80, 0x7F, 0x80, 0x80, 0x80, 0x80, 0x80, 0x80, 0x80, 0x80, 0x80, 0x80, 
	0x80, 0x80, 0x80, 0x80, 0x80, 0x80, 0x80, 0x80, 0x81, 0x80, 0x80, 0x80, 0x80, 0x80, 0x80, 0x80, 
	0x80, 0x80, 0x81, 0x80, 0x80, 0x80, 0x80, 0x80, 0x80, 0x80, 0x80, 0x80, 0x7F, 0x80, 0x80, 0x7F, 
	0x80, 0x80, 0x80, 0x80, 0x80, 0x7F, 0x80, 0x81, 0x80, 0x80, 0x80, 0x80, 0x80, 0x7F, 0x80, 0x81, 
	0x80, 0x80, 0x7F, 0x80, 0x80, 0x80, 0x7F, 0x80, 0x7F, 0x80, 0x80, 0x80, 0x80, 0x80, 0x80, 0x80, 
	0x80, 0x81, 0x80, 0x80, 0x80, 0x80, 0x80, 0x80, 0x80, 0x80, 0x80, 0x80, 0x7F, 0x81, 0x80, 0x7F, 
	0x80, 0x80, 0x80, 0x7F, 0x80, 0x80, 0x80, 0x80, 0x80, 0x80, 0x80, 0x80, 0x80, 0x7F, 0x81, 0x80, 
	0x81, 0x7F, 0x80, 0x80, 0x80, 0x80, 0x80, 0x80, 0x80, 0x7F, 0x80, 0x80, 0x80, 0x7F, 0x80, 0x80, 
	0x80, 0x7F, 0x80, 0x80, 0x80, 0x80, 0x80, 0x80, 0x80, 0x80, 0x80, 0x80, 0x80, 0x80, 0x80, 0x80, 
	0x80, 0x80, 0x80, 0x81, 0x80, 0x7F, 0x80, 0x80, 0x80, 0x80, 0x80, 0x80, 0x80, 0x81, 0x81, 0x81, 
	0x80, 0x80, 0x80, 0x80, 0x80, 0x80, 0x7F, 0x7F, 0x81, 0x80, 0x7F, 0x80, 0x7F, 0x80, 0x80, 0x7F, 
	0x80, 0x80, 0x80, 0x80, 0x80, 0x80, 0x81, 0x80, 0x80, 0x80, 0x80, 0x80, 0x80, 0x80, 0x80, 0x80, 
	0x80, 0x80, 0x80, 0x80, 0x80, 0x80, 0x80, 0x81, 0x7F, 0x7F, 0x80, 0x80, 0x81, 0x80, 0x80, 0x80, 
	0x80, 0x80, 0x81, 0x80, 0x80, 0x80, 0x7F, 0x80, 0x80, 0x80, 0x81, 0x81, 0x80, 0x80, 0x80, 0x80, 
	0x80, 0x80, 0x80, 0x80, 0x81, 0x80, 0x80, 0x80, 0x80, 0x80, 0x80, 0x80, 0x80, 0x80, 0x80, 0x7F, 
	0x80, 0x80, 0x80, 0x80, 0x80, 0x80, 0x80, 0x7F, 0x80, 0x80, 0x80, 0x80, 0x80, 0x80, 0x80, 0x80, 
	0x80, 0x80, 0x80, 0x80, 0x80, 0x80, 0x80, 0x81, 0x80, 0x7F, 0x7F, 0x80, 0x80, 0x80, 0x81, 0x80, 
	0x7F, 0x7F, 0x80, 0x80, 0x7F, 0x81, 0x80, 0x80, 0x80, 0x80, 0x80, 0x80, 0x7F, 0x80, 0x80, 0x7F, 
	0x80, 0x80, 0x80, 0x7F, 0x7F, 0x80, 0x80, 0x80, 0x80, 0x81, 0x80, 0x80, 0x80, 0x80, 0x80, 0x80, 
	0x80, 0x80, 0x80, 0x80, 0x80, 0x81, 0x80, 0x80, 0x80, 0x80, 0x7F, 0x80, 0x80, 0x80, 0x80, 0x80, 
	0x80, 0x7F, 0x81, 0x80, 0x80, 0x80, 0x80, 0x80, 0x80, 0x80, 0x80, 0x80, 0x80, 0x80, 0x81, 0x80, 
	0x81, 0x80, 0x81, 0x80, 0x80, 0x80, 0x80, 0x80, 0x80, 0x80, 0x80, 0x80, 0x80, 0x80, 0x81, 0x7F, 
	0x80, 0x80, 0x7F, 0x7F, 0x80, 0x80, 0x80, 0x80, 0x80, 0x80, 0x80, 0x80, 0x80, 0x80, 0x80, 0x7F, 
	0x80, 0x80, 0x7F, 0x80, 0x80, 0x80, 0x7F, 0x80, 0x80, 0x80, 0x80, 0x80, 0x80, 0x80, 0x80, 0x80, 
	0x80, 0x80, 0x80, 0x7F, 0x80, 0x80, 0x80, 0x80, 0x80, 0x80, 0x80, 0x80, 0x80, 0x80, 0x80, 0x80, 
	0x80, 0x81, 0x7F, 0x80, 0x80, 0x80, 0x80, 0x80, 0x80, 0x80, 0x80, 0x80, 0x80, 0x80, 0x80, 0x80, 
	0x80, 0x80, 0x7F, 0x7F, 0x80, 0x81, 0x80, 0x80, 0x7F, 0x7F, 0x80, 0x81, 0x80, 0x7F, 0x7F, 0x80, 
	0x80, 0x80, 0x80, 0x80, 0x80, 0x80, 0x80, 0x80, 0x80, 0x80, 0x80, 0x80, 0x80, 0x80, 0x80, 0x80, 
	0x80, 0x80, 0x80, 0x80, 0x80, 0x80, 0x7F, 0x7F, 0x80, 0x80, 0x80, 0x80, 0x80, 0x80, 0x80, 0x80, 
	0x7F, 0x81, 0x80, 0x80, 0x80, 0x80, 0x81, 0x80, 0x80, 0x80, 0x80, 0x80, 0x80, 0x80, 0x80, 0x81, 
	0x80, 0x80, 0x80, 0x80, 0x80, 0x80, 0x80, 0x80, 0x80, 0x80, 0x80, 0x7F, 0x7F, 0x80, 0x80, 0x80, 
	0x80, 0x80, 0x80, 0x80, 0x81, 0x80, 0x80, 0x80, 0x7F, 0x80, 0x80, 0x7F, 0x80, 0x80, 0x7F, 0x80, 
	0x7F, 0x80, 0x81, 0x80, 0x80, 0x80, 0x80, 0x80, 0x80, 0x80, 0x80, 0x80, 0x80, 0x80, 0x80, 0x80, 
	0x80, 0x80, 0x80, 0x80, 0x81, 0x80, 0x7F, 0x80, 0x80, 0x7F, 0x80, 0x80, 0x80, 0x80, 0x81, 0x80, 
	0x80, 0x80, 0x80, 0x80, 0x80, 0x80, 0x80, 0x80, 0x81, 0x7F, 0x80, 0x80, 0x80, 0x80, 0x80, 0x80, 
	0x81, 0x80, 0x80, 0x80, 0x80, 0x80, 0x80, 0x81, 0x7F, 0x80, 0x80, 0x81, 0x80, 0x80, 0x80, 0x80, 
	0x80, 0x80, 0x80, 0x80, 0x81, 0x80, 0x81, 0x80, 0x80, 0x80, 0x80, 0x80, 0x80, 0x7F, 0x7F, 0x80, 
	0x80, 0x80, 0x80, 0x81, 0x80, 0x7F, 0x80, 0x80, 0x7F, 0x80, 0x80, 0x80, 0x80, 0x80, 0x80, 0x80, 
	0x80, 0x80, 0x7F, 0x80, 0x80, 0x80, 0x80, 0x80, 0x80, 0x80, 0x7F, 0x80, 0x80, 0x80, 0x80, 0x81, 
	0x80, 0x80, 0x80, 0x80, 0x80, 0x80, 0x80, 0x7F, 0x80, 0x80, 0x80, 0x80, 0x80, 0x7F, 0x80, 0x80, 
	0x80, 0x80, 0x80, 0x80, 0x80, 0x80, 0x80, 0x7F, 0x7F, 0x80, 0x80, 0x81, 0x80, 0x80, 0x80, 0x80, 
	0x81, 0x80, 0x80, 0x7F, 0x7F, 0x80, 0x80, 0x80, 0x80, 0x80, 0x81, 0x7F, 0x80, 0x80, 0x80, 0x80, 
	0x80, 0x80, 0x80, 0x80, 0x80, 0x80, 0x80, 0x80, 0x7F, 0x80, 0x7F, 0x81, 0x80, 0x80, 0x80, 0x7F, 
	0x7F, 0x81, 0x80, 0x81, 0x80, 0x7F, 0x7F, 0x80, 0x81, 0x80, 0x80, 0x80, 0x80, 0x80, 0x80, 0x81, 
	0x80, 0x80, 0x80, 0x80, 0x80, 0x80, 0x80, 0x80, 0x7F, 0x80, 0x80, 0x80, 0x80, 0x80, 0x80, 0x80, 
	0x80, 0x80, 0x81, 0x80, 0x80, 0x80, 0x80, 0x7F, 0x80, 0x7F, 0x80, 0x80, 0x80, 0x80, 0x80, 0x80, 
	0x80, 0x7F, 0x80, 0x80, 0x80, 0x80, 0x80, 0x80, 0x80, 0x80, 0x80, 0x81, 0x7F, 0x81, 0x80, 0x80, 
	0x80, 0x80, 0x80, 0x7F, 0x80, 0x80, 0x80, 0x80, 0x81, 0x80, 0x81, 0x80, 0x80, 0x80, 0x80, 0x80, 
	0x80, 0x80, 0x80, 0x80, 0x80, 0x80, 0x80, 0x80, 0x80, 0x80, 0x80, 0x80, 0x81, 0x81, 0x80, 0x80, 
	0x80, 0x80, 0x80, 0x80, 0x80, 0x80, 0x80, 0x80, 0x80, 0x7F, 0x80, 0x80, 0x7F, 0x80, 0x80, 0x80, 
	0x80, 0x81, 0x80, 0x80, 0x81, 0x80, 0x80, 0x80, 0x81, 0x80, 0x80, 0x80, 0x80, 0x7F, 0x80, 0x7F, 
	0x7F, 0x80, 0x80, 0x80, 0x80, 0x7F, 0x80, 0x80, 0x80, 0x80, 0x80, 0x81, 0x80, 0x80, 0x80, 0x80, 
	0x80, 0x81, 0x80, 0x80, 0x80, 0x80, 0x80, 0x7F, 0x80, 0x80, 0x80, 0x80, 0x81, 0x80, 0x80, 0x80, 
	0x80, 0x80, 0x80, 0x7F, 0x80, 0x80, 0x80, 0x80, 0x80, 0x80, 0x80, 0x80, 0x80, 0x80, 0x80, 0x80, 
	0x81, 0x80, 0x80, 0x80, 0x80, 0x80, 0x80, 0x80, 0x80, 0x80, 0x80, 0x7F, 0x80, 0x80, 0x80, 0x81, 
	0x80, 0x7F, 0x80, 0x80, 0x7F, 0x80, 0x80, 0x7F, 0x80, 0x80, 0x80, 0x80, 0x80, 0x80, 0x81, 0x7F, 
	0x80, 0x80, 0x81, 0x80, 0x81, 0x80, 0x80, 0x80, 0x80, 0x80, 0x80, 0x80, 0x80, 0x80, 0x80, 0x80, 
	0x80, 0x80, 0x80, 0x7F, 0x80, 0x80, 0x80, 0x80, 0x80, 0x81, 0x80, 0x7F, 0x80, 0x80, 0x80, 0x80, 
	0x80, 0x80, 0x80, 0x80, 0x80, 0x80, 0x80, 0x80, 0x80, 0x80, 0x80, 0x80, 0x80, 0x80, 0x80, 0x7F, 
	0x80, 0x81, 0x80, 0x80, 0x80, 0x7F, 0x80, 0x80, 0x81, 0x80, 0x80, 0x80, 0x80, 0x80, 0x80, 0x80, 
	0x80, 0x80, 0x81, 0x80, 0x80, 0x80, 0x80, 0x80, 0x80, 0x81, 0x81, 0x80, 0x80, 0x81, 0x7F, 0x81, 
	0x80, 0x80, 0x7F, 0x80, 0x7F, 0x80, 0x80, 0x80, 0x80, 0x80, 0x7F, 0x7F, 0x80, 0x80, 0x81, 0x7F, 
	0x81, 0x7F, 0x80, 0x7F, 0x80, 0x7F, 0x80, 0x80, 0x80, 0x81, 0x81, 0x80, 0x80, 0x80, 0x80, 0x80, 
	0x80, 0x80, 0x80, 0x7F, 0x80, 0x80, 0x81, 0x80, 0x80, 0x80, 0x7F, 0x7F, 0x80, 0x80, 0x80, 0x80, 
	0x80, 0x80, 0x7F, 0x80, 0x7F, 0x7F, 0x7F, 0x81, 0x80, 0x81, 0x7F, 0x81, 0x7F, 0x81, 0x7F, 0x81, 
	0x80, 0x81, 0x80, 0x81, 0x80, 0x81, 0x7F, 0x81, 0x80, 0x7F, 0x80, 0x80, 0x80, 0x80, 0x81, 0x7F, 
	0x80, 0x7F, 0x81, 0x7F, 0x81, 0x7F, 0x81, 0x7F, 0x81, 0x7F, 0x81, 0x7F, 0x80, 0x7F, 0x81, 0x80, 
	0x80, 0x80, 0x81, 0x80, 0x80, 0x80, 0x81, 0x80, 0x80, 0x80, 0x80, 0x80, 0x7F, 0x80, 0x80, 0x80, 
	0x80, 0x81, 0x7F, 0x81, 0x7F, 0x81, 0x7F, 0x81, 0x7F, 0x81, 0x7F, 0x80, 0x7F, 0x81, 0x7F, 0x80, 
	0x80, 0x81, 0x7F, 0x80, 0x7F, 0x80, 0x80, 0x80, 0x80, 0x80, 0x7F, 0x80, 0x81, 0x80, 0x80, 0x80, 
	0x80, 0x7F, 0x80, 0x7F, 0x81, 0x80, 0x80, 0x80, 0x80, 0x80, 0x80, 0x80, 0x80, 0x80, 0x80, 0x80, 
	0x80, 0x80, 0x80, 0x7F, 0x80, 0x80, 0x80, 0x80, 0x80, 0x80, 0x80, 0x80, 0x7F, 0x80, 0x80, 0x80, 
	0x80, 0x7F, 0x80, 0x80, 0x80, 0x80, 0x80, 0x80, 0x80, 0x81, 0x80, 0x80, 0x80, 0x81, 0x80, 0x81, 
	0x7F, 0x80, 0x80, 0x80, 0x7F, 0x80, 0x7F, 0x81, 0x80, 0x80, 0x7F, 0x80, 0x7F, 0x7F, 0x7F, 0x80, 
	0x80, 0x80, 0x80, 0x80, 0x81, 0x7F, 0x81, 0x80, 0x80, 0x80, 0x7F, 0x80, 0x80, 0x81, 0x80, 0x80, 
	0x80, 0x80, 0x80, 0x80, 0x80, 0x81, 0x7F, 0x80, 0x80, 0x81, 0x7F, 0x80, 0x81, 0x80, 0x80, 0x80, 
	0x80, 0x80, 0x7F, 0x80, 0x80, 0x7F, 0x7F, 0x80, 0x80, 0x80, 0x80, 0x80, 0x80, 0x7F, 0x80, 0x80, 
	0x80, 0x80, 0x80, 0x80, 0x7F, 0x81, 0x80, 0x81, 0x7F, 0x81, 0x80, 0x80, 0x80, 0x80, 0x80, 0x80, 
	0x80, 0x80, 0x80, 0x80, 0x80, 0x80, 0x80, 0x80, 0x80, 0x7F, 0x80, 0x7F, 0x80, 0x80, 0x80, 0x80, 
	0x80, 0x80, 0x80, 0x80, 0x80, 0x80, 0x80, 0x80, 0x80, 0x80, 0x80, 0x80, 0x7F, 0x80, 0x80, 0x80, 
	0x7F, 0x81, 0x80, 0x80, 0x80, 0x80, 0x81, 0x81, 0x80, 0x80, 0x80, 0x80, 0x7F, 0x80, 0x7F, 0x80, 
	0x80, 0x7F, 0x81, 0x80, 0x80, 0x80, 0x80, 0x80, 0x80, 0x80, 0x80, 0x7F, 0x80, 0x80, 0x80, 0x7F, 
	0x81, 0x80, 0x80, 0x80, 0x80, 0x80, 0x80, 0x80, 0x80, 0x80, 0x80, 0x80, 0x80, 0x80, 0x80, 0x7F, 
	0x80, 0x80, 0x80, 0x80, 0x80, 0x7F, 0x80, 0x80, 0x81, 0x80, 0x80, 0x80, 0x80, 0x80, 0x80, 0x80, 
	0x80, 0x80, 0x80, 0x80, 0x80, 0x80, 0x80, 0x80, 0x80, 0x80, 0x81, 0x80, 0x80, 0x80, 0x80, 0x80, 
	0x7F, 0x80, 0x80, 0x80, 0x80, 0x7F, 0x80, 0x80, 0x80, 0x80, 0x80, 0x80, 0x80, 0x80, 0x80, 0x7F, 
	0x80, 0x7F, 0x80, 0x80, 0x81, 0x80, 0x80, 0x80, 0x80, 0x80, 0x80, 0x81, 0x80, 0x80, 0x80, 0x80, 
	0x80, 0x80, 0x80, 0x80, 0x81, 0x80, 0x80, 0x80, 0x7F, 0x7F, 0x81, 0x81, 0x80, 0x81, 0x7F, 0x80, 
	0x7F, 0x80, 0x80, 0x80, 0x80, 0x80, 0x80, 0x80, 0x80, 0x81, 0x80, 0x80, 0x80, 0x81, 0x7F, 0x80, 
	0x80, 0x80, 0x80, 0x81, 0x80, 0x80, 0x7F, 0x80, 0x80, 0x81, 0x80, 0x80, 0x80, 0x80, 0x81, 0x80, 
	0x80, 0x80, 0x80, 0x80, 0x80, 0x80, 0x80, 0x80, 0x80, 0x80, 0x80, 0x80, 0x80, 0x81, 0x80, 0x80, 
	0x80, 0x80, 0x80, 0x80, 0x80, 0x80, 0x80, 0x80, 0x7F, 0x80, 0x80, 0x80, 0x80, 0x80, 0x80, 0x80, 
	0x80, 0x81, 0x80, 0x80, 0x80, 0x81, 0x7F, 0x80, 0x80, 0x81, 0x7F, 0x81, 0x80, 0x80, 0x81, 0x80, 
	0x80, 0x80, 0x80, 0x80, 0x7F, 0x80, 0x80, 0x7F, 0x80, 0x80, 0x80, 0x7F, 0x81, 0x80, 0x80, 0x80, 
	0x80, 0x80, 0x80, 0x81, 0x80, 0x81, 0x80, 0x7F, 0x80, 0x80, 0x80, 0x80, 0x80, 0x80, 0x80, 0x80, 
	0x80, 0x80, 0x80, 0x80, 0x80, 0x80, 0x80, 0x7F, 0x7F, 0x80, 0x80, 0x81, 0x80, 0x80, 0x80, 0x80, 
	0x7F, 0x80, 0x80, 0x81, 0x80, 0x80, 0x80, 0x7F, 0x80, 0x7F, 0x80, 0x80, 0x80, 0x7F, 0x80, 0x7F, 
	0x81, 0x81, 0x81, 0x80, 0x81, 0x80, 0x81, 0x80, 0x80, 0x80, 0x80, 0x80, 0x80, 0x80, 0x80, 0x80, 
	0x7F, 0x80, 0x80, 0x80, 0x80, 0x80, 0x7F, 0x80, 0x7F, 0x81, 0x80, 0x80, 0x80, 0x80, 0x80, 0x81, 
	0x80, 0x80, 0x80, 0x80, 0x7F, 0x7F, 0x80, 0x81, 0x80, 0x80, 0x80, 0x80, 0x80, 0x80, 0x80, 0x80, 
	0x80, 0x80, 0x7F, 0x81, 0x80, 0x7F, 0x81, 0x80, 0x80, 0x80, 0x80, 0x80, 0x7F, 0x80, 0x80, 0x80, 
	0x80, 0x80, 0x80, 0x80, 0x80, 0x80, 0x80, 0x80, 0x80, 0x80, 0x81, 0x80, 0x80, 0x80, 0x80, 0x80, 
	0x80, 0x80, 0x80, 0x80, 0x80, 0x80, 0x7F, 0x80, 0x7F, 0x81, 0x81, 0x81, 0x80, 0x7F, 0x7F, 0x80, 
	0x80, 0x7F, 0x80, 0x80, 0x80, 0x80, 0x80, 0x7F, 0x80, 0x7F, 0x80, 0x7F, 0x80, 0x80, 0x80, 0x80, 
	0x80, 0x80, 0x80, 0x7F, 0x7F, 0x81, 0x80, 0x80, 0x80, 0x80, 0x80, 0x80, 0x7F, 0x80, 0x80, 0x81, 
	0x7F, 0x80, 0x80, 0x80, 0x80, 0x80, 0x80, 0x80, 0x80, 0x80, 0x80, 0x80, 0x7F, 0x80, 0x80, 0x81, 
	0x80, 0x80, 0x7F, 0x80, 0x80, 0x80, 0x7F, 0x81, 0x7F, 0x81, 0x7F, 0x80, 0x81, 0x80, 0x80, 0x81, 
	0x80, 0x80, 0x80, 0x80, 0x7F, 0x80, 0x81, 0x81, 0x80, 0x80, 0x80, 0x80, 0x80, 0x80, 0x81, 0x80, 
	0x80, 0x80, 0x80, 0x80, 0x80, 0x80, 0x80, 0x80, 0x80, 0x80, 0x80, 0x81, 0x7F, 0x80, 0x80, 0x80, 
	0x81, 0x80, 0x7F, 0x80, 0x80, 0x80, 0x80, 0x7F, 0x80, 0x80, 0x80, 0x7F, 0x7F, 0x80, 0x80, 0x80, 
	0x80, 0x80, 0x80, 0x80, 0x80, 0x80, 0x80, 0x80, 0x80, 0x80, 0x80, 0x80, 0x80, 0x80, 0x81, 0x7F, 
	0x7F, 0x80, 0x80, 0x80, 0x80, 0x80, 0x80, 0x80, 0x7F, 0x80, 0x80, 0x80, 0x81, 0x80, 0x80, 0x80, 
	0x7F, 0x7F, 0x80, 0x80, 0x80, 0x81, 0x80, 0x80, 0x80, 0x80, 0x80, 0x81, 0x80, 0x80, 0x80, 0x80, 
	0x80, 0x80, 0x80, 0x81, 0x7F, 0x80, 0x80, 0x80, 0x80, 0x81, 0x81, 0x80, 0x80, 0x80, 0x80, 0x80, 
	0x80, 0x80, 0x81, 0x80, 0x80, 0x80, 0x80, 0x80, 0x80, 0x80, 0x80, 0x80, 0x80, 0x80, 0x80, 0x80, 
	0x80, 0x80, 0x7F, 0x81, 0x80, 0x80, 0x7F, 0x80, 0x80, 0x80, 0x80, 0x80, 0x80, 0x7F, 0x80, 0x80, 
	0x80, 0x80, 0x81, 0x80, 0x80, 0x80, 0x80, 0x80, 0x80, 0x80, 0x7F, 0x80, 0x80, 0x80, 0x7F, 0x80, 
	0x80, 0x80, 0x80, 0x80, 0x80, 0x80, 0x7F, 0x80, 0x7F, 0x81, 0x80, 0x81, 0x80, 0x80, 0x80, 0x81, 
	0x80, 0x80, 0x80, 0x80, 0x80, 0x80, 0x80, 0x7F, 0x80, 0x80, 0x80, 0x80, 0x80, 0x80, 0x80, 0x80, 
	0x80, 0x80, 0x81, 0x7F, 0x80, 0x7F, 0x80, 0x80, 0x80, 0x80, 0x80, 0x80, 0x80, 0x80, 0x80, 0x80, 
	0x80, 0x80, 0x80, 0x80, 0x80, 0x80, 0x80, 0x80, 0x81, 0x80, 0x7F, 0x80, 0x80, 0x80, 0x7F, 0x80, 
	0x80, 0x7F, 0x80, 0x81, 0x80, 0x80, 0x80, 0x80, 0x80, 0x80, 0x80, 0x80, 0x80, 0x81, 0x80, 0x7F, 
	0x80, 0x80, 0x7F, 0x80, 0x80, 0x80, 0x80, 0x80, 0x81, 0x80, 0x80, 0x80, 0x80, 0x80, 0x80, 0x80, 
	0x7F, 0x80, 0x80, 0x80, 0x80, 0x7F, 0x7F, 0x80, 0x80, 0x80, 0x80, 0x80, 0x7F, 0x80, 0x80, 0x7F, 
	0x80, 0x80, 0x80, 0x80, 0x80, 0x80, 0x80, 0x7F, 0x80, 0x7F, 0x80, 0x80, 0x80, 0x80, 0x80, 0x80, 
	0x80, 0x81, 0x80, 0x80, 0x80, 0x80, 0x80, 0x80, 0x80, 0x80, 0x80, 0x80, 0x80, 0x80, 0x7F, 0x80, 
	0x80, 0x80, 0x80, 0x80, 0x7F, 0x80, 0x80, 0x7F, 0x80, 0x80, 0x80, 0x80, 0x80, 0x7F, 0x80, 0x80, 
	0x80, 0x80, 0x80, 0x81, 0x80, 0x80, 0x7F, 0x7F, 0x80, 0x80, 0x80, 0x80, 0x7F, 0x7F, 0x80, 0x80, 
	0x80, 0x80, 0x80, 0x80, 0x80, 0x80, 0x80, 0x81, 0x7F, 0x80, 0x80, 0x81, 0x80, 0x80, 0x80, 0x80, 
	0x7F, 0x80, 0x80, 0x80, 0x7F, 0x80, 0x80, 0x80, 0x80, 0x80, 0x80, 0x80, 0x80, 0x80, 0x80, 0x80, 
	0x80, 0x81, 0x7F, 0x80, 0x80, 0x80, 0x7F, 0x80, 0x80, 0x80, 0x80, 0x7F, 0x80, 0x80, 0x80, 0x80, 
	0x80, 0x80, 0x80, 0x80, 0x80, 0x80, 0x80, 0x80, 0x80, 0x80, 0x7F, 0x80, 0x80, 0x80, 0x80, 0x7F, 
	0x80, 0x80, 0x80, 0x80, 0x80, 0x80, 0x80, 0x80, 0x81, 0x81, 0x80, 0x80, 0x80, 0x80, 0x80, 0x80, 
	0x80, 0x81, 0x80, 0x80, 0x80, 0x80, 0x80, 0x7F, 0x80, 0x80, 0x80, 0x7F, 0x81, 0x80, 0x81, 0x80, 
	0x80, 0x80, 0x80, 0x80, 0x80, 0x80, 0x80, 0x81, 0x80, 0x80, 0x80, 0x81, 0x80, 0x80, 0x80, 0x80, 
	0x7F, 0x80, 0x80, 0x80, 0x80, 0x80, 0x80, 0x80, 0x80, 0x80, 0x81, 0x7F, 0x80, 0x7F, 0x80, 0x80, 
	0x80, 0x80, 0x80, 0x80, 0x80, 0x7F, 0x80, 0x80, 0x80, 0x80, 0x80, 0x80, 0x80, 0x7F, 0x80, 0x7F, 
	0x80, 0x80, 0x80, 0x80, 0x80, 0x80, 0x80, 0x7F, 0x81, 0x80, 0x7F, 0x80, 0x80, 0x80, 0x80, 0x80, 
	0x80, 0x80, 0x80, 0x80, 0x81, 0x7F, 0x80, 0x80, 0x80, 0x80, 0x80, 0x80, 0x80, 0x80, 0x80, 0x80, 
	0x81, 0x80, 0x81, 0x80, 0x80, 0x80, 0x80, 0x80, 0x7F, 0x80, 0x80, 0x80, 0x80, 0x80, 0x80, 0x80, 
	0x80, 0x80, 0x80, 0x80, 0x80, 0x80, 0x80, 0x80, 0x80, 0x80, 0x80, 0x80, 0x7F, 0x81, 0x80, 0x80, 
	0x80, 0x7F, 0x80, 0x80, 0x80, 0x7F, 0x80, 0x81, 0x80, 0x81, 0x80, 0x80, 0x80, 0x81, 0x80, 0x80, 
	0x80, 0x7F, 0x81, 0x80, 0x80, 0x80, 0x80, 0x7F, 0x80, 0x80, 0x80, 0x80, 0x81, 0x7F, 0x80, 0x80, 
	0x80, 0x80, 0x7F, 0x80, 0x80, 0x80, 0x81, 0x80, 0x80, 0x80, 0x80, 0x80, 0x80, 0x80, 0x80, 0x81, 
	0x80, 0x7F, 0x80, 0x80, 0x7F, 0x80, 0x80, 0x80, 0x80, 0x80, 0x80, 0x80, 0x80, 0x80, 0x80, 0x80, 
	0x7F, 0x80, 0x80, 0x80, 0x80, 0x80, 0x7F, 0x80, 0x80, 0x80, 0x80, 0x7F, 0x80, 0x80, 0x80, 0x81, 
	0x80, 0x7F, 0x80, 0x80, 0x81, 0x80, 0x80, 0x80, 0x80, 0x80, 0x80, 0x80, 0x80, 0x80, 0x80, 0x81, 
	0x81, 0x7F, 0x80, 0x80, 0x80, 0x80, 0x80, 0x80, 0x80, 0x7F, 0x80, 0x80, 0x80, 0x80, 0x80, 0x80, 
	0x80, 0x80, 0x80, 0x80, 0x80, 0x80, 0x80, 0x80, 0x80, 0x80, 0x80, 0x80, 0x81, 0x80, 0x80, 0x81, 
	0x80, 0x80, 0x80, 0x80, 0x80, 0x7F, 0x80, 0x80, 0x80, 0x80, 0x7F, 0x80, 0x80, 0x80, 0x80, 0x80, 
	0x7F, 0x80, 0x80, 0x81, 0x81, 0x80, 0x7F, 0x81, 0x7F, 0x80, 0x80, 0x80, 0x81, 0x80, 0x80, 0x80, 
	0x80, 0x80, 0x80, 0x80, 0x80, 0x80, 0x80, 0x7F, 0x80, 0x80, 0x80, 0x80, 0x80, 0x80, 0x81, 0x80, 
	0x7F, 0x80, 0x81, 0x80, 0x80, 0x80, 0x80, 0x80, 0x80, 0x80, 0x80, 0x80, 0x80, 0x80, 0x80, 0x7F, 
	0x80, 0x80, 0x80, 0x7F, 0x80, 0x80, 0x7F, 0x7F, 0x7F, 0x80, 0x81, 0x80, 0x7F, 0x80, 0x80, 0x80, 
	0x80, 0x80, 0x80, 0x80, 0x80, 0x80, 0x80, 0x80, 0x80, 0x81, 0x80, 0x80, 0x80, 0x80, 0x7F, 0x81, 
	0x80, 0x80, 0x80, 0x80, 0x80, 0x80, 0x80, 0x7F, 0x80, 0x80, 0x80, 0x80, 0x81, 0x81, 0x81, 0x80, 
	0x80, 0x80, 0x80, 0x80, 0x80, 0x80, 0x80, 0x80, 0x80, 0x80, 0x80, 0x80, 0x81, 0x80, 0x80, 0x80, 
	0x80, 0x80, 0x80, 0x80, 0x80, 0x80, 0x80, 0x7F, 0x80, 0x80, 0x80, 0x80, 0x80, 0x81, 0x80, 0x80, 
	0x80, 0x7F, 0x80, 0x80, 0x80, 0x80, 0x80, 0x80, 0x80, 0x80, 0x80, 0x80, 0x80, 0x81, 0x80, 0x80, 
	0x80, 0x7F, 0x80, 0x80, 0x80, 0x80, 0x80, 0x80, 0x81, 0x80, 0x7F, 0x80, 0x80, 0x80, 0x80, 0x80, 
	0x80, 0x80, 0x80, 0x80, 0x7F, 0x80, 0x80, 0x80, 0x80, 0x7F, 0x80, 0x80, 0x80, 0x80, 0x80, 0x80, 
	0x80, 0x80, 0x80, 0x80, 0x80, 0x80, 0x80, 0x80, 0x80, 0x80, 0x80, 0x80, 0x81, 0x7F, 0x80, 0x80, 
	0x80, 0x80, 0x80, 0x80, 0x80, 0x80, 0x80, 0x80, 0x80, 0x80, 0x80, 0x80, 0x80, 0x80, 0x80, 0x80, 
	0x81, 0x81, 0x80, 0x80, 0x80, 0x80, 0x80, 0x81, 0x80, 0x80, 0x80, 0x80, 0x80, 0x80, 0x80, 0x80, 
	0x80, 0x7F, 0x80, 0x7F, 0x80, 0x80, 0x80, 0x80, 0x81, 0x80, 0x80, 0x80, 0x80, 0x80, 0x81, 0x7F, 
	0x80, 0x80, 0x7F, 0x80, 0x80, 0x80, 0x81, 0x80, 0x80, 0x7F, 0x80, 0x80, 0x80, 0x80, 0x81, 0x80, 
	0x80, 0x80, 0x80, 0x80, 0x80, 0x80, 0x80, 0x80, 0x80, 0x80, 0x80, 0x80, 0x80, 0x80, 0x80, 0x81, 
	0x80, 0x80, 0x80, 0x80, 0x81, 0x80, 0x80, 0x80, 0x80, 0x80, 0x7F, 0x80, 0x80, 0x7F, 0x7F, 0x80, 
	0x81, 0x80, 0x80, 0x80, 0x7F, 0x80, 0x80, 0x80, 0x80, 0x7F, 0x7F, 0x80, 0x80, 0x80, 0x80, 0x80, 
	0x80, 0x80, 0x7F, 0x81, 0x80, 0x7F, 0x7F, 0x80, 0x80, 0x80, 0x80, 0x80, 0x80, 0x80, 0x80, 0x80, 
	0x80, 0x80, 0x80, 0x7F, 0x81, 0x80, 0x7F, 0x80, 0x80, 0x80, 0x80, 0x80, 0x81, 0x80, 0x80, 0x81, 
	0x80, 0x81, 0x80, 0x80, 0x80, 0x80, 0x80, 0x7F, 0x80, 0x80, 0x7F, 0x80, 0x80, 0x80, 0x80, 0x7F, 
	0x80, 0x80, 0x80, 0x80, 0x80, 0x80, 0x80, 0x80, 0x80, 0x80, 0x80, 0x80, 0x81, 0x80, 0x7F, 0x80, 
	0x80, 0x80, 0x80, 0x80, 0x80, 0x80, 0x80, 0x80, 0x81, 0x80, 0x80, 0x80, 0x80, 0x80, 0x81, 0x80, 
	0x80, 0x80, 0x80, 0x80, 0x80, 0x80, 0x80, 0x7F, 0x7F, 0x80, 0x80, 0x81, 0x80, 0x80, 0x80, 0x80, 
	0x80, 0x7F, 0x80, 0x81, 0x80, 0x7F, 0x80, 0x80, 0x7F, 0x7F, 0x7F, 0x80, 0x80, 0x80, 0x80, 0x80, 
	0x80, 0x7F, 0x80, 0x7F, 0x80, 0x80, 0x80, 0x81, 0x80, 0x80, 0x80, 0x81, 0x80, 0x80, 0x80, 0x80, 
	0x80, 0x81, 0x80, 0x80, 0x7F, 0x81, 0x80, 0x7F, 0x80, 0x80, 0x80, 0x80, 0x80, 0x80, 0x80, 0x80, 
	0x80, 0x80, 0x80, 0x80, 0x80, 0x80, 0x81, 0x80, 0x80, 0x80, 0x80, 0x80, 0x80, 0x80, 0x7F, 0x80, 
	0x80, 0x80, 0x80, 0x80, 0x80, 0x80, 0x80, 0x80, 0x7F, 0x80, 0x80, 0x80, 0x80, 0x7F, 0x80, 0x7F, 
	0x80, 0x80, 0x80, 0x80, 0x80, 0x80, 0x80, 0x80, 0x80, 0x7F, 0x80, 0x80, 0x81, 0x80, 0x80, 0x80, 
	0x81, 0x80, 0x7F, 0x80, 0x81, 0x80, 0x80, 0x80, 0x80, 0x80, 0x80, 0x7F, 0x80, 0x80, 0x81, 0x7F, 
	0x81, 0x80, 0x7F, 0x7F, 0x81, 0x80, 0x80, 0x80, 0x80, 0x80, 0x81, 0x80, 0x80, 0x81, 0x80, 0x80, 
	0x81, 0x80, 0x80, 0x80, 0x80, 0x80, 0x80, 0x80, 0x80, 0x80, 0x80, 0x80, 0x80, 0x80, 0x80, 0x80, 
	0x80, 0x80, 0x80, 0x81, 0x80, 0x80, 0x7F, 0x80, 0x80, 0x80, 0x80, 0x80, 0x7F, 0x80, 0x80, 0x80, 
	0x80, 0x80, 0x80, 0x80, 0x80, 0x80, 0x80, 0x80, 0x80, 0x80, 0x80, 0x7F, 0x80, 0x80, 0x80, 0x7F, 
	0x7F, 0x81, 0x80, 0x80, 0x80, 0x7F, 0x81, 0x80, 0x80, 0x80, 0x80, 0x81, 0x81, 0x80, 0x80, 0x80, 
	0x80, 0x80, 0x80, 0x7F, 0x80, 0x80, 0x80, 0x80, 0x80, 0x80, 0x80, 0x80, 0x80, 0x80, 0x80, 0x80, 
	0x80, 0x81, 0x80, 0x80, 0x7F, 0x81, 0x80, 0x80, 0x80, 0x80, 0x80, 0x81, 0x80, 0x80, 0x80, 0x81, 
	0x80, 0x80, 0x80, 0x80, 0x80, 0x80, 0x80, 0x80, 0x81, 0x80, 0x7F, 0x80, 0x80, 0x80, 0x80, 0x80, 
	0x80, 0x80, 0x80, 0x80, 0x80, 0x80, 0x80, 0x80, 0x81, 0x7F, 0x80, 0x80, 0x80, 0x80, 0x80, 0x80, 
	0x80, 0x7F, 0x80, 0x80, 0x80, 0x80, 0x80, 0x80, 0x7F, 0x80, 0x80, 0x80, 0x80, 0x80, 0x80, 0x7F, 
	0x80, 0x80, 0x80, 0x80, 0x80, 0x81, 0x80, 0x80, 0x80, 0x80, 0x80, 0x80, 0x80, 0x81, 0x80, 0x80, 
	0x81, 0x7F, 0x80, 0x80, 0x80, 0x80, 0x80, 0x80, 0x80, 0x81, 0x7F, 0x80, 0x80, 0x80, 0x80, 0x7F, 
	0x80, 0x80, 0x7F, 0x80, 0x80, 0x80, 0x7F, 0x80, 0x81, 0x80, 0x80, 0x80, 0x80, 0x80, 0x80, 0x80, 
	0x80, 0x80, 0x80, 0x80, 0x80, 0x80, 0x80, 0x80, 0x80, 0x80, 0x80, 0x80, 0x80, 0x80, 0x80, 0x80, 
	0x80, 0x80, 0x80, 0x7F, 0x80, 0x80, 0x80, 0x80, 0x80, 0x80, 0x80, 0x80, 0x80, 0x80, 0x80, 0x80, 
	0x80, 0x80, 0x80, 0x80, 0x80, 0x80, 0x80, 0x80, 0x81, 0x80, 0x7F, 0x80, 0x80, 0x80, 0x81, 0x80, 
	0x80, 0x80, 0x80, 0x80, 0x80, 0x7F, 0x80, 0x80, 0x80, 0x80, 0x80, 0x80, 0x80, 0x80, 0x80, 0x80, 
	0x80, 0x80, 0x80, 0x80, 0x80, 0x80, 0x80, 0x7F, 0x80, 0x81, 0x80, 0x80, 0x80, 0x80, 0x80, 0x80, 
	0x80, 0x80, 0x80, 0x80, 0x80, 0x80, 0x80, 0x80, 0x80, 0x80, 0x80, 0x80, 0x80, 0x80, 0x80, 0x80, 
	0x80, 0x80, 0x80, 0x80, 0x80, 0x80, 0x80, 0x80, 0x7F, 0x80, 0x80, 0x80, 0x80, 0x7F, 0x80, 0x80, 
	0x80, 0x80, 0x80, 0x80, 0x80, 0x80, 0x80, 0x80, 0x80, 0x7F, 0x80, 0x80, 0x80, 0x80, 0x7F, 0x7F, 
	0x80, 0x80, 0x80, 0x80, 0x80, 0x80, 0x80, 0x7F, 0x80, 0x80, 0x80, 0x80, 0x7F, 0x80, 0x80, 0x80, 
	0x80, 0x7F, 0x80, 0x80, 0x80, 0x80, 0x80, 0x7F, 0x80, 0x80, 0x7F, 0x80, 0x80, 0x7F, 0x80, 0x80, 
	0x80, 0x80, 0x7F, 0x80, 0x80, 0x7F, 0x7F, 0x80, 0x80, 0x81, 0x80, 0x80, 0x80, 0x80, 0x80, 0x81, 
	0x80, 0x80, 0x80, 0x7F, 0x80, 0x80, 0x80, 0x80, 0x80, 0x80, 0x80, 0x80, 0x7F, 0x80, 0x80, 0x80, 
	0x80, 0x80, 0x80, 0x80, 0x80, 0x80, 0x80, 0x80, 0x80, 0x80, 0x80, 0x80, 0x7F, 0x80, 0x80, 0x80, 
	0x80, 0x80, 0x81, 0x80, 0x80, 0x7F, 0x80, 0x80, 0x80, 0x80, 0x80, 0x80, 0x81, 0x81, 0x80, 0x80, 
	0x80, 0x80, 0x80, 0x81, 0x81, 0x80, 0x80, 0x80, 0x81, 0x7F, 0x80, 0x80, 0x80, 0x80, 0x80, 0x81, 
	0x80, 0x80, 0x80, 0x80, 0x80, 0x80, 0x80, 0x80, 0x80, 0x7F, 0x80, 0x80, 0x80, 0x80, 0x80, 0x80, 
	0x80, 0x80, 0x80, 0x80, 0x80, 0x81, 0x7F, 0x80, 0x7F, 0x7F, 0x80, 0x80, 0x80, 0x80, 0x80, 0x81, 
	0x80, 0x80, 0x7F, 0x80, 0x80, 0x7F, 0x80, 0x7F, 0x80, 0x7F, 0x80, 0x80, 0x80, 0x80, 0x80, 0x80, 
	0x7F, 0x80, 0x80, 0x81, 0x80, 0x80, 0x80, 0x80, 0x80, 0x80, 0x80, 0x80, 0x80, 0x80, 0x80, 0x80, 
	0x80, 0x80, 0x80, 0x81, 0x80, 0x80, 0x80, 0x80, 0x80, 0x80, 0x80, 0x7F, 0x80, 0x80, 0x80, 0x80, 
	0x80, 0x80, 0x80, 0x80, 0x80, 0x81, 0x80, 0x80, 0x80, 0x81, 0x80, 0x80, 0x7F, 0x7F, 0x80, 0x80, 
	0x80, 0x80, 0x80, 0x7F, 0x80, 0x80, 0x80, 0x80, 0x80, 0x80, 0x80, 0x80, 0x80, 0x80, 0x80, 0x80, 
	0x80, 0x7F, 0x80, 0x80, 0x80, 0x80, 0x80, 0x80, 0x80, 0x7F, 0x80, 0x80, 0x80, 0x80, 0x80, 0x80, 
	0x80, 0x81, 0x81, 0x81, 0x80, 0x80, 0x80, 0x80, 0x80, 0x80, 0x7F, 0x81, 0x80, 0x80, 0x80, 0x80, 
	0x80, 0x80, 0x80, 0x7F, 0x80, 0x80, 0x80, 0x80, 0x80, 0x80, 0x80, 0x80, 0x81, 0x80, 0x80, 0x80, 
	0x80, 0x7F, 0x80, 0x80, 0x7F, 0x80, 0x80, 0x80, 0x80, 0x80, 0x80, 0x80, 0x80, 0x81, 0x80, 0x80, 
	0x80, 0x80, 0x7F, 0x80, 0x80, 0x80, 0x80, 0x80, 0x80, 0x80, 0x80, 0x80, 0x80, 0x7F, 0x80, 0x81, 
	0x80, 0x80, 0x80, 0x7F, 0x7F, 0x80, 0x80, 0x80, 0x81, 0x81, 0x80, 0x80, 0x80, 0x80, 0x80, 0x80, 
	0x80, 0x80, 0x80, 0x80, 0x81, 0x80, 0x7F, 0x80, 0x81, 0x80, 0x80, 0x80, 0x80, 0x80, 0x80, 0x80, 
	0x7F, 0x80, 0x80, 0x80, 0x80, 0x80, 0x80, 0x80, 0x80, 0x80, 0x80, 0x80, 0x80, 0x80, 0x80, 0x80, 
	0x80, 0x80, 0x80, 0x80, 0x80, 0x7F, 0x81, 0x80, 0x80, 0x80, 0x80, 0x80, 0x7F, 0x80, 0x80, 0x80, 
	0x80, 0x80, 0x80, 0x7F, 0x80, 0x80, 0x81, 0x80, 0x80, 0x80, 0x80, 0x80, 0x80, 0x80, 0x80, 0x80, 
	0x80, 0x80, 0x80, 0x80, 0x80, 0x80, 0x80, 0x80, 0x80, 0x80, 0x80, 0x81, 0x7F, 0x80, 0x80, 0x80, 
	0x80, 0x80, 0x81, 0x80, 0x80, 0x7F, 0x7F, 0x80, 0x80, 0x80, 0x80, 0x80, 0x80, 0x80, 0x80, 0x80, 
	0x80, 0x7F, 0x80, 0x81, 0x80, 0x80, 0x80, 0x80, 0x7F, 0x80, 0x7F, 0x80, 0x80, 0x80, 0x80, 0x80, 
	0x80, 0x7F, 0x80, 0x80, 0x80, 0x80, 0x80, 0x80, 0x7F, 0x80, 0x80, 0x81, 0x80, 0x80, 0x80, 0x80, 
	0x80, 0x80, 0x7F, 0x7F, 0x80, 0x81, 0x7F, 0x80, 0x80, 0x80, 0x81, 0x80, 0x80, 0x81, 0x80, 0x80, 
	0x80, 0x80, 0x80, 0x80, 0x80, 0x80, 0x80, 0x80, 0x80, 0x80, 0x80, 0x7F, 0x80, 0x81, 0x81, 0x80, 
	0x80, 0x80, 0x80, 0x80, 0x80, 0x7F, 0x80, 0x80, 0x80, 0x80, 0x80, 0x80, 0x7F, 0x80, 0x80, 0x80, 
	0x80, 0x81, 0x80, 0x80, 0x80, 0x80, 0x80, 0x81, 0x80, 0x7F, 0x7F, 0x80, 0x80, 0x80, 0x80, 0x80, 
	0x80, 0x80, 0x80, 0x7F, 0x80, 0x7F, 0x80, 0x80, 0x80, 0x80, 0x80, 0x80, 0x80, 0x80, 0x80, 0x80, 
	0x80, 0x80, 0x80, 0x80, 0x7F, 0x80, 0x80, 0x80, 0x80, 0x81, 0x80, 0x80, 0x80, 0x7F, 0x80, 0x80, 
	0x7F, 0x80, 0x7F, 0x80, 0x80, 0x80, 0x80, 0x81, 0x80, 0x80, 0x80, 0x80, 0x81, 0x80, 0x81, 0x80, 
	0x80, 0x7F, 0x81, 0x81, 0x80, 0x80, 0x80, 0x80, 0x80, 0x81, 0x80, 0x80, 0x80, 0x80, 0x80, 0x80, 
	0x80, 0x7F, 0x7F, 0x80, 0x80, 0x7F, 0x80, 0x80, 0x80, 0x80, 0x80, 0x80, 0x80, 0x80, 0x80, 0x80, 
	0x80, 0x81, 0x80, 0x80, 0x80, 0x80, 0x80, 0x80, 0x80, 0x80, 0x80, 0x80, 0x80, 0x80, 0x80, 0x80, 
	0x80, 0x80, 0x80, 0x80, 0x80, 0x80, 0x80, 0x80, 0x80, 0x80, 0x80, 0x80, 0x7F, 0x80, 0x80, 0x80, 
	0x80, 0x80, 0x7F, 0x80, 0x81, 0x80, 0x80, 0x80, 0x80, 0x80, 0x80, 0x80, 0x80, 0x80, 0x80, 0x80, 
	0x80, 0x80, 0x80, 0x80, 0x80, 0x80, 0x80, 0x80, 0x80, 0x80, 0x80, 0x80, 0x80, 0x80, 0x80, 0x80, 
	0x7F, 0x80, 0x80, 0x80, 0x80, 0x80, 0x80, 0x80, 0x80, 0x80, 0x80, 0x80, 0x80, 0x7F, 0x80, 0x81, 
	0x80, 0x80, 0x80, 0x80, 0x80, 0x80, 0x80, 0x80, 0x80, 0x80, 0x80, 0x80, 0x80, 0x80, 0x7F, 0x80, 
	0x81, 0x80, 0x80, 0x81, 0x80, 0x80, 0x80, 0x80, 0x80, 0x80, 0x80, 0x80, 0x80, 0x81, 0x80, 0x80, 
	0x7F, 0x7F, 0x80, 0x81, 0x80, 0x80, 0x80, 0x80, 0x80, 0x80, 0x80, 0x80, 0x80, 0x80, 0x80, 0x80, 
	0x80, 0x80, 0x80, 0x80, 0x80, 0x81, 0x80, 0x81, 0x80, 0x7F, 0x80, 0x80, 0x80, 0x81, 0x80, 0x80, 
	0x80, 0x7F, 0x80, 0x80, 0x80, 0x81, 0x80, 0x80, 0x80, 0x80, 0x80, 0x80, 0x80, 0x80, 0x80, 0x80, 
	0x7F, 0x7F, 0x81, 0x80, 0x80, 0x80, 0x80, 0x80, 0x80, 0x80, 0x80, 0x80, 0x80, 0x80, 0x80, 0x80, 
	0x81, 0x7F, 0x80, 0x80, 0x80, 0x80, 0x80, 0x80, 0x80, 0x80, 0x80, 0x80, 0x80, 0x80, 0x80, 0x7F, 
	0x80, 0x80, 0x80, 0x80, 0x80, 0x7F, 0x81, 0x80, 0x80, 0x80, 0x7F, 0x80, 0x80, 0x80, 0x7F, 0x80, 
	0x81, 0x80, 0x80, 0x80, 0x80, 0x80, 0x80, 0x80, 0x80, 0x80, 0x80, 0x7F, 0x80, 0x80, 0x80, 0x80, 
	0x80, 0x80, 0x80, 0x80, 0x80, 0x80, 0x80, 0x80, 0x80, 0x80, 0x80, 0x80, 0x80, 0x80, 0x80, 0x7F, 
	0x80, 0x80, 0x80, 0x80, 0x80, 0x80, 0x80, 0x80, 0x80, 0x80, 0x7F, 0x80, 0x80, 0x80, 0x80, 0x80, 
	0x80, 0x7F, 0x80, 0x80, 0x7F, 0x80, 0x80, 0x80, 0x80, 0x81, 0x7F, 0x80, 0x80, 0x80, 0x7F, 0x80, 
	0x80, 0x7F, 0x80, 0x80, 0x80, 0x81, 0x80, 0x80, 0x80, 0x80, 0x80, 0x81, 0x80, 0x80, 0x80, 0x80, 
	0x80, 0x80, 0x80, 0x80, 0x80, 0x80, 0x80, 0x80, 0x80, 0x80, 0x80, 0x80, 0x80, 0x81, 0x7F, 0x80, 
	0x80, 0x80, 0x80, 0x80, 0x80, 0x80, 0x80, 0x80, 0x80, 0x80, 0x80, 0x80, 0x80, 0x80, 0x80, 0x7F, 
	0x80, 0x80, 0x80, 0x81, 0x80, 0x80, 0x81, 0x80, 0x80, 0x80, 0x80, 0x80, 0x80, 0x80, 0x81, 0x80, 
	0x80, 0x80, 0x80, 0x80, 0x80, 0x80, 0x80, 0x80, 0x80, 0x80, 0x80, 0x80, 0x80, 0x80, 0x80, 0x80, 
	0x80, 0x80, 0x80, 0x81, 0x80, 0x80, 0x7F, 0x80, 0x80, 0x81, 0x80, 0x80, 0x80, 0x80, 0x80, 0x80, 
	0x80, 0x80, 0x80, 0x7F, 0x80, 0x80, 0x80, 0x7F, 0x80, 0x81, 0x7F, 0x80, 0x80, 0x80, 0x80, 0x7F, 
	0x80, 0x80, 0x80, 0x80, 0x80, 0x80, 0x80, 0x80, 0x80, 0x80, 0x80, 0x80, 0x80, 0x80, 0x81, 0x80, 
	0x80, 0x80, 0x81, 0x80, 0x80, 0x81, 0x80, 0x80, 0x80, 0x80, 0x80, 0x80, 0x80, 0x81, 0x80, 0x80, 
	0x80, 0x80, 0x80, 0x7F, 0x80, 0x7F, 0x80, 0x7F, 0x80, 0x80, 0x80, 0x80, 0x80, 0x80, 0x80, 0x81, 
	0x80, 0x80, 0x80, 0x7F, 0x80, 0x80, 0x80, 0x80, 0x80, 0x80, 0x80, 0x80, 0x7F, 0x80, 0x80, 0x80, 
	0x80, 0x80, 0x80, 0x81, 0x81, 0x80, 0x80, 0x80, 0x80, 0x80, 0x81, 0x7F, 0x80, 0x80, 0x80, 0x80, 
	0x80, 0x80, 0x80, 0x81, 0x80, 0x80, 0x80, 0x80, 0x7F, 0x80, 0x80, 0x81, 0x80, 0x80, 0x80, 0x80, 
	0x80, 0x80, 0x80, 0x80, 0x80, 0x80, 0x80, 0x80, 0x81, 0x80, 0x80, 0x80, 0x81, 0x80, 0x80, 0x80, 
	0x80, 0x80, 0x7F, 0x80, 0x80, 0x80, 0x80, 0x80, 0x80, 0x80, 0x81, 0x80, 0x80, 0x80, 0x81, 0x7F, 
	0x80, 0x80, 0x80, 0x80, 0x80, 0x80, 0x80, 0x80, 0x80, 0x80, 0x80, 0x80, 0x80, 0x80, 0x80, 0x80, 
	0x80, 0x80, 0x80, 0x80, 0x80, 0x80, 0x80, 0x80, 0x80, 0x80, 0x80, 0x80, 0x80, 0x80, 0x80, 0x80, 
	0x80, 0x80, 0x80, 0x80, 0x80, 0x80, 0x80, 0x7F, 0x80, 0x80, 0x80, 0x80, 0x80, 0x80, 0x80, 0x7F, 
	0x80, 0x81, 0x80, 0x80, 0x80, 0x80, 0x81, 0x81, 0x80, 0x80, 0x80, 0x80, 0x80, 0x80, 0x81, 0x80, 
	0x80, 0x81, 0x80, 0x80, 0x81, 0x81, 0x80, 0x80, 0x80, 0x80, 0x80, 0x81, 0x81, 0x80, 0x80, 0x80, 
	0x80, 0x80, 0x81, 0x80, 0x80, 0x80, 0x80, 0x80, 0x81, 0x80, 0x80, 0x80, 0x80, 0x80, 0x80, 0x81, 
	0x80, 0x80, 0x7F, 0x7F, 0x81, 0x80, 0x7F, 0x80, 0x7F, 0x80, 0x81, 0x80, 0x80, 0x7F, 0x80, 0x80, 
	0x80, 0x80, 0x81, 0x80, 0x7F, 0x80, 0x80, 0x80, 0x80, 0x7F, 0x80, 0x80, 0x80, 0x80, 0x80, 0x80, 
	0x80, 0x80, 0x80, 0x80, 0x80, 0x80, 0x80, 0x80, 0x7F, 0x7F, 0x80, 0x80, 0x80, 0x80, 0x80, 0x80, 
	0x7F, 0x80, 0x80, 0x80, 0x7F, 0x80, 0x7F, 0x80, 0x80, 0x80, 0x80, 0x80, 0x80, 0x80, 0x80, 0x80, 
	0x81, 0x80, 0x80, 0x80, 0x7F, 0x80, 0x80, 0x80, 0x81, 0x80, 0x80, 0x80, 0x80, 0x7F, 0x80, 0x7F, 
	0x80, 0x80, 0x80, 0x7F, 0x80, 0x80, 0x80, 0x80, 0x80, 0x80, 0x7F, 0x80, 0x80, 0x80, 0x80, 0x80, 
	0x7F, 0x80, 0x80, 0x7F, 0x80, 0x80, 0x80, 0x81, 0x80, 0x80, 0x80, 0x80, 0x80, 0x7F, 0x80, 0x80, 
	0x80, 0x7F, 0x80, 0x80, 0x80, 0x80, 0x80, 0x80, 0x80, 0x80, 0x80, 0x80, 0x81, 0x80, 0x80, 0x80, 
	0x80, 0x80, 0x80, 0x80, 0x80, 0x80, 0x80, 0x80, 0x80, 0x80, 0x81, 0x80, 0x80, 0x80, 0x80, 0x80, 
	0x80, 0x80, 0x80, 0x80, 0x7F, 0x81, 0x80, 0x7F, 0x80, 0x80, 0x80, 0x80, 0x7F, 0x80, 0x80, 0x80, 
	0x81, 0x80, 0x7F, 0x80, 0x80, 0x80, 0x80, 0x7F, 0x80, 0x81, 0x80, 0x80, 0x7F, 0x80, 0x80, 0x80, 
	0x80, 0x7F, 0x7F, 0x80, 0x80, 0x81, 0x80, 0x80, 0x80, 0x81, 0x80, 0x80, 0x80, 0x7F, 0x80, 0x80, 
	0x80, 0x80, 0x80, 0x80, 0x81, 0x81, 0x80, 0x80, 0x80, 0x80, 0x80, 0x80, 0x80, 0x80, 0x80, 0x81, 
	0x80, 0x81, 0x81, 0x80, 0x80, 0x80, 0x80, 0x80, 0x80, 0x7F, 0x80, 0x80, 0x80, 0x80, 0x80, 0x80, 
	0x80, 0x80, 0x80, 0x80, 0x80, 0x80, 0x80, 0x81, 0x80, 0x80, 0x81, 0x80, 0x80, 0x80, 0x80, 0x80, 
	0x7F, 0x80, 0x81, 0x80, 0x80, 0x80, 0x80, 0x80, 0x80, 0x80, 0x80, 0x80, 0x80, 0x80, 0x80, 0x80, 
	0x7F, 0x81, 0x80, 0x80, 0x80, 0x7F, 0x80, 0x80, 0x80, 0x80, 0x80, 0x80, 0x80, 0x80, 0x80, 0x7F, 
	0x80, 0x80, 0x80, 0x80, 0x80, 0x80, 0x7F, 0x80, 0x80, 0x80, 0x80, 0x80, 0x80, 0x81, 0x80, 0x7F, 
	0x80, 0x80, 0x80, 0x80, 0x80, 0x80, 0x80, 0x81, 0x7F, 0x7F, 0x80, 0x80, 0x80, 0x7F, 0x80, 0x81, 
	0x80, 0x7F, 0x80, 0x80, 0x7F, 0x80, 0x7F, 0x81, 0x80, 0x80, 0x7F, 0x80, 0x80, 0x80, 0x80, 0x80, 
	0x80, 0x80, 0x80, 0x81, 0x80, 0x80, 0x7F, 0x80, 0x7F, 0x80, 0x80, 0x80, 0x80, 0x80, 0x80, 0x80, 
	0x80, 0x80, 0x7F, 0x80, 0x80, 0x80, 0x80, 0x80, 0x81, 0x80, 0x80, 0x80, 0x80, 0x80, 0x80, 0x81, 
	0x80, 0x81, 0x7F, 0x81, 0x80, 0x80, 0x80, 0x80, 0x81, 0x80, 0x80, 0x80, 0x80, 0x7F, 0x80, 0x80, 
	0x80, 0x80, 0x80, 0x80, 0x81, 0x80, 0x80, 0x80, 0x80, 0x7F, 0x80, 0x80, 0x81, 0x80, 0x80, 0x80, 
	0x80, 0x80, 0x80, 0x80, 0x80, 0x80, 0x80, 0x7F, 0x80, 0x80, 0x80, 0x80, 0x80, 0x80, 0x81, 0x80, 
	0x80, 0x80, 0x80, 0x80, 0x80, 0x80, 0x80, 0x80, 0x80, 0x80, 0x7F, 0x80, 0x81, 0x80, 0x80, 0x80, 
	0x80, 0x80, 0x80, 0x80, 0x80, 0x7F, 0x80, 0x80, 0x80, 0x80, 0x80, 0x80, 0x80, 0x80, 0x80, 0x80, 
	0x7F, 0x80, 0x80, 0x80, 0x80, 0x80, 0x80, 0x7F, 0x80, 0x81, 0x80, 0x80, 0x7F, 0x80, 0x80, 0x80, 
	0x80, 0x80, 0x7F, 0x7F, 0x80, 0x80, 0x80, 0x80, 0x80, 0x80, 0x80, 0x81, 0x80, 0x80, 0x80, 0x80, 
	0x80, 0x80, 0x80, 0x80, 0x80, 0x80, 0x80, 0x80, 0x80, 0x80, 0x80, 0x80, 0x80, 0x80, 0x80, 0x80, 
	0x7F, 0x80, 0x80, 0x80, 0x80, 0x80, 0x80, 0x80, 0x80, 0x7F, 0x80, 0x80, 0x80, 0x80, 0x80, 0x80, 
	0x81, 0x80, 0x80, 0x80, 0x7F, 0x80, 0x80, 0x80, 0x81, 0x7F, 0x81, 0x80, 0x80, 0x80, 0x80, 0x80, 
	0x80, 0x80, 0x81, 0x80, 0x80, 0x80, 0x7F, 0x80, 0x81, 0x81, 0x80, 0x80, 0x80, 0x80, 0x80, 0x80, 
	0x80, 0x7F, 0x80, 0x80, 0x80, 0x7F, 0x80, 0x7F, 0x80, 0x80, 0x80, 0x80, 0x80, 0x81, 0x80, 0x80, 
	0x80, 0x7F, 0x80, 0x80, 0x81, 0x80, 0x80, 0x80, 0x80, 0x80, 0x80, 0x80, 0x80, 0x80, 0x81, 0x80, 
	0x80, 0x80, 0x80, 0x80, 0x81, 0x80, 0x80, 0x80, 0x80, 0x81, 0x80, 0x80, 0x80, 0x80, 0x7F, 0x80, 
	0x80, 0x81, 0x80, 0x80, 0x80, 0x80, 0x81, 0x80, 0x80, 0x81, 0x80, 0x80, 0x80, 0x81, 0x80, 0x81, 
	0x80, 0x81, 0x80, 0x80, 0x80, 0x7F, 0x7F, 0x80, 0x80, 0x80, 0x80, 0x80, 0x80, 0x81, 0x80, 0x80, 
	0x80, 0x80, 0x7F, 0x80, 0x80, 0x80, 0x7F, 0x80, 0x81, 0x80, 0x7F, 0x81, 0x80, 0x80, 0x80, 0x80, 
	0x80, 0x81, 0x80, 0x80, 0x7F, 0x80, 0x80, 0x80, 0x7F, 0x80, 0x81, 0x80, 0x80, 0x81, 0x7F, 0x80, 
	0x80, 0x80, 0x80, 0x80, 0x7F, 0x7F, 0x80, 0x80, 0x80, 0x80, 0x80, 0x80, 0x80, 0x7F, 0x80, 0x80, 
	0x80, 0x80, 0x7F, 0x80, 0x80, 0x80, 0x80, 0x80, 0x80, 0x80, 0x80, 0x80, 0x80, 0x80, 0x80, 0x80, 
	0x80, 0x80, 0x80, 0x80, 0x80, 0x81, 0x80, 0x80, 0x80, 0x80, 0x7F, 0x80, 0x80, 0x80, 0x80, 0x7F, 
	0x80, 0x80, 0x80, 0x81, 0x80, 0x80, 0x7F, 0x80, 0x80, 0x80, 0x80, 0x80, 0x80, 0x80, 0x80, 0x80, 
	0x80, 0x80, 0x80, 0x80, 0x80, 0x80, 0x80, 0x80, 0x80, 0x81, 0x80, 0x80, 0x80, 0x80, 0x80, 0x80, 
	0x80, 0x80, 0x80, 0x80, 0x80, 0x7F, 0x80, 0x80, 0x80, 0x80, 0x80, 0x80, 0x81, 0x81, 0x81, 0x81, 
	0x80, 0x80, 0x80, 0x80, 0x80, 0x80, 0x80, 0x80, 0x80, 0x80, 0x80, 0x80, 0x7F, 0x80, 0x80, 0x80, 
	0x80, 0x80, 0x81, 0x80, 0x80, 0x80, 0x7F, 0x80, 0x80, 0x80, 0x80, 0x80, 0x80, 0x7F, 0x7F, 0x80, 
	0x80, 0x80, 0x80, 0x7F, 0x80, 0x80, 0x7F, 0x80, 0x80, 0x80, 0x80, 0x80, 0x80, 0x80, 0x80, 0x80, 
	0x7F, 0x80, 0x80, 0x80, 0x80, 0x80, 0x80, 0x80, 0x80, 0x80, 0x80, 0x80, 0x81, 0x81, 0x80, 0x7F, 
	0x7F, 0x80, 0x80, 0x80, 0x7F, 0x80, 0x80, 0x80, 0x80, 0x80, 0x80, 0x80, 0x80, 0x80, 0x80, 0x80, 
	0x80, 0x80, 0x80, 0x80, 0x81, 0x80, 0x80, 0x80, 0x80, 0x80, 0x80, 0x80, 0x80, 0x81, 0x80, 0x80, 
	0x80, 0x80, 0x80, 0x80, 0x80, 0x81, 0x80, 0x80, 0x80, 0x80, 0x80, 0x7F, 0x7F, 0x80, 0x81, 0x80, 
	0x81, 0x80, 0x7F, 0x80, 0x80, 0x81, 0x80, 0x80, 0x80, 0x80, 0x80, 0x80, 0x81, 0x80, 0x81, 0x80, 
	0x7F, 0x80, 0x7F, 0x80, 0x81, 0x80, 0x81, 0x7F, 0x80, 0x80, 0x80, 0x80, 0x7F, 0x80, 0x80, 0x80, 
	0x81, 0x81, 0x7F, 0x80, 0x80, 0x80, 0x80, 0x80, 0x80, 0x80, 0x80, 0x80, 0x80, 0x80, 0x80, 0x80, 
	0x80, 0x80, 0x7F, 0x80, 0x80, 0x80, 0x80, 0x80, 0x80, 0x80, 0x7F, 0x80, 0x80, 0x80, 0x7F, 0x80, 
	0x80, 0x80, 0x81, 0x80, 0x80, 0x80, 0x80, 0x81, 0x7F, 0x80, 0x80, 0x80, 0x80, 0x80, 0x80, 0x81, 
	0x80, 0x80, 0x7F, 0x80, 0x80, 0x80, 0x80, 0x80, 0x80, 0x80, 0x80, 0x80, 0x80, 0x80, 0x80, 0x80, 
	0x80, 0x80, 0x80, 0x80, 0x80, 0x80, 0x80, 0x81, 0x80, 0x80, 0x80, 0x80, 0x81, 0x80, 0x80, 0x7F, 
	0x80, 0x80, 0x80, 0x80, 0x80, 0x80, 0x80, 0x80, 0x80, 0x80, 0x80, 0x80, 0x80, 0x80, 0x80, 0x80, 
	0x80, 0x80, 0x80, 0x80, 0x80, 0x7F, 0x80, 0x81, 0x80, 0x80, 0x80, 0x80, 0x80, 0x80, 0x80, 0x80, 
	0x7F, 0x80, 0x80, 0x80, 0x7F, 0x80, 0x81, 0x80, 0x80, 0x80, 0x7F, 0x80, 0x80, 0x80, 0x81, 0x80, 
	0x80, 0x80, 0x81, 0x7F, 0x80, 0x80, 0x7F, 0x80, 0x80, 0x80, 0x80, 0x81, 0x7F, 0x80, 0x80, 0x80, 
	0x80, 0x80, 0x80, 0x7F, 0x80, 0x80, 0x80, 0x81, 0x80, 0x80, 0x80, 0x80, 0x80, 0x80, 0x80, 0x80, 
	0x80, 0x7F, 0x81, 0x80, 0x81, 0x80, 0x80, 0x80, 0x80, 0x80, 0x80, 0x80, 0x80, 0x80, 0x80, 0x80, 
	0x80, 0x7F, 0x80, 0x80, 0x80, 0x80, 0x80, 0x7F, 0x80, 0x80, 0x80, 0x80, 0x80, 0x7F, 0x80, 0x7F, 
	0x80, 0x80, 0x80, 0x80, 0x80, 0x80, 0x80, 0x80, 0x80, 0x80, 0x80, 0x80, 0x80, 0x80, 0x80, 0x7F, 
	0x80, 0x80, 0x7F, 0x7F, 0x80, 0x80, 0x81, 0x80, 0x80, 0x7F, 0x80, 0x80, 0x80, 0x80, 0x80, 0x80, 
	0x7F, 0x81, 0x80, 0x80, 0x80, 0x80, 0x80, 0x80, 0x80, 0x80, 0x80, 0x81, 0x80, 0x80, 0x7F, 0x80, 
	0x80, 0x7F, 0x80, 0x7F, 0x80, 0x80, 0x81, 0x80, 0x80, 0x80, 0x80, 0x80, 0x80, 0x81, 0x80, 0x80, 
	0x80, 0x80, 0x80, 0x80, 0x81, 0x80, 0x80, 0x7F, 0x80, 0x80, 0x80, 0x80, 0x80, 0x80, 0x80, 0x7F, 
	0x80, 0x80, 0x80, 0x80, 0x7F, 0x80, 0x80, 0x81, 0x80, 0x80, 0x80, 0x80, 0x80, 0x80, 0x80, 0x80, 
	0x7F, 0x80, 0x80, 0x7F, 0x80, 0x80, 0x80, 0x80, 0x80, 0x81, 0x80, 0x80, 0x7F, 0x80, 0x7F, 0x80, 
	0x80, 0x80, 0x80, 0x80, 0x80, 0x80, 0x80, 0x7F, 0x80, 0x7F, 0x80, 0x80, 0x81, 0x80, 0x80, 0x80, 
	0x7F, 0x81, 0x80, 0x80, 0x80, 0x80, 0x80, 0x81, 0x7F, 0x81, 0x80, 0x80, 0x81, 0x80, 0x80, 0x7F, 
	0x80, 0x80, 0x80, 0x80, 0x7F, 0x80, 0x80, 0x81, 0x80, 0x80, 0x80, 0x80, 0x80, 0x80, 0x80, 0x80, 
	0x80, 0x80, 0x80, 0x80, 0x80, 0x80, 0x80, 0x80, 0x80, 0x80, 0x80, 0x80, 0x80, 0x80, 0x80, 0x80, 
	0x80, 0x80, 0x80, 0x80, 0x7F, 0x80, 0x80, 0x80, 0x80, 0x80, 0x80, 0x80, 0x81, 0x80, 0x80, 0x80, 
	0x80, 0x80, 0x80, 0x80, 0x80, 0x80, 0x80, 0x80, 0x80, 0x80, 0x80, 0x80, 0x80, 0x80, 0x80, 0x80, 
	0x80, 0x80, 0x7F, 0x80, 0x80, 0x80, 0x80, 0x80, 0x80, 0x80, 0x80, 0x80, 0x7F, 0x80, 0x7F, 0x80, 
	0x81, 0x81, 0x80, 0x80, 0x80, 0x80, 0x80, 0x80, 0x80, 0x80, 0x80, 0x80, 0x80, 0x80, 0x80, 0x80, 
	0x7F, 0x80, 0x80, 0x7F, 0x80, 0x80, 0x80, 0x80, 0x80, 0x81, 0x7F, 0x7F, 0x80, 0x80, 0x80, 0x80, 
	0x81, 0x80, 0x80, 0x7F, 0x80, 0x80, 0x81, 0x81, 0x7F, 0x80, 0x80, 0x80, 0x80, 0x7F, 0x7F, 0x80, 
	0x80, 0x80, 0x7F, 0x7F, 0x80, 0x80, 0x80, 0x80, 0x80, 0x80, 0x80, 0x80, 0x81, 0x80, 0x80, 0x80, 
	0x80, 0x7F, 0x80, 0x80, 0x80, 0x80, 0x80, 0x80, 0x80, 0x80, 0x81, 0x80, 0x80, 0x80, 0x80, 0x80, 
	0x80, 0x80, 0x80, 0x80, 0x80, 0x80, 0x81, 0x80, 0x80, 0x81, 0x80, 0x7F, 0x80, 0x80, 0x80, 0x80, 
	0x80, 0x80, 0x80, 0x80, 0x80, 0x80, 0x80, 0x7F, 0x80, 0x7F, 0x80, 0x80, 0x80, 0x80, 0x80, 0x80, 
	0x80, 0x80, 0x80, 0x80, 0x80, 0x80, 0x80, 0x80, 0x80, 0x80, 0x80, 0x80, 0x80, 0x80, 0x80, 0x80, 
	0x80, 0x80, 0x80, 0x80, 0x80, 0x81, 0x80, 0x80, 0x80, 0x7F, 0x80, 0x80, 0x80, 0x80, 0x7F, 0x80, 
	0x80, 0x80, 0x80, 0x80, 0x80, 0x80, 0x80, 0x80, 0x7F, 0x80, 0x80, 0x80, 0x80, 0x81, 0x80, 0x80, 
	0x80, 0x80, 0x80, 0x81, 0x80, 0x80, 0x80, 0x80, 0x80, 0x80, 0x80, 0x80, 0x80, 0x80, 0x81, 0x80, 
	0x80, 0x80, 0x80, 0x80, 0x80, 0x80, 0x81, 0x80, 0x80, 0x7F, 0x80, 0x80, 0x81, 0x7F, 0x80, 0x80, 
	0x80, 0x7F, 0x80, 0x80, 0x81, 0x81, 0x80, 0x80, 0x80, 0x80, 0x7F, 0x80, 0x81, 0x80, 0x80, 0x80, 
	0x80, 0x7F, 0x80, 0x80, 0x80, 0x80, 0x80, 0x80, 0x80, 0x80, 0x80, 0x80, 0x80, 0x80, 0x80, 0x80, 
	0x7F, 0x80, 0x80, 0x80, 0x7F, 0x7F, 0x80, 0x80, 0x7F, 0x80, 0x7F, 0x80, 0x80, 0x81, 0x7F, 0x80, 
	0x80, 0x80, 0x80, 0x80, 0x80, 0x80, 0x80, 0x80, 0x81, 0x80, 0x80, 0x80, 0x80, 0x80, 0x7F, 0x81, 
	0x80, 0x80, 0x80, 0x7F, 0x7F, 0x80, 0x80, 0x7F, 0x80, 0x80, 0x80, 0x7F, 0x80, 0x80, 0x80, 0x7F, 
	0x80, 0x80, 0x80, 0x80, 0x80, 0x7F, 0x80, 0x80, 0x7F, 0x81, 0x80, 0x80, 0x80, 0x80, 0x80, 0x80, 
	0x80, 0x80, 0x81, 0x80, 0x80, 0x80, 0x81, 0x80, 0x80, 0x80, 0x81, 0x80, 0x80, 0x81, 0x80, 0x80, 
	0x80, 0x7F, 0x81, 0x80, 0x80, 0x80, 0x80, 0x80, 0x80, 0x80, 0x80, 0x80, 0x80, 0x80, 0x80, 0x80, 
	0x81, 0x80, 0x81, 0x80, 0x80, 0x81, 0x80, 0x80, 0x7F, 0x7F, 0x7F, 0x80, 0x80, 0x80, 0x80, 0x80, 
	0x80, 0x81, 0x80, 0x80, 0x80, 0x80, 0x80, 0x80, 0x80, 0x80, 0x80, 0x81, 0x81, 0x80, 0x80, 0x81, 
	0x80, 0x80, 0x80, 0x80, 0x80, 0x80, 0x80, 0x80, 0x80, 0x80, 0x80, 0x80, 0x80, 0x81, 0x80, 0x80, 
	0x80, 0x80, 0x80, 0x80, 0x80, 0x80, 0x80, 0x80, 0x80, 0x80, 0x80, 0x80, 0x80, 0x80, 0x80, 0x80, 
	0x80, 0x80, 0x80, 0x7F, 0x80, 0x80, 0x7F, 0x80, 0x80, 0x80, 0x80, 0x81, 0x80, 0x80, 0x80, 0x80, 
	0x80, 0x80, 0x80, 0x7F, 0x80, 0x80, 0x80, 0x80, 0x7F, 0x80, 0x80, 0x80, 0x80, 0x80, 0x80, 0x80, 
	0x80, 0x80, 0x80, 0x80, 0x80, 0x80, 0x80, 0x80, 0x80, 0x7F, 0x80, 0x80, 0x80, 0x7F, 0x80, 0x81, 
	0x80, 0x80, 0x7F, 0x80, 0x80, 0x80, 0x80, 0x80, 0x80, 0x80, 0x80, 0x80, 0x80, 0x80, 0x80, 0x80, 
	0x80, 0x80, 0x80, 0x80, 0x7F, 0x80, 0x80, 0x80, 0x80, 0x80, 0x81, 0x80, 0x80, 0x81, 0x80, 0x81, 
	0x80, 0x80, 0x80, 0x80, 0x7F, 0x80, 0x81, 0x80, 0x80, 0x80, 0x81, 0x80, 0x80, 0x80, 0x80, 0x80, 
	0x7F, 0x7F, 0x80, 0x80, 0x80, 0x80, 0x80, 0x80, 0x80, 0x80, 0x80, 0x80, 0x80, 0x80, 0x80, 0x80, 
	0x80, 0x80, 0x80, 0x80, 0x7F, 0x80, 0x80, 0x80, 0x80, 0x80, 0x80, 0x80, 0x80, 0x80, 0x80, 0x80, 
	0x80, 0x80, 0x80, 0x80, 0x80, 0x7F, 0x80, 0x80, 0x80, 0x81, 0x80, 0x80, 0x80, 0x7F, 0x80, 0x81, 
	0x80, 0x80, 0x80, 0x80, 0x80, 0x80, 0x80, 0x80, 0x80, 0x7F, 0x80, 0x81, 0x80, 0x80, 0x80, 0x80, 
	0x80, 0x80, 0x80, 0x80, 0x7F, 0x80, 0x80, 0x80, 0x80, 0x80, 0x80, 0x80, 0x80, 0x81, 0x80, 0x80, 
	0x80, 0x80, 0x80, 0x80, 0x80, 0x7F, 0x80, 0x80, 0x80, 0x80, 0x80, 0x80, 0x80, 0x80, 0x80, 0x80, 
	0x80, 0x80, 0x80, 0x80, 0x80, 0x80, 0x80, 0x80, 0x80, 0x80, 0x80, 0x80, 0x80, 0x80, 0x80, 0x81, 
	0x7F, 0x80, 0x80, 0x80, 0x80, 0x80, 0x80, 0x80, 0x80, 0x80, 0x7F, 0x80, 0x80, 0x80, 0x80, 0x80, 
	0x80, 0x80, 0x80, 0x80, 0x80, 0x80, 0x81, 0x7F, 0x80, 0x80, 0x80, 0x80, 0x80, 0x80, 0x80, 0x7F, 
	0x80, 0x80, 0x80, 0x80, 0x80, 0x81, 0x80, 0x80, 0x80, 0x80, 0x80, 0x81, 0x80, 0x80, 0x80, 0x80, 
	0x81, 0x7F, 0x81, 0x80, 0x7F, 0x80, 0x80, 0x80, 0x80, 0x80, 0x80, 0x80, 0x80, 0x7F, 0x80, 0x81, 
	0x80, 0x7F, 0x80, 0x80, 0x80, 0x80, 0x80, 0x80, 0x80, 0x80, 0x80, 0x80, 0x80, 0x80, 0x7F, 0x80, 
	0x80, 0x80, 0x80, 0x80, 0x80, 0x80, 0x80, 0x80, 0x80, 0x7F, 0x80, 0x80, 0x80, 0x80, 0x80, 0x80, 
	0x80, 0x80, 0x80, 0x7F, 0x80, 0x80, 0x80, 0x81, 0x80, 0x7F, 0x80, 0x80, 0x80, 0x80, 0x80, 0x80, 
	0x80, 0x80, 0x80, 0x80, 0x80, 0x80, 0x81, 0x80, 0x80, 0x80, 0x7F, 0x80, 0x7F, 0x80, 0x80, 0x80, 
	0x7F, 0x7F, 0x7F, 0x80, 0x80, 0x80, 0x80, 0x81, 0x80, 0x81, 0x80, 0x80, 0x80, 0x80, 0x80, 0x7F, 
	0x80, 0x81, 0x80, 0x80, 0x7F, 0x80, 0x80, 0x80, 0x80, 0x80, 0x80, 0x80, 0x80, 0x80, 0x80, 0x7F, 
	0x81, 0x7F, 0x80, 0x81, 0x80, 0x80, 0x80, 0x80, 0x80, 0x80, 0x80, 0x80, 0x80, 0x80, 0x80, 0x80, 
	0x80, 0x80, 0x80, 0x80, 0x80, 0x80, 0x80, 0x80, 0x80, 0x80, 0x7F, 0x80, 0x80, 0x80, 0x80, 0x80, 
	0x80, 0x7F, 0x80, 0x81, 0x80, 0x7F, 0x81, 0x80, 0x80, 0x80, 0x80, 0x80, 0x80, 0x81, 0x7F, 0x80, 
	0x7F, 0x80, 0x81, 0x80, 0x7F, 0x80, 0x7F, 0x80, 0x7F, 0x80, 0x80, 0x80, 0x81, 0x80, 0x80, 0x80, 
	0x81, 0x80, 0x81, 0x80, 0x80, 0x80, 0x80, 0x80, 0x80, 0x80, 0x80, 0x80, 0x80, 0x81, 0x81, 0x80, 
	0x80, 0x80, 0x7F, 0x81, 0x80, 0x80, 0x7F, 0x80, 0x80, 0x81, 0x80, 0x80, 0x7F, 0x80, 0x81, 0x80, 
	0x80, 0x80, 0x80, 0x80, 0x80, 0x80, 0x80, 0x80, 0x80, 0x80, 0x7F, 0x80, 0x80, 0x80, 0x80, 0x80, 
	0x81, 0x80, 0x80, 0x80, 0x7F, 0x80, 0x81, 0x80, 0x80, 0x7F, 0x80, 0x80, 0x80, 0x80, 0x80, 0x80, 
	0x80, 0x81, 0x80, 0x80, 0x7F, 0x80, 0x80, 0x80, 0x80, 0x80, 0x7F, 0x80, 0x80, 0x80, 0x80, 0x80, 
	0x80, 0x80, 0x80, 0x80, 0x80, 0x80, 0x80, 0x80, 0x80, 0x7F, 0x80, 0x80, 0x81, 0x80, 0x80, 0x80, 
	0x81, 0x80, 0x80, 0x80, 0x80, 0x80, 0x80, 0x80, 0x80, 0x7F, 0x7F, 0x7F, 0x80, 0x80, 0x7F, 0x80, 
	0x80, 0x80, 0x80, 0x81, 0x80, 0x7F, 0x80, 0x7F, 0x80, 0x80, 0x80, 0x80, 0x81, 0x80, 0x80, 0x80, 
	0x80, 0x80, 0x80, 0x80, 0x80, 0x80, 0x80, 0x7F, 0x80, 0x80, 0x81, 0x80, 0x80, 0x7F, 0x80, 0x80, 
	0x81, 0x80, 0x80, 0x80, 0x80, 0x80, 0x80, 0x80, 0x80, 0x80, 0x80, 0x80, 0x7F, 0x80, 0x80, 0x7F, 
	0x80, 0x80, 0x80, 0x7F, 0x81, 0x80, 0x80, 0x81, 0x80, 0x80, 0x7F, 0x80, 0x80, 0x80, 0x81, 0x80, 
	0x80, 0x80, 0x80, 0x80, 0x80, 0x80, 0x80, 0x7F, 0x80, 0x80, 0x80, 0x80, 0x80, 0x80, 0x81, 0x81, 
	0x80, 0x7F, 0x80, 0x7F, 0x80, 0x80, 0x80, 0x80, 0x80, 0x80, 0x81, 0x80, 0x80, 0x7F, 0x80, 0x7F, 
	0x80, 0x80, 0x80, 0x80, 0x80, 0x81, 0x80, 0x81, 0x81, 0x80, 0x80, 0x80, 0x7F, 0x80, 0x7F, 0x81, 
	0x80, 0x81, 0x80, 0x81, 0x80, 0x80, 0x80, 0x80, 0x80, 0x80, 0x7F, 0x80, 0x80, 0x80, 0x80, 0x80, 
	0x80, 0x80, 0x80, 0x80, 0x80, 0x80, 0x7F, 0x80, 0x80, 0x80, 0x80, 0x80, 0x80, 0x7F, 0x80, 0x80, 
	0x81, 0x80, 0x7F, 0x80, 0x80, 0x80, 0x80, 0x7F, 0x80, 0x80, 0x80, 0x80, 0x81, 0x80, 0x80, 0x7F, 
	0x81, 0x80, 0x80, 0x80, 0x80, 0x81, 0x80, 0x80, 0x80, 0x80, 0x81, 0x80, 0x80, 0x7F, 0x80, 0x81, 
	0x80, 0x80, 0x80, 0x80, 0x80, 0x80, 0x80, 0x80, 0x7F, 0x80, 0x80, 0x7F, 0x80, 0x80, 0x80, 0x80, 
	0x80, 0x80, 0x80, 0x80, 0x80, 0x80, 0x80, 0x80, 0x81, 0x80, 0x80, 0x80, 0x80, 0x80, 0x80, 0x80, 
	0x80, 0x80, 0x80, 0x80, 0x80, 0x80, 0x80, 0x80, 0x80, 0x81, 0x7F, 0x80, 0x80, 0x80, 0x80, 0x80, 
	0x80, 0x80, 0x80, 0x80, 0x80, 0x80, 0x80, 0x80, 0x80, 0x80, 0x80, 0x80, 0x80, 0x80, 0x80, 0x80, 
	0x80, 0x80, 0x80, 0x7F, 0x80, 0x80, 0x80, 0x80, 0x80, 0x80, 0x80, 0x80, 0x80, 0x80, 0x80, 0x80, 
	0x80, 0x81, 0x80, 0x80, 0x80, 0x80, 0x80, 0x81, 0x80, 0x80, 0x80, 0x80, 0x80, 0x80, 0x80, 0x80, 
	0x80, 0x80, 0x81, 0x80, 0x80, 0x80, 0x81, 0x80, 0x80, 0x80, 0x80, 0x80, 0x80, 0x80, 0x80, 0x7F, 
	0x80, 0x80, 0x81, 0x80, 0x80, 0x80, 0x7F, 0x80, 0x80, 0x81, 0x81, 0x7F, 0x80, 0x80, 0x80, 0x81, 
	0x80, 0x7F, 0x80, 0x81, 0x81, 0x80, 0x80, 0x80, 0x80, 0x81, 0x80, 0x80, 0x80, 0x80, 0x80, 0x80, 
	0x80, 0x80, 0x80, 0x80, 0x80, 0x80, 0x81, 0x80, 0x80, 0x80, 0x80, 0x80, 0x80, 0x80, 0x80, 0x80, 
	0x80, 0x80, 0x80, 0x7F, 0x80, 0x80, 0x80, 0x80, 0x80, 0x80, 0x80, 0x80, 0x81, 0x80, 0x80, 0x81, 
	0x80, 0x80, 0x80, 0x80, 0x7F, 0x81, 0x7F, 0x80, 0x80, 0x80, 0x80, 0x80, 0x80, 0x80, 0x80, 0x7F, 
	0x80, 0x80, 0x7F, 0x80, 0x80, 0x80, 0x80, 0x80, 0x7F, 0x80, 0x80, 0x80, 0x80, 0x80, 0x80, 0x80, 
	0x80, 0x80, 0x80, 0x80, 0x80, 0x81, 0x80, 0x7F, 0x80, 0x80, 0x80, 0x80, 0x80, 0x80, 0x80, 0x80, 
	0x80, 0x80, 0x80, 0x80, 0x7F, 0x80, 0x80, 0x80, 0x80, 0x80, 0x7F, 0x80, 0x80, 0x81, 0x80, 0x7F, 
	0x80, 0x81, 0x80, 0x80, 0x80, 0x80, 0x80, 0x80, 0x80, 0x80, 0x80, 0x80, 0x80, 0x80, 0x80, 0x80, 
	0x80, 0x80, 0x80, 0x80, 0x80, 0x80, 0x80, 0x80, 0x80, 0x80, 0x80, 0x80, 0x7F, 0x80, 0x80, 0x80, 
	0x80, 0x80, 0x80, 0x80, 0x80, 0x80, 0x80, 0x80, 0x80, 0x7F, 0x80, 0x81, 0x80, 0x80, 0x80, 0x80, 
	0x80, 0x80, 0x81, 0x80, 0x80, 0x7F, 0x80, 0x80, 0x80, 0x7F, 0x80, 0x80, 0x7F, 0x7F, 0x80, 0x7F, 
	0x80, 0x80, 0x80, 0x81, 0x80, 0x80, 0x80, 0x7F, 0x80, 0x80, 0x80, 0x80, 0x80, 0x80, 0x80, 0x80, 
	0x80, 0x7F, 0x80, 0x80, 0x80, 0x7F, 0x81, 0x80, 0x80, 0x80, 0x80, 0x80, 0x80, 0x80, 0x7F, 0x81, 
	0x80, 0x80, 0x81, 0x80, 0x80, 0x80, 0x80, 0x80, 0x80, 0x7F, 0x80, 0x81, 0x7F, 0x7F, 0x80, 0x80, 
	0x80, 0x80, 0x7F, 0x80, 0x80, 0x80, 0x80, 0x80, 0x7F, 0x80, 0x80, 0x81, 0x80, 0x80, 0x80, 0x80, 
	0x80, 0x80, 0x80, 0x80, 0x80, 0x80, 0x80, 0x80, 0x80, 0x80, 0x80, 0x7F, 0x81, 0x80, 0x7F, 0x80, 
	0x80, 0x7F, 0x80, 0x80, 0x80, 0x80, 0x80, 0x80, 0x81, 0x80, 0x80, 0x80, 0x80, 0x80, 0x81, 0x80, 
	0x80, 0x80, 0x80, 0x80, 0x80, 0x7F, 0x7F, 0x80, 0x80, 0x7F, 0x80, 0x80, 0x80, 0x80, 0x81, 0x80, 
	0x80, 0x80, 0x80, 0x80, 0x80, 0x80, 0x80, 0x7F, 0x80, 0x80, 0x81, 0x80, 0x80, 0x80, 0x80, 0x80, 
	0x80, 0x80, 0x80, 0x80, 0x80, 0x7F, 0x80, 0x80, 0x80, 0x81, 0x7F, 0x80, 0x80, 0x80, 0x80, 0x80, 
	0x80, 0x80, 0x80, 0x7F, 0x80, 0x80, 0x80, 0x80, 0x80, 0x81, 0x81, 0x81, 0x80, 0x7F, 0x80, 0x80, 
	0x80, 0x80, 0x80, 0x80, 0x80, 0x80, 0x80, 0x80, 0x80, 0x80, 0x80, 0x80, 0x80, 0x80, 0x7F, 0x7F, 
	0x80, 0x80, 0x80, 0x81, 0x80, 0x80, 0x80, 0x80, 0x80, 0x80, 0x80, 0x81, 0x80, 0x81, 0x80, 0x80, 
	0x80, 0x80, 0x80, 0x80, 0x81, 0x7F, 0x80, 0x80, 0x80, 0x80, 0x80, 0x80, 0x80, 0x80, 0x80, 0x80, 
	0x7F, 0x80, 0x80, 0x80, 0x80, 0x80, 0x80, 0x80, 0x80, 0x80, 0x80, 0x80, 0x80, 0x80, 0x80, 0x80, 
	0x80, 0x80, 0x80, 0x80, 0x80, 0x80, 0x80, 0x80, 0x80, 0x80, 0x80, 0x80, 0x80, 0x80, 0x80, 0x80, 
	0x7F, 0x80, 0x80, 0x80, 0x80, 0x80, 0x7F, 0x80, 0x80, 0x7F, 0x80, 0x80, 0x80, 0x80, 0x80, 0x80, 
	0x7F, 0x80, 0x80, 0x80, 0x80, 0x80, 0x80, 0x80, 0x80, 0x80, 0x81, 0x80, 0x80, 0x80, 0x80, 0x80, 
	0x80, 0x80, 0x80, 0x7F, 0x80, 0x80, 0x80, 0x80, 0x7F, 0x81, 0x80, 0x80, 0x80, 0x80, 0x80, 0x80, 
	0x80, 0x80, 0x7F, 0x80, 0x80, 0x7F, 0x80, 0x80, 0x80, 0x80, 0x80, 0x80, 0x80, 0x80, 0x80, 0x80, 
	0x80, 0x80, 0x80, 0x7F, 0x81, 0x7F, 0x80, 0x80, 0x80, 0x7F, 0x80, 0x81, 0x80, 0x80, 0x80, 0x80, 
	0x7F, 0x80, 0x80, 0x80, 0x80, 0x80, 0x80, 0x80, 0x7F, 0x80, 0x80, 0x80, 0x80, 0x80, 0x80, 0x80, 
	0x80, 0x80, 0x80, 0x80, 0x80, 0x80, 0x80, 0x80, 0x80, 0x80, 0x81, 0x80, 0x81, 0x80, 0x80, 0x80, 
	0x80, 0x80, 0x80, 0x81, 0x80, 0x80, 0x80, 0x80, 0x80, 0x7F, 0x80, 0x80, 0x81, 0x80, 0x80, 0x80, 
	0x81, 0x80, 0x80, 0x80, 0x80, 0x80, 0x80, 0x80, 0x80, 0x80, 0x80, 0x80, 0x80, 0x7F, 0x80, 0x80, 
	0x80, 0x80, 0x7F, 0x80, 0x81, 0x80, 0x81, 0x80, 0x80, 0x80, 0x80, 0x81, 0x7F, 0x80, 0x80, 0x80, 
	0x80, 0x80, 0x80, 0x80, 0x80, 0x80, 0x80, 0x80, 0x80, 0x81, 0x80, 0x80, 0x80, 0x7F, 0x80, 0x80, 
	0x80, 0x81, 0x80, 0x7F, 0x80, 0x80, 0x80, 0x81, 0x80, 0x7F, 0x80, 0x7F, 0x7F, 0x80, 0x81, 0x80, 
	0x80, 0x80, 0x80, 0x80, 0x80, 0x7F, 0x80, 0x80, 0x80, 0x80, 0x80, 0x80, 0x80, 0x80, 0x7F, 0x80, 
	0x80, 0x80, 0x80, 0x80, 0x80, 0x80, 0x80, 0x81, 0x80, 0x80, 0x7F, 0x81, 0x80, 0x80, 0x80, 0x81, 
	0x80, 0x80, 0x80, 0x80, 0x80, 0x80, 0x80, 0x80, 0x81, 0x80, 0x80, 0x80, 0x81, 0x7F, 0x80, 0x80, 
	0x80, 0x80, 0x80, 0x7F, 0x80, 0x80, 0x80, 0x80, 0x80, 0x7F, 0x80, 0x7F, 0x80, 0x7F, 0x80, 0x80, 
	0x80, 0x80, 0x80, 0x80, 0x80, 0x80, 0x81, 0x80, 0x80, 0x80, 0x7F, 0x80, 0x80, 0x80, 0x81, 0x80, 
	0x80, 0x7F, 0x80, 0x80, 0x80, 0x80, 0x80, 0x80, 0x80, 0x80, 0x80, 0x80, 0x80, 0x80, 0x80, 0x81, 
	0x80, 0x80, 0x80, 0x80, 0x80, 0x81, 0x80, 0x80, 0x80, 0x7F, 0x80, 0x7F, 0x80, 0x81, 0x80, 0x80, 
	0x7F, 0x80, 0x80, 0x80, 0x7F, 0x80, 0x80, 0x80, 0x80, 0x80, 0x80, 0x80, 0x80, 0x80, 0x80, 0x80, 
	0x80, 0x80, 0x80, 0x80, 0x80, 0x81, 0x80, 0x80, 0x80, 0x80, 0x80, 0x80, 0x7F, 0x80, 0x7F, 0x80, 
	0x81, 0x80, 0x80, 0x80, 0x81, 0x80, 0x80, 0x80, 0x80, 0x80, 0x80, 0x7F, 0x80, 0x80, 0x80, 0x80, 
	0x7F, 0x80, 0x80, 0x80, 0x80, 0x80, 0x7F, 0x7F, 0x80, 0x80, 0x80, 0x80, 0x7F, 0x80, 0x80, 0x80, 
	0x80, 0x80, 0x80, 0x7F, 0x80, 0x80, 0x80, 0x80, 0x80, 0x80, 0x81, 0x80, 0x80, 0x80, 0x7F, 0x7F, 
	0x80, 0x80, 0x80, 0x80, 0x80, 0x7F, 0x81, 0x80, 0x80, 0x81, 0x7F, 0x80, 0x80, 0x80, 0x81, 0x80, 
	0x81, 0x7F, 0x80, 0x80, 0x80, 0x80, 0x7F, 0x80, 0x80, 0x81, 0x81, 0x80, 0x81, 0x80, 0x80, 0x80, 
	0x7F, 0x80, 0x80, 0x80, 0x80, 0x80, 0x80, 0x80, 0x80, 0x81, 0x80, 0x80, 0x80, 0x7F, 0x80, 0x80, 
	0x7F, 0x80, 0x80, 0x80, 0x81, 0x81, 0x80, 0x80, 0x80, 0x7F, 0x80, 0x80, 0x80, 0x80, 0x7F, 0x80, 
	0x80, 0x80, 0x81, 0x80, 0x80, 0x80, 0x81, 0x7F, 0x80, 0x80, 0x80, 0x80, 0x80, 0x80, 0x81, 0x80, 
	0x80, 0x80, 0x80, 0x80, 0x7F, 0x80, 0x80, 0x80, 0x80, 0x80, 0x80, 0x80, 0x80, 0x80, 0x80, 0x80, 
	0x80, 0x80, 0x80, 0x80, 0x80, 0x80, 0x80, 0x80, 0x80, 0x80, 0x80, 0x80, 0x7F, 0x7F, 0x80, 0x80, 
	0x80, 0x80, 0x80, 0x80, 0x80, 0x80, 0x80, 0x80, 0x80, 0x80, 0x80, 0x81, 0x80, 0x80, 0x80, 0x7F, 
	0x81, 0x81, 0x7F, 0x80, 0x80, 0x80, 0x80, 0x80, 0x80, 0x80, 0x7F, 0x7F, 0x80, 0x81, 0x80, 0x80, 
	0x80, 0x80, 0x80, 0x80, 0x80, 0x80, 0x80, 0x80, 0x7F, 0x80, 0x80, 0x80, 0x80, 0x80, 0x80, 0x80, 
	0x80, 0x7F, 0x80, 0x80, 0x80, 0x80, 0x80, 0x80, 0x80, 0x80, 0x80, 0x80, 0x80, 0x80, 0x80, 0x80, 
	0x7F, 0x80, 0x80, 0x80, 0x7F, 0x7F, 0x7F, 0x80, 0x80, 0x80, 0x80, 0x80, 0x80, 0x80, 0x80, 0x80, 
	0x80, 0x7F, 0x80, 0x80, 0x7F, 0x80, 0x81, 0x80, 0x80, 0x80, 0x81, 0x80, 0x80, 0x80, 0x81, 0x80, 
	0x80, 0x80, 0x81, 0x7F, 0x7F, 0x80, 0x80, 0x80, 0x80, 0x80, 0x80, 0x80, 0x80, 0x81, 0x80, 0x80, 
	0x80, 0x80, 0x80, 0x7F, 0x80, 0x80, 0x80, 0x80, 0x80, 0x80, 0x80, 0x81, 0x80, 0x80, 0x80, 0x80, 
	0x7F, 0x80, 0x81, 0x80, 0x80, 0x80, 0x80, 0x80, 0x80, 0x80, 0x80, 0x80, 0x80, 0x80, 0x80, 0x80, 
	0x80, 0x7F, 0x80, 0x80, 0x80, 0x80, 0x80, 0x80, 0x80, 0x80, 0x80, 0x80, 0x80, 0x81, 0x80, 0x80, 
	0x80, 0x80, 0x80, 0x80, 0x80, 0x80, 0x80, 0x80, 0x80, 0x81, 0x80, 0x80, 0x80, 0x80, 0x80, 0x80, 
	0x80, 0x80, 0x80, 0x80, 0x81, 0x80, 0x80, 0x80, 0x80, 0x80, 0x80, 0x80, 0x80, 0x80, 0x7F, 0x80, 
	0x80, 0x80, 0x81, 0x80, 0x81, 0x80, 0x80, 0x80, 0x80, 0x7F, 0x80, 0x80, 0x80, 0x7F, 0x80, 0x80, 
	0x7F, 0x80, 0x80, 0x80, 0x80, 0x80, 0x80, 0x80, 0x80, 0x80, 0x80, 0x80, 0x80, 0x80, 0x80, 0x80, 
	0x81, 0x80, 0x80, 0x80, 0x81, 0x80, 0x80, 0x7F, 0x80, 0x81, 0x80, 0x80, 0x80, 0x80, 0x80, 0x80, 
	0x80, 0x7F, 0x80, 0x80, 0x80, 0x80, 0x80, 0x7F, 0x80, 0x80, 0x80, 0x80, 0x80, 0x80, 0x80, 0x7F, 
	0x80, 0x81, 0x80, 0x80, 0x81, 0x7F, 0x7F, 0x81, 0x80, 0x80, 0x80, 0x80, 0x80, 0x80, 0x80, 0x80, 
	0x80, 0x7F, 0x80, 0x7F, 0x7F, 0x80, 0x80, 0x80, 0x80, 0x7F, 0x80, 0x81, 0x80, 0x81, 0x80, 0x80, 
	0x80, 0x80, 0x80, 0x80, 0x80, 0x80, 0x7F, 0x80, 0x80, 0x80, 0x81, 0x80, 0x80, 0x80, 0x80, 0x80, 
	0x80, 0x7F, 0x80, 0x80, 0x80, 0x80, 0x80, 0x80, 0x80, 0x80, 0x80, 0x80, 0x80, 0x81, 0x80, 0x7F, 
	0x80, 0x80, 0x80, 0x80, 0x7F, 0x7F, 0x80, 0x80, 0x7F, 0x80, 0x81, 0x81, 0x80, 0x80, 0x80, 0x7F, 
	0x80, 0x80, 0x80, 0x80, 0x80, 0x81, 0x80, 0x80, 0x7F, 0x80, 0x80, 0x80, 0x80, 0x80, 0x80, 0x80, 
	0x80, 0x80, 0x81, 0x80, 0x80, 0x80, 0x7F, 0x80, 0x7F, 0x80, 0x80, 0x80, 0x80, 0x80, 0x80, 0x7F, 
	0x81, 0x80, 0x80, 0x80, 0x80, 0x80, 0x81, 0x80, 0x80, 0x7F, 0x80, 0x7F, 0x80, 0x80, 0x80, 0x80, 
	0x80, 0x80, 0x80, 0x80, 0x80, 0x7F, 0x80, 0x80, 0x80, 0x80, 0x80, 0x80, 0x81, 0x80, 0x7F, 0x80, 
	0x80, 0x80, 0x80, 0x80, 0x80, 0x80, 0x80, 0x80, 0x80, 0x80, 0x80, 0x80, 0x80, 0x80, 0x81, 0x80, 
	0x80, 0x80, 0x80, 0x80, 0x80, 0x7F, 0x80, 0x80, 0x7F, 0x80, 0x81, 0x80, 0x80, 0x80, 0x7F, 0x80, 
	0x80, 0x80, 0x7F, 0x80, 0x81, 0x80, 0x81, 0x80, 0x80, 0x80, 0x81, 0x80, 0x80, 0x80, 0x80, 0x80, 
	0x81, 0x81, 0x7F, 0x80, 0x80, 0x80, 0x80, 0x80, 0x80, 0x80, 0x7F, 0x80, 0x80, 0x80, 0x80, 0x7F, 
	0x80, 0x80, 0x80, 0x80, 0x81, 0x80, 0x80, 0x80, 0x80, 0x80, 0x80, 0x80, 0x80, 0x7F, 0x80, 0x7F, 
	0x80, 0x80, 0x80, 0x80, 0x7F, 0x80, 0x80, 0x80, 0x80, 0x7F, 0x80, 0x80, 0x80, 0x80, 0x80, 0x81, 
	0x7F, 0x80, 0x80, 0x7F, 0x81, 0x81, 0x80, 0x80, 0x80, 0x80, 0x7F, 0x80, 0x80, 0x7F, 0x80, 0x80, 
	0x7F, 0x80, 0x80, 0x80, 0x7F, 0x80, 0x80, 0x80, 0x80, 0x7F, 0x80, 0x81, 0x80, 0x7F, 0x7F, 0x80, 
	0x80, 0x80, 0x80, 0x7F, 0x80, 0x80, 0x80, 0x80, 0x80, 0x80, 0x80, 0x80, 0x80, 0x80, 0x80, 0x81, 
	0x81, 0x80, 0x80, 0x7F, 0x80, 0x80, 0x80, 0x80, 0x80, 0x80, 0x81, 0x80, 0x80, 0x80, 0x80, 0x81, 
	0x80, 0x80, 0x80, 0x80, 0x80, 0x80, 0x80, 0x80, 0x80, 0x80, 0x80, 0x80, 0x80, 0x81, 0x81, 0x80, 
	0x80, 0x80, 0x81, 0x80, 0x80, 0x81, 0x7F, 0x80, 0x7F, 0x7F, 0x80, 0x80, 0x80, 0x80, 0x80, 0x80, 
	0x80, 0x80, 0x80, 0x81, 0x80, 0x80, 0x7F, 0x7F, 0x80, 0x80, 0x80, 0x80, 0x80, 0x81, 0x80, 0x80, 
	0x80, 0x80, 0x7F, 0x80, 0x80, 0x80, 0x80, 0x80, 0x7F, 0x80, 0x80, 0x80, 0x80, 0x80, 0x81, 0x80, 
	0x7F, 0x80, 0x80, 0x80, 0x80, 0x80, 0x80, 0x80, 0x80, 0x80, 0x7F, 0x80, 0x80, 0x80, 0x80, 0x81, 
	0x80, 0x80, 0x80, 0x80, 0x80, 0x80, 0x80, 0x80, 0x80, 0x80, 0x80, 0x80, 0x80, 0x80, 0x80, 0x7F, 
	0x80, 0x81, 0x80, 0x80, 0x80, 0x7F, 0x80, 0x80, 0x81, 0x80, 0x80, 0x7F, 0x80, 0x80, 0x80, 0x80, 
	0x7F, 0x81, 0x7F, 0x7F, 0x7F, 0x80, 0x80, 0x80, 0x7F, 0x80, 0x81, 0x80, 0x80, 0x80, 0x81, 0x80, 
	0x80, 0x80, 0x80, 0x80, 0x80, 0x80, 0x80, 0x7F, 0x80, 0x80, 0x80, 0x80, 0x7F, 0x80, 0x80, 0x7F, 
	0x80, 0x80, 0x80, 0x80, 0x81, 0x81, 0x80, 0x80, 0x80, 0x80, 0x80, 0x80, 0x80, 0x80, 0x80, 0x80, 
	0x81, 0x80, 0x80, 0x80, 0x80, 0x80, 0x80, 0x81, 0x7F, 0x80, 0x80, 0x80, 0x7F, 0x80, 0x7F, 0x7F, 
	0x80, 0x81, 0x80, 0x80, 0x80, 0x80, 0x80, 0x80, 0x7F, 0x80, 0x80, 0x80, 0x80, 0x7F, 0x80, 0x80, 
	0x80, 0x80, 0x80, 0x80, 0x80, 0x80, 0x80, 0x80, 0x7F, 0x80, 0x80, 0x80, 0x80, 0x80, 0x80, 0x80, 
	0x80, 0x80, 0x80, 0x80, 0x80, 0x80, 0x80, 0x80, 0x80, 0x80, 0x80, 0x80, 0x80, 0x80, 0x80, 0x80, 
	0x80, 0x80, 0x80, 0x80, 0x80, 0x80, 0x81, 0x80, 0x80, 0x80, 0x80, 0x80, 0x7F, 0x80, 0x7F, 0x80, 
	0x80, 0x80, 0x80, 0x81, 0x80, 0x80, 0x80, 0x80, 0x80, 0x80, 0x7F, 0x80, 0x80, 0x80, 0x80, 0x80, 
	0x80, 0x80, 0x80, 0x80, 0x80, 0x80, 0x80, 0x80, 0x80, 0x80, 0x80, 0x80, 0x80, 0x80, 0x7F, 0x80, 
	0x80, 0x80, 0x80, 0x7F, 0x80, 0x80, 0x80, 0x80, 0x80, 0x80, 0x7F, 0x80, 0x80, 0x81, 0x80, 0x80, 
	0x7F, 0x80, 0x80, 0x80, 0x80, 0x80, 0x80, 0x7F, 0x80, 0x80, 0x80, 0x80, 0x80, 0x80, 0x80, 0x80, 
	0x80, 0x80, 0x80, 0x80, 0x80, 0x80, 0x80, 0x80, 0x80, 0x7F, 0x80, 0x7F, 0x80, 0x81, 0x80, 0x80, 
	0x80, 0x80, 0x80, 0x80, 0x80, 0x80, 0x81, 0x80, 0x80, 0x80, 0x80, 0x80, 0x80, 0x80, 0x81, 0x80, 
	0x80, 0x80, 0x80, 0x80, 0x80, 0x7F, 0x80, 0x7F, 0x80, 0x81, 0x81, 0x80, 0x80, 0x80, 0x80, 0x80, 
	0x80, 0x80, 0x80, 0x80, 0x80, 0x80, 0x81, 0x80, 0x80, 0x7F, 0x7F, 0x80, 0x80, 0x80, 0x80, 0x80, 
	0x80, 0x7F, 0x80, 0x80, 0x80, 0x80, 0x80, 0x80, 0x80, 0x80, 0x80, 0x80, 0x7F, 0x80, 0x80, 0x80, 
	0x80, 0x80, 0x81, 0x80, 0x80, 0x80, 0x80, 0x80, 0x80, 0x80, 0x80, 0x80, 0x80, 0x81, 0x80, 0x7F, 
	0x80, 0x7F, 0x80, 0x80, 0x80, 0x80, 0x80, 0x81, 0x80, 0x80, 0x80, 0x80, 0x80, 0x80, 0x80, 0x81, 
	0x81, 0x80, 0x80, 0x80, 0x80, 0x80, 0x80, 0x80, 0x80, 0x7F, 0x80, 0x81, 0x7F, 0x7F, 0x80, 0x80, 
	0x80, 0x80, 0x80, 0x7F, 0x80, 0x80, 0x80, 0x80, 0x81, 0x7F, 0x80, 0x80, 0x80, 0x80, 0x80, 0x7F, 
	0x80, 0x81, 0x80, 0x80, 0x80, 0x80, 0x80, 0x81, 0x80, 0x7F, 0x80, 0x80, 0x80, 0x80, 0x80, 0x7F, 
	0x80, 0x80, 0x80, 0x80, 0x80, 0x80, 0x7F, 0x80, 0x80, 0x7F, 0x80, 0x80, 0x80, 0x80, 0x7F, 0x7F, 
	0x80, 0x80, 0x80, 0x81, 0x80, 0x80, 0x80, 0x81, 0x80, 0x7F, 0x80, 0x80, 0x80, 0x80, 0x80, 0x80, 
	0x80, 0x80, 0x7F, 0x80, 0x80, 0x81, 0x80, 0x80, 0x80, 0x80, 0x80, 0x80, 0x80, 0x80, 0x81, 0x80, 
	0x80, 0x80, 0x80, 0x80, 0x80, 0x80, 0x81, 0x81, 0x80, 0x80, 0x80, 0x80, 0x80, 0x80, 0x80, 0x81, 
	0x80, 0x80, 0x80, 0x7F, 0x80, 0x80, 0x80, 0x81, 0x80, 0x80, 0x80, 0x80, 0x80, 0x80, 0x80, 0x81, 
	0x80, 0x80, 0x80, 0x80, 0x80, 0x80, 0x7F, 0x80, 0x80, 0x80, 0x80, 0x7F, 0x80, 0x80, 0x80, 0x80, 
	0x81, 0x80, 0x80, 0x81, 0x7F, 0x80, 0x80, 0x80, 0x80, 0x80, 0x80, 0x7F, 0x80, 0x80, 0x7F, 0x80, 
	0x7F, 0x80, 0x7F, 0x80, 0x80, 0x80, 0x80, 0x80, 0x80, 0x7F, 0x80, 0x80, 0x81, 0x7F, 0x7F, 0x80, 
	0x80, 0x80, 0x80, 0x7F, 0x80, 0x80, 0x80, 0x80, 0x7F, 0x80, 0x80, 0x80, 0x80, 0x7F, 0x80, 0x80, 
	0x7F, 0x80, 0x80, 0x80, 0x80, 0x80, 0x80, 0x80, 0x80, 0x80, 0x80, 0x80, 0x80, 0x80, 0x80, 0x80, 
	0x81, 0x80, 0x80, 0x81, 0x80, 0x80, 0x80, 0x80, 0x7F, 0x80, 0x80, 0x80, 0x80, 0x80, 0x80, 0x81, 
	0x80, 0x80, 0x80, 0x80, 0x81, 0x80, 0x80, 0x80, 0x80, 0x80, 0x80, 0x80, 0x7F, 0x81, 0x80, 0x80, 
	0x80, 0x7F, 0x80, 0x80, 0x80, 0x80, 0x80, 0x7F, 0x80, 0x80, 0x80, 0x80, 0x80, 0x80, 0x80, 0x7F, 
	0x7F, 0x80, 0x80, 0x80, 0x80, 0x80, 0x80, 0x80, 0x80, 0x80, 0x7F, 0x80, 0x80, 0x80, 0x81, 0x80, 
	0x80, 0x81, 0x80, 0x7F, 0x80, 0x80, 0x80, 0x80, 0x80, 0x80, 0x80, 0x80, 0x80, 0x80, 0x80, 0x80, 
	0x80, 0x80, 0x80, 0x80, 0x80, 0x80, 0x80, 0x80, 0x80, 0x80, 0x80, 0x80, 0x81, 0x80, 0x80, 0x80, 
	0x81, 0x7F, 0x80, 0x80, 0x80, 0x80, 0x80, 0x80, 0x7F, 0x81, 0x80, 0x80, 0x80, 0x7F, 0x80, 0x80, 
	0x80, 0x80, 0x80, 0x80, 0x80, 0x7F, 0x80, 0x80, 0x80, 0x7F, 0x80, 0x80, 0x80, 0x7F, 0x80, 0x80, 
	0x80, 0x80, 0x80, 0x80, 0x80, 0x80, 0x80, 0x80, 0x80, 0x80, 0x7F, 0x80, 0x80, 0x7F, 0x80, 0x7F, 
	0x80, 0x80, 0x80, 0x80, 0x80, 0x80, 0x80, 0x7F, 0x80, 0x80, 0x80, 0x80, 0x80, 0x7F, 0x81, 0x80, 
	0x80, 0x7F, 0x80, 0x80, 0x80, 0x80, 0x7F, 0x80, 0x80, 0x80, 0x80, 0x80, 0x81, 0x80, 0x7F, 0x81, 
	0x80, 0x80, 0x80, 0x80, 0x80, 0x7F, 0x81, 0x80, 0x80, 0x80, 0x7F, 0x80, 0x80, 0x80, 0x80, 0x80, 
	0x80, 0x80, 0x80, 0x80, 0x80, 0x7F, 0x80, 0x80, 0x81, 0x80, 0x80, 0x80, 0x80, 0x81, 0x7F, 0x80, 
	0x81, 0x80, 0x80, 0x80, 0x7F, 0x80, 0x81, 0x7F, 0x81, 0x80, 0x80, 0x80, 0x80, 0x80, 0x81, 0x7F, 
	0x80, 0x80, 0x80, 0x80, 0x80, 0x80, 0x80, 0x80, 0x80, 0x81, 0x80, 0x80, 0x80, 0x80, 0x80, 0x80, 
	0x80, 0x80, 0x80, 0x80, 0x7F, 0x81, 0x80, 0x81, 0x80, 0x80, 0x7F, 0x80, 0x80, 0x80, 0x7F, 0x80, 
	0x80, 0x7F, 0x80, 0x80, 0x80, 0x80, 0x80, 0x80, 0x81, 0x80, 0x81, 0x80, 0x81, 0x80, 0x80, 0x80, 
	0x80, 0x7F, 0x80, 0x80, 0x80, 0x80, 0x80, 0x80, 0x80, 0x81, 0x80, 0x7F, 0x80, 0x80, 0x80, 0x80, 
	0x80, 0x80, 0x7F, 0x80, 0x80, 0x80, 0x80, 0x80, 0x80, 0x80, 0x7F, 0x80, 0x80, 0x80, 0x80, 0x80, 
	0x80, 0x80, 0x80, 0x80, 0x80, 0x80, 0x81, 0x80, 0x80, 0x80, 0x80, 0x80, 0x80, 0x81, 0x80, 0x80, 
	0x80, 0x80, 0x7F, 0x80, 0x80, 0x80, 0x80, 0x80, 0x80, 0x81, 0x80, 0x80, 0x80, 0x80, 0x80, 0x80, 
	0x7F, 0x80, 0x80, 0x80, 0x80, 0x80, 0x81, 0x80, 0x80, 0x80, 0x80, 0x80, 0x80, 0x80, 0x80, 0x7F, 
	0x80, 0x80, 0x80, 0x80, 0x80, 0x80, 0x80, 0x80, 0x80, 0x80, 0x80, 0x80, 0x80, 0x80, 0x80, 0x80, 
	0x80, 0x81, 0x80, 0x81, 0x80, 0x80, 0x80, 0x80, 0x80, 0x80, 0x80, 0x80, 0x7F, 0x80, 0x80, 0x80, 
	0x7F, 0x81, 0x80, 0x80, 0x80, 0x80, 0x80, 0x80, 0x80, 0x7F, 0x80, 0x80, 0x80, 0x80, 0x80, 0x7F, 
	0x80, 0x80, 0x80, 0x81, 0x80, 0x7F, 0x81, 0x80, 0x7F, 0x80, 0x80, 0x80, 0x80, 0x80, 0x80, 0x80, 
	0x80, 0x80, 0x80, 0x80, 0x7F, 0x80, 0x81, 0x80, 0x80, 0x80, 0x7F, 0x80, 0x80, 0x80, 0x80, 0x80, 
	0x80, 0x80, 0x81, 0x80, 0x80, 0x80, 0x7F, 0x7F, 0x7F, 0x80, 0x80, 0x81, 0x81, 0x80, 0x80, 0x80, 
	0x7F, 0x80, 0x80, 0x80, 0x81, 0x80, 0x80, 0x80, 0x81, 0x80, 0x80, 0x80, 0x7F, 0x80, 0x81, 0x80, 
	0x7F, 0x80, 0x81, 0x7F, 0x80, 0x80, 0x80, 0x80, 0x80, 0x80, 0x80, 0x80, 0x80, 0x80, 0x80, 0x80, 
	0x80, 0x80, 0x7F, 0x80, 0x81, 0x80, 0x80, 0x80, 0x80, 0x80, 0x80, 0x80, 0x80, 0x80, 0x80, 0x80, 
	0x81, 0x80, 0x80, 0x80, 0x80, 0x81, 0x80, 0x80, 0x80, 0x80, 0x80, 0x7F, 0x80, 0x80, 0x7F, 0x7F, 
	0x80, 0x80, 0x80, 0x80, 0x7F, 0x80, 0x80, 0x7F, 0x81, 0x80, 0x80, 0x80, 0x80, 0x80, 0x7F, 0x80, 
	0x80, 0x7F, 0x80, 0x80, 0x80, 0x80, 0x7F, 0x80, 0x80, 0x80, 0x80, 0x80, 0x80, 0x80, 0x80, 0x80, 
	0x80, 0x80, 0x80, 0x80, 0x80, 0x80, 0x81, 0x7F, 0x80, 0x80, 0x80, 0x80, 0x81, 0x80, 0x80, 0x80, 
	0x80, 0x80, 0x80, 0x7F, 0x80, 0x80, 0x80, 0x80, 0x80, 0x80, 0x7F, 0x80, 0x80, 0x7F, 0x80, 0x80, 
	0x80, 0x80, 0x80, 0x7F, 0x81, 0x80, 0x80, 0x81, 0x80, 0x80, 0x80, 0x80, 0x80, 0x7F, 0x7F, 0x7F, 
	0x81, 0x80, 0x80, 0x80, 0x80, 0x80, 0x80, 0x80, 0x80, 0x80, 0x80, 0x80, 0x80, 0x80, 0x80, 0x80, 
	0x80, 0x80, 0x80, 0x80, 0x81, 0x7F, 0x80, 0x81, 0x80, 0x80, 0x80, 0x80, 0x7F, 0x80, 0x7F, 0x80, 
	0x80, 0x80, 0x81, 0x7F, 0x80, 0x80, 0x81, 0x80, 0x80, 0x80, 0x80, 0x80, 0x81, 0x80, 0x80, 0x80, 
	0x80, 0x80, 0x80, 0x80, 0x80, 0x80, 0x80, 0x80, 0x80, 0x7F, 0x80, 0x80, 0x7F, 0x81, 0x7F, 0x80, 
	0x80, 0x80, 0x80, 0x7F, 0x80, 0x80, 0x80, 0x81, 0x80, 0x80, 0x80, 0x80, 0x80, 0x80, 0x80, 0x80, 
	0x80, 0x80, 0x80, 0x80, 0x80, 0x80, 0x7F, 0x7F, 0x80, 0x80, 0x81, 0x80, 0x80, 0x80, 0x80, 0x7F, 
	0x80, 0x80, 0x80, 0x80, 0x80, 0x80, 0x80, 0x80, 0x81, 0x80, 0x80, 0x80, 0x80, 0x80, 0x80, 0x80, 
	0x81, 0x80, 0x80, 0x80, 0x80, 0x80, 0x7F, 0x80, 0x81, 0x80, 0x80, 0x80, 0x80, 0x80, 0x80, 0x80, 
	0x81, 0x80, 0x80, 0x80, 0x80, 0x80, 0x81, 0x81, 0x81, 0x80, 0x80, 0x80, 0x80, 0x81, 0x80, 0x80, 
	0x80, 0x80, 0x80, 0x7F, 0x80, 0x80, 0x7F, 0x80, 0x80, 0x80, 0x80, 0x7F, 0x80, 0x80, 0x80, 0x80, 
	0x80, 0x7F, 0x80, 0x7F, 0x80, 0x80, 0x80, 0x80, 0x80, 0x80, 0x80, 0x80, 0x80, 0x80, 0x80, 0x7F, 
	0x80, 0x80, 0x80, 0x80, 0x7F, 0x80, 0x80, 0x80, 0x7F, 0x80, 0x81, 0x81, 0x7F, 0x80, 0x80, 0x80, 
	0x80, 0x80, 0x80, 0x80, 0x80, 0x7F, 0x80, 0x80, 0x80, 0x80, 0x80, 0x80, 0x80, 0x80, 0x81, 0x7F, 
	0x80, 0x80, 0x80, 0x7F, 0x80, 0x7F, 0x80, 0x81, 0x7F, 0x81, 0x80, 0x80, 0x80, 0x81, 0x80, 0x80, 
	0x80, 0x80, 0x80, 0x81, 0x80, 0x81, 0x80, 0x80, 0x80, 0x80, 0x7F, 0x80, 0x80, 0x80, 0x7F, 0x80, 
	0x80, 0x80, 0x80, 0x81, 0x81, 0x80, 0x80, 0x80, 0x80, 0x80, 0x80, 0x81, 0x80, 0x80, 0x80, 0x81, 
	0x80, 0x80, 0x80, 0x7F, 0x80, 0x80, 0x80, 0x80, 0x80, 0x80, 0x80, 0x80, 0x80, 0x80, 0x81, 0x80, 
	0x80, 0x80, 0x80, 0x80, 0x80, 0x80, 0x80, 0x80, 0x80, 0x80, 0x80, 0x80, 0x80, 0x81, 0x80, 0x80, 
	0x80, 0x80, 0x80, 0x7F, 0x80, 0x80, 0x81, 0x81, 0x80, 0x7F, 0x80, 0x80, 0x80, 0x80, 0x81, 0x80, 
	0x80, 0x80, 0x80, 0x80, 0x80, 0x7F, 0x80, 0x80, 0x80, 0x80, 0x80, 0x80, 0x80, 0x80, 0x80, 0x80, 
	0x80, 0x80, 0x80, 0x80, 0x80, 0x81, 0x81, 0x80, 0x80, 0x80, 0x80, 0x80, 0x80, 0x80, 0x80, 0x7F, 
	0x80, 0x80, 0x80, 0x80, 0x80, 0x80, 0x80, 0x80, 0x80, 0x80, 0x80, 0x80, 0x81, 0x80, 0x80, 0x7F, 
	0x80, 0x80, 0x80, 0x80, 0x80, 0x80, 0x80, 0x80, 0x81, 0x7F, 0x80, 0x80, 0x80, 0x80, 0x80, 0x80, 
	0x80, 0x80, 0x80, 0x80, 0x80, 0x80, 0x80, 0x81, 0x80, 0x80, 0x80, 0x7F, 0x80, 0x81, 0x7F, 0x80, 
	0x80, 0x7F, 0x80, 0x80, 0x80, 0x80, 0x80, 0x80, 0x81, 0x80, 0x80, 0x80, 0x80, 0x80, 0x80, 0x80, 
	0x7F, 0x80, 0x80, 0x80, 0x80, 0x80, 0x80, 0x80, 0x80, 0x7F, 0x80, 0x80, 0x80, 0x80, 0x80, 0x80, 
	0x80, 0x80, 0x80, 0x80, 0x80, 0x81, 0x80, 0x80, 0x80, 0x80, 0x80, 0x80, 0x80, 0x80, 0x80, 0x80, 
	0x80, 0x80, 0x80, 0x80, 0x81, 0x80, 0x80, 0x80, 0x80, 0x80, 0x80, 0x80, 0x80, 0x80, 0x80, 0x80, 
	0x80, 0x80, 0x80, 0x80, 0x80, 0x80, 0x81, 0x80, 0x80, 0x80, 0x7F, 0x80, 0x80, 0x80, 0x80, 0x80, 
	0x80, 0x80, 0x80, 0x7F, 0x80, 0x80, 0x80, 0x7F, 0x80, 0x80, 0x80, 0x80, 0x81, 0x80, 0x7F, 0x80, 
	0x80, 0x7F, 0x80, 0x7F, 0x7F, 0x80, 0x80, 0x80, 0x80, 0x80, 0x80, 0x80, 0x80, 0x80, 0x80, 0x80, 
	0x80, 0x80, 0x80, 0x80, 0x7F, 0x80, 0x81, 0x81, 0x7F, 0x80, 0x81, 0x80, 0x80, 0x80, 0x80, 0x80, 
	0x80, 0x80, 0x7F, 0x80, 0x7F, 0x80, 0x80, 0x80, 0x80, 0x80, 0x7F, 0x80, 0x81, 0x80, 0x80, 0x80, 
	0x80, 0x80, 0x80, 0x80, 0x80, 0x80, 0x80, 0x80, 0x80, 0x80, 0x80, 0x80, 0x80, 0x80, 0x80, 0x80, 
	0x7F, 0x80, 0x7F, 0x80, 0x80, 0x80, 0x80, 0x80, 0x81, 0x7F, 0x80, 0x81, 0x80, 0x80, 0x80, 0x80, 
	0x80, 0x80, 0x80, 0x80, 0x80, 0x80, 0x80, 0x80, 0x80, 0x80, 0x80, 0x80, 0x80, 0x80, 0x80, 0x80, 
	0x80, 0x80, 0x80, 0x80, 0x80, 0x80, 0x80, 0x80, 0x80, 0x80, 0x80, 0x80, 0x80, 0x80, 0x7F, 0x81, 
	0x80, 0x80, 0x80, 0x80, 0x80, 0x80, 0x80, 0x80, 0x80, 0x80, 0x80, 0x80, 0x80, 0x80, 0x80, 0x80, 
	0x7F, 0x80, 0x80, 0x80, 0x80, 0x80, 0x80, 0x80, 0x80, 0x80, 0x80, 0x81, 0x80, 0x80, 0x80, 0x80, 
	0x80, 0x80, 0x80, 0x80, 0x80, 0x80, 0x7F, 0x80, 0x81, 0x80, 0x80, 0x80, 0x80, 0x80, 0x81, 0x80, 
	0x81, 0x80, 0x80, 0x7F, 0x80, 0x80, 0x80, 0x81, 0x80, 0x80, 0x80, 0x80, 0x80, 0x7F, 0x80, 0x7F, 
	0x80, 0x80, 0x80, 0x80, 0x80, 0x80, 0x7F, 0x7F, 0x80, 0x7F, 0x80, 0x80, 0x80, 0x80, 0x80, 0x80, 
	0x81, 0x81, 0x80, 0x80, 0x80, 0x80, 0x80, 0x80, 0x81, 0x80, 0x80, 0x80, 0x80, 0x80, 0x80, 0x80, 
	0x80, 0x80, 0x7F, 0x80, 0x80, 0x81, 0x80, 0x80, 0x7F, 0x80, 0x80, 0x80, 0x80, 0x80, 0x80, 0x7F, 
	0x80, 0x80, 0x80, 0x80, 0x80, 0x7F, 0x80, 0x80, 0x80, 0x80, 0x80, 0x80, 0x80, 0x80, 0x80, 0x80, 
	0x80, 0x80, 0x7F, 0x80, 0x80, 0x80, 0x80, 0x80, 0x80, 0x81, 0x80, 0x80, 0x80, 0x7F, 0x80, 0x81, 
	0x80, 0x80, 0x7F, 0x80, 0x80, 0x80, 0x80, 0x81, 0x80, 0x80, 0x80, 0x7F, 0x80, 0x80, 0x80, 0x81, 
	0x80, 0x80, 0x80, 0x80, 0x80, 0x80, 0x80, 0x80, 0x80, 0x81, 0x80, 0x81, 0x80, 0x80, 0x80, 0x80, 
	0x80, 0x80, 0x80, 0x80, 0x80, 0x80, 0x80, 0x7F, 0x80, 0x80, 0x81, 0x7F, 0x80, 0x80, 0x80, 0x80, 
	0x80, 0x7F, 0x7F, 0x80, 0x80, 0x80, 0x81, 0x7F, 0x80, 0x81, 0x80, 0x81, 0x80, 0x80, 0x80, 0x80, 
	0x81, 0x80, 0x80, 0x80, 0x80, 0x80, 0x81, 0x7F, 0x80, 0x80, 0x80, 0x80, 0x7F, 0x80, 0x80, 0x80, 
	0x80, 0x80, 0x80, 0x80, 0x80, 0x80, 0x80, 0x80, 0x80, 0x80, 0x80, 0x80, 0x80, 0x7F, 0x80, 0x80, 
	0x80, 0x7F, 0x80, 0x7F, 0x80, 0x80, 0x80, 0x80, 0x80, 0x80, 0x80, 0x80, 0x80, 0x80, 0x80, 0x80, 
	0x80, 0x80, 0x80, 0x7F, 0x80, 0x80, 0x80, 0x80, 0x80, 0x80, 0x80, 0x80, 0x80, 0x80, 0x81, 0x80, 
	0x7F, 0x80, 0x80, 0x80, 0x80, 0x7F, 0x80, 0x80, 0x7F, 0x80, 0x7F, 0x80, 0x80, 0x80, 0x80, 0x80, 
	0x80, 0x81, 0x80, 0x80, 0x80, 0x80, 0x81, 0x80, 0x80, 0x80, 0x80, 0x80, 0x80, 0x80, 0x80, 0x80, 
	0x80, 0x80, 0x80, 0x80, 0x80, 0x80, 0x80, 0x80, 0x80, 0x7F, 0x80, 0x80, 0x80, 0x80, 0x80, 0x7F, 
	0x80, 0x81, 0x80, 0x81, 0x80, 0x80, 0x80, 0x80, 0x80, 0x80, 0x80, 0x7F, 0x80, 0x80, 0x80, 0x80, 
	0x81, 0x80, 0x80, 0x80, 0x80, 0x7F, 0x80, 0x7F, 0x7F, 0x80, 0x80, 0x80, 0x81, 0x81, 0x81, 0x80, 
	0x7F, 0x80, 0x7F, 0x80, 0x80, 0x80, 0x80, 0x80, 0x81, 0x80, 0x80, 0x80, 0x80, 0x80, 0x80, 0x80, 
	0x80, 0x80, 0x80, 0x81, 0x80, 0x7F, 0x80, 0x80, 0x7F, 0x80, 0x7F, 0x80, 0x80, 0x80, 0x80, 0x80, 
	0x7F, 0x80, 0x80, 0x80, 0x80, 0x80, 0x80, 0x80, 0x80, 0x80, 0x81, 0x7F, 0x80, 0x81, 0x80, 0x80, 
	0x7F, 0x80, 0x80, 0x80, 0x80, 0x80, 0x80, 0x80, 0x80, 0x81, 0x80, 0x80, 0x80, 0x80, 0x80, 0x80, 
	0x80, 0x80, 0x80, 0x7F, 0x80, 0x7F, 0x7F, 0x80, 0x80, 0x7F, 0x80, 0x80, 0x81, 0x80, 0x80, 0x80, 
	0x80, 0x80, 0x80, 0x80, 0x80, 0x80, 0x80, 0x80, 0x80, 0x81, 0x80, 0x80, 0x80, 0x80, 0x80, 0x80, 
	0x80, 0x80, 0x80, 0x7F, 0x80, 0x80, 0x80, 0x80, 0x80, 0x80, 0x80, 0x80, 0x80, 0x80, 0x80, 0x80, 
	0x80, 0x80, 0x80, 0x80, 0x80, 0x80, 0x80, 0x80, 0x80, 0x80, 0x7F, 0x80, 0x80, 0x80, 0x80, 0x80, 
	0x81, 0x80, 0x80, 0x7F, 0x7F, 0x81, 0x80, 0x80, 0x80, 0x80, 0x7F, 0x80, 0x80, 0x81, 0x80, 0x80, 
	0x81, 0x80, 0x80, 0x80, 0x80, 0x81, 0x80, 0x80, 0x7F, 0x80, 0x80, 0x7F, 0x7F, 0x80, 0x80, 0x80, 
	0x80, 0x80, 0x80, 0x81, 0x80, 0x80, 0x7F, 0x80, 0x80, 0x80, 0x80, 0x80, 0x7F, 0x80, 0x80, 0x7F, 
	0x80, 0x80, 0x80, 0x80, 0x80, 0x80, 0x80, 0x80, 0x80, 0x81, 0x80, 0x80, 0x7F, 0x81, 0x7F, 0x81, 
	0x80, 0x80, 0x7F, 0x80, 0x80, 0x81, 0x80, 0x80, 0x80, 0x80, 0x7F, 0x80, 0x7F, 0x7F, 0x80, 0x81, 
	0x81, 0x81, 0x7F, 0x80, 0x80, 0x80, 0x80, 0x80, 0x80, 0x80, 0x81, 0x81, 0x80, 0x7F, 0x80, 0x81, 
	0x80, 0x7F, 0x7F, 0x80, 0x80, 0x80, 0x7F, 0x80, 0x80, 0x80, 0x80, 0x80, 0x80, 0x80, 0x80, 0x80, 
	0x7F, 0x80, 0x81, 0x80, 0x7F, 0x80, 0x80, 0x80, 0x7F, 0x80, 0x80, 0x80, 0x80, 0x80, 0x81, 0x80, 
	0x80, 0x80, 0x80, 0x7F, 0x80, 0x80, 0x7F, 0x80, 0x81, 0x81, 0x80, 0x80, 0x80, 0x80, 0x80, 0x80, 
	0x80, 0x80, 0x80, 0x80, 0x80, 0x80, 0x80, 0x80, 0x80, 0x80, 0x80, 0x81, 0x80, 0x80, 0x80, 0x80, 
	0x80, 0x80, 0x7F, 0x80, 0x81, 0x80, 0x80, 0x80, 0x80, 0x80, 0x80, 0x80, 0x80, 0x80, 0x80, 0x80, 
	0x81, 0x80, 0x80, 0x81, 0x80, 0x80, 0x81, 0x80, 0x7F, 0x80, 0x80, 0x7F, 0x7F, 0x80, 0x80, 0x80, 
	0x81, 0x80, 0x80, 0x80, 0x80, 0x80, 0x81, 0x80, 0x7F, 0x80, 0x80, 0x80, 0x80, 0x7F, 0x80, 0x80, 
	0x80, 0x80, 0x80, 0x81, 0x80, 0x80, 0x80, 0x80, 0x80, 0x80, 0x80, 0x80, 0x80, 0x80, 0x80, 0x80, 
	0x80, 0x80, 0x80, 0x80, 0x80, 0x80, 0x7F, 0x81, 0x80, 0x7F, 0x81, 0x80, 0x80, 0x80, 0x80, 0x80, 
	0x80, 0x81, 0x81, 0x80, 0x80, 0x80, 0x80, 0x80, 0x80, 0x80, 0x80, 0x7F, 0x7F, 0x81, 0x80, 0x80, 
	0x80, 0x80, 0x80, 0x80, 0x80, 0x80, 0x80, 0x80, 0x80, 0x80, 0x80, 0x81, 0x80, 0x80, 0x7F, 0x80, 
	0x80, 0x80, 0x80, 0x80, 0x80, 0x7F, 0x80, 0x7F, 0x80, 0x80, 0x80, 0x80, 0x80, 0x80, 0x80, 0x80, 
	0x80, 0x80, 0x7F, 0x80, 0x80, 0x81, 0x80, 0x80, 0x80, 0x80, 0x81, 0x80, 0x80, 0x80, 0x80, 0x80, 
	0x80, 0x80, 0x80, 0x80, 0x80, 0x80, 0x80, 0x80, 0x80, 0x80, 0x80, 0x80, 0x80, 0x80, 0x80, 0x80, 
	0x80, 0x81, 0x80, 0x80, 0x80, 0x80, 0x80, 0x80, 0x80, 0x81, 0x81, 0x80, 0x80, 0x80, 0x81, 0x80, 
	0x80, 0x80, 0x80, 0x80, 0x80, 0x80, 0x80, 0x80, 0x7F, 0x80, 0x80, 0x80, 0x80, 0x80, 0x7F, 0x80, 
	0x80, 0x80, 0x80, 0x80, 0x80, 0x80, 0x80, 0x80, 0x81, 0x80, 0x80, 0x80, 0x80, 0x80, 0x80, 0x80, 
	0x7F, 0x80, 0x80, 0x80, 0x7F, 0x80, 0x80, 0x80, 0x81, 0x80, 0x80, 0x81, 0x80, 0x80, 0x7F, 0x7F, 
	0x80, 0x80, 0x81, 0x80, 0x80, 0x80, 0x80, 0x80, 0x80, 0x7F, 0x80, 0x80, 0x80, 0x80, 0x80, 0x80, 
	0x80, 0x81, 0x80, 0x80, 0x80, 0x7F, 0x80, 0x80, 0x80, 0x80, 0x80, 0x80, 0x7F, 0x80, 0x80, 0x80, 
	0x80, 0x80, 0x7F, 0x81, 0x80, 0x80, 0x7F, 0x80, 0x80, 0x80, 0x80, 0x7F, 0x80, 0x7F, 0x80, 0x80, 
	0x80, 0x80, 0x80, 0x80, 0x80, 0x80, 0x7F, 0x80, 0x80, 0x80, 0x80, 0x80, 0x81, 0x7F, 0x80, 0x80, 
	0x80, 0x80, 0x80, 0x80, 0x80, 0x80, 0x80, 0x80, 0x80, 0x81, 0x80, 0x80, 0x81, 0x80, 0x80, 0x80, 
	0x80, 0x80, 0x80, 0x80, 0x80, 0x80, 0x80, 0x81, 0x80, 0x80, 0x80, 0x80, 0x80, 0x80, 0x80, 0x80, 
	0x80, 0x7F, 0x80, 0x81, 0x80, 0x80, 0x80, 0x80, 0x80, 0x7F, 0x80, 0x80, 0x80, 0x80, 0x80, 0x80, 
	0x80, 0x80, 0x80, 0x80, 0x80, 0x80, 0x80, 0x80, 0x7F, 0x80, 0x81, 0x80, 0x81, 0x80, 0x81, 0x81, 
	0x7F, 0x80, 0x80, 0x80, 0x7F, 0x80, 0x81, 0x80, 0x7F, 0x80, 0x80, 0x80, 0x80, 0x80, 0x80, 0x81, 
	0x81, 0x80, 0x80, 0x80, 0x80, 0x80, 0x80, 0x80, 0x80, 0x80, 0x80, 0x80, 0x80, 0x80, 0x81, 0x80, 
	0x80, 0x80, 0x80, 0x80, 0x80, 0x80, 0x80, 0x80, 0x80, 0x80, 0x7F, 0x80, 0x80, 0x80, 0x80, 0x80, 
	0x80, 0x80, 0x80, 0x80, 0x80, 0x80, 0x80, 0x80, 0x7F, 0x80, 0x80, 0x80, 0x80, 0x7F, 0x80, 0x80, 
	0x80, 0x7F, 0x7F, 0x80, 0x80, 0x80, 0x80, 0x81, 0x80, 0x7F, 0x80, 0x80, 0x80, 0x80, 0x80, 0x80, 
	0x80, 0x81, 0x81, 0x80, 0x80, 0x7F, 0x80, 0x7F, 0x80, 0x80, 0x7F, 0x7F, 0x80, 0x80, 0x80, 0x80, 
	0x80, 0x7F, 0x7F, 0x81, 0x7F, 0x80, 0x80, 0x80, 0x81, 0x80, 0x80, 0x80, 0x80, 0x80, 0x80, 0x80, 
	0x80, 0x80, 0x80, 0x80, 0x80, 0x7F, 0x80, 0x80, 0x7F, 0x80, 0x80, 0x81, 0x80, 0x80, 0x80, 0x80, 
	0x80, 0x7F, 0x80, 0x80, 0x7F, 0x80, 0x80, 0x80, 0x80, 0x80, 0x80, 0x80, 0x80, 0x80, 0x81, 0x81, 
	0x80, 0x7F, 0x7F, 0x80, 0x81, 0x80, 0x80, 0x80, 0x80, 0x80, 0x80, 0x81, 0x80, 0x80, 0x80, 0x80, 
	0x80, 0x80, 0x80, 0x80, 0x80, 0x80, 0x80, 0x7F, 0x80, 0x80, 0x80, 0x80, 0x80, 0x7F, 0x80, 0x80, 
	0x80, 0x80, 0x80, 0x80, 0x81, 0x80, 0x80, 0x80, 0x80, 0x81, 0x80, 0x80, 0x80, 0x7F, 0x80, 0x80, 
	0x80, 0x80, 0x80, 0x80, 0x80, 0x7F, 0x80, 0x80, 0x80, 0x80, 0x80, 0x80, 0x80, 0x80, 0x80, 0x80, 
	0x80, 0x7F, 0x7F, 0x7F, 0x81, 0x7F, 0x80, 0x80, 0x80, 0x80, 0x80, 0x81, 0x80, 0x7F, 0x80, 0x81, 
	0x80, 0x81, 0x80, 0x80, 0x80, 0x80, 0x80, 0x80, 0x7F, 0x80, 0x80, 0x80, 0x80, 0x80, 0x80, 0x80, 
	0x80, 0x80, 0x80, 0x80, 0x80, 0x7F, 0x80, 0x80, 0x80, 0x80, 0x80, 0x81, 0x80, 0x80, 0x80, 0x80, 
	0x80, 0x80, 0x80, 0x80, 0x7F, 0x80, 0x80, 0x80, 0x80, 0x80, 0x80, 0x80, 0x7F, 0x80, 0x80, 0x80, 
	0x81, 0x80, 0x81, 0x80, 0x80, 0x80, 0x80, 0x80, 0x80, 0x7F, 0x80, 0x7F, 0x80, 0x80, 0x80, 0x80, 
	0x80, 0x80, 0x80, 0x80, 0x81, 0x80, 0x81, 0x7F, 0x80, 0x7F, 0x7F, 0x7F, 0x80, 0x80, 0x7F, 0x80, 
	0x80, 0x80, 0x80, 0x80, 0x80, 0x81, 0x80, 0x7F, 0x80, 0x80, 0x80, 0x80, 0x7F, 0x80, 0x80, 0x7F, 
	0x7F, 0x80, 0x80, 0x80, 0x80, 0x81, 0x80, 0x80, 0x80, 0x80, 0x81, 0x80, 0x80, 0x80, 0x7F, 0x80, 
	0x7F, 0x7F, 0x80, 0x80, 0x80, 0x80, 0x80, 0x80, 0x80, 0x80, 0x80, 0x80, 0x80, 0x7F, 0x81, 0x80, 
	0x80, 0x81, 0x7F, 0x80, 0x7F, 0x80, 0x80, 0x80, 0x80, 0x80, 0x80, 0x80, 0x80, 0x80, 0x80, 0x80, 
	0x80, 0x80, 0x80, 0x7F, 0x80, 0x80, 0x7F, 0x81, 0x7F, 0x80, 0x80, 0x80, 0x80, 0x80, 0x80, 0x80, 
	0x80, 0x80, 0x80, 0x7F, 0x80, 0x80, 0x80, 0x80, 0x80, 0x81, 0x80, 0x7F, 0x80, 0x80, 0x80, 0x7F, 
	0x80, 0x80, 0x81, 0x80, 0x80, 0x80, 0x80, 0x81, 0x80, 0x80, 0x80, 0x81, 0x81, 0x81, 0x7F, 0x80, 
	0x81, 0x80, 0x80, 0x7F, 0x80, 0x80, 0x81, 0x80, 0x80, 0x7F, 0x80, 0x80, 0x80, 0x80, 0x80, 0x7F, 
	0x80, 0x80, 0x80, 0x7F, 0x80, 0x80, 0x80, 0x80, 0x80, 0x80, 0x80, 0x7F, 0x80, 0x80, 0x80, 0x7F, 
	0x80, 0x80, 0x80, 0x80, 0x81, 0x7F, 0x80, 0x80, 0x7F, 0x80, 0x80, 0x80, 0x7F, 0x80, 0x81, 0x80, 
	0x81, 0x80, 0x80, 0x80, 0x80, 0x7F, 0x80, 0x80, 0x81, 0x7F, 0x80, 0x7F, 0x80, 0x80, 0x80, 0x80, 
	0x80, 0x80, 0x80, 0x80, 0x80, 0x80, 0x81, 0x80, 0x80, 0x80, 0x80, 0x80, 0x80, 0x80, 0x7F, 0x80, 
	0x80, 0x80, 0x80, 0x80, 0x80, 0x80, 0x80, 0x80, 0x80, 0x80, 0x80, 0x80, 0x80, 0x7F, 0x81, 0x80, 
	0x80, 0x80, 0x7F, 0x81, 0x80, 0x81, 0x80, 0x7F, 0x81, 0x7F, 0x80, 0x80, 0x7F, 0x80, 0x80, 0x80, 
	0x81, 0x7F, 0x81, 0x80, 0x7F, 0x81, 0x80, 0x80, 0x80, 0x7F, 0x81, 0x7F, 0x80, 0x80, 0x7F, 0x81, 
	0x80, 0x80, 0x82, 0x7E, 0x81, 0x7F, 0x7F, 0x80, 0x7F, 0x81, 0x80, 0x7F, 0x81, 0x7E, 0x81, 0x81, 
	0x7F, 0x82, 0x7F, 0x80, 0x81, 0x7F, 0x81, 0x80, 0x80, 0x82, 0x7E, 0x81, 0x80, 0x7E, 0x82, 0x7E, 
	0x81, 0x81, 0x7E, 0x82, 0x7E, 0x80, 0x81, 0x7E, 0x82, 0x7E, 0x7E, 0x82, 0x7F, 0x81, 0x7F, 0x7E, 
	0x83, 0x7E, 0x81, 0x81, 0x7F, 0x83, 0x7F, 0x80, 0x81, 0x7E, 0x83, 0x7F, 0x7F, 0x83, 0x7D, 0x82, 
	0x80, 0x7E, 0x82, 0x7D, 0x81, 0x80, 0x7E, 0x83, 0x7E, 0x80, 0x82, 0x7E, 0x83, 0x7E, 0x7F, 0x82, 
	0x7D, 0x82, 0x80, 0x7E, 0x83, 0x7E, 0x81, 0x81, 0x7D, 0x84, 0x7E, 0x80, 0x81, 0x7D, 0x83, 0x7F, 
	0x7F, 0x83, 0x7D, 0x82, 0x80, 0x7E, 0x84, 0x7E, 0x81, 0x81, 0x7D, 0x83, 0x7E, 0x81, 0x81, 0x7D, 
	0x83, 0x7F, 0x80, 0x82, 0x7D, 0x82, 0x80, 0x7F, 0x83, 0x7E, 0x81, 0x80, 0x7E, 0x83, 0x7E, 0x80, 
	0x81, 0x7D, 0x83, 0x7F, 0x7F, 0x82, 0x7D, 0x82, 0x7F, 0x7E, 0x82, 0x7E, 0x81, 0x80, 0x7E, 0x82, 
	0x7E, 0x80, 0x81, 0x7E, 0x82, 0x7E, 0x80, 0x82, 0x7D, 0x82, 0x7F, 0x7E, 0x82, 0x7E, 0x81, 0x80, 
	0x7F, 0x82, 0x7E, 0x80, 0x81, 0x7F, 0x81, 0x7F, 0x7F, 0x81, 0x7E, 0x81, 0x7F, 0x7F, 0x82, 0x7F, 
	0x80, 0x81, 0x7E, 0x81, 0x7F, 0x80, 0x81, 0x7F, 0x81, 0x7F, 0x80, 0x81, 0x7F, 0x80, 0x7F, 0x7F, 
	0x81, 0x7F, 0x81, 0x80, 0x80, 0x81, 0x80, 0x80, 0x80, 0x7F, 0x80, 0x80, 0x80, 0x80, 0x80, 0x81, 
	0x80, 0x80, 0x81, 0x80, 0x81, 0x7F, 0x80, 0x80, 0x80, 0x80, 0x80, 0x80, 0x80, 0x80, 0x80, 0x80, 
	0x80, 0x81, 0x80, 0x81, 0x80, 0x80, 0x80, 0x7F, 0x80, 0x80, 0x80, 0x81, 0x80, 0x80, 0x80, 0x80, 
	0x80, 0x80, 0x80, 0x80, 0x7F, 0x80, 0x7F, 0x80, 0x7F, 0x80, 0x80, 0x80, 0x80, 0x81, 0x80, 0x81, 
	0x7F, 0x80, 0x80, 0x7F, 0x81, 0x80, 0x80, 0x81, 0x80, 0x80, 0x80, 0x7F, 0x80, 0x80, 0x80, 0x80, 
	0x80, 0x80, 0x80, 0x81, 0x80, 0x80, 0x81, 0x80, 0x80, 0x80, 0x7F, 0x81, 0x80, 0x80, 0x80, 0x7F, 
	0x80, 0x81, 0x7F, 0x81, 0x80, 0x81, 0x80, 0x80, 0x81, 0x80, 0x80, 0x80, 0x7F, 0x80, 0x7F, 0x80, 
	0x7F, 0x7F, 0x80, 0x80, 0x80, 0x81, 0x80, 0x80, 0x7F, 0x80, 0x80, 0x7F, 0x80, 0x80, 0x80, 0x80, 
	0x7F, 0x80, 0x80, 0x7F, 0x80, 0x7F, 0x80, 0x80, 0x7F, 0x81, 0x80, 0x80, 0x80, 0x80, 0x80, 0x80, 
	0x80, 0x7F, 0x80, 0x80, 0x80, 0x80, 0x80, 0x80, 0x80, 0x80, 0x7F, 0x81, 0x7F, 0x7F, 0x80, 0x7F, 
	0x80, 0x81, 0x7F, 0x80, 0x80, 0x80, 0x80, 0x80, 0x80, 0x80, 0x7F, 0x80, 0x80, 0x80, 0x7F, 0x81, 
	0x80, 0x80, 0x80, 0x80, 0x81, 0x81, 0x80, 0x80, 0x81, 0x80, 0x80, 0x80, 0x7F, 0x81, 0x80, 0x7F, 
	0x80, 0x80, 0x7F, 0x80, 0x80, 0x7F, 0x80, 0x81, 0x7F, 0x81, 0x80, 0x7F, 0x81, 0x80, 0x7F, 0x81, 
	0x80, 0x80, 0x81, 0x80, 0x80, 0x80, 0x7F, 0x7F, 0x82, 0x80, 0x80, 0x80, 0x7F, 0x80, 0x80, 0x80, 
	0x80, 0x81, 0x7E, 0x80, 0x80, 0x80, 0x81, 0x81, 0x7F, 0x81, 0x80, 0x7F, 0x82, 0x7F, 0x7F, 0x81, 
	0x80, 0x80, 0x7F, 0x7F, 0x80, 0x80, 0x7F, 0x81, 0x81, 0x7F, 0x80, 0x80, 0x7F, 0x81, 0x80, 0x7F, 
	0x81, 0x80, 0x7F, 0x81, 0x7F, 0x7F, 0x81, 0x7F, 0x80, 0x80, 0x7F, 0x80, 0x81, 0x80, 0x81, 0x81, 
	0x7F, 0x80, 0x81, 0x7E, 0x80, 0x81, 0x7F, 0x81, 0x80, 0x7F, 0x82, 0x7F, 0x7F, 0x81, 0x7E, 0x80, 
	0x81, 0x7F, 0x7F, 0x81, 0x7F, 0x80, 0x80, 0x7F, 0x80, 0x81, 0x7E, 0x80, 0x81, 0x7F, 0x82, 0x81, 
	0x7F, 0x81, 0x80, 0x7F, 0x81, 0x80, 0x7F, 0x81, 0x7F, 0x7F, 0x81, 0x7F, 0x80, 0x81, 0x7F, 0x80, 
	0x81, 0x7F, 0x80, 0x81, 0x7E, 0x80, 0x81, 0x7F, 0x80, 0x80, 0x7F, 0x81, 0x80, 0x7F, 0x80, 0x80, 
	0x7F, 0x81, 0x7F, 0x7F, 0x81, 0x7F, 0x7F, 0x81, 0x7F, 0x80, 0x81, 0x7F, 0x80, 0x81, 0x7F, 0x80, 
	0x81, 0x7F, 0x81, 0x81, 0x7F, 0x81, 0x80, 0x7F, 0x81, 0x7F, 0x7F, 0x81, 0x7F, 0x7E, 0x81, 0x7F, 
	0x80, 0x81, 0x7F, 0x7F, 0x81, 0x7F, 0x81, 0x81, 0x80, 0x80, 0x80, 0x7E, 0x81, 0x81, 0x7F, 0x81, 
	0x80, 0x7F, 0x82, 0x80, 0x7F, 0x81, 0x7F, 0x80, 0x80, 0x7F, 0x80, 0x80, 0x7F, 0x80, 0x80, 0x7F, 
	0x80, 0x80, 0x7F, 0x80, 0x81, 0x7F, 0x81, 0x80, 0x7E, 0x80, 0x80, 0x7F, 0x82, 0x80, 0x7F, 0x81, 
	0x80, 0x80, 0x81, 0x7F, 0x81, 0x80, 0x80, 0x80, 0x80, 0x80, 0x80, 0x81, 0x7F, 0x80, 0x81, 0x7F, 
	0x81, 0x80, 0x7F, 0x81, 0x80, 0x80, 0x81, 0x7F, 0x80, 0x80, 0x80, 0x80, 0x80, 0x81, 0x80, 0x81, 
	0x80, 0x7F, 0x81, 0x7F, 0x7F, 0x81, 0x7F, 0x80, 0x81, 0x7F, 0x81, 0x7F, 0x80, 0x80, 0x7F, 0x80, 
	0x81, 0x80, 0x7F, 0x80, 0x80, 0x80, 0x80, 0x81, 0x7F, 0x81, 0x7F, 0x7F, 0x81, 0x7F, 0x80, 0x81, 
	0x7E, 0x80, 0x80, 0x80, 0x81, 0x80, 0x80, 0x81, 0x7F, 0x80, 0x81, 0x80, 0x80, 0x80, 0x80, 0x80, 
	0x81, 0x80, 0x7F, 0x81, 0x80, 0x80, 0x81, 0x7F, 0x80, 0x80, 0x7F, 0x81, 0x81, 0x80, 0x80, 0x80, 
	0x7F, 0x81, 0x80, 0x7F, 0x81, 0x80, 0x7F, 0x80, 0x80, 0x7F, 0x80, 0x7F, 0x80, 0x80, 0x80, 0x80, 
	0x80, 0x80, 0x81, 0x80, 0x7F, 0x80, 0x81, 0x80, 0x80, 0x80, 0x7F, 0x80, 0x80, 0x80, 0x80, 0x81, 
	0x80, 0x81, 0x80, 0x7F, 0x81, 0x7F, 0x7F, 0x81, 0x80, 0x7F, 0x80, 0x80, 0x7F, 0x80, 0x7F, 0x80, 
	0x80, 0x7F, 0x80, 0x81, 0x7F, 0x80, 0x80, 0x7F, 0x80, 0x80, 0x80, 0x80, 0x80, 0x7F, 0x80, 0x80, 
	0x7F, 0x81, 0x81, 0x81, 0x81, 0x80, 0x7F, 0x80, 0x80, 0x80, 0x81, 0x80, 0x80, 0x81, 0x80, 0x7F, 
	0x81, 0x7F, 0x80, 0x81, 0x7F, 0x81, 0x81, 0x7F, 0x80, 0x80, 0x80, 0x81, 0x80, 0x80, 0x81, 0x7F, 
	0x7F, 0x81, 0x80, 0x80, 0x80, 0x7F, 0x80, 0x81, 0x7F, 0x81, 0x80, 0x7F, 0x80, 0x80, 0x7F, 0x81, 
	0x80, 0x80, 0x80, 0x7F, 0x80, 0x81, 0x81, 0x80, 0x7F, 0x7F, 0x80, 0x80, 0x80, 0x80, 0x80, 0x80, 
	0x80, 0x80, 0x80, 0x81, 0x80, 0x80, 0x7F, 0x80, 0x80, 0x80, 0x81, 0x80, 0x7F, 0x81, 0x80, 0x80, 
	0x81, 0x80, 0x80, 0x80, 0x7E, 0x80, 0x80, 0x7F, 0x81, 0x80, 0x7F, 0x81, 0x7F, 0x7F, 0x82, 0x7E, 
	0x7F, 0x80, 0x80, 0x80, 0x81, 0x7F, 0x81, 0x80, 0x7F, 0x81, 0x7F, 0x7F, 0x80, 0x80, 0x7F, 0x80, 
	0x80, 0x80, 0x80, 0x80, 0x80, 0x80, 0x80, 0x80, 0x80, 0x7F, 0x80, 0x7F, 0x80, 0x80, 0x80, 0x80, 
	0x81, 0x81, 0x7F, 0x7F, 0x80, 0x80, 0x80, 0x81, 0x7F, 0x7F, 0x80, 0x7F, 0x80, 0x81, 0x80, 0x80, 
	0x80, 0x7F, 0x7F, 0x80, 0x7F, 0x80, 0x81, 0x7F, 0x80, 0x80, 0x7F, 0x81, 0x80, 0x7F, 0x81, 0x80, 
	0x7F, 0x81, 0x80, 0x80, 0x81, 0x80, 0x7F, 0x81, 0x7F, 0x80, 0x80, 0x7F, 0x80, 0x81, 0x7F, 0x81, 
	0x81, 0x7F, 0x81, 0x80, 0x7F, 0x81, 0x80, 0x7E, 0x82, 0x7F, 0x7E, 0x81, 0x7F, 0x7F, 0x82, 0x7F, 
	0x81, 0x81, 0x7F, 0x80, 0x80, 0x7E, 0x80, 0x81, 0x7F, 0x81, 0x80, 0x7F, 0x80, 0x80, 0x7F, 0x81, 
	0x80, 0x80, 0x81, 0x7F, 0x7F, 0x81, 0x80, 0x80, 0x82, 0x80, 0x80, 0x80, 0x7F, 0x80, 0x81, 0x7F, 
	0x80, 0x81, 0x80, 0x80, 0x82, 0x80, 0x80, 0x81, 0x7F, 0x80, 0x81, 0x7E, 0x81, 0x80, 0x7F, 0x81, 
	0x80, 0x7F, 0x81, 0x80, 0x7F, 0x81, 0x7F, 0x7E, 0x80, 0x80, 0x7F, 0x81, 0x7F, 0x80, 0x81, 0x7F, 
	0x81, 0x81, 0x7F, 0x80, 0x81, 0x7E, 0x81, 0x80, 0x7F, 0x81, 0x80, 0x7E, 0x82, 0x7F, 0x80, 0x81, 
	0x7F, 0x7F, 0x81, 0x7F, 0x7F, 0x82, 0x7E, 0x81, 0x82, 0x7E, 0x80, 0x81, 0x7E, 0x80, 0x81, 0x7E, 
	0x81, 0x80, 0x7F, 0x81, 0x7F, 0x7E, 0x81, 0x80, 0x7F, 0x82, 0x80, 0x7E, 0x82, 0x7F, 0x80, 0x81, 
	0x7F, 0x7F, 0x82, 0x7F, 0x81, 0x81, 0x7F, 0x80, 0x81, 0x7F, 0x81, 0x80, 0x7E, 0x80, 0x80, 0x7F, 
	0x82, 0x80, 0x7F, 0x81, 0x80, 0x7F, 0x82, 0x80, 0x7F, 0x82, 0x7E, 0x80, 0x81, 0x7F, 0x80, 0x81, 
	0x7E, 0x81, 0x81, 0x7F, 0x81, 0x81, 0x7F, 0x81, 0x81, 0x7D, 0x82, 0x80, 0x7F, 0x82, 0x80, 0x7F, 
	0x82, 0x7F, 0x80, 0x82, 0x7F, 0x80, 0x81, 0x7F, 0x80, 0x82, 0x7E, 0x81, 0x81, 0x7E, 0x81, 0x81, 
	0x7F, 0x82, 0x7F, 0x7F, 0x82, 0x80, 0x7F, 0x82, 0x7E, 0x7F, 0x82, 0x7F, 0x80, 0x81, 0x7E, 0x80, 
	0x80, 0x7F, 0x80, 0x80, 0x7F, 0x81, 0x80, 0x7F, 0x81, 0x80, 0x7F, 0x80, 0x80, 0x80, 0x81, 0x7F, 
	0x80, 0x81, 0x80, 0x80, 0x81, 0x7F, 0x81, 0x80, 0x80, 0x80, 0x80, 0x80, 0x7F, 0x80, 0x81, 0x7F, 
	0x80, 0x80, 0x7F, 0x80, 0x80, 0x80, 0x80, 0x80, 0x80, 0x80, 0x81, 0x7F, 0x81, 0x80, 0x80, 0x81, 
	0x7F, 0x80, 0x81, 0x80, 0x80, 0x81, 0x7F, 0x81, 0x80, 0x7E, 0x81, 0x7F, 0x80, 0x81, 0x7F, 0x80, 
	0x81, 0x7F, 0x80, 0x81, 0x7F, 0x80, 0x7F, 0x80, 0x81, 0x80, 0x7F, 0x81, 0x80, 0x7F, 0x81, 0x7E, 
	0x81, 0x81, 0x7F, 0x80, 0x80, 0x80, 0x81, 0x80, 0x80, 0x81, 0x7F, 0x7F, 0x81, 0x7F, 0x81, 0x80, 
	0x7F, 0x81, 0x7F, 0x7F, 0x81, 0x7F, 0x80, 0x81, 0x7F, 0x81, 0x80, 0x7F, 0x82, 0x80, 0x80, 0x81, 
	0x7F, 0x80, 0x81, 0x7F, 0x81, 0x81, 0x7E, 0x81, 0x81, 0x7F, 0x82, 0x80, 0x7F, 0x82, 0x7F, 0x80, 
	0x82, 0x7D, 0x81, 0x81, 0x7E, 0x82, 0x80, 0x7F, 0x82, 0x7F, 0x7F, 0x82, 0x7F, 0x80, 0x82, 0x7D, 
	0x81, 0x81, 0x7E, 0x81, 0x81, 0x7F, 0x83, 0x7F, 0x80, 0x82, 0x7E, 0x81, 0x81, 0x7E, 0x82, 0x80, 
	0x7F, 0x82, 0x7E, 0x7F, 0x81, 0x7F, 0x81, 0x80, 0x7E, 0x81, 0x7F, 0x7F, 0x82, 0x7E, 0x80, 0x80, 
	0x7E, 0x81, 0x80, 0x7E, 0x82, 0x7F, 0x7F, 0x83, 0x7E, 0x80, 0x82, 0x7D, 0x81, 0x80, 0x7E, 0x82, 
	0x80, 0x7F, 0x83, 0x7E, 0x80, 0x81, 0x7D, 0x82, 0x81, 0x7E, 0x82, 0x80, 0x7F, 0x83, 0x7E, 0x81, 
	0x81, 0x7E, 0x81, 0x81, 0x7F, 0x82, 0x80, 0x7F, 0x82, 0x7F, 0x80, 0x82, 0x7E, 0x81, 0x80, 0x7F, 
	0x81, 0x7F, 0x7F, 0x81, 0x7E, 0x80, 0x81, 0x7E, 0x82, 0x80, 0x7F, 0x82, 0x7E, 0x7F, 0x82, 0x7D, 
	0x81, 0x81, 0x7E, 0x83, 0x7F, 0x7F, 0x82, 0x7E, 0x80, 0x82, 0x7D, 0x81, 0x82, 0x7E, 0x82, 0x7F, 
	0x7E, 0x83, 0x7F, 0x7F, 0x82, 0x7D, 0x81, 0x81, 0x7E, 0x82, 0x80, 0x7E, 0x83, 0x7E, 0x7F, 0x83, 
	0x7E, 0x82, 0x81, 0x7E, 0x82, 0x80, 0x7E, 0x82, 0x7F, 0x80, 0x82, 0x7D, 0x81, 0x82, 0x7E, 0x82, 
	0x7F, 0x7E, 0x82, 0x7E, 0x7F, 0x82, 0x7D, 0x81, 0x82, 0x7D, 0x82, 0x7F, 0x7E, 0x84, 0x7E, 0x7F, 
	0x83, 0x7D, 0x81, 0x81, 0x7D, 0x81, 0x81, 0x7E, 0x83, 0x7E, 0x7F, 0x82, 0x7D, 0x81, 0x82, 0x7C, 
	0x83, 0x7F, 0x7E, 0x83, 0x7E, 0x7F, 0x82, 0x7E, 0x81, 0x81, 0x7D, 0x81, 0x80, 0x7E, 0x83, 0x7F, 
	0x7F, 0x83, 0x7E, 0x81, 0x81, 0x7D, 0x81, 0x80, 0x7E, 0x82, 0x7F, 0x7F, 0x83, 0x7E, 0x80, 0x81, 
	0x7E, 0x82, 0x81, 0x7E, 0x82, 0x7F, 0x80, 0x82, 0x7D, 0x81, 0x81, 0x7E, 0x82, 0x80, 0x7F, 0x82, 
	0x7F, 0x80, 0x81, 0x7E, 0x81, 0x7F, 0x7E, 0x83, 0x7F, 0x80, 0x82, 0x7E, 0x80, 0x82, 0x7E, 0x82, 
	0x80, 0x7E, 0x82, 0x7F, 0x80, 0x83, 0x7E, 0x81, 0x81, 0x7D, 0x82, 0x80, 0x7E, 0x83, 0x7F, 0x7F, 
	0x83, 0x7D, 0x82, 0x81, 0x7C, 0x83, 0x7F, 0x7E, 0x83, 0x7E, 0x80, 0x82, 0x7C, 0x82, 0x81, 0x7D, 
	0x83, 0x7F, 0x7E, 0x83, 0x7E, 0x80, 0x81, 0x7D, 0x82, 0x80, 0x7E, 0x83, 0x7E, 0x7E, 0x83, 0x7D, 
	0x81, 0x82, 0x7C, 0x82, 0x80, 0x7D, 0x83, 0x7E, 0x7E, 0x83, 0x7C, 0x81, 0x82, 0x7C, 0x83, 0x80, 
	0x7D, 0x84, 0x7E, 0x7E, 0x84, 0x7D, 0x81, 0x82, 0x7D, 0x83, 0x81, 0x7E, 0x84, 0x7E, 0x7F, 0x84, 
	0x7D, 0x80, 0x82, 0x7D, 0x82, 0x81, 0x7E, 0x83, 0x7F, 0x80, 0x83, 0x7D, 0x81, 0x82, 0x7D, 0x83, 
	0x7F, 0x7F, 0x82, 0x7E, 0x80, 0x82, 0x7E, 0x82, 0x81, 0x7E, 0x82, 0x7F, 0x80, 0x82, 0x7E, 0x81, 
	0x81, 0x7E, 0x81, 0x7F, 0x7F, 0x82, 0x7E, 0x80, 0x81, 0x7D, 0x82, 0x80, 0x7E, 0x82, 0x7F, 0x7F, 
	0x82, 0x7E, 0x81, 0x81, 0x7E, 0x82, 0x80, 0x7E, 0x82, 0x7E, 0x80, 0x82, 0x7E, 0x81, 0x82, 0x7D, 
	0x82, 0x7F, 0x7D, 0x83, 0x7E, 0x7F, 0x82, 0x7E, 0x82, 0x81, 0x7D, 0x83, 0x7F, 0x7E, 0x83, 0x7E, 
	0x80, 0x83, 0x7D, 0x81, 0x81, 0x7D, 0x83, 0x80, 0x7E, 0x83, 0x7E, 0x7F, 0x83, 0x7C, 0x82, 0x81, 
	0x7D, 0x83, 0x7F, 0x7F, 0x83, 0x7D, 0x80, 0x83, 0x7D, 0x82, 0x81, 0x7D, 0x83, 0x7F, 0x7F, 0x83, 
	0x7E, 0x81, 0x82, 0x7E, 0x82, 0x81, 0x7E, 0x82, 0x80, 0x7F, 0x82, 0x7F, 0x81, 0x81, 0x7E, 0x81, 
	0x7F, 0x7F, 0x82, 0x7E, 0x80, 0x81, 0x7F, 0x80, 0x81, 0x7F, 0x81, 0x80, 0x7F, 0x81, 0x7F, 0x7F, 
	0x80, 0x7F, 0x81, 0x81, 0x80, 0x81, 0x80, 0x7F, 0x81, 0x7F, 0x81, 0x7F, 0x80, 0x80, 0x7F, 0x80, 
	0x80, 0x7F, 0x82, 0x80, 0x80, 0x81, 0x7F, 0x80, 0x81, 0x7F, 0x81, 0x7F, 0x7F, 0x81, 0x80, 0x80, 
	0x81, 0x7F, 0x80, 0x80, 0x80, 0x80, 0x80, 0x7F, 0x80, 0x80, 0x80, 0x80, 0x81, 0x80, 0x80, 0x80, 
	0x80, 0x81, 0x7F, 0x80, 0x80, 0x7F, 0x81, 0x80, 0x7F, 0x81, 0x7F, 0x80, 0x81, 0x7F, 0x81, 0x80, 
	0x7F, 0x81, 0x7F, 0x81, 0x81, 0x7E, 0x81, 0x80, 0x7F, 0x81, 0x7F, 0x80, 0x81, 0x7E, 0x81, 0x80, 
	0x7E, 0x81, 0x7F, 0x80, 0x81, 0x7F, 0x81, 0x81, 0x7F, 0x81, 0x80, 0x7F, 0x80, 0x80, 0x81, 0x7F, 
	0x80, 0x81, 0x7E, 0x82, 0x7F, 0x7F, 0x81, 0x7D, 0x81, 0x80, 0x7D, 0x83, 0x7E, 0x7E, 0x84, 0x7C, 
	0x81, 0x82, 0x7C, 0x84, 0x7F, 0x7E, 0x85, 0x7C, 0x82, 0x82, 0x7C, 0x84, 0x7F, 0x7E, 0x84, 0x7C, 
	0x82, 0x82, 0x7D, 0x84, 0x7F, 0x7E, 0x84, 0x7C, 0x82, 0x82, 0x7C, 0x83, 0x7F, 0x7E, 0x83, 0x7C, 
	0x81, 0x82, 0x7C, 0x82, 0x7F, 0x7E, 0x84, 0x7E, 0x80, 0x82, 0x7D, 0x82, 0x80, 0x7D, 0x83, 0x7F, 
	0x7F, 0x83, 0x7D, 0x81, 0x81, 0x7E, 0x83, 0x80, 0x7F, 0x82, 0x7E, 0x81, 0x81, 0x7E, 0x81, 0x80, 
	0x7F, 0x81, 0x7F, 0x80, 0x80, 0x7F, 0x81, 0x7F, 0x7F, 0x80, 0x80, 0x80, 0x80, 0x7F, 0x80, 0x81, 
	0x7F, 0x7F, 0x81, 0x7F, 0x81, 0x81, 0x7F, 0x81, 0x80, 0x80, 0x81, 0x7E, 0x80, 0x81, 0x7F, 0x81, 
	0x80, 0x7F, 0x80, 0x80, 0x80, 0x81, 0x80, 0x81, 0x80, 0x80, 0x81, 0x80, 0x80, 0x80, 0x7F, 0x81, 
	0x7E, 0x81, 0x80, 0x7F, 0x81, 0x80, 0x7F, 0x81, 0x7F, 0x81, 0x7F, 0x7F, 0x81, 0x80, 0x80, 0x80, 
	0x7F, 0x80, 0x7F, 0x80, 0x80, 0x81, 0x80, 0x7F, 0x80, 0x7F, 0x80, 0x81, 0x7F, 0x80, 0x81, 0x7F, 
	0x80, 0x80, 0x80, 0x81, 0x80, 0x80, 0x80, 0x7F, 0x80, 0x81, 0x80, 0x80, 0x80, 0x80, 0x81, 0x7F, 
	0x80, 0x80, 0x7F, 0x80, 0x80, 0x80, 0x81, 0x7F, 0x80, 0x81, 0x7F, 0x82, 0x80, 0x7F, 0x82, 0x7F, 
	0x80, 0x82, 0x7E, 0x81, 0x81, 0x7E, 0x81, 0x7F, 0x7F, 0x82, 0x7F, 0x80, 0x81, 0x7E, 0x81, 0x81, 
	0x7E, 0x82, 0x7F, 0x7F, 0x81, 0x7F, 0x80, 0x81, 0x7F, 0x80, 0x80, 0x7F, 0x81, 0x7F, 0x7F, 0x81, 
	0x80, 0x80, 0x81, 0x7F, 0x81, 0x80, 0x7F, 0x82, 0x80, 0x7F, 0x81, 0x7E, 0x80, 0x81, 0x7F, 0x81, 
	0x80, 0x7E, 0x82, 0x7F, 0x7F, 0x81, 0x7E, 0x81, 0x81, 0x7E, 0x81, 0x80, 0x7F, 0x82, 0x7F, 0x7F, 
	0x81, 0x7F, 0x80, 0x81, 0x7E, 0x81, 0x7F, 0x7F, 0x81, 0x7F, 0x80, 0x81, 0x7F, 0x81, 0x80, 0x7F, 
	0x82, 0x80, 0x7F, 0x81, 0x7D, 0x80, 0x82, 0x7F, 0x81, 0x7F, 0x7F, 0x82, 0x7F, 0x80, 0x81, 0x7E, 
	0x82, 0x80, 0x7F, 0x81, 0x7F, 0x80, 0x81, 0x7F, 0x80, 0x81, 0x7F, 0x81, 0x7F, 0x7F, 0x82, 0x80, 
	0x80, 0x81, 0x7F, 0x80, 0x81, 0x7F, 0x80, 0x80, 0x7F, 0x81, 0x80, 0x7E, 0x81, 0x7F, 0x80, 0x81, 
	0x7F, 0x80, 0x81, 0x7F, 0x81, 0x80, 0x7F, 0x81, 0x7F, 0x80, 0x81, 0x7E, 0x81, 0x81, 0x7E, 0x81, 
	0x80, 0x7F, 0x81, 0x7F, 0x7F, 0x81, 0x7F, 0x80, 0x81, 0x7E, 0x81, 0x80, 0x7F, 0x81, 0x7F, 0x80, 
	0x82, 0x7E, 0x80, 0x80, 0x7E, 0x81, 0x80, 0x7F, 0x82, 0x7F, 0x7F, 0x82, 0x7D, 0x80, 0x81, 0x7E, 
	0x81, 0x80, 0x7F, 0x82, 0x7F, 0x7F, 0x82, 0x7D, 0x81, 0x81, 0x7E, 0x81, 0x80, 0x7E, 0x82, 0x7F, 
	0x81, 0x82, 0x7E, 0x80, 0x81, 0x7D, 0x81, 0x81, 0x7E, 0x83, 0x7E, 0x7F, 0x83, 0x7B, 0x83, 0x81, 
	0x7C, 0x85, 0x7D, 0x7F, 0x86, 0x7A, 0x83, 0x81, 0x7A, 0x87, 0x7C, 0x7F, 0x85, 0x78, 0x84, 0x81, 
	0x7A, 0x87, 0x7B, 0x81, 0x84, 0x79, 0x85, 0x7F, 0x7E, 0x84, 0x7C, 0x82, 0x81, 0x7D, 0x84, 0x7F, 
	0x81, 0x82, 0x7D, 0x82, 0x7F, 0x80, 0x82, 0x7E, 0x82, 0x7F, 0x7F, 0x82, 0x7D, 0x82, 0x80, 0x7E, 
	0x83, 0x7C, 0x81, 0x80, 0x7C, 0x84, 0x7E, 0x7F, 0x83, 0x7B, 0x82, 0x81, 0x7D, 0x84, 0x7D, 0x7F, 
	0x83, 0x7C, 0x82, 0x81, 0x7E, 0x82, 0x7F, 0x7F, 0x83, 0x7E, 0x80, 0x81, 0x7F, 0x81, 0x81, 0x7E, 
	0x81, 0x80, 0x7F, 0x81, 0x80, 0x7F, 0x81, 0x7F, 0x80, 0x81, 0x7F, 0x81, 0x80, 0x7F, 0x81, 0x7F, 
	0x80, 0x81, 0x7E, 0x81, 0x80, 0x7E, 0x80, 0x80, 0x80, 0x81, 0x7F, 0x80, 0x81, 0x7E, 0x81, 0x80, 
	0x7F, 0x81, 0x80, 0x7F, 0x82, 0x7F, 0x7F, 0x81, 0x7E, 0x81, 0x80, 0x7F, 0x82, 0x7F, 0x7F, 0x81, 
	0x7F, 0x81, 0x81, 0x7E, 0x81, 0x80, 0x7F, 0x82, 0x7F, 0x80, 0x81, 0x7F, 0x81, 0x80, 0x7F, 0x81, 
	0x80, 0x80, 0x80, 0x7F, 0x80, 0x81, 0x80, 0x81, 0x7F, 0x7F, 0x81, 0x7F, 0x80, 0x80, 0x7F, 0x81, 
	0x81, 0x7E, 0x80, 0x7F, 0x80, 0x80, 0x80, 0x80, 0x81, 0x7F, 0x80, 0x80, 0x7F, 0x81, 0x80, 0x80, 
	0x81, 0x7F, 0x80, 0x81, 0x80, 0x80, 0x81, 0x7F, 0x81, 0x81, 0x80, 0x81, 0x80, 0x80, 0x81, 0x7F, 
	0x80, 0x80, 0x7F, 0x81, 0x7F, 0x7F, 0x81, 0x7F, 0x80, 0x81, 0x7E, 0x81, 0x80, 0x7F, 0x81, 0x7E, 
	0x80, 0x81, 0x7F, 0x80, 0x80, 0x80, 0x81, 0x7F, 0x81, 0x80, 0x7F, 0x81, 0x80, 0x80, 0x81, 0x7F, 
	0x81, 0x80, 0x80, 0x80, 0x81, 0x80, 0x81, 0x80, 0x80, 0x80, 0x80, 0x80, 0x80, 0x80, 0x80, 0x80, 
	0x80, 0x80, 0x80, 0x7F, 0x80, 0x80, 0x80, 0x80, 0x80, 0x81, 0x81, 0x80, 0x80, 0x80, 0x80, 0x80, 
	0x7F, 0x80, 0x80, 0x7F, 0x7F, 0x7F, 0x80, 0x80, 0x80, 0x81, 0x7F, 0x80, 0x80, 0x80, 0x80, 0x80, 
	0x80, 0x7F, 0x80, 0x81, 0x7F, 0x80, 0x80, 0x7F, 0x80, 0x7F, 0x80, 0x81, 0x7F, 0x80, 0x80, 0x7F, 
	0x81, 0x80, 0x80, 0x80, 0x7F, 0x80, 0x81, 0x80, 0x80, 0x80, 0x80, 0x80, 0x7F, 0x7F, 0x81, 0x7F, 
	0x7F, 0x80, 0x7F, 0x80, 0x81, 0x7F, 0x81, 0x80, 0x7F, 0x81, 0x7F, 0x7F, 0x81, 0x7E, 0x82, 0x7F, 
	0x7F, 0x81, 0x7F, 0x7F, 0x80, 0x7F, 0x81, 0x80, 0x7F, 0x81, 0x7F, 0x80, 0x81, 0x7F, 0x80, 0x80, 
	0x7F, 0x81, 0x80, 0x80, 0x80, 0x7F, 0x80, 0x80, 0x80, 0x80, 0x81, 0x7E, 0x81, 0x7F, 0x80, 0x80, 
	0x7F, 0x81, 0x80, 0x7F, 0x80, 0x7F, 0x80, 0x81, 0x7F, 0x81, 0x80, 0x7F, 0x80, 0x80, 0x81, 0x80, 
	0x80, 0x7F, 0x81, 0x80, 0x7F, 0x80, 0x80, 0x7F, 0x81, 0x7F, 0x81, 0x80, 0x80, 0x81, 0x7F, 0x80, 
	0x80, 0x7F, 0x82, 0x7F, 0x7F, 0x80, 0x7F, 0x81, 0x7F, 0x80, 0x80, 0x80, 0x80, 0x80, 0x81, 0x7F, 
	0x81, 0x80, 0x80, 0x81, 0x7E, 0x81, 0x7F, 0x80, 0x81, 0x7E, 0x82, 0x7F, 0x81, 0x7F, 0x80, 0x80, 
	0x80, 0x81, 0x7F, 0x82, 0x7E, 0x82, 0x7F, 0x80, 0x80, 0x7E, 0x83, 0x7C, 0x83, 0x7B, 0x84, 0x7D, 
	0x80, 0x83, 0x7B, 0x86, 0x7A, 0x84, 0x7D, 0x80, 0x82, 0x7C, 0x86, 0x78, 0x88, 0x78, 0x86, 0x7C, 
	0x80, 0x82, 0x7B, 0x85, 0x7A, 0x86, 0x7A, 0x85, 0x7B, 0x84, 0x7C, 0x82, 0x80, 0x80, 0x80, 0x7F, 
	0x81, 0x7E, 0x82, 0x7E, 0x81, 0x80, 0x80, 0x81, 0x7F, 0x82, 0x7E, 0x82, 0x7F, 0x80, 0x82, 0x7C, 
	0x84, 0x7A, 0x84, 0x7F, 0x7E, 0x84, 0x79, 0x87, 0x7B, 0x83, 0x7F, 0x7E, 0x84, 0x7B, 0x85, 0x79, 
	0x88, 0x77, 0x88, 0x7A, 0x83, 0x81, 0x7A, 0x8B, 0x72, 0x8D, 0x73, 0x89, 0x7C, 0x80, 0x85, 0x79, 
	0x87, 0x7A, 0x82, 0x82, 0x7C, 0x84, 0x7C, 0x81, 0x83, 0x7C, 0x85, 0x7D, 0x81, 0x81, 0x7D, 0x84, 
	0x7D, 0x83, 0x7D, 0x83, 0x7E, 0x80, 0x82, 0x7B, 0x86, 0x7A, 0x86, 0x7C, 0x83, 0x7D, 0x83, 0x7C, 
	0x84, 0x7C, 0x81, 0x82, 0x7B, 0x87, 0x7A, 0x84, 0x7F, 0x80, 0x82, 0x7F, 0x80, 0x82, 0x7B, 0x85, 
	0x7C, 0x80, 0x83, 0x79, 0x89, 0x78, 0x86, 0x7E, 0x7F, 0x84, 0x7A, 0x86, 0x7B, 0x84, 0x7D, 0x82, 
	0x80, 0x7E, 0x83, 0x7D, 0x82, 0x7E, 0x7F, 0x82, 0x7E, 0x82, 0x81, 0x7D, 0x85, 0x7A, 0x86, 0x7A, 
	0x85, 0x7C, 0x83, 0x7F, 0x7D, 0x87, 0x78, 0x89, 0x79, 0x84, 0x80, 0x7C, 0x87, 0x7B, 0x84, 0x80, 
	0x7E, 0x82, 0x7F, 0x80, 0x83, 0x7C, 0x84, 0x7D, 0x82, 0x80, 0x80, 0x7E, 0x81, 0x7D, 0x83, 0x80, 
	0x7F, 0x84, 0x7A, 0x86, 0x7B, 0x83, 0x80, 0x7E, 0x86, 0x79, 0x88, 0x7A, 0x84, 0x7F, 0x7E, 0x85, 
	0x7A, 0x86, 0x7B, 0x82, 0x80, 0x7E, 0x82, 0x7E, 0x83, 0x7D, 0x81, 0x80, 0x7F, 0x81, 0x7F, 0x7F, 
	0x84, 0x7A, 0x87, 0x79, 0x83, 0x80, 0x7C, 0x85, 0x7D, 0x82, 0x83, 0x7B, 0x86, 0x7B, 0x83, 0x80, 
	0x7E, 0x83, 0x7C, 0x84, 0x7C, 0x83, 0x7D, 0x81, 0x80, 0x7E, 0x83, 0x7C, 0x84, 0x7C, 0x83, 0x7D, 
	0x81, 0x80, 0x7E, 0x84, 0x79, 0x87, 0x7A, 0x84, 0x7F, 0x7F, 0x82, 0x7C, 0x84, 0x7C, 0x82, 0x7E, 
	0x81, 0x80, 0x7F, 0x82, 0x7F, 0x7F, 0x83, 0x7C, 0x85, 0x7C, 0x83, 0x7E, 0x82, 0x7F, 0x80, 0x80, 
	0x7F, 0x83, 0x7C, 0x83, 0x7C, 0x82, 0x7F, 0x81, 0x81, 0x80, 0x80, 0x81, 0x7F, 0x82, 0x7D, 0x83, 
	0x7D, 0x82, 0x7E, 0x81, 0x7F, 0x81, 0x7F, 0x82, 0x7E, 0x81, 0x82, 0x7D, 0x84, 0x7A, 0x84, 0x7E, 
	0x80, 0x83, 0x7C, 0x84, 0x7D, 0x82, 0x80, 0x80, 0x82, 0x7D, 0x84, 0x7B, 0x84, 0x7C, 0x82, 0x7E, 
	0x80, 0x81, 0x81, 0x81, 0x7E, 0x83, 0x7C, 0x85, 0x7E, 0x81, 0x81, 0x7D, 0x84, 0x7D, 0x83, 0x7F, 
	0x80, 0x81, 0x7F, 0x82, 0x7D, 0x82, 0x7F, 0x80, 0x81, 0x7D, 0x83, 0x7E, 0x82, 0x7E, 0x80, 0x7F, 
	0x80, 0x7F, 0x80, 0x7F, 0x82, 0x7E, 0x82, 0x7D, 0x82, 0x7E, 0x81, 0x81, 0x7F, 0x81, 0x7F, 0x80, 
	0x80, 0x80, 0x81, 0x7F, 0x81, 0x7F, 0x81, 0x7F, 0x81, 0x80, 0x81, 0x7F, 0x82, 0x7E, 0x82, 0x7E, 
	0x81, 0x7E, 0x81, 0x7D, 0x83, 0x7C, 0x85, 0x7A, 0x86, 0x7A, 0x86, 0x7C, 0x83, 0x80, 0x7B, 0x86, 
	0x77, 0x8B, 0x75, 0x8A, 0x78, 0x85, 0x7D, 0x81, 0x83, 0x7B, 0x87, 0x77, 0x8A, 0x74, 0x8B, 0x76, 
	0x89, 0x79, 0x87, 0x7B, 0x85, 0x7B, 0x84, 0x7C, 0x83, 0x7D, 0x83, 0x7D, 0x82, 0x7D, 0x83, 0x7D, 
	0x84, 0x7B, 0x87, 0x78, 0x88, 0x78, 0x88, 0x79, 0x86, 0x7B, 0x86, 0x79, 0x87, 0x79, 0x85, 0x7B, 
	0x83, 0x7F, 0x80, 0x81, 0x7E, 0x83, 0x7E, 0x82, 0x80, 0x7E, 0x84, 0x7A, 0x88, 0x78, 0x88, 0x7A, 
	0x85, 0x7B, 0x84, 0x7B, 0x85, 0x7B, 0x85, 0x7A, 0x86, 0x79, 0x88, 0x76, 0x8B, 0x76, 0x8A, 0x76, 
	0x89, 0x77, 0x89, 0x77, 0x89, 0x76, 0x8A, 0x77, 0x87, 0x7B, 0x83, 0x80, 0x7B, 0x87, 0x76, 0x8C, 
	0x73, 0x8D, 0x75, 0x89, 0x7A, 0x84, 0x7D, 0x81, 0x82, 0x7C, 0x86, 0x78, 0x89, 0x77, 0x87, 0x7C, 
	0x83, 0x80, 0x7D, 0x86, 0x78, 0x8A, 0x74, 0x8C, 0x75, 0x88, 0x7B, 0x81, 0x82, 0x7B, 0x88, 0x77, 
	0x8B, 0x77, 0x88, 0x7A, 0x83, 0x80, 0x7D, 0x85, 0x7A, 0x88, 0x78, 0x87, 0x78, 0x87, 0x79, 0x85, 
	0x7C, 0x82, 0x7F, 0x80, 0x7F, 0x82, 0x7D, 0x85, 0x7C, 0x86, 0x7A, 0x87, 0x78, 0x8A, 0x75, 0x8B, 
	0x76, 0x87, 0x7B, 0x83, 0x7F, 0x7F, 0x82, 0x7C, 0x85, 0x7A, 0x86, 0x7A, 0x86, 0x7A, 0x84, 0x7C, 
	0x84, 0x7F, 0x7F, 0x82, 0x7C, 0x86, 0x79, 0x89, 0x77, 0x89, 0x78, 0x86, 0x7C, 0x82, 0x81, 0x7C, 
	0x86, 0x7A, 0x87, 0x79, 0x87, 0x78, 0x88, 0x79, 0x85, 0x7C, 0x81, 0x81, 0x7C, 0x86, 0x7A, 0x86, 
	0x79, 0x87, 0x79, 0x85, 0x7B, 0x82, 0x81, 0x7E, 0x83, 0x7B, 0x86, 0x79, 0x87, 0x7A, 0x85, 0x7C, 
	0x83, 0x7F, 0x81, 0x81, 0x7F, 0x81, 0x7E, 0x82, 0x7D, 0x81, 0x7F, 0x7F, 0x81, 0x7D, 0x83, 0x7C, 
	0x84, 0x7D, 0x83, 0x7E, 0x82, 0x7E, 0x81, 0x80, 0x7F, 0x80, 0x7F, 0x81, 0x80, 0x81, 0x80, 0x81, 
	0x80, 0x80, 0x81, 0x80, 0x7F, 0x81, 0x7E, 0x82, 0x7F, 0x82, 0x7E, 0x83, 0x7C, 0x84, 0x7B, 0x86, 
	0x7A, 0x86, 0x7A, 0x86, 0x7B, 0x85, 0x7B, 0x84, 0x7D, 0x82, 0x7F, 0x80, 0x81, 0x7E, 0x83, 0x7D, 
	0x82, 0x7E, 0x81, 0x80, 0x81, 0x80, 0x80, 0x80, 0x81, 0x81, 0x7F, 0x81, 0x7F, 0x81, 0x7E, 0x80, 
	0x7E, 0x82, 0x7E, 0x81, 0x7F, 0x80, 0x81, 0x80, 0x81, 0x81, 0x7F, 0x82, 0x7E, 0x83, 0x7C, 0x85, 
	0x7A, 0x86, 0x79, 0x87, 0x7A, 0x87, 0x7B, 0x84, 0x7D, 0x82, 0x7F, 0x7F, 0x82, 0x7D, 0x83, 0x7D, 
	0x83, 0x7E, 0x81, 0x7F, 0x80, 0x80, 0x7F, 0x81, 0x7F, 0x80, 0x80, 0x7F, 0x81, 0x7D, 0x83, 0x7C, 
	0x83, 0x7C, 0x83, 0x7E, 0x81, 0x80, 0x7E, 0x83, 0x7C, 0x84, 0x7B, 0x84, 0x7C, 0x85, 0x7C, 0x84, 
	0x7C, 0x83, 0x7F, 0x80, 0x81, 0x7D, 0x83, 0x7C, 0x84, 0x7C, 0x82, 0x7E, 0x80, 0x82, 0x7D, 0x85, 
	0x7B, 0x85, 0x7B, 0x84, 0x7C, 0x83, 0x7E, 0x81, 0x80, 0x80, 0x80, 0x7E, 0x81, 0x7F, 0x80, 0x80, 
	0x7F, 0x82, 0x7E, 0x83, 0x7D, 0x83, 0x7C, 0x81, 0x7F, 0x81, 0x80, 0x7F, 0x80, 0x80, 0x80, 0x82, 
	0x7D, 0x83, 0x7C, 0x84, 0x7C, 0x84, 0x7D, 0x83, 0x7E, 0x81, 0x80, 0x80, 0x82, 0x7F, 0x81, 0x7F, 
	0x80, 0x81, 0x80, 0x81, 0x7F, 0x81, 0x7E, 0x82, 0x7F, 0x80, 0x80, 0x7F, 0x81, 0x7E, 0x82, 0x7E, 
	0x82, 0x7E, 0x80, 0x80, 0x7F, 0x81, 0x7F, 0x82, 0x7E, 0x82, 0x7F, 0x82, 0x7E, 0x82, 0x7F, 0x81, 
	0x80, 0x7F, 0x81, 0x7E, 0x81, 0x7E, 0x83, 0x7E, 0x81, 0x7E, 0x82, 0x7E, 0x82, 0x7E, 0x81, 0x7E, 
	0x81, 0x7F, 0x81, 0x80, 0x80, 0x7F, 0x81, 0x7F, 0x82, 0x7D, 0x84, 0x7C, 0x84, 0x7D, 0x83, 0x7D, 
	0x82, 0x7D, 0x81, 0x7F, 0x82, 0x7D, 0x82, 0x7D, 0x83, 0x7C, 0x83, 0x7C, 0x83, 0x7D, 0x82, 0x7E, 
	0x81, 0x7F, 0x80, 0x80, 0x80, 0x80, 0x7F, 0x80, 0x80, 0x80, 0x80, 0x81, 0x80, 0x80, 0x81, 0x80, 
	0x81, 0x7F, 0x81, 0x7F, 0x82, 0x7E, 0x82, 0x7D, 0x83, 0x7C, 0x83, 0x7D, 0x83, 0x7D, 0x82, 0x7E, 
	0x80, 0x81, 0x7F, 0x82, 0x7D, 0x83, 0x7D, 0x83, 0x7D, 0x82, 0x7E, 0x81, 0x80, 0x7F, 0x81, 0x7F, 
	0x82, 0x7D, 0x82, 0x7F, 0x80, 0x80, 0x80, 0x81, 0x7F, 0x81, 0x7F, 0x80, 0x80, 0x80, 0x80, 0x80, 
	0x7E, 0x81, 0x7F, 0x82, 0x7E, 0x82, 0x7E, 0x82, 0x7E, 0x82, 0x7F, 0x82, 0x7F, 0x80, 0x80, 0x7F, 
	0x81, 0x7F, 0x82, 0x7E, 0x81, 0x7F, 0x81, 0x80, 0x80, 0x81, 0x7E, 0x81, 0x7F, 0x81, 0x7F, 0x81, 
	0x7F, 0x82, 0x80, 0x82, 0x7F, 0x80, 0x80, 0x80, 0x80, 0x80, 0x80, 0x81, 0x7F, 0x7F, 0x81, 0x7F, 
	0x83, 0x7D, 0x83, 0x7D, 0x82, 0x7D, 0x83, 0x7D, 0x83, 0x7E, 0x81, 0x7F, 0x81, 0x80, 0x7F, 0x80, 
	0x80, 0x80, 0x81, 0x80, 0x80, 0x80, 0x7F, 0x80, 0x80, 0x80, 0x80, 0x80, 0x80, 0x80, 0x80, 0x80, 
	0x80, 0x7E, 0x81, 0x7F, 0x81, 0x80, 0x81, 0x7F, 0x81, 0x7F, 0x81, 0x80, 0x80, 0x7F, 0x80, 0x7F, 
	0x80, 0x80, 0x80, 0x7F, 0x81, 0x7E, 0x81, 0x7E, 0x81, 0x7F, 0x81, 0x7F, 0x82, 0x7F, 0x82, 0x7E, 
	0x81, 0x7F, 0x81, 0x80, 0x7F, 0x7F, 0x81, 0x7F, 0x81, 0x7F, 0x81, 0x7E, 0x81, 0x80, 0x80, 0x80, 
	0x80, 0x80, 0x80, 0x80, 0x7F, 0x81, 0x7F, 0x81, 0x7E, 0x80, 0x7F, 0x81, 0x80, 0x80, 0x81, 0x7F, 
	0x82, 0x7D, 0x82, 0x7E, 0x82, 0x7D, 0x82, 0x7E, 0x82, 0x7F, 0x80, 0x80, 0x7F, 0x82, 0x7F, 0x81, 
	0x80, 0x81, 0x81, 0x80, 0x80, 0x7F, 0x81, 0x7E, 0x82, 0x7E, 0x82, 0x7E, 0x81, 0x7F, 0x81, 0x7F, 
	0x81, 0x7E, 0x82, 0x7E, 0x82, 0x7F, 0x81, 0x7F, 0x82, 0x7F, 0x80, 0x80, 0x80, 0x80, 0x81, 0x7F, 
	0x80, 0x7F, 0x80, 0x80, 0x80, 0x81, 0x80, 0x7F, 0x80, 0x80, 0x81, 0x7F, 0x82, 0x7E, 0x82, 0x7F, 
	0x80, 0x80, 0x7F, 0x80, 0x7E, 0x81, 0x7F, 0x80, 0x80, 0x80, 0x80, 0x7F, 0x80, 0x7F, 0x82, 0x7F, 
	0x81, 0x7F, 0x81, 0x7F, 0x81, 0x80, 0x81, 0x7F, 0x81, 0x7F, 0x81, 0x7F, 0x81, 0x80, 0x7F, 0x81, 
	0x80, 0x80, 0x80, 0x80, 0x81, 0x7F, 0x81, 0x7F, 0x81, 0x7F, 0x80, 0x80, 0x80, 0x81, 0x7F, 0x81, 
	0x80, 0x81, 0x80, 0x80, 0x7F, 0x80, 0x80, 0x80, 0x80, 0x80, 0x80, 0x7F, 0x81, 0x7F, 0x82, 0x7E, 
	0x83, 0x7D, 0x81, 0x7F, 0x7F, 0x82, 0x7D, 0x84, 0x7C, 0x84, 0x7C, 0x83, 0x7E, 0x80, 0x7F, 0x7F, 
	0x81, 0x7F, 0x81, 0x80, 0x7F, 0x81, 0x80, 0x81, 0x7F, 0x81, 0x80, 0x80, 0x81, 0x7E, 0x83, 0x7D, 
	0x82, 0x7D, 0x82, 0x7E, 0x81, 0x7F, 0x7F, 0x80, 0x7F, 0x81, 0x80, 0x7F, 0x81, 0x7F, 0x81, 0x80, 
	0x80, 0x80, 0x80, 0x81, 0x7F, 0x80, 0x80, 0x80, 0x80, 0x80, 0x81, 0x80, 0x80, 0x80, 0x80, 0x80, 
	0x7F, 0x81, 0x7F, 0x81, 0x7F, 0x81, 0x80, 0x80, 0x80, 0x80, 0x80, 0x80, 0x80, 0x80, 0x80, 0x81, 
	0x80, 0x80, 0x81, 0x7F, 0x81, 0x7F, 0x81, 0x7E, 0x81, 0x7F, 0x80, 0x80, 0x80, 0x81, 0x80, 0x80, 
	0x81, 0x7F, 0x81, 0x7F, 0x80, 0x7F, 0x7F, 0x81, 0x7F, 0x82, 0x7E, 0x82, 0x7F, 0x80, 0x80, 0x7F, 
	0x81, 0x7F, 0x81, 0x7F, 0x80, 0x80, 0x7F, 0x81, 0x7F, 0x81, 0x7F, 0x81, 0x7F, 0x80, 0x81, 0x7F, 
	0x80, 0x81, 0x7E, 0x83, 0x7D, 0x84, 0x7C, 0x84, 0x7D, 0x83, 0x7E, 0x82, 0x7E, 0x82, 0x7E, 0x82, 
	0x7D, 0x84, 0x7C, 0x85, 0x7A, 0x85, 0x7B, 0x84, 0x7B, 0x84, 0x7D, 0x83, 0x7D, 0x83, 0x7C, 0x84, 
	0x7B, 0x86, 0x7A, 0x85, 0x7A, 0x85, 0x7B, 0x84, 0x7A, 0x86, 0x7A, 0x86, 0x7A, 0x89, 0x77, 0x8A, 
	0x76, 0x8A, 0x75, 0x8A, 0x76, 0x89, 0x77, 0x89, 0x77, 0x88, 0x78, 0x87, 0x79, 0x86, 0x7B, 0x85, 
	0x7C, 0x84, 0x7B, 0x84, 0x7B, 0x85, 0x7B, 0x86, 0x7A, 0x86, 0x7B, 0x85, 0x7B, 0x84, 0x7C, 0x83, 
	0x7C, 0x84, 0x7C, 0x84, 0x7C, 0x86, 0x7B, 0x86, 0x7B, 0x85, 0x7B, 0x84, 0x7C, 0x84, 0x7D, 0x84, 
	0x7C, 0x84, 0x7C, 0x85, 0x7B, 0x86, 0x7A, 0x86, 0x7A, 0x85, 0x7B, 0x84, 0x7C, 0x83, 0x7E, 0x82, 
	0x7F, 0x80, 0x80, 0x80, 0x81, 0x7F, 0x82, 0x7E, 0x81, 0x7E, 0x82, 0x7E, 0x81, 0x7F, 0x81, 0x7E, 
	0x82, 0x7F, 0x81, 0x7E, 0x82, 0x7E, 0x81, 0x7F, 0x81, 0x7F, 0x81, 0x80, 0x80, 0x80, 0x7F, 0x81, 
	0x80, 0x80, 0x80, 0x80, 0x80, 0x80, 0x80, 0x80, 0x7F, 0x81, 0x7F, 0x81, 0x7E, 0x81, 0x7F, 0x81, 
	0x7E, 0x83, 0x7D, 0x82, 0x7E, 0x83, 0x7F, 0x81, 0x80, 0x80, 0x82, 0x7E, 0x83, 0x7D, 0x83, 0x7D, 
	0x83, 0x7E, 0x82, 0x7F, 0x81, 0x80, 0x80, 0x80, 0x80, 0x81, 0x7F, 0x81, 0x7F, 0x81, 0x7F, 0x82, 
	0x7E, 0x81, 0x7E, 0x82, 0x7E, 0x81, 0x80, 0x81, 0x7F, 0x81, 0x7E, 0x82, 0x7E, 0x81, 0x7E, 0x82, 
	0x7E, 0x81, 0x7E, 0x81, 0x7F, 0x81, 0x7F, 0x81, 0x7F, 0x81, 0x7E, 0x82, 0x7E, 0x81, 0x7D, 0x83, 
	0x7E, 0x84, 0x7D, 0x83, 0x7D, 0x82, 0x7D, 0x83, 0x7D, 0x82, 0x7E, 0x81, 0x7F, 0x81, 0x7F, 0x80, 
	0x7F, 0x81, 0x7F, 0x81, 0x7F, 0x81, 0x7F, 0x81, 0x7F, 0x80, 0x7F, 0x81, 0x7F, 0x80, 0x80, 0x80, 
	0x80, 0x81, 0x7F, 0x81, 0x80, 0x80, 0x80, 0x80, 0x80, 0x80, 0x80, 0x80, 0x80, 0x81, 0x7F, 0x82, 
	0x7D, 0x83, 0x7D, 0x83, 0x7D, 0x83, 0x7D, 0x83, 0x7F, 0x81, 0x80, 0x80, 0x80, 0x7F, 0x82, 0x7F, 
	0x82, 0x7E, 0x81, 0x7F, 0x82, 0x7F, 0x80, 0x7F, 0x80, 0x80, 0x81, 0x7F, 0x81, 0x7F, 0x80, 0x80, 
	0x81, 0x80, 0x80, 0x81, 0x80, 0x80, 0x7F, 0x80, 0x80, 0x80, 0x80, 0x80, 0x80, 0x80, 0x80, 0x82, 
	0x7E, 0x81, 0x7E, 0x82, 0x7D, 0x83, 0x7D, 0x82, 0x7D, 0x83, 0x7F, 0x82, 0x7F, 0x81, 0x7F, 0x81, 
	0x7F, 0x80, 0x80, 0x80, 0x81, 0x7F, 0x81, 0x7E, 0x82, 0x7E, 0x82, 0x7E, 0x83, 0x7F, 0x82, 0x7F, 
	0x81, 0x80, 0x7F, 0x81, 0x7F, 0x82, 0x7F, 0x80, 0x80, 0x80, 0x81, 0x7E, 0x82, 0x7D, 0x82, 0x7D, 
	0x83, 0x7E, 0x81, 0x80, 0x81, 0x80, 0x7F, 0x80, 0x80, 0x80, 0x80, 0x7F, 0x81, 0x7E, 0x83, 0x7C, 
	0x85, 0x7B, 0x84, 0x7C, 0x83, 0x7E, 0x83, 0x7D, 0x82, 0x7E, 0x82, 0x7D, 0x83, 0x7E, 0x82, 0x7E, 
	0x82, 0x7E, 0x82, 0x7F, 0x81, 0x80, 0x80, 0x80, 0x7F, 0x81, 0x80, 0x80, 0x7F, 0x81, 0x80, 0x80, 
	0x80, 0x7F, 0x81, 0x7E, 0x82, 0x80, 0x80, 0x80, 0x7F, 0x81, 0x80, 0x7F, 0x83, 0x7D, 0x84, 0x7C, 
	0x84, 0x7B, 0x86, 0x7B, 0x85, 0x7C, 0x84, 0x7D, 0x83, 0x7E, 0x81, 0x7F, 0x81, 0x80, 0x80, 0x80, 
	0x80, 0x80, 0x80, 0x7F, 0x7F, 0x7F, 0x81, 0x7E, 0x83, 0x7C, 0x83, 0x7D, 0x83, 0x7D, 0x82, 0x7E, 
	0x82, 0x7F, 0x80, 0x81, 0x7F, 0x82, 0x7F, 0x82, 0x7D, 0x82, 0x7E, 0x83, 0x7D, 0x83, 0x7D, 0x83, 
	0x7D, 0x83, 0x7D, 0x83, 0x7D, 0x82, 0x7E, 0x82, 0x7F, 0x82, 0x7E, 0x83, 0x7C, 0x84, 0x7C, 0x84, 
	0x7B, 0x85, 0x7A, 0x86, 0x7A, 0x86, 0x7A, 0x86, 0x79, 0x85, 0x7A, 0x85, 0x7B, 0x85, 0x7B, 0x84, 
	0x7C, 0x84, 0x7C, 0x84, 0x7C, 0x84, 0x7B, 0x85, 0x7B, 0x85, 0x7A, 0x85, 0x7A, 0x85, 0x7B, 0x85, 
	0x7B, 0x85, 0x7B, 0x85, 0x7A, 0x85, 0x7B, 0x86, 0x7B, 0x85, 0x7C, 0x83, 0x7D, 0x83, 0x7D, 0x82, 
	0x7E, 0x82, 0x7E, 0x81, 0x7E, 0x82, 0x7F, 0x82, 0x7E, 0x81, 0x7F, 0x81, 0x7E, 0x81, 0x80, 0x80, 
	0x7F, 0x80, 0x80, 0x80, 0x81, 0x7F, 0x82, 0x7D, 0x83, 0x7D, 0x83, 0x7D, 0x84, 0x7C, 0x84, 0x7C, 
	0x85, 0x7B, 0x85, 0x7B, 0x85, 0x7B, 0x84, 0x7C, 0x85, 0x7B, 0x83, 0x7C, 0x84, 0x7D, 0x83, 0x7D, 
	0x82, 0x7E, 0x80, 0x80, 0x80, 0x80, 0x80, 0x7F, 0x81, 0x7F, 0x81, 0x7E, 0x82, 0x7E, 0x81, 0x7F, 
	0x81, 0x7F, 0x81, 0x7F, 0x81, 0x80, 0x81, 0x80, 0x80, 0x7F, 0x80, 0x80, 0x80, 0x80, 0x7F, 0x80, 
	0x80, 0x7F, 0x80, 0x7F, 0x81, 0x7E, 0x82, 0x7D, 0x82, 0x7D, 0x83, 0x7D, 0x82, 0x7E, 0x81, 0x7F, 
	0x81, 0x80, 0x7F, 0x80, 0x80, 0x80, 0x7F, 0x81, 0x7E, 0x81, 0x7F, 0x82, 0x7F, 0x81, 0x7F, 0x80, 
	0x7F, 0x81, 0x80, 0x80, 0x80, 0x7F, 0x81, 0x7F, 0x80, 0x7F, 0x81, 0x7E, 0x81, 0x7F, 0x81, 0x7F, 
	0x81, 0x80, 0x80, 0x81, 0x7E, 0x82, 0x7F, 0x81, 0x7E, 0x82, 0x7F, 0x82, 0x7E, 0x82, 0x7E, 0x82, 
	0x7E, 0x82, 0x7E, 0x83, 0x7C, 0x83, 0x7D, 0x83, 0x7D, 0x83, 0x7D, 0x82, 0x7D, 0x82, 0x7D, 0x82, 
	0x7D, 0x83, 0x7D, 0x83, 0x7E, 0x83, 0x7E, 0x82, 0x7E, 0x82, 0x7E, 0x81, 0x80, 0x81, 0x7F, 0x80, 
	0x80, 0x80, 0x80, 0x7F, 0x81, 0x7F, 0x81, 0x80, 0x81, 0x7F, 0x81, 0x7F, 0x81, 0x7F, 0x81, 0x7F, 
	0x81, 0x7F, 0x81, 0x7F, 0x81, 0x7F, 0x81, 0x7E, 0x82, 0x7E, 0x83, 0x7D, 0x83, 0x7D, 0x83, 0x7D, 
	0x83, 0x7E, 0x82, 0x7E, 0x82, 0x7E, 0x82, 0x7F, 0x81, 0x7E, 0x81, 0x80, 0x81, 0x80, 0x7F, 0x80, 
	0x7F, 0x80, 0x7F, 0x81, 0x7F, 0x81, 0x7F, 0x81, 0x7E, 0x80, 0x7F, 0x81, 0x7E, 0x82, 0x7D, 0x82, 
	0x7D, 0x83, 0x7D, 0x83, 0x7D, 0x83, 0x7D, 0x83, 0x7E, 0x82, 0x7E, 0x81, 0x80, 0x80, 0x81, 0x7E, 
	0x81, 0x7E, 0x82, 0x7E, 0x81, 0x7E, 0x80, 0x81, 0x7E, 0x83, 0x7D, 0x84, 0x7B, 0x85, 0x7B, 0x85, 
	0x7C, 0x83, 0x7D, 0x82, 0x7E, 0x81, 0x80, 0x80, 0x80, 0x7F, 0x81, 0x7F, 0x80, 0x80, 0x81, 0x80, 
	0x7F, 0x80, 0x7F, 0x81, 0x7F, 0x81, 0x7F, 0x81, 0x7F, 0x81, 0x7F, 0x7F, 0x80, 0x7F, 0x81, 0x7E, 
	0x82, 0x7E, 0x83, 0x7E, 0x83, 0x7E, 0x82, 0x7E, 0x82, 0x7D, 0x81, 0x7F, 0x81, 0x7F, 0x80, 0x80, 
	0x80, 0x80, 0x80, 0x80, 0x80, 0x80, 0x80, 0x80, 0x80, 0x80, 0x80, 0x80, 0x80, 0x80, 0x80, 0x80, 
	0x80, 0x80, 0x80, 0x81, 0x80, 0x80, 0x80, 0x7F, 0x81, 0x7F, 0x81, 0x7E, 0x82, 0x7F, 0x81, 0x7F, 
	0x81, 0x80, 0x80, 0x81, 0x7F, 0x80, 0x80, 0x81, 0x80, 0x80, 0x80, 0x80, 0x81, 0x80, 0x81, 0x80, 
	0x81, 0x7E, 0x83, 0x7E, 0x82, 0x7E, 0x83, 0x7D, 0x83, 0x7E, 0x82, 0x7E, 0x82, 0x7E, 0x82, 0x7E, 
	0x82, 0x7D, 0x82, 0x7E, 0x82, 0x7D, 0x83, 0x7D, 0x82, 0x7E, 0x82, 0x7E, 0x82, 0x7F, 0x82, 0x7F, 
	0x80, 0x80, 0x7F, 0x81, 0x7F, 0x81, 0x7D, 0x83, 0x7D, 0x84, 0x7C, 0x84, 0x7C, 0x85, 0x7B, 0x85, 
	0x7C, 0x84, 0x7C, 0x84, 0x7C, 0x82, 0x7D, 0x83, 0x7D, 0x82, 0x7E, 0x82, 0x7F, 0x81, 0x7F, 0x81, 
	0x7E, 0x82, 0x7F, 0x82, 0x7E, 0x82, 0x7E, 0x83, 0x7D, 0x83, 0x7C, 0x84, 0x7B, 0x85, 0x7B, 0x84, 
	0x7B, 0x85, 0x7A, 0x86, 0x7A, 0x85, 0x7A, 0x85, 0x7B, 0x85, 0x7D, 0x84, 0x7C, 0x83, 0x7D, 0x82, 
	0x7C, 0x83, 0x7D, 0x84, 0x7D, 0x83, 0x7C, 0x84, 0x7C, 0x83, 0x7D, 0x82, 0x7D, 0x81, 0x7F, 0x81, 
	0x80, 0x80, 0x81, 0x7F, 0x81, 0x7F, 0x81, 0x7F, 0x81, 0x7F, 0x81, 0x80, 0x80, 0x7F, 0x80, 0x81, 
	0x7F, 0x81, 0x7F, 0x80, 0x80, 0x80, 0x80, 0x80, 0x7F, 0x81, 0x7F, 0x82, 0x7F, 0x82, 0x7E, 0x82, 
	0x7D, 0x83, 0x7D, 0x83, 0x7E, 0x83, 0x7D, 0x83, 0x7E, 0x81, 0x80, 0x81, 0x80, 0x80, 0x80, 0x81, 
	0x7F, 0x81, 0x7F, 0x81, 0x7F, 0x81, 0x7E, 0x82, 0x7E, 0x82, 0x7D, 0x83, 0x7D, 0x83, 0x7E, 0x83, 
	0x7F, 0x80, 0x7F, 0x81, 0x7F, 0x81, 0x80, 0x80, 0x80, 0x80, 0x7F, 0x80, 0x80, 0x81, 0x7F, 0x80, 
	0x80, 0x7F, 0x81, 0x7F, 0x80, 0x7F, 0x81, 0x7F, 0x81, 0x7F, 0x82, 0x7F, 0x83, 0x7E, 0x82, 0x7E, 
	0x82, 0x7E, 0x81, 0x7D, 0x81, 0x7E, 0x81, 0x7F, 0x80, 0x80, 0x80, 0x80, 0x7F, 0x81, 0x7F, 0x81, 
	0x7E, 0x81, 0x7E, 0x82, 0x7F, 0x81, 0x7F, 0x81, 0x7F, 0x80, 0x7F, 0x81, 0x7F, 0x80, 0x7F, 0x81, 
	0x80, 0x81, 0x81, 0x80, 0x7F, 0x81, 0x7F, 0x80, 0x7F, 0x81, 0x7F, 0x80, 0x7F, 0x82, 0x7E, 0x82, 
	0x7E, 0x82, 0x7D, 0x83, 0x7E, 0x82, 0x7E, 0x82, 0x7E, 0x82, 0x7F, 0x82, 0x7F, 0x81, 0x7E, 0x80, 
	0x80, 0x81, 0x80, 0x7F, 0x81, 0x7F, 0x81, 0x7F, 0x82, 0x7E, 0x81, 0x7E, 0x82, 0x7F, 0x82, 0x7F, 
	0x81, 0x7F, 0x81, 0x7F, 0x81, 0x7E, 0x81, 0x7F, 0x81, 0x80, 0x80, 0x7F, 0x80, 0x80, 0x7F, 0x80, 
	0x7F, 0x80, 0x7F, 0x81, 0x7F, 0x81, 0x7F, 0x81, 0x7E, 0x81, 0x7E, 0x82, 0x7E, 0x81, 0x7F, 0x82, 
	0x7F, 0x81, 0x7F, 0x81, 0x7F, 0x81, 0x7F, 0x80, 0x80, 0x81, 0x80, 0x81, 0x80, 0x80, 0x80, 0x81, 
	0x81, 0x80, 0x80, 0x80, 0x80, 0x80, 0x80, 0x80, 0x7F, 0x81, 0x7F, 0x81, 0x7F, 0x82, 0x7E, 0x83, 
	0x7E, 0x82, 0x7E, 0x82, 0x7E, 0x83, 0x7D, 0x81, 0x7E, 0x81, 0x7E, 0x81, 0x7F, 0x81, 0x7F, 0x81, 
	0x7F, 0x81, 0x7F, 0x80, 0x80, 0x80, 0x81, 0x80, 0x80, 0x7F, 0x81, 0x7F, 0x80, 0x7F, 0x80, 0x7F, 
	0x80, 0x80, 0x80, 0x80, 0x80, 0x80, 0x80, 0x80, 0x7F, 0x81, 0x7F, 0x80, 0x7F, 0x81, 0x7F, 0x80, 
	0x80, 0x81, 0x80, 0x80, 0x80, 0x80, 0x80, 0x80, 0x81, 0x7F, 0x81, 0x7E, 0x81, 0x7F, 0x81, 0x7E, 
	0x81, 0x7F, 0x81, 0x7E, 0x81, 0x7F, 0x80, 0x81, 0x80, 0x80, 0x80, 0x80, 0x80, 0x81, 0x80, 0x81, 
	0x7F, 0x81, 0x7F, 0x81, 0x7F, 0x82, 0x7E, 0x81, 0x7F, 0x81, 0x7F, 0x81, 0x7F, 0x81, 0x80, 0x81, 
	0x80, 0x80, 0x80, 0x80, 0x7F, 0x80, 0x80, 0x7F, 0x80, 0x7F, 0x81, 0x80, 0x81, 0x7F, 0x82, 0x7F, 
	0x81, 0x7F, 0x81, 0x7F, 0x81, 0x7F, 0x81, 0x80, 0x80, 0x7F, 0x81, 0x7F, 0x81, 0x7E, 0x81, 0x7E, 
	0x81, 0x7F, 0x82, 0x7F, 0x82, 0x7E, 0x81, 0x7E, 0x81, 0x7E, 0x82, 0x7F, 0x81, 0x7F, 0x81, 0x7E, 
	0x81, 0x80, 0x80, 0x7F, 0x80, 0x80, 0x81, 0x80, 0x80, 0x81, 0x80, 0x80, 0x7F, 0x80, 0x7F, 0x81, 
	0x80, 0x81, 0x80, 0x80, 0x7F, 0x80, 0x80, 0x81, 0x7F, 0x81, 0x80, 0x81, 0x80, 0x81, 0x7F, 0x82, 
	0x7E, 0x82, 0x7E, 0x82, 0x7E, 0x82, 0x7D, 0x82, 0x7F, 0x82, 0x7E, 0x81, 0x7F, 0x81, 0x7E, 0x80, 
	0x80, 0x80, 0x81, 0x80, 0x81, 0x7F, 0x80, 0x80, 0x81, 0x80, 0x81, 0x7F, 0x80, 0x80, 0x81, 0x80, 
	0x80, 0x7F, 0x80, 0x80, 0x81, 0x7F, 0x81, 0x7F, 0x82, 0x7F, 0x81, 0x7F, 0x80, 0x7F, 0x81, 0x80, 
	0x80, 0x7F, 0x80, 0x7F, 0x80, 0x7F, 0x81, 0x7F, 0x81, 0x80, 0x81, 0x7F, 0x81, 0x7F, 0x81, 0x80, 
	0x80, 0x80, 0x80, 0x81, 0x7F, 0x80, 0x7F, 0x80, 0x80, 0x80, 0x80, 0x81, 0x7F, 0x80, 0x7F, 0x81, 
	0x7F, 0x81, 0x7F, 0x81, 0x80, 0x80, 0x81, 0x80, 0x80, 0x80, 0x7F, 0x80, 0x80, 0x80, 0x80, 0x80, 
	0x80, 0x80, 0x7F, 0x80, 0x80, 0x81, 0x7F, 0x81, 0x7F, 0x81, 0x7F, 0x81, 0x7F, 0x81, 0x7F, 0x81, 
	0x80, 0x81, 0x7F, 0x80, 0x80, 0x80, 0x80, 0x7F, 0x7F, 0x80, 0x80, 0x80, 0x81, 0x7F, 0x80, 0x80, 
	0x80, 0x7F, 0x80, 0x80, 0x7F, 0x80, 0x80, 0x80, 0x80, 0x80, 0x81, 0x7F, 0x81, 0x7F, 0x81, 0x80, 
	0x80, 0x80, 0x81, 0x7F, 0x80, 0x80, 0x80, 0x80, 0x80, 0x80, 0x80, 0x80, 0x81, 0x80, 0x80, 0x80, 
	0x7F, 0x80, 0x80, 0x80, 0x7F, 0x81, 0x7F, 0x81, 0x7F, 0x80, 0x7F, 0x82, 0x7F, 0x81, 0x7F, 0x81, 
	0x7F, 0x81, 0x7F, 0x80, 0x80, 0x81, 0x7F, 0x80, 0x7F, 0x80, 0x7F, 0x80, 0x80, 0x81, 0x80, 0x80, 
	0x7F, 0x80, 0x80, 0x80, 0x80, 0x7F, 0x80, 0x80, 0x80, 0x80, 0x80, 0x7F, 0x80, 0x81, 0x81, 0x80, 
	0x80, 0x80, 0x81, 0x80, 0x81, 0x80, 0x7F, 0x80, 0x80, 0x80, 0x80, 0x7F, 0x81, 0x7F, 0x80, 0x7F, 
	0x80, 0x80, 0x81, 0x80, 0x80, 0x80, 0x80, 0x80, 0x80, 0x80, 0x80, 0x81, 0x81, 0x80, 0x80, 0x80, 
	0x80, 0x80, 0x7F, 0x80, 0x7F, 0x80, 0x7F, 0x80, 0x80, 0x80, 0x7F, 0x80, 0x80, 0x80, 0x7F, 0x81, 
	0x7F, 0x80, 0x80, 0x81, 0x80, 0x81, 0x80, 0x80, 0x80, 0x80, 0x80, 0x80, 0x80, 0x80, 0x80, 0x80, 
	0x80, 0x80, 0x80, 0x7F, 0x81, 0x80, 0x81, 0x80, 0x80, 0x7F, 0x7F, 0x7F, 0x80, 0x80, 0x7F, 0x81, 
	0x80, 0x80, 0x80, 0x80, 0x80, 0x80, 0x80, 0x80, 0x80, 0x7F, 0x80, 0x7F, 0x81, 0x80, 0x80, 0x7F, 
	0x80, 0x7F, 0x80, 0x80, 0x81, 0x7F, 0x7F, 0x80, 0x7F, 0x80, 0x80, 0x7F, 0x80, 0x7F, 0x80, 0x7F, 
	0x80, 0x80, 0x7F, 0x81, 0x80, 0x81, 0x80, 0x80, 0x80, 0x81, 0x7F, 0x80, 0x80, 0x81, 0x80, 0x81, 
	0x80, 0x81, 0x7F, 0x80, 0x80, 0x81, 0x80, 0x81, 0x80, 0x7F, 0x81, 0x80, 0x80, 0x80, 0x80, 0x80, 
	0x80, 0x81, 0x80, 0x80, 0x7F, 0x80, 0x80, 0x80, 0x80, 0x81, 0x7F, 0x80, 0x80, 0x80, 0x80, 0x80, 
	0x80, 0x81, 0x7F, 0x81, 0x7F, 0x81, 0x7F, 0x81, 0x80, 0x81, 0x7F, 0x81, 0x7F, 0x81, 0x80, 0x80, 
	0x80, 0x81, 0x7F, 0x80, 0x80, 0x80, 0x80, 0x80, 0x80, 0x80, 0x80, 0x80, 0x80, 0x80, 0x80, 0x80, 
	0x80, 0x80, 0x80, 0x7F, 0x80, 0x80, 0x81, 0x80, 0x80, 0x80, 0x81, 0x7F, 0x80, 0x7F, 0x80, 0x80, 
	0x80, 0x80, 0x81, 0x80, 0x81, 0x7F, 0x80, 0x80, 0x81, 0x7F, 0x81, 0x7F, 0x81, 0x7F, 0x81, 0x7F, 
	0x81, 0x7F, 0x81, 0x80, 0x80, 0x7F, 0x80, 0x80, 0x81, 0x7F, 0x81, 0x7F, 0x81, 0x7F, 0x81, 0x7F, 
	0x81, 0x7F, 0x81, 0x7F, 0x80, 0x80, 0x80, 0x80, 0x81, 0x7F, 0x80, 0x80, 0x80, 0x80, 0x80, 0x80, 
	0x80, 0x81, 0x80, 0x80, 0x80, 0x80, 0x80, 0x80, 0x81, 0x7F, 0x80, 0x80, 0x81, 0x7F, 0x82, 0x7E, 
	0x82, 0x7E, 0x83, 0x7D, 0x83, 0x7E, 0x82, 0x7F, 0x82, 0x7F, 0x81, 0x7F, 0x7F, 0x82, 0x7D, 0x83, 
	0x7C, 0x85, 0x7C, 0x84, 0x7C, 0x84, 0x7E, 0x82, 0x7F, 0x7F, 0x82, 0x7D, 0x85, 0x7C, 0x85, 0x7A, 
	0x86, 0x7A, 0x86, 0x7B, 0x84, 0x7D, 0x83, 0x7D, 0x82, 0x7E, 0x80, 0x80, 0x7F, 0x81, 0x7E, 0x82, 
	0x7E, 0x83, 0x7E, 0x81, 0x7F, 0x80, 0x81, 0x7E, 0x82, 0x7E, 0x82, 0x7E, 0x83, 0x7E, 0x82, 0x7F, 
	0x7F, 0x81, 0x7E, 0x84, 0x7D, 0x84, 0x7C, 0x84, 0x7C, 0x85, 0x7B, 0x84, 0x7D, 0x82, 0x7F, 0x7F, 
	0x81, 0x7E, 0x82, 0x7E, 0x83, 0x7C, 0x83, 0x7C, 0x83, 0x7E, 0x82, 0x7E, 0x81, 0x7E, 0x81, 0x7F, 
	0x81, 0x7F, 0x81, 0x7F, 0x80, 0x80, 0x80, 0x81, 0x7F, 0x81, 0x80, 0x81, 0x80, 0x81, 0x7E, 0x81, 
	0x7E, 0x82, 0x7D, 0x83, 0x7D, 0x83, 0x7D, 0x82, 0x7D, 0x81, 0x7F, 0x81, 0x7F, 0x81, 0x7F, 0x81, 
	0x7F, 0x81, 0x7F, 0x81, 0x80, 0x80, 0x80, 0x81, 0x7F, 0x81, 0x80, 0x80, 0x80, 0x80, 0x7F, 0x80, 
	0x81, 0x7F, 0x81, 0x7E, 0x81, 0x7E, 0x81, 0x7F, 0x81, 0x7F, 0x7F, 0x81, 0x7F, 0x83, 0x7D, 0x83, 
	0x7D, 0x83, 0x7D, 0x83, 0x7E, 0x82, 0x7F, 0x80, 0x80, 0x7F, 0x81, 0x7F, 0x82, 0x7E, 0x82, 0x7D, 
	0x83, 0x7D, 0x83, 0x7D, 0x82, 0x7F, 0x81, 0x80, 0x80, 0x81, 0x7E, 0x82, 0x7E, 0x82, 0x7E, 0x82, 
	0x7E, 0x82, 0x7F, 0x82, 0x7E, 0x81, 0x7F, 0x80, 0x81, 0x7F, 0x82, 0x7E, 0x82, 0x7E, 0x82, 0x7F, 
	0x81, 0x7E, 0x81, 0x7E, 0x81, 0x7F, 0x81, 0x80, 0x80, 0x80, 0x81, 0x80, 0x80, 0x80, 0x7F, 0x80, 
	0x80, 0x80, 0x81, 0x80, 0x80, 0x7F, 0x81, 0x7F, 0x80, 0x7F, 0x81, 0x80, 0x80, 0x80, 0x80, 0x80, 
	0x7E, 0x81, 0x7F, 0x81, 0x7F, 0x81, 0x7F, 0x81, 0x80, 0x81, 0x80, 0x80, 0x80, 0x7F, 0x82, 0x7F, 
	0x82, 0x7E, 0x82, 0x7E, 0x82, 0x7E, 0x83, 0x7E, 0x82, 0x7E, 0x80, 0x7E, 0x81, 0x7F, 0x81, 0x80, 
	0x81, 0x80, 0x7F, 0x81, 0x7F, 0x80, 0x7E, 0x81, 0x7F, 0x81, 0x7F, 0x81, 0x7F, 0x81, 0x7F, 0x81, 
	0x7F, 0x82, 0x7F, 0x82, 0x7F, 0x81, 0x7F, 0x81, 0x7F, 0x81, 0x80, 0x80, 0x80, 0x7F, 0x81, 0x7F, 
	0x81, 0x7F, 0x82, 0x7E, 0x83, 0x7D, 0x83, 0x7E, 0x83, 0x7D, 0x82, 0x7E, 0x82, 0x7F, 0x81, 0x80, 
	0x80, 0x80, 0x80, 0x80, 0x80, 0x80, 0x80, 0x81, 0x80, 0x81, 0x7F, 0x82, 0x7E, 0x81, 0x7F, 0x82, 
	0x7F, 0x81, 0x7F, 0x81, 0x7F, 0x80, 0x80, 0x80, 0x81, 0x80, 0x81, 0x7F, 0x82, 0x7E, 0x82, 0x7E, 
	0x82, 0x7F, 0x82, 0x7F, 0x82, 0x7F, 0x81, 0x7F, 0x81, 0x7F, 0x80, 0x7F, 0x81, 0x7F, 0x80, 0x7F, 
	0x81, 0x80, 0x81, 0x7F, 0x81, 0x80, 0x81, 0x7F, 0x80, 0x7F, 0x80, 0x7F, 0x81, 0x7F, 0x82, 0x7E, 
	0x82, 0x7F, 0x82, 0x7D, 0x82, 0x7E, 0x83, 0x7C, 0x84, 0x7C, 0x83, 0x7D, 0x83, 0x7D, 0x83, 0x7D, 
	0x82, 0x7E, 0x82, 0x7E, 0x81, 0x80, 0x80, 0x80, 0x7F, 0x81, 0x7F, 0x80, 0x80, 0x7F, 0x80, 0x7F, 
	0x81, 0x7E, 0x82, 0x7E, 0x83, 0x7C, 0x83, 0x7C, 0x84, 0x7D, 0x83, 0x7D, 0x82, 0x7D, 0x81, 0x7F, 
	0x82, 0x80, 0x80, 0x80, 0x81, 0x7F, 0x80, 0x7F, 0x81, 0x7F, 0x82, 0x7F, 0x81, 0x7E, 0x82, 0x7E, 
	0x81, 0x7E, 0x81, 0x7F, 0x81, 0x7F, 0x80, 0x80, 0x80, 0x80, 0x7F, 0x81, 0x7F, 0x81, 0x7E, 0x81, 
	0x7F, 0x81, 0x7F, 0x81, 0x7E, 0x81, 0x7F, 0x80, 0x80, 0x80, 0x80, 0x7F, 0x81, 0x7F, 0x7F, 0x80, 
	0x81, 0x80, 0x80, 0x80, 0x7F, 0x81, 0x80, 0x80, 0x7F, 0x80, 0x80, 0x80, 0x7F, 0x80, 0x80, 0x81, 
	0x7F, 0x81, 0x7F, 0x81, 0x7E, 0x82, 0x7D, 0x82, 0x7E, 0x82, 0x7F, 0x81, 0x7F, 0x81, 0x7F, 0x80, 
	0x80, 0x80, 0x80, 0x80, 0x80, 0x80, 0x80, 0x80, 0x81, 0x80, 0x80, 0x80, 0x7F, 0x80, 0x7F, 0x81, 
	0x80, 0x81, 0x7F, 0x81, 0x7F, 0x80, 0x7F, 0x81, 0x80, 0x81, 0x7F, 0x81, 0x7F, 0x81, 0x7F, 0x81, 
	0x80, 0x80, 0x80, 0x81, 0x80, 0x80, 0x80, 0x80, 0x81, 0x7F, 0x81, 0x7F, 0x81, 0x7F, 0x81, 0x80, 
	0x80, 0x80, 0x80, 0x80, 0x80, 0x81, 0x80, 0x81, 0x7F, 0x81, 0x7F, 0x81, 0x7F, 0x81, 0x7E, 0x81, 
	0x7F, 0x81, 0x7F, 0x80, 0x80, 0x80, 0x80, 0x7F, 0x80, 0x7F, 0x81, 0x7F, 0x81, 0x7F, 0x81, 0x7F, 
	0x80, 0x7F, 0x81, 0x7F, 0x80, 0x7F, 0x80, 0x80, 0x81, 0x80, 0x81, 0x7F, 0x80, 0x7F, 0x81, 0x80, 
	0x80, 0x80, 0x81, 0x80, 0x81, 0x7F, 0x80, 0x80, 0x7F, 0x80, 0x80, 0x80, 0x7F, 0x81, 0x7F, 0x81, 
	0x80, 0x80, 0x7F, 0x81, 0x7F, 0x81, 0x7F, 0x80, 0x7F, 0x80, 0x80, 0x80, 0x81, 0x80, 0x80, 0x7F, 
	0x81, 0x80, 0x80, 0x7F, 0x80, 0x80, 0x80, 0x81, 0x80, 0x80, 0x7F, 0x80, 0x7F, 0x81, 0x80, 0x80, 
	0x7F, 0x80, 0x7F, 0x81, 0x7F, 0x80, 0x7F, 0x81, 0x7F, 0x81, 0x80, 0x81, 0x7F, 0x81, 0x7F, 0x81, 
	0x7D, 0x82, 0x7F, 0x81, 0x7F, 0x81, 0x7F, 0x81, 0x7F, 0x81, 0x80, 0x81, 0x7F, 0x80, 0x80, 0x80, 
	0x80, 0x7F, 0x81, 0x7F, 0x80, 0x7F, 0x80, 0x7F, 0x80, 0x80, 0x80, 0x80, 0x80, 0x80, 0x80, 0x80, 
	0x80, 0x80, 0x80, 0x80, 0x80, 0x80, 0x80, 0x80, 0x80, 0x80, 0x80, 0x81, 0x80, 0x80, 0x80, 0x81, 
	0x7F, 0x81, 0x80, 0x80, 0x7F, 0x81, 0x7F, 0x81, 0x80, 0x81, 0x7F, 0x80, 0x80, 0x81, 0x80, 0x80, 
	0x80, 0x80, 0x80, 0x80, 0x7F, 0x81, 0x80, 0x81, 0x7F, 0x81, 0x7F, 0x81, 0x7E, 0x82, 0x7E, 0x81, 
	0x7F, 0x81, 0x7E, 0x81, 0x7F, 0x81, 0x7F, 0x80, 0x80, 0x80, 0x7F, 0x80, 0x80, 0x80, 0x81, 0x80, 
	0x80, 0x80, 0x80, 0x81, 0x80, 0x80, 0x7F, 0x80, 0x80, 0x81, 0x7F, 0x81, 0x80, 0x81, 0x7E, 0x81, 
	0x7F, 0x81, 0x80, 0x81, 0x7F, 0x81, 0x80, 0x81, 0x80, 0x80, 0x80, 0x80, 0x7F, 0x80, 0x80, 0x80, 
	0x7F, 0x80, 0x80, 0x80, 0x80, 0x80, 0x7F, 0x7F, 0x80, 0x80, 0x80, 0x80, 0x80, 0x7F, 0x80, 0x80, 
	0x81, 0x80, 0x81, 0x7F, 0x81, 0x80, 0x80, 0x80, 0x81, 0x80, 0x80, 0x80, 0x80, 0x81, 0x80, 0x81, 
	0x7F, 0x81, 0x7F, 0x81, 0x7F, 0x80, 0x80, 0x80, 0x80, 0x80, 0x80, 0x80, 0x80, 0x80, 0x80, 0x80, 
	0x81, 0x80, 0x81, 0x7F, 0x80, 0x7F, 0x81, 0x7F, 0x81, 0x7F, 0x81, 0x7F, 0x80, 0x80, 0x80, 0x80, 
	0x7F, 0x80, 0x80, 0x80, 0x80, 0x80, 0x80, 0x81, 0x80, 0x80, 0x7F, 0x80, 0x80, 0x80, 0x80, 0x80, 
	0x7F, 0x81, 0x80, 0x80, 0x80, 0x81, 0x7F, 0x80, 0x7F, 0x81, 0x7F, 0x80, 0x80, 0x80, 0x80, 0x7F, 
	0x80, 0x7F, 0x80, 0x80, 0x80, 0x80, 0x80, 0x80, 0x7F, 0x7F, 0x81, 0x80, 0x80, 0x81, 0x80, 0x80, 
	0x80, 0x80, 0x80, 0x80, 0x80, 0x80, 0x7F, 0x7F, 0x7F, 0x81, 0x7F, 0x80, 0x7F, 0x81, 0x7F, 0x81, 
	0x80, 0x81, 0x7F, 0x81, 0x7F, 0x81, 0x80, 0x80, 0x7F, 0x81, 0x80, 0x80, 0x80, 0x80, 0x80, 0x80, 
	0x80, 0x80, 0x80, 0x80, 0x80, 0x80, 0x80, 0x81, 0x80, 0x80, 0x80, 0x80, 0x80, 0x80, 0x80, 0x80, 
	0x80, 0x81, 0x7F, 0x81, 0x7F, 0x80, 0x7F, 0x80, 0x80, 0x80, 0x80, 0x80, 0x81, 0x80, 0x80, 0x7F, 
	0x80, 0x80, 0x81, 0x80, 0x80, 0x80, 0x81, 0x7F, 0x81, 0x7E, 0x81, 0x7F, 0x82, 0x7F, 0x81, 0x80, 
	0x80, 0x7F, 0x80, 0x80, 0x80, 0x80, 0x80, 0x7F, 0x80, 0x80, 0x81, 0x80, 0x80, 0x80, 0x7F, 0x7F, 
	0x80, 0x80, 0x80, 0x80, 0x80, 0x80, 0x80, 0x80, 0x80, 0x80, 0x80, 0x7F, 0x80, 0x80, 0x80, 0x80, 
	0x80, 0x80, 0x80, 0x80, 0x80, 0x7F, 0x80, 0x80, 0x80, 0x80, 0x7F, 0x7F, 0x80, 0x80, 0x7F, 0x80, 
	0x80, 0x80, 0x80, 0x80, 0x81, 0x80, 0x81, 0x80, 0x80, 0x80, 0x80, 0x80, 0x80, 0x80, 0x7F, 0x80, 
	0x80, 0x80, 0x80, 0x80, 0x80, 0x80, 0x80, 0x80, 0x80, 0x80, 0x80, 0x7F, 0x80, 0x80, 0x80, 0x80, 
	0x80, 0x80, 0x80, 0x80, 0x80, 0x7F, 0x81, 0x7F, 0x80, 0x7F, 0x81, 0x80, 0x80, 0x80, 0x80, 0x80, 
	0x80, 0x80, 0x80, 0x7F, 0x80, 0x80, 0x7F, 0x80, 0x7F, 0x81, 0x7F, 0x81, 0x7F, 0x80, 0x80, 0x81, 
	0x80, 0x80, 0x80, 0x80, 0x80, 0x7F, 0x80, 0x80, 0x80, 0x7F, 0x80, 0x80, 0x80, 0x7F, 0x80, 0x80, 
	0x81, 0x80, 0x80, 0x7F, 0x80, 0x80, 0x80, 0x80, 0x80, 0x80, 0x80, 0x80, 0x80, 0x80, 0x80, 0x80, 
	0x80, 0x80, 0x81, 0x81, 0x7F, 0x80, 0x80, 0x80, 0x80, 0x7F, 0x80, 0x80, 0x80, 0x80, 0x80, 0x80, 
	0x81, 0x7F, 0x80, 0x7F, 0x80, 0x7F, 0x81, 0x80, 0x80, 0x81, 0x80, 0x80, 0x81, 0x80, 0x80, 0x80, 
	0x80, 0x7F, 0x80, 0x80, 0x81, 0x7F, 0x80, 0x7F, 0x80, 0x80, 0x80, 0x80, 0x80, 0x80, 0x7F, 0x80, 
	0x80, 0x80, 0x80, 0x80, 0x80, 0x80, 0x80, 0x80, 0x81, 0x80, 0x80, 0x81, 0x80, 0x81, 0x7F, 0x80, 
	0x80, 0x80, 0x80, 0x81, 0x7F, 0x81, 0x7F, 0x80, 0x7F, 0x81, 0x7F, 0x80, 0x7F, 0x81, 0x80, 0x80, 
	0x80, 0x80, 0x7F, 0x80, 0x80, 0x81, 0x80, 0x80, 0x80, 0x81, 0x80, 0x80, 0x80, 0x80, 0x7F, 0x80, 
	0x81, 0x80, 0x80, 0x7F, 0x81, 0x80, 0x81, 0x80, 0x81, 0x7F, 0x80, 0x80, 0x81, 0x7F, 0x81, 0x7F, 
	0x81, 0x80, 0x80, 0x81, 0x80, 0x80, 0x80, 0x7F, 0x7F, 0x81, 0x80, 0x80, 0x80, 0x7F, 0x7F, 0x80, 
	0x80, 0x81, 0x80, 0x80, 0x7F, 0x80, 0x80, 0x80, 0x80, 0x80, 0x80, 0x80, 0x80, 0x80, 0x81, 0x7F, 
	0x80, 0x7F, 0x80, 0x80, 0x81, 0x7F, 0x81, 0x80, 0x80, 0x80, 0x81, 0x7F, 0x80, 0x80, 0x80, 0x80, 
	0x80, 0x80, 0x80, 0x7F, 0x80, 0x80, 0x80, 0x80, 0x80, 0x80, 0x80, 0x81, 0x80, 0x7F, 0x81, 0x80, 
	0x80, 0x80, 0x80, 0x80, 0x81, 0x80, 0x80, 0x80, 0x80, 0x80, 0x7F, 0x80, 0x80, 0x80, 0x80, 0x80, 
	0x81, 0x7F, 0x81, 0x80, 0x80, 0x80, 0x81, 0x80, 0x80, 0x7F, 0x81, 0x80, 0x80, 0x80, 0x81, 0x80, 
	0x80, 0x80, 0x7F, 0x7F, 0x7F, 0x7F, 0x81, 0x80, 0x80, 0x80, 0x80, 0x7F, 0x80, 0x80, 0x7F, 0x80, 
	0x80, 0x80, 0x80, 0x80, 0x80, 0x7F, 0x80, 0x80, 0x80, 0x80, 0x80, 0x80, 0x80, 0x81, 0x7F, 0x81, 
	0x80, 0x81, 0x80, 0x80, 0x80, 0x81, 0x80, 0x7F, 0x80, 0x80, 0x80, 0x7F, 0x80, 0x7F, 0x80, 0x80, 
	0x80, 0x80, 0x80, 0x80, 0x80, 0x80, 0x81, 0x7F, 0x80, 0x80, 0x81, 0x80, 0x81, 0x80, 0x80, 0x80, 
	0x80, 0x80, 0x80, 0x80, 0x80, 0x81, 0x7F, 0x81, 0x7F, 0x80, 0x7F, 0x80, 0x80, 0x81, 0x80, 0x80, 
	0x81, 0x7F, 0x80, 0x80, 0x80, 0x80, 0x80, 0x80, 0x7F, 0x80, 0x80, 0x80, 0x80, 0x80, 0x80, 0x81, 
	0x80, 0x81, 0x80, 0x80, 0x80, 0x81, 0x80, 0x80, 0x81, 0x80, 0x80, 0x80, 0x80, 0x80, 0x80, 0x80, 
	0x80, 0x80, 0x80, 0x80, 0x80, 0x80, 0x80, 0x7F, 0x80, 0x81, 0x80, 0x80, 0x80, 0x80, 0x80, 0x80, 
	0x80, 0x80, 0x80, 0x80, 0x80, 0x81, 0x7F, 0x80, 0x80, 0x81, 0x7F, 0x80, 0x7F, 0x80, 0x80, 0x80, 
	0x80, 0x80, 0x7F, 0x80, 0x80, 0x80, 0x80, 0x80, 0x80, 0x80, 0x80, 0x80, 0x80, 0x80, 0x80, 0x80, 
	0x81, 0x80, 0x81, 0x80, 0x80, 0x80, 0x80, 0x80, 0x80, 0x80, 0x80, 0x80, 0x81, 0x7F, 0x80, 0x80, 
	0x80, 0x80, 0x81, 0x80, 0x80, 0x80, 0x7F, 0x7F, 0x81, 0x80, 0x80, 0x80, 0x80, 0x80, 0x80, 0x80, 
	0x80, 0x7F, 0x80, 0x80, 0x80, 0x80, 0x7F, 0x7F, 0x80, 0x7F, 0x80, 0x80, 0x80, 0x80, 0x80, 0x80, 
	0x81, 0x80, 0x80, 0x80, 0x81, 0x80, 0x81, 0x7F, 0x80, 0x80, 0x80, 0x80, 0x80, 0x7F, 0x80, 0x80, 
	0x80, 0x80, 0x81, 0x80, 0x80, 0x7F, 0x80, 0x7F, 0x81, 0x7F, 0x80, 0x7F, 0x80, 0x7F, 0x81, 0x80, 
	0x80, 0x7F, 0x80, 0x80, 0x80, 0x80, 0x80, 0x80, 0x80, 0x80, 0x80, 0x81, 0x80, 0x81, 0x80, 0x81, 
	0x80, 0x80, 0x80, 0x80, 0x80, 0x80, 0x80, 0x80, 0x7F, 0x80, 0x80, 0x80, 0x80, 0x80, 0x80, 0x80, 
	0x80, 0x80, 0x81, 0x80, 0x80, 0x7F, 0x7F, 0x80, 0x80, 0x7F, 0x80, 0x80, 0x80, 0x7F, 0x7F, 0x80, 
	0x80, 0x80, 0x80, 0x80, 0x80, 0x80, 0x80, 0x80, 0x80, 0x80, 0x80, 0x80, 0x80, 0x80, 0x81, 0x80, 
	0x80, 0x80, 0x80, 0x80, 0x7F, 0x80, 0x80, 0x80, 0x80, 0x80, 0x80, 0x80, 0x80, 0x7F, 0x80, 0x80, 
	0x80, 0x7F, 0x80, 0x7F, 0x81, 0x80, 0x81, 0x80, 0x81, 0x80, 0x80, 0x80, 0x80, 0x7F, 0x80, 0x80, 
	0x81, 0x80, 0x7F, 0x80, 0x80, 0x7F, 0x80, 0x80, 0x81, 0x80, 0x80, 0x80, 0x80, 0x7F, 0x81, 0x7F, 
	0x80, 0x7F, 0x81, 0x7F, 0x80, 0x80, 0x80, 0x7F, 0x7F, 0x80, 0x80, 0x80, 0x80, 0x7F, 0x80, 0x7F, 
	0x80, 0x80, 0x81, 0x7F, 0x81, 0x7F, 0x80, 0x7F, 0x80, 0x7F, 0x81, 0x7F, 0x80, 0x80, 0x80, 0x7F, 
	0x80, 0x7F, 0x80, 0x80, 0x81, 0x7F, 0x80, 0x7F, 0x81, 0x7F, 0x81, 0x80, 0x81, 0x80, 0x80, 0x7F, 
	0x80, 0x80, 0x81, 0x7F, 0x81, 0x7F, 0x81, 0x7F, 0x81, 0x7F, 0x81, 0x7F, 0x80, 0x7F, 0x81, 0x7F, 
	0x81, 0x7F, 0x80, 0x80, 0x80, 0x7F, 0x80, 0x7F, 0x80, 0x80, 0x7F, 0x80, 0x80, 0x80, 0x80, 0x80, 
	0x80, 0x7F, 0x80, 0x80, 0x80, 0x80, 0x80, 0x80, 0x80, 0x80, 0x80, 0x80, 0x80, 0x80, 0x80, 0x7F, 
	0x80, 0x80, 0x80, 0x80, 0x80, 0x80, 0x7F, 0x80, 0x80, 0x80, 0x80, 0x81, 0x80, 0x80, 0x80, 0x80, 
	0x80, 0x80, 0x80, 0x80, 0x80, 0x80, 0x80, 0x81, 0x7F, 0x80, 0x80, 0x81, 0x7F, 0x80, 0x80, 0x80, 
	0x80, 0x80, 0x80, 0x7F, 0x80, 0x81, 0x7F, 0x7F, 0x7F, 0x80, 0x80, 0x80, 0x80, 0x81, 0x7F, 0x80, 
	0x80, 0x80, 0x80, 0x80, 0x80, 0x7F, 0x80, 0x80, 0x80, 0x80, 0x80, 0x80, 0x80, 0x81, 0x80, 0x80, 
	0x80, 0x81, 0x7F, 0x80, 0x80, 0x80, 0x80, 0x80, 0x80, 0x80, 0x7F, 0x81, 0x80, 0x80, 0x80, 0x80, 
	0x80, 0x80, 0x80, 0x80, 0x7F, 0x80, 0x80, 0x80, 0x80, 0x80, 0x80, 0x80, 0x80, 0x80, 0x80, 0x81, 
	0x7F, 0x80, 0x7F, 0x81, 0x80, 0x80, 0x80, 0x80, 0x80, 0x81, 0x80, 0x7F, 0x7F, 0x81, 0x80, 0x80, 
	0x80, 0x80, 0x80, 0x7F, 0x80, 0x80, 0x81, 0x80, 0x80, 0x7F, 0x80, 0x80, 0x80, 0x80, 0x80, 0x80, 
	0x80, 0x7F, 0x80, 0x81, 0x80, 0x80, 0x80, 0x80, 0x7F, 0x80, 0x81, 0x80, 0x80, 0x7F, 0x80, 0x80, 
	0x80, 0x80, 0x7F, 0x81, 0x80, 0x80, 0x80, 0x80, 0x80, 0x80, 0x80, 0x80, 0x80, 0x80, 0x80, 0x80, 
	0x80, 0x80, 0x81, 0x7F, 0x80, 0x80, 0x81, 0x7F, 0x80, 0x80, 0x81, 0x80, 0x80, 0x7F, 0x80, 0x80, 
	0x80, 0x80, 0x80, 0x80, 0x80, 0x80, 0x80, 0x80, 0x80, 0x80, 0x80, 0x7F, 0x80, 0x80, 0x80, 0x7F, 
	0x80, 0x80, 0x80, 0x80, 0x80, 0x81, 0x80, 0x81, 0x80, 0x80, 0x80, 0x81, 0x80, 0x80, 0x80, 0x80, 
	0x80, 0x80, 0x81, 0x80, 0x80, 0x80, 0x81, 0x80, 0x80, 0x80, 0x80, 0x80, 0x80, 0x80, 0x80, 0x7F, 
	0x80, 0x80, 0x80, 0x80, 0x7F, 0x80, 0x80, 0x80, 0x80, 0x80, 0x80, 0x80, 0x80, 0x80, 0x80, 0x80, 
	0x80, 0x80, 0x80, 0x81, 0x80, 0x80, 0x80, 0x80, 0x80, 0x80, 0x7F, 0x80, 0x80, 0x80, 0x80, 0x80, 
	0x80, 0x80, 0x81, 0x80, 0x80, 0x7F, 0x80, 0x80, 0x7F, 0x7F, 0x80, 0x7F, 0x81, 0x80, 0x80, 0x80, 
	0x80, 0x80, 0x80, 0x81, 0x80, 0x80, 0x80, 0x80, 0x80, 0x80, 0x80, 0x80, 0x80, 0x80, 0x80, 0x80, 
	0x80, 0x81, 0x80, 0x80, 0x80, 0x80, 0x81, 0x81, 0x80, 0x80, 0x80, 0x7F, 0x81, 0x80, 0x80, 0x7F, 
	0x81, 0x80, 0x80, 0x80, 0x80, 0x80, 0x80, 0x80, 0x80, 0x80, 0x80, 0x80, 0x80, 0x80, 0x80, 0x80, 
	0x80, 0x80, 0x81, 0x80, 0x80, 0x80, 0x80, 0x80, 0x80, 0x80, 0x80, 0x80, 0x80, 0x80, 0x81, 0x7F, 
	0x80, 0x7F, 0x80, 0x7F, 0x80, 0x80, 0x7F, 0x80, 0x7F, 0x80, 0x7F, 0x81, 0x80, 0x80, 0x7F, 0x80, 
	0x7F, 0x80, 0x80, 0x81, 0x80, 0x80, 0x80, 0x81, 0x80, 0x80, 0x80, 0x81, 0x80, 0x81, 0x80, 0x80, 
	0x80, 0x80, 0x80, 0x80, 0x7F, 0x80, 0x81, 0x80, 0x80, 0x80, 0x7F, 0x80, 0x80, 0x80, 0x80, 0x80, 
	0x80, 0x80, 0x80, 0x80, 0x80, 0x81, 0x80, 0x80, 0x80, 0x80, 0x80, 0x80, 0x80, 0x80, 0x80, 0x7F, 
	0x81, 0x7F, 0x7F, 0x80, 0x81, 0x80, 0x80, 0x80, 0x80, 0x80, 0x80, 0x80, 0x81, 0x80, 0x80, 0x80, 
	0x80, 0x81, 0x7F, 0x80, 0x80, 0x80, 0x80, 0x80, 0x80, 0x80, 0x7F, 0x80, 0x80, 0x7F, 0x80, 0x80, 
	0x80, 0x80, 0x80, 0x81, 0x80, 0x80, 0x80, 0x80, 0x81, 0x80, 0x80, 0x80, 0x80, 0x80, 0x80, 0x7F, 
	0x80, 0x80, 0x80, 0x81, 0x81, 0x80, 0x80, 0x80, 0x7F, 0x80, 0x81, 0x81, 0x80, 0x81, 0x80, 0x80, 
	0x80, 0x80, 0x7F, 0x80, 0x80, 0x80, 0x80, 0x80, 0x80, 0x80, 0x80, 0x80, 0x80, 0x80, 0x80, 0x81, 
	0x80, 0x80, 0x80, 0x80, 0x80, 0x81, 0x7F, 0x80, 0x7F, 0x80, 0x7F, 0x80, 0x80, 0x80, 0x81, 0x7F, 
	0x81, 0x80, 0x80, 0x7F, 0x7F, 0x80, 0x80, 0x80, 0x80, 0x80, 0x7F, 0x80, 0x80, 0x80, 0x80, 0x80, 
	0x80, 0x80, 0x80, 0x80, 0x81, 0x81, 0x81, 0x80, 0x80, 0x81, 0x80, 0x80, 0x80, 0x7F, 0x80, 0x80, 
	0x80, 0x80, 0x80, 0x7F, 0x80, 0x80, 0x80, 0x80, 0x81, 0x80, 0x80, 0x7F, 0x80, 0x80, 0x81, 0x80, 
	0x80, 0x80, 0x80, 0x80, 0x80, 0x80, 0x80, 0x80, 0x80, 0x80, 0x80, 0x80, 0x81, 0x80, 0x80, 0x80, 
	0x80, 0x80, 0x81, 0x80, 0x80, 0x80, 0x80, 0x81, 0x80, 0x80, 0x7F, 0x80, 0x80, 0x80, 0x80, 0x80, 
	0x80, 0x80, 0x80, 0x80, 0x7F, 0x81, 0x81, 0x80, 0x80, 0x81, 0x80, 0x80, 0x80, 0x80, 0x80, 0x80, 
	0x80, 0x80, 0x80, 0x80, 0x80, 0x80, 0x80, 0x80, 0x80, 0x80, 0x80, 0x80, 0x81, 0x80, 0x80, 0x80, 
	0x80, 0x80, 0x80, 0x80, 0x80, 0x7F, 0x80, 0x80, 0x80, 0x80, 0x80, 0x80, 0x80, 0x80, 0x80, 0x81, 
	0x7F, 0x80, 0x80, 0x80, 0x80, 0x80, 0x80, 0x80, 0x80, 0x80, 0x80, 0x80, 0x80, 0x80, 0x80, 0x81, 
	0x80, 0x80, 0x80, 0x7F, 0x7F, 0x80, 0x80, 0x81, 0x80, 0x80, 0x7F, 0x80, 0x80, 0x80, 0x80, 0x80, 
	0x7F, 0x80, 0x7F, 0x81, 0x80, 0x80, 0x80, 0x81, 0x80, 0x80, 0x81, 0x80, 0x80, 0x80, 0x81, 0x80, 
	0x80, 0x80, 0x81, 0x80, 0x80, 0x80, 0x80, 0x7F, 0x80, 0x80, 0x80, 0x80, 0x80, 0x81, 0x80, 0x80, 
	0x80, 0x81, 0x80, 0x81, 0x7F, 0x80, 0x80, 0x80, 0x7F, 0x80, 0x81, 0x80, 0x81, 0x80, 0x80, 0x7F, 
	0x80, 0x80, 0x80, 0x80, 0x80, 0x80, 0x7F, 0x80, 0x80, 0x80, 0x7F, 0x80, 0x7F, 0x80, 0x80, 0x80, 
	0x80, 0x81, 0x7F, 0x80, 0x80, 0x80, 0x81, 0x7F, 0x80, 0x80, 0x80, 0x7F, 0x80, 0x80, 0x80, 0x7F, 
	0x80, 0x80, 0x80, 0x80, 0x80, 0x80, 0x80, 0x80, 0x80, 0x81, 0x80, 0x80, 0x80, 0x80, 0x80, 0x80, 
	0x80, 0x80, 0x81, 0x80, 0x80, 0x81, 0x7F, 0x80, 0x80, 0x80, 0x80, 0x80, 0x80, 0x80, 0x81, 0x80, 
	0x80, 0x80, 0x80, 0x80, 0x7F, 0x80, 0x80, 0x7F, 0x80, 0x80, 0x80, 0x80, 0x80, 0x80, 0x80, 0x80, 
	0x80, 0x80, 0x80, 0x80, 0x80, 0x81, 0x80, 0x80, 0x80, 0x80, 0x81, 0x7F, 0x80, 0x7F, 0x80, 0x7F, 
	0x80, 0x7F, 0x80, 0x80, 0x7F, 0x81, 0x80, 0x80, 0x80, 0x81, 0x7F, 0x80, 0x80, 0x81, 0x80, 0x80, 
	0x80, 0x80, 0x80, 0x80, 0x80, 0x80, 0x81, 0x80, 0x80, 0x80, 0x80, 0x80, 0x81, 0x80, 0x80, 0x80, 
	0x80, 0x80, 0x80, 0x80, 0x80, 0x80, 0x80, 0x80, 0x80, 0x80, 0x80, 0x80, 0x7F, 0x80, 0x7F, 0x7F, 
	0x80, 0x80, 0x80, 0x80, 0x80, 0x7F, 0x80, 0x80, 0x80, 0x7F, 0x80, 0x80, 0x81, 0x80, 0x80, 0x80, 
	0x80, 0x80, 0x80, 0x80, 0x80, 0x80, 0x81, 0x7F, 0x80, 0x81, 0x80, 0x80, 0x7F, 0x80, 0x80, 0x80, 
	0x80, 0x80, 0x80, 0x80, 0x80, 0x81, 0x80, 0x80, 0x81, 0x80, 0x80, 0x80, 0x81, 0x80, 0x80, 0x80, 
	0x80, 0x7F, 0x80, 0x80, 0x80, 0x80, 0x80, 0x7F, 0x80, 0x80, 0x80, 0x80, 0x7F, 0x80, 0x80, 0x80, 
	0x80, 0x80, 0x7F, 0x80, 0x7F, 0x81, 0x80, 0x80, 0x80, 0x80, 0x80, 0x7F, 0x80, 0x7F, 0x80, 0x80, 
	0x80, 0x80, 0x80, 0x80, 0x80, 0x80, 0x80, 0x80, 0x7F, 0x7F, 0x7F, 0x80, 0x80, 0x81, 0x80, 0x80, 
	0x80, 0x80, 0x80, 0x80, 0x80, 0x80, 0x81, 0x80, 0x80, 0x80, 0x80, 0x80, 0x80, 0x7F, 0x81, 0x80, 
	0x80, 0x80, 0x7F, 0x81, 0x80, 0x80, 0x80, 0x80, 0x80, 0x80, 0x80, 0x80, 0x80, 0x80, 0x80, 0x80, 
	0x80, 0x80, 0x80, 0x80, 0x80, 0x80, 0x80, 0x80, 0x80, 0x7F, 0x80, 0x80, 0x80, 0x80, 0x80, 0x80, 
	0x80, 0x80, 0x80, 0x80, 0x80, 0x80, 0x80, 0x81, 0x81, 0x80, 0x7F, 0x80, 0x80, 0x80, 0x80, 0x80, 
	0x80, 0x7F, 0x7F, 0x80, 0x80, 0x7F, 0x80, 0x80, 0x80, 0x80, 0x80, 0x80, 0x80, 0x80, 0x7F, 0x80, 
	0x80, 0x81, 0x80, 0x80, 0x80, 0x81, 0x80, 0x80, 0x81, 0x80, 0x80, 0x80, 0x80, 0x80, 0x80, 0x80, 
	0x7F, 0x80, 0x80, 0x80, 0x80, 0x80, 0x80, 0x80, 0x80, 0x80, 0x7F, 0x80, 0x81, 0x7F, 0x80, 0x80, 
	0x80, 0x80, 0x80, 0x81, 0x80, 0x7F, 0x80, 0x81, 0x80, 0x81, 0x80, 0x80, 0x80, 0x80, 0x81, 0x80, 
	0x7F, 0x80, 0x80, 0x80, 0x80, 0x7F, 0x80, 0x80, 0x80, 0x7F, 0x80, 0x80, 0x80, 0x80, 0x80, 0x7F, 
	0x81, 0x80, 0x80, 0x80, 0x80, 0x80, 0x80, 0x80, 0x80, 0x80, 0x81, 0x81, 0x80, 0x80, 0x7F, 0x80, 
	0x80, 0x80, 0x80, 0x80, 0x80, 0x80, 0x81, 0x80, 0x80, 0x80, 0x7F, 0x80, 0x80, 0x7F, 0x80, 0x80, 
	0x7F, 0x80, 0x80, 0x80, 0x80, 0x81, 0x80, 0x80, 0x80, 0x80, 0x80, 0x80, 0x80, 0x80, 0x80, 0x81, 
	0x7F, 0x81, 0x80, 0x80, 0x80, 0x80, 0x80, 0x81, 0x7F, 0x81, 0x80, 0x80, 0x7F, 0x7F, 0x80, 0x80, 
	0x80, 0x80, 0x80, 0x80, 0x80, 0x80, 0x81, 0x80, 0x80, 0x7F, 0x80, 0x80, 0x7F, 0x81, 0x80, 0x7F, 
	0x80, 0x81, 0x80, 0x80, 0x80, 0x80, 0x80, 0x80, 0x80, 0x80, 0x80, 0x7F, 0x81, 0x80, 0x80, 0x80, 
	0x80, 0x80, 0x80, 0x80, 0x80, 0x80, 0x80, 0x80, 0x80, 0x80, 0x80, 0x80, 0x80, 0x80, 0x80, 0x80, 
	0x80, 0x7F, 0x80, 0x80, 0x81, 0x80, 0x80, 0x80, 0x80, 0x80, 0x80, 0x80, 0x80, 0x80, 0x80, 0x80, 
	0x81, 0x80, 0x80, 0x80, 0x80, 0x80, 0x80, 0x80, 0x80, 0x80, 0x80, 0x80, 0x81, 0x80, 0x80, 0x80, 
	0x80, 0x81, 0x80, 0x80, 0x80, 0x81, 0x81, 0x80, 0x80, 0x80, 0x80, 0x80, 0x80, 0x80, 0x80, 0x80, 
	0x80, 0x80, 0x80, 0x80, 0x80, 0x7F, 0x80, 0x7F, 0x80, 0x81, 0x80, 0x80, 0x80, 0x80, 0x80, 0x80, 
	0x80, 0x80, 0x80, 0x80, 0x7F, 0x80, 0x80, 0x80, 0x80, 0x81, 0x81, 0x80, 0x80, 0x80, 0x80, 0x80, 
	0x80, 0x80, 0x80, 0x80, 0x80, 0x80, 0x81, 0x80, 0x80, 0x80, 0x80, 0x80, 0x80, 0x80, 0x81, 0x80, 
	0x80, 0x80, 0x80, 0x7F, 0x80, 0x80, 0x80, 0x80, 0x80, 0x7F, 0x80, 0x80, 0x81, 0x80, 0x80, 0x7F, 
	0x80, 0x80, 0x81, 0x81, 0x80, 0x7F, 0x80, 0x80, 0x80, 0x80, 0x7F, 0x80, 0x80, 0x80, 0x80, 0x80, 
	0x80, 0x80, 0x80, 0x80, 0x80, 0x80, 0x80, 0x80, 0x81, 0x80, 0x80, 0x80, 0x80, 0x80, 0x80, 0x80, 
	0x80, 0x80, 0x81, 0x80, 0x80, 0x80, 0x80, 0x80, 0x80, 0x80, 0x80, 0x80, 0x80, 0x80, 0x7F, 0x80, 
	0x80, 0x80, 0x80, 0x80, 0x7F, 0x80, 0x80, 0x80, 0x80, 0x80, 0x80, 0x80, 0x80, 0x80, 0x80, 0x80, 
	0x80, 0x80, 0x80, 0x80, 0x80, 0x80, 0x80, 0x80, 0x7F, 0x80, 0x80, 0x80, 0x80, 0x80, 0x80, 0x80, 
	0x80, 0x81, 0x80, 0x80, 0x80, 0x7F, 0x7F, 0x80, 0x81, 0x80, 0x7F, 0x80, 0x80, 0x80, 0x80, 0x80, 
	0x81, 0x7F, 0x7F, 0x80, 0x81, 0x80, 0x80, 0x80, 0x80, 0x80, 0x80, 0x7F, 0x80, 0x81, 0x81, 0x80, 
	0x80, 0x80, 0x80, 0x80, 0x80, 0x80, 0x80, 0x80, 0x80, 0x7F, 0x80, 0x7F, 0x80, 0x80, 0x80, 0x7F, 
	0x81, 0x7F, 0x81, 0x80, 0x80, 0x80, 0x80, 0x80, 0x80, 0x80, 0x7F, 0x80, 0x80, 0x81, 0x80, 0x80, 
	0x80, 0x80, 0x80, 0x80, 0x80, 0x80, 0x80, 0x7F, 0x7F, 0x80, 0x80, 0x80, 0x80, 0x80, 0x80, 0x80, 
	0x80, 0x80, 0x80, 0x7F, 0x80, 0x80, 0x80, 0x80, 0x80, 0x80, 0x80, 0x80, 0x80, 0x7F, 0x80, 0x80, 
	0x80, 0x80, 0x80, 0x80, 0x80, 0x80, 0x80, 0x80, 0x7F, 0x7F, 0x80, 0x80, 0x80, 0x80, 0x7F, 0x80, 
	0x80, 0x80, 0x80, 0x80, 0x80, 0x7F, 0x80, 0x80, 0x80, 0x80, 0x7F, 0x80, 0x80, 0x80, 0x80, 0x80, 
	0x7F, 0x81, 0x80, 0x80, 0x80, 0x80, 0x80, 0x80, 0x80, 0x80, 0x80, 0x7F, 0x80, 0x80, 0x80, 0x80, 
	0x80, 0x80, 0x80, 0x80, 0x80, 0x80, 0x7F, 0x80, 0x7F, 0x7F, 0x80, 0x80, 0x80, 0x80, 0x80, 0x80, 
	0x7F, 0x80, 0x7F, 0x80, 0x80, 0x80, 0x80, 0x80, 0x80, 0x80, 0x80, 0x80, 0x80, 0x7F, 0x80, 0x80, 
	0x80, 0x80, 0x80, 0x80, 0x7F, 0x80, 0x80, 0x80, 0x80, 0x80, 0x80, 0x80, 0x7F, 0x80, 0x80, 0x80, 
	0x80, 0x80, 0x7F, 0x80, 0x80, 0x80, 0x80, 0x80, 0x80, 0x80, 0x80, 0x80, 0x80, 0x80, 0x80, 0x7F, 
	0x80, 0x80, 0x80, 0x80, 0x80, 0x80, 0x80, 0x80, 0x80, 0x80, 0x80, 0x80, 0x80, 0x7F, 0x80, 0x80, 
	0x80, 0x80, 0x80, 0x81, 0x80, 0x80, 0x80, 0x80, 0x80, 0x80, 0x80, 0x80, 0x80, 0x80, 0x80, 0x81, 
	0x80, 0x80, 0x7F, 0x80, 0x81, 0x7F, 0x80, 0x80, 0x80, 0x80, 0x80, 0x80, 0x80, 0x80, 0x80, 0x80, 
	0x80, 0x80, 0x80, 0x80, 0x80, 0x7F, 0x80, 0x80, 0x80, 0x80, 0x80, 0x80, 0x80, 0x80, 0x81, 0x80, 
	0x80, 0x80, 0x81, 0x80, 0x81, 0x81, 0x80, 0x7F, 0x80, 0x7F, 0x80, 0x7F, 0x80, 0x80, 0x80, 0x80, 
	0x80, 0x80, 0x80, 0x80, 0x80, 0x80, 0x80, 0x81, 0x80, 0x80, 0x80, 0x80, 0x81, 0x80, 0x80, 0x80, 
	0x7F, 0x80, 0x80, 0x80, 0x80, 0x81, 0x80, 0x7F, 0x80, 0x7F, 0x7F, 0x80, 0x80, 0x80, 0x80, 0x80, 
	0x7F, 0x80, 0x81, 0x80, 0x80, 0x80, 0x80, 0x7F, 0x7F, 0x80, 0x80, 0x81, 0x80, 0x80, 0x80, 0x80, 
	0x80, 0x80, 0x80, 0x7F, 0x7F, 0x7F, 0x81, 0x80, 0x80, 0x80, 0x80, 0x80, 0x80, 0x80, 0x81, 0x80, 
	0x80, 0x80, 0x80, 0x80, 0x80, 0x81, 0x80, 0x80, 0x80, 0x80, 0x80, 0x7F, 0x7F, 0x81, 0x80, 0x81, 
	0x80, 0x80, 0x80, 0x80, 0x80, 0x7F, 0x7F, 0x80, 0x80, 0x80, 0x80, 0x80, 0x80, 0x80, 0x80, 0x80, 
	0x80, 0x80, 0x80, 0x80, 0x80, 0x80, 0x80, 0x81, 0x80, 0x81, 0x80, 0x80, 0x80, 0x7F, 0x80, 0x81, 
	0x80, 0x80, 0x80, 0x80, 0x80, 0x81, 0x7F, 0x81, 0x80, 0x80, 0x80, 0x80, 0x80, 0x80, 0x80, 0x80, 
	0x81, 0x80, 0x80, 0x80, 0x80, 0x80, 0x80, 0x80, 0x80, 0x80, 0x7F, 0x80, 0x80, 0x80, 0x80, 0x80, 
	0x80, 0x80, 0x80, 0x80, 0x80, 0x80, 0x81, 0x80, 0x80, 0x80, 0x80, 0x7F, 0x80, 0x80, 0x80, 0x80, 
	0x7F, 0x80, 0x7F, 0x7F, 0x80, 0x80, 0x80, 0x80, 0x81, 0x80, 0x80, 0x80, 0x80, 0x7F, 0x80, 0x80, 
	0x80, 0x7F, 0x80, 0x80, 0x80, 0x80, 0x80, 0x80, 0x80, 0x7F, 0x7F, 0x80, 0x80, 0x80, 0x80, 0x7F, 
	0x80, 0x80, 0x80, 0x80, 0x80, 0x80, 0x80, 0x80, 0x80, 0x80, 0x80, 0x80, 0x80, 0x80, 0x80, 0x80, 
	0x80, 0x81, 0x80, 0x80, 0x80, 0x80, 0x7F, 0x80, 0x80, 0x80, 0x80, 0x80, 0x80, 0x80, 0x80, 0x80, 
	0x80, 0x80, 0x81, 0x80, 0x80, 0x80, 0x80, 0x7F, 0x80, 0x81, 0x80, 0x80, 0x80, 0x80, 0x80, 0x80, 
	0x80, 0x80, 0x81, 0x80, 0x80, 0x80, 0x80, 0x80, 0x80, 0x80, 0x7F, 0x80, 0x80, 0x80, 0x80, 0x7F, 
	0x80, 0x80, 0x80, 0x80, 0x7F, 0x80, 0x80, 0x80, 0x80, 0x7F, 0x80, 0x80, 0x80, 0x80, 0x81, 0x81, 
	0x7F, 0x80, 0x80, 0x80, 0x80, 0x80, 0x80, 0x80, 0x80, 0x80, 0x80, 0x80, 0x7F, 0x80, 0x80, 0x81, 
	0x7F, 0x80, 0x80, 0x81, 0x7F, 0x80, 0x80, 0x7F, 0x80, 0x80, 0x80, 0x81, 0x80, 0x80, 0x80, 0x80, 
	0x80, 0x80, 0x80, 0x80, 0x80, 0x80, 0x80, 0x80, 0x80, 0x81, 0x7F, 0x80, 0x80, 0x80, 0x80, 0x80, 
	0x80, 0x80, 0x80, 0x80, 0x80, 0x81, 0x80, 0x7F, 0x80, 0x7F, 0x80, 0x80, 0x80, 0x80, 0x80, 0x80, 
	0x80, 0x80, 0x80, 0x80, 0x7F, 0x81, 0x7F, 0x80, 0x80, 0x81, 0x80, 0x80, 0x80, 0x80, 0x7F, 0x80, 
	0x80, 0x80, 0x80, 0x80, 0x80, 0x80, 0x80, 0x80, 0x80, 0x80, 0x80, 0x80, 0x7F, 0x80, 0x80, 0x80, 
	0x80, 0x80, 0x80, 0x80, 0x80, 0x80, 0x80, 0x80, 0x80, 0x80, 0x80, 0x7F, 0x80, 0x80, 0x80, 0x80, 
	0x80, 0x81, 0x7F, 0x80, 0x80, 0x80, 0x80, 0x80, 0x80, 0x80, 0x80, 0x80, 0x80, 0x80, 0x80, 0x80, 
	0x80, 0x80, 0x80, 0x80, 0x80, 0x80, 0x80, 0x80, 0x80, 0x7F, 0x80, 0x80, 0x80, 0x80, 0x80, 0x7F, 
	0x80, 0x80, 0x80, 0x80, 0x80, 0x80, 0x80, 0x80, 0x81, 0x80, 0x80, 0x80, 0x80, 0x80, 0x81, 0x80, 
	0x80, 0x81, 0x80, 0x7F, 0x80, 0x80, 0x80, 0x80, 0x80, 0x7F, 0x81, 0x80, 0x80, 0x80, 0x80, 0x80, 
	0x7F, 0x7F, 0x80, 0x7F, 0x80, 0x80, 0x80, 0x7F, 0x80, 0x80, 0x80, 0x80, 0x80, 0x80, 0x80, 0x80, 
	0x80, 0x80, 0x7F, 0x80, 0x80, 0x80, 0x80, 0x7F, 0x80, 0x80, 0x81, 0x80, 0x80, 0x80, 0x7F, 0x81, 
	0x80, 0x80, 0x80, 0x80, 0x80, 0x81, 0x80, 0x80, 0x80, 0x80, 0x80, 0x80, 0x80, 0x80, 0x80, 0x80, 
	0x80, 0x80, 0x80, 0x7F, 0x80, 0x80, 0x80, 0x7F, 0x80, 0x80, 0x80, 0x80, 0x80, 0x80, 0x7F, 0x80, 
	0x80, 0x80, 0x7F, 0x80, 0x80, 0x80, 0x80, 0x80, 0x80, 0x80, 0x80, 0x80, 0x80, 0x81, 0x80, 0x80, 
	0x80, 0x80, 0x80, 0x80, 0x7F, 0x80, 0x80, 0x80, 0x80, 0x80, 0x80, 0x80, 0x80, 0x80, 0x80, 0x80, 
	0x81, 0x80, 0x80, 0x80, 0x80, 0x81, 0x80, 0x7F, 0x80, 0x80, 0x7F, 0x80, 0x7F, 0x80, 0x80, 0x80, 
	0x80, 0x81, 0x80, 0x80, 0x7F, 0x80, 0x80, 0x80, 0x80, 0x80, 0x80, 0x80, 0x80, 0x80, 0x80, 0x80, 
	0x80, 0x80, 0x80, 0x80, 0x80, 0x81, 0x7F, 0x80, 0x80, 0x80, 0x80, 0x80, 0x7F, 0x80, 0x80, 0x81, 
	0x80, 0x80, 0x80, 0x80, 0x80, 0x80, 0x80, 0x80, 0x80, 0x80, 0x80, 0x81, 0x80, 0x81, 0x80, 0x80, 
	0x80, 0x80, 0x81, 0x80, 0x81, 0x80, 0x80, 0x80, 0x7F, 0x80, 0x80, 0x80, 0x7F, 0x80, 0x80, 0x80, 
	0x80, 0x81, 0x80, 0x80, 0x80, 0x80, 0x81, 0x80, 0x81, 0x80, 0x7F, 0x7F, 0x80, 0x7F, 0x81, 0x80, 
	0x7F, 0x80, 0x80, 0x80, 0x80, 0x80, 0x80, 0x80, 0x81, 0x80, 0x80, 0x81, 0x80, 0x80, 0x80, 0x80, 
	0x80, 0x80, 0x80, 0x80, 0x80, 0x80, 0x80, 0x80, 0x7F, 0x80, 0x80, 0x80, 0x81, 0x7F, 0x80, 0x80, 
	0x80, 0x80, 0x80, 0x80, 0x80, 0x7F, 0x80, 0x81, 0x7F, 0x80, 0x80, 0x80, 0x81, 0x80, 0x81, 0x80, 
	0x7F, 0x80, 0x80, 0x80, 0x80, 0x80, 0x80, 0x7F, 0x80, 0x80, 0x80, 0x80, 0x80, 0x7F, 0x80, 0x80, 
	0x80, 0x80, 0x80, 0x80, 0x80, 0x80, 0x7F, 0x80, 0x80, 0x80, 0x80, 0x80, 0x81, 0x80, 0x80, 0x81, 
	0x80, 0x80, 0x80, 0x80, 0x80, 0x80, 0x80, 0x80, 0x80, 0x80, 0x80, 0x81, 0x80, 0x80, 0x80, 0x80, 
	0x80, 0x80, 0x80, 0x81, 0x80, 0x80, 0x80, 0x81, 0x80, 0x80, 0x80, 0x80, 0x80, 0x80, 0x80, 0x80, 
	0x80, 0x81, 0x81, 0x80, 0x80, 0x80, 0x80, 0x80, 0x7F, 0x80, 0x80, 0x80, 0x81, 0x80, 0x80, 0x80, 
	0x81, 0x80, 0x80, 0x80, 0x80, 0x80, 0x80, 0x7F, 0x80, 0x80, 0x80, 0x80, 0x80, 0x7F, 0x80, 0x80, 
	0x80, 0x80, 0x80, 0x80, 0x80, 0x80, 0x80, 0x7F, 0x80, 0x80, 0x80, 0x80, 0x80, 0x80, 0x80, 0x80, 
	0x81, 0x80, 0x80, 0x80, 0x80, 0x80, 0x80, 0x7F, 0x80, 0x80, 0x81, 0x80, 0x7F, 0x80, 0x7F, 0x80, 
	0x7F, 0x80, 0x80, 0x80, 0x80, 0x80, 0x80, 0x80, 0x80, 0x80, 0x80, 0x80, 0x80, 0x81, 0x80, 0x80, 
	0x81, 0x80, 0x80, 0x81, 0x7F, 0x80, 0x80, 0x80, 0x80, 0x80, 0x7F, 0x7F, 0x80, 0x80, 0x80, 0x80, 
	0x80, 0x80, 0x80, 0x80, 0x80, 0x80, 0x80, 0x81, 0x80, 0x80, 0x80, 0x7F, 0x80, 0x7F, 0x7F, 0x81, 
	0x81, 0x80, 0x7F, 0x81, 0x80, 0x80, 0x80, 0x81, 0x80, 0x80, 0x80, 0x80, 0x80, 0x80, 0x80, 0x80, 
	0x80, 0x80, 0x81, 0x80, 0x80, 0x80, 0x80, 0x80, 0x80, 0x80, 0x81, 0x80, 0x81, 0x80, 0x7F, 0x80, 
	0x80, 0x80, 0x81, 0x80, 0x80, 0x80, 0x80, 0x80, 0x80, 0x80, 0x7F, 0x80, 0x80, 0x80, 0x80, 0x7F, 
	0x80, 0x80, 0x80, 0x80, 0x80, 0x80, 0x80, 0x80, 0x80, 0x80, 0x80, 0x80, 0x80, 0x80, 0x7F, 0x80, 
	0x80, 0x80, 0x80, 0x80, 0x80, 0x80, 0x80, 0x80, 0x80, 0x7F, 0x80, 0x7F, 0x80, 0x80, 0x80, 0x80, 
	0x80, 0x80, 0x80, 0x80, 0x80, 0x80, 0x80, 0x81, 0x80, 0x7F, 0x80, 0x81, 0x80, 0x81, 0x80, 0x80, 
	0x80, 0x7F, 0x80, 0x80, 0x80, 0x80, 0x80, 0x80, 0x80, 0x80, 0x80, 0x7F, 0x80, 0x80, 0x80, 0x80, 
	0x7F, 0x81, 0x7F, 0x80, 0x80, 0x80, 0x80, 0x80, 0x80, 0x80, 0x80, 0x80, 0x80, 0x80, 0x80, 0x7F, 
	0x7F, 0x80, 0x80, 0x80, 0x80, 0x80, 0x80, 0x80, 0x7F, 0x81, 0x80, 0x7F, 0x80, 0x80, 0x80, 0x80, 
	0x80, 0x80, 0x80, 0x81, 0x81, 0x80, 0x80, 0x80, 0x80, 0x81, 0x80, 0x81, 0x7F, 0x80, 0x80, 0x80, 
	0x81, 0x80, 0x80, 0x80, 0x80, 0x80, 0x80, 0x81, 0x80, 0x80, 0x80, 0x80, 0x7F, 0x80, 0x7F, 0x80, 
	0x80, 0x80, 0x81, 0x80, 0x80, 0x7F, 0x80, 0x80, 0x80, 0x80, 0x80, 0x80, 0x80, 0x7F, 0x80, 0x7F, 
	0x80, 0x81, 0x7F, 0x80, 0x80, 0x7F, 0x80, 0x80, 0x81, 0x81, 0x80, 0x80, 0x81, 0x80, 0x80, 0x80, 
	0x81, 0x81, 0x80, 0x80, 0x80, 0x7F, 0x80, 0x80, 0x80, 0x7F, 0x80, 0x80, 0x80, 0x7F, 0x80, 0x80, 
	0x80, 0x80, 0x80, 0x80, 0x80, 0x80, 0x7F, 0x80, 0x7F, 0x80, 0x80, 0x80, 0x80, 0x80, 0x7F, 0x80, 
	0x80, 0x80, 0x80, 0x7F, 0x80, 0x80, 0x80, 0x80, 0x80, 0x80, 0x80, 0x80, 0x80, 0x80, 0x7F, 0x80, 
	0x80, 0x80, 0x80, 0x7F, 0x80, 0x80, 0x80, 0x80, 0x80, 0x80, 0x80, 0x81, 0x80, 0x80, 0x80, 0x80, 
	0x81, 0x80, 0x7F, 0x80, 0x80, 0x80, 0x80, 0x80, 0x80, 0x7F, 0x80, 0x80, 0x80, 0x80, 0x80, 0x80, 
	0x80, 0x80, 0x80, 0x80, 0x7F, 0x80, 0x80, 0x80, 0x80, 0x80, 0x80, 0x80, 0x80, 0x80, 0x80, 0x80, 
	0x80, 0x80, 0x80, 0x80, 0x80, 0x7F, 0x80, 0x80, 0x81, 0x80, 0x80, 0x80, 0x7F, 0x80, 0x80, 0x80, 
	0x80, 0x80, 0x7F, 0x80, 0x80, 0x80, 0x80, 0x80, 0x80, 0x80, 0x80, 0x80, 0x80, 0x80, 0x7F, 0x80, 
	0x80, 0x80, 0x80, 0x81, 0x80, 0x80, 0x80, 0x80, 0x7F, 0x80, 0x80, 0x7F, 0x80, 0x80, 0x80, 0x80, 
	0x80, 0x80, 0x80, 0x80, 0x80, 0x80, 0x80, 0x80, 0x80, 0x80, 0x80, 0x80, 0x81, 0x80, 0x80, 0x81, 
	0x80, 0x80, 0x80, 0x80, 0x80, 0x81, 0x80, 0x7F, 0x80, 0x80, 0x80, 0x80, 0x80, 0x80, 0x80, 0x80, 
	0x81, 0x80, 0x80, 0x80, 0x80, 0x80, 0x80, 0x80, 0x80, 0x81, 0x80, 0x80, 0x80, 0x80, 0x80, 0x80, 
	0x81, 0x80, 0x80, 0x7F, 0x80, 0x80, 0x81, 0x80, 0x7F, 0x80, 0x80, 0x80, 0x80, 0x80, 0x80, 0x80, 
	0x80, 0x80, 0x80, 0x81, 0x80, 0x80, 0x80, 0x80, 0x80, 0x80, 0x80, 0x80, 0x81, 0x81, 0x80, 0x80, 
	0x80, 0x80, 0x7F, 0x80, 0x80, 0x80, 0x7F, 0x80, 0x80, 0x80, 0x80, 0x80, 0x80, 0x80, 0x7F, 0x80, 
	0x80, 0x80, 0x80, 0x80, 0x80, 0x7F, 0x81, 0x80, 0x80, 0x80, 0x7F, 0x81, 0x80, 0x7F, 0x7F, 0x81, 
	0x80, 0x80, 0x80, 0x7F, 0x80, 0x80, 0x7F, 0x80, 0x80, 0x80, 0x80, 0x80, 0x80, 0x80, 0x81, 0x80, 
	0x80, 0x80, 0x80, 0x80, 0x80, 0x80, 0x80, 0x80, 0x7F, 0x80, 0x80, 0x7F, 0x80, 0x80, 0x80, 0x80, 
	0x80, 0x80, 0x80, 0x80, 0x80, 0x80, 0x80, 0x80, 0x80, 0x80, 0x80, 0x80, 0x80, 0x80, 0x80, 0x7F, 
	0x7F, 0x80, 0x80, 0x81, 0x80, 0x80, 0x80, 0x80, 0x80, 0x80, 0x80, 0x7F, 0x80, 0x80, 0x80, 0x80, 
	0x80, 0x7F, 0x80, 0x80, 0x80, 0x80, 0x80, 0x80, 0x7F, 0x7F, 0x80, 0x7F, 0x81, 0x80, 0x80, 0x80, 
	0x7F, 0x81, 0x80, 0x80, 0x80, 0x80, 0x7F, 0x80, 0x80, 0x80, 0x80, 0x80, 0x7F, 0x80, 0x80, 0x80, 
	0x7F, 0x80, 0x80, 0x80, 0x80, 0x80, 0x80, 0x80, 0x80, 0x80, 0x7F, 0x80, 0x80, 0x80, 0x80, 0x80, 
	0x80, 0x80, 0x80, 0x80, 0x80, 0x80, 0x80, 0x80, 0x7F, 0x7F, 0x81, 0x80, 0x80, 0x80, 0x80, 0x80, 
	0x80, 0x80, 0x81, 0x80, 0x80, 0x80, 0x80, 0x80, 0x80, 0x80, 0x80, 0x80, 0x80, 0x80, 0x80, 0x80, 
	0x80, 0x80, 0x80, 0x80, 0x80, 0x7F, 0x80, 0x80, 0x80, 0x80, 0x81, 0x80, 0x80, 0x80, 0x81, 0x80, 
	0x7F, 0x7F, 0x7F, 0x80, 0x81, 0x80, 0x7F, 0x80, 0x80, 0x80, 0x80, 0x7F, 0x80, 0x80, 0x80, 0x7F, 
	0x81, 0x80, 0x80, 0x81, 0x7F, 0x81, 0x80, 0x80, 0x80, 0x80, 0x80, 0x80, 0x80, 0x7F, 0x81, 0x80, 
	0x80, 0x80, 0x80, 0x80, 0x80, 0x7F, 0x80, 0x80, 0x80, 0x81, 0x80, 0x80, 0x80, 0x80, 0x80, 0x80, 
	0x80, 0x81, 0x80, 0x80, 0x81, 0x80, 0x80, 0x80, 0x80, 0x80, 0x80, 0x7F, 0x80, 0x80, 0x7F, 0x80, 
	0x81, 0x80, 0x80, 0x80, 0x80, 0x80, 0x80, 0x80, 0x80, 0x80, 0x80, 0x7F, 0x80, 0x80, 0x80, 0x80, 
	0x80, 0x80, 0x80, 0x80, 0x80, 0x80, 0x80, 0x80, 0x80, 0x80, 0x80, 0x80, 0x81, 0x80, 0x80, 0x80, 
	0x80, 0x80, 0x80, 0x80, 0x80, 0x80, 0x7F, 0x7F, 0x80, 0x80, 0x80, 0x7F, 0x7F, 0x80, 0x80, 0x80, 
	0x80, 0x80, 0x80, 0x80, 0x80, 0x80, 0x80, 0x80, 0x80, 0x81, 0x80, 0x80, 0x80, 0x80, 0x80, 0x80, 
	0x80, 0x80, 0x80, 0x80, 0x80, 0x80, 0x80, 0x7F, 0x80, 0x80, 0x80, 0x80, 0x80, 0x80, 0x80, 0x80, 
	0x80, 0x80, 0x80, 0x80, 0x80, 0x7F, 0x80, 0x80, 0x80, 0x80, 0x80, 0x80, 0x80, 0x81, 0x80, 0x7F, 
	0x80, 0x80, 0x80, 0x81, 0x80, 0x80, 0x80, 0x7F, 0x80, 0x80, 0x80, 0x80, 0x80, 0x80, 0x80, 0x80, 
	0x80, 0x80, 0x80, 0x80, 0x80, 0x80, 0x80, 0x7F, 0x80, 0x81, 0x80, 0x80, 0x80, 0x80, 0x80, 0x80, 
	0x80, 0x80, 0x81, 0x80, 0x81, 0x80, 0x7F, 0x80, 0x80, 0x80, 0x80, 0x80, 0x80, 0x80, 0x80, 0x80, 
	0x80, 0x81, 0x80, 0x7F, 0x80, 0x80, 0x80, 0x80, 0x7F, 0x80, 0x80, 0x7F, 0x80, 0x80, 0x80, 0x80, 
	0x80, 0x80, 0x80, 0x80, 0x80, 0x80, 0x80, 0x80, 0x80, 0x80, 0x80, 0x80, 0x7F, 0x80, 0x80, 0x80, 
	0x80, 0x80, 0x80, 0x80, 0x80, 0x80, 0x80, 0x81, 0x80, 0x80, 0x80, 0x80, 0x80, 0x80, 0x80, 0x80, 
	0x81, 0x80, 0x80, 0x7F, 0x80, 0x80, 0x80, 0x80, 0x80, 0x80, 0x81, 0x80, 0x7F, 0x80, 0x80, 0x7F, 
	0x80, 0x80, 0x80, 0x80, 0x80, 0x80, 0x80, 0x80, 0x81, 0x80, 0x80, 0x80, 0x7F, 0x80, 0x80, 0x80, 
	0x80, 0x80, 0x80, 0x80, 0x81, 0x80, 0x80, 0x80, 0x7F, 0x80, 0x80, 0x80, 0x80, 0x80, 0x7F, 0x80, 
	0x80, 0x80, 0x80, 0x80, 0x80, 0x80, 0x80, 0x80, 0x80, 0x80, 0x80, 0x80, 0x7F, 0x7F, 0x80, 0x80, 
	0x81, 0x7F, 0x80, 0x80, 0x80, 0x80, 0x80, 0x81, 0x80, 0x80, 0x80, 0x80, 0x80, 0x80, 0x80, 0x80, 
	0x80, 0x80, 0x80, 0x80, 0x7F, 0x80, 0x80, 0x80, 0x80, 0x80, 0x81, 0x80, 0x7F, 0x80, 0x80, 0x80, 
	0x80, 0x81, 0x80, 0x80, 0x80, 0x80, 0x81, 0x81, 0x80, 0x7F, 0x80, 0x80, 0x80, 0x80, 0x81, 0x80, 
	0x80, 0x80, 0x80, 0x80, 0x80, 0x81, 0x80, 0x80, 0x80, 0x80, 0x80, 0x80, 0x80, 0x80, 0x80, 0x80, 
	0x7F, 0x80, 0x80, 0x80, 0x7F, 0x80, 0x80, 0x80, 0x80, 0x80, 0x7F, 0x80, 0x80, 0x80, 0x80, 0x80, 
	0x80, 0x80, 0x80, 0x80, 0x80, 0x80, 0x80, 0x80, 0x80, 0x80, 0x7F, 0x7F, 0x81, 0x80, 0x80, 0x80, 
	0x80, 0x7F, 0x7F, 0x80, 0x80, 0x80, 0x80, 0x80, 0x80, 0x80, 0x80, 0x80, 0x80, 0x80, 0x80, 0x80, 
	0x80, 0x80, 0x80, 0x80, 0x80, 0x80, 0x7F, 0x80, 0x80, 0x80, 0x81, 0x80, 0x7F, 0x80, 0x81, 0x80, 
	0x80, 0x80, 0x80, 0x80, 0x7F, 0x80, 0x80, 0x80, 0x80, 0x80, 0x80, 0x80, 0x80, 0x80, 0x80, 0x80, 
	0x80, 0x81, 0x80, 0x80, 0x7F, 0x80, 0x80, 0x80, 0x80, 0x7F, 0x80, 0x80, 0x80, 0x80, 0x80, 0x80, 
	0x80, 0x80, 0x80, 0x80, 0x80, 0x7F, 0x80, 0x80, 0x80, 0x81, 0x80, 0x80, 0x80, 0x80, 0x80, 0x80, 
	0x80, 0x80, 0x80, 0x80, 0x80, 0x80, 0x80, 0x81, 0x7F, 0x80, 0x81, 0x80, 0x80, 0x7F, 0x80, 0x80, 
	0x81, 0x80, 0x80, 0x80, 0x80, 0x80, 0x80, 0x80, 0x80, 0x80, 0x7F, 0x80, 0x80, 0x80, 0x80, 0x80, 
	0x80, 0x80, 0x80, 0x80, 0x80, 0x80, 0x80, 0x81, 0x80, 0x80, 0x80, 0x80, 0x80, 0x80, 0x80, 0x80, 
	0x80, 0x80, 0x81, 0x80, 0x80, 0x80, 0x81, 0x7F, 0x7F, 0x80, 0x80, 0x80, 0x80, 0x80, 0x80, 0x7F, 
	0x81, 0x80, 0x80, 0x80, 0x80, 0x80, 0x81, 0x80, 0x80, 0x80, 0x80, 0x80, 0x80, 0x80, 0x80, 0x80, 
	0x7F, 0x81, 0x81, 0x80, 0x7F, 0x7F, 0x80, 0x80, 0x81, 0x80, 0x80, 0x80, 0x80, 0x80, 0x80, 0x80, 
	0x80, 0x80, 0x80, 0x80, 0x80, 0x80, 0x80, 0x80, 0x7F, 0x80, 0x80, 0x80, 0x80, 0x80, 0x80, 0x7F, 
	0x81, 0x80, 0x80, 0x80, 0x80, 0x80, 0x80, 0x80, 0x80, 0x80, 0x80, 0x80, 0x7F, 0x81, 0x80, 0x80, 
	0x80, 0x7F, 0x80, 0x80, 0x7F, 0x80, 0x80, 0x80, 0x81, 0x80, 0x80, 0x7F, 0x80, 0x80, 0x80, 0x80, 
	0x80, 0x80, 0x81, 0x81, 0x80, 0x80, 0x7F, 0x81, 0x80, 0x81, 0x80, 0x80, 0x80, 0x80, 0x80, 0x80, 
	0x80, 0x7F, 0x80, 0x80, 0x7F, 0x81, 0x80, 0x81, 0x80, 0x80, 0x80, 0x80, 0x80, 0x7F, 0x80, 0x7F, 
	0x81, 0x80, 0x80, 0x80, 0x80, 0x80, 0x80, 0x80, 0x80, 0x80, 0x80, 0x80, 0x80, 0x7F, 0x80, 0x80, 
	0x80, 0x80, 0x7F, 0x80, 0x7F, 0x80, 0x81, 0x7F, 0x81, 0x7F, 0x80, 0x80, 0x7F, 0x80, 0x7F, 0x80, 
	0x80, 0x7F, 0x80, 0x80, 0x80, 0x80, 0x7F, 0x80, 0x80, 0x80, 0x81, 0x80, 0x80, 0x80, 0x80, 0x80, 
	0x81, 0x80, 0x7F, 0x80, 0x80, 0x7F, 0x81, 0x80, 0x80, 0x80, 0x80, 0x80, 0x80, 0x80, 0x80, 0x80, 
	0x80, 0x80, 0x7F, 0x80, 0x80, 0x80, 0x80, 0x80, 0x80, 0x80, 0x80, 0x80, 0x80, 0x81, 0x80, 0x7F, 
	0x81, 0x80, 0x80, 0x80, 0x80, 0x7F, 0x80, 0x80, 0x80, 0x80, 0x80, 0x80, 0x80, 0x80, 0x80, 0x80, 
	0x80, 0x80, 0x80, 0x80, 0x80, 0x80, 0x80, 0x80, 0x7F, 0x80, 0x80, 0x7F, 0x80, 0x80, 0x80, 0x80, 
	0x80, 0x80, 0x80, 0x80, 0x81, 0x80, 0x80, 0x7F, 0x7F, 0x7F, 0x80, 0x80, 0x81, 0x80, 0x80, 0x80, 
	0x80, 0x80, 0x80, 0x80, 0x80, 0x80, 0x80, 0x7F, 0x80, 0x80, 0x80, 0x80, 0x80, 0x80, 0x80, 0x80, 
	0x80, 0x80, 0x80, 0x80, 0x80, 0x80, 0x7F, 0x80, 0x80, 0x81, 0x7F, 0x80, 0x80, 0x80, 0x80, 0x80, 
	0x7F, 0x7F, 0x80, 0x80, 0x80, 0x81, 0x80, 0x81, 0x80, 0x80, 0x80, 0x80, 0x80, 0x80, 0x80, 0x80, 
	0x80, 0x80, 0x80, 0x80, 0x81, 0x80, 0x80, 0x80, 0x7F, 0x80, 0x80, 0x80, 0x80, 0x80, 0x80, 0x80, 
	0x80, 0x80, 0x80, 0x80, 0x80, 0x80, 0x80, 0x80, 0x80, 0x80, 0x80, 0x80, 0x80, 0x80, 0x80, 0x80, 
	0x80, 0x80, 0x80, 0x80, 0x80, 0x81, 0x80, 0x80, 0x81, 0x80, 0x80, 0x80, 0x80, 0x80, 0x80, 0x80, 
	0x80, 0x7F, 0x80, 0x80, 0x80, 0x80, 0x80, 0x80, 0x80, 0x80, 0x80, 0x80, 0x7F, 0x80, 0x80, 0x80, 
	0x80, 0x80, 0x80, 0x80, 0x80, 0x80, 0x80, 0x80, 0x81, 0x80, 0x80, 0x80, 0x80, 0x80, 0x81, 0x81, 
	0x80, 0x80, 0x80, 0x80, 0x80, 0x80, 0x80, 0x7F, 0x7F, 0x80, 0x80, 0x80, 0x80, 0x80, 0x80, 0x80, 
	0x80, 0x80, 0x80, 0x80, 0x7F, 0x80, 0x80, 0x80, 0x80, 0x80, 0x80, 0x80, 0x80, 0x80, 0x80, 0x80, 
	0x80, 0x80, 0x7F, 0x80, 0x80, 0x80, 0x80, 0x7F, 0x80, 0x80, 0x80, 0x80, 0x80, 0x80, 0x80, 0x80, 
	0x81, 0x81, 0x7F, 0x80, 0x80, 0x80, 0x81, 0x80, 0x80, 0x80, 0x80, 0x80, 0x80, 0x80, 0x80, 0x81, 
	0x80, 0x80, 0x80, 0x80, 0x81, 0x80, 0x80, 0x80, 0x80, 0x80, 0x80, 0x80, 0x80, 0x80, 0x80, 0x80, 
	0x81, 0x80, 0x80, 0x81, 0x80, 0x7F, 0x80, 0x80, 0x80, 0x80, 0x80, 0x80, 0x80, 0x80, 0x80, 0x80, 
	0x80, 0x81, 0x81, 0x7F, 0x80, 0x80, 0x80, 0x80, 0x80, 0x80, 0x80, 0x80, 0x80, 0x80, 0x80, 0x80, 
	0x80, 0x80, 0x7F, 0x80, 0x7F, 0x80, 0x7F, 0x80, 0x7F, 0x81, 0x80, 0x7F, 0x80, 0x80, 0x80, 0x80, 
	0x80, 0x80, 0x80, 0x80, 0x80, 0x80, 0x80, 0x80, 0x80, 0x80, 0x80, 0x80, 0x80, 0x81, 0x80, 0x80, 
	0x80, 0x80, 0x80, 0x80, 0x7F, 0x80, 0x80, 0x80, 0x80, 0x81, 0x7F, 0x80, 0x80, 0x80, 0x7F, 0x80, 
	0x80, 0x7F, 0x80, 0x80, 0x80, 0x80, 0x80, 0x80, 0x7F, 0x80, 0x80, 0x80, 0x80, 0x80, 0x80, 0x80, 
	0x7F, 0x80, 0x80, 0x80, 0x80, 0x80, 0x80, 0x80, 0x80, 0x80, 0x80, 0x80, 0x7F, 0x80, 0x80, 0x80, 
	0x80, 0x7F, 0x80, 0x80, 0x80, 0x7F, 0x80, 0x80, 0x80, 0x80, 0x80, 0x81, 0x80, 0x80, 0x80, 0x80, 
	0x7F, 0x80, 0x80, 0x80, 0x80, 0x80, 0x80, 0x80, 0x80, 0x80, 0x80, 0x80, 0x80, 0x80, 0x80, 0x80, 
	0x80, 0x80, 0x80, 0x80, 0x81, 0x80, 0x80, 0x80, 0x80, 0x80, 0x80, 0x80, 0x80, 0x80, 0x80, 0x80, 
	0x80, 0x80, 0x81, 0x80, 0x80, 0x80, 0x7F, 0x80, 0x80, 0x81, 0x80, 0x80, 0x80, 0x80, 0x80, 0x7F, 
	0x80, 0x80, 0x80, 0x7F, 0x80, 0x81, 0x80, 0x80, 0x80, 0x80, 0x80, 0x80, 0x80, 0x80, 0x81, 0x81, 
	0x80, 0x80, 0x80, 0x81, 0x7F, 0x80, 0x80, 0x80, 0x80, 0x80, 0x7F, 0x80, 0x80, 0x80, 0x80, 0x7F, 
	0x80, 0x80, 0x80, 0x80, 0x80, 0x80, 0x80, 0x80, 0x80, 0x80, 0x81, 0x80, 0x81, 0x80, 0x80, 0x80, 
	0x80, 0x80, 0x80, 0x80, 0x80, 0x80, 0x7F, 0x81, 0x81, 0x7F, 0x80, 0x80, 0x80, 0x80, 0x80, 0x80, 
	0x80, 0x80, 0x80, 0x80, 0x80, 0x80, 0x80, 0x7F, 0x80, 0x80, 0x7F, 0x80, 0x80, 0x81, 0x80, 0x80, 
	0x80, 0x80, 0x80, 0x80, 0x80, 0x7F, 0x80, 0x81, 0x80, 0x7F, 0x80, 0x80, 0x80, 0x80, 0x80, 0x80, 
	0x80, 0x80, 0x80, 0x80, 0x80, 0x80, 0x80, 0x80, 0x80, 0x80, 0x80, 0x80, 0x80, 0x80, 0x80, 0x80, 
	0x7F, 0x80, 0x80, 0x80, 0x7F, 0x81, 0x80, 0x80, 0x80, 0x80, 0x80, 0x80, 0x80, 0x80, 0x80, 0x80, 
	0x80, 0x80, 0x80, 0x80, 0x80, 0x80, 0x80, 0x81, 0x80, 0x80, 0x81, 0x80, 0x80, 0x81, 0x81, 0x80, 
	0x80, 0x80, 0x80, 0x80, 0x80, 0x80, 0x80, 0x80, 0x80, 0x80, 0x80, 0x80, 0x80, 0x80, 0x80, 0x7F, 
	0x81, 0x80, 0x80, 0x80, 0x7F, 0x7F, 0x80, 0x80, 0x80, 0x80, 0x80, 0x7F, 0x80, 0x80, 0x7F, 0x80, 
	0x80, 0x80, 0x80, 0x80, 0x80, 0x80, 0x80, 0x80, 0x80, 0x80, 0x7F, 0x80, 0x80, 0x81, 0x80, 0x7F, 
	0x80, 0x80, 0x81, 0x80, 0x80, 0x7F, 0x7F, 0x80, 0x80, 0x80, 0x80, 0x80, 0x80, 0x80, 0x80, 0x81, 
	0x80, 0x80, 0x80, 0x80, 0x80, 0x81, 0x80, 0x80, 0x80, 0x80, 0x80, 0x80, 0x81, 0x80, 0x80, 0x80, 
	0x7F, 0x80, 0x80, 0x80, 0x7F, 0x80, 0x80, 0x80, 0x80, 0x81, 0x80, 0x80, 0x80, 0x7F, 0x80, 0x80, 
	0x80, 0x7F, 0x7F, 0x80, 0x80, 0x80, 0x80, 0x80, 0x80, 0x81, 0x80, 0x80, 0x80, 0x7F, 0x80, 0x80, 
	0x80, 0x7F, 0x80, 0x80, 0x80, 0x80, 0x80, 0x80, 0x80, 0x80, 0x80, 0x81, 0x80, 0x80, 0x80, 0x80, 
	0x80, 0x80, 0x80, 0x80, 0x80, 0x80, 0x80, 0x80, 0x80, 0x80, 0x80, 0x7F, 0x80, 0x7F, 0x80, 0x81, 
	0x80, 0x7F, 0x80, 0x80, 0x80, 0x7F, 0x80, 0x80, 0x80, 0x80, 0x80, 0x80, 0x7F, 0x80, 0x80, 0x80, 
	0x80, 0x80, 0x80, 0x80, 0x80, 0x80, 0x81, 0x80, 0x80, 0x80, 0x80, 0x80, 0x80, 0x7F, 0x80, 0x80, 
	0x80, 0x80, 0x80, 0x80, 0x81, 0x80, 0x7F, 0x80, 0x81, 0x80, 0x80, 0x81, 0x81, 0x80, 0x80, 0x80, 
	0x80, 0x80, 0x80, 0x80, 0x80, 0x80, 0x7F, 0x80, 0x80, 0x80, 0x80, 0x7F, 0x80, 0x7F, 0x80, 0x80, 
	0x80, 0x7F, 0x80, 0x80, 0x81, 0x80, 0x80, 0x80, 0x80, 0x80, 0x80, 0x7F, 0x7F, 0x80, 0x80, 0x80, 
	0x7F, 0x80, 0x80, 0x81, 0x80, 0x80, 0x80, 0x80, 0x80, 0x80, 0x80, 0x7F, 0x80, 0x80, 0x80, 0x80, 
	0x80, 0x80, 0x80, 0x80, 0x80, 0x80, 0x80, 0x80, 0x80, 0x80, 0x80, 0x80, 0x80, 0x80, 0x81, 0x80, 
	0x80, 0x80, 0x80, 0x80, 0x80, 0x81, 0x7F, 0x80, 0x80, 0x7F, 0x80, 0x80, 0x7F, 0x80, 0x81, 0x80, 
	0x81, 0x7F, 0x80, 0x80, 0x80, 0x80, 0x80, 0x80, 0x81, 0x80, 0x80, 0x80, 0x80, 0x80, 0x81, 0x80, 
	0x80, 0x80, 0x80, 0x80, 0x80, 0x80, 0x80, 0x80, 0x7F, 0x80, 0x80, 0x80, 0x80, 0x80, 0x80, 0x80, 
	0x80, 0x80, 0x80, 0x80, 0x7F, 0x80, 0x80, 0x80, 0x80, 0x80, 0x80, 0x80, 0x80, 0x7F, 0x80, 0x80, 
	0x80, 0x80, 0x80, 0x80, 0x80, 0x81, 0x80, 0x80, 0x80, 0x80, 0x80, 0x80, 0x80, 0x80, 0x80, 0x80, 
	0x80, 0x80, 0x81, 0x80, 0x80, 0x80, 0x80, 0x80, 0x80, 0x81, 0x81, 0x80, 0x80, 0x80, 0x80, 0x7F, 
	0x80, 0x80, 0x7F, 0x80, 0x80, 0x80, 0x80, 0x80, 0x80, 0x80, 0x80, 0x80, 0x80, 0x80, 0x7F, 0x7F, 
	0x80, 0x80, 0x7F, 0x80, 0x80, 0x80, 0x80, 0x80, 0x80, 0x80, 0x80, 0x80, 0x80, 0x80, 0x80, 0x80, 
	0x80, 0x80, 0x80, 0x80, 0x80, 0x80, 0x80, 0x7F, 0x80, 0x80, 0x80, 0x80, 0x80, 0x80, 0x80, 0x80, 
	0x80, 0x80, 0x80, 0x80, 0x80, 0x81, 0x80, 0x81, 0x80, 0x81, 0x80, 0x80, 0x80, 0x80, 0x80, 0x80, 
	0x80, 0x80, 0x80, 0x80, 0x80, 0x7F, 0x80, 0x80, 0x80, 0x7F, 0x80, 0x80, 0x80, 0x80, 0x81, 0x80, 
	0x80, 0x80, 0x80, 0x7F, 0x80, 0x7F, 0x80, 0x80, 0x80, 0x80, 0x80, 0x7F, 0x81, 0x7F, 0x80, 0x80, 
	0x80, 0x80, 0x7F, 0x80, 0x80, 0x80, 0x80, 0x80, 0x81, 0x80, 0x80, 0x80, 0x80, 0x80, 0x80, 0x80, 
	0x81, 0x80, 0x7F, 0x7F, 0x80, 0x80, 0x80, 0x80, 0x7F, 0x80, 0x81, 0x80, 0x80, 0x80, 0x80, 0x81, 
	0x81, 0x81, 0x80, 0x80, 0x80, 0x7F, 0x80, 0x80, 0x80, 0x80, 0x80, 0x80, 0x80, 0x80, 0x80, 0x7F, 
	0x80, 0x80, 0x80, 0x80, 0x7F, 0x80, 0x80, 0x80, 0x80, 0x80, 0x80, 0x80, 0x80, 0x80, 0x80, 0x7F, 
	0x80, 0x80, 0x81, 0x80, 0x80, 0x80, 0x80, 0x80, 0x80, 0x80, 0x80, 0x7F, 0x80, 0x81, 0x80, 0x80, 
	0x80, 0x80, 0x81, 0x7F, 0x80, 0x80, 0x80, 0x81, 0x80, 0x80, 0x80, 0x80, 0x80, 0x80, 0x80, 0x80, 
	0x80, 0x80, 0x80, 0x80, 0x80, 0x80, 0x80, 0x80, 0x80, 0x80, 0x80, 0x81, 0x80, 0x81, 0x80, 0x80, 
	0x80, 0x81, 0x80, 0x80, 0x80, 0x80, 0x80, 0x80, 0x80, 0x80, 0x80, 0x80, 0x7F, 0x80, 0x80, 0x81, 
	0x80, 0x80, 0x7F, 0x80, 0x80, 0x81, 0x80, 0x80, 0x80, 0x81, 0x80, 0x80, 0x80, 0x80, 0x7F, 0x80, 
	0x80, 0x80, 0x80, 0x80, 0x7F, 0x80, 0x80, 0x80, 0x7F, 0x7F, 0x80, 0x80, 0x81, 0x80, 0x80, 0x80, 
	0x7F, 0x80, 0x80, 0x80, 0x80, 0x80, 0x80, 0x81, 0x80, 0x80, 0x81, 0x80, 0x80, 0x7F, 0x80, 0x80, 
	0x80, 0x80, 0x80, 0x80, 0x80, 0x80, 0x80, 0x7F, 0x80, 0x80, 0x80, 0x80, 0x80, 0x80, 0x80, 0x7F, 
	0x7F, 0x80, 0x80, 0x80, 0x80, 0x80, 0x80, 0x80, 0x80, 0x7F, 0x80, 0x80, 0x80, 0x80, 0x80, 0x7F, 
	0x80, 0x80, 0x81, 0x80, 0x7F, 0x80, 0x80, 0x81, 0x80, 0x80, 0x80, 0x80, 0x80, 0x80, 0x80, 0x80, 
	0x80, 0x80, 0x80, 0x7F, 0x80, 0x80, 0x80, 0x80, 0x80, 0x80, 0x80, 0x81, 0x80, 0x80, 0x80, 0x7F, 
	0x80, 0x80, 0x80, 0x80, 0x80, 0x80, 0x80, 0x80, 0x80, 0x81, 0x80, 0x80, 0x80, 0x80, 0x80, 0x81, 
	0x80, 0x80, 0x7F, 0x80, 0x80, 0x80, 0x80, 0x80, 0x80, 0x80, 0x7F, 0x7F, 0x80, 0x80, 0x80, 0x81, 
	0x80, 0x80, 0x80, 0x81, 0x80, 0x80, 0x80, 0x80, 0x80, 0x80, 0x80, 0x80, 0x80, 0x80, 0x80, 0x80, 
	0x80, 0x81, 0x80, 0x80, 0x80, 0x80, 0x80, 0x80, 0x7F, 0x80, 0x80, 0x81, 0x80, 0x80, 0x80, 0x80, 
	0x80, 0x80, 0x81, 0x80, 0x7F, 0x80, 0x81, 0x80, 0x81, 0x80, 0x81, 0x80, 0x80, 0x80, 0x80, 0x80, 
	0x80, 0x80, 0x80, 0x80, 0x7F, 0x80, 0x80, 0x80, 0x80, 0x7F, 0x80, 0x80, 0x80, 0x80, 0x80, 0x80, 
	0x80, 0x80, 0x80, 0x80, 0x7F, 0x80, 0x7F, 0x80, 0x80, 0x80, 0x80, 0x80, 0x80, 0x80, 0x80, 0x7F, 
	0x80, 0x80, 0x80, 0x80, 0x80, 0x81, 0x80, 0x7F, 0x80, 0x80, 0x80, 0x80, 0x80, 0x81, 0x80, 0x80, 
	0x80, 0x80, 0x81, 0x80, 0x80, 0x80, 0x80, 0x7F, 0x80, 0x80, 0x80, 0x80, 0x80, 0x80, 0x80, 0x80, 
	0x7F, 0x80, 0x80, 0x80, 0x81, 0x80, 0x80, 0x80, 0x80, 0x80, 0x80, 0x80, 0x80, 0x80, 0x80, 0x80, 
	0x80, 0x80, 0x80, 0x80, 0x80, 0x80, 0x80, 0x80, 0x80, 0x7F, 0x80, 0x80, 0x80, 0x80, 0x80, 0x80, 
	0x80, 0x81, 0x80, 0x80, 0x80, 0x80, 0x80, 0x80, 0x80, 0x80, 0x80, 0x80, 0x80, 0x80, 0x80, 0x80, 
	0x80, 0x81, 0x81, 0x80, 0x80, 0x80, 0x80, 0x80, 0x80, 0x80, 0x80, 0x80, 0x80, 0x80, 0x80, 0x80, 
	0x80, 0x80, 0x80, 0x80, 0x80, 0x80, 0x80, 0x80, 0x80, 0x81, 0x80, 0x81, 0x80, 0x80, 0x80, 0x80, 
	0x80, 0x80, 0x80, 0x80, 0x7F, 0x80, 0x80, 0x81, 0x80, 0x80, 0x7F, 0x80, 0x80, 0x80, 0x80, 0x80, 
	0x80, 0x80, 0x80, 0x80, 0x80, 0x80, 0x80, 0x80, 0x80, 0x81, 0x80, 0x80, 0x80, 0x80, 0x80, 0x7F, 
	0x80, 0x80, 0x80, 0x80, 0x80, 0x80, 0x80, 0x80, 0x80, 0x80, 0x80, 0x80, 0x7F, 0x80, 0x80, 0x80, 
	0x80, 0x81, 0x80, 0x7F, 0x80, 0x80, 0x80, 0x80, 0x80, 0x80, 0x80, 0x80, 0x80, 0x80, 0x80, 0x7F, 
	0x80, 0x80, 0x80, 0x80, 0x80, 0x80, 0x81, 0x7F, 0x80, 0x80, 0x7F, 0x80, 0x80, 0x80, 0x80, 0x80, 
	0x81, 0x80, 0x80, 0x80, 0x80, 0x81, 0x80, 0x80, 0x7F, 0x80, 0x80, 0x80, 0x80, 0x80, 0x80, 0x7F, 
	0x80, 0x7F, 0x81, 0x7F, 0x80, 0x7F, 0x81, 0x7F, 0x81, 0x7F, 0x81, 0x7F, 0x81, 0x7F, 0x81, 0x80, 
	0x80, 0x80, 0x7F, 0x80, 0x7F, 0x81, 0x80, 0x81, 0x80, 0x80, 0x7F, 0x80, 0x7F, 0x81, 0x7F, 0x80, 
	0x7F, 0x81, 0x7F, 0x80, 0x80, 0x80, 0x80, 0x80, 0x81, 0x80, 0x80, 0x7F, 0x80, 0x7F, 0x81, 0x7F, 
	0x80, 0x7F, 0x80, 0x80, 0x80, 0x80, 0x80, 0x80, 0x80, 0x80, 0x80, 0x80, 0x80, 0x80, 0x80, 0x7F, 
	0x80, 0x80, 0x81, 0x80, 0x80, 0x80, 0x80, 0x80, 0x80, 0x7F, 0x80, 0x81, 0x80, 0x80, 0x80, 0x80, 
	0x7F, 0x80, 0x80, 0x80, 0x80, 0x80, 0x80, 0x80, 0x80, 0x80, 0x80, 0x80, 0x80, 0x80, 0x80, 0x80, 
	0x80, 0x80, 0x81, 0x80, 0x80, 0x80, 0x80, 0x80, 0x80, 0x80, 0x80, 0x81, 0x80, 0x81, 0x80, 0x81, 
	0x7F, 0x80, 0x80, 0x7F, 0x80, 0x80, 0x81, 0x80, 0x80, 0x80, 0x80, 0x80, 0x80, 0x80, 0x80, 0x80, 
	0x80, 0x80, 0x80, 0x81, 0x80, 0x80, 0x80, 0x7F, 0x80, 0x81, 0x80, 0x80, 0x81, 0x80, 0x80, 0x80, 
	0x7F, 0x80, 0x80, 0x80, 0x80, 0x80, 0x80, 0x80, 0x80, 0x80, 0x80, 0x80, 0x80, 0x80, 0x80, 0x80, 
	0x80, 0x7F, 0x80, 0x80, 0x81, 0x80, 0x80, 0x80, 0x7F, 0x80, 0x80, 0x80, 0x7F, 0x81, 0x80, 0x7F, 
	0x80, 0x81, 0x7F, 0x81, 0x7F, 0x80, 0x7F, 0x80, 0x80, 0x80, 0x80, 0x80, 0x80, 0x80, 0x80, 0x80, 
	0x80, 0x80, 0x80, 0x7F, 0x81, 0x80, 0x80, 0x80, 0x81, 0x80, 0x80, 0x80, 0x80, 0x80, 0x80, 0x80, 
	0x80, 0x80, 0x7F, 0x7F, 0x80, 0x80, 0x80, 0x81, 0x80, 0x80, 0x80, 0x80, 0x80, 0x80, 0x80, 0x80, 
	0x80, 0x80, 0x80, 0x80, 0x80, 0x80, 0x81, 0x81, 0x80, 0x80, 0x80, 0x80, 0x80, 0x80, 0x81, 0x80, 
	0x80, 0x80, 0x80, 0x80, 0x80, 0x7F, 0x7F, 0x80, 0x80, 0x81, 0x80, 0x7F, 0x80, 0x80, 0x80, 0x81, 
	0x80, 0x80, 0x80, 0x80, 0x80, 0x80, 0x80, 0x80, 0x80, 0x80, 0x80, 0x80, 0x81, 0x80, 0x80, 0x81, 
	0x80, 0x80, 0x80, 0x80, 0x80, 0x80, 0x7F, 0x80, 0x80, 0x80, 0x80, 0x80, 0x80, 0x80, 0x81, 0x7F, 
	0x80, 0x80, 0x80, 0x81, 0x80, 0x80, 0x80, 0x80, 0x80, 0x80, 0x80, 0x80, 0x80, 0x80, 0x80, 0x80, 
	0x80, 0x80, 0x80, 0x80, 0x80, 0x80, 0x80, 0x80, 0x7F, 0x80, 0x80, 0x81, 0x80, 0x80, 0x80, 0x80, 
	0x7F, 0x80, 0x80, 0x81, 0x81, 0x80, 0x80, 0x80, 0x80, 0x80, 0x80, 0x80, 0x80, 0x80, 0x80, 0x80, 
	0x80, 0x80, 0x80, 0x80, 0x80, 0x7F, 0x80, 0x80, 0x80, 0x80, 0x80, 0x80, 0x80, 0x80, 0x80, 0x80, 
	0x80, 0x80, 0x80, 0x80, 0x80, 0x80, 0x80, 0x80, 0x80, 0x7F, 0x80, 0x80, 0x7F, 0x80, 0x80, 0x80, 
	0x80, 0x81, 0x80, 0x80, 0x80, 0x7F, 0x80, 0x80, 0x80, 0x80, 0x80, 0x80, 0x80, 0x80, 0x80, 0x80, 
	0x80, 0x80, 0x80, 0x80, 0x80, 0x80, 0x81, 0x80, 0x80, 0x80, 0x80, 0x80, 0x80, 0x80, 0x81, 0x80, 
	0x80, 0x80, 0x80, 0x7F, 0x80, 0x80, 0x80, 0x80, 0x80, 0x80, 0x80, 0x81, 0x81, 0x80, 0x80, 0x80, 
	0x7F, 0x80, 0x80, 0x80, 0x80, 0x80, 0x80, 0x80, 0x80, 0x7F, 0x7F, 0x80, 0x80, 0x80, 0x80, 0x80, 
	0x80, 0x80, 0x80, 0x81, 0x80, 0x80, 0x7F, 0x80, 0x7F, 0x80, 0x80, 0x80, 0x80, 0x7F, 0x80, 0x80, 
	0x80, 0x80, 0x7F, 0x80, 0x80, 0x80, 0x80, 0x80, 0x80, 0x80, 0x80, 0x80, 0x80, 0x80, 0x80, 0x80, 
	0x80, 0x7F, 0x80, 0x80, 0x80, 0x80, 0x80, 0x80, 0x80, 0x80, 0x80, 0x80, 0x80, 0x80, 0x80, 0x80, 
	0x80, 0x7F, 0x7F, 0x80, 0x80, 0x7F, 0x80, 0x81, 0x80, 0x80, 0x80, 0x80, 0x81, 0x80, 0x80, 0x80, 
	0x80, 0x80, 0x80, 0x80, 0x80, 0x80, 0x80, 0x80, 0x80, 0x80, 0x80, 0x81, 0x80, 0x80, 0x7F, 0x81, 
	0x7F, 0x80, 0x7F, 0x80, 0x80, 0x81, 0x80, 0x80, 0x80, 0x80, 0x80, 0x80, 0x81, 0x80, 0x81, 0x80, 
	0x80, 0x80, 0x80, 0x80, 0x80, 0x80, 0x7F, 0x80, 0x80, 0x80, 0x80, 0x80, 0x80, 0x80, 0x7F, 0x7F, 
	0x80, 0x80, 0x80, 0x80, 0x80, 0x80, 0x80, 0x80, 0x80, 0x80, 0x81, 0x80, 0x7F, 0x80, 0x80, 0x80, 
	0x80, 0x80, 0x80, 0x80, 0x80, 0x80, 0x80, 0x81, 0x80, 0x7F, 0x80, 0x80, 0x80, 0x80, 0x7F, 0x7F, 
	0x80, 0x80, 0x80, 0x80, 0x80, 0x80, 0x80, 0x80, 0x80, 0x81, 0x80, 0x80, 0x80, 0x80, 0x80, 0x80, 
	0x80, 0x80, 0x80, 0x80, 0x80, 0x80, 0x81, 0x80, 0x80, 0x80, 0x80, 0x80, 0x81, 0x80, 0x80, 0x80, 
	0x80, 0x80, 0x80, 0x7F, 0x80, 0x80, 0x80, 0x80, 0x81, 0x80, 0x80, 0x81, 0x80, 0x7F, 0x7F, 0x80, 
	0x81, 0x80, 0x80, 0x80, 0x80, 0x80, 0x80, 0x81, 0x80, 0x80, 0x80, 0x80, 0x80, 0x80, 0x7F, 0x80, 
	0x80, 0x80, 0x80, 0x7F, 0x80, 0x80, 0x80, 0x80, 0x7F, 0x7F, 0x81, 0x80, 0x80, 0x80, 0x81, 0x81, 
	0x80, 0x80, 0x80, 0x80, 0x80, 0x80, 0x80, 0x80, 0x80, 0x81, 0x81, 0x7F, 0x80, 0x80, 0x80, 0x80, 
	0x80, 0x80, 0x80, 0x80, 0x80, 0x81, 0x7F, 0x80, 0x80, 0x81, 0x80, 0x80, 0x7F, 0x80, 0x80, 0x80, 
	0x80, 0x80, 0x80, 0x80, 0x80, 0x80, 0x80, 0x80, 0x80, 0x80, 0x80, 0x80, 0x80, 0x80, 0x80, 0x7F, 
	0x80, 0x80, 0x7F, 0x7F, 0x80, 0x80, 0x80, 0x80, 0x80, 0x80, 0x80, 0x80, 0x80, 0x80, 0x80, 0x80, 
	0x80, 0x80, 0x80, 0x80, 0x80, 0x7F, 0x80, 0x80, 0x80, 0x80, 0x80, 0x80, 0x7F, 0x80, 0x7F, 0x81, 
	0x80, 0x7F, 0x80, 0x80, 0x80, 0x80, 0x80, 0x80, 0x80, 0x80, 0x80, 0x80, 0x80, 0x80, 0x80, 0x7F, 
	0x80, 0x81, 0x80, 0x80, 0x80, 0x7F, 0x80, 0x80, 0x80, 0x80, 0x80, 0x80, 0x80, 0x80, 0x80, 0x80, 
	0x7F, 0x80, 0x7F, 0x7F, 0x7F, 0x80, 0x80, 0x80, 0x80, 0x80, 0x80, 0x80, 0x80, 0x80, 0x80, 0x80, 
	0x80, 0x80, 0x80, 0x80, 0x80, 0x80, 0x80, 0x80, 0x80, 0x80, 0x80, 0x80, 0x80, 0x81, 0x80, 0x81, 
	0x80, 0x80, 0x80, 0x80, 0x80, 0x80, 0x80, 0x80, 0x80, 0x7F, 0x80, 0x80, 0x80, 0x7F, 0x7F, 0x80, 
	0x80, 0x80, 0x80, 0x80, 0x81, 0x80, 0x80, 0x80, 0x81, 0x80, 0x80, 0x80, 0x7F, 0x80, 0x80, 0x80, 
	0x80, 0x80, 0x81, 0x80, 0x80, 0x80, 0x80, 0x80, 0x80, 0x80, 0x80, 0x80, 0x80, 0x80, 0x80, 0x80, 
	0x80, 0x80, 0x80, 0x80, 0x80, 0x7F, 0x80, 0x7F, 0x80, 0x80, 0x80, 0x80, 0x81, 0x80, 0x80, 0x80, 
	0x80, 0x80, 0x80, 0x80, 0x80, 0x80, 0x80, 0x81, 0x80, 0x81, 0x81, 0x80, 0x80, 0x80, 0x80, 0x80, 
	0x80, 0x80, 0x80, 0x80, 0x80, 0x80, 0x7F, 0x80, 0x80, 0x80, 0x80, 0x80, 0x7F, 0x80, 0x80, 0x80, 
	0x80, 0x80, 0x80, 0x80, 0x80, 0x80, 0x80, 0x80, 0x80, 0x81, 0x80, 0x80, 0x80, 0x80, 0x80, 0x81, 
	0x80, 0x80, 0x80, 0x80, 0x80, 0x80, 0x80, 0x80, 0x80, 0x80, 0x80, 0x80, 0x80, 0x81, 0x81, 0x7F, 
	0x80, 0x80, 0x80, 0x80, 0x80, 0x80, 0x80, 0x80, 0x80, 0x80, 0x7F, 0x80, 0x80, 0x80, 0x7F, 0x80, 
	0x80, 0x80, 0x80, 0x80, 0x81, 0x80, 0x80, 0x80, 0x80, 0x80, 0x80, 0x80, 0x80, 0x81, 0x80, 0x80, 
	0x80, 0x80, 0x7F, 0x81, 0x80, 0x80, 0x80, 0x80, 0x80, 0x7F, 0x80, 0x80, 0x80, 0x80, 0x80, 0x80, 
	0x80, 0x80, 0x80, 0x80, 0x80, 0x80, 0x7F, 0x80, 0x80, 0x80, 0x80, 0x80, 0x80, 0x81, 0x80, 0x80, 
	0x80, 0x80, 0x80, 0x80, 0x80, 0x80, 0x80, 0x80, 0x80, 0x80, 0x80, 0x80, 0x80, 0x7F, 0x7F, 0x80, 
	0x80, 0x81, 0x80, 0x80, 0x7F, 0x80, 0x80, 0x80, 0x80, 0x80, 0x80, 0x80, 0x81, 0x80, 0x80, 0x80, 
	0x7F, 0x80, 0x80, 0x80, 0x80, 0x80, 0x81, 0x80, 0x80, 0x80, 0x80, 0x80, 0x80, 0x7F, 0x80, 0x80, 
	0x81, 0x80, 0x81, 0x80, 0x80, 0x80, 0x7F, 0x7F, 0x80, 0x80, 0x81, 0x7F, 0x80, 0x7F, 0x80, 0x81, 
	0x80, 0x7F, 0x80, 0x80, 0x7F, 0x80, 0x80, 0x80, 0x80, 0x80, 0x80, 0x80, 0x80, 0x80, 0x80, 0x80, 
	0x7F, 0x80, 0x80, 0x81, 0x80, 0x80, 0x7F, 0x7F, 0x80, 0x80, 0x80, 0x80, 0x80, 0x80, 0x80, 0x81, 
	0x7F, 0x80, 0x80, 0x7F, 0x80, 0x80, 0x80, 0x80, 0x80, 0x80, 0x80, 0x80, 0x80, 0x80, 0x80, 0x7F, 
	0x81, 0x7F, 0x80, 0x80, 0x80, 0x80, 0x80, 0x80, 0x80, 0x80, 0x80, 0x80, 0x80, 0x80, 0x80, 0x80, 
	0x80, 0x80, 0x81, 0x80, 0x80, 0x80, 0x7F, 0x80, 0x80, 0x81, 0x80, 0x80, 0x80, 0x80, 0x81, 0x80, 
	0x80, 0x80, 0x80, 0x7F, 0x80, 0x81, 0x80, 0x80, 0x81, 0x80, 0x80, 0x80, 0x7F, 0x81, 0x80, 0x80, 
	0x80, 0x80, 0x7F, 0x80, 0x81, 0x80, 0x80, 0x80, 0x80, 0x80, 0x7F, 0x80, 0x80, 0x7F, 0x80, 0x80, 
	0x80, 0x80, 0x81, 0x80, 0x80, 0x80, 0x80, 0x80, 0x81, 0x7F, 0x80, 0x80, 0x80, 0x80, 0x80, 0x80, 
	0x80, 0x80, 0x7F, 0x80, 0x80, 0x80, 0x80, 0x80, 0x80, 0x80, 0x80, 0x80, 0x80, 0x80, 0x80, 0x7F, 
	0x80, 0x80, 0x80, 0x80, 0x80, 0x7F, 0x80, 0x80, 0x80, 0x80, 0x81, 0x80, 0x7F, 0x80, 0x80, 0x7F, 
	0x81, 0x80, 0x81, 0x80, 0x80, 0x80, 0x80, 0x80, 0x80, 0x7F, 0x80, 0x7F, 0x80, 0x80, 0x80, 0x80, 
	0x7F, 0x80, 0x81, 0x80, 0x7F, 0x7F, 0x80, 0x80, 0x80, 0x80, 0x80, 0x7F, 0x80, 0x80, 0x81, 0x80, 
	0x80, 0x7F, 0x80, 0x80, 0x80, 0x81, 0x80, 0x7F, 0x80, 0x80, 0x80, 0x81, 0x80, 0x7F, 0x80, 0x80, 
	0x80, 0x80, 0x80, 0x80, 0x80, 0x80, 0x80, 0x80, 0x7F, 0x81, 0x80, 0x80, 0x80, 0x80, 0x80, 0x80, 
	0x80, 0x80, 0x80, 0x80, 0x80, 0x80, 0x7F, 0x80, 0x80, 0x7F, 0x81, 0x80, 0x80, 0x81, 0x80, 0x80, 
	0x80, 0x81, 0x80, 0x80, 0x80, 0x80, 0x80, 0x80, 0x80, 0x80, 0x80, 0x80, 0x80, 0x80, 0x80, 0x80, 
	0x81, 0x80, 0x81, 0x80, 0x80, 0x80, 0x80, 0x81, 0x80, 0x81, 0x80, 0x80, 0x80, 0x80, 0x80, 0x80, 
	0x80, 0x81, 0x80, 0x80, 0x80, 0x80, 0x80, 0x80, 0x81, 0x81, 0x80, 0x80, 0x80, 0x80, 0x80, 0x81, 
	0x81, 0x80, 0x7F, 0x7F, 0x80, 0x80, 0x80, 0x80, 0x80, 0x81, 0x7F, 0x80, 0x80, 0x80, 0x80, 0x7F, 
	0x80, 0x81, 0x80, 0x80, 0x80, 0x80, 0x80, 0x80, 0x80, 0x80, 0x80, 0x7F, 0x80, 0x80, 0x80, 0x7F, 
	0x80, 0x80, 0x80, 0x80, 0x7F, 0x80, 0x80, 0x80, 0x7F, 0x7F, 0x80, 0x80, 0x81, 0x80, 0x80, 0x80, 
	0x80, 0x80, 0x80, 0x81, 0x80, 0x80, 0x80, 0x80, 0x80, 0x80, 0x80, 0x81, 0x80, 0x80, 0x80, 0x81, 
	0x80, 0x80, 0x80, 0x80, 0x80, 0x80, 0x80, 0x80, 0x80, 0x80, 0x80, 0x80, 0x80, 0x81, 0x80, 0x80, 
	0x80, 0x80, 0x80, 0x80, 0x7F, 0x80, 0x80, 0x80, 0x80, 0x80, 0x80, 0x80, 0x7F, 0x81, 0x80, 0x80, 
	0x80, 0x80, 0x80, 0x80, 0x80, 0x80, 0x80, 0x80, 0x80, 0x80, 0x7F, 0x80, 0x80, 0x80, 0x80, 0x80, 
	0x80, 0x7F, 0x80, 0x80, 0x80, 0x80, 0x80, 0x80, 0x80, 0x81, 0x80, 0x81, 0x80, 0x80, 0x80, 0x80, 
	0x80, 0x80, 0x80, 0x80, 0x7F, 0x80, 0x80, 0x80, 0x80, 0x80, 0x7F, 0x80, 0x81, 0x80, 0x80, 0x7F, 
	0x80, 0x80, 0x80, 0x80, 0x80, 0x80, 0x80, 0x80, 0x80, 0x80, 0x80, 0x80, 0x80, 0x7F, 0x81, 0x80, 
	0x80, 0x80, 0x80, 0x80, 0x80, 0x80, 0x80, 0x80, 0x80, 0x80, 0x80, 0x7F, 0x80, 0x80, 0x80, 0x80, 
	0x80, 0x80, 0x80, 0x80, 0x80, 0x80, 0x80, 0x7F, 0x80, 0x80, 0x80, 0x80, 0x80, 0x80, 0x80, 0x80, 
	0x80, 0x80, 0x80, 0x80, 0x80, 0x80, 0x80, 0x80, 0x80, 0x7F, 0x80, 0x80, 0x80, 0x80, 0x81, 0x80, 
	0x80, 0x80, 0x80, 0x80, 0x80, 0x80, 0x80, 0x80, 0x80, 0x80, 0x80, 0x80, 0x80, 0x7F, 0x81, 0x80, 
	0x80, 0x80, 0x80, 0x80, 0x80, 0x80, 0x7F, 0x7F, 0x80, 0x81, 0x80, 0x80, 0x80, 0x80, 0x80, 0x80, 
	0x81, 0x80, 0x81, 0x81, 0x7F, 0x80, 0x81, 0x80, 0x81, 0x80, 0x7F, 0x80, 0x80, 0x80, 0x80, 0x80, 
	0x7F, 0x80, 0x80, 0x80, 0x80, 0x81, 0x80, 0x80, 0x7F, 0x80, 0x80, 0x80, 0x7F, 0x80, 0x80, 0x80, 
	0x80, 0x80, 0x80, 0x80, 0x80, 0x80, 0x80, 0x7F, 0x80, 0x80, 0x80, 0x80, 0x7F, 0x80, 0x80, 0x80, 
	0x81, 0x80, 0x80, 0x80, 0x80, 0x80, 0x7F, 0x7F, 0x81, 0x7F, 0x7F, 0x80, 0x80, 0x80, 0x80, 0x81, 
	0x80, 0x80, 0x80, 0x80, 0x80, 0x7F, 0x80, 0x80, 0x80, 0x80, 0x80, 0x80, 0x80, 0x80, 0x80, 0x80, 
	0x80, 0x80, 0x80, 0x80, 0x80, 0x80, 0x80, 0x80, 0x80, 0x80, 0x80, 0x80, 0x7F, 0x80, 0x80, 0x80, 
	0x80, 0x80, 0x7F, 0x80, 0x80, 0x80, 0x80, 0x80, 0x80, 0x80, 0x80, 0x80, 0x80, 0x80, 0x80, 0x80, 
	0x80, 0x80, 0x7F, 0x80, 0x80, 0x7F, 0x7F, 0x80, 0x80, 0x80, 0x80, 0x80, 0x81, 0x80, 0x80, 0x81, 
	0x80, 0x80, 0x80, 0x7F, 0x80, 0x81, 0x7F, 0x80, 0x80, 0x80, 0x7F, 0x80, 0x80, 0x80, 0x80, 0x80, 
	0x80, 0x80, 0x80, 0x80, 0x81, 0x80, 0x80, 0x80, 0x7F, 0x80, 0x80, 0x7F, 0x7F, 0x80, 0x80, 0x80, 
	0x7F, 0x80, 0x80, 0x80, 0x80, 0x80, 0x80, 0x80, 0x80, 0x7F, 0x80, 0x80, 0x80, 0x80, 0x80, 0x7F, 
	0x80, 0x80, 0x80, 0x80, 0x80, 0x80, 0x7F, 0x80, 0x80, 0x7F, 0x80, 0x80, 0x80, 0x80, 0x7F, 0x80, 
	0x80, 0x80, 0x80, 0x7F, 0x80, 0x80, 0x80, 0x80, 0x80, 0x80, 0x80, 0x80, 0x80, 0x80, 0x81, 0x80, 
	0x80, 0x80, 0x80, 0x80, 0x80, 0x80, 0x80, 0x80, 0x80, 0x80, 0x80, 0x80, 0x80, 0x80, 0x80, 0x80, 
	0x80, 0x80, 0x80, 0x7F, 0x80, 0x80, 0x81, 0x80, 0x7F, 0x80, 0x80, 0x80, 0x80, 0x80, 0x80, 0x80, 
	0x80, 0x7F, 0x80, 0x80, 0x80, 0x80, 0x80, 0x80, 0x80, 0x80, 0x80, 0x80, 0x80, 0x80, 0x80, 0x80, 
	0x80, 0x80, 0x80, 0x80, 0x81, 0x80, 0x80, 0x80, 0x80, 0x80, 0x80, 0x80, 0x80, 0x80, 0x80, 0x80, 
	0x80, 0x80, 0x80, 0x7F, 0x80, 0x81, 0x80, 0x80, 0x80, 0x80, 0x80, 0x80, 0x80, 0x80, 0x80, 0x80, 
	0x80, 0x80, 0x80, 0x80, 0x80, 0x80, 0x80, 0x80, 0x80, 0x80, 0x80, 0x80, 0x80, 0x81, 0x80, 0x81, 
	0x80, 0x80, 0x80, 0x80, 0x80, 0x80, 0x80, 0x80, 0x80, 0x80, 0x80, 0x80, 0x80, 0x80, 0x80, 0x80, 
	0x80, 0x80, 0x7F, 0x80, 0x7F, 0x80, 0x80, 0x80, 0x80, 0x80, 0x80, 0x80, 0x80, 0x80, 0x80, 0x81, 
	0x80, 0x81, 0x80, 0x80, 0x81, 0x80, 0x80, 0x80, 0x7F, 0x81, 0x80, 0x80, 0x80, 0x7F, 0x80, 0x80, 
	0x80, 0x80, 0x80, 0x80, 0x80, 0x81, 0x80, 0x81, 0x7F, 0x81, 0x80, 0x80, 0x7F, 0x81, 0x80, 0x80, 
	0x80, 0x80, 0x80, 0x80, 0x80, 0x81, 0x81, 0x80, 0x80, 0x80, 0x80, 0x80, 0x80, 0x80, 0x80, 0x80, 
	0x81, 0x80, 0x80, 0x80, 0x80, 0x80, 0x80, 0x80, 0x80, 0x80, 0x80, 0x80, 0x80, 0x80, 0x80, 0x80, 
	0x80, 0x7F, 0x80, 0x80, 0x80, 0x81, 0x7F, 0x80, 0x80, 0x80, 0x80, 0x80, 0x80, 0x80, 0x7F, 0x7F, 
	0x80, 0x81, 0x80, 0x80, 0x80, 0x80, 0x80, 0x80, 0x81, 0x80, 0x80, 0x80, 0x80, 0x80, 0x80, 0x80, 
	0x7F, 0x80, 0x80, 0x80, 0x80, 0x80, 0x80, 0x81, 0x80, 0x80, 0x80, 0x80, 0x80, 0x81, 0x80, 0x81, 
	0x80, 0x80, 0x80, 0x80, 0x7F, 0x80, 0x7F, 0x80, 0x80, 0x81, 0x80, 0x80, 0x80, 0x80, 0x80, 0x80, 
	0x80, 0x80, 0x80, 0x80, 0x80, 0x7F, 0x80, 0x80, 0x80, 0x7F, 0x80, 0x80, 0x80, 0x80, 0x80, 0x81, 
	0x7F, 0x7F, 0x80, 0x80, 0x80, 0x80, 0x81, 0x80, 0x80, 0x80, 0x80, 0x80, 0x80, 0x80, 0x7F, 0x80, 
	0x80, 0x80, 0x7F, 0x80, 0x80, 0x80, 0x7F, 0x80, 0x80, 0x80, 0x80, 0x80, 0x80, 0x80, 0x80, 0x80, 
	0x80, 0x80, 0x80, 0x7F, 0x80, 0x80, 0x80, 0x80, 0x80, 0x80, 0x81, 0x80, 0x80, 0x80, 0x80, 0x80, 
	0x80, 0x7F, 0x80, 0x7F, 0x7F, 0x81, 0x80, 0x80, 0x80, 0x7F, 0x80, 0x80, 0x7F, 0x80, 0x80, 0x80, 
	0x80, 0x80, 0x80, 0x80, 0x80, 0x80, 0x80, 0x80, 0x80, 0x80, 0x81, 0x80, 0x80, 0x80, 0x80, 0x7F, 
	0x80, 0x80, 0x80, 0x80, 0x80, 0x80, 0x80, 0x80, 0x80, 0x80, 0x80, 0x80, 0x80, 0x80, 0x80, 0x80, 
	0x80, 0x80, 0x80, 0x80, 0x80, 0x80, 0x80, 0x80, 0x80, 0x80, 0x80, 0x80, 0x80, 0x80, 0x80, 0x80, 
	0x80, 0x7F, 0x80, 0x80, 0x80, 0x80, 0x80, 0x80, 0x80, 0x81, 0x80, 0x80, 0x80, 0x80, 0x80, 0x80, 
	0x80, 0x80, 0x80, 0x80, 0x81, 0x80, 0x80, 0x80, 0x80, 0x80, 0x80, 0x80, 0x80, 0x80, 0x80, 0x80, 
	0x80, 0x80, 0x80, 0x80, 0x80, 0x80, 0x80, 0x80, 0x80, 0x80, 0x80, 0x80, 0x80, 0x80, 0x7F, 0x80, 
	0x80, 0x80, 0x80, 0x80, 0x80, 0x80, 0x80, 0x80, 0x81, 0x80, 0x80, 0x80, 0x7F, 0x80, 0x80, 0x80, 
	0x80, 0x80, 0x80, 0x80, 0x80, 0x80, 0x80, 0x80, 0x80, 0x80, 0x80, 0x80, 0x80, 0x81, 0x80, 0x80, 
	0x80, 0x80, 0x80, 0x81, 0x80, 0x80, 0x80, 0x80, 0x80, 0x80, 0x80, 0x80, 0x7F, 0x80, 0x80, 0x80, 
	0x80, 0x80, 0x80, 0x80, 0x80, 0x80, 0x80, 0x80, 0x80, 0x7F, 0x80, 0x80, 0x7F, 0x80, 0x80, 0x80, 
	0x80, 0x80, 0x80, 0x80, 0x80, 0x80, 0x80, 0x80, 0x80, 0x80, 0x81, 0x80, 0x80, 0x80, 0x7F, 0x80, 
	0x80, 0x80, 0x80, 0x81, 0x80, 0x80, 0x80, 0x80, 0x80, 0x81, 0x80, 0x81, 0x80, 0x80, 0x80, 0x80, 
	0x80, 0x80, 0x80, 0x80, 0x80, 0x80, 0x80, 0x80, 0x80, 0x80, 0x7F, 0x81, 0x80, 0x80, 0x80, 0x80, 
	0x80, 0x80, 0x80, 0x80, 0x80, 0x81, 0x80, 0x80, 0x80, 0x80, 0x80, 0x80, 0x81, 0x80, 0x80, 0x80, 
	0x80, 0x80, 0x80, 0x80, 0x7F, 0x80, 0x7F, 0x80, 0x80, 0x81, 0x80, 0x80, 0x80, 0x80, 0x80, 0x80, 
	0x80, 0x80, 0x80, 0x80, 0x80, 0x80, 0x80, 0x81, 0x80, 0x7F, 0x80, 0x80, 0x80, 0x80, 0x7F, 0x7F, 
	0x80, 0x80, 0x80, 0x80, 0x80, 0x7F, 0x80, 0x80, 0x7F, 0x80, 0x80, 0x80, 0x80, 0x80, 0x7F, 0x80, 
	0x80, 0x80, 0x80, 0x7F, 0x80, 0x80, 0x80, 0x80, 0x7F, 0x80, 0x80, 0x80, 0x80, 0x80, 0x80, 0x80, 
	0x80, 0x80, 0x80, 0x80, 0x80, 0x80, 0x80, 0x7F, 0x81, 0x80, 0x80, 0x80, 0x80, 0x80, 0x80, 0x81, 
	0x80, 0x80, 0x80, 0x80, 0x81, 0x80, 0x80, 0x7F, 0x80, 0x80, 0x80, 0x80, 0x80, 0x80, 0x80, 0x80, 
	0x80, 0x80, 0x80, 0x80, 0x80, 0x81, 0x80, 0x80, 0x80, 0x80, 0x7F, 0x80, 0x80, 0x80, 0x80, 0x81, 
	0x80, 0x80, 0x80, 0x80, 0x80, 0x80, 0x7F, 0x80, 0x80, 0x80, 0x7F, 0x81, 0x80, 0x80, 0x80, 0x80, 
	0x80, 0x7F, 0x81, 0x80, 0x80, 0x80, 0x7F, 0x80, 0x80, 0x80, 0x80, 0x7F, 0x81, 0x80, 0x80, 0x80, 
	0x80, 0x7F, 0x80, 0x80, 0x80, 0x80, 0x7F, 0x7F, 0x80, 0x81, 0x80, 0x80, 0x80, 0x80, 0x7F, 0x80, 
	0x80, 0x80, 0x80, 0x80, 0x80, 0x80, 0x80, 0x80, 0x80, 0x80, 0x81, 0x80, 0x80, 0x80, 0x80, 0x80, 
	0x7F, 0x80, 0x80, 0x80, 0x80, 0x80, 0x80, 0x80, 0x80, 0x80, 0x80, 0x80, 0x80, 0x80, 0x80, 0x81, 
	0x7F, 0x7F, 0x7F, 0x80, 0x80, 0x80, 0x80, 0x80, 0x80, 0x7F, 0x80, 0x80, 0x80, 0x80, 0x7F, 0x7F, 
	0x80, 0x80, 0x80, 0x80, 0x80, 0x80, 0x81, 0x80, 0x80, 0x81, 0x7F, 0x80, 0x80, 0x80, 0x80, 0x80, 
	0x80, 0x80, 0x7F, 0x80, 0x80, 0x80, 0x80, 0x80, 0x80, 0x81, 0x80, 0x80, 0x80, 0x7F, 0x80, 0x80, 
	0x80, 0x80, 0x80, 0x80, 0x7F, 0x80, 0x80, 0x80, 0x80, 0x80, 0x80, 0x80, 0x80, 0x80, 0x80, 0x80, 
	0x80, 0x80, 0x7F, 0x80, 0x80, 0x80, 0x80, 0x80, 0x80, 0x80, 0x80, 0x7F, 0x7F, 0x80, 0x80, 0x80, 
	0x80, 0x80, 0x80, 0x81, 0x80, 0x80, 0x80, 0x80, 0x80, 0x80, 0x80, 0x7F, 0x80, 0x80, 0x80, 0x80, 
	0x81, 0x80, 0x80, 0x80, 0x80, 0x7F, 0x80, 0x80, 0x80, 0x81, 0x80, 0x80, 0x80, 0x80, 0x80, 0x80, 
	0x80, 0x80, 0x80, 0x80, 0x80, 0x80, 0x80, 0x80, 0x80, 0x80, 0x80, 0x80, 0x81, 0x80, 0x80, 0x80, 
	0x80, 0x80, 0x80, 0x80, 0x7F, 0x80, 0x80, 0x80, 0x80, 0x80, 0x81, 0x80, 0x80, 0x80, 0x80, 0x7F, 
	0x81, 0x80, 0x80, 0x80, 0x7F, 0x80, 0x80, 0x80, 0x81, 0x80, 0x80, 0x80, 0x80, 0x7F, 0x80, 0x80, 
	0x80, 0x80, 0x80, 0x80, 0x80, 0x80, 0x80, 0x80, 0x80, 0x80, 0x7F, 0x7F, 0x80, 0x80, 0x80, 0x80, 
	0x80, 0x7F, 0x7F, 0x81, 0x7F, 0x80, 0x80, 0x80, 0x7F, 0x80, 0x80, 0x80, 0x80, 0x80, 0x80, 0x80, 
	0x80, 0x80, 0x81, 0x80, 0x80, 0x81, 0x80, 0x7F, 0x7F, 0x81, 0x80, 0x81, 0x80, 0x80, 0x80, 0x81, 
	0x80, 0x80, 0x80, 0x80, 0x80, 0x80, 0x80, 0x80, 0x80, 0x80, 0x80, 0x80, 0x80, 0x80, 0x80, 0x7F, 
	0x80, 0x80, 0x81, 0x80, 0x80, 0x80, 0x80, 0x80, 0x7F, 0x80, 0x80, 0x80, 0x80, 0x7F, 0x80, 0x80, 
	0x80, 0x80, 0x80, 0x80, 0x80, 0x80, 0x80, 0x80, 0x80, 0x80, 0x80, 0x81, 0x80, 0x80, 0x80, 0x80, 
	0x80, 0x80, 0x80, 0x80, 0x80, 0x7F, 0x7F, 0x80, 0x80, 0x81, 0x80, 0x80, 0x7F, 0x80, 0x80, 0x7F, 
	0x80, 0x80, 0x80, 0x80, 0x7F, 0x80, 0x80, 0x80, 0x80, 0x7F, 0x80, 0x81, 0x81, 0x80, 0x80, 0x80, 
	0x80, 0x81, 0x80, 0x80, 0x80, 0x80, 0x81, 0x80, 0x80, 0x80, 0x81, 0x80, 0x80, 0x80, 0x80, 0x80, 
	0x80, 0x7F, 0x80, 0x80, 0x80, 0x80, 0x80, 0x80, 0x81, 0x7F, 0x80, 0x80, 0x7F, 0x80, 0x80, 0x81, 
	0x80, 0x7F, 0x80, 0x80, 0x80, 0x80, 0x81, 0x81, 0x80, 0x80, 0x80, 0x7F, 0x80, 0x80, 0x7F, 0x80, 
	0x80, 0x80, 0x80, 0x80, 0x80, 0x7F, 0x7F, 0x80, 0x80, 0x80, 0x80, 0x80, 0x7F, 0x80, 0x80, 0x80, 
	0x80, 0x81, 0x80, 0x80, 0x80, 0x80, 0x80, 0x80, 0x80, 0x80, 0x80, 0x80, 0x80, 0x81, 0x7F, 0x80, 
	0x80, 0x80, 0x80, 0x7F, 0x81, 0x7F, 0x7F, 0x80, 0x80, 0x80, 0x80, 0x80, 0x80, 0x80, 0x80, 0x80, 
	0x7F, 0x80, 0x80, 0x80, 0x80, 0x80, 0x80, 0x80, 0x80, 0x81, 0x7F, 0x80, 0x80, 0x80, 0x81, 0x80, 
	0x80, 0x80, 0x81, 0x80, 0x80, 0x80, 0x81, 0x81, 0x80, 0x80, 0x80, 0x81, 0x80, 0x7F, 0x81, 0x7F, 
	0x80, 0x7F, 0x80, 0x80, 0x80, 0x80, 0x7F, 0x7F, 0x80, 0x81, 0x7F, 0x7F, 0x81, 0x80, 0x80, 0x80, 
	0x81, 0x80, 0x80, 0x80, 0x80, 0x80, 0x80, 0x80, 0x80, 0x80, 0x80, 0x80, 0x7F, 0x80, 0x81, 0x81, 
	0x7F, 0x80, 0x7F, 0x80, 0x81, 0x80, 0x80, 0x80, 0x80, 0x80, 0x80, 0x80, 0x80, 0x80, 0x80, 0x80, 
	0x80, 0x80, 0x80, 0x81, 0x80, 0x80, 0x7F, 0x81, 0x80, 0x80, 0x80, 0x80, 0x80, 0x80, 0x80, 0x80, 
	0x80, 0x7F, 0x80, 0x80, 0x80, 0x80, 0x80, 0x80, 0x80, 0x7F, 0x80, 0x80, 0x80, 0x80, 0x80, 0x80, 
	0x80, 0x80, 0x7F, 0x7F, 0x80, 0x7F, 0x80, 0x80, 0x80, 0x81, 0x80, 0x80, 0x80, 0x80, 0x81, 0x80, 
	0x80, 0x80, 0x80, 0x80, 0x80, 0x80, 0x81, 0x80, 0x80, 0x80, 0x80, 0x80, 0x80, 0x80, 0x80, 0x80, 
	0x80, 0x80, 0x80, 0x80, 0x80, 0x80, 0x80, 0x80, 0x80, 0x81, 0x80, 0x81, 0x80, 0x80, 0x80, 0x80, 
	0x80, 0x80, 0x80, 0x80, 0x7F, 0x81, 0x80, 0x80, 0x80, 0x80, 0x80, 0x7F, 0x7F, 0x80, 0x81, 0x80, 
	0x80, 0x80, 0x80, 0x80, 0x81, 0x80, 0x80, 0x7F, 0x81, 0x80, 0x80, 0x80, 0x80, 0x81, 0x80, 0x80, 
	0x80, 0x80, 0x80, 0x80, 0x80, 0x80, 0x80, 0x80, 0x80, 0x80, 0x80, 0x7F, 0x80, 0x80, 0x80, 0x80, 
	0x80, 0x80, 0x80, 0x80, 0x80, 0x80, 0x80, 0x80, 0x80, 0x80, 0x80, 0x80, 0x80, 0x80, 0x80, 0x7F, 
	0x80, 0x7F, 0x81, 0x7F, 0x80, 0x80, 0x80, 0x80, 0x80, 0x80, 0x81, 0x80, 0x80, 0x80, 0x80, 0x80, 
	0x80, 0x7F, 0x80, 0x7F, 0x80, 0x80, 0x81, 0x80, 0x80, 0x7F, 0x80, 0x80, 0x80, 0x80, 0x80, 0x80, 
	0x80, 0x80, 0x80, 0x80, 0x7F, 0x80, 0x80, 0x80, 0x80, 0x80, 0x7F, 0x80, 0x7F, 0x80, 0x7F, 0x80, 
	0x80, 0x80, 0x80, 0x80, 0x7F, 0x80, 0x7F, 0x80, 0x80, 0x80, 0x80, 0x80, 0x80, 0x80, 0x80, 0x80, 
	0x80, 0x80, 0x80, 0x80, 0x80, 0x81, 0x80, 0x80, 0x80, 0x80, 0x80, 0x80, 0x80, 0x80, 0x80, 0x80, 
	0x80, 0x80, 0x80, 0x80, 0x80, 0x80, 0x80, 0x7F, 0x80, 0x80, 0x80, 0x80, 0x81, 0x80, 0x80, 0x80, 
	0x80, 0x80, 0x80, 0x80, 0x80, 0x80, 0x80, 0x7F, 0x80, 0x80, 0x80, 0x80, 0x80, 0x80, 0x80, 0x80, 
	0x80, 0x7F, 0x80, 0x80, 0x80, 0x80, 0x7F, 0x80, 0x80, 0x80, 0x80, 0x80, 0x80, 0x7F, 0x80, 0x80, 
	0x7F, 0x80, 0x80, 0x80, 0x80, 0x80, 0x7F, 0x80, 0x80, 0x81, 0x80, 0x80, 0x7F, 0x80, 0x80, 0x80, 
	0x80, 0x80, 0x80, 0x80, 0x80, 0x7F, 0x80, 0x7F, 0x80, 0x80, 0x80, 0x80, 0x80, 0x80, 0x81, 0x7F, 
	0x80, 0x80, 0x80, 0x7F, 0x80, 0x80, 0x80, 0x80, 0x80, 0x80, 0x7F, 0x80, 0x80, 0x80, 0x80, 0x80, 
	0x80, 0x80, 0x80, 0x80, 0x80, 0x80, 0x80, 0x80, 0x7F, 0x80, 0x80, 0x80, 0x80, 0x80, 0x7F, 0x81, 
	0x7F, 0x80, 0x80, 0x7F, 0x80, 0x80, 0x80, 0x80, 0x80, 0x7F, 0x80, 0x7F, 0x81, 0x80, 0x80, 0x80, 
	0x80, 0x80, 0x81, 0x7F, 0x80, 0x80, 0x80, 0x80, 0x80, 0x80, 0x80, 0x80, 0x80, 0x80, 0x80, 0x80, 
	0x80, 0x80, 0x80, 0x80, 0x80, 0x80, 0x81, 0x7F, 0x80, 0x80, 0x7F, 0x80, 0x80, 0x80, 0x7F, 0x80, 
	0x80, 0x80, 0x80, 0x80, 0x81, 0x80, 0x80, 0x80, 0x80, 0x80, 0x80, 0x80, 0x80, 0x80, 0x80, 0x80, 
	0x80, 0x80, 0x80, 0x80, 0x80, 0x80, 0x80, 0x81, 0x80, 0x7F, 0x80, 0x80, 0x80, 0x80, 0x81, 0x80, 
	0x7F, 0x80, 0x81, 0x80, 0x80, 0x80, 0x81, 0x80, 0x81, 0x80, 0x80, 0x80, 0x80, 0x80, 0x80, 0x81, 
	0x80, 0x81, 0x80, 0x80, 0x80, 0x81, 0x80, 0x80, 0x80, 0x80, 0x80, 0x81, 0x80, 0x80, 0x80, 0x7F, 
	0x7F, 0x80, 0x80, 0x80, 0x7F, 0x80, 0x80, 0x80, 0x80, 0x80, 0x80, 0x80, 0x80, 0x80, 0x80, 0x80, 
	0x81, 0x81, 0x7F, 0x80, 0x80, 0x80, 0x7F, 0x80, 0x80, 0x80, 0x81, 0x81, 0x80, 0x7F, 0x80, 0x80, 
	0x80, 0x80, 0x80, 0x80, 0x80, 0x7F, 0x80, 0x80, 0x80, 0x80, 0x80, 0x80, 0x80, 0x80, 0x80, 0x80, 
	0x80, 0x80, 0x80, 0x80, 0x80, 0x7F, 0x80, 0x80, 0x7F, 0x80, 0x80, 0x80, 0x81, 0x80, 0x80, 0x80, 
	0x7F, 0x80, 0x80, 0x80, 0x80, 0x80, 0x7F, 0x80, 0x80, 0x80, 0x80, 0x80, 0x80, 0x81, 0x80, 0x80, 
	0x80, 0x80, 0x80, 0x80, 0x80, 0x7F, 0x80, 0x80, 0x80, 0x80, 0x80, 0x80, 0x80, 0x80, 0x80, 0x80, 
	0x7F, 0x7F, 0x80, 0x7F, 0x80, 0x80, 0x80, 0x80, 0x80, 0x80, 0x81, 0x80, 0x80, 0x81, 0x80, 0x7F, 
	0x80, 0x80, 0x81, 0x80, 0x80, 0x80, 0x80, 0x80, 0x80, 0x80, 0x80, 0x80, 0x80, 0x7F, 0x80, 0x80, 
	0x7F, 0x7F, 0x80, 0x80, 0x7F, 0x80, 0x80, 0x80, 0x80, 0x80, 0x80, 0x80, 0x80, 0x80, 0x80, 0x80, 
	0x80, 0x7F, 0x80, 0x81, 0x80, 0x80, 0x80, 0x80, 0x80, 0x80, 0x80, 0x80, 0x80, 0x80, 0x80, 0x81, 
	0x80, 0x80, 0x80, 0x80, 0x80, 0x80, 0x80, 0x80, 0x7F, 0x80, 0x80, 0x80, 0x80, 0x81, 0x80, 0x80, 
	0x80, 0x80, 0x80, 0x80, 0x80, 0x7F, 0x80, 0x80, 0x80, 0x7F, 0x80, 0x80, 0x80, 0x7F, 0x81, 0x80, 
	0x7F, 0x81, 0x7F, 0x80, 0x80, 0x80, 0x80, 0x80, 0x80, 0x80, 0x80, 0x80, 0x80, 0x80, 0x80, 0x80, 
	0x7F, 0x80, 0x80, 0x81, 0x80, 0x7F, 0x80, 0x80, 0x80, 0x7F, 0x7F, 0x81, 0x80, 0x80, 0x7F, 0x80, 
	0x80, 0x81, 0x80, 0x80, 0x80, 0x80, 0x80, 0x80, 0x80, 0x80, 0x7F, 0x80, 0x81, 0x80, 0x80, 0x7F, 
	0x80, 0x80, 0x80, 0x80, 0x80, 0x80, 0x80, 0x80, 0x80, 0x80, 0x80, 0x80, 0x80, 0x80, 0x80, 0x80, 
	0x80, 0x80, 0x80, 0x80, 0x80, 0x80, 0x80, 0x80, 0x80, 0x80, 0x81, 0x80, 0x80, 0x80, 0x80, 0x80, 
	0x80, 0x81, 0x80, 0x80, 0x80, 0x80, 0x80, 0x81, 0x80, 0x80, 0x80, 0x81, 0x80, 0x80, 0x80, 0x80, 
	0x7F, 0x80, 0x80, 0x80, 0x80, 0x80, 0x80, 0x80, 0x80, 0x80, 0x80, 0x80, 0x80, 0x80, 0x80, 0x80, 
	0x80, 0x80, 0x80, 0x80, 0x80, 0x81, 0x80, 0x80, 0x81, 0x7F, 0x80, 0x80, 0x80, 0x80, 0x7F, 0x80, 
	0x80, 0x80, 0x80, 0x7F, 0x80, 0x81, 0x80, 0x80, 0x81, 0x80, 0x80, 0x80, 0x80, 0x80, 0x80, 0x80, 
	0x80, 0x80, 0x7F, 0x7F, 0x80, 0x80, 0x80, 0x80, 0x80, 0x80, 0x80, 0x80, 0x80, 0x80, 0x80, 0x7F, 
	0x80, 0x80, 0x80, 0x80, 0x80, 0x80, 0x80, 0x80, 0x80, 0x80, 0x80, 0x80, 0x80, 0x80, 0x80, 0x7F, 
	0x80, 0x80, 0x80, 0x7F, 0x80, 0x80, 0x80, 0x80, 0x80, 0x80, 0x80, 0x7F, 0x7F, 0x80, 0x80, 0x80, 
	0x7F, 0x80, 0x80, 0x80, 0x81, 0x80, 0x7F, 0x80, 0x80, 0x81, 0x80, 0x81, 0x7F, 0x81, 0x80, 0x81, 
	0x80, 0x80, 0x80, 0x80, 0x80, 0x80, 0x80, 0x80, 0x80, 0x80, 0x80, 0x81, 0x81, 0x80, 0x81, 0x80, 
	0x80, 0x80, 0x80, 0x81, 0x81, 0x80, 0x80, 0x80, 0x80, 0x80, 0x80, 0x80, 0x80, 0x80, 0x80, 0x80, 
	0x80, 0x80, 0x7F, 0x81, 0x80, 0x80, 0x80, 0x80, 0x80, 0x80, 0x80, 0x80, 0x80, 0x80, 0x80, 0x7F, 
	0x80, 0x7F, 0x81, 0x80, 0x80, 0x80, 0x81, 0x81, 0x80, 0x80, 0x80, 0x80, 0x80, 0x80, 0x80, 0x80, 
	0x80, 0x80, 0x80, 0x80, 0x80, 0x80, 0x80, 0x81, 0x80, 0x80, 0x80, 0x80, 0x80, 0x80, 0x80, 0x7F, 
	0x80, 0x80, 0x80, 0x80, 0x80, 0x80, 0x80, 0x80, 0x80, 0x80, 0x80, 0x7F, 0x7F, 0x80, 0x81, 0x80, 
	0x81, 0x81, 0x80, 0x80, 0x7F, 0x80, 0x80, 0x80, 0x80, 0x80, 0x80, 0x80, 0x80, 0x80, 0x80, 0x7F, 
	0x81, 0x80, 0x7F, 0x80, 0x80, 0x80, 0x80, 0x80, 0x80, 0x80, 0x80, 0x80, 0x80, 0x81, 0x80, 0x81, 
	0x7F, 0x80, 0x80, 0x80, 0x7F, 0x80, 0x80, 0x80, 0x80, 0x80, 0x80, 0x80, 0x80, 0x80, 0x80, 0x80, 
	0x80, 0x80, 0x80, 0x80, 0x80, 0x80, 0x80, 0x7F, 0x80, 0x7F, 0x80, 0x7F, 0x80, 0x80, 0x80, 0x80, 
	0x80, 0x7F, 0x80, 0x80, 0x80, 0x80, 0x80, 0x80, 0x80, 0x80, 0x80, 0x7F, 0x7F, 0x80, 0x7F, 0x80, 
	0x7F, 0x80, 0x7F, 0x80, 0x80, 0x80, 0x80, 0x80, 0x80, 0x80, 0x80, 0x80, 0x80, 0x80, 0x80, 0x80, 
	0x80, 0x80, 0x80, 0x7F, 0x80, 0x80, 0x80, 0x80, 0x80, 0x81, 0x80, 0x80, 0x80, 0x80, 0x80, 0x7F, 
	0x80, 0x80, 0x81, 0x7F, 0x80, 0x81, 0x80, 0x80, 0x80, 0x7F, 0x81, 0x80, 0x80, 0x80, 0x80, 0x80, 
	0x81, 0x80, 0x80, 0x80, 0x80, 0x80, 0x80, 0x7F, 0x80, 0x80, 0x80, 0x81, 0x80, 0x80, 0x80, 0x80, 
	0x7F, 0x80, 0x80, 0x7F, 0x80, 0x80, 0x80, 0x80, 0x7F, 0x80, 0x80, 0x80, 0x80, 0x80, 0x80, 0x80, 
	0x80, 0x80, 0x7F, 0x80, 0x80, 0x80, 0x80, 0x80, 0x80, 0x80, 0x7F, 0x80, 0x80, 0x80, 0x80, 0x7F, 
	0x80, 0x80, 0x80, 0x80, 0x80, 0x80, 0x80, 0x80, 0x80, 0x80, 0x80, 0x80, 0x80, 0x80, 0x80, 0x80, 
	0x7F, 0x80, 0x80, 0x80, 0x7F, 0x81, 0x81, 0x80, 0x80, 0x80, 0x80, 0x80, 0x80, 0x80, 0x7F, 0x80, 
	0x7F, 0x80, 0x80, 0x80, 0x80, 0x80, 0x80, 0x80, 0x7F, 0x80, 0x80, 0x80, 0x7F, 0x80, 0x81, 0x80, 
	0x80, 0x80, 0x81, 0x80, 0x80, 0x80, 0x80, 0x80, 0x80, 0x80, 0x80, 0x80, 0x80, 0x80, 0x80, 0x80, 
	0x7F, 0x80, 0x80, 0x81, 0x80, 0x81, 0x80, 0x80, 0x80, 0x81, 0x80, 0x80, 0x80, 0x7F, 0x80, 0x80, 
	0x80, 0x81, 0x80, 0x80, 0x80, 0x80, 0x81, 0x80, 0x80, 0x81, 0x80, 0x80, 0x80, 0x80, 0x80, 0x80, 
	0x80, 0x80, 0x7F, 0x80, 0x81, 0x80, 0x80, 0x7F, 0x7F, 0x80, 0x7F, 0x80, 0x80, 0x80, 0x7F, 0x80, 
	0x80, 0x80, 0x80, 0x7F, 0x7F, 0x80, 0x81, 0x80, 0x7F, 0x80, 0x7F, 0x80, 0x81, 0x80, 0x80, 0x80, 
	0x80, 0x80, 0x80, 0x80, 0x80, 0x80, 0x80, 0x80, 0x80, 0x80, 0x80, 0x80, 0x80, 0x80, 0x80, 0x80, 
	0x81, 0x80, 0x80, 0x80, 0x80, 0x7F, 0x80, 0x80, 0x80, 0x80, 0x80, 0x80, 0x7F, 0x80, 0x80, 0x81, 
	0x80, 0x80, 0x80, 0x7F, 0x80, 0x80, 0x80, 0x80, 0x80, 0x80, 0x80, 0x80, 0x7F, 0x80, 0x7F, 0x80, 
	0x80, 0x80, 0x80, 0x80, 0x80, 0x80, 0x80, 0x7F, 0x80, 0x80, 0x80, 0x80, 0x80, 0x80, 0x80, 0x81, 
	0x80, 0x80, 0x7F, 0x7F, 0x80, 0x80, 0x81, 0x80, 0x80, 0x80, 0x80, 0x80, 0x80, 0x7F, 0x80, 0x80, 
	0x80, 0x80, 0x80, 0x80, 0x80, 0x80, 0x80, 0x81, 0x80, 0x80, 0x80, 0x80, 0x7F, 0x7F, 0x80, 0x80, 
	0x80, 0x7F, 0x7F, 0x80, 0x80, 0x80, 0x80, 0x80, 0x80, 0x80, 0x80, 0x80, 0x80, 0x80, 0x80, 0x80, 
	0x80, 0x80, 0x80, 0x80, 0x80, 0x7F, 0x80, 0x7F, 0x80, 0x80, 0x80, 0x80, 0x80, 0x80, 0x80, 0x80, 
	0x80, 0x80, 0x80, 0x80, 0x80, 0x80, 0x80, 0x81, 0x80, 0x7F, 0x80, 0x80, 0x80, 0x80, 0x80, 0x7F, 
	0x80, 0x7F, 0x80, 0x81, 0x80, 0x80, 0x80, 0x80, 0x80, 0x80, 0x80, 0x80, 0x80, 0x80, 0x80, 0x80, 
	0x80, 0x80, 0x81, 0x80, 0x80, 0x80, 0x80, 0x7F, 0x80, 0x80, 0x80, 0x80, 0x80, 0x80, 0x80, 0x80, 
	0x80, 0x7F, 0x80, 0x80, 0x7F, 0x80, 0x80, 0x80, 0x81, 0x80, 0x80, 0x80, 0x80, 0x80, 0x80, 0x80, 
	0x80, 0x80, 0x80, 0x80, 0x81, 0x80, 0x80, 0x80, 0x80, 0x80, 0x81, 0x80, 0x7F, 0x80, 0x80, 0x80, 
	0x80, 0x80, 0x80, 0x81, 0x80, 0x81, 0x80, 0x80, 0x80, 0x80, 0x80, 0x80, 0x80, 0x7F, 0x7F, 0x81, 
	0x80, 0x80, 0x7F, 0x80, 0x7F, 0x80, 0x81, 0x7F, 0x80, 0x7F, 0x81, 0x80, 0x80, 0x80, 0x80, 0x80, 
	0x80, 0x81, 0x81, 0x7F, 0x80, 0x80, 0x81, 0x80, 0x80, 0x80, 0x80, 0x80, 0x80, 0x80, 0x7F, 0x80, 
	0x7F, 0x80, 0x81, 0x80, 0x80, 0x80, 0x80, 0x80, 0x81, 0x81, 0x80, 0x80, 0x7F, 0x80, 0x7F, 0x80, 
	0x80, 0x80, 0x80, 0x80, 0x80, 0x80, 0x80, 0x80, 0x80, 0x80, 0x80, 0x80, 0x80, 0x7F, 0x80, 0x81, 
	0x80, 0x7F, 0x81, 0x80, 0x80, 0x80, 0x80, 0x80, 0x7F, 0x80, 0x80, 0x80, 0x80, 0x80, 0x7F, 0x80, 
	0x80, 0x80, 0x80, 0x80, 0x80, 0x80, 0x7F, 0x80, 0x7F, 0x80, 0x80, 0x80, 0x81, 0x80, 0x80, 0x80, 
	0x7F, 0x80, 0x7F, 0x80, 0x80, 0x80, 0x80, 0x80, 0x80, 0x80, 0x7F, 0x80, 0x80, 0x80, 0x80, 0x80, 
	0x80, 0x80, 0x80, 0x80, 0x80, 0x80, 0x80, 0x80, 0x7F, 0x80, 0x7F, 0x80, 0x80, 0x7F, 0x80, 0x80, 
	0x80, 0x80, 0x80, 0x80, 0x7F, 0x80, 0x81, 0x80, 0x80, 0x80, 0x80, 0x80, 0x80, 0x80, 0x81, 0x80, 
	0x80, 0x80, 0x80, 0x80, 0x80, 0x7F, 0x80, 0x80, 0x7F, 0x80, 0x80, 0x80, 0x80, 0x80, 0x7F, 0x80, 
	0x80, 0x80, 0x80, 0x80, 0x80, 0x7F, 0x80, 0x7F, 0x80, 0x80, 0x80, 0x80, 0x80, 0x80, 0x80, 0x80, 
	0x81, 0x80, 0x80, 0x80, 0x80, 0x7F, 0x80, 0x80, 0x80, 0x80, 0x7F, 0x80, 0x80, 0x80, 0x7F, 0x80, 
	0x80, 0x80, 0x7F, 0x80, 0x80, 0x80, 0x80, 0x80, 0x80, 0x80, 0x80, 0x80, 0x80, 0x80, 0x80, 0x80, 
	0x80, 0x80, 0x81, 0x80, 0x80, 0x80, 0x81, 0x80, 0x80, 0x80, 0x81, 0x80, 0x80, 0x80, 0x80, 0x7F, 
	0x80, 0x80, 0x80, 0x80, 0x80, 0x80, 0x80, 0x80, 0x80, 0x80, 0x80, 0x80, 0x80, 0x80, 0x7F, 0x80, 
	0x80, 0x81, 0x81, 0x80, 0x81, 0x80, 0x80, 0x80, 0x80, 0x80, 0x80, 0x80, 0x80, 0x80, 0x80, 0x80, 
	0x81, 0x81, 0x81, 0x80, 0x80, 0x7F, 0x80, 0x80, 0x81, 0x80, 0x81, 0x81, 0x80, 0x80, 0x80, 0x80, 
	0x80, 0x80, 0x80, 0x80, 0x80, 0x7F, 0x80, 0x80, 0x80, 0x80, 0x80, 0x80, 0x80, 0x80, 0x81, 0x80, 
	0x80, 0x80, 0x81, 0x80, 0x7F, 0x80, 0x7F, 0x80, 0x80, 0x81, 0x80, 0x80, 0x80, 0x80, 0x80, 0x81, 
	0x80, 0x80, 0x80, 0x80, 0x80, 0x80, 0x80, 0x80, 0x81, 0x7F, 0x7F, 0x81, 0x81, 0x80, 0x80, 0x81, 
	0x80, 0x80, 0x80, 0x80, 0x80, 0x80, 0x80, 0x81, 0x81, 0x80, 0x7F, 0x80, 0x80, 0x81, 0x80, 0x80, 
	0x80, 0x80, 0x80, 0x80, 0x80, 0x80, 0x80, 0x80, 0x80, 0x80, 0x80, 0x80, 0x80, 0x80, 0x7F, 0x80, 
	0x81, 0x80, 0x80, 0x80, 0x80, 0x7F, 0x80, 0x80, 0x80, 0x80, 0x80, 0x80, 0x80, 0x80, 0x80, 0x80, 
	0x7F, 0x80, 0x80, 0x80, 0x80, 0x80, 0x7F, 0x7F, 0x81, 0x81, 0x80, 0x80, 0x81, 0x80, 0x80, 0x80, 
	0x80, 0x80, 0x80, 0x81, 0x80, 0x80, 0x80, 0x80, 0x80, 0x80, 0x80, 0x80, 0x7F, 0x80, 0x81, 0x80, 
	0x80, 0x80, 0x80, 0x81, 0x80, 0x80, 0x80, 0x81, 0x81, 0x80, 0x7F, 0x7F, 0x80, 0x80, 0x81, 0x80, 
	0x80, 0x80, 0x80, 0x7F, 0x7F, 0x80, 0x80, 0x80, 0x80, 0x80, 0x80, 0x80, 0x80, 0x80, 0x80, 0x80, 
	0x80, 0x81, 0x7F, 0x81, 0x80, 0x80, 0x80, 0x80, 0x80, 0x80, 0x80, 0x80, 0x80, 0x80, 0x80, 0x80, 
	0x7F, 0x80, 0x80, 0x80, 0x80, 0x80, 0x7F, 0x80, 0x80, 0x80, 0x81, 0x7F, 0x80, 0x80, 0x80, 0x7F, 
	0x80, 0x80, 0x80, 0x80, 0x7F, 0x80, 0x80, 0x80, 0x80, 0x81, 0x80, 0x80, 0x80, 0x7F, 0x80, 0x80, 
	0x7F, 0x80, 0x80, 0x80, 0x80, 0x80, 0x7F, 0x7F, 0x80, 0x80, 0x80, 0x80, 0x80, 0x80, 0x80, 0x80, 
	0x7F, 0x80, 0x80, 0x80, 0x81, 0x80, 0x81, 0x80, 0x80, 0x80, 0x81, 0x80, 0x80, 0x80, 0x7F, 0x80, 
	0x81, 0x80, 0x80, 0x80, 0x80, 0x80, 0x80, 0x81, 0x80, 0x80, 0x7F, 0x7F, 0x7F, 0x80, 0x80, 0x80, 
	0x80, 0x80, 0x80, 0x80, 0x80, 0x81, 0x80, 0x80, 0x80, 0x80, 0x80, 0x80, 0x80, 0x80, 0x80, 0x80, 
	0x81, 0x80, 0x7F, 0x80, 0x7F, 0x80, 0x80, 0x7F, 0x80, 0x80, 0x80, 0x80, 0x80, 0x80, 0x80, 0x7F, 
	0x80, 0x7F, 0x80, 0x80, 0x80, 0x80, 0x7F, 0x80, 0x80, 0x81, 0x7F, 0x80, 0x80, 0x7F, 0x80, 0x80, 
	0x80, 0x80, 0x80, 0x7F, 0x80, 0x80, 0x80, 0x80, 0x80, 0x80, 0x80, 0x80, 0x80, 0x80, 0x80, 0x7F, 
	0x80, 0x80, 0x81, 0x80, 0x80, 0x7F, 0x80, 0x80, 0x7F, 0x80, 0x80, 0x80, 0x80, 0x80, 0x7F, 0x80, 
	0x80, 0x80, 0x7F, 0x80, 0x80, 0x80, 0x80, 0x80, 0x80, 0x80, 0x80, 0x80, 0x80, 0x81, 0x80, 0x80, 
	0x80, 0x80, 0x80, 0x80, 0x80, 0x80, 0x80, 0x80, 0x80, 0x80, 0x80, 0x80, 0x7F, 0x80, 0x81, 0x80, 
	0x80, 0x80, 0x7F, 0x7F, 0x80, 0x80, 0x80, 0x80, 0x80, 0x80, 0x80, 0x80, 0x80, 0x7F, 0x81, 0x81, 
	0x80, 0x80, 0x80, 0x80, 0x7F, 0x7F, 0x80, 0x80, 0x80, 0x80, 0x81, 0x80, 0x80, 0x80, 0x80, 0x80, 
	0x80, 0x80, 0x81, 0x80, 0x81, 0x80, 0x81, 0x80, 0x80, 0x80, 0x80, 0x80, 0x81, 0x80, 0x80, 0x80, 
	0x80, 0x80, 0x80, 0x80, 0x7F, 0x80, 0x80, 0x80, 0x81, 0x7F, 0x80, 0x80, 0x81, 0x80, 0x80, 0x80, 
	0x80, 0x7F, 0x80, 0x80, 0x7F, 0x80, 0x80, 0x80, 0x80, 0x81, 0x7F, 0x80, 0x80, 0x80, 0x80, 0x80, 
	0x81, 0x80, 0x80, 0x80, 0x80, 0x80, 0x80, 0x80, 0x80, 0x80, 0x80, 0x80, 0x7F, 0x80, 0x81, 0x80, 
	0x80, 0x7F, 0x80, 0x80, 0x80, 0x80, 0x80, 0x7F, 0x7F, 0x7F, 0x80, 0x80, 0x80, 0x81, 0x80, 0x80, 
	0x80, 0x80, 0x80, 0x80, 0x80, 0x80, 0x80, 0x80, 0x80, 0x7F, 0x80, 0x80, 0x80, 0x80, 0x80, 0x80, 
	0x80, 0x80, 0x80, 0x80, 0x80, 0x80, 0x80, 0x80, 0x80, 0x80, 0x80, 0x80, 0x81, 0x80, 0x80, 0x80, 
	0x80, 0x80, 0x80, 0x80, 0x80, 0x80, 0x80, 0x80, 0x80, 0x80, 0x80, 0x80, 0x80, 0x80, 0x80, 0x80, 
	0x80, 0x80, 0x80, 0x80, 0x80, 0x7F, 0x80, 0x80, 0x80, 0x80, 0x7F, 0x80, 0x80, 0x80, 0x80, 0x81, 
	0x80, 0x80, 0x80, 0x80, 0x81, 0x80, 0x80, 0x80, 0x80, 0x80, 0x80, 0x81, 0x80, 0x80, 0x80, 0x80, 
	0x80, 0x80, 0x80, 0x80, 0x80, 0x80, 0x80, 0x80, 0x80, 0x80, 0x80, 0x7F, 0x7F, 0x80, 0x80, 0x80, 
	0x80, 0x80, 0x80, 0x80, 0x80, 0x80, 0x80, 0x80, 0x80, 0x80, 0x80, 0x80, 0x80, 0x80, 0x80, 0x80, 
	0x80, 0x80, 0x80, 0x7F, 0x80, 0x80, 0x80, 0x7F, 0x80, 0x80, 0x7F, 0x80, 0x7F, 0x80, 0x80, 0x81, 
	0x80, 0x7F, 0x80, 0x80, 0x80, 0x80, 0x80, 0x80, 0x80, 0x80, 0x80, 0x80, 0x80, 0x80, 0x80, 0x80, 
	0x80, 0x80, 0x80, 0x80, 0x7F, 0x81, 0x80, 0x80, 0x80, 0x80, 0x80, 0x80, 0x80, 0x80, 0x80, 0x80, 
	0x80, 0x80, 0x80, 0x80, 0x80, 0x80, 0x80, 0x7F, 0x7F, 0x80, 0x80, 0x7F, 0x80, 0x80, 0x80, 0x80, 
	0x80, 0x7F, 0x80, 0x80, 0x80, 0x80, 0x7F, 0x80, 0x80, 0x80, 0x81, 0x7F, 0x80, 0x7F, 0x80, 0x80, 
	0x80, 0x80, 0x80, 0x80, 0x81, 0x80, 0x80, 0x81, 0x80, 0x80, 0x80, 0x80, 0x7F, 0x80, 0x7F, 0x80, 
	0x80, 0x80, 0x80, 0x80, 0x80, 0x80, 0x80, 0x80, 0x80, 0x80, 0x80, 0x80, 0x81, 0x81, 0x80, 0x80, 
	0x81, 0x80, 0x80, 0x80, 0x80, 0x80, 0x80, 0x80, 0x80, 0x80, 0x80, 0x7F, 0x80, 0x80, 0x81, 0x7F, 
	0x7F, 0x80, 0x80, 0x80, 0x80, 0x80, 0x80, 0x80, 0x80, 0x7F, 0x80, 0x80, 0x80, 0x80, 0x80, 0x7F, 
	0x80, 0x80, 0x7F, 0x81, 0x80, 0x80, 0x80, 0x80, 0x80, 0x80, 0x80, 0x80, 0x80, 0x80, 0x80, 0x80, 
	0x80, 0x80, 0x80, 0x81, 0x81, 0x81, 0x80, 0x7F, 0x80, 0x80, 0x80, 0x80, 0x80, 0x7F, 0x80, 0x80, 
	0x81, 0x80, 0x80, 0x80, 0x80, 0x80, 0x80, 0x81, 0x80, 0x80, 0x7F, 0x80, 0x80, 0x80, 0x80, 0x7F, 
	0x80, 0x81, 0x80, 0x7F, 0x80, 0x80, 0x80, 0x80, 0x80, 0x80, 0x80, 0x80, 0x7F, 0x80, 0x80, 0x80, 
	0x80, 0x80, 0x80, 0x7F, 0x80, 0x81, 0x80, 0x7F, 0x80, 0x80, 0x80, 0x81, 0x80, 0x7F, 0x80, 0x80, 
	0x80, 0x80, 0x80, 0x80, 0x81, 0x80, 0x80, 0x80, 0x80, 0x80, 0x81, 0x80, 0x80, 0x80, 0x80, 0x80, 
	0x80, 0x80, 0x80, 0x80, 0x81, 0x80, 0x81, 0x80, 0x80, 0x80, 0x80, 0x80, 0x80, 0x80, 0x80, 0x80, 
	0x80, 0x80, 0x80, 0x80, 0x80, 0x80, 0x80, 0x80, 0x81, 0x80, 0x80, 0x80, 0x80, 0x80, 0x80, 0x80, 
	0x80, 0x80, 0x81, 0x80, 0x80, 0x80, 0x81, 0x80, 0x80, 0x80, 0x80, 0x80, 0x81, 0x80, 0x81, 0x80, 
	0x80, 0x80, 0x80, 0x81, 0x80, 0x80, 0x80, 0x80, 0x80, 0x80, 0x80, 0x81, 0x80, 0x80, 0x80, 0x80, 
	0x80, 0x80, 0x7F, 0x80, 0x81, 0x80, 0x80, 0x80, 0x80, 0x80, 0x80, 0x80, 0x80, 0x80, 0x7F, 0x80, 
	0x7F, 0x81, 0x7F, 0x80, 0x7F, 0x80, 0x80, 0x80, 0x80, 0x80, 0x7F, 0x80, 0x80, 0x80, 0x80, 0x80, 
	0x80, 0x81, 0x80, 0x80, 0x80, 0x80, 0x80, 0x80, 0x80, 0x81, 0x80, 0x80, 0x80, 0x80, 0x80, 0x7F, 
	0x80, 0x80, 0x7F, 0x80, 0x80, 0x80, 0x80, 0x80, 0x80, 0x81, 0x7F, 0x80, 0x80, 0x7F, 0x80, 0x80, 
	0x80, 0x80, 0x7F, 0x80, 0x80, 0x80, 0x80, 0x80, 0x7F, 0x80, 0x80, 0x80, 0x80, 0x81, 0x80, 0x81, 
	0x80, 0x80, 0x80, 0x7F, 0x7F, 0x80, 0x7F, 0x80, 0x80, 0x80, 0x80, 0x80, 0x80, 0x80, 0x80, 0x7F, 
	0x80, 0x80, 0x80, 0x80, 0x80, 0x80, 0x80, 0x7F, 0x80, 0x80, 0x80, 0x81, 0x80, 0x80, 0x80, 0x80, 
	0x80, 0x80, 0x81, 0x80, 0x7F, 0x80, 0x80, 0x80, 0x80, 0x80, 0x80, 0x80, 0x80, 0x80, 0x80, 0x80, 
	0x80, 0x80, 0x80, 0x7F, 0x80, 0x80, 0x80, 0x7F, 0x7F, 0x80, 0x80, 0x80, 0x80, 0x7F, 0x80, 0x7F, 
	0x80, 0x7F, 0x80, 0x80, 0x80, 0x80, 0x80, 0x80, 0x80, 0x80, 0x7F, 0x7F, 0x80, 0x80, 0x7F, 0x80, 
	0x80, 0x80, 0x80, 0x80, 0x80, 0x80, 0x80, 0x80, 0x80, 0x80, 0x80, 0x80, 0x80, 0x80, 0x80, 0x7F, 
	0x80, 0x80, 0x80, 0x80, 0x80, 0x80, 0x80, 0x80, 0x80, 0x80, 0x7F, 0x80, 0x81, 0x80, 0x80, 0x80, 
	0x80, 0x7F, 0x80, 0x80, 0x80, 0x80, 0x80, 0x80, 0x80, 0x80, 0x7F, 0x80, 0x80, 0x80, 0x81, 0x81, 
	0x81, 0x80, 0x80, 0x7F, 0x80, 0x80, 0x80, 0x7F, 0x7F, 0x7F, 0x80, 0x80, 0x7F, 0x80, 0x7F, 0x80, 
	0x80, 0x80, 0x80, 0x81, 0x80, 0x80, 0x80, 0x80, 0x80, 0x80, 0x80, 0x80, 0x80, 0x80, 0x80, 0x80, 
	0x80, 0x80, 0x80, 0x80, 0x7F, 0x80, 0x80, 0x80, 0x80, 0x80, 0x80, 0x80, 0x80, 0x80, 0x80, 0x80, 
	0x80, 0x80, 0x7F, 0x80, 0x80, 0x80, 0x80, 0x80, 0x80, 0x80, 0x81, 0x7F, 0x80, 0x80, 0x80, 0x80, 
	0x80, 0x80, 0x80, 0x80, 0x80, 0x80, 0x80, 0x7F, 0x80, 0x80, 0x80, 0x81, 0x7F, 0x80, 0x80, 0x80, 
	0x80, 0x7F, 0x80, 0x80, 0x81, 0x7F, 0x81, 0x7F, 0x80, 0x80, 0x80, 0x80, 0x80, 0x80, 0x80, 0x80, 
	0x80, 0x80, 0x80, 0x80, 0x80, 0x80, 0x80, 0x80, 0x80, 0x80, 0x81, 0x80, 0x80, 0x80, 0x81, 0x80, 
	0x80, 0x80, 0x80, 0x81, 0x80, 0x80, 0x80, 0x80, 0x80, 0x81, 0x80, 0x7F, 0x81, 0x80, 0x7F, 0x80, 
	0x80, 0x80, 0x81, 0x80, 0x80, 0x80, 0x80, 0x80, 0x80, 0x80, 0x7F, 0x80, 0x80, 0x80, 0x80, 0x80, 
	0x80, 0x81, 0x80, 0x80, 0x80, 0x80, 0x80, 0x7F, 0x81, 0x80, 0x80, 0x80, 0x80, 0x81, 0x80, 0x81, 
	0x80, 0x80, 0x80, 0x80, 0x7F, 0x80, 0x80, 0x80, 0x80, 0x80, 0x80, 0x80, 0x80, 0x80, 0x80, 0x80, 
	0x7F, 0x80, 0x80, 0x81, 0x80, 0x80, 0x80, 0x7F, 0x80, 0x80, 0x80, 0x80, 0x7F, 0x80, 0x80, 0x80, 
	0x81, 0x81, 0x80, 0x80, 0x80, 0x80, 0x80, 0x80, 0x80, 0x80, 0x7F, 0x7F, 0x80, 0x80, 0x80, 0x81, 
	0x80, 0x7F, 0x80, 0x80, 0x80, 0x80, 0x80, 0x80, 0x80, 0x80, 0x80, 0x80, 0x80, 0x80, 0x80, 0x81, 
	0x80, 0x80, 0x7F, 0x80, 0x81, 0x80, 0x80, 0x81, 0x80, 0x80, 0x80, 0x80, 0x80, 0x80, 0x80, 0x80, 
	0x80, 0x80, 0x80, 0x80, 0x7F, 0x7F, 0x80, 0x80, 0x80, 0x80, 0x80, 0x7F, 0x80, 0x7F, 0x81, 0x80, 
	0x80, 0x80, 0x80, 0x80, 0x7F, 0x80, 0x81, 0x80, 0x80, 0x80, 0x80, 0x80, 0x80, 0x7F, 0x80, 0x80, 
	0x80, 0x7F, 0x80, 0x80, 0x80, 0x80, 0x80, 0x80, 0x80, 0x80, 0x80, 0x80, 0x80, 0x80, 0x7F, 0x80, 
	0x80, 0x80, 0x80, 0x81, 0x80, 0x80, 0x80, 0x80, 0x80, 0x80, 0x80, 0x80, 0x80, 0x80, 0x80, 0x81, 
	0x80, 0x80, 0x80, 0x80, 0x81, 0x80, 0x80, 0x80, 0x80, 0x80, 0x80, 0x80, 0x80, 0x7F, 0x81, 0x81, 
	0x80, 0x80, 0x80, 0x80, 0x80, 0x7F, 0x80, 0x80, 0x80, 0x80, 0x80, 0x80, 0x80, 0x7F, 0x80, 0x80, 
	0x80, 0x80, 0x7F, 0x81, 0x80, 0x80, 0x80, 0x80, 0x80, 0x80, 0x80, 0x80, 0x80, 0x80, 0x7F, 0x7F, 
	0x80, 0x7F, 0x80, 0x80, 0x80, 0x80, 0x80, 0x80, 0x7F, 0x80, 0x80, 0x80, 0x80, 0x7F, 0x80, 0x80, 
	0x80, 0x80, 0x80, 0x80, 0x80, 0x80, 0x80, 0x80, 0x80, 0x80, 0x80, 0x80, 0x80, 0x80, 0x80, 0x80, 
	0x7F, 0x7F, 0x80, 0x81, 0x80, 0x80, 0x7F, 0x80, 0x81, 0x80, 0x80, 0x80, 0x7F, 0x80, 0x80, 0x80, 
	0x81, 0x80, 0x80, 0x81, 0x80, 0x81, 0x80, 0x7F, 0x81, 0x80, 0x80, 0x80, 0x80, 0x80, 0x80, 0x80, 
	0x80, 0x80, 0x80, 0x80, 0x7F, 0x80, 0x80, 0x80, 0x81, 0x80, 0x80, 0x80, 0x7F, 0x80, 0x80, 0x80, 
	0x80, 0x80, 0x7F, 0x7F, 0x80, 0x81, 0x80, 0x80, 0x80, 0x80, 0x80, 0x80, 0x80, 0x80, 0x80, 0x80, 
	0x80, 0x80, 0x7F, 0x80, 0x7F, 0x80, 0x81, 0x80, 0x81, 0x80, 0x80, 0x80, 0x80, 0x80, 0x80, 0x80, 
	0x81, 0x81, 0x80, 0x80, 0x80, 0x80, 0x80, 0x80, 0x80, 0x80, 0x80, 0x80, 0x80, 0x80, 0x80, 0x80, 
	0x80, 0x80, 0x80, 0x81, 0x80, 0x80, 0x80, 0x80, 0x80, 0x80, 0x80, 0x80, 0x80, 0x80, 0x80, 0x80, 
	0x80, 0x81, 0x80, 0x80, 0x80, 0x80, 0x80, 0x80, 0x80, 0x81, 0x81, 0x80, 0x80, 0x80, 0x80, 0x7F, 
	0x80, 0x80, 0x80, 0x81, 0x80, 0x81, 0x80, 0x80, 0x80, 0x80, 0x80, 0x81, 0x81, 0x81, 0x80, 0x80, 
	0x80, 0x80, 0x80, 0x7F, 0x7F, 0x80, 0x80, 0x7F, 0x80, 0x80, 0x80, 0x80, 0x80, 0x80, 0x80, 0x80, 
	0x80, 0x80, 0x80, 0x80, 0x80, 0x80, 0x80, 0x80, 0x80, 0x80, 0x80, 0x80, 0x80, 0x81, 0x81, 0x80, 
	0x80, 0x7F, 0x80, 0x80, 0x80, 0x80, 0x80, 0x80, 0x80, 0x81, 0x80, 0x80, 0x7F, 0x80, 0x80, 0x7F, 
	0x80, 0x80, 0x80, 0x80, 0x7F, 0x80, 0x80, 0x80, 0x80, 0x80, 0x81, 0x80, 0x80, 0x80, 0x80, 0x80, 
	0x80, 0x80, 0x80, 0x80, 0x80, 0x80, 0x80, 0x80, 0x80, 0x81, 0x80, 0x80, 0x80, 0x80, 0x80, 0x80, 
	0x80, 0x81, 0x80, 0x7F, 0x80, 0x80, 0x80, 0x7F, 0x80, 0x80, 0x80, 0x80, 0x80, 0x80, 0x80, 0x80, 
	0x80, 0x80, 0x80, 0x80, 0x80, 0x80, 0x81, 0x80, 0x81, 0x80, 0x81, 0x81, 0x80, 0x81, 0x7F, 0x80, 
	0x80, 0x80, 0x80, 0x80, 0x80, 0x80, 0x80, 0x80, 0x80, 0x80, 0x80, 0x80, 0x80, 0x80, 0x80, 0x80, 
	0x80, 0x80, 0x80, 0x7F, 0x80, 0x80, 0x81, 0x80, 0x81, 0x81, 0x80, 0x80, 0x80, 0x80, 0x80, 0x81, 
	0x80, 0x7F, 0x80, 0x80, 0x80, 0x80, 0x80, 0x80, 0x80, 0x80, 0x80, 0x80, 0x80, 0x80, 0x7F, 0x80, 
	0x7F, 0x80, 0x80, 0x80, 0x80, 0x80, 0x80, 0x81, 0x80, 0x7F, 0x80, 0x80, 0x81, 0x80, 0x80, 0x80, 
	0x80, 0x80, 0x80, 0x80, 0x7F, 0x7F, 0x80, 0x80, 0x80, 0x80, 0x80, 0x80, 0x80, 0x80, 0x80, 0x80, 
	0x80, 0x80, 0x81, 0x80, 0x80, 0x80, 0x80, 0x80, 0x80, 0x80, 0x80, 0x80, 0x7F, 0x80, 0x7F, 0x80, 
	0x80, 0x80, 0x80, 0x80, 0x7F, 0x80, 0x80, 0x80, 0x80, 0x80, 0x80, 0x81, 0x80, 0x7F, 0x80, 0x80, 
	0x80, 0x80, 0x80, 0x81, 0x80, 0x7F, 0x80, 0x80, 0x80, 0x80, 0x80, 0x81, 0x80, 0x80, 0x80, 0x80, 
	0x80, 0x80, 0x81, 0x80, 0x80, 0x7F, 0x7F, 0x80, 0x80, 0x81, 0x80, 0x80, 0x80, 0x80, 0x80, 0x80, 
	0x80, 0x80, 0x7F, 0x80, 0x80, 0x7F, 0x80, 0x80, 0x80, 0x7F, 0x80, 0x7F, 0x80, 0x80, 0x81, 0x80, 
	0x81, 0x80, 0x80, 0x80, 0x80, 0x80, 0x80, 0x81, 0x80, 0x80, 0x80, 0x80, 0x80, 0x81, 0x80, 0x81, 
	0x80, 0x80, 0x7F, 0x81, 0x80, 0x80, 0x7F, 0x80, 0x80, 0x80, 0x80, 0x80, 0x7F, 0x80, 0x80, 0x80, 
	0x80, 0x80, 0x80, 0x7F, 0x81, 0x80, 0x80, 0x80, 0x80, 0x80, 0x80, 0x80, 0x80, 0x7F, 0x7F, 0x80, 
	0x80, 0x80, 0x80, 0x80, 0x80, 0x80, 0x80, 0x80, 0x80, 0x80, 0x80, 0x80, 0x80, 0x80, 0x80, 0x80, 
	0x80, 0x7F, 0x80, 0x80, 0x80, 0x80, 0x80, 0x81, 0x80, 0x80, 0x80, 0x80, 0x80, 0x80, 0x80, 0x7F, 
	0x7F, 0x80, 0x80, 0x80, 0x80, 0x80, 0x81, 0x80, 0x7F, 0x80, 0x80, 0x80, 0x80, 0x81, 0x80, 0x80, 
	0x81, 0x7F, 0x81, 0x80, 0x80, 0x80, 0x80, 0x80, 0x80, 0x80, 0x7F, 0x80, 0x80, 0x80, 0x7F, 0x80, 
	0x80, 0x80, 0x80, 0x81, 0x80, 0x80, 0x7F, 0x80, 0x80, 0x80, 0x80, 0x80, 0x80, 0x80, 0x80, 0x80, 
	0x7F, 0x80, 0x7F, 0x80, 0x80, 0x80, 0x80, 0x80, 0x7F, 0x80, 0x80, 0x7F, 0x81, 0x80, 0x80, 0x80, 
	0x80, 0x80, 0x80, 0x80, 0x80, 0x80, 0x7F, 0x80, 0x81, 0x80, 0x81, 0x7F, 0x80, 0x80, 0x80, 0x80, 
	0x80, 0x7F, 0x80, 0x81, 0x7F, 0x80, 0x80, 0x80, 0x80, 0x81, 0x80, 0x80, 0x80, 0x80, 0x80, 0x80, 
	0x80, 0x80, 0x80, 0x80, 0x80, 0x7F, 0x80, 0x80, 0x81, 0x7F, 0x80, 0x80, 0x80, 0x80, 0x80, 0x7F, 
	0x80, 0x81, 0x80, 0x80, 0x80, 0x80, 0x7F, 0x7F, 0x7F, 0x80, 0x80, 0x7F, 0x80, 0x7F, 0x80, 0x80, 
	0x81, 0x80, 0x80, 0x80, 0x80, 0x80, 0x81, 0x80, 0x80, 0x7F, 0x80, 0x7F, 0x80, 0x80, 0x80, 0x80, 
	0x81, 0x7F, 0x80, 0x80, 0x80, 0x80, 0x80, 0x80, 0x80, 0x80, 0x80, 0x81, 0x80, 0x80, 0x80, 0x80, 
	0x80, 0x80, 0x80, 0x81, 0x80, 0x80, 0x80, 0x80, 0x80, 0x80, 0x80, 0x81, 0x80, 0x80, 0x80, 0x81, 
	0x81, 0x80, 0x80, 0x80, 0x80, 0x80, 0x81, 0x80, 0x80, 0x81, 0x80, 0x80, 0x80, 0x80, 0x80, 0x80, 
	0x80, 0x80, 0x80, 0x7F, 0x80, 0x80, 0x80, 0x80, 0x80, 0x81, 0x80, 0x80, 0x80, 0x80, 0x80, 0x80, 
	0x80, 0x80, 0x80, 0x80, 0x80, 0x7F, 0x80, 0x80, 0x81, 0x80, 0x80, 0x80, 0x80, 0x7F, 0x80, 0x80, 
	0x80, 0x80, 0x80, 0x80, 0x80, 0x80, 0x80, 0x80, 0x80, 0x7F, 0x80, 0x80, 0x80, 0x80, 0x80, 0x80, 
	0x7F, 0x80, 0x80, 0x80, 0x80, 0x80, 0x80, 0x80, 0x80, 0x7F, 0x80, 0x80, 0x81, 0x7F, 0x80, 0x80, 
	0x80, 0x80, 0x80, 0x80, 0x7F, 0x80, 0x80, 0x80, 0x7F, 0x80, 0x80, 0x80, 0x80, 0x80, 0x80, 0x80, 
	0x80, 0x80, 0x80, 0x80, 0x80, 0x80, 0x7F, 0x80, 0x80, 0x80, 0x80, 0x7F, 0x80, 0x80, 0x80, 0x81, 
	0x7F, 0x80, 0x80, 0x80, 0x7F, 0x80, 0x80, 0x80, 0x7F, 0x80, 0x80, 0x7F, 0x80, 0x80, 0x80, 0x80, 
	0x80, 0x80, 0x80, 0x80, 0x80, 0x80, 0x7F, 0x80, 0x80, 0x80, 0x80, 0x80, 0x80, 0x80, 0x81, 0x80, 
	0x80, 0x80, 0x7F, 0x80, 0x80, 0x80, 0x81, 0x80, 0x80, 0x7F, 0x80, 0x81, 0x80, 0x80, 0x80, 0x80, 
	0x7F, 0x80, 0x80, 0x80, 0x7F, 0x80, 0x80, 0x81, 0x7F, 0x80, 0x7F, 0x80, 0x80, 0x80, 0x80, 0x80, 
	0x80, 0x81, 0x80, 0x80, 0x80, 0x80, 0x7F, 0x80, 0x80, 0x80, 0x80, 0x80, 0x80, 0x80, 0x80, 0x80, 
	0x80, 0x81, 0x80, 0x7F, 0x81, 0x81, 0x80, 0x80, 0x80, 0x7F, 0x80, 0x80, 0x80, 0x80, 0x80, 0x80, 
	0x80, 0x80, 0x80, 0x80, 0x80, 0x80, 0x80, 0x80, 0x81, 0x80, 0x80, 0x80, 0x80, 0x80, 0x80, 0x80, 
	0x80, 0x80, 0x7F, 0x80, 0x80, 0x80, 0x80, 0x80, 0x80, 0x80, 0x80, 0x7F, 0x80, 0x81, 0x80, 0x80, 
	0x80, 0x80, 0x7F, 0x80, 0x80, 0x80, 0x80, 0x7F, 0x7F, 0x81, 0x81, 0x80, 0x80, 0x80, 0x80, 0x7F, 
	0x80, 0x81, 0x80, 0x7F, 0x80, 0x7F, 0x80, 0x80, 0x80, 0x80, 0x80, 0x81, 0x80, 0x80, 0x80, 0x80, 
	0x7F, 0x80, 0x80, 0x80, 0x80, 0x80, 0x7F, 0x80, 0x80, 0x7F, 0x81, 0x7F, 0x80, 0x80, 0x80, 0x80, 
	0x80, 0x80, 0x80, 0x80, 0x80, 0x80, 0x80, 0x80, 0x80, 0x80, 0x80, 0x81, 0x80, 0x80, 0x80, 0x80, 
	0x80, 0x80, 0x80, 0x80, 0x80, 0x81, 0x80, 0x80, 0x80, 0x7F, 0x80, 0x81, 0x80, 0x80, 0x80, 0x80, 
	0x81, 0x80, 0x81, 0x7F, 0x80, 0x80, 0x80, 0x81, 0x80, 0x80, 0x80, 0x80, 0x80, 0x80, 0x81, 0x80, 
	0x80, 0x7F, 0x80, 0x80, 0x80, 0x80, 0x80, 0x80, 0x80, 0x80, 0x80, 0x80, 0x80, 0x80, 0x80, 0x80, 
	0x80, 0x80, 0x80, 0x80, 0x80, 0x80, 0x80, 0x80, 0x80, 0x80, 0x80, 0x80, 0x80, 0x80, 0x80, 0x80, 
	0x80, 0x80, 0x80, 0x81, 0x80, 0x80, 0x80, 0x7F, 0x80, 0x80, 0x80, 0x80, 0x80, 0x80, 0x80, 0x80, 
	0x80, 0x80, 0x80, 0x80, 0x80, 0x80, 0x80, 0x80, 0x80, 0x80, 0x80, 0x80, 0x80, 0x7F, 0x80, 0x80, 
	0x80, 0x80, 0x7F, 0x80, 0x80, 0x80, 0x7F, 0x80, 0x80, 0x80, 0x80, 0x80, 0x80, 0x80, 0x80, 0x80, 
	0x80, 0x80, 0x80, 0x80, 0x81, 0x80, 0x80, 0x80, 0x80, 0x80, 0x80, 0x80, 0x80, 0x80, 0x80, 0x80, 
	0x80, 0x81, 0x81, 0x80, 0x80, 0x80, 0x81, 0x81, 0x80, 0x80, 0x81, 0x80, 0x80, 0x80, 0x80, 0x7F, 
	0x7F, 0x80, 0x80, 0x80, 0x80, 0x80, 0x80, 0x80, 0x80, 0x80, 0x80, 0x80, 0x80, 0x80, 0x80, 0x80, 
	0x80, 0x80, 0x80, 0x80, 0x80, 0x80, 0x81, 0x80, 0x81, 0x80, 0x80, 0x80, 0x80, 0x80, 0x80, 0x80, 
	0x80, 0x80, 0x80, 0x7F, 0x80, 0x80, 0x80, 0x80, 0x80, 0x7F, 0x80, 0x80, 0x80, 0x80, 0x80, 0x80, 
	0x81, 0x80, 0x81, 0x80, 0x80, 0x80, 0x80, 0x80, 0x80, 0x80, 0x80, 0x80, 0x80, 0x80, 0x80, 0x80, 
	0x80, 0x80, 0x80, 0x80, 0x80, 0x80, 0x80, 0x80, 0x80, 0x80, 0x80, 0x80, 0x7F, 0x81, 0x80, 0x80, 
	0x80, 0x80, 0x80, 0x80, 0x80, 0x81, 0x80, 0x7F, 0x80, 0x80, 0x80, 0x80, 0x80, 0x80, 0x7F, 0x80, 
	0x80, 0x80, 0x7F, 0x80, 0x80, 0x80, 0x81, 0x7F, 0x80, 0x80, 0x80, 0x80, 0x80, 0x80, 0x81, 0x80, 
	0x80, 0x80, 0x80, 0x80, 0x7F, 0x81, 0x81, 0x80, 0x80, 0x80, 0x7F, 0x80, 0x80, 0x81, 0x80, 0x80, 
	0x80, 0x80, 0x80, 0x81, 0x81, 0x80, 0x80, 0x80, 0x80, 0x80, 0x80, 0x80, 0x80, 0x80, 0x80, 0x80, 
	0x80, 0x80, 0x80, 0x81, 0x80, 0x80, 0x80, 0x80, 0x80, 0x80, 0x80, 0x80, 0x7F, 0x81, 0x81, 0x80, 
	0x80, 0x80, 0x80, 0x80, 0x80, 0x81, 0x80, 0x80, 0x80, 0x80, 0x80, 0x80, 0x80, 0x80, 0x80, 0x80, 
	0x80, 0x81, 0x80, 0x80, 0x80, 0x80, 0x80, 0x80, 0x81, 0x80, 0x80, 0x80, 0x80, 0x80, 0x80, 0x80, 
	0x80, 0x80, 0x80, 0x80, 0x7F, 0x80, 0x80, 0x80, 0x81, 0x80, 0x7F, 0x80, 0x80, 0x80, 0x80, 0x80, 
	0x80, 0x80, 0x80, 0x80, 0x80, 0x80, 0x80, 0x80, 0x80, 0x80, 0x80, 0x80, 0x80, 0x80, 0x80, 0x80, 
	0x80, 0x80, 0x80, 0x80, 0x80, 0x80, 0x7F, 0x80, 0x80, 0x80, 0x7F, 0x80, 0x80, 0x81, 0x80, 0x80, 
	0x81, 0x80, 0x80, 0x80, 0x80, 0x80, 0x80, 0x81, 0x80, 0x80, 0x80, 0x80, 0x80, 0x80, 0x80, 0x80, 
	0x80, 0x80, 0x80, 0x80, 0x80, 0x80, 0x80, 0x7F, 0x80, 0x80, 0x7F, 0x80, 0x80, 0x80, 0x80, 0x80, 
	0x80, 0x80, 0x80, 0x80, 0x80, 0x7F, 0x80, 0x80, 0x80, 0x81, 0x81, 0x80, 0x80, 0x80, 0x80, 0x80, 
	0x80, 0x80, 0x80, 0x80, 0x80, 0x80, 0x80, 0x80, 0x80, 0x7F, 0x80, 0x80, 0x80, 0x7F, 0x80, 0x81, 
	0x80, 0x80, 0x80, 0x80, 0x80, 0x80, 0x80, 0x80, 0x80, 0x80, 0x80, 0x80, 0x81, 0x80, 0x80, 0x80, 
	0x80, 0x80, 0x80, 0x7F, 0x80, 0x80, 0x80, 0x80, 0x80, 0x80, 0x80, 0x80, 0x7F, 0x80, 0x7F, 0x81, 
	0x80, 0x80, 0x80, 0x80, 0x80, 0x80, 0x80, 0x80, 0x80, 0x80, 0x80, 0x80, 0x80, 0x80, 0x81, 0x80, 
	0x80, 0x80, 0x81, 0x80, 0x80, 0x80, 0x81, 0x80, 0x80, 0x7F, 0x80, 0x80, 0x80, 0x7F, 0x80, 0x80, 
	0x80, 0x80, 0x80, 0x80, 0x80, 0x80, 0x80, 0x80, 0x80, 0x80, 0x80, 0x80, 0x80, 0x7F, 0x80, 0x80, 
	0x80, 0x80, 0x80, 0x80, 0x7F, 0x81, 0x80, 0x7F, 0x80, 0x80, 0x81, 0x80, 0x7F, 0x80, 0x7F, 0x80, 
	0x80, 0x80, 0x80, 0x80, 0x80, 0x80, 0x80, 0x80, 0x80, 0x80, 0x81, 0x80, 0x81, 0x80, 0x80, 0x80, 
	0x81, 0x80, 0x80, 0x7F, 0x81, 0x80, 0x80, 0x81, 0x80, 0x80, 0x80, 0x80, 0x80, 0x80, 0x80, 0x80, 
	0x80, 0x80, 0x7F, 0x80, 0x80, 0x81, 0x80, 0x80, 0x80, 0x7F, 0x80, 0x80, 0x80, 0x80, 0x80, 0x80, 
	0x80, 0x80, 0x80, 0x80, 0x80, 0x80, 0x80, 0x80, 0x80, 0x80, 0x80, 0x80, 0x80, 0x7F, 0x80, 0x80, 
	0x80, 0x80, 0x80, 0x80, 0x80, 0x80, 0x81, 0x7F, 0x80, 0x81, 0x80, 0x80, 0x80, 0x80, 0x80, 0x80, 
	0x80, 0x80, 0x80, 0x80, 0x7F, 0x80, 0x80, 0x80, 0x80, 0x80, 0x80, 0x80, 0x80, 0x80, 0x7F, 0x80, 
	0x80, 0x80, 0x80, 0x80, 0x7F, 0x80, 0x7F, 0x80, 0x80, 0x80, 0x80, 0x7F, 0x80, 0x80, 0x80, 0x80, 
	0x80, 0x80, 0x7F, 0x80, 0x80, 0x81, 0x80, 0x80, 0x80, 0x81, 0x81, 0x80, 0x80, 0x7F, 0x80, 0x80, 
	0x80, 0x80, 0x80, 0x80, 0x80, 0x7F, 0x80, 0x81, 0x80, 0x80, 0x80, 0x7F, 0x80, 0x81, 0x80, 0x7F, 
	0x80, 0x81, 0x7F, 0x80, 0x80, 0x81, 0x80, 0x81, 0x80, 0x80, 0x81, 0x80, 0x80, 0x80, 0x7F, 0x80, 
	0x80, 0x80, 0x80, 0x80, 0x80, 0x80, 0x80, 0x80, 0x7F, 0x81, 0x80, 0x80, 0x80, 0x7F, 0x80, 0x80, 
	0x80, 0x80, 0x7F, 0x80, 0x80, 0x80, 0x80, 0x80, 0x80, 0x80, 0x80, 0x80, 0x80, 0x80, 0x80, 0x80, 
	0x80, 0x80, 0x80, 0x80, 0x80, 0x80, 0x80, 0x80, 0x80, 0x80, 0x81, 0x80, 0x7F, 0x80, 0x80, 0x80, 
	0x7F, 0x80, 0x80, 0x80, 0x80, 0x80, 0x80, 0x7F, 0x7F, 0x80, 0x80, 0x80, 0x7F, 0x80, 0x7F, 0x80, 
	0x7F, 0x80, 0x80, 0x7F, 0x80, 0x80, 0x7F, 0x81, 0x80, 0x81, 0x80, 0x7F, 0x7F, 0x80, 0x80, 0x81, 
	0x80, 0x7F, 0x80, 0x80, 0x80, 0x81, 0x80, 0x7F, 0x80, 0x80, 0x80, 0x80, 0x81, 0x80, 0x80, 0x7F, 
	0x7F, 0x80, 0x80, 0x80, 0x81, 0x80, 0x7F, 0x7F, 0x80, 0x80, 0x7F, 0x80, 0x81, 0x80, 0x80, 0x80, 
	0x81, 0x80, 0x80, 0x80, 0x80, 0x7F, 0x80, 0x80, 0x81, 0x7F, 0x80, 0x80, 0x7F, 0x80, 0x80, 0x80, 
	0x80, 0x81, 0x80, 0x80, 0x7F, 0x80, 0x80, 0x80, 0x80, 0x80, 0x80, 0x80, 0x80, 0x81, 0x80, 0x80, 
	0x80, 0x80, 0x81, 0x80, 0x80, 0x80, 0x80, 0x80, 0x80, 0x80, 0x80, 0x80, 0x80, 0x80, 0x80, 0x80, 
	0x7F, 0x80, 0x80, 0x80, 0x80, 0x80, 0x80, 0x80, 0x80, 0x80, 0x80, 0x7F, 0x80, 0x7F, 0x80, 0x80, 
	0x80, 0x81, 0x80, 0x80, 0x80, 0x80, 0x7F, 0x80, 0x80, 0x80, 0x80, 0x80, 0x81, 0x80, 0x80, 0x80, 
	0x80, 0x81, 0x80, 0x80, 0x80, 0x80, 0x80, 0x7F, 0x7F, 0x80, 0x80, 0x80, 0x80, 0x7F, 0x7F, 0x80, 
	0x80, 0x80, 0x80, 0x80, 0x80, 0x80, 0x80, 0x80, 0x80, 0x80, 0x80, 0x80, 0x80, 0x80, 0x80, 0x80, 
	0x81, 0x80, 0x80, 0x80, 0x80, 0x80, 0x81, 0x80, 0x80, 0x80, 0x80, 0x80, 0x80, 0x7F, 0x80, 0x81, 
	0x80, 0x80, 0x80, 0x80, 0x81, 0x80, 0x80, 0x7F, 0x80, 0x7F, 0x80, 0x80, 0x80, 0x80, 0x80, 0x80, 
	0x80, 0x80, 0x81, 0x80, 0x80, 0x80, 0x7F, 0x80, 0x80, 0x80, 0x7F, 0x7F, 0x80, 0x80, 0x80, 0x80, 
	0x80, 0x7F, 0x80, 0x80, 0x80, 0x80, 0x80, 0x80, 0x80, 0x80, 0x80, 0x80, 0x81, 0x80, 0x80, 0x80, 
	0x80, 0x80, 0x81, 0x7F, 0x80, 0x7F, 0x81, 0x80, 0x80, 0x80, 0x80, 0x80, 0x80, 0x80, 0x80, 0x80, 
	0x80, 0x80, 0x81, 0x80, 0x80, 0x80, 0x7F, 0x80, 0x80, 0x80, 0x80, 0x80, 0x80, 0x80, 0x80, 0x80, 
	0x80, 0x81, 0x80, 0x80, 0x81, 0x81, 0x80, 0x80, 0x80, 0x80, 0x80, 0x80, 0x80, 0x81, 0x80, 0x80, 
	0x80, 0x7F, 0x80, 0x81, 0x80, 0x80, 0x80, 0x7F, 0x80, 0x80, 0x80, 0x80, 0x80, 0x80, 0x80, 0x80, 
	0x80, 0x80, 0x80, 0x7F, 0x80, 0x7F, 0x80, 0x80, 0x80, 0x80, 0x80, 0x80, 0x80, 0x7F, 0x80, 0x80, 
	0x80, 0x80, 0x80, 0x80, 0x80, 0x80, 0x80, 0x80, 0x80, 0x80, 0x80, 0x80, 0x80, 0x80, 0x80, 0x7F, 
	0x80, 0x80, 0x80, 0x80, 0x80, 0x80, 0x80, 0x80, 0x80, 0x7F, 0x7F, 0x80, 0x7F, 0x7F, 0x80, 0x80, 
	0x80, 0x80, 0x80, 0x80, 0x80, 0x80, 0x80, 0x80, 0x7F, 0x7F, 0x80, 0x81, 0x80, 0x80, 0x80, 0x80, 
	0x80, 0x80, 0x80, 0x80, 0x80, 0x80, 0x81, 0x80, 0x80, 0x80, 0x80, 0x80, 0x80, 0x80, 0x80, 0x7F, 
	0x80, 0x7F, 0x80, 0x80, 0x80, 0x80, 0x81, 0x80, 0x80, 0x80, 0x80, 0x80, 0x80, 0x81, 0x80, 0x80, 
	0x81, 0x80, 0x80, 0x7F, 0x80, 0x80, 0x7F, 0x80, 0x80, 0x80, 0x80, 0x80, 0x80, 0x81, 0x80, 0x80, 
	0x7F, 0x80, 0x81, 0x80, 0x80, 0x80, 0x80, 0x80, 0x81, 0x80, 0x80, 0x80, 0x80, 0x7F, 0x80, 0x81, 
	0x80, 0x81, 0x80, 0x7F, 0x80, 0x80, 0x81, 0x80, 0x80, 0x7F, 0x80, 0x80, 0x80, 0x7F, 0x80, 0x80, 
	0x80, 0x80, 0x80, 0x80, 0x80, 0x81, 0x80, 0x7F, 0x80, 0x80, 0x80, 0x80, 0x81, 0x80, 0x80, 0x81, 
	0x80, 0x80, 0x80, 0x80, 0x80, 0x80, 0x80, 0x7F, 0x80, 0x80, 0x80, 0x81, 0x80, 0x7F, 0x80, 0x80, 
	0x80, 0x7F, 0x80, 0x80, 0x80, 0x80, 0x80, 0x80, 0x80, 0x80, 0x80, 0x80, 0x80, 0x81, 0x7F, 0x80, 
	0x80, 0x80, 0x81, 0x80, 0x80, 0x80, 0x80, 0x7F, 0x80, 0x80, 0x80, 0x80, 0x80, 0x80, 0x80, 0x80, 
	0x80, 0x80, 0x80, 0x80, 0x80, 0x80, 0x80, 0x80, 0x80, 0x80, 0x80, 0x80, 0x80, 0x80, 0x7F, 0x80, 
	0x81, 0x80, 0x80, 0x80, 0x80, 0x80, 0x7F, 0x80, 0x7F, 0x7F, 0x80, 0x7F, 0x80, 0x80, 0x80, 0x80, 
	0x7F, 0x80, 0x80, 0x80, 0x80, 0x80, 0x80, 0x80, 0x80, 0x81, 0x80, 0x80, 0x80, 0x80, 0x80, 0x7F, 
	0x80, 0x80, 0x81, 0x80, 0x80, 0x80, 0x80, 0x80, 0x80, 0x80, 0x80, 0x7F, 0x81, 0x80, 0x80, 0x80, 
	0x7F, 0x80, 0x81, 0x80, 0x80, 0x80, 0x80, 0x80, 0x7F, 0x80, 0x80, 0x80, 0x80, 0x80, 0x80, 0x80, 
	0x80, 0x81, 0x81, 0x80, 0x7F, 0x80, 0x80, 0x80, 0x7F, 0x7F, 0x80, 0x80, 0x80, 0x80, 0x7F, 0x80, 
	0x80, 0x80, 0x80, 0x80, 0x80, 0x7F, 0x80, 0x81, 0x80, 0x80, 0x7F, 0x80, 0x7F, 0x80, 0x81, 0x80, 
	0x80, 0x80, 0x81, 0x80, 0x80, 0x81, 0x80, 0x80, 0x80, 0x80, 0x81, 0x80, 0x80, 0x80, 0x80, 0x80, 
	0x80, 0x80, 0x80, 0x80, 0x7F, 0x81, 0x80, 0x80, 0x80, 0x80, 0x80, 0x7F, 0x80, 0x80, 0x80, 0x80, 
	0x80, 0x80, 0x80, 0x80, 0x80, 0x80, 0x80, 0x80, 0x80, 0x80, 0x80, 0x80, 0x80, 0x80, 0x81, 0x7F, 
	0x80, 0x81, 0x80, 0x81, 0x80, 0x80, 0x80, 0x80, 0x80, 0x80, 0x80, 0x80, 0x81, 0x81, 0x80, 0x7F, 
	0x80, 0x80, 0x80, 0x80, 0x80, 0x80, 0x7F, 0x80, 0x80, 0x80, 0x80, 0x80, 0x80, 0x80, 0x80, 0x7F, 
	0x80, 0x7F, 0x80, 0x80, 0x80, 0x7F, 0x80, 0x80, 0x80, 0x81, 0x80, 0x80, 0x80, 0x80, 0x80, 0x7F, 
	0x80, 0x7F, 0x7F, 0x80, 0x80, 0x80, 0x80, 0x80, 0x80, 0x81, 0x81, 0x80, 0x80, 0x7F, 0x80, 0x80, 
	0x80, 0x7F, 0x7F, 0x7F, 0x80, 0x80, 0x80, 0x81, 0x7F, 0x80, 0x80, 0x80, 0x80, 0x7F, 0x80, 0x7F, 
	0x80, 0x7F, 0x80, 0x7F, 0x80, 0x80, 0x80, 0x80, 0x80, 0x80, 0x80, 0x80, 0x80, 0x81, 0x80, 0x80, 
	0x80, 0x80, 0x80, 0x81, 0x80, 0x80, 0x80, 0x80, 0x80, 0x7F, 0x80, 0x80, 0x80, 0x80, 0x80, 0x80, 
	0x80, 0x7F, 0x80, 0x80, 0x81, 0x80, 0x80, 0x7F, 0x80, 0x80, 0x80, 0x7F, 0x80, 0x80, 0x80, 0x81, 
	0x80, 0x80, 0x80, 0x80, 0x80, 0x80, 0x80, 0x80, 0x80, 0x80, 0x80, 0x7F, 0x81, 0x80, 0x80, 0x80, 
	0x80, 0x80, 0x80, 0x80, 0x80, 0x80, 0x80, 0x80, 0x81, 0x80, 0x80, 0x80, 0x80, 0x7F, 0x80, 0x80, 
	0x80, 0x80, 0x7F, 0x80, 0x80, 0x80, 0x80, 0x80, 0x80, 0x7F, 0x80, 0x80, 0x80, 0x80, 0x80, 0x80, 
	0x80, 0x80, 0x80, 0x7F, 0x80, 0x80, 0x80, 0x80, 0x81, 0x80, 0x80, 0x80, 0x80, 0x7F, 0x7F, 0x80, 
	0x80, 0x80, 0x80, 0x80, 0x80, 0x80, 0x80, 0x80, 0x80, 0x80, 0x80, 0x80, 0x80, 0x80, 0x7F, 0x80, 
	0x80, 0x80, 0x80, 0x80, 0x80, 0x80, 0x80, 0x80, 0x7F, 0x80, 0x7F, 0x80, 0x7F, 0x80, 0x80, 0x80, 
	0x80, 0x80, 0x7F, 0x80, 0x80, 0x80, 0x80, 0x7F, 0x80, 0x80, 0x80, 0x80, 0x80, 0x80, 0x80, 0x7F, 
	0x80, 0x81, 0x80, 0x80, 0x80, 0x7F, 0x80, 0x80, 0x80, 0x80, 0x80, 0x80, 0x80, 0x81, 0x80, 0x80, 
	0x80, 0x80, 0x80, 0x80, 0x80, 0x7F, 0x80, 0x7F, 0x80, 0x80, 0x80, 0x80, 0x80, 0x80, 0x7F, 0x80, 
	0x80, 0x80, 0x80, 0x80, 0x80, 0x80, 0x7F, 0x7F, 0x80, 0x80, 0x80, 0x80, 0x80, 0x80, 0x80, 0x80, 
	0x80, 0x80, 0x80, 0x80, 0x80, 0x80, 0x80, 0x80, 0x7F, 0x80, 0x80, 0x81, 0x80, 0x80, 0x7F, 0x80, 
	0x7F, 0x80, 0x80, 0x80, 0x7F, 0x80, 0x80, 0x80, 0x80, 0x80, 0x80, 0x81, 0x80, 0x80, 0x80, 0x80, 
	0x80, 0x80, 0x7F, 0x80, 0x80, 0x80, 0x80, 0x80, 0x81, 0x80, 0x80, 0x80, 0x80, 0x80, 0x81, 0x80, 
	0x80, 0x80, 0x80, 0x80, 0x80, 0x80, 0x80, 0x7F, 0x80, 0x80, 0x80, 0x80, 0x80, 0x80, 0x80, 0x80, 
	0x7F, 0x80, 0x80, 0x80, 0x80, 0x81, 0x80, 0x7F, 0x80, 0x81, 0x7F, 0x80, 0x80, 0x80, 0x80, 0x81, 
	0x80, 0x80, 0x80, 0x80, 0x80, 0x80, 0x80, 0x80, 0x80, 0x80, 0x80, 0x80, 0x80, 0x80, 0x80, 0x80, 
	0x80, 0x80, 0x80, 0x80, 0x7F, 0x80, 0x80, 0x80, 0x80, 0x80, 0x80, 0x80, 0x80, 0x80, 0x80, 0x80, 
	0x80, 0x80, 0x80, 0x80, 0x80, 0x80, 0x80, 0x80, 0x80, 0x81, 0x81, 0x7F, 0x80, 0x80, 0x80, 0x80, 
	0x80, 0x80, 0x7F, 0x80, 0x80, 0x80, 0x7F, 0x80, 0x80, 0x80, 0x80, 0x80, 0x80, 0x80, 0x80, 0x80, 
	0x80, 0x80, 0x80, 0x80, 0x81, 0x80, 0x80, 0x80, 0x80, 0x7F, 0x80, 0x7F, 0x80, 0x80, 0x80, 0x7F, 
	0x80, 0x80, 0x80, 0x80, 0x80, 0x80, 0x7F, 0x7F, 0x80, 0x80, 0x80, 0x80, 0x80, 0x80, 0x80, 0x80, 
	0x80, 0x80, 0x80, 0x80, 0x7F, 0x80, 0x80, 0x80, 0x80, 0x81, 0x7F, 0x80, 0x80, 0x80, 0x80, 0x80, 
	0x80, 0x80, 0x80, 0x80, 0x80, 0x80, 0x80, 0x80, 0x80, 0x80, 0x80, 0x81, 0x80, 0x80, 0x80, 0x80, 
	0x80, 0x80, 0x80, 0x80, 0x80, 0x81, 0x80, 0x80, 0x81, 0x80, 0x80, 0x7F, 0x80, 0x81, 0x81, 0x81, 
	0x80, 0x80, 0x80, 0x80, 0x80, 0x80, 0x80, 0x80, 0x7F, 0x80, 0x80, 0x80, 0x80, 0x80, 0x81, 0x80, 
	0x80, 0x80, 0x80, 0x80, 0x80, 0x80, 0x7F, 0x80, 0x80, 0x80, 0x80, 0x80, 0x80, 0x80, 0x80, 0x7F, 
	0x80, 0x80, 0x80, 0x80, 0x80, 0x80, 0x80, 0x80, 0x81, 0x80, 0x80, 0x7F, 0x80, 0x80, 0x80, 0x80, 
	0x80, 0x80, 0x80, 0x81, 0x80, 0x80, 0x80, 0x80, 0x80, 0x80, 0x80, 0x80, 0x80, 0x81, 0x80, 0x80, 
	0x80, 0x80, 0x80, 0x80, 0x80, 0x80, 0x7F, 0x80, 0x80, 0x80, 0x80, 0x80, 0x80, 0x80, 0x80, 0x80, 
	0x80, 0x80, 0x80, 0x80, 0x80, 0x81, 0x80, 0x80, 0x80, 0x7F, 0x80, 0x80, 0x80, 0x80, 0x80, 0x80, 
	0x80, 0x81, 0x7F, 0x7F, 0x80, 0x80, 0x80, 0x81, 0x80, 0x80, 0x80, 0x81, 0x80, 0x80, 0x80, 0x80, 
	0x80, 0x81, 0x80, 0x80, 0x80, 0x80, 0x80, 0x80, 0x80, 0x80, 0x80, 0x80, 0x80, 0x81, 0x81, 0x80, 
	0x80, 0x81, 0x80, 0x80, 0x80, 0x80, 0x80, 0x80, 0x80, 0x80, 0x81, 0x80, 0x80, 0x80, 0x80, 0x7F, 
	0x7F, 0x80, 0x7F, 0x80, 0x80, 0x80, 0x80, 0x80, 0x7F, 0x80, 0x80, 0x80, 0x80, 0x81, 0x80, 0x80, 
	0x7F, 0x7F, 0x80, 0x80, 0x80, 0x80, 0x81, 0x80, 0x80, 0x7F, 0x80, 0x81, 0x80, 0x80, 0x80, 0x80, 
	0x80, 0x80, 0x80, 0x80, 0x80, 0x80, 0x80, 0x80, 0x80, 0x80, 0x80, 0x7F, 0x80, 0x7F, 0x81, 0x80, 
	0x80, 0x80, 0x80, 0x80, 0x80, 0x80, 0x80, 0x80, 0x80, 0x80, 0x80, 0x80, 0x80, 0x80, 0x80, 0x80, 
	0x80, 0x81, 0x80, 0x81, 0x80, 0x80, 0x80, 0x80, 0x80, 0x80, 0x80, 0x80, 0x80, 0x80, 0x7F, 0x80, 
	0x7F, 0x80, 0x80, 0x80, 0x7F, 0x80, 0x80, 0x80, 0x7F, 0x80, 0x80, 0x81, 0x80, 0x80, 0x80, 0x80, 
	0x7F, 0x80, 0x80, 0x80, 0x80, 0x80, 0x80, 0x80, 0x80, 0x80, 0x7F, 0x80, 0x80, 0x80, 0x7F, 0x80, 
	0x7F, 0x80, 0x80, 0x80, 0x80, 0x80, 0x80, 0x80, 0x80, 0x80, 0x81, 0x80, 0x80, 0x80, 0x80, 0x7F, 
	0x80, 0x80, 0x80, 0x7F, 0x80, 0x7F, 0x80, 0x80, 0x81, 0x7F, 0x80, 0x80, 0x7F, 0x80, 0x80, 0x80, 
	0x80, 0x80, 0x80, 0x80, 0x80, 0x7F, 0x80, 0x7F, 0x80, 0x80, 0x7F, 0x81, 0x80, 0x80, 0x80, 0x81, 
	0x80, 0x80, 0x81, 0x80, 0x80, 0x80, 0x81, 0x80, 0x81, 0x80, 0x80, 0x80, 0x80, 0x80, 0x7F, 0x80, 
	0x80, 0x81, 0x80, 0x80, 0x80, 0x80, 0x80, 0x80, 0x81, 0x80, 0x80, 0x80, 0x80, 0x80, 0x81, 0x81, 
	0x80, 0x7F, 0x80, 0x80, 0x80, 0x80, 0x80, 0x81, 0x80, 0x80, 0x80, 0x7F, 0x80, 0x80, 0x80, 0x7F, 
	0x80, 0x7F, 0x80, 0x80, 0x80, 0x80, 0x80, 0x7F, 0x7F, 0x81, 0x80, 0x80, 0x80, 0x81, 0x80, 0x80, 
	0x80, 0x7F, 0x7F, 0x80, 0x81, 0x80, 0x81, 0x80, 0x80, 0x80, 0x7F, 0x80, 0x80, 0x80, 0x80, 0x80, 
	0x7F, 0x80, 0x80, 0x80, 0x7F, 0x80, 0x80, 0x81, 0x80, 0x80, 0x80, 0x81, 0x7F, 0x7F, 0x80, 0x80, 
	0x80, 0x7F, 0x80, 0x80, 0x80, 0x80, 0x81, 0x80, 0x80, 0x80, 0x80, 0x7F, 0x80, 0x80, 0x80, 0x80, 
	0x7F, 0x80, 0x80, 0x80, 0x80, 0x7F, 0x80, 0x80, 0x80, 0x80, 0x80, 0x80, 0x81, 0x80, 0x80, 0x80, 
	0x80, 0x80, 0x80, 0x80, 0x81, 0x80, 0x80, 0x80, 0x80, 0x80, 0x7F, 0x7F, 0x80, 0x81, 0x7F, 0x7F, 
	0x7F, 0x80, 0x80, 0x80, 0x80, 0x80, 0x80, 0x80, 0x80, 0x80, 0x80, 0x7F, 0x80, 0x80, 0x7F, 0x80, 
	0x80, 0x80, 0x80, 0x80, 0x7F, 0x80, 0x80, 0x80, 0x80, 0x80, 0x80, 0x81, 0x80, 0x80, 0x80, 0x80, 
	0x80, 0x80, 0x80, 0x80, 0x80, 0x7F, 0x80, 0x7F, 0x80, 0x7F, 0x80, 0x80, 0x81, 0x80, 0x7F, 0x7F, 
	0x81, 0x7F, 0x81, 0x80, 0x80, 0x80, 0x80, 0x80, 0x81, 0x80, 0x80, 0x80, 0x7F, 0x80, 0x80, 0x80, 
	0x80, 0x80, 0x80, 0x80, 0x7F, 0x81, 0x7F, 0x80, 0x80, 0x80, 0x7F, 0x80, 0x7F, 0x80, 0x80, 0x7F, 
	0x7F, 0x80, 0x80, 0x80, 0x80, 0x80, 0x7F, 0x7F, 0x80, 0x80, 0x80, 0x80, 0x81, 0x80, 0x80, 0x80, 
	0x7F, 0x7F, 0x80, 0x7F, 0x80, 0x80, 0x80, 0x80, 0x80, 0x80, 0x80, 0x80, 0x80, 0x80, 0x80, 0x80, 
	0x80, 0x80, 0x80, 0x80, 0x80, 0x80, 0x80, 0x80, 0x7F, 0x80, 0x80, 0x80, 0x80, 0x80, 0x80, 0x80, 
	0x80, 0x80, 0x80, 0x81, 0x80, 0x80, 0x80, 0x7F, 0x80, 0x80, 0x80, 0x80, 0x80, 0x80, 0x80, 0x80, 
	0x80, 0x80, 0x80, 0x7F, 0x80, 0x80, 0x80, 0x81, 0x80, 0x80, 0x80, 0x80, 0x80, 0x80, 0x80, 0x80, 
	0x80, 0x80, 0x80, 0x80, 0x80, 0x80, 0x80, 0x80, 0x80, 0x80, 0x80, 0x80, 0x80, 0x80, 0x80, 0x81, 
	0x80, 0x80, 0x80, 0x80, 0x80, 0x7F, 0x80, 0x80, 0x80, 0x80, 0x80, 0x80, 0x7F, 0x80, 0x80, 0x80, 
	0x80, 0x80, 0x80, 0x80, 0x80, 0x80, 0x80, 0x7F, 0x80, 0x80, 0x80, 0x80, 0x80, 0x80, 0x80, 0x80, 
	0x80, 0x80, 0x7F, 0x81, 0x80, 0x80, 0x80, 0x80, 0x80, 0x81, 0x80, 0x80, 0x80, 0x7F, 0x81, 0x80, 
	0x81, 0x7F, 0x80, 0x80, 0x81, 0x7F, 0x81, 0x80, 0x82, 0x7F, 0x80, 0x80, 0x81, 0x80, 0x80, 0x80, 
	0x80, 0x80, 0x80, 0x80, 0x80, 0x80, 0x80, 0x81, 0x80, 0x80, 0x80, 0x80, 0x81, 0x80, 0x7F, 0x80, 
	0x80, 0x80, 0x80, 0x80, 0x80, 0x81, 0x7F, 0x80, 0x80, 0x81, 0x81, 0x80, 0x7F, 0x80, 0x80, 0x80, 
	0x80, 0x80, 0x80, 0x80, 0x80, 0x80, 0x80, 0x7F, 0x80, 0x80, 0x80, 0x81, 0x80, 0x80, 0x80, 0x7F, 
	0x80, 0x80, 0x80, 0x80, 0x80, 0x80, 0x7F, 0x80, 0x81, 0x80, 0x80, 0x80, 0x81, 0x80, 0x81, 0x7E, 
	0x81, 0x80, 0x80, 0x81, 0x80, 0x81, 0x7F, 0x81, 0x7F, 0x82, 0x7F, 0x81, 0x7F, 0x81, 0x7F, 0x81, 
	0x7F, 0x81, 0x80, 0x81, 0x80, 0x81, 0x80, 0x80, 0x80, 0x80, 0x80, 0x80, 0x80, 0x80, 0x81, 0x80, 
	0x80, 0x80, 0x80, 0x80, 0x81, 0x80, 0x81, 0x80, 0x80, 0x80, 0x80, 0x7F, 0x80, 0x7F, 0x80, 0x7F, 
	0x80, 0x80, 0x80, 0x80, 0x80, 0x80, 0x80, 0x80, 0x80, 0x80, 0x80, 0x80, 0x80, 0x80, 0x80, 0x7F, 
	0x81, 0x80, 0x81, 0x80, 0x80, 0x80, 0x80, 0x80, 0x80, 0x80, 0x7F, 0x80, 0x7F, 0x80, 0x80, 0x81, 
	0x7F, 0x80, 0x7F, 0x80, 0x80, 0x80, 0x80, 0x80, 0x80, 0x7F, 0x80, 0x80, 0x80, 0x80, 0x7F, 0x80, 
	0x80, 0x80, 0x80, 0x80, 0x80, 0x80, 0x7F, 0x80, 0x80, 0x80, 0x80, 0x80, 0x80, 0x80, 0x80, 0x80, 
	0x80, 0x80, 0x80, 0x80, 0x80, 0x80, 0x81, 0x80, 0x80, 0x7E, 0x81, 0x80, 0x81, 0x7F, 0x81, 0x7F, 
	0x81, 0x7F, 0x81, 0x7E, 0x81, 0x7F, 0x80, 0x7F, 0x80, 0x7F, 0x81, 0x7F, 0x81, 0x80, 0x80, 0x7F, 
	0x80, 0x80, 0x7F, 0x80, 0x7F, 0x80, 0x7F, 0x81, 0x80, 0x81, 0x7F, 0x80, 0x80, 0x80, 0x80, 0x80, 
	0x80, 0x80, 0x80, 0x80, 0x81, 0x7F, 0x81, 0x7F, 0x81, 0x7F, 0x81, 0x80, 0x81, 0x7F, 0x80, 0x7F, 
	0x80, 0x7F, 0x80, 0x7F, 0x80, 0x7F, 0x81, 0x80, 0x80, 0x80, 0x81, 0x80, 0x81, 0x7F, 0x80, 0x7F, 
	0x80, 0x80, 0x80, 0x80, 0x81, 0x7F, 0x80, 0x7F, 0x81, 0x7F, 0x81, 0x7F, 0x81, 0x80, 0x80, 0x80, 
	0x80, 0x80, 0x80, 0x80, 0x80, 0x80, 0x80, 0x80, 0x81, 0x80, 0x81, 0x80, 0x80, 0x7F, 0x81, 0x80, 
	0x81, 0x80, 0x80, 0x80, 0x81, 0x80, 0x80, 0x7F, 0x80, 0x80, 0x81, 0x7F, 0x81, 0x80, 0x81, 0x80, 
	0x80, 0x80, 0x7F, 0x81, 0x7F, 0x80, 0x80, 0x80, 0x80, 0x81, 0x80, 0x80, 0x80, 0x80, 0x80, 0x80, 
	0x80, 0x7F, 0x80, 0x80, 0x80, 0x80, 0x81, 0x80, 0x80, 0x7F, 0x80, 0x80, 0x81, 0x80, 0x81, 0x7F, 
	0x82, 0x7F, 0x82, 0x7F, 0x81, 0x80, 0x81, 0x7F, 0x80, 0x81, 0x7F, 0x81, 0x80, 0x80, 0x7F, 0x80, 
	0x7F, 0x80, 0x7F, 0x81, 0x7F, 0x81, 0x80, 0x81, 0x7F, 0x81, 0x80, 0x81, 0x80, 0x80, 0x7F, 0x80, 
	0x7F, 0x81, 0x7F, 0x81, 0x7F, 0x80, 0x7F, 0x81, 0x80, 0x81, 0x7F, 0x81, 0x7E, 0x81, 0x7F, 0x80, 
	0x80, 0x80, 0x80, 0x81, 0x7F, 0x80, 0x80, 0x80, 0x81, 0x7F, 0x81, 0x80, 0x80, 0x80, 0x80, 0x7F, 
	0x80, 0x80, 0x80, 0x80, 0x81, 0x7F, 0x81, 0x80, 0x7F, 0x80, 0x80, 0x80, 0x80, 0x80, 0x80, 0x80, 
	0x80, 0x80, 0x81, 0x80, 0x80, 0x80, 0x80, 0x80, 0x80, 0x80, 0x80, 0x80, 0x80, 0x80, 0x80, 0x80, 
	0x80, 0x80, 0x81, 0x81, 0x80, 0x81, 0x80, 0x81, 0x80, 0x81, 0x7F, 0x80, 0x7F, 0x81, 0x80, 0x81, 
	0x7F, 0x81, 0x80, 0x81, 0x80, 0x80, 0x80, 0x80, 0x80, 0x80, 0x80, 0x80, 0x81, 0x80, 0x80, 0x80, 
	0x80, 0x80, 0x80, 0x80, 0x81, 0x7F, 0x81, 0x80, 0x80, 0x80, 0x80, 0x80, 0x80, 0x7F, 0x80, 0x80, 
	0x80, 0x7F, 0x80, 0x80, 0x81, 0x80, 0x80, 0x80, 0x80, 0x80, 0x7F, 0x80, 0x80, 0x80, 0x80, 0x80, 
	0x80, 0x81, 0x80, 0x80, 0x80, 0x80, 0x80, 0x80, 0x80, 0x80, 0x80, 0x81, 0x80, 0x80, 0x7F, 0x80, 
	0x7F, 0x80, 0x80, 0x80, 0x80, 0x7F, 0x7F, 0x80, 0x80, 0x80, 0x80, 0x80, 0x80, 0x80, 0x81, 0x80, 
	0x81, 0x80, 0x80, 0x80, 0x81, 0x80, 0x81, 0x80, 0x81, 0x80, 0x80, 0x80, 0x80, 0x80, 0x80, 0x80, 
	0x7F, 0x80, 0x80, 0x81, 0x80, 0x80, 0x80, 0x81, 0x7F, 0x80, 0x80, 0x80, 0x80, 0x7F, 0x80, 0x80, 
	0x7F, 0x80, 0x7F, 0x80, 0x7F, 0x81, 0x80, 0x80, 0x80, 0x80, 0x7F, 0x81, 0x80, 0x81, 0x80, 0x80, 
	0x80, 0x80, 0x80, 0x80, 0x80, 0x81, 0x80, 0x80, 0x80, 0x80, 0x80, 0x80, 0x81, 0x80, 0x80, 0x80, 
	0x80, 0x80, 0x80, 0x80, 0x7F, 0x80, 0x80, 0x80, 0x80, 0x80, 0x81, 0x80, 0x80, 0x80, 0x7F, 0x81, 
	0x80, 0x81, 0x80, 0x80, 0x80, 0x80, 0x81, 0x80, 0x7F, 0x80, 0x80, 0x80, 0x80, 0x80, 0x80, 0x80, 
	0x80, 0x80, 0x80, 0x80, 0x80, 0x80, 0x7F, 0x80, 0x80, 0x81, 0x80, 0x80, 0x80, 0x80, 0x80, 0x7F, 
	0x80, 0x80, 0x80, 0x80, 0x80, 0x80, 0x81, 0x80, 0x80, 0x80, 0x80, 0x80, 0x80, 0x80, 0x80, 0x7F, 
	0x80, 0x7F, 0x80, 0x80, 0x80, 0x80, 0x81, 0x80, 0x80, 0x80, 0x80, 0x7F, 0x80, 0x80, 0x80, 0x80, 
	0x80, 0x80, 0x80, 0x80, 0x80, 0x80, 0x80, 0x80, 0x80, 0x80, 0x80, 0x80, 0x80, 0x80, 0x80, 0x81, 
	0x81, 0x80, 0x80, 0x7F, 0x81, 0x80, 0x80, 0x80, 0x80, 0x7F, 0x80, 0x7F, 0x80, 0x80, 0x80, 0x7F, 
	0x81, 0x7F, 0x81, 0x80, 0x81, 0x80, 0x80, 0x80, 0x81, 0x80, 0x80, 0x80, 0x80, 0x80, 0x80, 0x80, 
	0x80, 0x80, 0x80, 0x7F, 0x80, 0x80, 0x80, 0x80, 0x80, 0x80, 0x81, 0x7F, 0x81, 0x80, 0x80, 0x7F, 
	0x80, 0x7F, 0x80, 0x80, 0x80, 0x7F, 0x80, 0x80, 0x81, 0x80, 0x81, 0x7F, 0x81, 0x7F, 0x81, 0x80, 
	0x80, 0x7F, 0x81, 0x80, 0x80, 0x80, 0x81, 0x7F, 0x81, 0x7F, 0x80, 0x7F, 0x81, 0x80, 0x80, 0x7F, 
	0x81, 0x80, 0x80, 0x80, 0x80, 0x80, 0x81, 0x80, 0x80, 0x80, 0x81, 0x80, 0x80, 0x7F, 0x80, 0x7F, 
	0x80, 0x80, 0x80, 0x80, 0x80, 0x80, 0x80, 0x81, 0x80, 0x80, 0x80, 0x80, 0x80, 0x7F, 0x80, 0x80, 
	0x80, 0x81, 0x80, 0x7F, 0x80, 0x80, 0x80, 0x80, 0x80, 0x80, 0x80, 0x80, 0x80, 0x80, 0x80, 0x80, 
	0x80, 0x80, 0x80, 0x80, 0x80, 0x80, 0x80, 0x80, 0x80, 0x80, 0x80, 0x80, 0x80, 0x81, 0x80, 0x80, 
	0x7F, 0x81, 0x80, 0x81, 0x80, 0x80, 0x80, 0x80, 0x7F, 0x80, 0x80, 0x80, 0x80, 0x80, 0x80, 0x80, 
	0x80, 0x80, 0x80, 0x80, 0x7F, 0x7F, 0x7F, 0x80, 0x80, 0x80, 0x80, 0x80, 0x80, 0x80, 0x80, 0x81, 
	0x80, 0x81, 0x80, 0x80, 0x80, 0x80, 0x7F, 0x80, 0x80, 0x80, 0x7F, 0x81, 0x80, 0x81, 0x80, 0x80, 
	0x80, 0x80, 0x80, 0x80, 0x80, 0x81, 0x80, 0x80, 0x80, 0x80, 0x7F, 0x81, 0x80, 0x80, 0x80, 0x80, 
	0x80, 0x80, 0x80, 0x80, 0x7F, 0x80, 0x80, 0x80, 0x80, 0x81, 0x80, 0x80, 0x80, 0x81, 0x81, 0x80, 
	0x7F, 0x81, 0x81, 0x80, 0x80, 0x80, 0x7F, 0x80, 0x80, 0x80, 0x7F, 0x80, 0x80, 0x80, 0x80, 0x80, 
	0x80, 0x80, 0x80, 0x80, 0x7F, 0x80, 0x80, 0x80, 0x80, 0x80, 0x80, 0x7F, 0x80, 0x80, 0x80, 0x80, 
	0x80, 0x80, 0x80, 0x80, 0x80, 0x80, 0x80, 0x80, 0x80, 0x80, 0x80, 0x80, 0x80, 0x7F, 0x80, 0x7F, 
	0x80, 0x81, 0x80, 0x80, 0x80, 0x80, 0x7F, 0x80, 0x7F, 0x81, 0x80, 0x80, 0x7F, 0x81, 0x80, 0x80, 
	0x80, 0x80, 0x7F, 0x80, 0x7F, 0x81, 0x80, 0x80, 0x7F, 0x80, 0x7F, 0x81, 0x7F, 0x80, 0x7F, 0x80, 
	0x7F, 0x80, 0x80, 0x80, 0x7F, 0x80, 0x80, 0x7F, 0x80, 0x7F, 0x80, 0x81, 0x80, 0x80, 0x80, 0x80, 
	0x80, 0x81, 0x7F, 0x81, 0x80, 0x81, 0x80, 0x7F, 0x80, 0x80, 0x81, 0x80, 0x80, 0x7F, 0x80, 0x80, 
	0x80, 0x80, 0x7F, 0x80, 0x7F, 0x81, 0x7F, 0x80, 0x80, 0x81, 0x7F, 0x81, 0x7F, 0x81, 0x80, 0x81, 
	0x80, 0x81, 0x80, 0x80, 0x80, 0x80, 0x7F, 0x80, 0x80, 0x81, 0x80, 0x80, 0x80, 0x7F, 0x80, 0x80, 
	0x80, 0x80, 0x7F, 0x80, 0x7F, 0x80, 0x80, 0x81, 0x80, 0x81, 0x7F, 0x81, 0x7F, 0x81, 0x80, 0x80, 
	0x7F, 0x80, 0x7F, 0x81, 0x7F, 0x80, 0x80, 0x80, 0x80, 0x80, 0x80, 0x80, 0x80, 0x80, 0x80, 0x80, 
	0x7F, 0x81, 0x7F, 0x81, 0x7F, 0x81, 0x7E, 0x81, 0x7F, 0x81, 0x7E, 0x81, 0x7E, 0x82, 0x7D, 0x82, 
	0x7E, 0x82, 0x7E, 0x81, 0x7E, 0x81, 0x7F, 0x80, 0x7F, 0x80, 0x7F, 0x80, 0x7F, 0x80, 0x7F, 0x7F, 
	0x80, 0x7F, 0x81, 0x7F, 0x80, 0x7F, 0x80, 0x7F, 0x81, 0x80, 0x81, 0x80, 0x80, 0x7F, 0x81, 0x80, 
	0x80, 0x7F, 0x81, 0x80, 0x81, 0x7F, 0x80, 0x80, 0x80, 0x7F, 0x81, 0x7F, 0x80, 0x7F, 0x81, 0x7F, 
	0x80, 0x80, 0x80, 0x7F, 0x80, 0x80, 0x81, 0x80, 0x80, 0x80, 0x81, 0x80, 0x7F, 0x80, 0x80, 0x80, 
	0x80, 0x80, 0x80, 0x7F, 0x80, 0x7F, 0x81, 0x80, 0x81, 0x7F, 0x81, 0x7F, 0x81, 0x7F, 0x81, 0x80, 
	0x81, 0x7F, 0x81, 0x7F, 0x80, 0x80, 0x80, 0x80, 0x81, 0x80, 0x80, 0x7F, 0x80, 0x80, 0x82, 0x7F, 
	0x82, 0x7D, 0x82, 0x7E, 0x82, 0x7E, 0x82, 0x7F, 0x82, 0x7E, 0x82, 0x7E, 0x82, 0x7E, 0x82, 0x7E, 
	0x81, 0x7F, 0x80, 0x80, 0x80, 0x81, 0x7E, 0x81, 0x7F, 0x81, 0x80, 0x81, 0x7F, 0x80, 0x80, 0x7F, 
	0x80, 0x7F, 0x81, 0x7E, 0x82, 0x7E, 0x83, 0x7D, 0x83, 0x7D, 0x84, 0x7D, 0x82, 0x7F, 0x82, 0x7F, 
	0x80, 0x80, 0x80, 0x80, 0x80, 0x80, 0x80, 0x81, 0x7F, 0x82, 0x7E, 0x81, 0x7E, 0x82, 0x7F, 0x80, 
	0x80, 0x7F, 0x82, 0x7E, 0x83, 0x7D, 0x83, 0x7D, 0x84, 0x7C, 0x83, 0x7D, 0x83, 0x7E, 0x83, 0x7E, 
	0x81, 0x7F, 0x82, 0x7F, 0x80, 0x7F, 0x7F, 0x82, 0x7F, 0x82, 0x7F, 0x80, 0x7F, 0x80, 0x80, 0x80, 
	0x80, 0x80, 0x80, 0x80, 0x80, 0x80, 0x80, 0x7F, 0x80, 0x7F, 0x81, 0x7F, 0x81, 0x7F, 0x81, 0x80, 
	0x80, 0x80, 0x7F, 0x82, 0x7E, 0x81, 0x7F, 0x80, 0x80, 0x7F, 0x80, 0x80, 0x81, 0x80, 0x7F, 0x81, 
	0x80, 0x7F, 0x81, 0x7F, 0x81, 0x7F, 0x82, 0x7F, 0x81, 0x7F, 0x80, 0x80, 0x81, 0x80, 0x80, 0x80, 
	0x7F, 0x81, 0x80, 0x80, 0x80, 0x7F, 0x81, 0x80, 0x80, 0x81, 0x7F, 0x81, 0x7F, 0x80, 0x80, 0x7E, 
	0x82, 0x7E, 0x81, 0x7F, 0x80, 0x80, 0x7F, 0x81, 0x7F, 0x80, 0x7F, 0x80, 0x80, 0x81, 0x7F, 0x81, 
	0x7F, 0x81, 0x7F, 0x81, 0x7F, 0x81, 0x7F, 0x81, 0x7F, 0x81, 0x7F, 0x80, 0x80, 0x80, 0x81, 0x7F, 
	0x80, 0x80, 0x80, 0x81, 0x80, 0x80, 0x80, 0x7F, 0x81, 0x7F, 0x80, 0x7F, 0x80, 0x80, 0x7F, 0x80, 
	0x80, 0x80, 0x7F, 0x80, 0x7F, 0x81, 0x80, 0x80, 0x80, 0x80, 0x81, 0x7F, 0x81, 0x81, 0x7F, 0x81, 
	0x7F, 0x80, 0x80, 0x7F, 0x82, 0x7E, 0x82, 0x7E, 0x81, 0x80, 0x7F, 0x80, 0x80, 0x80, 0x81, 0x81, 
	0x80, 0x81, 0x7F, 0x80, 0x80, 0x81, 0x7F, 0x80, 0x7F, 0x80, 0x7F, 0x82, 0x7F, 0x81, 0x7F, 0x81, 
	0x7F, 0x80, 0x7F, 0x80, 0x81, 0x7F, 0x81, 0x7F, 0x81, 0x7E, 0x81, 0x7F, 0x80, 0x7F, 0x81, 0x7F, 
	0x81, 0x7E, 0x81, 0x7F, 0x80, 0x80, 0x7F, 0x80, 0x7F, 0x80, 0x7F, 0x80, 0x80, 0x81, 0x7F, 0x81, 
	0x7F, 0x82, 0x7F, 0x7F, 0x81, 0x80, 0x81, 0x81, 0x7E, 0x82, 0x7D, 0x82, 0x7F, 0x81, 0x81, 0x7F, 
	0x81, 0x7F, 0x80, 0x81, 0x7F, 0x81, 0x7F, 0x7F, 0x80, 0x7F, 0x81, 0x81, 0x7F, 0x81, 0x7F, 0x80, 
	0x7F, 0x80, 0x80, 0x81, 0x80, 0x81, 0x7E, 0x82, 0x7E, 0x81, 0x80, 0x7F, 0x81, 0x7D, 0x82, 0x7F, 
	0x80, 0x81, 0x7F, 0x81, 0x7F, 0x80, 0x80, 0x81, 0x7F, 0x82, 0x7F, 0x81, 0x80, 0x80, 0x80, 0x80, 
	0x81, 0x80, 0x7F, 0x81, 0x7E, 0x82, 0x7E, 0x81, 0x7F, 0x81, 0x7F, 0x81, 0x7E, 0x81, 0x7E, 0x81, 
	0x80, 0x81, 0x7F, 0x80, 0x7F, 0x81, 0x7F, 0x82, 0x7E, 0x81, 0x80, 0x80, 0x81, 0x7D, 0x82, 0x7D, 
	0x83, 0x7D, 0x82, 0x7E, 0x80, 0x7F, 0x80, 0x81, 0x7F, 0x81, 0x7F, 0x80, 0x80, 0x7F, 0x81, 0x7F, 
	0x81, 0x7F, 0x81, 0x80, 0x7F, 0x82, 0x7E, 0x82, 0x7E, 0x81, 0x7E, 0x81, 0x80, 0x7F, 0x82, 0x7E, 
	0x81, 0x7F, 0x81, 0x80, 0x80, 0x80, 0x80, 0x81, 0x7F, 0x80, 0x7F, 0x81, 0x80, 0x80, 0x80, 0x80, 
	0x81, 0x80, 0x80, 0x81, 0x7E, 0x81, 0x7E, 0x82, 0x7D, 0x82, 0x7F, 0x81, 0x7F, 0x7F, 0x81, 0x7E, 
	0x82, 0x7D, 0x82, 0x7E, 0x82, 0x7F, 0x80, 0x80, 0x7F, 0x81, 0x7F, 0x80, 0x81, 0x7F, 0x82, 0x7C, 
	0x83, 0x7E, 0x82, 0x80, 0x80, 0x81, 0x7D, 0x82, 0x7D, 0x82, 0x7F, 0x80, 0x81, 0x7E, 0x82, 0x7D, 
	0x83, 0x7C, 0x83, 0x7E, 0x81, 0x81, 0x7E, 0x82, 0x7D, 0x83, 0x7E, 0x7F, 0x81, 0x7E, 0x82, 0x7D, 
	0x81, 0x7F, 0x80, 0x81, 0x7E, 0x82, 0x7E, 0x82, 0x7F, 0x82, 0x80, 0x81, 0x80, 0x7F, 0x82, 0x7D, 
	0x83, 0x7E, 0x82, 0x7F, 0x80, 0x82, 0x7D, 0x84, 0x7D, 0x82, 0x80, 0x7F, 0x83, 0x7D, 0x83, 0x7E, 
	0x81, 0x80, 0x7F, 0x82, 0x7E, 0x82, 0x7F, 0x80, 0x80, 0x80, 0x80, 0x80, 0x81, 0x7E, 0x83, 0x7D, 
	0x82, 0x7F, 0x80, 0x81, 0x7E, 0x82, 0x7E, 0x81, 0x80, 0x7E, 0x82, 0x7F, 0x81, 0x7F, 0x80, 0x81, 
	0x7E, 0x82, 0x7E, 0x81, 0x80, 0x7F, 0x81, 0x7F, 0x81, 0x7F, 0x81, 0x7F, 0x81, 0x7E, 0x81, 0x7F, 
	0x80, 0x81, 0x7F, 0x80, 0x7F, 0x80, 0x81, 0x7F, 0x81, 0x7F, 0x81, 0x81, 0x7F, 0x82, 0x7F, 0x81, 
	0x80, 0x81, 0x80, 0x80, 0x7F, 0x81, 0x7F, 0x81, 0x7F, 0x80, 0x80, 0x7F, 0x80, 0x80, 0x81, 0x81, 
	0x80, 0x80, 0x80, 0x80, 0x81, 0x80, 0x80, 0x7F, 0x80, 0x80, 0x80, 0x7F, 0x80, 0x80, 0x81, 0x80, 
	0x80, 0x81, 0x7F, 0x81, 0x7F, 0x81, 0x7F, 0x80, 0x7F, 0x7F, 0x80, 0x7F, 0x81, 0x80, 0x81, 0x80, 
	0x80, 0x81, 0x7E, 0x82, 0x7E, 0x81, 0x7F, 0x80, 0x80, 0x7F, 0x80, 0x80, 0x7F, 0x81, 0x7E, 0x83, 
	0x7C, 0x84, 0x7C, 0x83, 0x7D, 0x82, 0x7E, 0x80, 0x7F, 0x80, 0x81, 0x7F, 0x82, 0x7E, 0x81, 0x7E, 
	0x82, 0x7E, 0x83, 0x7D, 0x84, 0x7B, 0x86, 0x7A, 0x86, 0x7A, 0x85, 0x7C, 0x84, 0x7D, 0x83, 0x7D, 
	0x82, 0x7F, 0x81, 0x7F, 0x81, 0x7E, 0x82, 0x7E, 0x81, 0x7F, 0x80, 0x80, 0x7F, 0x81, 0x80, 0x81, 
	0x7F, 0x81, 0x80, 0x81, 0x80, 0x80, 0x80, 0x7F, 0x80, 0x7F, 0x81, 0x80, 0x80, 0x81, 0x7F, 0x81, 
	0x7F, 0x81, 0x80, 0x7F, 0x80, 0x80, 0x81, 0x80, 0x81, 0x80, 0x81, 0x7F, 0x81, 0x7F, 0x81, 0x7E, 
	0x80, 0x7F, 0x81, 0x7F, 0x80, 0x7F, 0x82, 0x7E, 0x82, 0x7E, 0x82, 0x7E, 0x82, 0x7F, 0x81, 0x80, 
	0x80, 0x80, 0x80, 0x7F, 0x80, 0x80, 0x80, 0x80, 0x81, 0x7F, 0x80, 0x7F, 0x81, 0x7F, 0x80, 0x81, 
	0x7F, 0x82, 0x7E, 0x81, 0x80, 0x80, 0x81, 0x7F, 0x81, 0x7F, 0x81, 0x80, 0x80, 0x80, 0x7F, 0x81, 
	0x7E, 0x82, 0x7F, 0x81, 0x7F, 0x81, 0x80, 0x7F, 0x82, 0x7D, 0x82, 0x7E, 0x82, 0x7F, 0x80, 0x80, 
	0x80, 0x81, 0x7F, 0x80, 0x81, 0x7F, 0x80, 0x7F, 0x81, 0x7F, 0x80, 0x80, 0x80, 0x81, 0x7F, 0x81, 
	0x7F, 0x81, 0x7F, 0x81, 0x7F, 0x81, 0x80, 0x7F, 0x81, 0x7F, 0x81, 0x80, 0x80, 0x7E, 0x80, 0x80, 
	0x80, 0x81, 0x80, 0x80, 0x80, 0x80, 0x80, 0x80, 0x81, 0x80, 0x81, 0x80, 0x80, 0x81, 0x7F, 0x81, 
	0x7F, 0x80, 0x7F, 0x81, 0x7F, 0x81, 0x7E, 0x81, 0x7F, 0x80, 0x80, 0x7F, 0x81, 0x80, 0x81, 0x7F, 
	0x80, 0x7F, 0x80, 0x80, 0x81, 0x7F, 0x81, 0x7F, 0x81, 0x7F, 0x81, 0x80, 0x81, 0x80, 0x81, 0x7F, 
	0x80, 0x80, 0x81, 0x80, 0x80, 0x80, 0x80, 0x80, 0x80, 0x80, 0x81, 0x7F, 0x80, 0x80, 0x7F, 0x81, 
	0x7F, 0x81, 0x7F, 0x80, 0x80, 0x81, 0x80, 0x80, 0x80, 0x7F, 0x81, 0x7F, 0x81, 0x80, 0x80, 0x80, 
	0x80, 0x80, 0x80, 0x7F, 0x80, 0x7F, 0x81, 0x7F, 0x81, 0x7F, 0x80, 0x7F, 0x80, 0x80, 0x7F, 0x80, 
	0x80, 0x80, 0x80, 0x81, 0x80, 0x80, 0x80, 0x81, 0x7F, 0x81, 0x7E, 0x81, 0x7F, 0x80, 0x80, 0x80, 
	0x80, 0x7E, 0x81, 0x7F, 0x80, 0x80, 0x80, 0x81, 0x80, 0x81, 0x7F, 0x80, 0x81, 0x80, 0x81, 0x80, 
	0x80, 0x80, 0x80, 0x80, 0x80, 0x80, 0x80, 0x81, 0x7F, 0x81, 0x81, 0x7F, 0x81, 0x7E, 0x81, 0x7F, 
	0x81, 0x7F, 0x81, 0x80, 0x81, 0x80, 0x81, 0x7E, 0x81, 0x7F, 0x81, 0x7F, 0x80, 0x80, 0x80, 0x80, 
	0x81, 0x80, 0x80, 0x80, 0x80, 0x81, 0x7F, 0x80, 0x7F, 0x80, 0x81, 0x7F, 0x81, 0x7F, 0x81, 0x80, 
	0x80, 0x80, 0x80, 0x7F, 0x80, 0x7F, 0x7F, 0x80, 0x7F, 0x81, 0x7F, 0x81, 0x7F, 0x7F, 0x80, 0x80, 
	0x80, 0x80, 0x80, 0x81, 0x7F, 0x80, 0x80, 0x80, 0x81, 0x7F, 0x81, 0x80, 0x80, 0x80, 0x7F, 0x81, 
	0x7F, 0x81, 0x7F, 0x80, 0x7F, 0x80, 0x7F, 0x80, 0x80, 0x80, 0x80, 0x7F, 0x80, 0x80, 0x80, 0x81, 
	0x7E, 0x80, 0x7F, 0x80, 0x80, 0x80, 0x80, 0x7F, 0x81, 0x7F, 0x80, 0x80, 0x80, 0x80, 0x80, 0x80, 
	0x80, 0x81, 0x80, 0x80, 0x7F, 0x80, 0x80, 0x81, 0x80, 0x81, 0x7F, 0x81, 0x7F, 0x81, 0x80, 0x80, 
	0x80, 0x7F, 0x80, 0x80, 0x80, 0x80, 0x7F, 0x80, 0x80, 0x7F, 0x80, 0x7F, 0x81, 0x7F, 0x81, 0x7F, 
	0x80, 0x80, 0x81, 0x80, 0x81, 0x80, 0x80, 0x80, 0x80, 0x80, 0x80, 0x80, 0x81, 0x80, 0x7F, 0x80, 
	0x80, 0x7F, 0x80, 0x81, 0x80, 0x80, 0x81, 0x80, 0x80, 0x80, 0x80, 0x80, 0x80, 0x81, 0x80, 0x80, 
	0x80, 0x81, 0x7F, 0x81, 0x81, 0x7F, 0x80, 0x80, 0x80, 0x80, 0x80, 0x81, 0x7F, 0x81, 0x80, 0x80, 
	0x80, 0x7F, 0x81, 0x7F, 0x80, 0x7F, 0x80, 0x81, 0x80, 0x80, 0x7F, 0x80, 0x80, 0x80, 0x80, 0x80, 
	0x80, 0x80, 0x80, 0x80, 0x80, 0x7F, 0x80, 0x81, 0x80, 0x80, 0x80, 0x80, 0x80, 0x80, 0x80, 0x7F, 
	0x81, 0x7F, 0x81, 0x80, 0x80, 0x7F, 0x80, 0x80, 0x81, 0x80, 0x81, 0x80, 0x80, 0x80, 0x80, 0x7F, 
	0x80, 0x80, 0x80, 0x80, 0x80, 0x80, 0x80, 0x81, 0x80, 0x80, 0x80, 0x80, 0x80, 0x80, 0x80, 0x81, 
	0x81, 0x81, 0x80, 0x7F, 0x80, 0x80, 0x80, 0x80, 0x80, 0x7F, 0x80, 0x80, 0x81, 0x80, 0x80, 0x80, 
	0x80, 0x80, 0x80, 0x80, 0x80, 0x80, 0x80, 0x80, 0x81, 0x81, 0x80, 0x80, 0x80, 0x80, 0x80, 0x81, 
	0x80, 0x81, 0x80, 0x80, 0x7F, 0x81, 0x80, 0x80, 0x80, 0x81, 0x80, 0x80, 0x80, 0x80, 0x80, 0x80, 
	0x80, 0x80, 0x80, 0x80, 0x80, 0x80, 0x80, 0x7F, 0x80, 0x7F, 0x80, 0x80, 0x80, 0x80, 0x80, 0x80, 
	0x80, 0x81, 0x80, 0x80, 0x80, 0x80, 0x81, 0x7F, 0x81, 0x80, 0x80, 0x7F, 0x7F, 0x80, 0x80, 0x80, 
	0x81, 0x80, 0x80, 0x7F, 0x81, 0x80, 0x80, 0x80, 0x80, 0x80, 0x7F, 0x80, 0x80, 0x81, 0x80, 0x7F, 
	0x80, 0x80, 0x81, 0x7F, 0x80, 0x80, 0x80, 0x80, 0x80, 0x80, 0x80, 0x7F, 0x80, 0x80, 0x7F, 0x80, 
	0x80, 0x80, 0x80, 0x7F, 0x80, 0x81, 0x81, 0x80, 0x80, 0x80, 0x80, 0x80, 0x80, 0x80, 0x80, 0x80, 
	0x7F, 0x80, 0x7F, 0x80, 0x80, 0x80, 0x80, 0x80, 0x80, 0x80, 0x7F, 0x81, 0x80, 0x81, 0x7F, 0x80, 
	0x80, 0x80, 0x80, 0x80, 0x7F, 0x80, 0x80, 0x80, 0x80, 0x80, 0x80, 0x80, 0x80, 0x80, 0x80, 0x80, 
	0x80, 0x80, 0x80, 0x7F, 0x81, 0x80, 0x80, 0x80, 0x7F, 0x80, 0x80, 0x80, 0x80, 0x80, 0x80, 0x80, 
	0x81, 0x80, 0x80, 0x80, 0x7F, 0x80, 0x80, 0x80, 0x7F, 0x80, 0x7F, 0x80, 0x7F, 0x80, 0x80, 0x80, 
	0x7F, 0x7F, 0x80, 0x80, 0x80, 0x80, 0x80, 0x80, 0x80, 0x81, 0x81, 0x80, 0x80, 0x7F, 0x80, 0x80, 
	0x81, 0x81, 0x81, 0x80, 0x80, 0x80, 0x80, 0x81, 0x80, 0x7F, 0x80, 0x7F, 0x7F, 0x80, 0x80, 0x80, 
	0x80, 0x80, 0x80, 0x7F, 0x81, 0x80, 0x80, 0x80, 0x80, 0x80, 0x81, 0x80, 0x80, 0x80, 0x80, 0x7F, 
	0x80, 0x80, 0x80, 0x80, 0x7F, 0x80, 0x81, 0x80, 0x80, 0x80, 0x80, 0x7F, 0x80, 0x80, 0x80, 0x80, 
	0x80, 0x80, 0x81, 0x80, 0x80, 0x80, 0x80, 0x80, 0x80, 0x80, 0x80, 0x80, 0x80, 0x80, 0x80, 0x80, 
	0x80, 0x7F, 0x80, 0x80, 0x80, 0x7F, 0x80, 0x7F, 0x80, 0x81, 0x80, 0x80, 0x80, 0x80, 0x80, 0x80, 
	0x80, 0x80, 0x81, 0x7F, 0x80, 0x80, 0x80, 0x80, 0x80, 0x80, 0x7F, 0x80, 0x81, 0x80, 0x7F, 0x80, 
	0x80, 0x80, 0x80, 0x7F, 0x80, 0x80, 0x80, 0x80, 0x80, 0x80, 0x80, 0x80, 0x80, 0x80, 0x80, 0x80, 
	0x81, 0x80, 0x80, 0x80, 0x80, 0x7F, 0x80, 0x80, 0x80, 0x80, 0x80, 0x80, 0x80, 0x80, 0x80, 0x80, 
	0x80, 0x80, 0x81, 0x80, 0x7F, 0x80, 0x80, 0x80, 0x80, 0x81, 0x80, 0x80, 0x80, 0x80, 0x80, 0x80, 
	0x80, 0x7F, 0x7F, 0x80, 0x81, 0x80, 0x80, 0x80, 0x81, 0x80, 0x80, 0x80, 0x80, 0x80, 0x80, 0x80, 
	0x80, 0x80, 0x7F, 0x80, 0x80, 0x81, 0x81, 0x80, 0x80, 0x7F, 0x80, 0x80, 0x80, 0x80, 0x7F, 0x80, 
	0x80, 0x7F, 0x80, 0x80, 0x80, 0x7F, 0x81, 0x80, 0x80, 0x80, 0x80, 0x80, 0x80, 0x80, 0x80, 0x80, 
	0x80, 0x80, 0x81, 0x7F, 0x80, 0x80, 0x81, 0x80, 0x80, 0x80, 0x80, 0x80, 0x7F, 0x80, 0x80, 0x81, 
	0x80, 0x80, 0x80, 0x7F, 0x80, 0x80, 0x80, 0x80, 0x80, 0x80, 0x80, 0x80, 0x81, 0x7F, 0x80, 0x80, 
	0x80, 0x80, 0x80, 0x80, 0x80, 0x80, 0x80, 0x80, 0x80, 0x81, 0x80, 0x81, 0x81, 0x80, 0x80, 0x80, 
	0x80, 0x80, 0x7F, 0x80, 0x7F, 0x80, 0x7F, 0x81, 0x80, 0x80, 0x7F, 0x80, 0x80, 0x80, 0x80, 0x80, 
	0x80, 0x80, 0x7F, 0x80, 0x80, 0x80, 0x80, 0x80, 0x80, 0x80, 0x80, 0x80, 0x80, 0x7F, 0x80, 0x80, 
	0x80, 0x80, 0x7F, 0x80, 0x7F, 0x80, 0x80, 0x80, 0x80, 0x80, 0x7F, 0x80, 0x81, 0x7F, 0x7F, 0x81, 
	0x7F, 0x80, 0x80, 0x80, 0x80, 0x80, 0x80, 0x7F, 0x80, 0x80, 0x80, 0x80, 0x80, 0x80, 0x7F, 0x80, 
	0x81, 0x80, 0x80, 0x80, 0x80, 0x7F, 0x80, 0x80, 0x80, 0x80, 0x80, 0x80, 0x80, 0x7F, 0x80, 0x80, 
	0x81, 0x80, 0x80, 0x80, 0x81, 0x80, 0x81, 0x80, 0x80, 0x80, 0x80, 0x80, 0x81, 0x80, 0x80, 0x80, 
	0x80, 0x80, 0x80, 0x80, 0x80, 0x81, 0x7F, 0x80, 0x80, 0x80, 0x80, 0x80, 0x80, 0x80, 0x80, 0x81, 
	0x80, 0x80, 0x80, 0x80, 0x80, 0x80, 0x80, 0x80, 0x81, 0x7F, 0x7F, 0x7F, 0x81, 0x7F, 0x80, 0x80, 
	0x81, 0x7F, 0x80, 0x80, 0x80, 0x7F, 0x80, 0x80, 0x80, 0x81, 0x80, 0x80, 0x7F, 0x80, 0x7F, 0x81, 
	0x81, 0x80, 0x80, 0x80, 0x80, 0x80, 0x80, 0x80, 0x7F, 0x80, 0x80, 0x80, 0x80, 0x80, 0x80, 0x80, 
	0x80, 0x80, 0x80, 0x80, 0x81, 0x80, 0x80, 0x80, 0x80, 0x80, 0x80, 0x80, 0x80, 0x7F, 0x80, 0x81, 
	0x80, 0x80, 0x80, 0x80, 0x81, 0x81, 0x80, 0x80, 0x80, 0x80, 0x80, 0x80, 0x80, 0x7F, 0x80, 0x80, 
	0x80, 0x80, 0x80, 0x80, 0x80, 0x80, 0x80, 0x7F, 0x80, 0x80, 0x80, 0x80, 0x7F, 0x80, 0x80, 0x81, 
	0x7F, 0x80, 0x80, 0x80, 0x80, 0x80, 0x80, 0x80, 0x80, 0x80, 0x80, 0x81, 0x80, 0x81, 0x7F, 0x80, 
	0x80, 0x80, 0x81, 0x80, 0x80, 0x7F, 0x81, 0x80, 0x80, 0x80, 0x80, 0x80, 0x7F, 0x80, 0x80, 0x80, 
	0x80, 0x80, 0x80, 0x80, 0x80, 0x80, 0x80, 0x80, 0x81, 0x80, 0x80, 0x80, 0x81, 0x80, 0x7F, 0x81, 
	0x80, 0x80, 0x80, 0x80, 0x80, 0x80, 0x80, 0x7F, 0x80, 0x80, 0x80, 0x80, 0x7F, 0x80, 0x7F, 0x80, 
	0x80, 0x80, 0x7F, 0x80, 0x80, 0x80, 0x80, 0x80, 0x80, 0x80, 0x80, 0x80, 0x80, 0x80, 0x7F, 0x80, 
	0x7F, 0x80, 0x7F, 0x80, 0x80, 0x80, 0x80, 0x80, 0x81, 0x80, 0x80, 0x80, 0x80, 0x80, 0x80, 0x80, 
	0x80, 0x80, 0x80, 0x7F, 0x80, 0x7F, 0x7F, 0x80, 0x80, 0x7F, 0x80, 0x80, 0x80, 0x7F, 0x80, 0x80, 
	0x80, 0x80, 0x7F, 0x80, 0x80, 0x80, 0x80, 0x80, 0x80, 0x80, 0x80, 0x80, 0x80, 0x81, 0x80, 0x80, 
	0x80, 0x80, 0x80, 0x7F, 0x80, 0x80, 0x80, 0x80, 0x7F, 0x80, 0x80, 0x80, 0x80, 0x80, 0x80, 0x80, 
	0x80, 0x80, 0x80, 0x80, 0x80, 0x80, 0x80, 0x80, 0x80, 0x80, 0x80, 0x80, 0x80, 0x80, 0x80, 0x80, 
	0x81, 0x80, 0x7F, 0x80, 0x80, 0x81, 0x80, 0x80, 0x80, 0x7F, 0x80, 0x80, 0x81, 0x80, 0x80, 0x80, 
	0x7F, 0x80, 0x80, 0x80, 0x80, 0x80, 0x7F, 0x80, 0x80, 0x81, 0x80, 0x80, 0x80, 0x80, 0x7F, 0x80, 
	0x81, 0x80, 0x7F, 0x7F, 0x80, 0x81, 0x7F, 0x80, 0x80, 0x80, 0x7F, 0x80, 0x7F, 0x80, 0x80, 0x80, 
	0x7F, 0x80, 0x7F, 0x80, 0x80, 0x80, 0x80, 0x80, 0x80, 0x80, 0x80, 0x80, 0x80, 0x80, 0x81, 0x80, 
	0x80, 0x80, 0x7F, 0x81, 0x80, 0x80, 0x80, 0x80, 0x80, 0x80, 0x80, 0x80, 0x80, 0x80, 0x80, 0x80, 
	0x80, 0x80, 0x80, 0x80, 0x80, 0x80, 0x80, 0x81, 0x80, 0x80, 0x80, 0x80, 0x80, 0x80, 0x80, 0x80, 
	0x80, 0x80, 0x80, 0x80, 0x80, 0x81, 0x80, 0x80, 0x80, 0x80, 0x7F, 0x81, 0x80, 0x7F, 0x80, 0x80, 
	0x80, 0x81, 0x80, 0x80, 0x80, 0x80, 0x80, 0x80, 0x81, 0x80, 0x80, 0x80, 0x81, 0x80, 0x80, 0x80, 
	0x81, 0x80, 0x80, 0x80, 0x80, 0x81, 0x80, 0x7F, 0x80, 0x81, 0x80, 0x81, 0x80, 0x80, 0x80, 0x80, 
	0x7F, 0x80, 0x80, 0x7F, 0x7F, 0x7F, 0x7F, 0x80, 0x80, 0x80, 0x7F, 0x81, 0x80, 0x80, 0x80, 0x80, 
	0x80, 0x80, 0x80, 0x80, 0x80, 0x7F, 0x80, 0x80, 0x80, 0x80, 0x80, 0x80, 0x80, 0x80, 0x80, 0x80, 
	0x80, 0x7F, 0x80, 0x80, 0x80, 0x80, 0x7F, 0x80, 0x80, 0x80, 0x80, 0x80, 0x80, 0x80, 0x80, 0x80, 
	0x80, 0x80, 0x80, 0x80, 0x80, 0x80, 0x80, 0x80, 0x7F, 0x80, 0x80, 0x80, 0x80, 0x81, 0x80, 0x80, 
	0x80, 0x80, 0x80, 0x80, 0x80, 0x80, 0x7F, 0x81, 0x80, 0x80, 0x80, 0x7F, 0x7F, 0x80, 0x80, 0x80, 
	0x81, 0x80, 0x80, 0x80, 0x80, 0x80, 0x7F, 0x80, 0x80, 0x80, 0x81, 0x80, 0x7F, 0x80, 0x80, 0x80, 
	0x80, 0x80, 0x80, 0x80, 0x80, 0x7F, 0x80, 0x80, 0x80, 0x80, 0x80, 0x80, 0x7F, 0x80, 0x80, 0x80, 
	0x80, 0x81, 0x7F, 0x80, 0x80, 0x80, 0x80, 0x80, 0x80, 0x80, 0x80, 0x80, 0x80, 0x80, 0x80, 0x80, 
	0x80, 0x80, 0x80, 0x80, 0x80, 0x80, 0x80, 0x80, 0x80, 0x7F, 0x80, 0x80, 0x80, 0x81, 0x80, 0x80, 
	0x80, 0x80, 0x80, 0x80, 0x80, 0x80, 0x80, 0x80, 0x80, 0x80, 0x80, 0x80, 0x80, 0x80, 0x80, 0x80, 
	0x80, 0x80, 0x81, 0x81, 0x80, 0x80, 0x80, 0x81, 0x80, 0x80, 0x80, 0x7F, 0x80, 0x7F, 0x80, 0x80, 
	0x80, 0x80, 0x80, 0x7F, 0x80, 0x80, 0x80, 0x80, 0x80, 0x80, 0x80, 0x80, 0x80, 0x7F, 0x80, 0x7F, 
	0x7F, 0x80, 0x80, 0x80, 0x80, 0x80, 0x80, 0x80, 0x80, 0x80, 0x80, 0x80, 0x80, 0x80, 0x80, 0x80, 
	0x80, 0x80, 0x7F, 0x80, 0x80, 0x80, 0x80, 0x80, 0x80, 0x81, 0x7F, 0x80, 0x80, 0x7F, 0x7F, 0x7F, 
	0x81, 0x7F, 0x80, 0x80, 0x81, 0x80, 0x80, 0x80, 0x80, 0x80, 0x80, 0x81, 0x81, 0x7F, 0x80, 0x7F, 
	0x80, 0x81, 0x80, 0x80, 0x80, 0x80, 0x80, 0x80, 0x80, 0x80, 0x80, 0x81, 0x7F, 0x80, 0x7F, 0x80, 
	0x7F, 0x7F, 0x80, 0x80, 0x80, 0x80, 0x80, 0x80, 0x80, 0x80, 0x80, 0x80, 0x80, 0x80, 0x80, 0x80, 
	0x80, 0x80, 0x81, 0x80, 0x80, 0x80, 0x80, 0x80, 0x80, 0x7F, 0x80, 0x80, 0x80, 0x7F, 0x80, 0x80, 
	0x7F, 0x80, 0x81, 0x81, 0x80, 0x80, 0x80, 0x7F, 0x80, 0x80, 0x80, 0x80, 0x80, 0x80, 0x80, 0x80, 
	0x80, 0x80, 0x80, 0x80, 0x80, 0x80, 0x80, 0x80, 0x80, 0x80, 0x7F, 0x80, 0x80, 0x80, 0x80, 0x81, 
	0x80, 0x80, 0x80, 0x80, 0x80, 0x80, 0x80, 0x80, 0x80, 0x80, 0x80, 0x80, 0x80, 0x80, 0x80, 0x80, 
	0x80, 0x80, 0x80, 0x7F, 0x80, 0x80, 0x80, 0x80, 0x81, 0x7F, 0x80, 0x81, 0x80, 0x80, 0x80, 0x80, 
	0x80, 0x80, 0x80, 0x80, 0x80, 0x80, 0x7F, 0x80, 0x80, 0x80, 0x80, 0x7F, 0x80, 0x80, 0x80, 0x80, 
	0x7F, 0x80, 0x80, 0x80, 0x80, 0x80, 0x81, 0x80, 0x7F, 0x80, 0x80, 0x80, 0x80, 0x80, 0x80, 0x80, 
	0x81, 0x80, 0x80, 0x80, 0x81, 0x80, 0x80, 0x80, 0x80, 0x80, 0x80, 0x80, 0x80, 0x80, 0x81, 0x80, 
	0x81, 0x80, 0x81, 0x80, 0x80, 0x80, 0x80, 0x7F, 0x80, 0x80, 0x80, 0x80, 0x80, 0x80, 0x80, 0x81, 
	0x7F, 0x80, 0x80, 0x80, 0x80, 0x80, 0x80, 0x80, 0x80, 0x80, 0x80, 0x80, 0x80, 0x80, 0x80, 0x80, 
	0x80, 0x7F, 0x80, 0x80, 0x80, 0x80, 0x80, 0x80, 0x80, 0x81, 0x80, 0x80, 0x80, 0x80, 0x81, 0x80, 
	0x80, 0x80, 0x80, 0x81, 0x80, 0x80, 0x80, 0x80, 0x80, 0x80, 0x80, 0x80, 0x80, 0x80, 0x80, 0x81, 
	0x80, 0x80, 0x80, 0x80, 0x80, 0x80, 0x80, 0x80, 0x80, 0x80, 0x80, 0x80, 0x80, 0x80, 0x80, 0x81, 
	0x80, 0x81, 0x80, 0x80, 0x80, 0x80, 0x80, 0x80, 0x80, 0x80, 0x80, 0x80, 0x80, 0x80, 0x80, 0x7F, 
	0x80, 0x80, 0x80, 0x80, 0x80, 0x80, 0x80, 0x81, 0x80, 0x81, 0x80, 0x80, 0x80, 0x80, 0x80, 0x80, 
	0x80, 0x80, 0x80, 0x80, 0x80, 0x80, 0x80, 0x80, 0x80, 0x80, 0x80, 0x80, 0x80, 0x80, 0x80, 0x80, 
	0x80, 0x80, 0x80, 0x80, 0x80, 0x80, 0x80, 0x80, 0x80, 0x80, 0x80, 0x80, 0x80, 0x80, 0x80, 0x80, 
	0x80, 0x80, 0x80, 0x80, 0x80, 0x80, 0x81, 0x80, 0x80, 0x80, 0x80, 0x80, 0x81, 0x80, 0x80, 0x81, 
	0x80, 0x80, 0x7F, 0x80, 0x80, 0x80, 0x80, 0x80, 0x80, 0x80, 0x80, 0x80, 0x80, 0x80, 0x7F, 0x7F, 
	0x80, 0x80, 0x7F, 0x80, 0x80, 0x80, 0x80, 0x80, 0x80, 0x80, 0x80, 0x80, 0x81, 0x80, 0x80, 0x80, 
	0x80, 0x80, 0x81, 0x80, 0x7F, 0x80, 0x80, 0x80, 0x80, 0x80, 0x80, 0x80, 0x80, 0x80, 0x7F, 0x80, 
	0x80, 0x80, 0x80, 0x80, 0x80, 0x80, 0x81, 0x80, 0x80, 0x81, 0x80, 0x80, 0x80, 0x80, 0x80, 0x80, 
	0x80, 0x80, 0x80, 0x80, 0x7F, 0x80, 0x80, 0x80, 0x80, 0x81, 0x81, 0x81, 0x80, 0x80, 0x80, 0x80, 
	0x80, 0x80, 0x80, 0x80, 0x80, 0x80, 0x80, 0x80, 0x80, 0x7F, 0x80, 0x80, 0x81, 0x80, 0x80, 0x80, 
	0x7F, 0x80, 0x80, 0x80, 0x7F, 0x80, 0x80, 0x80, 0x80, 0x80, 0x80, 0x80, 0x80, 0x80, 0x80, 0x80, 
	0x80, 0x80, 0x80, 0x81, 0x80, 0x80, 0x80, 0x80, 0x80, 0x80, 0x80, 0x81, 
};
