#include "../include.h"

// sound format: PCM mono 16-bit 11025Hz
// sound format: SNDFORM_PCM16
// sound speed relative to 50000Hz: 0.22050f
const u8 IncreaseStocksSnd[16600] __attribute__ ((aligned(4))) = {
	0xCC, 0x40, 0x00, 0x00,	// data size=16588
	12, 0,			// data offset
	0x11, 0x2B,		// sample rate=11025
	0x00, 0x00,		// ADPCM samples per block=0
	16,			// bits per sample
	1,			// number of channels
	0x02, 0x00, 0xFE, 0xFF, 0x05, 0x00, 0x00, 0x00, 0xFF, 0xFF, 0xF7, 0xFF, 0x01, 0x00, 0xDC, 0xFF, 
	0x5F, 0xFF, 0xB5, 0xFE, 0xC2, 0x00, 0x37, 0x01, 0x3B, 0x01, 0xFF, 0xFF, 0xC1, 0xFB, 0x31, 0x00, 
	0xCE, 0x01, 0x4B, 0x01, 0xC6, 0xFF, 0xAF, 0x00, 0x64, 0xFD, 0x74, 0x00, 0xD1, 0xFD, 0xC8, 0x00, 
	0xB4, 0x05, 0xB0, 0xFA, 0x8D, 0xFF, 0x34, 0x03, 0x75, 0x00, 0xC4, 0xF8, 0xBD, 0xFE, 0x94, 0x01, 
	0xB4, 0x09, 0x2D, 0x03, 0x79, 0xF4, 0x0C, 0xFC, 0xC8, 0xFE, 0xB5, 0x06, 0x5A, 0x00, 0x61, 0x07, 
	0x20, 0xFA, 0x52, 0xFE, 0x66, 0xFC, 0x6D, 0xFA, 0x9F, 0x0A, 0x32, 0x02, 0xB9, 0xFC, 0x8C, 0xFB, 
	0xB9, 0x0B, 0x7C, 0xF7, 0x2E, 0xFF, 0xE1, 0xF8, 0x03, 0x03, 0x67, 0x0C, 0x84, 0x02, 0xEB, 0xF8, 
	0xBD, 0xF7, 0x21, 0x01, 0xD7, 0xFA, 0x7F, 0x09, 0xDF, 0xFF, 0x80, 0xFE, 0x54, 0xFD, 0xF4, 0xFC, 
	0x46, 0xFA, 0x01, 0x02, 0x86, 0x09, 0x3B, 0xF9, 0x6B, 0xFF, 0x32, 0x03, 0xB3, 0xFE, 0x4E, 0xFF, 
	0x0B, 0xF7, 0x43, 0x00, 0x6F, 0x09, 0x6E, 0x06, 0xFA, 0xF1, 0xE9, 0x02, 0x8C, 0xFE, 0x0E, 0xFD, 
	0x48, 0x07, 0xD3, 0x03, 0xC9, 0x07, 0x55, 0xFB, 0xC6, 0xFF, 0xB9, 0xF7, 0x81, 0x10, 0x42, 0x01, 
	0x12, 0xF7, 0xFC, 0xFC, 0x47, 0x07, 0x43, 0x04, 0xF8, 0xF5, 0x73, 0xFC, 0xB7, 0xF6, 0x0A, 0x10, 
	0x62, 0xFD, 0xA7, 0xF9, 0x95, 0xFF, 0xD5, 0xFA, 0xD9, 0xF8, 0x90, 0x00, 0xD1, 0x0B, 0xC2, 0xFB, 
	0x61, 0x03, 0xF0, 0xF7, 0x3A, 0x03, 0x90, 0x07, 0xBF, 0x00, 0x99, 0xF9, 0x16, 0x04, 0x49, 0x10, 
	0x45, 0xFC, 0x63, 0xFE, 0x28, 0xF6, 0x65, 0x06, 0x06, 0x0F, 0x41, 0x08, 0x35, 0xFE, 0xC8, 0x05, 
	0xD5, 0x02, 0x01, 0xF8, 0x45, 0x0E, 0xCB, 0x0C, 0x02, 0x00, 0x4B, 0xFA, 0xAA, 0xF4, 0xB7, 0xFA, 
	0x03, 0xFA, 0xF0, 0xF3, 0x8C, 0xE9, 0x11, 0xFD, 0x1D, 0xFD, 0x57, 0xF0, 0x05, 0xF1, 0xF5, 0xF1, 
	0xC4, 0x02, 0x7F, 0x08, 0x49, 0x05, 0x47, 0xF5, 0x6E, 0x01, 0xE0, 0xF5, 0x42, 0xF6, 0x75, 0x06, 
	0x8D, 0x07, 0x89, 0xFD, 0xAE, 0xF7, 0xD5, 0x00, 0xE7, 0x02, 0x87, 0x0B, 0xA2, 0xFE, 0xA3, 0x01, 
	0xAA, 0x10, 0x79, 0x10, 0xFC, 0xFE, 0x7A, 0xFF, 0xBB, 0x07, 0x4C, 0x08, 0x73, 0x10, 0xA0, 0x08, 
	0x6F, 0x03, 0x04, 0x06, 0xDF, 0xFE, 0xE0, 0xFF, 0x46, 0x13, 0x0D, 0x11, 0x5A, 0x00, 0xE7, 0xF9, 
	0x75, 0x04, 0x53, 0x01, 0x41, 0x00, 0x52, 0xF8, 0x82, 0xFC, 0x14, 0x06, 0x0B, 0x01, 0x76, 0xF7, 
	0xD2, 0xF9, 0xC9, 0x08, 0xDD, 0x03, 0x29, 0x0C, 0x7D, 0x06, 0x60, 0x01, 0xB8, 0xF5, 0xD9, 0xEB, 
	0x43, 0xF3, 0xC6, 0xFB, 0xC3, 0xF6, 0x33, 0xDF, 0x44, 0xE6, 0xCE, 0xEC, 0x93, 0xED, 0xA7, 0xE6, 
	0xE9, 0xE8, 0xCC, 0xF8, 0x19, 0xFB, 0x0F, 0xF8, 0xF2, 0xEE, 0x60, 0x00, 0xB0, 0x02, 0xF9, 0x05, 
	0x47, 0x0E, 0xB6, 0x12, 0x8E, 0x11, 0xF9, 0x01, 0x26, 0x0D, 0xFC, 0x16, 0xD7, 0x24, 0xF5, 0x0F, 
	0x07, 0x07, 0x5E, 0x11, 0x89, 0x18, 0x89, 0x0D, 0xE9, 0xFD, 0x81, 0x0E, 0x41, 0x11, 0xF8, 0x12, 
	0x8A, 0x00, 0x47, 0x07, 0xB7, 0x0B, 0x44, 0x0B, 0xBE, 0x0B, 0x73, 0x08, 0xA0, 0x0F, 0x54, 0xF5, 
	0x4E, 0xE5, 0xE1, 0xE3, 0xF3, 0xF2, 0x31, 0xED, 0xBA, 0xDC, 0xB3, 0xDB, 0x3C, 0xE8, 0xAB, 0xFA, 
	0xC6, 0xE7, 0x7F, 0xEA, 0x37, 0xFC, 0x4F, 0x11, 0xFB, 0x06, 0x93, 0xFA, 0x56, 0x01, 0xA9, 0xFF, 
	0x99, 0x04, 0x0E, 0xFA, 0x2D, 0x05, 0x6A, 0x02, 0xD7, 0xF9, 0x62, 0xEB, 0xED, 0xFE, 0x78, 0x18, 
	0x5B, 0x07, 0xB6, 0x05, 0xE9, 0x02, 0x73, 0x1C, 0xC4, 0x17, 0x11, 0x07, 0xB2, 0xF6, 0x19, 0x0A, 
	0x44, 0x16, 0x27, 0xF9, 0xBA, 0xF2, 0x9B, 0xED, 0x3F, 0xF9, 0x32, 0xF8, 0xA1, 0x00, 0xB4, 0x02, 
	0xEA, 0x01, 0x99, 0xF6, 0x2F, 0xE6, 0x10, 0x06, 0x37, 0x0D, 0xDD, 0xFE, 0xE3, 0xEC, 0x6E, 0xFF, 
	0x95, 0x08, 0x75, 0x06, 0xCC, 0xFB, 0x3D, 0xF3, 0xBB, 0x12, 0xC3, 0x11, 0xB0, 0x07, 0xEB, 0xFC, 
	0x22, 0x06, 0x7A, 0x03, 0xC9, 0x0B, 0x04, 0x15, 0xD9, 0x12, 0xA8, 0x14, 0x45, 0x05, 0x52, 0x06, 
	0x4D, 0x1E, 0x4C, 0x26, 0xD5, 0x0E, 0x5B, 0x00, 0x98, 0x0E, 0x80, 0x03, 0xAB, 0x01, 0xCE, 0xE9, 
	0xBC, 0xE0, 0x27, 0xE8, 0x67, 0xE5, 0xED, 0xDA, 0x3A, 0xCE, 0x73, 0xD9, 0xE7, 0xD2, 0xEA, 0xF3, 
	0x83, 0xF9, 0x03, 0xFD, 0xB9, 0xF2, 0xF5, 0xEB, 0x9B, 0xF4, 0x53, 0x05, 0x59, 0x0F, 0xFB, 0xF4, 
	0x54, 0xF5, 0xEC, 0xF7, 0xE5, 0x05, 0x67, 0x09, 0x16, 0x05, 0x1F, 0x01, 0xF6, 0x0F, 0x33, 0x21, 
	0xEA, 0x0D, 0x67, 0x0B, 0xF6, 0x06, 0x5B, 0x0A, 0xA9, 0x1B, 0xA1, 0x15, 0x0F, 0x0F, 0xF6, 0x04, 
	0x95, 0x04, 0x9E, 0x02, 0x38, 0x1F, 0xCA, 0x27, 0x4F, 0x13, 0xBB, 0x08, 0xD8, 0x06, 0x5C, 0x14, 
	0xC2, 0x0E, 0xE4, 0x05, 0x9A, 0xEF, 0xDA, 0xFE, 0x9E, 0x00, 0x1A, 0xE7, 0x1D, 0xE5, 0x5D, 0xED, 
	0xD0, 0xFC, 0x3D, 0x0A, 0xED, 0x19, 0x20, 0x0E, 0x7F, 0x11, 0x6D, 0x05, 0xAA, 0x02, 0xA6, 0x11, 
	0x3E, 0x0D, 0xBB, 0xF4, 0x57, 0xCF, 0x90, 0xD3, 0x0B, 0xCF, 0xD0, 0xD3, 0x43, 0xC3, 0x96, 0xBD, 
	0x2E, 0xD4, 0xFC, 0xDF, 0x96, 0xD4, 0xF6, 0xD1, 0x17, 0xF0, 0x55, 0xFB, 0xBD, 0x0E, 0x84, 0x10, 
	0xA9, 0x12, 0xF1, 0x1B, 0xD1, 0x17, 0x67, 0x1A, 0x92, 0x2E, 0x9C, 0x3F, 0xA8, 0x29, 0xA1, 0x17, 
	0xF2, 0x1A, 0x1A, 0x24, 0xFD, 0x22, 0xD2, 0x14, 0xA3, 0x16, 0xBF, 0x1E, 0x80, 0x24, 0x43, 0x00, 
	0x4E, 0x02, 0xEA, 0x1B, 0xB1, 0x1C, 0x90, 0x1A, 0x98, 0x10, 0xDB, 0x14, 0x37, 0x03, 0x1A, 0xF1, 
	0x40, 0xD8, 0x37, 0xEB, 0x2D, 0xF2, 0x3F, 0xD2, 0xA5, 0xBC, 0x2A, 0xBF, 0x23, 0xD4, 0x10, 0xCF, 
	0x6D, 0xDF, 0xBF, 0xE7, 0x5F, 0x02, 0x93, 0x08, 0x22, 0xF7, 0x0C, 0x01, 0x7D, 0x18, 0x53, 0x16, 
	0x21, 0x00, 0x89, 0x09, 0x92, 0x07, 0x44, 0xFF, 0x90, 0xE6, 0x4C, 0xEC, 0x33, 0x10, 0x6C, 0x22, 
	0x0D, 0x0F, 0xAC, 0xFD, 0x3B, 0x11, 0x8C, 0x17, 0xB2, 0x10, 0xE4, 0x10, 0x07, 0x11, 0x02, 0x0C, 
	0x2C, 0xF8, 0x38, 0xE6, 0xE9, 0xE0, 0xC6, 0xFB, 0x14, 0xEF, 0xD3, 0xE8, 0xE2, 0x00, 0x9F, 0x0B, 
	0xF5, 0xFE, 0xF4, 0xE6, 0x40, 0xF8, 0x70, 0x0E, 0xD3, 0x1F, 0xA6, 0xFF, 0x64, 0xF2, 0xF0, 0xFA, 
	0x48, 0x00, 0x68, 0xF7, 0x1F, 0xFF, 0x1C, 0x0F, 0xD9, 0x06, 0x7C, 0x06, 0xB5, 0xFC, 0x58, 0x0E, 
	0x46, 0x1B, 0xAB, 0x15, 0xDD, 0x07, 0x00, 0x1E, 0xC8, 0x29, 0xB6, 0x12, 0x81, 0x03, 0x30, 0x09, 
	0x60, 0x2C, 0x80, 0x2E, 0xDC, 0x18, 0x44, 0x09, 0x11, 0x14, 0x05, 0x0B, 0x39, 0xF7, 0x95, 0xFA, 
	0xA3, 0xF4, 0x74, 0xDB, 0x74, 0xBF, 0xF2, 0xB7, 0x03, 0xC5, 0x61, 0xCB, 0x23, 0xBE, 0xB9, 0xBC, 
	0x22, 0xE8, 0x6D, 0xF6, 0x74, 0xE3, 0x61, 0xD6, 0xBC, 0xED, 0xE8, 0x08, 0x6D, 0x0E, 0x7D, 0x05, 
	0x1C, 0xFD, 0x0E, 0x0F, 0x8A, 0x07, 0x3B, 0x0E, 0x0E, 0x1D, 0xA8, 0x28, 0xBD, 0x10, 0x86, 0x0B, 
	0x7B, 0x1A, 0xDC, 0x24, 0xA0, 0x1D, 0x8E, 0xFF, 0x61, 0x04, 0x8B, 0x1A, 0xC1, 0x25, 0x08, 0x06, 
	0xDF, 0x02, 0x34, 0x13, 0xFA, 0x26, 0x61, 0x2E, 0x23, 0x20, 0xBD, 0x1A, 0x16, 0x19, 0x96, 0x0F, 
	0xBD, 0x01, 0x5B, 0x0F, 0x36, 0xFE, 0xD8, 0xD5, 0xF4, 0xCD, 0x2B, 0xDB, 0xAA, 0xE9, 0x8F, 0xDE, 
	0x9B, 0xDD, 0x31, 0xF6, 0xA5, 0x2B, 0xDD, 0x3B, 0x8E, 0x25, 0x7A, 0x21, 0x3C, 0x2E, 0xEB, 0x2C, 
	0x27, 0x16, 0x29, 0x01, 0x18, 0xE0, 0xA1, 0xD0, 0x5B, 0xB1, 0x8D, 0xA4, 0x6B, 0xAF, 0xDD, 0xA4, 
	0x93, 0x91, 0xED, 0x9E, 0x42, 0xC6, 0x7B, 0xD2, 0x96, 0xCE, 0x06, 0xD1, 0xCD, 0xF5, 0x7F, 0x20, 
	0x3C, 0x2B, 0x76, 0x1E, 0xA3, 0x22, 0xAD, 0x3B, 0xDE, 0x3D, 0x0B, 0x42, 0xC7, 0x40, 0x16, 0x3D, 
	0xB4, 0x34, 0xA1, 0x25, 0xE3, 0x2A, 0xF9, 0x3A, 0x63, 0x33, 0xDD, 0x0F, 0x84, 0x19, 0xDE, 0x2C, 
	0xE0, 0x2A, 0x3C, 0x0C, 0xCC, 0x02, 0x8D, 0x1C, 0xB2, 0x30, 0x96, 0x1D, 0x89, 0xF2, 0x34, 0xF2, 
	0x58, 0xE8, 0xDD, 0xDA, 0xE0, 0xC7, 0xDB, 0xCA, 0x35, 0xBF, 0xC6, 0xAF, 0x65, 0xA7, 0x74, 0xB7, 
	0x1D, 0xDC, 0x40, 0xDB, 0xC0, 0xD6, 0x0D, 0xF3, 0x42, 0x25, 0xD7, 0x1D, 0xD6, 0x04, 0x7B, 0xFC, 
	0x37, 0x16, 0xAC, 0x28, 0x3B, 0x10, 0x21, 0xFA, 0xEA, 0x03, 0x5D, 0x0E, 0x20, 0x09, 0xE5, 0x0D, 
	0x88, 0x1D, 0x20, 0x1A, 0x82, 0x03, 0xB7, 0xF8, 0x04, 0x0E, 0x2A, 0x1B, 0x10, 0xFB, 0x00, 0xDC, 
	0xF0, 0xEE, 0xDE, 0x0C, 0x3C, 0xF0, 0x3B, 0xCE, 0xDB, 0xCE, 0x62, 0xFD, 0x9F, 0x14, 0x65, 0xFE, 
	0x44, 0xF2, 0x3C, 0x09, 0x19, 0x0E, 0x83, 0xFB, 0xB0, 0x02, 0xAC, 0x15, 0xF9, 0x14, 0x02, 0xF5, 
	0x0B, 0xEA, 0xE3, 0x00, 0xBD, 0x0F, 0xC8, 0xF5, 0x5A, 0xEC, 0x1D, 0x15, 0xFB, 0x36, 0xEB, 0x18, 
	0xBB, 0xF6, 0x83, 0x00, 0x54, 0x21, 0x02, 0x2A, 0xE6, 0x0F, 0x67, 0x07, 0xF4, 0x1C, 0xD5, 0x19, 
	0x79, 0x08, 0x1E, 0x18, 0xB5, 0x2D, 0x37, 0x29, 0xD8, 0x0C, 0x00, 0xFB, 0xB0, 0x0A, 0xA7, 0x00, 
	0x34, 0xD7, 0xAD, 0xBD, 0x67, 0xD6, 0xA0, 0xE0, 0x81, 0xB6, 0xB9, 0x97, 0xA8, 0xA7, 0x8D, 0xD4, 
	0xA6, 0xE2, 0x8F, 0xDA, 0x94, 0xD5, 0x50, 0xEC, 0xE4, 0xEE, 0x34, 0xEB, 0xD6, 0x08, 0x12, 0x24, 
	0x3D, 0x25, 0x1D, 0x11, 0xDD, 0x0E, 0x4D, 0x22, 0xFC, 0x23, 0x7B, 0x03, 0x57, 0x06, 0xC6, 0x2F, 
	0x09, 0x3A, 0x38, 0x14, 0x2B, 0xF0, 0x6A, 0xFD, 0x7C, 0x1F, 0x98, 0x24, 0xE9, 0x0E, 0x7C, 0x09, 
	0x6F, 0x17, 0x8D, 0x11, 0x8A, 0x09, 0x3E, 0x1C, 0x8A, 0x2B, 0x84, 0x1F, 0x49, 0x04, 0x59, 0xF5, 
	0x0C, 0xFF, 0x48, 0xF9, 0x27, 0xCC, 0xF1, 0xC6, 0xAB, 0xE6, 0x62, 0xF3, 0xAD, 0xD1, 0xB4, 0xC3, 
	0x92, 0xEC, 0x9D, 0x26, 0xE9, 0x3C, 0xB6, 0x2D, 0xBD, 0x38, 0x97, 0x41, 0x92, 0x33, 0x6C, 0x18, 
	0x7B, 0x22, 0xE6, 0x21, 0x29, 0xFE, 0x3C, 0xCC, 0x3F, 0xB7, 0x3A, 0xC6, 0x1D, 0xB4, 0x2C, 0x8B, 
	0xAD, 0x88, 0xE5, 0xC1, 0x60, 0xCC, 0xE2, 0xAE, 0xD0, 0x9E, 0x85, 0xC7, 0xC8, 0x05, 0x4A, 0x12, 
	0x06, 0x0D, 0x88, 0x17, 0xFD, 0x2D, 0x6A, 0x29, 0x02, 0x2C, 0xE2, 0x3E, 0xEC, 0x4A, 0x5D, 0x3D, 
	0x03, 0x22, 0x1F, 0x2A, 0xE8, 0x3A, 0xFF, 0x34, 0x16, 0x0C, 0x41, 0x14, 0x19, 0x39, 0x03, 0x36, 
	0xA5, 0x0E, 0x00, 0xF8, 0xE9, 0x11, 0xC0, 0x31, 0x34, 0x32, 0x54, 0x10, 0xB4, 0x0A, 0xB8, 0xF8, 
	0x8A, 0xE1, 0x4F, 0xD9, 0x49, 0xD7, 0x2B, 0xD2, 0xBF, 0xB4, 0x5F, 0xA7, 0x22, 0xB3, 0xD4, 0xCF, 
	0xB4, 0xC6, 0x33, 0xB8, 0xE7, 0xD9, 0xC5, 0x0E, 0x1B, 0x23, 0xDE, 0xFE, 0x30, 0xF3, 0x79, 0x01, 
	0x82, 0x2C, 0x64, 0x2B, 0xF0, 0x15, 0x54, 0x13, 0xBF, 0x0B, 0x68, 0x0A, 0x9E, 0x0B, 0x40, 0x22, 
	0xB8, 0x10, 0x3B, 0x02, 0x58, 0xEB, 0x15, 0x00, 0x2B, 0x10, 0xE9, 0xF3, 0x9F, 0xDE, 0x29, 0xE7, 
	0xA4, 0x14, 0xAC, 0x0A, 0x8B, 0xEA, 0x96, 0xCB, 0xEE, 0xE3, 0x48, 0x0B, 0x1E, 0x15, 0xA2, 0x08, 
	0x9E, 0xFD, 0x46, 0x01, 0xCB, 0xF2, 0x9A, 0x07, 0x9B, 0x14, 0x51, 0x12, 0x09, 0xFC, 0x9D, 0xED, 
	0xDC, 0x06, 0x2B, 0x0D, 0xE3, 0xFC, 0xFA, 0xE1, 0xF2, 0x03, 0x0B, 0x23, 0xED, 0x25, 0x8C, 0xFF, 
	0x82, 0xEA, 0x23, 0x00, 0xE7, 0x10, 0x96, 0x20, 0x17, 0x0F, 0xF9, 0x13, 0x4A, 0x06, 0x7F, 0x0B, 
	0x2E, 0x1F, 0x52, 0x38, 0xB3, 0x32, 0x7B, 0x0B, 0x8B, 0x05, 0x42, 0x0B, 0xC8, 0x13, 0xEB, 0xE5, 
	0x4C, 0xCA, 0xB7, 0xD0, 0x6F, 0xE4, 0x35, 0xD8, 0x53, 0xAE, 0x11, 0xAC, 0x82, 0xBA, 0x6B, 0xD9, 
	0x90, 0xE0, 0x6E, 0xEC, 0x7C, 0xE9, 0xC6, 0xE0, 0xD3, 0xE6, 0xAA, 0xFC, 0x9E, 0x25, 0xF6, 0x1F, 
	0x44, 0x11, 0xEC, 0x03, 0x78, 0x24, 0x40, 0x2B, 0xA8, 0x0F, 0x67, 0xFD, 0x0B, 0x0E, 0xBA, 0x32, 
	0xC9, 0x23, 0x80, 0x0C, 0x98, 0xF7, 0x58, 0x0D, 0x73, 0x17, 0xDF, 0x1B, 0x12, 0x1B, 0x87, 0x0F, 
	0x5C, 0x03, 0x23, 0xF9, 0x32, 0x0F, 0x14, 0x21, 0x19, 0x1B, 0xDC, 0xEC, 0x0E, 0xDF, 0x55, 0xF6, 
	0xDC, 0xFC, 0xE0, 0xD9, 0xE4, 0xBE, 0x2C, 0xDA, 0xDF, 0xF0, 0x4F, 0xF0, 0x89, 0xDC, 0x8F, 0xE9, 
	0x7E, 0x0C, 0x9C, 0x28, 0x94, 0x3D, 0xED, 0x50, 0xD0, 0x50, 0xC4, 0x2B, 0x86, 0x1E, 0xD3, 0x31, 
	0x3C, 0x45, 0x8B, 0x25, 0xD8, 0xE9, 0xBF, 0xCF, 0xD7, 0xDE, 0x4D, 0xDC, 0x4A, 0xAA, 0x48, 0x91, 
	0x90, 0xA4, 0xF5, 0xBC, 0xCF, 0xB2, 0x42, 0xA0, 0x4A, 0xAB, 0x43, 0xC6, 0xAC, 0xDD, 0xAB, 0xF7, 
	0x5F, 0x1E, 0xD5, 0x21, 0x53, 0x05, 0x44, 0x06, 0x44, 0x36, 0xCB, 0x5A, 0x6E, 0x44, 0x13, 0x16, 
	0x4B, 0x13, 0xD4, 0x36, 0x9A, 0x3C, 0x47, 0x1B, 0xCE, 0x11, 0x8A, 0x28, 0xCA, 0x35, 0x8A, 0x24, 
	0x28, 0x16, 0x53, 0x21, 0x87, 0x26, 0x04, 0x22, 0x72, 0x23, 0x30, 0x39, 0xEA, 0x1F, 0x56, 0xE4, 
	0x02, 0xCC, 0xEA, 0xE5, 0x10, 0xF4, 0xA2, 0xCE, 0xE6, 0xA1, 0xC4, 0xA1, 0xDB, 0xC9, 0x20, 0xCB, 
	0x13, 0xBB, 0xE9, 0xCB, 0x7C, 0xEF, 0xBC, 0x04, 0x6F, 0xF7, 0x84, 0xFE, 0xEC, 0x08, 0xD3, 0x14, 
	0xAB, 0x0B, 0xC7, 0x18, 0xE8, 0x35, 0x27, 0x22, 0x1C, 0xF7, 0x09, 0xEB, 0x58, 0x1C, 0x8E, 0x2A, 
	0x61, 0x15, 0x34, 0xE5, 0x32, 0xF1, 0xA0, 0x06, 0x8E, 0xFD, 0x50, 0xEB, 0x00, 0xF8, 0x45, 0x13, 
	0xD2, 0x05, 0x71, 0xFB, 0x53, 0xEF, 0x51, 0x00, 0x05, 0xF9, 0xBE, 0xF1, 0x26, 0x07, 0x12, 0x24, 
	0x29, 0x16, 0x9E, 0xDC, 0xC7, 0xE3, 0xC2, 0x09, 0x8A, 0x25, 0x64, 0x09, 0x5B, 0xE9, 0xED, 0xF9, 
	0xD0, 0x06, 0x77, 0xFB, 0x50, 0xE5, 0x65, 0x02, 0xFC, 0x05, 0xF4, 0xFE, 0x1D, 0xF0, 0x48, 0xF9, 
	0xE5, 0x04, 0x26, 0xF5, 0x45, 0xF7, 0x57, 0x0D, 0x99, 0x3A, 0x0E, 0x1F, 0xB9, 0xFF, 0x41, 0x09, 
	0xC1, 0x39, 0x49, 0x4B, 0x4F, 0x2A, 0x30, 0x11, 0x55, 0x09, 0xC5, 0x14, 0x44, 0xE8, 0xA3, 0xE1, 
	0x40, 0xEE, 0x97, 0xEC, 0xD9, 0xD3, 0xD0, 0xBF, 0x94, 0xCC, 0x17, 0xCC, 0x17, 0xCF, 0x2F, 0xC3, 
	0x91, 0xF8, 0x00, 0x10, 0xE0, 0xF5, 0xBC, 0xCD, 0xA4, 0xDA, 0x12, 0x0E, 0x6B, 0x16, 0x4B, 0x18, 
	0x25, 0xFE, 0x1F, 0x15, 0x94, 0x10, 0x53, 0x01, 0x37, 0x04, 0x5E, 0x24, 0x80, 0x28, 0x53, 0x0D, 
	0xCD, 0x15, 0x1F, 0x0F, 0xA7, 0x14, 0x17, 0xFB, 0x4D, 0x03, 0xD3, 0x25, 0x39, 0x33, 0xE6, 0x07, 
	0x4A, 0xDD, 0x55, 0xF1, 0xF2, 0x03, 0xBC, 0x0F, 0x04, 0xFC, 0x03, 0xEC, 0xB8, 0xE5, 0x2C, 0xDF, 
	0xFB, 0xCF, 0xC3, 0xD1, 0xC6, 0xF6, 0x86, 0xF2, 0xA7, 0xEE, 0xF7, 0xF6, 0xDB, 0x01, 0x6F, 0x09, 
	0x7B, 0x0C, 0x73, 0x2B, 0xF8, 0x56, 0xF3, 0x70, 0xBE, 0x3D, 0xD3, 0x24, 0x4D, 0x29, 0x3F, 0x3A, 
	0x6B, 0x39, 0x53, 0x1F, 0x47, 0x05, 0x93, 0xE3, 0x7A, 0xD6, 0x9F, 0xAF, 0x56, 0xB6, 0xB6, 0xBC, 
	0x79, 0xB2, 0x4A, 0x9F, 0x2E, 0xA8, 0x83, 0xAE, 0x93, 0xA7, 0x0D, 0xB4, 0xD3, 0xC7, 0xD4, 0x02, 
	0xD4, 0x1A, 0x75, 0x05, 0x65, 0xF7, 0xEF, 0x0C, 0xE5, 0x24, 0x9C, 0x34, 0x5A, 0x3F, 0x53, 0x2A, 
	0xDF, 0x1A, 0xDE, 0x17, 0x9E, 0x14, 0xA4, 0x27, 0xA4, 0x34, 0xE7, 0x31, 0x45, 0x2D, 0xA8, 0x3E, 
	0xBD, 0x34, 0xD0, 0x25, 0x0B, 0x21, 0x76, 0x24, 0xE8, 0x3D, 0x92, 0x39, 0xA7, 0x10, 0x3E, 0xDE, 
	0xD0, 0xD6, 0xC0, 0xD0, 0x93, 0xDC, 0xE3, 0xD7, 0x9B, 0xB9, 0x61, 0xB1, 0x6F, 0xB3, 0x8F, 0xC4, 
	0x99, 0xD0, 0x83, 0xE8, 0x88, 0xE3, 0xB6, 0xF7, 0xE4, 0x0C, 0x19, 0x07, 0xCD, 0xFF, 0xDB, 0xF5, 
	0x33, 0x0A, 0xC7, 0x20, 0x40, 0x2E, 0xDB, 0x07, 0x98, 0xF3, 0xD1, 0xF7, 0xE6, 0xFF, 0xE6, 0x1B, 
	0x50, 0x1F, 0xEB, 0x0F, 0x37, 0xF9, 0x83, 0x01, 0x46, 0x04, 0x04, 0x0E, 0xD5, 0x0C, 0xC9, 0x00, 
	0x0C, 0x10, 0xEC, 0x13, 0x35, 0x05, 0x4A, 0xEB, 0x86, 0xEA, 0xEA, 0xF2, 0xCE, 0x11, 0xF2, 0x1C, 
	0xA0, 0x02, 0xC3, 0xEA, 0xF5, 0xE0, 0x01, 0xF5, 0xDD, 0x0C, 0x96, 0x14, 0x9B, 0xF9, 0xD8, 0xE8, 
	0xE2, 0xF0, 0x31, 0xF1, 0x8E, 0xF3, 0x3C, 0xE4, 0x71, 0xE3, 0x94, 0xF5, 0x53, 0x06, 0x48, 0xF5, 
	0xCB, 0xE8, 0x03, 0xEE, 0xC0, 0xFE, 0x33, 0x2F, 0x04, 0x3C, 0x33, 0x38, 0xDC, 0x1A, 0xC9, 0x1A, 
	0x07, 0x24, 0xC5, 0x3F, 0x50, 0x42, 0x81, 0x20, 0x35, 0x06, 0x1D, 0xF8, 0x92, 0xFF, 0x41, 0xF1, 
	0xD4, 0xE5, 0xA4, 0xD5, 0x72, 0xEC, 0x97, 0xEF, 0x56, 0xDB, 0x15, 0xC6, 0xF1, 0xC0, 0x21, 0xDB, 
	0x93, 0xFD, 0x7C, 0x0E, 0x7B, 0xFC, 0x3E, 0xE3, 0xF6, 0xD2, 0xD6, 0xE2, 0xFF, 0x03, 0xB4, 0x0F, 
	0x62, 0x07, 0x69, 0xF8, 0xE9, 0x03, 0x5C, 0x0C, 0x33, 0x14, 0xC9, 0x10, 0x74, 0x12, 0xC4, 0x29, 
	0x9B, 0x2E, 0xEA, 0x1E, 0x6A, 0xF9, 0x22, 0xEF, 0xF5, 0xF9, 0xCB, 0x1A, 0x86, 0x1F, 0x1A, 0x0C, 
	0xCB, 0xE6, 0x51, 0xD3, 0xD0, 0xE4, 0xF5, 0xF6, 0x50, 0x01, 0x99, 0xEE, 0x20, 0xE0, 0x56, 0xDF, 
	0xF4, 0xEC, 0x94, 0xED, 0xC9, 0xEB, 0x68, 0xF4, 0x1D, 0x0C, 0xB6, 0x27, 0xA5, 0x1F, 0xD8, 0x0D, 
	0xAE, 0x09, 0xED, 0x2B, 0x86, 0x53, 0x59, 0x65, 0x0B, 0x5A, 0xEE, 0x36, 0x29, 0x28, 0x4C, 0x2D, 
	0x68, 0x31, 0x03, 0x21, 0x50, 0x01, 0x8C, 0xDC, 0x85, 0xCB, 0x0A, 0xC7, 0xA6, 0xB0, 0xEA, 0xA3, 
	0x7D, 0x9B, 0xCD, 0xAA, 0x6E, 0xBC, 0x50, 0xBC, 0x45, 0xA3, 0x0E, 0xA2, 0x39, 0xCA, 0x60, 0xF0, 
	0x7D, 0x0A, 0xC0, 0x04, 0x02, 0xFB, 0x97, 0xF8, 0x28, 0x13, 0xB7, 0x21, 0xBA, 0x2D, 0x7D, 0x28, 
	0x90, 0x15, 0xFB, 0x1A, 0x2B, 0x2B, 0x62, 0x34, 0x1A, 0x2D, 0xCB, 0x32, 0xBE, 0x40, 0x8F, 0x60, 
	0x32, 0x5B, 0x98, 0x2A, 0xF5, 0x15, 0x0B, 0x23, 0x93, 0x34, 0xA4, 0x27, 0xAE, 0x09, 0xCE, 0xE0, 
	0xC8, 0xCF, 0xEF, 0xCB, 0xF6, 0xC7, 0xC3, 0xCB, 0xE1, 0xC8, 0x61, 0xBB, 0x7A, 0xBF, 0xDE, 0xD8, 
	0x5F, 0xDC, 0x02, 0xDF, 0xB4, 0xE4, 0xF9, 0xF7, 0x21, 0x16, 0x8A, 0x17, 0x4D, 0xF0, 0x0E, 0xE6, 
	0x17, 0xFD, 0x69, 0x0D, 0x1C, 0x12, 0x67, 0x04, 0xCE, 0xF1, 0x24, 0xF7, 0x42, 0x09, 0xD8, 0x11, 
	0xFB, 0x1F, 0x9A, 0x25, 0xB1, 0x1B, 0x2D, 0x1C, 0x90, 0x26, 0x6B, 0x17, 0xC7, 0x0B, 0x4A, 0x03, 
	0x7E, 0x07, 0xFE, 0x13, 0x23, 0x0F, 0x08, 0xE4, 0xBC, 0xD6, 0x01, 0xEC, 0xB6, 0xFC, 0x53, 0x0A, 
	0xF4, 0xFF, 0xCF, 0xEE, 0x65, 0xEF, 0xEB, 0xF7, 0x9C, 0xF0, 0x88, 0xFC, 0x73, 0xF7, 0x12, 0xEA, 
	0xB9, 0xE6, 0x92, 0xEA, 0xFA, 0xDF, 0x07, 0xDB, 0xE3, 0xDD, 0xDE, 0xE2, 0x5C, 0x02, 0x8A, 0x0B, 
	0x2F, 0xF9, 0xC6, 0xF7, 0xA5, 0x1B, 0xC7, 0x32, 0x98, 0x46, 0x7C, 0x40, 0xA9, 0x2B, 0x4E, 0x31, 
	0x16, 0x2E, 0x9B, 0x25, 0x5C, 0x29, 0x16, 0x26, 0xB9, 0x0D, 0x29, 0x0A, 0xFE, 0x00, 0xAC, 0xF2, 
	0x16, 0xEE, 0xAC, 0xE8, 0x33, 0xE5, 0x70, 0xF2, 0x6A, 0xF2, 0x35, 0xD3, 0x43, 0xCB, 0x09, 0xDD, 
	0xA5, 0xEE, 0x56, 0xFA, 0xA1, 0xF4, 0xE0, 0xE0, 0x20, 0xE8, 0x12, 0xE9, 0x50, 0xE1, 0xB3, 0xF0, 
	0xBD, 0x00, 0x90, 0xFD, 0xF8, 0x07, 0x09, 0x10, 0x7A, 0x0F, 0xA3, 0x1A, 0x15, 0x1A, 0x28, 0x1A, 
	0x59, 0x22, 0x6E, 0x1E, 0x2A, 0xFC, 0x81, 0xF0, 0xE3, 0xF6, 0x4B, 0xFE, 0x6B, 0xFF, 0xB1, 0xF5, 
	0x91, 0xE6, 0xDB, 0xE6, 0xEF, 0xE5, 0xA4, 0xDB, 0x6D, 0xF2, 0x90, 0x01, 0xB2, 0xFA, 0xBE, 0xF3, 
	0x80, 0xF8, 0x62, 0xFD, 0xF1, 0x09, 0x36, 0x0F, 0x9D, 0x15, 0x61, 0x2B, 0xB4, 0x2B, 0xB2, 0x19, 
	0xFC, 0x1A, 0xE6, 0x34, 0x45, 0x48, 0xBC, 0x54, 0x87, 0x53, 0x77, 0x4A, 0x39, 0x41, 0x79, 0x2E, 
	0x38, 0x10, 0xE4, 0x07, 0x58, 0xFD, 0x08, 0xDC, 0xC5, 0xC2, 0xBE, 0xB7, 0xF7, 0xA5, 0x8E, 0x9F, 
	0x1C, 0xA2, 0x0C, 0xAA, 0x20, 0xBD, 0x70, 0xB9, 0x9F, 0xAE, 0x67, 0xB7, 0x68, 0xD3, 0xDF, 0xDE, 
	0xED, 0xEC, 0x9D, 0xF6, 0xA6, 0x00, 0x95, 0x02, 0x16, 0xFE, 0xCE, 0x01, 0x00, 0x15, 0x7F, 0x2D, 
	0xB0, 0x29, 0x86, 0x29, 0x2D, 0x34, 0xBA, 0x37, 0x89, 0x3C, 0x86, 0x51, 0x7C, 0x5C, 0x1A, 0x62, 
	0x19, 0x51, 0x18, 0x33, 0xF9, 0x25, 0x6F, 0x23, 0x0C, 0x13, 0x48, 0x06, 0x37, 0xFF, 0x28, 0xF2, 
	0xBF, 0xDC, 0x8A, 0xC6, 0x9F, 0xBD, 0x11, 0xC4, 0x27, 0xD6, 0x23, 0xD4, 0xF5, 0xD1, 0x12, 0xD5, 
	0xFF, 0xD5, 0x28, 0xD9, 0xBD, 0xF2, 0x5B, 0x00, 0x66, 0x07, 0x12, 0x01, 0x06, 0xEB, 0xD1, 0xEC, 
	0x1B, 0xF7, 0xF4, 0xF5, 0xC4, 0xF7, 0x58, 0x04, 0x19, 0x06, 0x21, 0x06, 0x9D, 0x07, 0xE2, 0x13, 
	0x5B, 0x26, 0xC4, 0x37, 0x31, 0x38, 0x20, 0x30, 0x76, 0x29, 0x30, 0x14, 0x5D, 0x01, 0xF5, 0x0E, 
	0x8C, 0x16, 0xA8, 0x07, 0xA7, 0xF4, 0x8D, 0xD9, 0x78, 0xDB, 0x4D, 0xE6, 0xEC, 0xE4, 0xBE, 0xED, 
	0xDB, 0x01, 0x73, 0xFF, 0x91, 0xEC, 0x41, 0xE8, 0xE0, 0xE9, 0x26, 0xED, 0x39, 0xEC, 0xAB, 0xEB, 
	0xD6, 0xE7, 0xEB, 0xE1, 0x0A, 0xCF, 0x9D, 0xC7, 0x04, 0xEA, 0x73, 0x03, 0x56, 0x09, 0xFB, 0x0B, 
	0x59, 0x0F, 0xB9, 0x18, 0x66, 0x29, 0x67, 0x2F, 0x35, 0x3D, 0xCE, 0x4B, 0xD1, 0x3B, 0xF2, 0x22, 
	0x42, 0x1C, 0xED, 0x1E, 0x18, 0x1E, 0x9B, 0x1B, 0xD5, 0x19, 0xCF, 0x13, 0x94, 0x07, 0x1D, 0xEC, 
	0x5C, 0xE3, 0xE4, 0xF8, 0x8B, 0x01, 0xF1, 0xF1, 0x5C, 0xE5, 0x4B, 0xDD, 0xF3, 0xD1, 0x98, 0xD2, 
	0xB2, 0xD6, 0xA6, 0xEF, 0xEC, 0xFB, 0x05, 0xEE, 0xA3, 0xD8, 0x6B, 0xE2, 0x96, 0xEF, 0xDF, 0xF2, 
	0x88, 0xFF, 0x9D, 0x08, 0x39, 0x16, 0x62, 0x09, 0x52, 0xF8, 0xE0, 0xF7, 0xE8, 0x18, 0xA5, 0x1D, 
	0x3F, 0x0F, 0xAB, 0x07, 0xEE, 0xFB, 0xCA, 0xED, 0x27, 0xDF, 0x37, 0xEA, 0x78, 0xF5, 0xE7, 0x05, 
	0x00, 0xEC, 0x60, 0xD9, 0xFC, 0xE2, 0x97, 0xEE, 0x49, 0xF5, 0x60, 0xFC, 0xAD, 0x10, 0x19, 0x15, 
	0xF5, 0x0F, 0x32, 0xF9, 0x3D, 0x08, 0x2B, 0x26, 0x12, 0x30, 0x3B, 0x2B, 0x54, 0x2F, 0x50, 0x36, 
	0x0D, 0x25, 0x74, 0x26, 0x90, 0x3A, 0xC2, 0x5C, 0x8A, 0x62, 0x5A, 0x40, 0x54, 0x25, 0x14, 0x21, 
	0xD2, 0x17, 0x9F, 0xF8, 0xC6, 0xE9, 0x2F, 0xDA, 0xAB, 0xCC, 0xCE, 0xAE, 0x6B, 0x8E, 0xC5, 0x99, 
	0x2B, 0xA9, 0x49, 0xB1, 0xCF, 0xAC, 0xF0, 0xC4, 0xE8, 0xC6, 0xBF, 0xB8, 0x08, 0xB4, 0x76, 0xD1, 
	0x95, 0xFF, 0x31, 0x04, 0x4A, 0xEE, 0xF4, 0xDD, 0x05, 0xFB, 0x1F, 0x06, 0x79, 0x0E, 0x67, 0x20, 
	0x57, 0x36, 0x38, 0x45, 0x8D, 0x3A, 0x72, 0x38, 0xE6, 0x47, 0xD3, 0x61, 0x03, 0x57, 0xFF, 0x52, 
	0x0A, 0x57, 0x6A, 0x46, 0xCD, 0x1E, 0x4A, 0xFB, 0x26, 0x09, 0x59, 0x19, 0x2E, 0x14, 0x70, 0xE7, 
	0xC6, 0xD5, 0x03, 0xD9, 0x22, 0xD4, 0x6C, 0xCE, 0x58, 0xD8, 0xDB, 0xE4, 0xD9, 0xDE, 0xB2, 0xCF, 
	0x43, 0xC3, 0x46, 0xDC, 0xBA, 0xF1, 0x98, 0xEC, 0xAA, 0xED, 0x1C, 0x00, 0x79, 0xFF, 0x57, 0xE4, 
	0x1A, 0xD8, 0x1B, 0xF0, 0x02, 0x18, 0x4E, 0x1C, 0xEB, 0x03, 0xD3, 0x01, 0x37, 0x13, 0x00, 0x1A, 
	0x25, 0x18, 0x89, 0x2F, 0x34, 0x3F, 0x5D, 0x37, 0x05, 0x18, 0x83, 0x03, 0x89, 0x16, 0x5F, 0x1B, 
	0x88, 0x03, 0xD5, 0xF2, 0x26, 0x00, 0xAF, 0xF5, 0xC1, 0xD2, 0xC6, 0xBF, 0xEB, 0xD9, 0x97, 0x02, 
	0x2D, 0xFD, 0xA1, 0xE6, 0xD1, 0xE2, 0x60, 0xF3, 0x1D, 0xE6, 0x4C, 0xDB, 0x8A, 0xEE, 0x7A, 0x01, 
	0x81, 0xF2, 0x44, 0xCE, 0x85, 0xCD, 0x07, 0xF4, 0x1E, 0x08, 0x91, 0xFA, 0x87, 0x06, 0x35, 0x2B, 
	0x5E, 0x2F, 0xD3, 0x13, 0x5D, 0x08, 0x81, 0x2B, 0xA5, 0x4F, 0x8A, 0x40, 0xB4, 0x23, 0xE8, 0x1F, 
	0xD5, 0x27, 0xC6, 0x0B, 0xDF, 0x03, 0x76, 0x1A, 0x6B, 0x31, 0xCA, 0x15, 0x68, 0xEB, 0x48, 0xEC, 
	0xAB, 0x04, 0xDB, 0x08, 0xB7, 0xE6, 0x3B, 0xEA, 0x90, 0xF8, 0xF5, 0xEE, 0xC6, 0xC5, 0x37, 0xBB, 
	0x50, 0xDE, 0x48, 0xF8, 0xC8, 0xEF, 0x17, 0xE0, 0x08, 0xF6, 0x7B, 0x00, 0x74, 0xEF, 0x59, 0xEC, 
	0x8F, 0x0F, 0xCE, 0x26, 0xE9, 0x04, 0x6C, 0xE3, 0xEC, 0xE8, 0x0C, 0x10, 0xF3, 0x09, 0x5A, 0xF0, 
	0x04, 0xF5, 0x93, 0x0B, 0x35, 0xFE, 0x93, 0xD4, 0xA2, 0xD3, 0x50, 0xEC, 0x25, 0x03, 0x6C, 0xE9, 
	0x5E, 0xE7, 0xA2, 0xF7, 0x7A, 0xFC, 0x2A, 0xE5, 0xCF, 0xEA, 0x27, 0x1B, 0x52, 0x2D, 0xA3, 0x15, 
	0x4E, 0xF7, 0xB0, 0x13, 0x65, 0x33, 0x98, 0x2E, 0x96, 0x1E, 0x73, 0x31, 0xD6, 0x4F, 0xFB, 0x3B, 
	0x6C, 0x20, 0xF6, 0x22, 0xB2, 0x43, 0x33, 0x44, 0x03, 0x31, 0x84, 0x31, 0xC8, 0x38, 0x0F, 0x25, 
	0xCC, 0xF4, 0x3E, 0xF3, 0x23, 0xFF, 0xF7, 0xF6, 0x3E, 0xBD, 0xBB, 0x98, 0xDA, 0xA5, 0x1E, 0xB3, 
	0x11, 0xA5, 0xEE, 0x92, 0x50, 0xB6, 0xBA, 0xC9, 0x9C, 0xC2, 0xF9, 0xA9, 0x00, 0xC0, 0x62, 0xDF, 
	0x40, 0xE2, 0x20, 0xE0, 0x02, 0xEC, 0x2C, 0x0A, 0x17, 0xF9, 0xFC, 0xEF, 0xB0, 0x07, 0x6C, 0x3C, 
	0xB1, 0x42, 0x04, 0x2B, 0xCA, 0x27, 0x95, 0x44, 0x16, 0x59, 0x54, 0x3E, 0x62, 0x3C, 0xA9, 0x50, 
	0x38, 0x5E, 0xC4, 0x37, 0x28, 0x18, 0x9A, 0x1C, 0xE2, 0x1F, 0xFB, 0x11, 0x98, 0xF6, 0xF7, 0x03, 
	0x9E, 0x00, 0x96, 0xE8, 0x13, 0xCE, 0x07, 0xE3, 0x00, 0xFF, 0xCB, 0xE8, 0x64, 0xCF, 0xCE, 0xC4, 
	0xA6, 0xE4, 0x73, 0xE2, 0x7E, 0xD3, 0x43, 0xD3, 0xB3, 0xF3, 0xA5, 0xFF, 0x23, 0xEB, 0xF6, 0xE9, 
	0xEE, 0xF8, 0x8A, 0x0E, 0xB6, 0xFB, 0x70, 0xFE, 0x67, 0x0D, 0xD9, 0x16, 0x33, 0x03, 0xBD, 0xF9, 
	0x20, 0x1B, 0xFB, 0x31, 0x03, 0x27, 0xE6, 0x0B, 0x90, 0x17, 0xA9, 0x21, 0xF0, 0x17, 0x88, 0xFE, 
	0x31, 0xF9, 0x58, 0x0B, 0xED, 0xFC, 0x0C, 0xE8, 0x5D, 0xDA, 0x24, 0xEA, 0x8D, 0xE7, 0x08, 0xD9, 
	0xAF, 0xDA, 0x7A, 0xEF, 0x54, 0xF6, 0xC9, 0xDC, 0x3A, 0xDF, 0x71, 0xF3, 0xAF, 0x09, 0xA5, 0xF1, 
	0x3C, 0xEB, 0x91, 0xFD, 0x12, 0x0C, 0xF6, 0x04, 0xF4, 0xF5, 0xC7, 0x06, 0xB4, 0x1A, 0xB2, 0x1E, 
	0x3F, 0x11, 0x46, 0x1B, 0x64, 0x2B, 0x65, 0x27, 0x25, 0x1E, 0x3F, 0x1F, 0x85, 0x32, 0xA5, 0x24, 
	0x73, 0x0A, 0xD1, 0x06, 0x1F, 0x1D, 0x29, 0x21, 0x32, 0x03, 0x7F, 0xFA, 0xBD, 0x06, 0xA6, 0x12, 
	0x05, 0xFC, 0xE5, 0xEC, 0x47, 0xEE, 0xBF, 0xF8, 0xD0, 0xEA, 0x16, 0xD5, 0x61, 0xDC, 0x59, 0xE0, 
	0xE7, 0xDE, 0x98, 0xDC, 0x69, 0xF2, 0xB5, 0xFF, 0xA4, 0xF6, 0x61, 0xE8, 0x2C, 0xF7, 0x45, 0x15, 
	0xBC, 0x0F, 0x9A, 0xF8, 0x32, 0xF2, 0xBE, 0x0C, 0xB1, 0x10, 0xAA, 0xF7, 0xC9, 0xEB, 0x26, 0xF3, 
	0x0E, 0xFD, 0x4F, 0xEA, 0x87, 0xDF, 0x30, 0xE8, 0xE4, 0xED, 0xD0, 0xE0, 0x6E, 0xDD, 0x9E, 0xF2, 
	0x6D, 0xFA, 0x22, 0xF2, 0xAA, 0xE7, 0x77, 0x03, 0xB5, 0x18, 0x18, 0x16, 0x8E, 0x02, 0xA4, 0x0B, 
	0x15, 0x2D, 0x21, 0x35, 0xDB, 0x28, 0x70, 0x22, 0x9A, 0x39, 0x35, 0x3C, 0x87, 0x2F, 0x50, 0x24, 
	0x86, 0x30, 0x34, 0x32, 0x82, 0x20, 0x01, 0x22, 0x37, 0x32, 0x8F, 0x35, 0xC6, 0x16, 0x7E, 0x0B, 
	0x58, 0x1A, 0x41, 0x20, 0x72, 0xFC, 0xCA, 0xCD, 0x3E, 0xCC, 0xA4, 0xD6, 0x92, 0xCC, 0xA0, 0xA6, 
	0xB0, 0xA2, 0x02, 0xB1, 0x06, 0xB4, 0x7B, 0xA5, 0xCD, 0xA5, 0x18, 0xC2, 0x4B, 0xC5, 0x1B, 0xC1, 
	0x33, 0xC9, 0xA6, 0xF0, 0x0F, 0xF6, 0x9F, 0xE9, 0x0A, 0xF3, 0xE4, 0x1B, 0x9E, 0x33, 0xAD, 0x19, 
	0xBD, 0x09, 0x08, 0x1A, 0xDB, 0x39, 0x51, 0x36, 0xFF, 0x2C, 0x58, 0x36, 0x42, 0x46, 0xB2, 0x47, 
	0x7F, 0x35, 0xE8, 0x33, 0xDC, 0x34, 0xC6, 0x2D, 0x3E, 0x18, 0x88, 0x19, 0x3E, 0x26, 0x8C, 0x14, 
	0x01, 0xF2, 0xD7, 0xE8, 0xB4, 0x09, 0x0C, 0x0A, 0x11, 0xED, 0x49, 0xCF, 0xF3, 0xDD, 0x7B, 0xEA, 
	0x80, 0xE3, 0x59, 0xD6, 0x60, 0xD5, 0xE3, 0xEA, 0xD7, 0xEB, 0x47, 0xEE, 0xC9, 0xEF, 0xCD, 0xFE, 
	0x6E, 0xF4, 0x54, 0xEF, 0x0A, 0xFC, 0x50, 0x08, 0x87, 0x02, 0xA2, 0xE7, 0xC6, 0xF6, 0x64, 0x16, 
	0x79, 0x28, 0xEE, 0x0A, 0x6B, 0xFA, 0xD3, 0x0B, 0x86, 0x18, 0x1E, 0x13, 0xBD, 0xFE, 0x2E, 0x02, 
	0x9B, 0x03, 0x85, 0x05, 0x21, 0xF6, 0xD0, 0xF3, 0xDE, 0xF1, 0x8D, 0xE0, 0xCB, 0xDC, 0x8A, 0xE1, 
	0x00, 0xF6, 0xCF, 0xE5, 0x12, 0xD5, 0x15, 0xDB, 0x8A, 0x03, 0x8A, 0x15, 0x48, 0x00, 0x7F, 0xF7, 
	0xF3, 0x05, 0x35, 0x1D, 0x01, 0x10, 0xE6, 0x04, 0xC1, 0x01, 0x4B, 0x11, 0xEB, 0x15, 0x75, 0x11, 
	0x35, 0x1F, 0x4B, 0x1F, 0xC6, 0x14, 0x96, 0x0C, 0x22, 0x21, 0xBA, 0x2D, 0x87, 0x1D, 0xCC, 0xFF, 
	0xAB, 0x01, 0xD4, 0x26, 0xCC, 0x22, 0x45, 0x05, 0x29, 0xF0, 0x01, 0x02, 0xE8, 0x08, 0xEB, 0xFB, 
	0x9E, 0xEE, 0xD6, 0xEC, 0x24, 0xF7, 0xEA, 0xEA, 0x3B, 0xEA, 0xE1, 0xEF, 0x09, 0xF1, 0xA5, 0xDC, 
	0x38, 0xE1, 0x93, 0xF6, 0x1E, 0x00, 0xA5, 0xF4, 0xB0, 0xDA, 0x97, 0xE7, 0x81, 0x03, 0x11, 0x10, 
	0x56, 0xFC, 0x50, 0xFB, 0xF1, 0x05, 0x98, 0x12, 0xD1, 0x10, 0xA2, 0xFF, 0xCD, 0xF6, 0xB7, 0xF0, 
	0xE0, 0xEC, 0x06, 0xE9, 0x3F, 0xF5, 0xEB, 0xE6, 0x60, 0xD1, 0x64, 0xD5, 0x19, 0xEB, 0x61, 0xF9, 
	0xE4, 0xED, 0x0D, 0xDD, 0xE4, 0xE7, 0x47, 0x0D, 0x93, 0x1A, 0x3C, 0x0E, 0x26, 0x0C, 0x03, 0x19, 
	0xF4, 0x2B, 0xC8, 0x35, 0xCE, 0x2A, 0x06, 0x23, 0x75, 0x25, 0x88, 0x25, 0xB1, 0x2C, 0xC2, 0x35, 
	0x49, 0x25, 0x79, 0x11, 0x5E, 0x18, 0x08, 0x33, 0x5C, 0x3D, 0xEF, 0x2E, 0xA1, 0x12, 0xA4, 0x0D, 
	0xA9, 0x24, 0xC0, 0x22, 0xAC, 0x04, 0xE1, 0xEC, 0x35, 0xE7, 0xE7, 0xE4, 0x46, 0xDF, 0x5F, 0xBF, 
	0xF0, 0xA5, 0x83, 0xA1, 0x83, 0xA3, 0x2F, 0xB2, 0xEC, 0xBB, 0x78, 0xAE, 0xB1, 0x9C, 0x54, 0xB2, 
	0xD5, 0xDA, 0xBD, 0xF7, 0x18, 0xF5, 0x99, 0xE8, 0x37, 0xF5, 0xF4, 0x14, 0xE0, 0x1B, 0xC9, 0x07, 
	0x92, 0x04, 0xBE, 0x0D, 0x0E, 0x21, 0x8B, 0x2E, 0x8C, 0x28, 0x02, 0x1E, 0x91, 0x28, 0x0B, 0x33, 
	0xE9, 0x46, 0x37, 0x4F, 0x08, 0x37, 0xA1, 0x1A, 0x93, 0x1E, 0xC8, 0x35, 0x3A, 0x3C, 0x90, 0x25, 
	0xB1, 0x01, 0x0D, 0x00, 0xF2, 0x09, 0x63, 0x07, 0x95, 0xEC, 0x90, 0xE3, 0xBE, 0xE5, 0x27, 0xEE, 
	0xB0, 0xF9, 0x18, 0xEF, 0x81, 0xDE, 0xE9, 0xD9, 0x49, 0xE5, 0xB3, 0xF8, 0x9C, 0x05, 0xCE, 0xEA, 
	0x77, 0xD0, 0x86, 0xDC, 0x88, 0xFB, 0x2C, 0x0D, 0x86, 0xFD, 0x01, 0xED, 0xD5, 0xF9, 0x00, 0x14, 
	0xF3, 0x17, 0x35, 0x03, 0x52, 0xF8, 0xE9, 0xFA, 0x8C, 0x04, 0x88, 0x0A, 0x75, 0x03, 0x87, 0xEF, 
	0x7F, 0xE8, 0x8F, 0xEC, 0x40, 0x01, 0xDC, 0x0C, 0x43, 0xEF, 0xA8, 0xD2, 0x3F, 0xDB, 0x91, 0xF9, 
	0x60, 0x02, 0xCE, 0xF0, 0x45, 0xE1, 0x77, 0xF8, 0x57, 0x14, 0xF9, 0x11, 0x98, 0x05, 0x68, 0x00, 
	0x07, 0x0A, 0x99, 0x0C, 0xFB, 0x16, 0x5F, 0x15, 0x1F, 0x06, 0xCA, 0xFB, 0x70, 0x06, 0xD7, 0x25, 
	0xEA, 0x30, 0xC1, 0x1A, 0x25, 0xFC, 0xAA, 0x0F, 0x4C, 0x28, 0xE1, 0x29, 0x09, 0x0E, 0xC2, 0x01, 
	0x3A, 0x12, 0x31, 0x1D, 0xB6, 0x10, 0x37, 0xF7, 0x47, 0xF1, 0xDE, 0xEB, 0xC4, 0xED, 0x4C, 0xF5, 
	0xD0, 0xF9, 0xC8, 0xE9, 0xF2, 0xD8, 0x76, 0xEA, 0x6C, 0x09, 0xCD, 0x16, 0x0B, 0xF9, 0x39, 0xE0, 
	0xA4, 0xED, 0x0D, 0x09, 0x32, 0xFF, 0x38, 0xE2, 0x98, 0xE0, 0x5A, 0xF2, 0x41, 0x07, 0x79, 0xFE, 
	0x8A, 0xFB, 0xB6, 0xFC, 0x01, 0x06, 0xC2, 0x0E, 0x6D, 0x1A, 0xEA, 0x1B, 0xA6, 0xF9, 0xFB, 0xDC, 
	0xED, 0xE2, 0x6C, 0xFD, 0xDE, 0xF8, 0xC5, 0xDB, 0x1E, 0xC2, 0xEC, 0xD4, 0xC3, 0xF1, 0x39, 0xE8, 
	0x6F, 0xD9, 0x0F, 0xE0, 0x13, 0xFB, 0xA2, 0x0B, 0x5A, 0x12, 0xAC, 0x0E, 0x61, 0x10, 0x37, 0x14, 
	0xC6, 0x1B, 0xD2, 0x2F, 0x49, 0x30, 0x3A, 0x17, 0xDB, 0x00, 0x51, 0x17, 0xE6, 0x32, 0x69, 0x35, 
	0xBB, 0x20, 0x67, 0x18, 0x4E, 0x2D, 0x3E, 0x45, 0x5D, 0x39, 0x0E, 0x24, 0xD2, 0x26, 0x06, 0x2A, 
	0xD2, 0x29, 0xFA, 0x1D, 0x40, 0x0B, 0xD6, 0xF6, 0x9B, 0xE9, 0x5A, 0xE2, 0x08, 0xE8, 0x3C, 0xD9, 
	0xD7, 0xB1, 0x17, 0x98, 0x4E, 0xA5, 0x4B, 0xB7, 0x14, 0xB4, 0x74, 0xA8, 0x4C, 0xAA, 0x60, 0xC2, 
	0x9A, 0xDB, 0x8A, 0xDC, 0x99, 0xDB, 0x12, 0xEA, 0x40, 0xF5, 0x6A, 0x02, 0xAE, 0x0A, 0x51, 0xFF, 
	0xB2, 0xF5, 0xB4, 0xFC, 0xAF, 0x0D, 0xF7, 0x27, 0x06, 0x2D, 0x23, 0x1E, 0x3B, 0x1F, 0xAF, 0x38, 
	0xD7, 0x46, 0xCB, 0x42, 0x96, 0x37, 0x2D, 0x30, 0x24, 0x38, 0xD7, 0x3C, 0xED, 0x2C, 0xCB, 0x15, 
	0x74, 0x12, 0xF7, 0x0A, 0xC2, 0x0F, 0x28, 0x0D, 0x83, 0xF5, 0xE8, 0xE7, 0x1F, 0xEB, 0xD0, 0xFB, 
	0x58, 0x03, 0x72, 0xFE, 0xEF, 0xDF, 0x06, 0xDD, 0xFA, 0xE3, 0xAA, 0xED, 0xE0, 0xE7, 0xC9, 0xDE, 
	0xE5, 0xDA, 0xBB, 0xE5, 0xB3, 0xF8, 0x97, 0xF5, 0xC3, 0xF8, 0x2E, 0xFE, 0xCD, 0x0B, 0x9B, 0x18, 
	0x09, 0x21, 0x37, 0x05, 0x1D, 0xF1, 0x7B, 0xF2, 0x6D, 0xFA, 0xFC, 0x00, 0x8C, 0xF2, 0x89, 0xDD, 
	0xF8, 0xD9, 0x9A, 0xE9, 0x62, 0xEF, 0xA2, 0xF2, 0x41, 0xF3, 0x24, 0xED, 0x73, 0xF7, 0x8F, 0x04, 
	0x6C, 0x02, 0x82, 0xFA, 0x0F, 0xFD, 0x8B, 0x04, 0x4F, 0x14, 0x60, 0x18, 0xA8, 0xFF, 0xE2, 0xF8, 
	0x10, 0x03, 0x94, 0x10, 0xB2, 0x13, 0x7E, 0x0F, 0x94, 0xFE, 0x3F, 0x01, 0x57, 0x12, 0xD7, 0x19, 
	0xC3, 0x23, 0xBB, 0x1A, 0x3B, 0x0F, 0x9C, 0x15, 0x55, 0x24, 0x81, 0x17, 0x6F, 0x06, 0x78, 0x05, 
	0xF0, 0x07, 0xCE, 0x13, 0x4E, 0x03, 0xE8, 0xE7, 0x0D, 0xDD, 0xA0, 0xEA, 0xF5, 0xEF, 0x7F, 0xF4, 
	0x66, 0xF5, 0x5C, 0xE4, 0x62, 0xEE, 0x06, 0xFA, 0xEA, 0x09, 0x7F, 0x0F, 0x10, 0x0E, 0x34, 0xF9, 
	0x14, 0x05, 0x9E, 0x0F, 0xFC, 0xFF, 0xB4, 0xEE, 0xFE, 0xE8, 0x15, 0xFA, 0xED, 0x04, 0xB9, 0x08, 
	0x4D, 0xF5, 0xF1, 0xFC, 0xE6, 0x0B, 0x9F, 0x13, 0xFB, 0x14, 0xDE, 0x07, 0x66, 0xF0, 0x60, 0xE1, 
	0xCA, 0xE6, 0xCC, 0xE5, 0x58, 0xE6, 0x62, 0xD5, 0xE4, 0xC0, 0x3D, 0xD4, 0x58, 0xEA, 0xC6, 0xE9, 
	0x3F, 0xDE, 0xBD, 0xE5, 0x68, 0xFC, 0x92, 0x15, 0x76, 0x13, 0x28, 0xFE, 0x66, 0x03, 0xC2, 0x0E, 
	0x1A, 0x1C, 0x05, 0x1D, 0xCB, 0x1A, 0x40, 0x06, 0xEC, 0x07, 0x2C, 0x1A, 0x57, 0x29, 0xAB, 0x3A, 
	0x89, 0x2F, 0xB5, 0x2C, 0x09, 0x3D, 0x76, 0x5A, 0x41, 0x46, 0x0B, 0x31, 0xCD, 0x24, 0xE4, 0x2A, 
	0xA5, 0x33, 0x71, 0x16, 0xCE, 0xFB, 0x34, 0xEA, 0x49, 0xEF, 0xAE, 0xE5, 0x32, 0xE4, 0x9C, 0xD5, 
	0x93, 0xB8, 0xB7, 0xAF, 0x39, 0xB6, 0xF6, 0xC3, 0x11, 0xC0, 0xBF, 0xB6, 0x87, 0xAA, 0xC7, 0xC3, 
	0xFB, 0xDB, 0xF5, 0xD7, 0x13, 0xD3, 0xD2, 0xD3, 0xC2, 0xE9, 0x13, 0xF8, 0x40, 0xF8, 0xBA, 0xE8, 
	0x2D, 0xF1, 0xDA, 0x03, 0x64, 0x15, 0x79, 0x28, 0xF0, 0x2B, 0xDA, 0x27, 0x14, 0x21, 0xB4, 0x37, 
	0x2E, 0x45, 0xBB, 0x49, 0x8B, 0x3B, 0xE0, 0x28, 0x49, 0x2F, 0x5B, 0x33, 0xF2, 0x29, 0x48, 0x0F, 
	0x79, 0x0A, 0xA3, 0x0B, 0xC6, 0x14, 0x93, 0x08, 0xA0, 0xF3, 0x04, 0xF5, 0x90, 0xFA, 0x7B, 0x07, 
	0xE2, 0x00, 0x98, 0xFB, 0x62, 0xE0, 0xC8, 0xDA, 0x86, 0xE2, 0xC1, 0xEB, 0x9A, 0xEA, 0xD0, 0xDC, 
	0xA5, 0xD9, 0xDF, 0xDF, 0xBF, 0xFD, 0x20, 0x00, 0x99, 0x08, 0x8D, 0x0B, 0xD5, 0x14, 0xD6, 0x1B, 
	0xD1, 0x16, 0x55, 0x06, 0x4F, 0xF5, 0xB8, 0xFA, 0x25, 0xF7, 0x5E, 0xF7, 0x50, 0xE6, 0x1F, 0xD4, 
	0x3C, 0xD0, 0xC4, 0xDF, 0x16, 0xF4, 0xB2, 0xF5, 0x31, 0xF8, 0x51, 0xEE, 0xFA, 0xF9, 0xC0, 0x09, 
	0xBC, 0x0D, 0x26, 0x07, 0xEC, 0x02, 0x6E, 0x06, 0x99, 0x07, 0x60, 0x10, 0x98, 0xFD, 0x13, 0xFC, 
	0x57, 0xFE, 0x5C, 0x0D, 0xDC, 0x16, 0xAC, 0x0F, 0x25, 0x01, 0x62, 0xFB, 0x47, 0x18, 0x70, 0x1F, 
	0xB0, 0x22, 0x5B, 0x10, 0xF5, 0x08, 0xA1, 0x03, 0x49, 0x0F, 0x7C, 0x12, 0x49, 0x07, 0xB0, 0x01, 
	0x81, 0xEF, 0x13, 0xFC, 0x0B, 0xFA, 0x81, 0xEF, 0x5D, 0xDE, 0xAB, 0xEA, 0xBB, 0xFD, 0xF1, 0x05, 
	0x47, 0xFF, 0x45, 0xE9, 0x34, 0xF5, 0x81, 0x06, 0x76, 0x18, 0x58, 0x17, 0xF7, 0x12, 0x72, 0x06, 
	0xA1, 0xFF, 0xAD, 0x0A, 0x5C, 0x0C, 0xA7, 0x0F, 0x7A, 0x00, 0x3A, 0xFC, 0x2D, 0x05, 0xAD, 0x13, 
	0x10, 0x07, 0xBA, 0xF6, 0x25, 0x03, 0x12, 0x0A, 0x85, 0x0A, 0x33, 0xEC, 0xE3, 0xD7, 0x9A, 0xD3, 
	0xC4, 0xDB, 0xFF, 0xD5, 0x12, 0xD1, 0xF5, 0xD4, 0x06, 0xC9, 0xB4, 0xCB, 0x43, 0xD6, 0x9F, 0xEF, 
	0xC0, 0xFC, 0xB3, 0xFD, 0xC2, 0xF8, 0x47, 0x03, 0xE5, 0x13, 0x4B, 0x03, 0x2E, 0xFD, 0x52, 0x04, 
	0x1D, 0x16, 0x0E, 0x14, 0xF8, 0x08, 0x73, 0x01, 0x50, 0x0C, 0xDE, 0x25, 0xF7, 0x2C, 0x0C, 0x43, 
	0x87, 0x49, 0xB3, 0x46, 0xB3, 0x39, 0xB2, 0x41, 0x12, 0x47, 0x32, 0x43, 0xD2, 0x33, 0xAB, 0x19, 
	0x2B, 0x18, 0x1D, 0x0E, 0x17, 0xFA, 0x0F, 0xE6, 0x34, 0xE9, 0x60, 0xEA, 0xAF, 0xE2, 0x14, 0xD0, 
	0x23, 0xBF, 0x96, 0xC2, 0x7C, 0xC9, 0xBB, 0xC9, 0x9C, 0xD2, 0x61, 0xD4, 0x79, 0xC5, 0xD6, 0xBB, 
	0x63, 0xC6, 0x74, 0xD5, 0x8B, 0xDF, 0xCB, 0xDC, 0x2E, 0xD2, 0x67, 0xDF, 0x96, 0xEC, 0xFC, 0xED, 
	0x57, 0xF5, 0xE0, 0x0D, 0x6D, 0x1E, 0x97, 0x28, 0x63, 0x24, 0x49, 0x1D, 0xA4, 0x27, 0x9D, 0x34, 
	0x52, 0x3A, 0xCF, 0x41, 0x5B, 0x44, 0x6A, 0x29, 0xAE, 0x17, 0xFA, 0x15, 0xEB, 0x1A, 0xEF, 0x1B, 
	0xC3, 0x0D, 0x86, 0xFE, 0xE0, 0x00, 0x65, 0x03, 0x21, 0xF9, 0xD1, 0xF9, 0x99, 0x05, 0xB2, 0x09, 
	0x28, 0x07, 0xEF, 0xF5, 0x14, 0xE3, 0x3F, 0xE0, 0x2D, 0xE4, 0x83, 0xE5, 0x25, 0xEF, 0x66, 0xF8, 
	0x49, 0xE9, 0xA7, 0xE8, 0x55, 0xF9, 0xB5, 0x10, 0x5D, 0x1B, 0xFC, 0x14, 0x59, 0x0C, 0x97, 0x0C, 
	0xF7, 0x0D, 0x19, 0xF9, 0x98, 0xF9, 0x4C, 0xFC, 0x65, 0x01, 0x74, 0xF7, 0x63, 0xE7, 0x1E, 0xDA, 
	0x3E, 0xDA, 0x5B, 0xE9, 0xE2, 0xE8, 0x21, 0xFE, 0xF5, 0x01, 0x1A, 0xF8, 0x07, 0xED, 0x03, 0xFD, 
	0xC3, 0x0B, 0xE3, 0x10, 0x2B, 0x09, 0xD7, 0xF9, 0x98, 0x02, 0x08, 0xFE, 0x62, 0xF5, 0x7C, 0xF6, 
	0x7A, 0x0D, 0x13, 0x19, 0x59, 0x18, 0x97, 0x12, 0xD5, 0x05, 0x46, 0x08, 0x51, 0x06, 0xC3, 0x08, 
	0xF0, 0x0F, 0xA8, 0x0F, 0x36, 0xF9, 0xC7, 0xE9, 0xCC, 0xF5, 0x06, 0xFF, 0xCA, 0x06, 0x7B, 0xF9, 
	0x62, 0xF3, 0x17, 0xF9, 0x14, 0xF9, 0x5F, 0xED, 0x0D, 0xEF, 0xC7, 0x04, 0x11, 0x0C, 0x71, 0x13, 
	0x77, 0x0E, 0xB8, 0x0D, 0x3A, 0x0B, 0x30, 0x0D, 0xDD, 0x14, 0x27, 0x20, 0x11, 0x20, 0x9A, 0x03, 
	0xCB, 0xFB, 0x76, 0x03, 0xF9, 0x17, 0x7A, 0x19, 0xDC, 0x12, 0xED, 0x10, 0xBB, 0x14, 0x85, 0x10, 
	0xFD, 0xF5, 0x92, 0xF5, 0xB8, 0xF7, 0x06, 0xFD, 0xE3, 0xF1, 0x76, 0xE1, 0x00, 0xCE, 0xBF, 0xBD, 
	0x7D, 0xBD, 0x5D, 0xC3, 0xCF, 0xD9, 0xC6, 0xD5, 0x2E, 0xC5, 0xCD, 0xC2, 0x36, 0xD9, 0xAB, 0xF4, 
	0x8A, 0x00, 0x93, 0x08, 0xC3, 0x0D, 0xAF, 0x19, 0xAF, 0x0D, 0x50, 0xFC, 0x60, 0xF8, 0x22, 0x03, 
	0x07, 0x0F, 0xF1, 0x10, 0x89, 0x13, 0x2B, 0x0B, 0x71, 0x0E, 0xC4, 0x17, 0x59, 0x38, 0x7D, 0x54, 
	0xFC, 0x50, 0x84, 0x3A, 0xE0, 0x2D, 0x33, 0x3A, 0x06, 0x3C, 0xD2, 0x36, 0x5B, 0x28, 0x37, 0x23, 
	0x05, 0x1C, 0x3F, 0x02, 0x5D, 0xED, 0xD5, 0xE0, 0xF6, 0xED, 0x53, 0xEB, 0x84, 0xE8, 0x31, 0xDA, 
	0xC8, 0xCA, 0x41, 0xBF, 0xD1, 0xBF, 0xC4, 0xE0, 0xF1, 0xF4, 0x29, 0xED, 0x15, 0xC5, 0xC0, 0xC1, 
	0x40, 0xCD, 0xBC, 0xD6, 0xB3, 0xD6, 0x50, 0xD9, 0xB5, 0xEB, 0x1A, 0xEF, 0xC5, 0xEA, 0xFE, 0xE4, 
	0xDD, 0xF6, 0x9A, 0x0C, 0x00, 0x1C, 0xE8, 0x26, 0x88, 0x25, 0x9C, 0x1F, 0x7D, 0x0D, 0xE2, 0x18, 
	0x1A, 0x35, 0x7D, 0x4C, 0x4B, 0x3A, 0x58, 0x14, 0x43, 0x0B, 0xB7, 0x0B, 0x58, 0x10, 0xD6, 0xFE, 
	0x5B, 0x01, 0xF6, 0x07, 0x97, 0x08, 0x93, 0xF6, 0x7F, 0xF1, 0x2D, 0xFE, 0xBF, 0x06, 0x9B, 0x0E, 
	0x6F, 0x07, 0x9E, 0x04, 0x99, 0xED, 0x55, 0xD6, 0x85, 0xD9, 0xC5, 0xF9, 0x8F, 0x13, 0xEB, 0x05, 
	0xEA, 0xF3, 0x27, 0xF3, 0xE1, 0x08, 0x18, 0x0A, 0x32, 0x06, 0x31, 0x0F, 0x61, 0x1B, 0x02, 0x13, 
	0xB4, 0xF3, 0xD6, 0xF1, 0x66, 0xF5, 0x9B, 0x00, 0x61, 0x01, 0xB7, 0x06, 0x2F, 0x03, 0xF5, 0xED, 
	0xBF, 0xD5, 0xD8, 0xD8, 0xCE, 0xFF, 0xDE, 0x0F, 0xFC, 0x06, 0x58, 0xF2, 0x21, 0xF8, 0x4B, 0x02, 
	0xD0, 0xFA, 0x00, 0xF5, 0x14, 0xFE, 0x05, 0x12, 0x50, 0xFD, 0x99, 0xEA, 0x03, 0xEC, 0x4D, 0x02, 
	0x07, 0x0D, 0x5E, 0x11, 0x74, 0x1E, 0x6B, 0x1C, 0x2A, 0x08, 0xB7, 0xE2, 0x26, 0xEA, 0xE4, 0x01, 
	0x3F, 0x0A, 0x16, 0xF4, 0x84, 0xE2, 0x3B, 0xE9, 0x8F, 0xEB, 0xCE, 0xE6, 0x83, 0xE5, 0xFF, 0x03, 
	0x3D, 0x15, 0xE3, 0x01, 0xC3, 0xED, 0x49, 0xF9, 0x08, 0x14, 0x4E, 0x1B, 0xF3, 0x23, 0xB6, 0x31, 
	0xE8, 0x3D, 0x51, 0x22, 0xCA, 0x02, 0x3F, 0x0C, 0x3B, 0x26, 0xC7, 0x29, 0x17, 0x0D, 0xBE, 0x05, 
	0xA2, 0x07, 0x59, 0x0A, 0xD4, 0xFC, 0xD3, 0x02, 0xF3, 0x20, 0xA7, 0x29, 0xB1, 0x0A, 0xAF, 0xED, 
	0x36, 0xF6, 0xB4, 0xF9, 0x2E, 0xF3, 0x89, 0xE3, 0x61, 0xEB, 0x1A, 0xEA, 0x53, 0xC4, 0x08, 0xA3, 
	0xC6, 0xB0, 0x60, 0xD4, 0xD7, 0xD2, 0xB3, 0xC4, 0x93, 0xC7, 0x00, 0xDE, 0x31, 0xE6, 0xFB, 0xE3, 
	0x48, 0xF9, 0x20, 0x25, 0x7C, 0x31, 0xA9, 0x0C, 0x77, 0xFC, 0x23, 0x07, 0x58, 0x0F, 0xE3, 0x05, 
	0x8B, 0x05, 0xF4, 0x19, 0x8C, 0x26, 0x8C, 0x0B, 0x7D, 0xF9, 0xE4, 0x1A, 0x0C, 0x3E, 0x84, 0x3D, 
	0x19, 0x2D, 0x0C, 0x35, 0x4A, 0x40, 0x7E, 0x2D, 0x89, 0x14, 0x4F, 0x1F, 0xDC, 0x40, 0x48, 0x34, 
	0x88, 0x04, 0x26, 0xEE, 0x90, 0xF9, 0x82, 0xF9, 0x80, 0xE6, 0xEE, 0xE1, 0x20, 0xF3, 0x8A, 0xF8, 
	0xFA, 0xCF, 0x8B, 0xBD, 0xE4, 0xDB, 0x2D, 0xF7, 0x55, 0xEA, 0x61, 0xD7, 0x3F, 0xE2, 0xE2, 0xE7, 
	0x36, 0xD0, 0x7A, 0xB9, 0x24, 0xDB, 0xA5, 0x07, 0x95, 0xFE, 0x07, 0xDA, 0xA8, 0xDD, 0x95, 0x02, 
	0xDD, 0x06, 0x92, 0xFF, 0xCB, 0x08, 0x4D, 0x2C, 0x52, 0x2D, 0xF8, 0x07, 0x6C, 0xFC, 0x4B, 0x1F, 
	0xC1, 0x2F, 0x15, 0x1A, 0xEF, 0x0F, 0x5B, 0x1A, 0x93, 0x1B, 0xE7, 0xF0, 0x2D, 0xDD, 0x0B, 0xFE, 
	0x02, 0x25, 0xF3, 0x0F, 0x20, 0xEC, 0x02, 0xF3, 0x42, 0x0D, 0x4C, 0x0A, 0xE0, 0xF5, 0x13, 0x04, 
	0xAD, 0x18, 0xAD, 0x0D, 0x45, 0xE5, 0xCF, 0xE0, 0x8C, 0x02, 0x67, 0x0B, 0xD4, 0xFC, 0xB8, 0xFC, 
	0x13, 0x13, 0xCA, 0x12, 0x93, 0xF1, 0x2E, 0xE6, 0x9D, 0x0E, 0x69, 0x2B, 0xBA, 0x0F, 0x61, 0xF0, 
	0x01, 0xF5, 0x26, 0x0B, 0x3B, 0xFE, 0x9F, 0xEF, 0xC2, 0x00, 0x47, 0x18, 0x3D, 0x05, 0x81, 0xE1, 
	0x47, 0xE9, 0x4D, 0x05, 0xDD, 0x08, 0x28, 0xF6, 0x80, 0xFF, 0x38, 0x14, 0x8C, 0x0A, 0x66, 0xE1, 
	0xE8, 0xDA, 0xC1, 0x01, 0xFD, 0x13, 0xDE, 0xF9, 0xFF, 0xE3, 0x9A, 0xF3, 0xFA, 0x01, 0x8C, 0xFA, 
	0x58, 0xF6, 0xE1, 0x0E, 0x00, 0x1D, 0x23, 0x01, 0xAA, 0xE5, 0xCD, 0xEC, 0xC3, 0xFC, 0xAD, 0xEE, 
	0xE5, 0xDB, 0xB7, 0xE5, 0xA7, 0xF6, 0xEC, 0xE7, 0xC2, 0xC9, 0x6E, 0xD2, 0x48, 0xFA, 0xF0, 0x10, 
	0x89, 0x01, 0xD3, 0xFF, 0xE9, 0x14, 0x3D, 0x2A, 0xF5, 0x29, 0x75, 0x2C, 0xD9, 0x47, 0xE8, 0x4E, 
	0x56, 0x33, 0x10, 0x19, 0x26, 0x23, 0xA6, 0x25, 0x6F, 0x14, 0xB7, 0x03, 0xDA, 0x0E, 0x34, 0x1B, 
	0x5C, 0x01, 0xFD, 0xE2, 0x82, 0xEF, 0x14, 0x15, 0xFF, 0x18, 0xDB, 0x01, 0x7A, 0xF9, 0xA1, 0x00, 
	0x05, 0xFB, 0x60, 0xE8, 0x9A, 0xE5, 0xF6, 0xF4, 0x86, 0xED, 0x9F, 0xC6, 0x21, 0xB5, 0xA8, 0xC3, 
	0xAF, 0xC6, 0x87, 0xBB, 0x3B, 0xBD, 0x92, 0xD9, 0xA0, 0xEF, 0x67, 0xE5, 0xD4, 0xDA, 0xE8, 0xF1, 
	0x43, 0x13, 0xAF, 0x1A, 0xB2, 0x11, 0x30, 0x12, 0x66, 0x15, 0x28, 0x0E, 0x57, 0x03, 0xA4, 0x0D, 
	0xE1, 0x22, 0xAB, 0x1E, 0xE0, 0x03, 0x06, 0x01, 0xD8, 0x15, 0xF5, 0x1B, 0x2A, 0x18, 0x65, 0x1B, 
	0x53, 0x2F, 0x80, 0x36, 0x97, 0x24, 0xE2, 0x13, 0x5D, 0x20, 0x30, 0x2D, 0xE4, 0x24, 0xFF, 0x14, 
	0x33, 0x0E, 0x11, 0x07, 0x84, 0xF6, 0x05, 0xEC, 0x72, 0xF8, 0x8D, 0x0A, 0x01, 0x01, 0xAC, 0xE5, 
	0x1B, 0xE0, 0xED, 0xEB, 0x4B, 0xE6, 0x7C, 0xE1, 0xB4, 0xE3, 0x32, 0xF1, 0xA6, 0xEB, 0x1C, 0xD5, 
	0x63, 0xCB, 0x56, 0xE0, 0x00, 0xEE, 0xDC, 0xE9, 0x46, 0xED, 0xBB, 0xF5, 0x79, 0xFA, 0xC8, 0xF3, 
	0xFF, 0xF8, 0x57, 0x0D, 0x38, 0x23, 0x3D, 0x1B, 0xF6, 0x07, 0xED, 0x07, 0xDD, 0x0D, 0xAF, 0x07, 
	0x53, 0x02, 0xED, 0x08, 0x36, 0x0C, 0x65, 0x05, 0x12, 0xF2, 0x8D, 0xEF, 0xA2, 0x03, 0x5B, 0x0D, 
	0xAF, 0x08, 0x84, 0x08, 0x20, 0x0E, 0xE0, 0x06, 0xD7, 0xFC, 0x51, 0xFC, 0x18, 0x0D, 0x15, 0x19, 
	0xC9, 0x0B, 0x7F, 0xFD, 0x66, 0xFE, 0x29, 0x03, 0x66, 0xFA, 0x5C, 0xFC, 0xC9, 0x0A, 0x35, 0x12, 
	0x15, 0x08, 0x1B, 0xF4, 0x2D, 0xF6, 0xD5, 0x07, 0x15, 0x0E, 0x43, 0x02, 0xDE, 0x06, 0x94, 0x09, 
	0x6B, 0xFF, 0xB7, 0xF4, 0xBF, 0xF4, 0xE6, 0x04, 0x23, 0x0E, 0x7B, 0x09, 0xBE, 0xFE, 0x28, 0x05, 
	0x18, 0x01, 0x3A, 0xFB, 0x2F, 0x01, 0x88, 0x0E, 0xC2, 0x0F, 0x2F, 0xFD, 0xD9, 0xEB, 0x24, 0xE7, 
	0x2C, 0xFB, 0xE9, 0xFA, 0x4A, 0xF2, 0x23, 0xF6, 0x12, 0xFD, 0xEA, 0xF3, 0xBF, 0xE9, 0x33, 0xEF, 
	0xDC, 0xFC, 0xAB, 0x0C, 0xA1, 0xFF, 0x69, 0xF8, 0x8F, 0xF4, 0x76, 0xEA, 0xBE, 0xDC, 0xF4, 0xE1, 
	0xD5, 0xF1, 0x24, 0xEF, 0x5B, 0xDD, 0x69, 0xC5, 0x9C, 0xD1, 0x86, 0xEA, 0x6F, 0xFA, 0xFE, 0xFC, 
	0x34, 0x13, 0x5A, 0x2A, 0x5D, 0x2B, 0x26, 0x2E, 0x96, 0x34, 0xA9, 0x47, 0x17, 0x50, 0xBC, 0x44, 
	0xB0, 0x36, 0x3C, 0x31, 0xA3, 0x1C, 0x64, 0x04, 0xEF, 0x0D, 0xE3, 0x19, 0x7E, 0x15, 0xB6, 0xF9, 
	0x2A, 0xE8, 0x38, 0xED, 0x4E, 0xFE, 0x2A, 0x06, 0xF3, 0xFB, 0xB5, 0x05, 0x3A, 0x03, 0xE2, 0xF8, 
	0x8B, 0xE8, 0xFB, 0xE9, 0x02, 0xE9, 0x22, 0xE8, 0xF1, 0xDD, 0x62, 0xCF, 0x90, 0xD0, 0x77, 0xBC, 
	0x48, 0xBA, 0x38, 0xCB, 0x95, 0xEA, 0x8B, 0xEC, 0xAF, 0xE4, 0x30, 0xDF, 0x2B, 0xE7, 0x63, 0xFE, 
	0x77, 0x02, 0x2E, 0x09, 0x2D, 0x0E, 0x8B, 0x17, 0x06, 0x0B, 0xB1, 0x06, 0x63, 0x0B, 0x82, 0x10, 
	0x2C, 0x19, 0x43, 0x14, 0xE2, 0x14, 0x2F, 0x11, 0xDC, 0x09, 0x89, 0x00, 0x0D, 0x16, 0xBC, 0x2B, 
	0xB8, 0x2B, 0x76, 0x23, 0xD2, 0x13, 0x9F, 0x17, 0x40, 0x1E, 0x36, 0x20, 0x34, 0x17, 0x60, 0x17, 
	0x97, 0x14, 0xFA, 0x05, 0x5D, 0x03, 0x5B, 0x01, 0x46, 0x07, 0xBE, 0x08, 0xBD, 0x06, 0xFA, 0xFC, 
	0xC0, 0xF7, 0x7C, 0xE9, 0xDF, 0xD8, 0x3D, 0xE6, 0xA5, 0xEE, 0x5B, 0xEE, 0xAC, 0xDD, 0x13, 0xD2, 
	0xD7, 0xCD, 0xC2, 0xDB, 0x04, 0xE3, 0xC9, 0xE6, 0x3B, 0xF4, 0x57, 0xF2, 0x21, 0xF6, 0xE7, 0xF8, 
	0xF2, 0x03, 0x03, 0x06, 0x49, 0x12, 0x6D, 0x12, 0x11, 0x10, 0x02, 0x0D, 0x21, 0xFB, 0x1C, 0xF0, 
	0x4D, 0xF9, 0x82, 0x08, 0x5A, 0x05, 0x14, 0x04, 0xBF, 0xFB, 0xBE, 0xFE, 0xBC, 0x07, 0xE4, 0x0B, 
	0x3D, 0x0D, 0x03, 0x13, 0x0D, 0x0F, 0x0C, 0x06, 0xA6, 0x07, 0xC3, 0x06, 0x60, 0x06, 0xCA, 0x0B, 
	0x16, 0x0D, 0x9A, 0x0D, 0x4A, 0x0C, 0x19, 0x00, 0x88, 0xF6, 0xF0, 0xFF, 0x42, 0x0A, 0x39, 0x0B, 
	0x8D, 0x06, 0x8A, 0xF7, 0x52, 0xF3, 0x1B, 0xFC, 0xFB, 0xFD, 0xD8, 0xFF, 0x62, 0x03, 0x85, 0xFF, 
	0x87, 0xF9, 0x29, 0xFC, 0x5A, 0xFA, 0x99, 0xFE, 0xCD, 0x0B, 0x3E, 0x11, 0x88, 0x14, 0x5A, 0x12, 
	0x62, 0x05, 0xF6, 0xF7, 0x44, 0x01, 0x2E, 0x07, 0x55, 0x0B, 0x37, 0x05, 0x0D, 0xF2, 0xA2, 0xEB, 
	0xAE, 0xF1, 0x84, 0xF3, 0x5D, 0xF4, 0xD1, 0xFB, 0xAA, 0xF6, 0xC5, 0xF2, 0x10, 0xF2, 0x63, 0xEE, 
	0xAE, 0xF0, 0x3C, 0xF8, 0x57, 0xFB, 0xB9, 0xFB, 0xD5, 0xFA, 0x4C, 0xE9, 0xD8, 0xD9, 0xA2, 0xDF, 
	0x39, 0xE5, 0x9C, 0xEB, 0xCF, 0xE4, 0x30, 0xD9, 0x4E, 0xD8, 0xAB, 0xED, 0xEC, 0xFB, 0xD4, 0x0B, 
	0xD3, 0x21, 0xDC, 0x25, 0x8C, 0x2E, 0x80, 0x2F, 0xF9, 0x34, 0x32, 0x34, 0x2D, 0x3F, 0xA9, 0x3B, 
	0xE4, 0x37, 0x08, 0x32, 0xF1, 0x16, 0x6C, 0x0A, 0x16, 0x07, 0xCF, 0x11, 0x01, 0x0C, 0x64, 0x0A, 
	0x22, 0xF6, 0x36, 0xF3, 0xA3, 0xFC, 0xB5, 0xFB, 0xC1, 0x00, 0x09, 0xFF, 0x6B, 0xFE, 0x48, 0xF0, 
	0x59, 0xF1, 0x3C, 0xE2, 0xA5, 0xDE, 0x70, 0xDC, 0xA0, 0xDB, 0x92, 0xE0, 0x82, 0xE0, 0x06, 0xDA, 
	0x89, 0xCD, 0x6A, 0xDC, 0xF0, 0xE6, 0x67, 0xF1, 0xBF, 0xEE, 0xB9, 0xE3, 0x87, 0xE7, 0x8E, 0xEE, 
	0x55, 0xF8, 0x41, 0xF8, 0xC4, 0x04, 0x82, 0x01, 0x62, 0x02, 0x06, 0x07, 0xCC, 0x04, 0x8D, 0x09, 
	0x42, 0x07, 0x52, 0x13, 0xE6, 0x16, 0x37, 0x20, 0x7B, 0x0E, 0xAF, 0x0C, 0x80, 0x17, 0xA3, 0x22, 
	0x05, 0x28, 0xF6, 0x1F, 0x34, 0x1E, 0xF2, 0x14, 0x8A, 0x1C, 0xA6, 0x14, 0x90, 0x1B, 0xA7, 0x1B, 
	0xA6, 0x16, 0xAA, 0x11, 0x38, 0x10, 0xB8, 0x11, 0xDF, 0x01, 0x54, 0x02, 0xA8, 0xFC, 0xE1, 0x05, 
	0xE5, 0xFE, 0x85, 0xED, 0xF0, 0xE3, 0x8C, 0xE6, 0x2F, 0xED, 0x2B, 0xE1, 0xD6, 0xE0, 0x48, 0xD6, 
	0x46, 0xD7, 0x9F, 0xD1, 0xDB, 0xD8, 0xCF, 0xE3, 0x14, 0xE8, 0x6F, 0xEC, 0xAC, 0xEB, 0x2C, 0xFE, 
	0x87, 0xFC, 0x21, 0xFA, 0x75, 0xF9, 0x1B, 0x08, 0xEB, 0x11, 0x6F, 0x0B, 0xA9, 0x00, 0xA6, 0xFA, 
	0x4D, 0x09, 0xFB, 0x09, 0x9C, 0x0E, 0x1F, 0x0D, 0x8C, 0x0E, 0xFE, 0x0C, 0x66, 0x06, 0x37, 0x0D, 
	0xD5, 0x0C, 0x84, 0x0E, 0x28, 0x05, 0x6A, 0x0B, 0x95, 0x10, 0x9D, 0x0D, 0x5E, 0xFE, 0x2B, 0xFC, 
	0x6F, 0x0D, 0x69, 0x12, 0x69, 0x0F, 0xAC, 0xFD, 0x43, 0xFF, 0x6D, 0x05, 0x79, 0x07, 0x63, 0x02, 
	0x75, 0xFD, 0x24, 0xFD, 0x58, 0xF2, 0x69, 0xEE, 0xB0, 0xF2, 0xC9, 0xF9, 0xD7, 0xF3, 0x45, 0xF1, 
	0x60, 0xFB, 0x1C, 0x06, 0x64, 0x0A, 0x70, 0xFC, 0x3C, 0x03, 0x04, 0x15, 0xEA, 0x1D, 0x6D, 0x12, 
	0x0D, 0x04, 0xB7, 0x01, 0x2B, 0x02, 0xD7, 0x06, 0xF3, 0x01, 0xB1, 0x02, 0xA5, 0xFB, 0x52, 0xF5, 
	0xD0, 0xF0, 0x59, 0xF8, 0x8C, 0xFB, 0xE8, 0xEF, 0x97, 0xF1, 0xD5, 0xF5, 0xB8, 0xFE, 0xD4, 0xF6, 
	0xC8, 0xE9, 0x4C, 0xE6, 0xE2, 0xF5, 0x3C, 0xFB, 0x56, 0xEE, 0x81, 0xE7, 0x40, 0xE0, 0x06, 0xE5, 
	0x0B, 0xEB, 0xC6, 0xF0, 0xC5, 0xEF, 0x23, 0xEE, 0x80, 0xEF, 0xC3, 0xF5, 0xFB, 0x0B, 0x87, 0x0E, 
	0x09, 0x0C, 0x96, 0x13, 0xBA, 0x22, 0x7F, 0x2A, 0x03, 0x26, 0x9B, 0x20, 0x0B, 0x20, 0xAF, 0x30, 
	0x65, 0x30, 0xF5, 0x28, 0x4A, 0x1C, 0x1C, 0x11, 0x9F, 0x0E, 0x03, 0x15, 0xCB, 0x19, 0xC7, 0x0A, 
	0x83, 0x04, 0x87, 0xFD, 0xD8, 0x02, 0x09, 0x06, 0xFA, 0xFB, 0x1C, 0xF1, 0x64, 0xF0, 0x39, 0xF4, 
	0xC4, 0xEC, 0xED, 0xE8, 0xE1, 0xD9, 0x3E, 0xDA, 0x65, 0xE3, 0xC0, 0xED, 0xB4, 0xEB, 0xC0, 0xE0, 
	0x66, 0xDB, 0x33, 0xDD, 0xE6, 0xF0, 0x71, 0xF1, 0x00, 0xE9, 0x62, 0xE2, 0xAA, 0xE7, 0xD8, 0xEC, 
	0x2A, 0xF1, 0xCE, 0xEE, 0x82, 0xEA, 0x1E, 0xF5, 0x5D, 0xFB, 0x3C, 0x03, 0x21, 0x02, 0x6D, 0xFC, 
	0xCD, 0xFD, 0xC3, 0x12, 0x5E, 0x25, 0xF3, 0x23, 0x51, 0x1A, 0xF6, 0x0F, 0x2F, 0x19, 0x38, 0x2A, 
	0xE3, 0x2D, 0xBC, 0x22, 0x6D, 0x1C, 0x2C, 0x21, 0x51, 0x20, 0x7C, 0x26, 0x2A, 0x1C, 0x60, 0x15, 
	0x36, 0x16, 0x5E, 0x18, 0x0C, 0x16, 0x41, 0x0B, 0xCD, 0xFA, 0xD4, 0xED, 0x29, 0xFD, 0xA7, 0x04, 
	0x1E, 0x00, 0x84, 0xE8, 0x34, 0xDC, 0xE4, 0xE0, 0xAB, 0xF1, 0xFB, 0xF0, 0x33, 0xDE, 0x59, 0xD7, 
	0x43, 0xD4, 0xBF, 0xD6, 0x04, 0xD9, 0x24, 0xDD, 0x2B, 0xD7, 0x76, 0xDE, 0xB8, 0xE9, 0x77, 0xF1, 
	0x2F, 0xF4, 0x83, 0xE8, 0x4D, 0xEC, 0xF9, 0x04, 0x37, 0x1F, 0x5C, 0x1B, 0x8C, 0x0B, 0x4B, 0x04, 
	0x97, 0x10, 0xED, 0x22, 0xE8, 0x22, 0x6E, 0x17, 0x21, 0x0D, 0xE3, 0x0C, 0x75, 0x0B, 0x51, 0x11, 
	0x4F, 0x0E, 0x91, 0x03, 0x0E, 0x06, 0xEC, 0x0D, 0x87, 0x13, 0xCA, 0x09, 0xB3, 0xFB, 0x4E, 0xF5, 
	0xA5, 0x09, 0xFF, 0x1A, 0x50, 0x10, 0x8F, 0xFD, 0xED, 0xEE, 0x7D, 0xFA, 0x90, 0x0A, 0xC3, 0x10, 
	0xC1, 0xFA, 0x1F, 0xEE, 0x9F, 0xED, 0x0A, 0xF0, 0xFD, 0xF5, 0x2D, 0xF0, 0x21, 0xEB, 0xE6, 0xED, 
	0x9E, 0x01, 0x1A, 0x05, 0x79, 0x03, 0x8D, 0xF8, 0x9D, 0xF8, 0x4D, 0x0C, 0xAE, 0x21, 0x50, 0x1A, 
	0xF5, 0xFF, 0x81, 0xF4, 0xB1, 0xF9, 0xF8, 0x10, 0x80, 0x14, 0xC4, 0x02, 0xD9, 0xF3, 0x2E, 0xF7, 
	0x67, 0xFE, 0xCB, 0x01, 0x95, 0xFD, 0x84, 0xF1, 0x03, 0xF3, 0x85, 0x00, 0xBE, 0x04, 0xE6, 0xF9, 
	0xDC, 0xE8, 0xDC, 0xE2, 0x26, 0xF0, 0xC2, 0x05, 0x55, 0xFA, 0x51, 0xE2, 0x4D, 0xD8, 0x14, 0xE4, 
	0x00, 0x00, 0xB3, 0x09, 0x56, 0xFC, 0x0A, 0xEE, 0x81, 0xF7, 0x98, 0x01, 0x2B, 0x09, 0x9C, 0x01, 
	0x95, 0xF9, 0x79, 0xFF, 0xEB, 0x13, 0xC3, 0x1B, 0xA0, 0x11, 0x89, 0x09, 0x89, 0x07, 0xB0, 0x1E, 
	0x4F, 0x37, 0xD7, 0x34, 0x42, 0x18, 0x15, 0x0B, 0x28, 0x15, 0xAA, 0x29, 0x2B, 0x2E, 0x12, 0x16, 
	0xAC, 0x06, 0x6E, 0x08, 0x4A, 0x0F, 0x52, 0x0B, 0xB5, 0xFF, 0xD3, 0xEE, 0x6E, 0xE9, 0x8B, 0xF4, 
	0x77, 0xF7, 0xF6, 0xEA, 0xF8, 0xD7, 0xCF, 0xD2, 0x1A, 0xE3, 0xD6, 0xFA, 0x8F, 0xF2, 0xBC, 0xD8, 
	0xDE, 0xCD, 0x3A, 0xDB, 0xD9, 0xF1, 0xB4, 0xF8, 0x20, 0xE8, 0x44, 0xDC, 0x14, 0xE4, 0x98, 0xEC, 
	0xBB, 0xF1, 0x7B, 0xEE, 0xA2, 0xE4, 0xA1, 0xE6, 0x0F, 0xFA, 0x2C, 0x08, 0x34, 0x03, 0xC3, 0xF9, 
	0xD6, 0xFD, 0xA6, 0x16, 0x8F, 0x34, 0x6E, 0x30, 0x76, 0x1A, 0x9A, 0x11, 0x26, 0x1F, 0x4E, 0x30, 
	0xD4, 0x35, 0xE0, 0x24, 0xD5, 0x18, 0xC6, 0x1D, 0xDC, 0x23, 0xAF, 0x27, 0xDA, 0x1D, 0x2C, 0x0F, 
	0xFE, 0x07, 0xFD, 0x13, 0xF4, 0x15, 0x68, 0x06, 0xD3, 0xF1, 0xAD, 0xEA, 0x24, 0xF8, 0xAB, 0x06, 
	0x39, 0xFB, 0x0B, 0xE2, 0xFE, 0xDC, 0xB6, 0xE7, 0x2C, 0xF5, 0xB5, 0xF6, 0xC5, 0xE6, 0x44, 0xD8, 
	0x2C, 0xDB, 0x68, 0xDF, 0x09, 0xE1, 0xC9, 0xDC, 0x27, 0xD0, 0xFA, 0xCF, 0x3B, 0xE1, 0xB5, 0xEC, 
	0x7F, 0xE7, 0xB1, 0xE1, 0xB3, 0xE8, 0x05, 0x03, 0xED, 0x19, 0x99, 0x19, 0xA0, 0x0C, 0x49, 0x10, 
	0xE6, 0x1C, 0xDB, 0x26, 0x72, 0x28, 0xBC, 0x1B, 0x3D, 0x0E, 0xFF, 0x0E, 0x94, 0x15, 0x81, 0x18, 
	0x9E, 0x12, 0x45, 0x01, 0x05, 0x00, 0x8E, 0x0F, 0x32, 0x18, 0xC5, 0x0C, 0x77, 0xFF, 0x17, 0xFE, 
	0xDA, 0x0B, 0xD2, 0x17, 0x81, 0x0D, 0xB6, 0xFC, 0x4F, 0xF8, 0x91, 0xFF, 0x6B, 0x05, 0x6F, 0x07, 
	0xA4, 0xF9, 0x46, 0xE8, 0x63, 0xE8, 0x41, 0xF1, 0xAB, 0xF5, 0xF7, 0xEB, 0x36, 0xDE, 0xB3, 0xE3, 
	0x4B, 0xFA, 0x02, 0x02, 0xA1, 0xF8, 0x3B, 0xF3, 0x4A, 0xFA, 0x73, 0x09, 0x32, 0x12, 0x13, 0x0C, 
	0xD0, 0x00, 0x23, 0xFE, 0x63, 0x02, 0xF9, 0x08, 0xB4, 0x0E, 0xB9, 0x05, 0x9F, 0xF8, 0xBC, 0xFB, 
	0xE9, 0x09, 0x59, 0x0F, 0x16, 0x03, 0xAC, 0xF5, 0x33, 0xF9, 0x8E, 0x09, 0xC5, 0x07, 0x37, 0xFB, 
	0x38, 0xF4, 0x19, 0xF3, 0xBE, 0xF6, 0xAD, 0xF6, 0xB4, 0xF1, 0x8B, 0xEA, 0xBC, 0xE9, 0x4F, 0xEF, 
	0xDD, 0xFC, 0x3A, 0x03, 0x29, 0xFD, 0x2E, 0xF2, 0x8A, 0xF6, 0x38, 0x04, 0x38, 0x06, 0xC9, 0xF8, 
	0x31, 0xEC, 0x9D, 0xF3, 0x5B, 0x02, 0x05, 0x05, 0xC6, 0x00, 0xA4, 0x06, 0x5C, 0x0F, 0x67, 0x19, 
	0x0C, 0x21, 0x9B, 0x25, 0xFA, 0x24, 0xB3, 0x22, 0x69, 0x24, 0xD3, 0x2C, 0x10, 0x2F, 0x54, 0x1F, 
	0x46, 0x0F, 0x5C, 0x0F, 0xD0, 0x17, 0xEE, 0x0F, 0x36, 0xFB, 0x71, 0xE8, 0x67, 0xEA, 0x7F, 0xF2, 
	0x4D, 0xEC, 0xBB, 0xE1, 0xFA, 0xE1, 0x6E, 0xE3, 0xBF, 0xE3, 0xDA, 0xE4, 0x4A, 0xE4, 0x15, 0xE2, 
	0xF2, 0xDD, 0x56, 0xDF, 0xB9, 0xEA, 0xCA, 0xEC, 0x82, 0xE2, 0x6E, 0xDC, 0x56, 0xE7, 0x1E, 0xF6, 
	0x7C, 0xF4, 0xE3, 0xEB, 0xF2, 0xE5, 0x5E, 0xF2, 0x64, 0x01, 0x43, 0x07, 0x4B, 0x07, 0x1C, 0x0E, 
	0xDC, 0x12, 0xCA, 0x18, 0x67, 0x21, 0x68, 0x24, 0x91, 0x23, 0x32, 0x1E, 0x84, 0x1F, 0x8C, 0x26, 
	0xDF, 0x24, 0x00, 0x19, 0xEB, 0x14, 0xA1, 0x1F, 0xF4, 0x25, 0x78, 0x23, 0x15, 0x16, 0x54, 0x0B, 
	0xE4, 0x09, 0xDC, 0x0D, 0xF9, 0x0A, 0x13, 0x03, 0x6E, 0xFC, 0x4C, 0xF4, 0xE1, 0xF4, 0xC8, 0xF3, 
	0xB2, 0xF2, 0x4E, 0xEB, 0xDD, 0xEB, 0x1C, 0xED, 0x0D, 0xF5, 0x34, 0xF2, 0x75, 0xE5, 0x6F, 0xE2, 
	0xF8, 0xE6, 0x96, 0xEC, 0x62, 0xE5, 0x32, 0xDA, 0x4C, 0xCD, 0x9F, 0xD2, 0x5D, 0xDC, 0x4B, 0xE0, 
	0xEB, 0xDE, 0x96, 0xE2, 0x6F, 0xEE, 0x9E, 0xFA, 0x21, 0x07, 0xFD, 0x0D, 0x18, 0x17, 0x79, 0x1C, 
	0xB1, 0x21, 0x92, 0x29, 0xC2, 0x28, 0x26, 0x20, 0xC1, 0x18, 0x2C, 0x1F, 0xEC, 0x21, 0xE4, 0x1F, 
	0xD5, 0x0F, 0x2D, 0x03, 0xE6, 0x07, 0x4A, 0x0D, 0x52, 0x0F, 0xF9, 0x09, 0x6E, 0x0A, 0xCC, 0x07, 
	0xAB, 0x09, 0xDE, 0x06, 0x25, 0x04, 0xE9, 0x00, 0xD1, 0xFA, 0xBB, 0xFA, 0x27, 0xFB, 0x36, 0xF9, 
	0xDE, 0xE8, 0x0C, 0xE2, 0xB7, 0xE7, 0x0C, 0xF3, 0x2D, 0xF5, 0xE9, 0xE8, 0x42, 0xE5, 0x61, 0xED, 
	0x49, 0xFB, 0xC8, 0xFB, 0xA1, 0xFE, 0x57, 0xFE, 0x17, 0x01, 0x43, 0x05, 0x85, 0x03, 0x01, 0x06, 
	0xF8, 0x01, 0x0D, 0x00, 0x00, 0xFF, 0xB3, 0x0A, 0xE6, 0x0A, 0xBA, 0x01, 0x1E, 0xFB, 0x11, 0x04, 
	0xE4, 0x16, 0x9B, 0x16, 0x48, 0x0A, 0x00, 0xFD, 0x52, 0x03, 0xB9, 0x05, 0x53, 0x01, 0x04, 0xFC, 
	0xB2, 0xF7, 0x54, 0xF6, 0x8F, 0xF0, 0xA6, 0xEE, 0x77, 0xEF, 0x32, 0xF2, 0x12, 0xED, 0x38, 0xF1, 
	0x72, 0xFE, 0x69, 0x01, 0xF4, 0xF6, 0x8A, 0xF0, 0x57, 0xFC, 0x11, 0x09, 0xFD, 0x05, 0x04, 0xF5, 
	0x09, 0xEF, 0x5B, 0xF6, 0x7A, 0xFA, 0xBD, 0xFA, 0x9E, 0xFF, 0x1A, 0x08, 0xC0, 0x0A, 0x39, 0x0F, 
	0x72, 0x17, 0xE6, 0x22, 0xF5, 0x27, 0xF8, 0x23, 0x2B, 0x29, 0x79, 0x31, 0xF5, 0x2E, 0xA2, 0x1A, 
	0x1B, 0x11, 0x9B, 0x14, 0x7C, 0x18, 0x67, 0x0B, 0xC6, 0xF8, 0x78, 0xEF, 0xC4, 0xEB, 0xBE, 0xE8, 
	0x44, 0xE3, 0xE7, 0xE6, 0xB9, 0xE8, 0xB0, 0xE3, 0xEE, 0xDE, 0xDB, 0xE1, 0x60, 0xE5, 0x96, 0xDF, 
	0xFA, 0xD9, 0x6D, 0xDE, 0x59, 0xE8, 0xB4, 0xE7, 0x10, 0xDC, 0xD3, 0xDB, 0xD2, 0xE8, 0x23, 0xF6, 
	0x28, 0xF7, 0x4A, 0xF8, 0x48, 0xFE, 0x30, 0x06, 0xAF, 0x0A, 0x97, 0x0D, 0x97, 0x16, 0x22, 0x1A, 
	0x0C, 0x17, 0xAF, 0x11, 0xC2, 0x17, 0x40, 0x1B, 0xF5, 0x14, 0xB1, 0x0E, 0x27, 0x13, 0xB7, 0x1D, 
	0x78, 0x1A, 0x43, 0x12, 0xCC, 0x0F, 0x7C, 0x1B, 0x02, 0x21, 0x03, 0x1C, 0xF7, 0x16, 0x8C, 0x15, 
	0xC1, 0x10, 0x73, 0x04, 0xB3, 0x01, 0xC8, 0x05, 0x8E, 0x03, 0x98, 0xF7, 0xE4, 0xF1, 0xE6, 0xF7, 
	0xBA, 0xF8, 0xB6, 0xF0, 0xB0, 0xE9, 0x33, 0xF3, 0x93, 0xF8, 0xB1, 0xF3, 0x85, 0xEB, 0x37, 0xE9, 
	0xC4, 0xEB, 0x93, 0xE6, 0xA9, 0xDF, 0x02, 0xDA, 0x28, 0xDD, 0x14, 0xD7, 0xE6, 0xD3, 0x67, 0xD8, 
	0x40, 0xE4, 0xB5, 0xE8, 0xEF, 0xE8, 0x95, 0xF5, 0xAB, 0x04, 0x44, 0x10, 0x19, 0x0F, 0xEE, 0x13, 
	0x10, 0x20, 0x7E, 0x28, 0x75, 0x24, 0x3F, 0x21, 0x00, 0x24, 0xEF, 0x23, 0x7B, 0x20, 0x19, 0x18, 
	0x1F, 0x17, 0xE1, 0x15, 0xF7, 0x0C, 0xA4, 0x08, 0x95, 0x0B, 0x35, 0x12, 0x16, 0x0C, 0xBA, 0x06, 
	0x76, 0x07, 0xCC, 0x0C, 0xC6, 0x06, 0x9C, 0xF8, 0x1D, 0xF2, 0x7B, 0xF4, 0x4B, 0xF4, 0xB7, 0xE6, 
	0x66, 0xE7, 0xD3, 0xE8, 0x90, 0xEB, 0x16, 0xE8, 0x07, 0xEB, 0x9F, 0xF5, 0xCD, 0xFB, 0xBB, 0xF9, 
	0x96, 0xF8, 0xE4, 0x04, 0x75, 0x07, 0x7B, 0x04, 0xF2, 0xFD, 0x0C, 0x02, 0x64, 0x05, 0xF4, 0x01, 
	0xB0, 0xFB, 0x06, 0xF9, 0xF9, 0xFF, 0x8E, 0xFC, 0x98, 0xF9, 0x9E, 0xFE, 0xB2, 0x08, 0x00, 0x0A, 
	0x68, 0x07, 0x80, 0x09, 0x86, 0x0D, 0x93, 0x0D, 0x72, 0xFE, 0xC0, 0xF9, 0xAA, 0xFE, 0xD4, 0xFE, 
	0x9F, 0xF4, 0x2B, 0xF0, 0xF0, 0xF6, 0xD3, 0xFC, 0x7D, 0xFD, 0xAA, 0xF6, 0x2E, 0xFD, 0x5C, 0x01, 
	0x4E, 0xFE, 0xC3, 0xF8, 0xBC, 0x00, 0x20, 0x07, 0x28, 0xFF, 0x75, 0xF9, 0x2B, 0xF8, 0xAB, 0x00, 
	0xFB, 0xFD, 0x33, 0xF5, 0x79, 0xF6, 0xE4, 0x03, 0xA2, 0x06, 0x42, 0x00, 0xA2, 0x05, 0x2A, 0x11, 
	0x11, 0x1C, 0xCE, 0x1B, 0x1F, 0x1B, 0x19, 0x21, 0x42, 0x22, 0x00, 0x17, 0xFB, 0x0E, 0x7D, 0x16, 
	0xF6, 0x14, 0x14, 0x0A, 0x99, 0xFB, 0xD5, 0xFB, 0xFA, 0xFF, 0xE5, 0xF6, 0xCC, 0xE8, 0x8B, 0xE9, 
	0xBE, 0xF6, 0x29, 0xEE, 0x49, 0xE3, 0x70, 0xE1, 0x6D, 0xED, 0x89, 0xEF, 0xD1, 0xE9, 0xD2, 0xE5, 
	0x2D, 0xED, 0x40, 0xEE, 0xA5, 0xDE, 0xA8, 0xDF, 0xB5, 0xED, 0xA4, 0xF6, 0xE3, 0xEF, 0xBC, 0xEF, 
	0x58, 0xFB, 0x47, 0x0B, 0xFF, 0x0C, 0x46, 0x09, 0xE6, 0x16, 0x69, 0x23, 0xAD, 0x1A, 0x69, 0x0B, 
	0x8A, 0x09, 0x6D, 0x10, 0xD9, 0x0C, 0x38, 0x06, 0x5C, 0x03, 0x5A, 0x0B, 0x15, 0x08, 0xF1, 0xF8, 
	0x0F, 0xFD, 0x21, 0x0E, 0x7A, 0x15, 0xA2, 0x0E, 0x4E, 0x0E, 0xA6, 0x12, 0xA8, 0x1B, 0x8C, 0x12, 
	0x0C, 0x07, 0x67, 0x0E, 0xBB, 0x13, 0x65, 0x0A, 0xD5, 0xF9, 0xD2, 0xFA, 0x33, 0xFF, 0x97, 0x01, 
	0x53, 0xFF, 0xA1, 0x00, 0x43, 0x06, 0x39, 0x01, 0x1B, 0xF3, 0xB7, 0xF1, 0x92, 0xFD, 0xE0, 0xF5, 
	0x98, 0xE9, 0x36, 0xE0, 0xFC, 0xDF, 0x4C, 0xE0, 0x4D, 0xD5, 0x2E, 0xCE, 0x88, 0xDA, 0x3E, 0xE9, 
	0x86, 0xE2, 0xD2, 0xDD, 0xFD, 0xE5, 0x3E, 0xF5, 0x06, 0xFE, 0x8A, 0x01, 0xCE, 0x0A, 0xEA, 0x15, 
	0x0C, 0x18, 0xF8, 0x0E, 0x97, 0x17, 0xFC, 0x26, 0xC6, 0x24, 0xAD, 0x1B, 0xA6, 0x19, 0x9B, 0x1F, 
	0xB1, 0x1E, 0xB7, 0x13, 0x9C, 0x08, 0x70, 0x14, 0x59, 0x1D, 0x90, 0x10, 0x2D, 0x04, 0x86, 0x03, 
	0xF7, 0x09, 0x6C, 0x05, 0xF0, 0xFE, 0xE5, 0xFA, 0x25, 0x00, 0xDC, 0xF6, 0x0D, 0xE7, 0xB3, 0xEA, 
	0x25, 0xF6, 0x83, 0xF2, 0x79, 0xE6, 0x43, 0xED, 0x29, 0xF6, 0x2C, 0xFD, 0xEB, 0xF2, 0x21, 0xF2, 
	0xAC, 0x04, 0x8F, 0x11, 0x60, 0x07, 0xE5, 0xF9, 0xDF, 0xFF, 0xE5, 0x03, 0x9E, 0x04, 0x72, 0xFC, 
	0xEC, 0xFD, 0xA7, 0x01, 0xC7, 0xFD, 0x5E, 0xF4, 0x23, 0xF9, 0x67, 0x05, 0x59, 0x01, 0x35, 0xFE, 
	0xEA, 0x01, 0x44, 0x0A, 0xDF, 0x06, 0x3D, 0xF8, 0xC4, 0xF1, 0x2F, 0xFC, 0x53, 0x02, 0xF6, 0xF5, 
	0xA5, 0xEF, 0x88, 0xF3, 0x87, 0xFB, 0xD6, 0xFE, 0xD4, 0x00, 0x9E, 0x06, 0xF4, 0x0A, 0x10, 0x09, 
	0x57, 0x00, 0x0E, 0x07, 0x4E, 0x0B, 0xDE, 0x04, 0x9A, 0xFB, 0x51, 0xFE, 0x05, 0x04, 0xB4, 0xFE, 
	0x04, 0xF3, 0x8C, 0xEF, 0x37, 0x00, 0xDB, 0x06, 0xBB, 0x03, 0x40, 0xFF, 0xD8, 0x07, 0x45, 0x11, 
	0x72, 0x14, 0x17, 0x17, 0x76, 0x17, 0xD6, 0x1A, 0xB3, 0x11, 0xD6, 0x0C, 0x98, 0x0D, 0x2F, 0x0F, 
	0xB5, 0x06, 0xC7, 0xFE, 0x7B, 0x03, 0x85, 0x05, 0xB4, 0x01, 0xF4, 0xF0, 0x60, 0xEF, 0x04, 0xF8, 
	0x01, 0xFD, 0x75, 0xF4, 0x89, 0xEC, 0x2A, 0xEF, 0x0F, 0xF0, 0xE3, 0xF0, 0x87, 0xEE, 0x45, 0xF3, 
	0xA0, 0xF2, 0xB9, 0xED, 0x27, 0xE8, 0x74, 0xEB, 0x37, 0xF0, 0x23, 0xEC, 0x6D, 0xEC, 0x08, 0xF6, 
	0xF9, 0x02, 0x7F, 0x01, 0x36, 0xFD, 0x51, 0x02, 0xAD, 0x0E, 0xCC, 0x13, 0xF3, 0x0A, 0xD7, 0x06, 
	0x82, 0x06, 0x50, 0x08, 0x9D, 0x03, 0xEA, 0x03, 0xD6, 0x08, 0xB3, 0x07, 0x01, 0x04, 0x19, 0x01, 
	0x81, 0x08, 0xA1, 0x0C, 0x13, 0x0D, 0x61, 0x0D, 0xCB, 0x19, 0x28, 0x20, 0x5E, 0x17, 0x46, 0x0F, 
	0x2F, 0x11, 0x25, 0x18, 0x3A, 0x13, 0xF0, 0x08, 0x94, 0x01, 0x6F, 0x03, 0xF2, 0x00, 0xF6, 0xFB, 
	0x31, 0x00, 0x72, 0x08, 0x5D, 0x08, 0x96, 0x00, 0x15, 0xFB, 0x9F, 0xF7, 0xD6, 0xF3, 0x65, 0xEC, 
	0xC9, 0xE4, 0x51, 0xE7, 0xCD, 0xE4, 0x69, 0xD8, 0x6A, 0xD1, 0x15, 0xD6, 0x0B, 0xDC, 0x94, 0xDD, 
	0x61, 0xDC, 0xF9, 0xDF, 0xFE, 0xEC, 0x4F, 0xF1, 0xC7, 0xF1, 0xFF, 0xFB, 0xA5, 0x0E, 0xF9, 0x14, 
	0x1B, 0x14, 0x7E, 0x14, 0x99, 0x1A, 0xA3, 0x21, 0xD5, 0x1F, 0x3C, 0x1C, 0x28, 0x22, 0x42, 0x25, 
	0xDE, 0x17, 0x38, 0x13, 0x89, 0x17, 0x60, 0x19, 0xE4, 0x11, 0xDC, 0x08, 0xFE, 0x04, 0x8D, 0x07, 
	0xEB, 0xFE, 0x4F, 0xF1, 0x74, 0xF7, 0xA6, 0x02, 0x6D, 0xFF, 0x24, 0xF4, 0x48, 0xF2, 0xB7, 0xF3, 
	0xB0, 0xF5, 0x83, 0xF0, 0xCC, 0xED, 0x11, 0xF7, 0x21, 0xFB, 0x7F, 0xF0, 0x39, 0xF1, 0xB6, 0xFD, 
	0x48, 0x02, 0xE8, 0x01, 0xD0, 0xFE, 0x6F, 0x03, 0x96, 0x08, 0xA9, 0x00, 0xD8, 0xF4, 0x60, 0xFF, 
	0x53, 0x0A, 0x84, 0x05, 0x5A, 0xFE, 0x55, 0xFF, 0x78, 0x03, 0x04, 0x04, 0x2B, 0x00, 0x06, 0xFE, 
	0xA3, 0x07, 0x61, 0x03, 0x39, 0xF3, 0x6D, 0xF2, 0x2B, 0xFB, 0x9E, 0xF6, 0x5E, 0xF0, 0x54, 0xEE, 
	0x21, 0xF4, 0xEF, 0xFA, 0xFB, 0xF1, 0xD3, 0xEB, 0x1E, 0xFE, 0x7F, 0x0F, 0x68, 0x0B, 0x5D, 0x07, 
	0x35, 0x0C, 0x74, 0x0F, 0x40, 0x0E, 0x9D, 0x07, 0xF5, 0x04, 0xD4, 0x0B, 0x50, 0x04, 0x6F, 0xF4, 
	0xC5, 0xF5, 0x9B, 0xFE, 0x69, 0xFB, 0x8A, 0xF8, 0x79, 0xFE, 0x83, 0x08, 0x16, 0x0F, 0xCC, 0x03, 
	0xF6, 0xFF, 0xE2, 0x0F, 0x2B, 0x1A, 0x24, 0x0F, 0x98, 0x08, 0x1A, 0x0A, 0xD8, 0x0A, 0xC8, 0x09, 
	0x8C, 0x02, 0x7E, 0x05, 0x60, 0x0B, 0x76, 0x05, 0x7C, 0xF5, 0xC4, 0xFC, 0xEC, 0x01, 0x4A, 0xFC, 
	0x4A, 0xF5, 0xF6, 0xF7, 0xA1, 0xFE, 0x31, 0xFD, 0x57, 0xF0, 0xC1, 0xE8, 0xE4, 0xF9, 0x11, 0xFC, 
	0xB3, 0xF2, 0x09, 0xEC, 0x00, 0xF2, 0xC6, 0xEF, 0x4C, 0xEC, 0xC9, 0xE8, 0xBE, 0xF0, 0x84, 0xFD, 
	0x13, 0xF4, 0x54, 0xEC, 0xA8, 0xF5, 0xBF, 0x01, 0x8B, 0xFB, 0x3D, 0xFA, 0x23, 0x00, 0x36, 0x07, 
	0xCB, 0x06, 0x33, 0xFC, 0xB4, 0xFD, 0x8B, 0x0A, 0xBD, 0x0D, 0xEC, 0x04, 0x10, 0x07, 0x89, 0x0E, 
	0xF8, 0x0D, 0xF7, 0x0C, 0x36, 0x11, 0x1F, 0x1F, 0xC6, 0x26, 0x8D, 0x1D, 0xD2, 0x11, 0xB0, 0x19, 
	0xE0, 0x1E, 0x57, 0x12, 0x33, 0x0B, 0xC6, 0x09, 0xB2, 0x0A, 0x0B, 0x01, 0x14, 0xF6, 0x68, 0xF6, 
	0x2F, 0x03, 0xB8, 0x03, 0x29, 0xFB, 0x37, 0xFD, 0x1A, 0xFD, 0x7B, 0xF6, 0xF1, 0xEA, 0xEB, 0xEC, 
	0x59, 0xF1, 0x32, 0xF1, 0xF8, 0xE1, 0x43, 0xD7, 0xEC, 0xDE, 0x16, 0xE2, 0xA0, 0xDC, 0x65, 0xDB, 
	0xA0, 0xE7, 0x78, 0xEA, 0x09, 0xEB, 0x39, 0xEA, 0x21, 0xF5, 0x64, 0x05, 0xD8, 0x07, 0x2E, 0x09, 
	0xA8, 0x0F, 0xF2, 0x17, 0x2F, 0x12, 0x81, 0x10, 0x0C, 0x17, 0xDE, 0x20, 0x23, 0x22, 0xF7, 0x18, 
	0x7E, 0x14, 0xC5, 0x16, 0x8A, 0x19, 0x1C, 0x0F, 0x25, 0x0D, 0x7B, 0x0D, 0xC5, 0x06, 0x3F, 0xFC, 
	0x38, 0xF5, 0xE1, 0xF8, 0x08, 0xFD, 0x07, 0xFD, 0x26, 0xF9, 0x85, 0xFF, 0x73, 0xFF, 0xAC, 0xF6, 
	0xD1, 0xF1, 0x7B, 0xF7, 0xAB, 0x01, 0xB4, 0x00, 0x9F, 0xFB, 0x22, 0xF5, 0xEC, 0xFA, 0xA4, 0xFF, 
	0xF4, 0xFD, 0x86, 0x01, 0xD9, 0x05, 0x08, 0x04, 0x04, 0xFC, 0xBA, 0xFC, 0x10, 0xFC, 0x23, 0x02, 
	0xC7, 0x01, 0x47, 0x02, 0x16, 0x06, 0x6C, 0x03, 0xFC, 0xFB, 0x96, 0xF9, 0x6F, 0x03, 0x5C, 0x05, 
	0x11, 0x05, 0xEC, 0xFB, 0x66, 0xF5, 0xDC, 0xF2, 0x76, 0xF3, 0x76, 0xF0, 0xCE, 0xEF, 0x5A, 0xF3, 
	0xD7, 0xEC, 0x79, 0xE9, 0x14, 0xEB, 0x36, 0xEF, 0x77, 0xF8, 0xAE, 0x02, 0x98, 0x0A, 0xB3, 0x0F, 
	0x8D, 0x11, 0x95, 0x0C, 0xB1, 0x0C, 0x18, 0x13, 0x36, 0x14, 0x22, 0x11, 0xCF, 0x07, 0x03, 0xFF, 
	0x06, 0xFB, 0xB0, 0xFD, 0x71, 0xFD, 0x50, 0x01, 0xC4, 0x05, 0xDE, 0x02, 0x83, 0x00, 0xDC, 0x00, 
	0x43, 0x02, 0x02, 0x04, 0x12, 0x0B, 0x39, 0x0D, 0x5A, 0x0D, 0x90, 0x06, 0x81, 0x00, 0xFA, 0x01, 
	0x32, 0x09, 0x1C, 0x0C, 0x57, 0x0A, 0x86, 0x07, 0xCF, 0xFF, 0xD2, 0xFD, 0x4A, 0x00, 0xF3, 0x01, 
	0x29, 0x03, 0x4D, 0x03, 0x9B, 0xFC, 0xDC, 0xF7, 0x35, 0xF4, 0x77, 0xF1, 0x6E, 0xF2, 0x63, 0xF9, 
	0xB8, 0xF9, 0xF1, 0xF5, 0x14, 0xEF, 0xB9, 0xE9, 0x38, 0xEB, 0xB3, 0xEF, 0xC2, 0xF2, 0x7B, 0xF1, 
	0x6E, 0xF0, 0x94, 0xE7, 0x83, 0xE6, 0xF3, 0xEB, 0x74, 0xF3, 0x52, 0xF9, 0x96, 0xFC, 0x5B, 0xFD, 
	0xCB, 0xFD, 0x8B, 0x00, 0x66, 0xFF, 0x63, 0x06, 0x69, 0x10, 0xF6, 0x15, 0x4B, 0x15, 0xB7, 0x10, 
	0xC4, 0x10, 0xFB, 0x16, 0x93, 0x22, 0xA9, 0x25, 0xA6, 0x27, 0xEE, 0x24, 0x36, 0x1B, 0xC0, 0x13, 
	0x0D, 0x11, 0x71, 0x11, 0xA7, 0x0D, 0x6D, 0x0A, 0x43, 0x00, 0x7E, 0xFA, 0x9A, 0xF4, 0x7A, 0xF0, 
	0x38, 0xF3, 0xEA, 0xFB, 0x68, 0x00, 0x9D, 0xFA, 0xF9, 0xF3, 0x98, 0xED, 0x15, 0xF1, 0x72, 0xF5, 
	0xE3, 0xF4, 0x2C, 0xF3, 0x0B, 0xED, 0xDA, 0xE4, 0x93, 0xDE, 0xDF, 0xE0, 0xB8, 0xE4, 0x40, 0xEC, 
	0x82, 0xF1, 0x29, 0xF1, 0xD9, 0xF1, 0xAF, 0xF0, 0xB2, 0xF3, 0x9F, 0xFB, 0xD0, 0x09, 0xE8, 0x0B, 
	0xD8, 0x0A, 0x8A, 0x03, 0xFE, 0xFF, 0xE6, 0x06, 0x5E, 0x10, 0xE3, 0x15, 0x89, 0x15, 0xA5, 0x16, 
	0xD6, 0x0E, 0xA1, 0x0C, 0xB0, 0x09, 0xB0, 0x0A, 0xA1, 0x0D, 0x19, 0x0E, 0x0E, 0x09, 0x80, 0xFF, 
	0x5A, 0xF9, 0xD3, 0xF4, 0x83, 0xFE, 0xB1, 0x07, 0x17, 0x0B, 0x3D, 0x06, 0xAA, 0xFD, 0x6C, 0xF9, 
	0x3A, 0xFD, 0xDA, 0x05, 0xC1, 0x06, 0x7C, 0x07, 0xD8, 0x04, 0x58, 0xFF, 0xD3, 0xFC, 0xDD, 0xF9, 
	0xC2, 0xFB, 0x00, 0x03, 0x06, 0x09, 0xC3, 0x02, 0xBE, 0xFB, 0x4E, 0xF5, 0xCE, 0xF3, 0xC6, 0xFB, 
	0x2A, 0x03, 0x9E, 0x07, 0x18, 0x01, 0x41, 0xF8, 0x3F, 0xF0, 0x18, 0xF8, 0x5D, 0x01, 0xF1, 0x03, 
	0x3D, 0x03, 0x21, 0xFF, 0x3C, 0xFB, 0x06, 0xF3, 0x8C, 0xED, 0x24, 0xEB, 0x95, 0xF4, 0x60, 0xF7, 
	0x75, 0xEE, 0xE6, 0xE6, 0x74, 0xE3, 0x2C, 0xE9, 0x5F, 0xF3, 0x20, 0x04, 0xAD, 0x0E, 0x86, 0x11, 
	0xA3, 0x0A, 0xD8, 0x05, 0xE6, 0x0E, 0x48, 0x17, 0x5C, 0x19, 0x86, 0x12, 0x69, 0x0E, 0xE7, 0x08, 
	0xEE, 0x01, 0x88, 0xFA, 0xAA, 0xFA, 0x35, 0x06, 0xF4, 0x0B, 0x2D, 0x07, 0x15, 0xFD, 0x49, 0xF7, 
	0xED, 0xF6, 0x4B, 0x00, 0x91, 0x0B, 0x87, 0x0F, 0x91, 0x0D, 0x18, 0x01, 0x70, 0xFB, 0x66, 0x01, 
	0x91, 0x0B, 0xDF, 0x10, 0x67, 0x0F, 0xB8, 0x0D, 0xE5, 0x07, 0xD5, 0x03, 0x3D, 0xFC, 0xBA, 0xFE, 
	0x37, 0x07, 0xB9, 0x0C, 0x2E, 0x04, 0x59, 0xF6, 0x8C, 0xED, 0x47, 0xE9, 0x92, 0xF2, 0xFC, 0xFA, 
	0x05, 0x00, 0xCA, 0xFA, 0xEB, 0xEE, 0x4A, 0xE5, 0x93, 0xE8, 0x08, 0xF0, 0xDD, 0xF2, 0x24, 0xF1, 
	0xA3, 0xE9, 0xF0, 0xE5, 0xC6, 0xE0, 0x33, 0xDF, 0x8E, 0xE5, 0x69, 0xF4, 0x78, 0x01, 0xC9, 0xFF, 
	0x5D, 0xFA, 0x0B, 0xF7, 0xE7, 0xFD, 0xE8, 0x0A, 0x4D, 0x18, 0x37, 0x20, 0x80, 0x20, 0x09, 0x19, 
	0xED, 0x12, 0xE2, 0x1A, 0xCD, 0x24, 0x1E, 0x2D, 0x1F, 0x2C, 0xFA, 0x23, 0x26, 0x1A, 0xBC, 0x0E, 
	0x71, 0x05, 0x2F, 0x03, 0x0B, 0x0A, 0x84, 0x0A, 0x2E, 0x01, 0xC8, 0xF1, 0x78, 0xE9, 0xAE, 0xEA, 
	0x08, 0xF2, 0xAF, 0xFB, 0x92, 0x00, 0x00, 0x02, 0xED, 0xF7, 0x2C, 0xF0, 0x17, 0xF1, 0xF2, 0xF8, 
	0xB2, 0xFF, 0xA2, 0xFD, 0x3F, 0xF7, 0x31, 0xEE, 0xC3, 0xE8, 0x89, 0xE3, 0xBD, 0xE9, 0xC3, 0xF4, 
	0xEF, 0xFC, 0x46, 0xFB, 0x90, 0xF3, 0x3A, 0xF1, 0xBF, 0xF2, 0xDA, 0xFA, 0x3D, 0x01, 0x44, 0x08, 
	0x41, 0x06, 0x1B, 0xFB, 0x65, 0xF1, 0xE5, 0xF4, 0x9D, 0x01, 0xE4, 0x0A, 0xF4, 0x0D, 0x60, 0x08, 
	0xD8, 0x05, 0xB1, 0x01, 0x13, 0xFF, 0x47, 0x03, 0xD8, 0x0C, 0x7D, 0x12, 0x81, 0x0D, 0x7E, 0x05, 
	0x72, 0xFF, 0xCE, 0x00, 0xDA, 0x04, 0x53, 0x0E, 0x67, 0x17, 0x47, 0x16, 0xD3, 0x0A, 0xDA, 0xFE, 
	0xAD, 0x02, 0x50, 0x0A, 0x8E, 0x0F, 0xFE, 0x0D, 0xA4, 0x08, 0x01, 0x03, 0xD9, 0xFB, 0xC6, 0xF7, 
	0xE1, 0xF9, 0x34, 0x02, 0x8B, 0x03, 0xC6, 0xFF, 0xE0, 0xF7, 0x2C, 0xF3, 0xA4, 0xF0, 0x5B, 0xF3, 
	0x5A, 0xFC, 0x41, 0x04, 0x9C, 0x02, 0x97, 0xF5, 0xD9, 0xEE, 0x6C, 0xF3, 0xB7, 0xFE, 0xF1, 0x03, 
	0x55, 0x04, 0x96, 0x00, 0x98, 0xF9, 0xC6, 0xF2, 0x0A, 0xEF, 0xF6, 0xF2, 0x70, 0xF5, 0xEE, 0xF4, 
	0x8E, 0xF0, 0xDB, 0xEC, 0x4A, 0xEA, 0x5B, 0xE9, 0x80, 0xF1, 0xE6, 0xFF, 0x54, 0x0F, 0xFC, 0x10, 
	0x3C, 0x0A, 0xBA, 0x04, 0x4D, 0x09, 0xC2, 0x12, 0x6B, 0x16, 0x4F, 0x15, 0xC2, 0x0E, 0x34, 0x08, 
	0x3F, 0x00, 0xD5, 0xFF, 0x84, 0x01, 0x96, 0x04, 0xDF, 0x04, 0x45, 0x03, 0x8B, 0x01, 0x0E, 0xFC, 
	0x27, 0xF8, 0xFA, 0xF9, 0xF0, 0x05, 0x5D, 0x0F, 0x7B, 0x0E, 0x8F, 0x03, 0xB0, 0xFD, 0xD2, 0x02, 
	0x29, 0x0C, 0xA1, 0x12, 0x65, 0x12, 0xCF, 0x0F, 0xF7, 0x08, 0xAA, 0x03, 0xFD, 0x02, 0xE9, 0x05, 
	0x88, 0x06, 0xD0, 0x03, 0x55, 0x01, 0x8E, 0xFC, 0xCD, 0xF4, 0xF6, 0xE9, 0x01, 0xED, 0xA0, 0xF8, 
	0x13, 0x00, 0x6C, 0xFA, 0x76, 0xED, 0x4D, 0xE8, 0xFF, 0xE9, 0xEE, 0xEE, 0xEB, 0xEF, 0x8C, 0xF0, 
	0xAF, 0xEA, 0x10, 0xE3, 0xDE, 0xDE, 0xBE, 0xE3, 0xB8, 0xEA, 0x69, 0xEE, 0x52, 0xF4, 0xE9, 0xFA, 
	0x79, 0x00, 0x11, 0xFD, 0x1D, 0xFC, 0xEA, 0x07, 0x91, 0x19, 0x1C, 0x23, 0xB6, 0x20, 0xB9, 0x1B, 
	0xDF, 0x1A, 0x5B, 0x20, 0x90, 0x24, 0xF3, 0x27, 0x6A, 0x26, 0xA4, 0x1D, 0xDE, 0x10, 0x48, 0x08, 
	0xA2, 0x07, 0x08, 0x04, 0xBE, 0xFE, 0xB9, 0xFA, 0x5E, 0xFC, 0x84, 0xF9, 0xE4, 0xEF, 0x45, 0xE9, 
	0x2D, 0xF2, 0xC2, 0x00, 0x8F, 0x04, 0x64, 0x01, 0xF2, 0xFC, 0x90, 0xFC, 0x96, 0xFB, 0x4F, 0xFE, 
	0x1E, 0x02, 0x29, 0x03, 0xCB, 0xFB, 0xC8, 0xF1, 0x4D, 0xF0, 0xF7, 0xF2, 0x6D, 0xF4, 0x85, 0xF1, 
	0xA2, 0xF4, 0xEC, 0xFA, 0xAC, 0xFB, 0xD7, 0xF2, 0xE9, 0xEC, 0x0B, 0xF4, 0xA2, 0xFD, 0x40, 0xFF, 
	0xB0, 0xF7, 0x13, 0xF3, 0x8D, 0xF0, 0x9D, 0xF1, 0x2C, 0xF6, 0x76, 0xFD, 0xE2, 0x01, 0xB2, 0xFC, 
	0x77, 0xF9, 0xCE, 0xFD, 0xCA, 0x04, 0x5B, 0x05, 0x5A, 0x04, 0x7F, 0x0A, 0x5A, 0x14, 0xB9, 0x14, 
	0x01, 0x0A, 0x83, 0x07, 0xD1, 0x11, 0x93, 0x1C, 0xE7, 0x1B, 0xD1, 0x15, 0xBF, 0x12, 0x93, 0x0F, 
	0x28, 0x0C, 0x52, 0x0C, 0x42, 0x11, 0xD6, 0x10, 0x52, 0x06, 0xC8, 0xFC, 0x1B, 0xFD, 0xCF, 0xFD, 
	0x49, 0xF9, 0x30, 0xF4, 0x56, 0xF7, 0x5F, 0xFD, 0x1C, 0xF9, 0xBB, 0xEC, 0x5A, 0xEB, 0xA2, 0xF4, 
	0xB0, 0xFC, 0x91, 0xFB, 0xB4, 0xF6, 0xA8, 0xF6, 0x47, 0xF7, 0x1F, 0xF6, 0x98, 0xF9, 0x3A, 0x02, 
	0x8C, 0x03, 0xB2, 0xFA, 0xFC, 0xF4, 0x63, 0xF9, 0xE2, 0xFA, 0x0A, 0xF5, 0x94, 0xF1, 0x73, 0xF6, 
	0x8E, 0xFC, 0x76, 0xF8, 0x84, 0xED, 0xF5, 0xF0, 0x3B, 0xFD, 0xEB, 0x06, 0xEB, 0x07, 0xAD, 0x06, 
	0xED, 0x07, 0x61, 0x08, 0x9C, 0x06, 0x4C, 0x09, 0x6E, 0x11, 0xAE, 0x0F, 0xC6, 0x06, 0x5F, 0x01, 
	0xA7, 0x05, 0x4B, 0x06, 0x76, 0xFF, 0x01, 0xFC, 0xD9, 0x01, 0xBB, 0x08, 0xBC, 0x02, 0x98, 0xF7, 
	0xA6, 0xF8, 0xB6, 0x04, 0x79, 0x0A, 0x47, 0x09, 0x59, 0x07, 0x1F, 0x08, 0x4F, 0x08, 0xC2, 0x04, 
	0x42, 0x08, 0x3C, 0x11, 0xEB, 0x11, 0x6A, 0x09, 0xBC, 0x06, 0xD4, 0x0B, 0x69, 0x0C, 0x57, 0x03, 
	0x80, 0xFD, 0x35, 0x04, 0x82, 0x08, 0x49, 0xFD, 0x7C, 0xEE, 0x24, 0xF0, 0x9E, 0xF9, 0x61, 0xFA, 
	0xA7, 0xF5, 0xD5, 0xF1, 0x1C, 0xF2, 0x47, 0xEE, 0x47, 0xE8, 0xDD, 0xEA, 0x7F, 0xF4, 0xDB, 0xF0, 
	0x6F, 0xE4, 0x5E, 0xE4, 0x19, 0xEC, 0x12, 0xEF, 0xD3, 0xE7, 0x11, 0xE8, 0xAE, 0xF6, 0xB7, 0x01, 
	0xEF, 0xF9, 0xEC, 0xF2, 0x82, 0xFE, 0xF8, 0x0E, 0x3F, 0x16, 0x97, 0x16, 0xC3, 0x1B, 0xC9, 0x1F, 
	0x15, 0x1E, 0x4D, 0x1A, 0x5C, 0x1F, 0x18, 0x28, 0xCE, 0x1E, 0x19, 0x11, 0xB9, 0x0E, 0x25, 0x13, 
	0xE4, 0x0B, 0x84, 0xFE, 0xE2, 0xF8, 0xE4, 0x02, 0x80, 0x07, 0x99, 0xF7, 0xFA, 0xEC, 0x05, 0xF3, 
	0xB8, 0xFE, 0x94, 0xFE, 0xAE, 0xFE, 0x49, 0x01, 0xB4, 0x04, 0xFB, 0xFE, 0x90, 0xFA, 0x97, 0x01, 
	0x1C, 0x08, 0x4C, 0xFF, 0x6D, 0xF1, 0x64, 0xF6, 0xD3, 0xFC, 0xF8, 0xF7, 0x2D, 0xEC, 0xE3, 0xEC, 
	0x69, 0xFB, 0x3E, 0x00, 0x2F, 0xF1, 0x23, 0xE6, 0xF0, 0xEE, 0x51, 0xF7, 0xEA, 0xF7, 0x54, 0xF7, 
	0x24, 0xF8, 0x51, 0xF7, 0xAE, 0xEE, 0x9D, 0xEE, 0x26, 0xF8, 0x79, 0x00, 0x5D, 0xF6, 0xDF, 0xEF, 
	0x8D, 0xFB, 0x58, 0x05, 0x1F, 0x01, 0x2E, 0xF9, 0x10, 0x03, 0x1C, 0x14, 0xC6, 0x1D, 0xFC, 0x10, 
	0x1A, 0x0C, 0x66, 0x14, 0x65, 0x1A, 0x3C, 0x1C, 0x2E, 0x1E, 0xC9, 0x20, 0xB3, 0x18, 0x84, 0x10, 
	0xAE, 0x0D, 0xAE, 0x17, 0x17, 0x17, 0x5A, 0x07, 0xEC, 0xFC, 0xF7, 0x01, 0xE1, 0x04, 0x68, 0xF5, 
	0xBF, 0xEA, 0xD2, 0xEC, 0xCE, 0xF9, 0x40, 0xF9, 0xB2, 0xEB, 0x0F, 0xE6, 0x06, 0xEC, 0x62, 0xF0, 
	0x36, 0xF0, 0x5F, 0xF8, 0x63, 0xFB, 0x51, 0xF7, 0x34, 0xEF, 0x7C, 0xF4, 0x66, 0x03, 0xDF, 0x04, 
	0x32, 0xFA, 0x4B, 0xF4, 0x45, 0x00, 0x7D, 0x02, 0x73, 0xF9, 0x6E, 0xF2, 0xBE, 0xFB, 0x00, 0x08, 
	0x47, 0x06, 0x9D, 0xFE, 0x44, 0xFB, 0x88, 0x00, 0x36, 0xFE, 0x84, 0x00, 0xC6, 0x07, 0x40, 0x0B, 
	0x9B, 0x02, 0x05, 0xF9, 0x8C, 0xFE, 0x80, 0x08, 0x45, 0x08, 0x7B, 0xFA, 0x79, 0xF9, 0x08, 0x03, 
	0x9F, 0x05, 0xC4, 0xFB, 0x2F, 0xF7, 0x92, 0x00, 0x3D, 0x08, 0xF5, 0x08, 0x6A, 0x02, 0x21, 0x04, 
	0x6A, 0x05, 0x1A, 0x05, 0xBD, 0x08, 0x6D, 0x11, 0xF9, 0x12, 0xAE, 0x07, 0x70, 0x02, 0xA1, 0x07, 
	0xFF, 0x12, 0xF7, 0x0E, 0x43, 0x05, 0xE3, 0x04, 0x9D, 0x0D, 0xAF, 0x0C, 0xF9, 0x01, 0x58, 0xFE, 
	0x3F, 0x02, 0x5C, 0x06, 0xDB, 0x01, 0xA9, 0xFD, 0x6C, 0xF9, 0x4D, 0xF4, 0x89, 0xEE, 0x59, 0xF0, 
	0x34, 0xF9, 0xCE, 0xF6, 0xCC, 0xE9, 0x3A, 0xE3, 0xA0, 0xEC, 0x25, 0xF5, 0x17, 0xF0, 0xFD, 0xE7, 
	0x3C, 0xEA, 0xC1, 0xF4, 0xB5, 0xF4, 0xBA, 0xEE, 0xC9, 0xEC, 0xB0, 0xF2, 0xAB, 0xF6, 0xB7, 0xF9, 
	0xE4, 0xFD, 0x37, 0x00, 0xFF, 0xFF, 0x2B, 0x00, 0xFA, 0x0A, 0xE7, 0x18, 0xD4, 0x1A, 0x4B, 0x0F, 
	0x12, 0x0E, 0xBC, 0x19, 0x91, 0x20, 0x3B, 0x1A, 0xEB, 0x10, 0x1F, 0x10, 0x96, 0x14, 0x59, 0x11, 
	0x78, 0x08, 0xA0, 0x04, 0x9F, 0x04, 0x30, 0x03, 0x15, 0x03, 0xBD, 0x05, 0x2B, 0x03, 0x1B, 0xFB, 
	0xDD, 0xF6, 0x56, 0xFF, 0x12, 0x0A, 0xE4, 0x08, 0x95, 0xFC, 0x88, 0xFA, 0x90, 0x03, 0xA6, 0x05, 
	0x14, 0xFF, 0xE5, 0xF7, 0x16, 0xFA, 0x28, 0xFD, 0x5A, 0xFA, 0x23, 0xF4, 0x55, 0xF3, 0x3F, 0xF2, 
	0x15, 0xEE, 0x28, 0xEF, 0x51, 0xF3, 0xE4, 0xF2, 0x39, 0xEA, 0x4F, 0xE8, 0x4C, 0xF0, 0x51, 0xFA, 
	0x15, 0xF8, 0x7B, 0xED, 0x6A, 0xEF, 0x77, 0xF8, 0x47, 0xFC, 0xBE, 0xF7, 0xC8, 0xF7, 0x67, 0xFC, 
	0xF9, 0x01, 0x93, 0x02, 0xC5, 0x02, 0x40, 0x0A, 0x1D, 0x0D, 0xE2, 0x0C, 0xD8, 0x0F, 0x9E, 0x19, 
	0x39, 0x19, 0x24, 0x11, 0x84, 0x0E, 0xEC, 0x17, 0x73, 0x22, 0x0B, 0x1C, 0x2E, 0x11, 0xF4, 0x0E, 
	0xA1, 0x15, 0xEF, 0x10, 0x5B, 0x08, 0x0A, 0x05, 0xD2, 0x03, 0xDE, 0x01, 0x6A, 0xF8, 0x5F, 0xF5, 
	0x7F, 0xF4, 0x6E, 0xF1, 0xA9, 0xE7, 0x1C, 0xE9, 0xF3, 0xF1, 0xBD, 0xF0, 0x24, 0xE9, 0x99, 0xE6, 
	0x81, 0xF4, 0xF4, 0xFC, 0xE7, 0xFB, 0x1A, 0xF4, 0xEF, 0xFA, 0xDF, 0x02, 0x16, 0x01, 0xFB, 0xFD, 
	0x3F, 0xFE, 0x83, 0x01, 0xC1, 0xFE, 0x4C, 0xFE, 0xB1, 0xFE, 0x3A, 0x05, 0x93, 0x02, 0xD4, 0xFD, 
	0xBF, 0x02, 0x42, 0x0B, 0x0A, 0x0B, 0x65, 0x00, 0x6F, 0xFF, 0xB1, 0x06, 0xD4, 0x0D, 0xA3, 0x06, 
	0xD1, 0xFD, 0x1B, 0x00, 0xC4, 0x02, 0x25, 0xFE, 0x45, 0xF6, 0x6B, 0xF8, 0x46, 0xF7, 0x6A, 0xF7, 
	0xDD, 0xF5, 0xF3, 0xF7, 0xEA, 0xFC, 0x2E, 0xF9, 0x90, 0xF7, 0xD5, 0xFC, 0xE2, 0x08, 0x59, 0x06, 
	0xFF, 0x00, 0x84, 0x00, 0x5F, 0x09, 0xB3, 0x0F, 0xAE, 0x0A, 0xD5, 0x07, 0xD7, 0x09, 0x86, 0x10, 
	0x8C, 0x0B, 0x22, 0x09, 0xF1, 0x08, 0x7F, 0x09, 0x1B, 0x09, 0xFE, 0x07, 0xD0, 0x0B, 0x3C, 0x0C, 
	0x6C, 0x08, 0xBF, 0x00, 0x18, 0x06, 0xCF, 0x09, 0x09, 0x03, 0x44, 0xF8, 0xD4, 0xF2, 0xFB, 0xF7, 
	0x73, 0xF9, 0x6F, 0xF3, 0xB7, 0xEA, 0xB7, 0xEE, 0x37, 0xF1, 0x8D, 0xED, 0xEE, 0xEA, 0xE2, 0xEC, 
	0x3E, 0xF0, 0xB8, 0xEF, 0x7D, 0xF1, 0x1E, 0xF4, 0xB1, 0xF8, 0xE5, 0xF4, 0x4B, 0xF1, 0x0B, 0xFA, 
	0xED, 0x03, 0x00, 0x03, 0x35, 0xFC, 0xD1, 0xFD, 0xCB, 0x06, 0x57, 0x0E, 0xBA, 0x0B, 0x4C, 0x09, 
	0xFA, 0x0F, 0xE9, 0x12, 0x97, 0x10, 0xEF, 0x0D, 0x1A, 0x10, 0x64, 0x0E, 0xAB, 0x0A, 0xE2, 0x09, 
	0xAB, 0x0C, 0x53, 0x0E, 0x4C, 0x05, 0xA1, 0x00, 0x88, 0x06, 0x3B, 0x0E, 0x23, 0x08, 0xBA, 0xFF, 
	0x6B, 0xFE, 0x4A, 0x03, 0x47, 0x07, 0xFA, 0x01, 0xFD, 0xFD, 0xD6, 0xFD, 0x00, 0x00, 0x4F, 0xFD, 
	0xD6, 0xFC, 0x05, 0xFC, 0x58, 0xF9, 0x4C, 0xF8, 0x29, 0xF9, 0xFC, 0xFC, 0x50, 0xFA, 0x76, 0xF3, 
	0xBD, 0xEE, 0x8C, 0xF5, 0x6F, 0xFB, 0x55, 0xF5, 0x8B, 0xED, 0x82, 0xEB, 0xFD, 0xF1, 0xE6, 0xF4, 
	0x79, 0xF3, 0x3C, 0xF1, 0xEB, 0xF3, 0xED, 0xF8, 0x35, 0xFA, 0x01, 0xFE, 0x68, 0xFE, 0x30, 0xFF, 
	0xEB, 0x00, 0x8F, 0x07, 0x75, 0x0D, 0xD0, 0x0D, 0xF7, 0x09, 0x4E, 0x07, 0xC8, 0x0F, 0xAC, 0x15, 
	0x2D, 0x13, 0x9B, 0x0A, 0xFB, 0x0A, 0x37, 0x10, 0x97, 0x13, 0xB0, 0x11, 0x29, 0x0C, 0x88, 0x0C, 
	0x4E, 0x0D, 0xDE, 0x0C, 0x14, 0x09, 0x6D, 0x05, 0x37, 0xFF, 0x9A, 0xFC, 0x17, 0xFE, 0x3F, 0xFC, 
	0x70, 0xF6, 0x30, 0xEC, 0x44, 0xE8, 0xE1, 0xEC, 0x02, 0xF3, 0x2C, 0xEF, 0xE3, 0xE7, 0xD2, 0xE9, 
	0xE2, 0xF1, 0x90, 0xF9, 0x7C, 0xFA, 0x8D, 0xFB, 0x9A, 0xFD, 0xD4, 0x02, 0xFD, 0x04, 0xE9, 0x05, 
	0x78, 0x05, 0xFE, 0x00, 0x7E, 0x02, 0x73, 0x06, 0xEC, 0x09, 0x49, 0x06, 0x44, 0x01, 0xD5, 0x00, 
	0x15, 0x09, 0x14, 0x10, 0xF8, 0x0A, 0x04, 0x04, 0x35, 0x03, 0x5B, 0x09, 0x8E, 0x0A, 0x4B, 0x08, 
	0x34, 0x02, 0xD9, 0xFD, 0x7A, 0xFC, 0x94, 0xF9, 0x85, 0xF8, 0xEE, 0xF4, 0x55, 0xEF, 0x47, 0xED, 
	0x11, 0xF4, 0xF7, 0xF5, 0x1C, 0xF3, 0xEE, 0xEE, 0xC3, 0xF1, 0xF0, 0xFC, 0x37, 0x04, 0xED, 0x01, 
	0xC3, 0xFB, 0xC2, 0xFE, 0x22, 0x05, 0xCD, 0x0A, 0x9F, 0x0B, 0x3F, 0x0A, 0x9A, 0x0A, 0x42, 0x0D, 
	0xC9, 0x0E, 0xDC, 0x0F, 0x41, 0x10, 0xF9, 0x0A, 0x7A, 0x0A, 0x54, 0x10, 0x44, 0x12, 0xF7, 0x0C, 
	0xDF, 0x04, 0x2E, 0x04, 0x32, 0x0B, 0x33, 0x0E, 0x18, 0x04, 0x0F, 0xFA, 0xC2, 0xF7, 0x13, 0xFA, 
	0xA3, 0xFA, 0x5D, 0xF6, 0x33, 0xF2, 0xFA, 0xED, 0xDA, 0xEC, 0xC7, 0xEB, 0xFE, 0xEE, 0x2D, 0xEF, 
	0x84, 0xE9, 0xE6, 0xE9, 0x8F, 0xF1, 0xF0, 0xF5, 0x1B, 0xF1, 0xC3, 0xED, 0xF8, 0xF1, 0x62, 0xFF, 
	0x0D, 0x05, 0x4F, 0xFF, 0x0E, 0xFC, 0x9B, 0x00, 0x4B, 0x07, 0x91, 0x0A, 0x9A, 0x0D, 0xF2, 0x0C, 
	0x60, 0x0C, 0x6F, 0x0A, 0xD6, 0x0B, 0x6E, 0x0F, 0xFE, 0x0E, 0xC8, 0x07, 0x7A, 0x06, 0xE5, 0x0D, 
	0x61, 0x0E, 0x9B, 0x07, 0x05, 0x01, 0x8D, 0x04, 0x1D, 0x0D, 0xC9, 0x0E, 0x4A, 0x06, 0x59, 0x01, 
	0xEA, 0x02, 0xDC, 0x03, 0xDA, 0x04, 0x88, 0x04, 0xCF, 0x01, 0xCF, 0xFC, 0x82, 0xF8, 0x49, 0xFA, 
	0xC5, 0xFE, 0x84, 0xFD, 0xF4, 0xF6, 0xC0, 0xF8, 0x0D, 0x01, 0x76, 0x01, 0x3E, 0xF9, 0xED, 0xF3, 
	0xB8, 0xF7, 0xDB, 0xFE, 0xB8, 0xFD, 0x30, 0xF3, 0x07, 0xEE, 0xFE, 0xED, 0xD7, 0xED, 0x01, 0xEF, 
	0x84, 0xF1, 0xA4, 0xF1, 0xD1, 0xEF, 0xC8, 0xEF, 0x96, 0xF4, 0xD5, 0xFC, 0xD4, 0xFD, 0x97, 0xFB, 
	0xC7, 0x01, 0xE7, 0x0B, 0x20, 0x0D, 0x61, 0x08, 0xFF, 0x07, 0x62, 0x0D, 0x5D, 0x15, 0x89, 0x14, 
	0x47, 0x0E, 0x83, 0x0B, 0x0A, 0x0D, 0x43, 0x0D, 0x7E, 0x10, 0x3F, 0x14, 0x4B, 0x11, 0x93, 0x0C, 
	0x17, 0x09, 0x3F, 0x0A, 0xD2, 0x0B, 0x50, 0x07, 0xB2, 0xFE, 0xF3, 0xFE, 0x08, 0x00, 0x58, 0xFA, 
	0x3B, 0xF1, 0xFF, 0xEC, 0x7C, 0xEE, 0x27, 0xF1, 0x35, 0xF0, 0x70, 0xEB, 0xE7, 0xE9, 0x4A, 0xEA, 
	0xA7, 0xEC, 0xAE, 0xF3, 0xB1, 0xFB, 0x3E, 0xFD, 0x62, 0xFD, 0xA7, 0x00, 0x33, 0x05, 0xF8, 0x08, 
	0x88, 0x07, 0xEC, 0x04, 0x19, 0x08, 0x31, 0x0B, 0x68, 0x09, 0x24, 0x06, 0xB3, 0x05, 0xB6, 0x07, 
	0x97, 0x0A, 0x8A, 0x0A, 0x0F, 0x07, 0x7D, 0x04, 0xF4, 0x02, 0xC2, 0x02, 0x30, 0x04, 0x1A, 0x05, 
	0x37, 0x00, 0x7D, 0xFB, 0x28, 0xFA, 0xBE, 0xF8, 0x35, 0xF8, 0x42, 0xF5, 0x3F, 0xF2, 0x2A, 0xF2, 
	0x7B, 0xF3, 0x4F, 0xF1, 0xDC, 0xF0, 0x41, 0xF2, 0x67, 0xF6, 0x38, 0xFB, 0xA4, 0xFD, 0x06, 0xFE, 
	0x08, 0xFE, 0xEA, 0xFE, 0x0F, 0x01, 0x29, 0x06, 0xD6, 0x09, 0xDA, 0x0A, 0x24, 0x0C, 0x8A, 0x0F, 
	0xBC, 0x10, 0xE0, 0x11, 0x1A, 0x12, 0x17, 0x11, 0xF3, 0x0F, 0xCE, 0x0E, 0x03, 0x0D, 0x67, 0x0C, 
	0x7D, 0x0A, 0x16, 0x08, 0x7A, 0x07, 0xD3, 0x06, 0xD0, 0x03, 0x05, 0x00, 0x64, 0xFD, 0xC2, 0xFB, 
	0x1A, 0xFB, 0x96, 0xF7, 0x92, 0xF3, 0xEE, 0xF0, 0x41, 0xF0, 0xB5, 0xEE, 0xF9, 0xED, 0x37, 0xED, 
	0xA0, 0xEB, 0x5F, 0xEA, 0x18, 0xEB, 0xA2, 0xEC, 0xD8, 0xED, 0x9E, 0xEF, 0xCA, 0xF2, 0xE2, 0xF8, 
	0xEE, 0xFC, 0xE7, 0xFD, 0xDF, 0x00, 0xE0, 0x04, 0xF1, 0x07, 0xA2, 0x08, 0xDC, 0x08, 0x63, 0x0B, 
	0xE6, 0x0D, 0x23, 0x0E, 0xC5, 0x0C, 0x24, 0x0D, 0xE1, 0x0C, 0xB7, 0x0B, 0xEB, 0x08, 0x35, 0x09, 
	0x05, 0x0A, 0x41, 0x09, 0x99, 0x07, 0xA1, 0x06, 0xD8, 0x07, 0xBF, 0x07, 0xBE, 0x05, 0xBE, 0x05, 
	0x10, 0x07, 0xF7, 0x05, 0x40, 0x02, 0xD5, 0xFE, 0x9A, 0xFE, 0x41, 0xFE, 0x7B, 0xFC, 0x2A, 0xFB, 
	0x24, 0xFC, 0x89, 0xFD, 0x41, 0xFE, 0x6D, 0xFD, 0x9B, 0xFE, 0x8A, 0x00, 0xCB, 0xFF, 0xD5, 0xFD, 
	0x90, 0xFD, 0xBD, 0xFD, 0x20, 0xFB, 0x30, 0xF6, 0x08, 0xF4, 0x3A, 0xF4, 0x04, 0xF1, 0x1B, 0xEC, 
	0x80, 0xE9, 0xE2, 0xEB, 0x29, 0xEF, 0xB9, 0xEF, 0xA1, 0xF0, 0x8C, 0xF3, 0x23, 0xF7, 0x78, 0xFA, 
	0x7B, 0xFD, 0x5E, 0x02, 0xFD, 0x07, 0xD8, 0x09, 0x4B, 0x0A, 0xF4, 0x0C, 0xB6, 0x0F, 0xDE, 0x0F, 
	0x01, 0x0E, 0x69, 0x0F, 0xAD, 0x14, 0xFE, 0x14, 0x86, 0x11, 0x2E, 0x0F, 0x34, 0x10, 0xEB, 0x10, 
	0x30, 0x0E, 0x15, 0x0C, 0x34, 0x0B, 0x73, 0x08, 0xE8, 0x03, 0x62, 0x00, 0xC7, 0xFE, 0xC0, 0xFC, 
	0x58, 0xF7, 0x40, 0xF2, 0x13, 0xF1, 0x49, 0xEF, 0xDD, 0xEB, 0x87, 0xE8, 0xDD, 0xE8, 0x15, 0xED, 
	0x3B, 0xEE, 0xC6, 0xED, 0xA9, 0xEF, 0x24, 0xF6, 0x5A, 0xFC, 0x04, 0x01, 0x00, 0x04, 0xEA, 0x06, 
	0x92, 0x08, 0xB8, 0x08, 0x81, 0x09, 0xEE, 0x0B, 0x84, 0x0F, 0x8D, 0x0D, 0xFA, 0x0A, 0xA0, 0x09, 
	0xE2, 0x08, 0x27, 0x07, 0xFF, 0x04, 0x87, 0x03, 0x45, 0x04, 0x96, 0x03, 0xB3, 0xFE, 0x54, 0xFC, 
	0x7E, 0xFC, 0xB8, 0xFC, 0x64, 0xFB, 0x29, 0xFA, 0x7D, 0xF8, 0x28, 0xF6, 0x21, 0xF4, 0xC3, 0xF2, 
	0xD0, 0xF4, 0xF7, 0xF5, 0x72, 0xF5, 0x99, 0xF4, 0xF2, 0xF5, 0xEE, 0xF7, 0x29, 0xFA, 0x47, 0xFC, 
	0xAF, 0xFD, 0xE5, 0x00, 0xA3, 0x01, 0x5E, 0x02, 0xCD, 0x04, 0x9C, 0x09, 0x17, 0x0D, 0x3C, 0x11, 
	0xC0, 0x12, 0x64, 0x11, 0xDE, 0x10, 0xDB, 0x0D, 0xEC, 0x0C, 0x49, 0x0D, 0x29, 0x0D, 0x1C, 0x0B, 
	0x9F, 0x08, 0xC3, 0x05, 0xBF, 0x03, 0x39, 0x04, 0x4F, 0x02, 0xCF, 0x00, 0x8C, 0xFF, 0x02, 0xFE, 
	0x93, 0xFB, 0x04, 0xFA, 0x3E, 0xF7, 0x5F, 0xF3, 0x50, 0xF4, 0xCB, 0xF2, 0xE6, 0xF1, 0x0C, 0xF0, 
	0x58, 0xED, 0x04, 0xEC, 0xB4, 0xED, 0x7A, 0xEE, 0x8A, 0xEE, 0xE7, 0xF1, 0x03, 0xF2, 0xE3, 0xF5, 
	0x66, 0xFA, 0xFD, 0xFE, 0x13, 0x00, 0x5D, 0x01, 0x47, 0x03, 0x30, 0x06, 0x07, 0x0A, 0x42, 0x08, 
	0x95, 0x08, 0x46, 0x0B, 0x1F, 0x0F, 0x79, 0x0E, 0x38, 0x0D, 0x42, 0x0A, 0x07, 0x08, 0x41, 0x08, 
	0xA0, 0x07, 0xF5, 0x08, 0x2B, 0x08, 0x90, 0x04, 0xDB, 0x02, 0x19, 0x06, 0x47, 0x07, 0x03, 0x05, 
	0xF7, 0x02, 0x51, 0x02, 0x1C, 0x04, 0x8E, 0x02, 0x99, 0xFD, 0x8E, 0xFA, 0xBA, 0xFC, 0x80, 0xFE, 
	0x06, 0xFE, 0x1C, 0x00, 0xA8, 0x00, 0xC4, 0x00, 0xAA, 0xFF, 0x5D, 0x00, 0x8B, 0x03, 0xF7, 0x04, 
	0xAA, 0x00, 0x96, 0xFD, 0xD8, 0xFF, 0x9B, 0xFE, 0x00, 0xFA, 0x40, 0xF4, 0xE4, 0xF1, 0xD7, 0xF1, 
	0xF1, 0xEF, 0xD3, 0xEA, 0x5C, 0xE9, 0x11, 0xED, 0x5F, 0xEE, 0xD1, 0xEF, 0xC4, 0xF2, 0xB2, 0xF6, 
	0xC1, 0xF8, 0xF1, 0xFA, 0xDB, 0xFE, 0x89, 0x05, 0x86, 0x0A, 0x16, 0x08, 0x73, 0x09, 0xBB, 0x0E, 
	0x02, 0x12, 0x2D, 0x11, 0xA2, 0x11, 0x3D, 0x13, 0x78, 0x15, 0xA0, 0x15, 0xAA, 0x11, 0xE7, 0x0F, 
	0x93, 0x0F, 0xD8, 0x0D, 0xCC, 0x0B, 0x2D, 0x0C, 0xC9, 0x0A, 0xDF, 0x06, 0x41, 0x02, 0x67, 0xFE, 
	0x80, 0xFD, 0x06, 0xFB, 0xB3, 0xF2, 0x4A, 0xEE, 0x97, 0xED, 0xC7, 0xEB, 0x58, 0xE8, 0xE5, 0xE6, 
	0xDC, 0xE7, 0x92, 0xEB, 0x42, 0xEF, 0x84, 0xF0, 0x2B, 0xF5, 0x4E, 0xFA, 0xA5, 0xFE, 0xC9, 0x02, 
	0x6F, 0x09, 0xB6, 0x0B, 0xB1, 0x0B, 0xEA, 0x0A, 0x72, 0x0B, 0x8B, 0x0F, 0x32, 0x10, 0xCF, 0x0B, 
	0x5C, 0x07, 0x26, 0x08, 0x1D, 0x06, 0xA7, 0x03, 0xFB, 0x01, 0x50, 0x01, 0xC7, 0x01, 0x51, 0x00, 
	0xDF, 0xFD, 0x9F, 0xFC, 0x6C, 0xFC, 0x7D, 0xF9, 0xBD, 0xF8, 0x7F, 0xFA, 0xFB, 0xF9, 0x92, 0xF7, 
	0xAC, 0xF4, 0xB6, 0xF4, 0xE5, 0xF7, 0xEC, 0xFA, 0x92, 0xF8, 0x7D, 0xF7, 0x42, 0xFA, 0x79, 0xFB, 
	0xA8, 0xFC, 0x04, 0xFE, 0x71, 0x00, 0xAD, 0x02, 0x43, 0x05, 0x90, 0x06, 0xF0, 0x0A, 0x26, 0x0E, 
	0x18, 0x0D, 0xDB, 0x0D, 0x4F, 0x0F, 0x80, 0x0F, 0xC1, 0x0A, 0x6F, 0x07, 0xDC, 0x05, 0x77, 0x08, 
	0x7E, 0x09, 0xB1, 0x04, 0xB5, 0x01, 0x9A, 0x01, 0x13, 0x02, 0x37, 0xFF, 0x81, 0xFF, 0xEB, 0xFE, 
	0xC3, 0xFE, 0xBB, 0xFC, 0x3F, 0xFA, 0x2B, 0xFA, 0xFB, 0xF8, 0xF4, 0xF5, 0x5B, 0xF3, 0x07, 0xF6, 
	0x76, 0xF5, 0x49, 0xF2, 0x74, 0xEE, 0x5E, 0xEF, 0xE5, 0xF3, 0x56, 0xF5, 0x85, 0xF4, 0xAA, 0xF4, 
	0x6B, 0xF9, 0xDE, 0xFB, 0xA0, 0xFD, 0x71, 0xFF, 0xDD, 0x01, 0xB4, 0x03, 0x0B, 0x04, 0x89, 0x06, 
	0x09, 0x09, 0x95, 0x0B, 0xFA, 0x09, 0x3F, 0x0B, 0xD7, 0x0D, 0xA0, 0x0C, 0xB1, 0x07, 0x37, 0x03, 
	0x84, 0x04, 0x2E, 0x06, 0x01, 0x06, 0xE6, 0x01, 0xA9, 0x01, 0xEB, 0x02, 0xC1, 0x03, 0x77, 0x02, 
	0x4E, 0x02, 0xBF, 0x03, 0x72, 0x01, 0x45, 0x00, 0x22, 0xFF, 0x29, 0x00, 0x03, 0xFE, 0x6D, 0xFC, 
	0x0C, 0xFE, 0x65, 0x02, 0x17, 0x04, 0x77, 0x00, 0x7B, 0x00, 0x05, 0x03, 0x4D, 0x07, 0x44, 0x06, 
	0x48, 0x04, 0x5D, 0x03, 0x2A, 0x03, 0xA9, 0x01, 0xAA, 0xFC, 0x2A, 0xFA, 0x60, 0xF7, 0x72, 0xF3, 
	0x22, 0xEE, 0x2A, 0xED, 0x6A, 0xEC, 0x72, 0xEA, 0x48, 0xEA, 0x1E, 0xEC, 0x77, 0xF1, 0xB0, 0xF2, 
	0x3C, 0xF2, 0xB8, 0xF3, 0xE1, 0xFA, 0x57, 0x00, 0x2C, 0x02, 0x9C, 0x04, 0x2F, 0x07, 0x4B, 0x0B, 
	0x86, 0x0C, 0x42, 0x0F, 0xAF, 0x11, 0xC8, 0x15, 0xBE, 0x14, 0x58, 0x13, 0x2E, 0x15, 0x8E, 0x14, 
	0x70, 0x12, 0x44, 0x10, 0x96, 0x11, 0xDC, 0x11, 0xBD, 0x0F, 0xA7, 0x08, 0x76, 0x05, 0xF8, 0x05, 
	0x4D, 0x02, 0x03, 0xFB, 0xBC, 0xF4, 0xCA, 0xF1, 0x37, 0xED, 0xE5, 0xE8, 0x86, 0xE6, 0x54, 0xE7, 
	0xB6, 0xE8, 0xC0, 0xE6, 0x5D, 0xE8, 0x76, 0xEE, 0xDD, 0xF3, 0xAE, 0xF5, 0x85, 0xFA, 0xA2, 0x01, 
	0x7A, 0x07, 0x4E, 0x09, 0x50, 0x06, 0x8A, 0x08, 0xF2, 0x0D, 0x64, 0x0F, 0x83, 0x0B, 0xC1, 0x09, 
	0x57, 0x09, 0xB8, 0x07, 0x88, 0x06, 0xAB, 0x05, 0xA1, 0x06, 0xC0, 0x05, 0xAD, 0x02, 0xE2, 0x00, 
	0xED, 0x02, 0xB5, 0x01, 0xA4, 0xFC, 0xFE, 0xFB, 0xB6, 0xFD, 0x1D, 0xFE, 0xE0, 0xF8, 0x0F, 0xF4, 
	0x00, 0xF6, 0x59, 0xFC, 0x71, 0xFB, 0x0A, 0xF7, 0x9B, 0xF7, 0x6C, 0xF9, 0x83, 0xFA, 0xCB, 0xF9, 
	0xDE, 0xFB, 0x3C, 0xFF, 0xC2, 0x00, 0xC0, 0xFE, 0xBE, 0x00, 0x13, 0x07, 0xC8, 0x08, 0x3C, 0x07, 
	0x6A, 0x09, 0xD6, 0x0D, 0x7C, 0x0D, 0x33, 0x08, 0xE3, 0x03, 0x26, 0x06, 0xF6, 0x0A, 0x97, 0x07, 
	0x27, 0x02, 0x41, 0x01, 0x5D, 0x02, 0xD6, 0x00, 0xA2, 0xFF, 0xF1, 0x00, 0x37, 0x02, 0x15, 0x01, 
	0xD4, 0xFC, 0xFC, 0xFD, 0x19, 0x01, 0x10, 0xFF, 0x99, 0xF9, 0x0C, 0xFB, 0x79, 0xFE, 0xEE, 0xFA, 
	0xC6, 0xF3, 0x59, 0xF0, 0xD7, 0xF5, 0x05, 0xFA, 0xF5, 0xF6, 0xE5, 0xF1, 0xEE, 0xF3, 0x20, 0xF7, 
	0x8B, 0xF7, 0x72, 0xF9, 0x1E, 0xFD, 0xF1, 0x00, 0xC1, 0xFF, 0x77, 0xFF, 0x34, 0x03, 0x61, 0x09, 
	0x1A, 0x08, 0x55, 0x05, 0x24, 0x0A, 0x26, 0x0F, 0x05, 0x0C, 0x69, 0x03, 0x12, 0x01, 0xD0, 0x04, 
	0x9E, 0x07, 0x1F, 0x02, 0x78, 0xFD, 0x9F, 0xFF, 0x16, 0x01, 0x05, 0xFF, 0x5D, 0xFF, 0x2F, 0x04, 
	0xE1, 0x04, 0xE4, 0x00, 0xEE, 0xFD, 0x00, 0x01, 0xFE, 0x04, 0x1A, 0x00, 0x7A, 0xFB, 0x14, 0x00, 
	0x06, 0x07, 0x61, 0x03, 0x27, 0xFD, 0xCB, 0xFE, 0x3F, 0x07, 0x5F, 0x0C, 0x7B, 0x08, 0x35, 0x06, 
	0x23, 0x08, 0xE5, 0x08, 0x06, 0x03, 0x58, 0x02, 0x93, 0x03, 0x6A, 0xFF, 0x4E, 0xF6, 0x92, 0xF0, 
	0xAA, 0xF1, 0xD1, 0xF0, 0x67, 0xEA, 0x9F, 0xE4, 0xC7, 0xEB, 0x04, 0xF2, 0xF4, 0xED, 0x90, 0xE7, 
	0x9F, 0xEB, 0x94, 0xF6, 0x21, 0xFB, 0x46, 0xFA, 0xE1, 0xFA, 0xDC, 0x01, 0xB7, 0x04, 0x17, 0x04, 
	0x4B, 0x09, 0x73, 0x12, 0xE5, 0x13, 0x84, 0x0F, 0x18, 0x12, 0xB2, 0x18, 0x5A, 0x1B, 0xCE, 0x14, 
	0xA5, 0x11, 0xFA, 0x18, 0x9D, 0x1D, 0x15, 0x15, 0x2F, 0x09, 0xC2, 0x09, 0x36, 0x0D, 0x50, 0x09, 
	0x5E, 0xFF, 0x4C, 0xF9, 0xB6, 0xF6, 0xA6, 0xEF, 0x77, 0xE7, 0x59, 0xE7, 0xDC, 0xEC, 0x88, 0xE7, 
	0xFA, 0xE0, 0xC6, 0xE3, 0x36, 0xEE, 0x50, 0xF1, 0xF9, 0xEC, 0x08, 0xF0, 0x8A, 0xFD, 0x38, 0x07, 
	0xD2, 0x01, 0x49, 0xFE, 0xBD, 0x04, 0x7C, 0x0D, 0x61, 0x0C, 0xD7, 0x08, 0xD4, 0x0A, 0xDF, 0x0C, 
	0x28, 0x09, 0x93, 0x04, 0xEB, 0x0A, 0x04, 0x11, 0x2C, 0x0B, 0x97, 0x02, 0x42, 0x05, 0xAF, 0x0B, 
	0xC9, 0x07, 0xDD, 0xFD, 0x20, 0xFB, 0xE7, 0x02, 0xF8, 0x03, 0x6E, 0xF9, 0xA2, 0xF2, 0x30, 0xF7, 
	0xD6, 0xFB, 0xCA, 0xF8, 0xC0, 0xF6, 0x51, 0xF9, 0xB2, 0xFA, 0x92, 0xF5, 0xAC, 0xF3, 0xA7, 0xFB, 
	0x67, 0x02, 0x9A, 0xFC, 0x92, 0xF6, 0x1E, 0xFE, 0x87, 0x07, 0x1F, 0x06, 0xBC, 0xFE, 0xA6, 0x00, 
	0xAC, 0x0A, 0xDD, 0x0D, 0x10, 0x07, 0x6A, 0x03, 0xFD, 0x07, 0x2B, 0x09, 0x95, 0x05, 0x42, 0x04, 
	0x42, 0x06, 0x08, 0x04, 0xE3, 0xFD, 0x6A, 0xFD, 0x47, 0x05, 0x81, 0x08, 0x82, 0xFF, 0x44, 0xFA, 
	0xFE, 0x01, 0x81, 0x09, 0xC6, 0x03, 0x9E, 0xFB, 0xC4, 0xFB, 0xCA, 0x01, 0x94, 0x01, 0xCC, 0xF9, 
	0x01, 0xF6, 0xBF, 0xF7, 0x56, 0xF7, 0x52, 0xF5, 0x94, 0xF7, 0xE2, 0xF8, 0x54, 0xF5, 0xD0, 0xF0, 
	0x6D, 0xF4, 0x03, 0xFE, 0x8F, 0x00, 0x11, 0xFA, 0x69, 0xF9, 0x58, 0x04, 0x27, 0x0C, 0x59, 0x07, 
	0x11, 0x01, 0x85, 0x03, 0x88, 0x0A, 0xD9, 0x0B, 0x2C, 0x06, 0x82, 0x02, 0x50, 0x02, 0xF2, 0xFF, 
	0x0A, 0xFE, 0x5C, 0x01, 0xD3, 0x02, 0x19, 0xFE, 0x1A, 0xF9, 0xFF, 0xFC, 0x80, 0x05, 0x46, 0x05, 
	0x56, 0xFC, 0x36, 0xFB, 0x7E, 0x04, 0xF6, 0x08, 0x2C, 0x02, 0xD2, 0xFB, 0xAD, 0xFE, 0x1A, 0x04, 
	0x53, 0x05, 0x9C, 0x03, 0x4A, 0x04, 0xC7, 0x05, 0x4B, 0x05, 0x1C, 0x08, 0xAB, 0x0F, 0x37, 0x10, 
	0xE9, 0x08, 0x66, 0x03, 0xE4, 0x05, 0xE2, 0x09, 0xEF, 0x03, 0xC9, 0xF7, 0x2E, 0xF3, 0x3E, 0xF7, 
	0x14, 0xF6, 0x48, 0xED, 0x31, 0xE6, 0x86, 0xE7, 0x3F, 0xEB, 0xF2, 0xEC, 0x4E, 0xED, 0x92, 0xED, 
	0xD1, 0xED, 0xA1, 0xED, 0x4B, 0xF3, 0xC9, 0xFC, 0xD1, 0xFF, 0x09, 0xFC, 0x9A, 0xFC, 0x81, 0x05, 
	0x93, 0x0E, 0x2B, 0x0F, 0x28, 0x0B, 0x4D, 0x0F, 0xBD, 0x18, 0x1F, 0x1D, 0x44, 0x19, 0xE8, 0x15, 
	0x82, 0x17, 0x32, 0x1A, 0x1B, 0x1A, 0x00, 0x17, 0x72, 0x12, 0x96, 0x0A, 0xA1, 0x03, 0xE5, 0x01, 
	0xF1, 0x02, 0x7A, 0xFB, 0x5F, 0xEF, 0x7B, 0xE9, 0x06, 0xEB, 0x30, 0xEC, 0xC5, 0xE6, 0x27, 0xE1, 
	0x9D, 0xE4, 0x1E, 0xED, 0xC9, 0xEF, 0x48, 0xEE, 0xF6, 0xEE, 0x83, 0xF3, 0x49, 0xFA, 0x5E, 0x00, 
	0x9F, 0x04, 0x8C, 0x05, 0x96, 0x03, 0xE3, 0x02, 0xBB, 0x08, 0xE6, 0x0F, 0x67, 0x0E, 0x40, 0x09, 
	0x00, 0x09, 0x92, 0x0E, 0xDB, 0x10, 0x06, 0x0D, 0xEF, 0x07, 0x97, 0x09, 0x9A, 0x0D, 0x21, 0x0B, 
	0x9C, 0x04, 0xF5, 0xFE, 0xFC, 0xFC, 0xB3, 0xFC, 0x18, 0xFE, 0x0D, 0xFD, 0x80, 0xF9, 0x2A, 0xF3, 
	0xCA, 0xF0, 0xA5, 0xF6, 0x1D, 0xFC, 0xC7, 0xF9, 0x58, 0xF3, 0x44, 0xF4, 0x86, 0xF9, 0xF5, 0xFB, 
	0xA2, 0xF8, 0x6F, 0xF7, 0xD7, 0xFC, 0xBE, 0x02, 0xE9, 0x02, 0x4B, 0x00, 0x0A, 0x00, 0xC4, 0x00, 
	0xF3, 0x04, 0x15, 0x0A, 0x80, 0x0C, 0x9F, 0x09, 0x82, 0x03, 0xCF, 0x01, 0x46, 0x07, 0x3D, 0x0B, 
	0xD3, 0x06, 0x40, 0x01, 0x11, 0x01, 0xF5, 0x04, 0xC4, 0x05, 0xA5, 0x01, 0x7D, 0xFF, 0x2E, 0x03, 
	0x38, 0x07, 0x80, 0x05, 0xC8, 0x01, 0x58, 0xFF, 0xD7, 0xFD, 0x21, 0xFE, 0xFD, 0xFF, 0xC2, 0xFF, 
	0xE5, 0xFA, 0xD4, 0xF3, 0x15, 0xF2, 0x22, 0xF8, 0xC9, 0xFB, 0xD4, 0xF7, 0x0C, 0xF3, 0x43, 0xF4, 
	0x97, 0xF9, 0x49, 0xFC, 0x7E, 0xFA, 0x94, 0xFB, 0xE8, 0x01, 0x4E, 0x06, 0x6F, 0x05, 0x9E, 0x03, 
	0x7A, 0x03, 0x14, 0x03, 0xCB, 0x03, 0x8D, 0x06, 0x6C, 0x07, 0x14, 0x03, 0xD9, 0xFB, 0x51, 0xFA, 
	0x33, 0x00, 0x6B, 0x03, 0x4B, 0xFF, 0x99, 0xFB, 0x1A, 0xFD, 0xB5, 0x00, 0x04, 0x01, 0xD4, 0xFD, 
	0x09, 0xFE, 0xE5, 0x01, 0x15, 0x04, 0xC6, 0x02, 0xFE, 0x00, 0xD8, 0xFF, 0x42, 0x00, 0xA3, 0x02, 
	0x56, 0x07, 0x4F, 0x0A, 0xA4, 0x08, 0x7D, 0x05, 0x62, 0x07, 0x48, 0x0F, 0xA2, 0x11, 0x3D, 0x0D, 
	0xC4, 0x08, 0x8C, 0x08, 0x6C, 0x08, 0x5D, 0x04, 0x54, 0xFD, 0x05, 0xF9, 0x83, 0xF8, 0x98, 0xF5, 
	0x84, 0xF1, 0xDD, 0xEC, 0x84, 0xE9, 0x09, 0xE8, 0xDB, 0xE9, 0xC3, 0xED, 0xD0, 0xEF, 0xE4, 0xED, 
	0xF5, 0xEA, 0x34, 0xEE, 0xDD, 0xF5, 0x4D, 0xFB, 0x34, 0xFB, 0x69, 0xFC, 0xF3, 0x00, 0x88, 0x06, 
	0xB1, 0x09, 0x5F, 0x0A, 0x41, 0x0E, 0x5E, 0x14, 0xCA, 0x18, 0x9F, 0x19, 0xE4, 0x18, 0xED, 0x16, 
	0xC0, 0x16, 0x82, 0x18, 0x27, 0x19, 0x2F, 0x16, 0x42, 0x0E, 0xC5, 0x05, 0xA1, 0x01, 0x81, 0x01, 
	0x29, 0xFE, 0x58, 0xF6, 0x88, 0xEF, 0x68, 0xEC, 0x6C, 0xEB, 0x12, 0xE9, 0x8A, 0xE6, 0xEC, 0xE6, 
	0x39, 0xEB, 0xC2, 0xEE, 0x65, 0xF0, 0xD7, 0xF0, 0x4F, 0xF1, 0x57, 0xF5, 0xF7, 0xFB, 0xD4, 0x02, 
	0xD4, 0x04, 0x91, 0x03, 0x88, 0x02, 0xB9, 0x06, 0x09, 0x0D, 0xA2, 0x0F, 0x01, 0x0E, 0x06, 0x0C, 
	0xEB, 0x0D, 0x53, 0x0F, 0xA0, 0x0E, 0x08, 0x0C, 0x43, 0x0B, 0x74, 0x0B, 0xAC, 0x0A, 0xB2, 0x07, 
	0x90, 0x02, 0x91, 0xFD, 0xA6, 0xFA, 0xB2, 0xFB, 0x9F, 0xFC, 0x2A, 0xFA, 0x8F, 0xF4, 0x03, 0xF1, 
	0x1C, 0xF3, 0x63, 0xF6, 0x51, 0xF8, 0x11, 0xF6, 0xF8, 0xF3, 0xB8, 0xF4, 0xD3, 0xF7, 0x14, 0xF9, 
	0x83, 0xF8, 0xC4, 0xF9, 0xE2, 0xFC, 0x55, 0x01, 0x1B, 0x02, 0x85, 0x01, 0x63, 0x00, 0x9E, 0x02, 
	0x38, 0x07, 0xF0, 0x0A, 0x68, 0x0A, 0x00, 0x06, 0x17, 0x04, 0x20, 0x06, 0x22, 0x0A, 0xBC, 0x0A, 
	0xFC, 0x07, 0x0B, 0x04, 0x0A, 0x04, 0x7F, 0x06, 0x0A, 0x06, 0x7F, 0x03, 0xC8, 0x01, 0xE9, 0x03, 
	0x95, 0x05, 0xDF, 0x04, 0x0D, 0x01, 0x5C, 0xFD, 0x2B, 0xFD, 0xBB, 0xFE, 0x22, 0x00, 0xCE, 0xFC, 
	0x52, 0xF7, 0x04, 0xF3, 0x7A, 0xF5, 0x5D, 0xF9, 0x35, 0xFA, 0x6C, 0xF8, 0x91, 0xF5, 0xAF, 0xF7, 
	0xA1, 0xFA, 0x70, 0xFC, 0x4A, 0xFB, 0x56, 0xFC, 0x2D, 0x00, 0x9D, 0x03, 0x2A, 0x04, 0x6A, 0x01, 
	0x30, 0x00, 0x9E, 0x00, 0x1B, 0x04, 0xC9, 0x05, 0x42, 0x04, 0x09, 0xFF, 0x51, 0xFB, 0x7A, 0xFD, 
	0x58, 0x01, 0xDF, 0x02, 0xF8, 0xFF, 0x66, 0xFD, 0x45, 0xFD, 0x33, 0x00, 0xB0, 0x00, 0x45, 0xFF, 
	0xC0, 0xFE, 0x1D, 0x00, 0xBA, 0x02, 0x95, 0x02, 0x2B, 0x01, 0x53, 0x00, 0xD6, 0x02, 0x0E, 0x07, 
	0xEB, 0x0A, 0x01, 0x0C, 0xE9, 0x08, 0x90, 0x07, 0xF5, 0x09, 0xCF, 0x0E, 0x79, 0x0F, 0xBE, 0x0C, 
	0xEC, 0x07, 0xB2, 0x05, 0x32, 0x05, 0xA3, 0x01, 0x5D, 0xFD, 0xF6, 0xF8, 0xD9, 0xF6, 0x4D, 0xF4, 
	0xC1, 0xF1, 0x3E, 0xED, 0xAC, 0xEA, 0x78, 0xEA, 0xAB, 0xEC, 0xA7, 0xF0, 0xE5, 0xF0, 0x48, 0xEE, 
	0x91, 0xEC, 0x4A, 0xF1, 0xB6, 0xF7, 0x05, 0xFC, 0x4C, 0xFD, 0xEC, 0xFD, 0x85, 0x01, 0x41, 0x05, 
	0x4E, 0x09, 0x98, 0x0C, 0xB7, 0x10, 0x90, 0x12, 0xDA, 0x14, 0x75, 0x16, 0x7D, 0x15, 0x1B, 0x14, 
	0x16, 0x13, 0x02, 0x15, 0xBE, 0x15, 0x95, 0x12, 0x10, 0x09, 0x31, 0x02, 0xF9, 0xFF, 0xC5, 0xFF, 
	0xB4, 0xFC, 0x67, 0xF6, 0xFF, 0xF0, 0x0D, 0xED, 0xE6, 0xEB, 0xEE, 0xEA, 0x96, 0xEC, 0x65, 0xED, 
	0x55, 0xED, 0x87, 0xEF, 0x4E, 0xF3, 0xF4, 0xF4, 0x71, 0xF4, 0x74, 0xF7, 0xC3, 0xFD, 0xC0, 0x05, 
	0x5F, 0x07, 0x83, 0x04, 0xB4, 0x04, 0x0F, 0x09, 0xAE, 0x0E, 0x60, 0x10, 0xE0, 0x0F, 0x1F, 0x0D, 
	0x4B, 0x0C, 0xD2, 0x0B, 0x69, 0x0C, 0x78, 0x0D, 0x94, 0x0B, 0x1E, 0x08, 0xCC, 0x05, 0x8F, 0x05, 
	0xB7, 0x00, 0x2F, 0xFB, 0x2F, 0xF8, 0x4A, 0xFA, 0xD7, 0xFC, 0x15, 0xF9, 0x57, 0xF2, 0x29, 0xEF, 
	0x1F, 0xF2, 0x65, 0xF4, 0xFE, 0xF6, 0x9E, 0xF6, 0x21, 0xF5, 0xFA, 0xF3, 0xD4, 0xF3, 0xC2, 0xF6, 
	0x32, 0xFB, 0x89, 0xFE, 0xCF, 0xFD, 0x4D, 0x00, 0xAD, 0x02, 0x8C, 0x02, 0xC8, 0x00, 0x33, 0x02, 
	0x8C, 0x07, 0xFD, 0x0B, 0x2D, 0x0B, 0x71, 0x06, 0x56, 0x06, 0x4D, 0x08, 0x40, 0x0A, 0x53, 0x0C, 
	0x01, 0x0D, 0x0F, 0x0A, 0x02, 0x06, 0xDB, 0x03, 0xEF, 0x03, 0x94, 0x06, 0x83, 0x06, 0x23, 0x04, 
	0x5D, 0x03, 0x6F, 0x02, 0x03, 0xFF, 0x31, 0xFB, 0x18, 0xFB, 0x17, 0xFD, 0xA0, 0xFE, 0x45, 0xFB, 
	0xD9, 0xF5, 0x6F, 0xF4, 0x53, 0xF5, 0x6A, 0xF7, 0x53, 0xFA, 0x80, 0xFC, 0xB7, 0xF9, 0x2B, 0xF7, 
	0x91, 0xF6, 0xB7, 0xF8, 0xCB, 0xFC, 0x74, 0xFE, 0xD3, 0xFE, 0x28, 0x00, 0x19, 0x01, 0xC5, 0xFE, 
	0x2A, 0xFE, 0xA2, 0xFF, 0x63, 0x02, 0x80, 0x04, 0x7A, 0x03, 0x3A, 0x00, 0xA5, 0xFE, 0x8D, 0xFE, 
	0xDD, 0xFF, 0xDE, 0x03, 0x14, 0x05, 0xA8, 0x01, 0x70, 0xFE, 0xD2, 0xFD, 0x46, 0xFE, 0x43, 0x00, 
	0x63, 0x01, 0x99, 0x01, 0xB4, 0x02, 0x94, 0x02, 0x9D, 0x01, 0x0C, 0x03, 0x1E, 0x05, 0x90, 0x07, 
	0x06, 0x0B, 0xFA, 0x0B, 0xA9, 0x09, 0x3E, 0x07, 0x8F, 0x07, 0x92, 0x09, 0xD5, 0x0C, 0x3C, 0x0C, 
	0xE5, 0x07, 0xD5, 0x03, 0x60, 0x00, 0x89, 0xFD, 0xD5, 0xFB, 0x83, 0xFA, 0x3E, 0xF7, 0xFE, 0xF4, 
	0xC0, 0xF1, 0xF4, 0xEE, 0x88, 0xED, 0xD1, 0xEC, 0x7A, 0xEE, 0x3D, 0xF2, 0x36, 0xF4, 0xE0, 0xF1, 
	0x92, 0xF1, 0x6E, 0xF3, 0x18, 0xF8, 0xB0, 0xFD, 0x1C, 0x01, 0x3D, 0x02, 0x52, 0x03, 0xD9, 0x04, 
	0x5C, 0x06, 0x8C, 0x0A, 0x08, 0x0E, 0xAD, 0x0F, 0x06, 0x11, 0xE5, 0x10, 0x25, 0x10, 0x90, 0x0F, 
	0xF9, 0x0E, 0x0F, 0x0F, 0xC8, 0x10, 0xB8, 0x0E, 0x24, 0x08, 0xF0, 0x01, 0x3E, 0xFE, 0xAE, 0xFD, 
	0x83, 0xFC, 0xDB, 0xF9, 0x96, 0xF5, 0xB2, 0xF2, 0x27, 0xEF, 0x8C, 0xED, 0x56, 0xEF, 0x5D, 0xF1, 
	0x9D, 0xF2, 0x9A, 0xF3, 0x8F, 0xF5, 0x38, 0xF6, 0xBA, 0xF7, 0x7C, 0xF9, 0x1D, 0xFF, 0x82, 0x06, 
	0xAD, 0x09, 0xAB, 0x08, 0x0B, 0x07, 0x63, 0x08, 0xE6, 0x0A, 0x36, 0x0E, 0x39, 0x0F, 0xC0, 0x0E, 
	0x54, 0x0C, 0xF1, 0x08, 0xB9, 0x07, 0x9B, 0x08, 0xD6, 0x08, 0x4F, 0x06, 0xB4, 0x04, 0x48, 0x02, 
	0x02, 0xFF, 0x9D, 0xFA, 0x79, 0xF7, 0x87, 0xF8, 0xCD, 0xFA, 0x65, 0xFA, 0x71, 0xF5, 0xF1, 0xF0, 
	0x25, 0xEF, 0x77, 0xF1, 0x26, 0xF5, 0x9D, 0xF6, 0x92, 0xF6, 0x40, 0xF5, 0x81, 0xF5, 0xC4, 0xF6, 
	0x1B, 0xFA, 0x34, 0xFD, 0x94, 0xFF, 0xD7, 0x01, 0xDE, 0x02, 0x10, 0x03, 0x38, 0x01, 0xE1, 0x01, 
	0xC7, 0x05, 0xE8, 0x0B, 0x03, 0x0F, 0x2E, 0x0D, 0x6D, 0x09, 0x83, 0x08, 0x8C, 0x0B, 0x02, 0x0E, 
	0x86, 0x0E, 0x17, 0x0C, 0x7F, 0x09, 0xE3, 0x06, 0x09, 0x05, 0x34, 0x04, 0xA1, 0x03, 0x20, 0x03, 
	0xEE, 0x01, 0x05, 0x01, 0x15, 0xFE, 0xDA, 0xF9, 0x4B, 0xF7, 0x28, 0xF8, 0x52, 0xFB, 0x52, 0xFC, 
	0xF4, 0xF9, 0x07, 0xF5, 0x95, 0xF4, 0xEF, 0xF6, 0xB2, 0xF9, 0xBC, 0xFA, 0x3B, 0xF9, 0x6D, 0xF8, 
	0x54, 0xF8, 0xB2, 0xF9, 0x1A, 0xFA, 0x3F, 0xFC, 0xD1, 0xFD, 0xAE, 0xFF, 0x0D, 0x01, 0x23, 0x00, 
	0xDE, 0xFD, 0xEB, 0xFC, 0xD2, 0xFF, 0x93, 0x03, 0xB9, 0x06, 0x96, 0x04, 0x44, 0x00, 0xA2, 0xFF, 
	0x0E, 0x02, 0x31, 0x04, 0xB9, 0x03, 0x26, 0x02, 0x65, 0x00, 0x26, 0x00, 0x9B, 0xFF, 0x52, 0xFF, 
	0xB2, 0x00, 0xC7, 0x01, 0x9C, 0x03, 0x67, 0x05, 0x1B, 0x06, 0x78, 0x03, 0x7E, 0x02, 0xD7, 0x04, 
	0xF1, 0x08, 0x2F, 0x0C, 0xB2, 0x09, 0x21, 0x06, 0xBC, 0x05, 0x0A, 0x08, 0xC1, 0x08, 0x85, 0x08, 
	0x1E, 0x06, 0xF3, 0x02, 0x06, 0x01, 0x8B, 0xFD, 0x04, 0xFB, 0x2D, 0xF9, 0x89, 0xF7, 0x85, 0xF5, 
	0x80, 0xF5, 0x45, 0xF3, 0xC9, 0xEE, 0x4F, 0xED, 0x2C, 0xEF, 0x9B, 0xF3, 0x6D, 0xF6, 0x60, 0xF6, 
	0x69, 0xF4, 0x36, 0xF7, 0xFE, 0xFA, 0x23, 0xFE, 0x50, 0x01, 0xBA, 0x02, 0xB3, 0x03, 0xAE, 0x04, 
	0x84, 0x05, 0xEA, 0x05, 0x09, 0x08, 0x3A, 0x09, 0x45, 0x0B, 0x03, 0x0E, 0x92, 0x0D, 0xAA, 0x0A, 
	0x37, 0x09, 0x70, 0x0A, 0xB5, 0x0B, 0xBA, 0x0B, 0xF2, 0x07, 0x27, 0x03, 0x6E, 0x01, 0x73, 0xFF, 
	0x9E, 0xFD, 0x43, 0xFC, 0x5B, 0xFA, 0x61, 0xF7, 0xA3, 0xF5, 0xB5, 0xF3, 0x47, 0xF2, 0x9D, 0xF3, 
	0x11, 0xF4, 0x41, 0xF6, 0x18, 0xF9, 0x09, 0xFA, 0x20, 0xF9, 0x6C, 0xFB, 0xDE, 0xFF, 0x0A, 0x04, 
	0x92, 0x07, 0x54, 0x07, 0xCC, 0x07, 0xD1, 0x08, 0x5A, 0x09, 0x6E, 0x09, 0x9E, 0x0B, 0x98, 0x0B, 
	0xA9, 0x09, 0x87, 0x08, 0x61, 0x06, 0x08, 0x05, 0x2C, 0x04, 0x4E, 0x03, 0x41, 0x02, 0x83, 0x02, 
	0x31, 0xFF, 0xDF, 0xFA, 0xAC, 0xF9, 0x74, 0xF9, 0x42, 0xF9, 0xAC, 0xF8, 0xBE, 0xF6, 0x88, 0xF4, 
	0xE3, 0xF3, 0xCE, 0xF2, 0xB5, 0xF3, 0xC9, 0xF6, 0xBB, 0xF7, 0x50, 0xF7, 0x23, 0xF8, 0x3E, 0xF9, 
	0xCB, 0xF9, 0x75, 0xFB, 0x95, 0xFD, 0x26, 0x00, 0x9C, 0x02, 0x0A, 0x02, 0xA7, 0x01, 0x72, 0x04, 
	0xBD, 0x07, 0xE3, 0x09, 0x5D, 0x0C, 0x9A, 0x0D, 0x6E, 0x0D, 0xED, 0x0C, 0x7E, 0x0B, 0x2C, 0x0C, 
	0xA4, 0x0D, 0x80, 0x0C, 0x85, 0x09, 0xC2, 0x07, 0x6E, 0x05, 0x3F, 0x02, 0xD2, 0x00, 0xFB, 0x00, 
	0x46, 0x01, 0x66, 0xFF, 0x00, 0xFC, 0x94, 0xF9, 0x9A, 0xFA, 0xAC, 0xFA, 0xC6, 0xF9, 0x4A, 0xFA, 
	0x55, 0xFA, 0x35, 0xF9, 0x76, 0xF7, 0x91, 0xF6, 0x7A, 0xF7, 0x0C, 0xFA, 0x30, 0xFA, 0xBD, 0xF9, 
	0x2E, 0xFA, 0x58, 0xFA, 0xD6, 0xF9, 0x03, 0xFB, 0x37, 0xFE, 0x19, 0x00, 0xCC, 0xFF, 0x68, 0xFE, 
	0x93, 0xFE, 0x30, 0x00, 0xE6, 0x00, 0xCB, 0x00, 0xBA, 0x02, 0xB6, 0x04, 0x9C, 0x03, 0x53, 0x01, 
	0xD6, 0xFF, 0xC5, 0x00, 0xBA, 0x02, 0xC4, 0x02, 0x1B, 0x02, 0x06, 0x02, 0x84, 0x01, 0x38, 0x00, 
	0x55, 0x01, 0x54, 0x04, 0xDD, 0x05, 0x0D, 0x05, 0xFC, 0x03, 0x22, 0x04, 0xFB, 0x04, 0x13, 0x05, 
	0x76, 0x04, 0xDF, 0x06, 0xA9, 0x08, 0x8E, 0x07, 0xF7, 0x04, 0xFE, 0x03, 0xAF, 0x04, 0xC1, 0x05, 
	0x61, 0x05, 0x7D, 0x03, 0xA6, 0x01, 0x14, 0xFE, 0xD4, 0xFA, 0xC4, 0xF9, 0x92, 0xFA, 0x01, 0xF9, 
	0xEF, 0xF5, 0x85, 0xF3, 0xB2, 0xF2, 0xEC, 0xF2, 0xD1, 0xF2, 0x75, 0xF3, 0xD1, 0xF6, 0x41, 0xFA, 
	0x3F, 0xFA, 0xB8, 0xF9, 0xBD, 0xFA, 0x15, 0xFD, 0x55, 0x00, 0xAC, 0x02, 0x9C, 0x03, 0x7C, 0x03, 
	0x63, 0x02, 0xD0, 0x01, 0x4B, 0x04, 0xE8, 0x07, 0xDF, 0x08, 0x93, 0x08, 0x62, 0x08, 0x6F, 0x08, 
	0x38, 0x08, 0xC6, 0x07, 0x22, 0x07, 0xEF, 0x07, 0x3E, 0x08, 0xCA, 0x05, 0x7A, 0x02, 0xFF, 0xFF, 
	0x99, 0xFE, 0x68, 0xFE, 0xD8, 0xFE, 0x36, 0xFD, 0x8B, 0xFA, 0x93, 0xF7, 0xAC, 0xF5, 0xC8, 0xF6, 
	0x5D, 0xF9, 0x9D, 0xFA, 0x48, 0xFA, 0x55, 0xFA, 0xB1, 0xFA, 0x78, 0xFC, 0x75, 0xFE, 0x00, 0x00, 
	0x8E, 0x02, 0x8A, 0x05, 0x42, 0x06, 0xEC, 0x04, 0xAB, 0x04, 0x7A, 0x05, 0xF7, 0x07, 0x8C, 0x09, 
	0xEA, 0x08, 0xD0, 0x06, 0x6D, 0x04, 0x46, 0x02, 0x58, 0x02, 0xD7, 0x03, 0x44, 0x03, 0x30, 0x01, 
	0x8F, 0xFE, 0xAD, 0xFC, 0x64, 0xFB, 0x4B, 0xFA, 0x2F, 0xF9, 0xA5, 0xF9, 0x73, 0xFA, 0xE5, 0xF8, 
	0x29, 0xF6, 0x1A, 0xF5, 0x05, 0xF6, 0x69, 0xF8, 0x64, 0xFA, 0xE8, 0xFA, 0x99, 0xFA, 0x91, 0xF9, 
	0x9C, 0xF8, 0x84, 0xFA, 0x57, 0xFE, 0x38, 0x00, 0x86, 0x00, 0x74, 0x00, 0x90, 0x01, 0xAA, 0x03, 
	0xE6, 0x05, 0x91, 0x07, 0x1A, 0x0A, 0x8A, 0x0C, 0x2B, 0x0C, 0x26, 0x0A, 0xFB, 0x08, 0x42, 0x09, 
	0xF0, 0x09, 0x02, 0x0A, 0xB4, 0x08, 0xB4, 0x06, 0x70, 0x03, 0xCA, 0xFF, 0x1F, 0xFF, 0x19, 0x01, 
	0x78, 0x01, 0x95, 0xFF, 0x65, 0xFD, 0x44, 0xFC, 0x18, 0xFC, 0x84, 0xFB, 0x2C, 0xFB, 0x2B, 0xFC, 
	0x01, 0xFD, 0x23, 0xFB, 0x6D, 0xF8, 0x8E, 0xF7, 0xAC, 0xF8, 0x04, 0xFA, 0x12, 0xFB, 0xF2, 0xFB, 
	0x97, 0xFC, 0xB2, 0xFB, 0xF4, 0xF9, 0x81, 0xFB, 0x02, 0xFF, 0x80, 0x00, 0x9C, 0xFF, 0xB3, 0xFE, 
	0x92, 0xFE, 0xC2, 0xFE, 0x77, 0xFE, 0x0D, 0xFF, 0x47, 0x01, 0x41, 0x02, 0x81, 0x00, 0x98, 0xFE, 
	0xB7, 0xFE, 0x03, 0x00, 0xF2, 0x00, 0xD2, 0x01, 0xE8, 0x02, 0x69, 0x03, 0xE1, 0x01, 0x50, 0x00, 
	0xEA, 0x01, 0xFC, 0x04, 0x1C, 0x06, 0x92, 0x05, 0x11, 0x05, 0x7E, 0x04, 0xC4, 0x03, 0x46, 0x03, 
	0xA4, 0x04, 0x2B, 0x07, 0x9D, 0x07, 0x89, 0x05, 0xD9, 0x03, 0x8C, 0x03, 0x74, 0x03, 0x77, 0x03, 
	0x7E, 0x03, 0x66, 0x03, 0xF4, 0x01, 0x6F, 0xFE, 0x40, 0xFB, 0xC7, 0xFA, 0x63, 0xFB, 0xFF, 0xF9, 
	0x2E, 0xF8, 0xDA, 0xF6, 0xC1, 0xF5, 0x6D, 0xF4, 0x14, 0xF4, 0x1B, 0xF6, 0x59, 0xF9, 0xB8, 0xFA, 
	0xA1, 0xF9, 0xAD, 0xF9, 0x1F, 0xFB, 0x33, 0xFD, 0xE2, 0xFE, 0xB0, 0x00, 0x49, 0x02, 0xBB, 0x02, 
	0xC4, 0x01, 0x70, 0x01, 0xB7, 0x03, 0xE4, 0x05, 0xF9, 0x06, 0x67, 0x07, 0x3D, 0x08, 0x88, 0x07, 
	0xB2, 0x05, 0xD1, 0x04, 0x30, 0x06, 0xFD, 0x07, 0x84, 0x06, 0x41, 0x03, 0x22, 0x01, 0x75, 0x00, 
	0x6E, 0xFF, 0xE7, 0xFE, 0xED, 0xFE, 0xCF, 0xFE, 0x60, 0xFD, 0xEA, 0xFA, 0x01, 0xFA, 0xA9, 0xFA, 
	0x44, 0xFB, 0x5B, 0xFB, 0x2D, 0xFC, 0x25, 0xFD, 0x9B, 0xFC, 0x4A, 0xFB, 0x83, 0xFB, 0xB1, 0xFE, 
	0xCE, 0x01, 0xA2, 0x02, 0xB1, 0x01, 0x10, 0x02, 0x61, 0x03, 0x79, 0x04, 0x0F, 0x06, 0x2B, 0x07, 
	0x68, 0x07, 0xC5, 0x05, 0x0D, 0x04, 0x09, 0x03, 0x15, 0x03, 0x1E, 0x02, 0x2A, 0x01, 0x27, 0x01, 
	0x94, 0x00, 0x4F, 0xFE, 0xF3, 0xFA, 0x29, 0xFA, 0x66, 0xFB, 0xDB, 0xFC, 0xDD, 0xFB, 0xF3, 0xF9, 
	0x02, 0xF9, 0xC5, 0xF8, 0x09, 0xF9, 0xFD, 0xF9, 0xB8, 0xFB, 0x01, 0xFC, 0x50, 0xFB, 0xBA, 0xFA, 
	0xC2, 0xFB, 0x1A, 0xFD, 0x46, 0xFD, 0x45, 0xFE, 0x40, 0x00, 0x3A, 0x02, 0x0D, 0x02, 0xBD, 0x01, 
	0x13, 0x03, 0x17, 0x06, 0x21, 0x08, 0xFB, 0x07, 0x6E, 0x07, 0xD9, 0x06, 0xB4, 0x06, 0x2F, 0x06, 
	0xBE, 0x06, 0x12, 0x07, 0x0C, 0x06, 0xC8, 0x03, 0x0D, 0x02, 0xF2, 0x01, 0x8F, 0x01, 0x71, 0x00, 
	0xB5, 0xFF, 0xC5, 0x00, 0xCB, 0x00, 0x01, 0xFF, 0xF8, 0xFC, 0x07, 0xFD, 0x9F, 0xFE, 0xB7, 0xFE, 
	0xA5, 0xFD, 0x66, 0xFC, 0xB8, 0xFB, 0x9C, 0xFA, 0x19, 0xFA, 0x58, 0xFB, 0x00, 0xFD, 0x4D, 0xFD, 
	0x51, 0xFC, 0x7D, 0xFC, 0x8D, 0xFD, 0x27, 0xFE, 0x6E, 0xFD, 0xB0, 0xFD, 0x1E, 0xFF, 0x79, 0xFF, 
	0x11, 0xFE, 0x75, 0xFC, 0xF4, 0xFC, 0xF7, 0xFD, 0x73, 0xFE, 0x33, 0xFE, 0xC7, 0xFE, 0xDE, 0xFE, 
	0x4B, 0xFE, 0xAE, 0xFE, 0xA5, 0x00, 0xA1, 0x02, 0x6B, 0x02, 0xBB, 0x01, 0x45, 0x02, 0x01, 0x04, 
	0x58, 0x04, 0x7F, 0x03, 0xF6, 0x03, 0xCF, 0x05, 0x19, 0x06, 0x59, 0x04, 0x86, 0x03, 0x8C, 0x04, 
	0xA7, 0x05, 0x6A, 0x05, 0xED, 0x04, 0x2D, 0x05, 0x8B, 0x04, 0x93, 0x02, 0x68, 0x01, 0x44, 0x02, 
	0x9D, 0x02, 0xBC, 0x00, 0x61, 0xFE, 0xC8, 0xFD, 0x0E, 0xFE, 0xB2, 0xFC, 0x8F, 0xFA, 0xFD, 0xF9, 
	0xBF, 0xFA, 0x07, 0xFA, 0x1C, 0xF8, 0x66, 0xF7, 0x57, 0xF8, 0x26, 0xF9, 0x23, 0xF9, 0xC6, 0xF9, 
	0x7C, 0xFB, 0x2D, 0xFC, 0xC7, 0xFB, 0x99, 0xFC, 0x26, 0xFF, 0xE8, 0x00, 0xB2, 0x00, 0x9B, 0x00, 
	0x47, 0x02, 0x40, 0x04, 0x79, 0x04, 0xFD, 0x03, 0xBE, 0x04, 0x5F, 0x06, 0x6D, 0x06, 0x4F, 0x05, 
	0xC2, 0x04, 0x09, 0x05, 0xB0, 0x04, 0x79, 0x03, 0xEA, 0x02, 0xC4, 0x02, 0xA7, 0x01, 0x93, 0xFF, 
	0xD0, 0xFE, 0x72, 0xFF, 0x74, 0xFF, 0xE5, 0xFD, 0xAF, 0xFC, 0x5E, 0xFD, 0x16, 0xFE, 0x85, 0xFD, 
	0x4B, 0xFC, 0xA8, 0xFC, 0xC3, 0xFD, 0xC8, 0xFD, 0xFF, 0xFC, 0xF4, 0xFC, 0xD4, 0xFD, 0x2B, 0xFE, 
	0x9B, 0xFE, 0xB1, 0xFF, 0x78, 0x01, 0x06, 0x02, 0xDA, 0x01, 0xCB, 0x02, 0xAC, 0x04, 0x82, 0x05, 
	0x32, 0x04, 0x79, 0x03, 0xDA, 0x03, 0x4D, 0x04, 0xF3, 0x02, 0x42, 0x01, 0xDA, 0x00, 0xDF, 0x00, 
	0xEB, 0xFF, 0x2A, 0xFE, 0xBC, 0xFD, 0x98, 0xFD, 0x23, 0xFD, 0x43, 0xFC, 0x62, 0xFC, 0xEC, 0xFC, 
	0x54, 0xFC, 0x30, 0xFB, 0x35, 0xFB, 0xF3, 0xFC, 0x34, 0xFD, 0xEF, 0xFB, 0x4F, 0xFB, 0xF0, 0xFC, 
	0x78, 0xFE, 0x3C, 0xFE, 0xE4, 0xFD, 0xE1, 0xFE, 0xBB, 0x00, 0xE9, 0x00, 0xF3, 0x00, 0xA6, 0x01, 
	0xCE, 0x02, 0xD5, 0x02, 0x97, 0x02, 0x7F, 0x03, 0x4C, 0x04, 0x2A, 0x04, 0x02, 0x03, 0x6B, 0x03, 
	0x4F, 0x04, 0x47, 0x04, 0xA6, 0x02, 0xB8, 0x01, 0x7D, 0x02, 0xD9, 0x02, 0xFE, 0x01, 0xAE, 0x00, 
	0xE7, 0x00, 0x28, 0x01, 0xDA, 0x00, 0x2B, 0x00, 0x3C, 0x00, 0x53, 0x00, 0x79, 0xFF, 0xDB, 0xFE, 
	0xCD, 0xFE, 0x07, 0xFF, 0x1C, 0xFE, 0x6A, 0xFD, 0xA9, 0xFD, 0x91, 0xFE, 0x7C, 0xFE, 0x4D, 0xFD, 
	0x1D, 0xFD, 0xE5, 0xFD, 0xCE, 0xFE, 0x39, 0xFE, 0xB9, 0xFD, 0xC8, 0xFD, 0x0F, 0xFE, 0x94, 0xFD, 
	0xFD, 0xFC, 0x42, 0xFD, 0x42, 0xFD, 0xF1, 0xFC, 0x8F, 0xFC, 0x6C, 0xFD, 0x01, 0xFE, 0x06, 0xFE, 
	0x39, 0xFE, 0x73, 0xFF, 0x31, 0x01, 0x99, 0x01, 0x61, 0x01, 0x8C, 0x01, 0xD3, 0x02, 0xA6, 0x03, 
	0xA1, 0x03, 0x5B, 0x03, 0xA2, 0x03, 0x2F, 0x04, 0xFB, 0x03, 0xEF, 0x03, 0x05, 0x04, 0x59, 0x04, 
	0x06, 0x04, 0xCB, 0x03, 0xF2, 0x03, 0x73, 0x03, 0x48, 0x02, 0x45, 0x01, 0x85, 0x01, 0x98, 0x01, 
	0xAC, 0x00, 0xEE, 0xFE, 0x22, 0xFE, 0x3A, 0xFE, 0x25, 0xFE, 0x62, 0xFD, 0x66, 0xFC, 0x56, 0xFC, 
	0x2E, 0xFC, 0xC2, 0xFB, 0x63, 0xFB, 0x7C, 0xFB, 0x97, 0xFB, 0x8E, 0xFB, 0xE9, 0xFB, 0x98, 0xFC, 
	0x0E, 0xFD, 0xBB, 0xFC, 0x18, 0xFD, 0x8D, 0xFE, 0xF9, 0xFF, 0x53, 0x00, 0x2A, 0x00, 0xE8, 0x00, 
	0x15, 0x02, 0xF3, 0x02, 0x03, 0x03, 0x01, 0x03, 0x50, 0x03, 0x78, 0x03, 0x47, 0x03, 0x20, 0x03, 
	0x25, 0x03, 0x9E, 0x02, 0x1A, 0x02, 0xE7, 0x01, 0x0F, 0x02, 0x76, 0x01, 0x0F, 0x00, 0x5E, 0xFF, 
	0xC1, 0xFF, 0x1D, 0x00, 0x40, 0xFF, 0x53, 0xFE, 0x3E, 0xFE, 0xD7, 0xFE, 0x1B, 0xFF, 0xC6, 0xFE, 
	0x7C, 0xFE, 0x86, 0xFE, 0xAB, 0xFE, 0x83, 0xFE, 0x9B, 0xFE, 0x90, 0xFE, 0x6A, 0xFE, 0x84, 0xFE, 
	0x34, 0xFF, 0x55, 0x00, 0xB2, 0x00, 0x6A, 0x00, 0x87, 0x00, 0xD3, 0x01, 0xBF, 0x02, 0x8C, 0x02, 
	0xF4, 0x01, 0x0A, 0x02, 0x98, 0x02, 0x80, 0x02, 0xD1, 0x01, 0x29, 0x01, 0xFE, 0x00, 0x70, 0x00, 
	0xE7, 0xFF, 0xAA, 0xFF, 0x44, 0xFF, 0x8F, 0xFE, 0x07, 0xFE, 0x61, 0xFE, 0xF3, 0xFE, 0xB8, 0xFE, 
	0xA4, 0xFD, 0x67, 0xFD, 0x41, 0xFE, 0xA4, 0xFE, 0x02, 0xFE, 0x5D, 0xFD, 0xC0, 0xFD, 0x85, 0xFE, 
	0xEC, 0xFE, 0xD0, 0xFE, 0x19, 0xFF, 0xB4, 0xFF, 0xE8, 0xFF, 0x3C, 0x00, 0xAD, 0x00, 0xBB, 0x00, 
	0x3B, 0x00, 0x2B, 0x00, 0xDB, 0x00, 0xB9, 0x01, 0x90, 0x01, 0xAA, 0x00, 0xC9, 0x00, 0xBC, 0x01, 
	0x2F, 0x02, 0x8B, 0x01, 0x1D, 0x01, 0x51, 0x01, 0xC8, 0x01, 0xB4, 0x01, 0x45, 0x01, 0x47, 0x01, 
	0x5E, 0x01, 0x36, 0x01, 0x2E, 0x01, 0x7E, 0x01, 0xF2, 0x00, 0x02, 0x00, 0xA6, 0xFF, 0x40, 0x00, 
	0xD0, 0x00, 0x33, 0x00, 0x1F, 0xFF, 0x03, 0xFF, 0xCF, 0xFF, 0xE0, 0xFF, 0x2B, 0xFF, 0xAC, 0xFE, 
	0xCB, 0xFE, 0x00, 0xFF, 0xCA, 0xFE, 0x61, 0xFE, 0x3A, 0xFE, 0x34, 0xFE, 0xF8, 0xFD, 0x2C, 0xFE, 
	0x7A, 0xFE, 0xFC, 0xFD, 0x12, 0xFD, 0xF7, 0xFC, 0xF0, 0xFD, 0xC9, 0xFE, 0xB0, 0xFE, 0x2F, 0xFE, 
	0xD2, 0xFE, 0x15, 0x00, 0xB3, 0x00, 0xB7, 0x00, 0xF1, 0x00, 0x96, 0x01, 0x0C, 0x02, 0x2E, 0x02, 
	0x18, 0x02, 0x24, 0x02, 0x23, 0x02, 0x22, 0x02, 0x97, 0x02, 0x0F, 0x03, 0x99, 0x02, 0x91, 0x01, 
	0x61, 0x01, 0x03, 0x02, 0x6A, 0x02, 0xA4, 0x01, 0x95, 0x00, 0x69, 0x00, 0xB5, 0x00, 0x65, 0x00, 
	0x96, 0xFF, 0x2F, 0xFF, 0x0F, 0xFF, 0x05, 0xFF, 0xBF, 0xFE, 0x81, 0xFE, 0x35, 0xFE, 0xE0, 0xFD, 
	0xD5, 0xFD, 0x68, 0xFE, 0xF7, 0xFE, 0x7F, 0xFE, 0xBE, 0xFD, 0xD8, 0xFD, 0xCB, 0xFE, 0x49, 0xFF, 
	0xE7, 0xFE, 0x86, 0xFE, 0xFC, 0xFE, 0xCE, 0xFF, 0x14, 0x00, 0x04, 0x00, 0x29, 0x00, 0x8F, 0x00, 
	0xEE, 0x00, 0x40, 0x01, 0x65, 0x01, 0x3B, 0x01, 0xE1, 0x00, 0xD9, 0x00, 0x71, 0x01, 0xC5, 0x01, 
	0x2A, 0x01, 0x47, 0x00, 0x39, 0x00, 0xDC, 0x00, 0x07, 0x01, 0x62, 0x00, 0xB1, 0xFF, 0xBF, 0xFF, 
	0x05, 0x00, 0xEC, 0xFF, 0x90, 0xFF, 0x63, 0xFF, 0x62, 0xFF, 0x7F, 0xFF, 0xBE, 0xFF, 0xC6, 0xFF, 
	0x7C, 0xFF, 0x0A, 0xFF, 0x25, 0xFF, 0xCB, 0xFF, 0x22, 0x00, 0xA4, 0xFF, 0x16, 0xFF, 0x57, 0xFF, 
	0x14, 0x00, 0x65, 0x00, 0x1D, 0x00, 0xF3, 0xFF, 0x41, 0x00, 0xB9, 0x00, 0xDF, 0x00, 0xBF, 0x00, 
	0xA1, 0x00, 0x9B, 0x00, 0xC7, 0x00, 0x0E, 0x01, 0x0C, 0x01, 0x90, 0x00, 0x11, 0x00, 0x0F, 0x00, 
	0x73, 0x00, 0x85, 0x00, 0xF4, 0xFF, 0x61, 0xFF, 0x6C, 0xFF, 0xDA, 0xFF, 0xE9, 0xFF, 0x86, 0xFF, 
	0x39, 0xFF, 0x46, 0xFF, 0x78, 0xFF, 0x7A, 0xFF, 0x44, 0xFF, 0x0D, 0xFF, 0x08, 0xFF, 0x3C, 0xFF, 
	0x99, 0xFF, 0xBB, 0xFF, 0x86, 0xFF, 0x55, 0xFF, 0x98, 0xFF, 0x1D, 0x00, 0x54, 0x00, 0x0D, 0x00, 
	0xBB, 0xFF, 0xDE, 0xFF, 0x37, 0x00, 0x54, 0x00, 0x2B, 0x00, 0x0C, 0x00, 0x23, 0x00, 0x5F, 0x00, 
	0x83, 0x00, 0x6E, 0x00, 0x4D, 0x00, 0x4C, 0x00, 0x82, 0x00, 0xCE, 0x00, 0xDE, 0x00, 0x9C, 0x00, 
	0x65, 0x00, 0x7F, 0x00, 0xBA, 0x00, 0xC1, 0x00, 0x77, 0x00, 0x2B, 0x00, 0x23, 0x00, 0x47, 0x00, 
	0x44, 0x00, 0x13, 0x00, 0xE5, 0xFF, 0xDD, 0xFF, 0xF9, 0xFF, 0x01, 0x00, 0xD3, 0xFF, 0x9A, 0xFF, 
	0x86, 0xFF, 0x96, 0xFF, 0xB0, 0xFF, 0xA4, 0xFF, 0x6B, 0xFF, 0x46, 0xFF, 0x58, 0xFF, 0x7E, 0xFF, 
	0x89, 0xFF, 0x6C, 0xFF, 0x52, 0xFF, 0x68, 0xFF, 0x91, 0xFF, 0xA9, 0xFF, 0xB0, 0xFF, 0xB8, 0xFF, 
	0xD6, 0xFF, 0x0B, 0x00, 0x31, 0x00, 0x38, 0x00, 0x30, 0x00, 0x3C, 0x00, 0x5A, 0x00, 0x7C, 0x00, 
	0x7B, 0x00, 0x5F, 0x00, 0x4E, 0x00, 0x58, 0x00, 0x67, 0x00, 0x66, 0x00, 0x53, 0x00, 0x3A, 0x00, 
	0x33, 0x00, 0x37, 0x00, 0x33, 0x00, 0x21, 0x00, 0x0F, 0x00, 0x06, 0x00, 0x0B, 0x00, 0x0A, 0x00, 
	0xF8, 0xFF, 0xE2, 0xFF, 0xDE, 0xFF, 0xE3, 0xFF, 0xEC, 0xFF, 0xE9, 0xFF, 0xDE, 0xFF, 0xDC, 0xFF, 
	0xE4, 0xFF, 0xED, 0xFF, 0xF2, 0xFF, 0xF2, 0xFF, 0xF0, 0xFF, 0xF3, 0xFF, 0xFA, 0xFF, 0xFD, 0xFF, 
	0xFB, 0xFF, 0xFC, 0xFF, 0xFD, 0xFF, 0x00, 0x00, 0x00, 0x00, 0x00, 0x00, 
};
