#include "../include.h"

// sound format: PCM mono 16-bit 22050Hz
// sound format: SNDFORM_PCM16
// sound speed relative to 50000Hz: 0.44100f
const u8 SirenSnd[18932] __attribute__ ((aligned(4))) = {
	0xE8, 0x49, 0x00, 0x00,	// data size=18920
	12, 0,			// data offset
	0x22, 0x56,		// sample rate=22050
	0x00, 0x00,		// ADPCM samples per block=0
	16,			// bits per sample
	1,			// number of channels
	0x2D, 0x02, 0x5B, 0x04, 0x89, 0x06, 0xB6, 0x08, 0xE3, 0x0A, 0x11, 0x0D, 0x6B, 0x11, 0x9A, 0x13, 
	0xC7, 0x15, 0xF5, 0x17, 0x22, 0x1A, 0x4F, 0x1C, 0x22, 0x1A, 0x22, 0x1A, 0xC8, 0x15, 0x9A, 0x13, 
	0x6B, 0x11, 0x3F, 0x0F, 0x11, 0x0D, 0xE4, 0x0A, 0xB6, 0x08, 0x89, 0x06, 0x5B, 0x04, 0x2E, 0x02, 
	0x00, 0x00, 0xD2, 0xFD, 0x78, 0xF9, 0x4A, 0xF7, 0x1D, 0xF5, 0xF0, 0xF2, 0xC1, 0xF0, 0x93, 0xEE, 
	0x66, 0xEC, 0x39, 0xEA, 0x0C, 0xE8, 0xDD, 0xE5, 0x83, 0xE1, 0x82, 0xE1, 0x83, 0xE1, 0x83, 0xE1, 
	0xDE, 0xE5, 0x0B, 0xE8, 0x39, 0xEA, 0x67, 0xEC, 0x94, 0xEE, 0xC2, 0xF0, 0xEF, 0xF2, 0x1D, 0xF5, 
	0x4A, 0xF7, 0x77, 0xF9, 0xD3, 0xFD, 0x00, 0x00, 0x2D, 0x02, 0x5B, 0x04, 0x88, 0x06, 0xB6, 0x08, 
	0xE4, 0x0A, 0x10, 0x0D, 0x3F, 0x0F, 0x6B, 0x11, 0x99, 0x13, 0xF5, 0x17, 0x22, 0x1A, 0x4F, 0x1C, 
	0x4F, 0x1C, 0x22, 0x1A, 0xF4, 0x17, 0xC7, 0x15, 0x9A, 0x13, 0x6C, 0x11, 0x11, 0x0D, 0xE3, 0x0A, 
	0xB6, 0x08, 0x88, 0x06, 0x5B, 0x04, 0x2D, 0x02, 0x00, 0x00, 0xD2, 0xFD, 0xA5, 0xFB, 0x49, 0xF7, 
	0x1C, 0xF5, 0xEF, 0xF2, 0xC2, 0xF0, 0x95, 0xEE, 0x66, 0xEC, 0x39, 0xEA, 0x0B, 0xE8, 0xDE, 0xE5, 
	0xB0, 0xE3, 0x83, 0xE1, 0x83, 0xE1, 0x83, 0xE1, 0x84, 0xE1, 0xB0, 0xE3, 0xDF, 0xE5, 0x0C, 0xE8, 
	0x38, 0xEA, 0x67, 0xEC, 0x94, 0xEE, 0xC1, 0xF0, 0xEF, 0xF2, 0x1C, 0xF5, 0x4B, 0xF7, 0x78, 0xF9, 
	0xA5, 0xFB, 0xD3, 0xFD, 0x00, 0x00, 0x2E, 0x02, 0x5B, 0x04, 0x89, 0x06, 0xB6, 0x08, 0xE4, 0x0A, 
	0x11, 0x0D, 0x3E, 0x0F, 0x6C, 0x11, 0x99, 0x13, 0xC7, 0x15, 0xF4, 0x17, 0xF4, 0x17, 0x4F, 0x1C, 
	0x22, 0x1A, 0x50, 0x1C, 0xF5, 0x17, 0xF5, 0x17, 0x9A, 0x13, 0x99, 0x13, 0x3E, 0x0F, 0x3E, 0x0F, 
	0xE3, 0x0A, 0xE4, 0x0A, 0x88, 0x06, 0x89, 0x06, 0x5B, 0x04, 0x2D, 0x02, 0x00, 0x00, 0xD2, 0xFD, 
	0xA6, 0xFB, 0x77, 0xF9, 0x4A, 0xF7, 0x1D, 0xF5, 0xEF, 0xF2, 0xC2, 0xF0, 0x94, 0xEE, 0x67, 0xEC, 
	0x39, 0xEA, 0x0B, 0xE8, 0xDF, 0xE5, 0xB0, 0xE3, 0x82, 0xE1, 0x83, 0xE1, 0x83, 0xE1, 0x83, 0xE1, 
	0xDF, 0xE5, 0xDE, 0xE5, 0x3A, 0xEA, 0x39, 0xEA, 0x67, 0xEC, 0x94, 0xEE, 0xC1, 0xF0, 0xEF, 0xF2, 
	0x1D, 0xF5, 0x4A, 0xF7, 0x78, 0xF9, 0xA5, 0xFB, 0xD2, 0xFD, 0x01, 0x00, 0x2D, 0x02, 0x5B, 0x04, 
	0x89, 0x06, 0xB6, 0x08, 0xE4, 0x0A, 0x11, 0x0D, 0x3F, 0x0F, 0x6C, 0x11, 0x99, 0x13, 0xC8, 0x15, 
	0xF5, 0x17, 0x22, 0x1A, 0x50, 0x1C, 0x22, 0x1A, 0x22, 0x1A, 0xF4, 0x17, 0xC8, 0x15, 0x99, 0x13, 
	0x6C, 0x11, 0x3F, 0x0F, 0x11, 0x0D, 0xE4, 0x0A, 0xB6, 0x08, 0x88, 0x06, 0x5B, 0x04, 0x2D, 0x02, 
	0x00, 0x00, 0xD2, 0xFD, 0xA4, 0xFB, 0x78, 0xF9, 0x4A, 0xF7, 0x1D, 0xF5, 0x1C, 0xF5, 0xC2, 0xF0, 
	0xC2, 0xF0, 0x93, 0xEE, 0x67, 0xEC, 0x39, 0xEA, 0x0C, 0xE8, 0xDE, 0xE5, 0xB1, 0xE3, 0x82, 0xE1, 
	0x83, 0xE1, 0x83, 0xE1, 0xB1, 0xE3, 0xDE, 0xE5, 0x0B, 0xE8, 0x39, 0xEA, 0x67, 0xEC, 0x94, 0xEE, 
	0xC2, 0xF0, 0xF0, 0xF2, 0x1D, 0xF5, 0x4A, 0xF7, 0x78, 0xF9, 0x77, 0xF9, 0xD2, 0xFD, 0xD3, 0xFD, 
	0xFF, 0xFF, 0x2E, 0x02, 0x5B, 0x04, 0x89, 0x06, 0xB6, 0x08, 0xE4, 0x0A, 0x12, 0x0D, 0x3E, 0x0F, 
	0x6C, 0x11, 0x99, 0x13, 0xC7, 0x15, 0xF5, 0x17, 0x21, 0x1A, 0x4F, 0x1C, 0x50, 0x1C, 0x23, 0x1A, 
	0xF5, 0x17, 0xC7, 0x15, 0x99, 0x13, 0x6C, 0x11, 0x3F, 0x0F, 0x11, 0x0D, 0xE3, 0x0A, 0xB6, 0x08, 
	0x88, 0x06, 0x5B, 0x04, 0x2D, 0x02, 0xFF, 0xFF, 0xD3, 0xFD, 0xA5, 0xFB, 0x77, 0xF9, 0x4B, 0xF7, 
	0x1D, 0xF5, 0xF0, 0xF2, 0xC2, 0xF0, 0x94, 0xEE, 0x95, 0xEE, 0x67, 0xEC, 0x3A, 0xEA, 0x0C, 0xE8, 
	0xDE, 0xE5, 0xB1, 0xE3, 0x83, 0xE1, 0x84, 0xE1, 0x83, 0xE1, 0xB0, 0xE3, 0xDF, 0xE5, 0x0C, 0xE8, 
	0x39, 0xEA, 0x66, 0xEC, 0x94, 0xEE, 0xC1, 0xF0, 0xEF, 0xF2, 0x1C, 0xF5, 0x4A, 0xF7, 0x78, 0xF9, 
	0xA5, 0xFB, 0xD3, 0xFD, 0x00, 0x00, 0x2E, 0x02, 0x2E, 0x02, 0x88, 0x06, 0x89, 0x06, 0xB6, 0x08, 
	0xE3, 0x0A, 0x11, 0x0D, 0x3E, 0x0F, 0x6B, 0x11, 0x99, 0x13, 0xC7, 0x15, 0xF5, 0x17, 0x22, 0x1A, 
	0x22, 0x1A, 0x4F, 0x1C, 0x22, 0x1A, 0xF4, 0x17, 0xC7, 0x15, 0x99, 0x13, 0x6C, 0x11, 0x3F, 0x0F, 
	0x12, 0x0D, 0xE3, 0x0A, 0xB6, 0x08, 0x88, 0x06, 0x5B, 0x04, 0x2D, 0x02, 0x00, 0x00, 0xD2, 0xFD, 
	0xA5, 0xFB, 0x78, 0xF9, 0x4A, 0xF7, 0x1D, 0xF5, 0xEF, 0xF2, 0xC1, 0xF0, 0x94, 0xEE, 0x66, 0xEC, 
	0x39, 0xEA, 0x0C, 0xE8, 0xDE, 0xE5, 0xB0, 0xE3, 0x83, 0xE1, 0x84, 0xE1, 0x83, 0xE1, 0x83, 0xE1, 
	0xB1, 0xE3, 0xDE, 0xE5, 0x0B, 0xE8, 0x39, 0xEA, 0x66, 0xEC, 0x95, 0xEE, 0xC2, 0xF0, 0xEF, 0xF2, 
	0x1C, 0xF5, 0x4A, 0xF7, 0x77, 0xF9, 0xA5, 0xFB, 0xD3, 0xFD, 0x00, 0x00, 0x2E, 0x02, 0x5C, 0x04, 
	0x89, 0x06, 0xB6, 0x08, 0xE3, 0x0A, 0x11, 0x0D, 0x3E, 0x0F, 0x3F, 0x0F, 0x6D, 0x11, 0x9A, 0x13, 
	0xC7, 0x15, 0xF5, 0x17, 0x22, 0x1A, 0x21, 0x1A, 0x4F, 0x1C, 0xF4, 0x17, 0xF4, 0x17, 0xC7, 0x15, 
	0x9A, 0x13, 0x6C, 0x11, 0x3E, 0x0F, 0x11, 0x0D, 0xE4, 0x0A, 0xB6, 0x08, 0x88, 0x06, 0x5A, 0x04, 
	0x2D, 0x02, 0xFF, 0xFF, 0xD2, 0xFD, 0xA5, 0xFB, 0x77, 0xF9, 0x4A, 0xF7, 0x1C, 0xF5, 0xEF, 0xF2, 
	0xC2, 0xF0, 0x95, 0xEE, 0x66, 0xEC, 0x39, 0xEA, 0x0C, 0xE8, 0xDE, 0xE5, 0xB0, 0xE3, 0x83, 0xE1, 
	0x82, 0xE1, 0x83, 0xE1, 0x83, 0xE1, 0xB1, 0xE3, 0xDE, 0xE5, 0x0C, 0xE8, 0x39, 0xEA, 0x67, 0xEC, 
	0x94, 0xEE, 0xC2, 0xF0, 0xEF, 0xF2, 0x1D, 0xF5, 0x4A, 0xF7, 0x77, 0xF9, 0xA4, 0xFB, 0xD2, 0xFD, 
	0x00, 0x00, 0x2D, 0x02, 0x5B, 0x04, 0x89, 0x06, 0xB6, 0x08, 0xE4, 0x0A, 0x11, 0x0D, 0x3E, 0x0F, 
	0x6C, 0x11, 0x99, 0x13, 0xC8, 0x15, 0xF4, 0x17, 0x22, 0x1A, 0x50, 0x1C, 0x22, 0x1A, 0x22, 0x1A, 
	0xF4, 0x17, 0xC7, 0x15, 0x9A, 0x13, 0x9A, 0x13, 0x3E, 0x0F, 0x3E, 0x0F, 0xE4, 0x0A, 0xE4, 0x0A, 
	0x89, 0x06, 0x88, 0x06, 0x5A, 0x04, 0x2D, 0x02, 0x01, 0x00, 0xD3, 0xFD, 0xA5, 0xFB, 0x78, 0xF9, 
	0x4A, 0xF7, 0x1C, 0xF5, 0xF0, 0xF2, 0xC2, 0xF0, 0x95, 0xEE, 0x67, 0xEC, 0x39, 0xEA, 0x0C, 0xE8, 
	0xDF, 0xE5, 0xB1, 0xE3, 0x83, 0xE1, 0x83, 0xE1, 0x83, 0xE1, 0x84, 0xE1, 0xDE, 0xE5, 0xDE, 0xE5, 
	0x39, 0xEA, 0x38, 0xEA, 0x94, 0xEE, 0xC2, 0xF0, 0xEF, 0xF2, 0x1C, 0xF5, 0x4A, 0xF7, 0x77, 0xF9, 
	0xA6, 0xFB, 0xD2, 0xFD, 0x00, 0x00, 0x2E, 0x02, 0x5C, 0x04, 0xB7, 0x08, 0xE4, 0x0A, 0x10, 0x0D, 
	0x3E, 0x0F, 0x6C, 0x11, 0x9A, 0x13, 0xC7, 0x15, 0xF5, 0x17, 0x22, 0x1A, 0x50, 0x1C, 0x22, 0x1A, 
	0xF5, 0x17, 0xC7, 0x15, 0x9A, 0x13, 0x6C, 0x11, 0x3E, 0x0F, 0x11, 0x0D, 0xE3, 0x0A, 0x89, 0x06, 
	0x5C, 0x04, 0x2D, 0x02, 0x00, 0x00, 0xD3, 0xFD, 0xA6, 0xFB, 0x78, 0xF9, 0x4A, 0xF7, 0x1D, 0xF5, 
	0xF0, 0xF2, 0xC1, 0xF0, 0x67, 0xEC, 0x39, 0xEA, 0x0B, 0xE8, 0xDE, 0xE5, 0xB1, 0xE3, 0x83, 0xE1, 
	0x83, 0xE1, 0x83, 0xE1, 0xB0, 0xE3, 0xDE, 0xE5, 0x0C, 0xE8, 0x39, 0xEA, 0x66, 0xEC, 0xC1, 0xF0, 
	0xEF, 0xF2, 0x1D, 0xF5, 0x4A, 0xF7, 0x77, 0xF9, 0xA5, 0xFB, 0xD3, 0xFD, 0x00, 0x00, 0x2D, 0x02, 
	0x5B, 0x04, 0x89, 0x06, 0xE3, 0x0A, 0x11, 0x0D, 0x3F, 0x0F, 0x6C, 0x11, 0x9A, 0x13, 0xC7, 0x15, 
	0xF5, 0x17, 0x22, 0x1A, 0x22, 0x1A, 0x22, 0x1A, 0xF4, 0x17, 0xC7, 0x15, 0x9A, 0x13, 0x6C, 0x11, 
	0x3E, 0x0F, 0x11, 0x0D, 0xE3, 0x0A, 0xB6, 0x08, 0x88, 0x06, 0x5B, 0x04, 0x01, 0x00, 0xD3, 0xFD, 
	0xA5, 0xFB, 0x78, 0xF9, 0x4A, 0xF7, 0x1D, 0xF5, 0xF0, 0xF2, 0xC1, 0xF0, 0x95, 0xEE, 0x66, 0xEC, 
	0x39, 0xEA, 0xDF, 0xE5, 0xB1, 0xE3, 0x83, 0xE1, 0x84, 0xE1, 0x83, 0xE1, 0xB1, 0xE3, 0xDD, 0xE5, 
	0x0C, 0xE8, 0x39, 0xEA, 0x67, 0xEC, 0x94, 0xEE, 0xC2, 0xF0, 0x1D, 0xF5, 0x4A, 0xF7, 0x78, 0xF9, 
	0xA5, 0xFB, 0xD2, 0xFD, 0x00, 0x00, 0x2D, 0x02, 0x5B, 0x04, 0x89, 0x06, 0xB7, 0x08, 0xE3, 0x0A, 
	0x12, 0x0D, 0x6C, 0x11, 0x99, 0x13, 0xC7, 0x15, 0xF5, 0x17, 0x23, 0x1A, 0x22, 0x1A, 0x50, 0x1C, 
	0x22, 0x1A, 0xF4, 0x17, 0xC8, 0x15, 0x6C, 0x11, 0x3E, 0x0F, 0x11, 0x0D, 0xE4, 0x0A, 0xB6, 0x08, 
	0x89, 0x06, 0x5B, 0x04, 0x2D, 0x02, 0xD2, 0xFD, 0xD3, 0xFD, 0x77, 0xF9, 0x4A, 0xF7, 0x1C, 0xF5, 
	0xEF, 0xF2, 0xC1, 0xF0, 0x94, 0xEE, 0x67, 0xEC, 0x3A, 0xEA, 0x0C, 0xE8, 0xDE, 0xE5, 0x83, 0xE1, 
	0x83, 0xE1, 0x83, 0xE1, 0x83, 0xE1, 0xB0, 0xE3, 0xDE, 0xE5, 0x39, 0xEA, 0x66, 0xEC, 0x94, 0xEE, 
	0xC2, 0xF0, 0xEF, 0xF2, 0x1D, 0xF5, 0x49, 0xF7, 0x78, 0xF9, 0xD3, 0xFD, 0xFF, 0xFF, 0x2D, 0x02, 
	0x5B, 0x04, 0x89, 0x06, 0xB6, 0x08, 0xE3, 0x0A, 0x11, 0x0D, 0x3E, 0x0F, 0x6C, 0x11, 0x99, 0x13, 
	0xC7, 0x15, 0x21, 0x1A, 0x4F, 0x1C, 0x4F, 0x1C, 0x22, 0x1A, 0xF4, 0x17, 0xC6, 0x15, 0x99, 0x13, 
	0x6C, 0x11, 0x3F, 0x0F, 0xE4, 0x0A, 0xB6, 0x08, 0x89, 0x06, 0x5B, 0x04, 0x2D, 0x02, 0x00, 0x00, 
	0xD3, 0xFD, 0xA6, 0xFB, 0x78, 0xF9, 0x1D, 0xF5, 0x1C, 0xF5, 0xC2, 0xF0, 0x95, 0xEE, 0x66, 0xEC, 
	0x39, 0xEA, 0x0B, 0xE8, 0xDE, 0xE5, 0xB0, 0xE3, 0x82, 0xE1, 0x83, 0xE1, 0x84, 0xE1, 0xB1, 0xE3, 
	0xDE, 0xE5, 0x0C, 0xE8, 0x66, 0xEC, 0x67, 0xEC, 0xC1, 0xF0, 0xEF, 0xF2, 0x1D, 0xF5, 0x4B, 0xF7, 
	0x78, 0xF9, 0xA5, 0xFB, 0xD3, 0xFD, 0x00, 0x00, 0x2E, 0x02, 0x89, 0x06, 0xB5, 0x08, 0xE3, 0x0A, 
	0x11, 0x0D, 0x3F, 0x0F, 0x6C, 0x11, 0x9A, 0x13, 0xC7, 0x15, 0xF4, 0x17, 0x4F, 0x1C, 0x4F, 0x1C, 
	0x22, 0x1A, 0xF5, 0x17, 0xC7, 0x15, 0x9A, 0x13, 0x6D, 0x11, 0x3F, 0x0F, 0x10, 0x0D, 0xE4, 0x0A, 
	0xB6, 0x08, 0x89, 0x06, 0x2E, 0x02, 0x00, 0x00, 0xD2, 0xFD, 0xA5, 0xFB, 0x77, 0xF9, 0x4A, 0xF7, 
	0x1C, 0xF5, 0xF0, 0xF2, 0xC2, 0xF0, 0x93, 0xEE, 0x39, 0xEA, 0x0C, 0xE8, 0xDE, 0xE5, 0xB1, 0xE3, 
	0x83, 0xE1, 0x83, 0xE1, 0x83, 0xE1, 0xB0, 0xE3, 0xDE, 0xE5, 0x0C, 0xE8, 0x3A, 0xEA, 0x67, 0xEC, 
	0x94, 0xEE, 0xC2, 0xF0, 0x1C, 0xF5, 0x4B, 0xF7, 0x77, 0xF9, 0xA5, 0xFB, 0xD2, 0xFD, 0x00, 0x00, 
	0x2E, 0x02, 0x5B, 0x04, 0x88, 0x06, 0xB7, 0x08, 0xE3, 0x0A, 0x10, 0x0D, 0x6C, 0x11, 0x99, 0x13, 
	0xC7, 0x15, 0xF4, 0x17, 0x22, 0x1A, 0x4F, 0x1C, 0x4F, 0x1C, 0x21, 0x1A, 0xC7, 0x15, 0x9A, 0x13, 
	0x6C, 0x11, 0x3E, 0x0F, 0x11, 0x0D, 0xE3, 0x0A, 0xB6, 0x08, 0x88, 0x06, 0x5B, 0x04, 0x2E, 0x02, 
	0xD2, 0xFD, 0xA5, 0xFB, 0x77, 0xF9, 0x49, 0xF7, 0x1C, 0xF5, 0xEF, 0xF2, 0xC2, 0xF0, 0x94, 0xEE, 
	0x66, 0xEC, 0x39, 0xEA, 0x0C, 0xE8, 0xDE, 0xE5, 0x83, 0xE1, 0x83, 0xE1, 0x83, 0xE1, 0xB0, 0xE3, 
	0xDE, 0xE5, 0x0B, 0xE8, 0x39, 0xEA, 0x66, 0xEC, 0x93, 0xEE, 0xC1, 0xF0, 0xF0, 0xF2, 0x1C, 0xF5, 
	0x4A, 0xF7, 0x78, 0xF9, 0xD2, 0xFD, 0x01, 0x00, 0x2D, 0x02, 0x5C, 0x04, 0x89, 0x06, 0xB6, 0x08, 
	0xE3, 0x0A, 0x11, 0x0D, 0x3F, 0x0F, 0x6C, 0x11, 0xC7, 0x15, 0xF4, 0x17, 0x23, 0x1A, 0x22, 0x1A, 
	0x22, 0x1A, 0x22, 0x1A, 0xF4, 0x17, 0xC7, 0x15, 0x6D, 0x11, 0x3F, 0x0F, 0x11, 0x0D, 0xE3, 0x0A, 
	0xB6, 0x08, 0x88, 0x06, 0x5B, 0x04, 0x2D, 0x02, 0x00, 0x00, 0xD3, 0xFD, 0xA4, 0xFB, 0x77, 0xF9, 
	0x1D, 0xF5, 0xF0, 0xF2, 0xC2, 0xF0, 0x94, 0xEE, 0x67, 0xEC, 0x39, 0xEA, 0x0C, 0xE8, 0xDD, 0xE5, 
	0xB0, 0xE3, 0x84, 0xE1, 0x84, 0xE1, 0x83, 0xE1, 0xDE, 0xE5, 0x0B, 0xE8, 0x39, 0xEA, 0x67, 0xEC, 
	0x94, 0xEE, 0xC2, 0xF0, 0x1C, 0xF5, 0x4A, 0xF7, 0x77, 0xF9, 0xA5, 0xFB, 0x00, 0x00, 0x2D, 0x02, 
	0x5C, 0x04, 0x89, 0x06, 0xB6, 0x08, 0x11, 0x0D, 0x3F, 0x0F, 0x6C, 0x11, 0x99, 0x13, 0xC7, 0x15, 
	0x22, 0x1A, 0x21, 0x1A, 0x22, 0x1A, 0xF4, 0x17, 0xC7, 0x15, 0x99, 0x13, 0x6C, 0x11, 0x3F, 0x0F, 
	0xE3, 0x0A, 0xB5, 0x08, 0x89, 0x06, 0x5B, 0x04, 0x00, 0x00, 0xD3, 0xFD, 0xA5, 0xFB, 0x78, 0xF9, 
	0x49, 0xF7, 0xF0, 0xF2, 0xC2, 0xF0, 0x94, 0xEE, 0x67, 0xEC, 0x39, 0xEA, 0xDE, 0xE5, 0xB1, 0xE3, 
	0x83, 0xE1, 0x83, 0xE1, 0x83, 0xE1, 0xDF, 0xE5, 0x0B, 0xE8, 0x39, 0xEA, 0x67, 0xEC, 0x94, 0xEE, 
	0xF0, 0xF2, 0x1D, 0xF5, 0x4B, 0xF7, 0x78, 0xF9, 0xA5, 0xFB, 0xD2, 0xFD, 0x2E, 0x02, 0x5B, 0x04, 
	0x89, 0x06, 0xB6, 0x08, 0x11, 0x0D, 0x3E, 0x0F, 0x6C, 0x11, 0x9A, 0x13, 0xC7, 0x15, 0x22, 0x1A, 
	0x22, 0x1A, 0x22, 0x1A, 0xF5, 0x17, 0xC7, 0x15, 0x99, 0x13, 0x6C, 0x11, 0x3E, 0x0F, 0xE3, 0x0A, 
	0xB6, 0x08, 0x88, 0x06, 0x5B, 0x04, 0x2D, 0x02, 0x00, 0x00, 0xA6, 0xFB, 0x77, 0xF9, 0x4A, 0xF7, 
	0x1C, 0xF5, 0xC2, 0xF0, 0x94, 0xEE, 0x67, 0xEC, 0x3A, 0xEA, 0xDE, 0xE5, 0xB1, 0xE3, 0x83, 0xE1, 
	0x84, 0xE1, 0x83, 0xE1, 0xB1, 0xE3, 0xDF, 0xE5, 0x39, 0xEA, 0x67, 0xEC, 0x94, 0xEE, 0xC1, 0xF0, 
	0x1D, 0xF5, 0x4B, 0xF7, 0x78, 0xF9, 0xA5, 0xFB, 0x00, 0x00, 0x2D, 0x02, 0x5B, 0x04, 0x88, 0x06, 
	0xB6, 0x08, 0xE3, 0x0A, 0x3E, 0x0F, 0x6C, 0x11, 0x9A, 0x13, 0xC7, 0x15, 0x22, 0x1A, 0x50, 0x1C, 
	0x21, 0x1A, 0x22, 0x1A, 0xC7, 0x15, 0x99, 0x13, 0x6B, 0x11, 0x3F, 0x0F, 0x10, 0x0D, 0xB6, 0x08, 
	0x88, 0x06, 0x5B, 0x04, 0x01, 0x00, 0xD3, 0xFD, 0xA5, 0xFB, 0x77, 0xF9, 0x4B, 0xF7, 0x1C, 0xF5, 
	0xC1, 0xF0, 0x94, 0xEE, 0x66, 0xEC, 0x39, 0xEA, 0xDE, 0xE5, 0xB1, 0xE3, 0x83, 0xE1, 0x83, 0xE1, 
	0x83, 0xE1, 0xB0, 0xE3, 0x0C, 0xE8, 0x3A, 0xEA, 0x66, 0xEC, 0x95, 0xEE, 0xC1, 0xF0, 0x1D, 0xF5, 
	0x4A, 0xF7, 0x77, 0xF9, 0xA5, 0xFB, 0xD3, 0xFD, 0x2D, 0x02, 0x5A, 0x04, 0x88, 0x06, 0xB6, 0x08, 
	0xE4, 0x0A, 0x3F, 0x0F, 0x6B, 0x11, 0x9A, 0x13, 0xC7, 0x15, 0x22, 0x1A, 0x50, 0x1C, 0x4F, 0x1C, 
	0x22, 0x1A, 0xC7, 0x15, 0x99, 0x13, 0x6C, 0x11, 0x3E, 0x0F, 0x11, 0x0D, 0xB6, 0x08, 0x88, 0x06, 
	0x5C, 0x04, 0x2E, 0x02, 0xD3, 0xFD, 0xA5, 0xFB, 0x78, 0xF9, 0x4A, 0xF7, 0x1C, 0xF5, 0xC2, 0xF0, 
	0x95, 0xEE, 0x66, 0xEC, 0x39, 0xEA, 0x0B, 0xE8, 0xB0, 0xE3, 0x84, 0xE1, 0x83, 0xE1, 0x82, 0xE1, 
	0xB0, 0xE3, 0xDD, 0xE5, 0x39, 0xEA, 0x67, 0xEC, 0x95, 0xEE, 0xC2, 0xF0, 0x1D, 0xF5, 0x4A, 0xF7, 
	0x78, 0xF9, 0xA6, 0xFB, 0xD3, 0xFD, 0x2D, 0x02, 0x5B, 0x04, 0x89, 0x06, 0xB6, 0x08, 0xE4, 0x0A, 
	0x3F, 0x0F, 0x6C, 0x11, 0x99, 0x13, 0xC7, 0x15, 0x22, 0x1A, 0x22, 0x1A, 0x22, 0x1A, 0x21, 0x1A, 
	0xC7, 0x15, 0x99, 0x13, 0x6C, 0x11, 0x3E, 0x0F, 0xE4, 0x0A, 0xB6, 0x08, 0x89, 0x06, 0x5B, 0x04, 
	0x2E, 0x02, 0xD2, 0xFD, 0xA5, 0xFB, 0x77, 0xF9, 0x4B, 0xF7, 0x1D, 0xF5, 0xC1, 0xF0, 0x94, 0xEE, 
	0x67, 0xEC, 0x39, 0xEA, 0x0B, 0xE8, 0xB1, 0xE3, 0x83, 0xE1, 0x83, 0xE1, 0x83, 0xE1, 0xB0, 0xE3, 
	0xDE, 0xE5, 0x39, 0xEA, 0x66, 0xEC, 0x93, 0xEE, 0xC2, 0xF0, 0xEF, 0xF2, 0x4B, 0xF7, 0x78, 0xF9, 
	0xA6, 0xFB, 0xD2, 0xFD, 0x2E, 0x02, 0x5A, 0x04, 0x89, 0x06, 0xB7, 0x08, 0xE3, 0x0A, 0x3E, 0x0F, 
	0x6C, 0x11, 0x99, 0x13, 0xC7, 0x15, 0xF4, 0x17, 0x21, 0x1A, 0x21, 0x1A, 0x21, 0x1A, 0xC7, 0x15, 
	0x99, 0x13, 0x6C, 0x11, 0x3E, 0x0F, 0x11, 0x0D, 0xB6, 0x08, 0x89, 0x06, 0x5B, 0x04, 0x2E, 0x02, 
	0xD2, 0xFD, 0xA5, 0xFB, 0x77, 0xF9, 0x4A, 0xF7, 0x1D, 0xF5, 0xC1, 0xF0, 0x93, 0xEE, 0x66, 0xEC, 
	0x39, 0xEA, 0x0C, 0xE8, 0xDE, 0xE5, 0x84, 0xE1, 0x83, 0xE1, 0x83, 0xE1, 0xB1, 0xE3, 0xDE, 0xE5, 
	0x39, 0xEA, 0x67, 0xEC, 0x95, 0xEE, 0xC1, 0xF0, 0xF0, 0xF2, 0x4A, 0xF7, 0x78, 0xF9, 0xA5, 0xFB, 
	0xD2, 0xFD, 0x00, 0x00, 0x5B, 0x04, 0x89, 0x06, 0xB6, 0x08, 0xE4, 0x0A, 0x3E, 0x0F, 0x6C, 0x11, 
	0x9A, 0x13, 0xC6, 0x15, 0x22, 0x1A, 0x22, 0x1A, 0x4F, 0x1C, 0x22, 0x1A, 0xC7, 0x15, 0x99, 0x13, 
	0x6D, 0x11, 0x3E, 0x0F, 0x12, 0x0D, 0xB6, 0x08, 0x89, 0x06, 0x5B, 0x04, 0x2D, 0x02, 0x01, 0x00, 
	0xA5, 0xFB, 0x77, 0xF9, 0x4A, 0xF7, 0x1D, 0xF5, 0xC2, 0xF0, 0x94, 0xEE, 0x67, 0xEC, 0x39, 0xEA, 
	0x0C, 0xE8, 0xB0, 0xE3, 0x83, 0xE1, 0x83, 0xE1, 0x83, 0xE1, 0xB1, 0xE3, 0xDE, 0xE5, 0x39, 0xEA, 
	0x66, 0xEC, 0x95, 0xEE, 0xC1, 0xF0, 0xEF, 0xF2, 0x4A, 0xF7, 0x78, 0xF9, 0xA5, 0xFB, 0xD3, 0xFD, 
	0x00, 0x00, 0x5B, 0x04, 0x88, 0x06, 0xB6, 0x08, 0xE4, 0x0A, 0x11, 0x0D, 0x6B, 0x11, 0x99, 0x13, 
	0xC7, 0x15, 0xF5, 0x17, 0x22, 0x1A, 0x22, 0x1A, 0x22, 0x1A, 0xC7, 0x15, 0x99, 0x13, 0x6C, 0x11, 
	0x3F, 0x0F, 0x10, 0x0D, 0xB6, 0x08, 0x88, 0x06, 0x5B, 0x04, 0x2D, 0x02, 0x00, 0x00, 0xA5, 0xFB, 
	0x78, 0xF9, 0x4A, 0xF7, 0xEF, 0xF2, 0xC2, 0xF0, 0x93, 0xEE, 0x38, 0xEA, 0x0C, 0xE8, 0xDE, 0xE5, 
	0x83, 0xE1, 0x83, 0xE1, 0x83, 0xE1, 0xB1, 0xE3, 0x0C, 0xE8, 0x39, 0xEA, 0x67, 0xEC, 0xC1, 0xF0, 
	0xF0, 0xF2, 0x1D, 0xF5, 0x78, 0xF9, 0xA4, 0xFB, 0xD3, 0xFD, 0x2E, 0x02, 0x5A, 0x04, 0x88, 0x06, 
	0xE3, 0x0A, 0x11, 0x0D, 0x3E, 0x0F, 0x9A, 0x13, 0xC7, 0x15, 0xF5, 0x17, 0x22, 0x1A, 0x23, 0x1A, 
	0xF4, 0x17, 0xC7, 0x15, 0x9A, 0x13, 0x3E, 0x0F, 0x10, 0x0D, 0xE4, 0x0A, 0x88, 0x06, 0x5B, 0x04, 
	0x2D, 0x02, 0xD2, 0xFD, 0xA5, 0xFB, 0x77, 0xF9, 0x49, 0xF7, 0xEE, 0xF2, 0xC1, 0xF0, 0x66, 0xEC, 
	0x39, 0xEA, 0x0C, 0xE8, 0xB0, 0xE3, 0x83, 0xE1, 0x83, 0xE1, 0x83, 0xE1, 0xDF, 0xE5, 0x0C, 0xE8, 
	0x39, 0xEA, 0x94, 0xEE, 0xC2, 0xF0, 0xEE, 0xF2, 0x4A, 0xF7, 0x78, 0xF9, 0xA5, 0xFB, 0x00, 0x00, 
	0x2D, 0x02, 0x5B, 0x04, 0xB6, 0x08, 0xE4, 0x0A, 0x11, 0x0D, 0x6B, 0x11, 0x99, 0x13, 0xC6, 0x15, 
	0x22, 0x1A, 0x50, 0x1C, 0x22, 0x1A, 0xF4, 0x17, 0xC7, 0x15, 0x6B, 0x11, 0x3F, 0x0F, 0x11, 0x0D, 
	0xE4, 0x0A, 0x89, 0x06, 0x5B, 0x04, 0x00, 0x00, 0xD2, 0xFD, 0xA5, 0xFB, 0x4B, 0xF7, 0x1C, 0xF5, 
	0xEF, 0xF2, 0x95, 0xEE, 0x67, 0xEC, 0x39, 0xEA, 0xDE, 0xE5, 0xB1, 0xE3, 0x83, 0xE1, 0x82, 0xE1, 
	0xB1, 0xE3, 0xDE, 0xE5, 0x0B, 0xE8, 0x66, 0xEC, 0x94, 0xEE, 0xC2, 0xF0, 0x1D, 0xF5, 0x4A, 0xF7, 
	0x78, 0xF9, 0xD2, 0xFD, 0x00, 0x00, 0x2E, 0x02, 0x89, 0x06, 0xB6, 0x08, 0xE3, 0x0A, 0x3E, 0x0F, 
	0x6C, 0x11, 0x9A, 0x13, 0xF4, 0x17, 0x22, 0x1A, 0x50, 0x1C, 0x22, 0x1A, 0xF5, 0x17, 0x99, 0x13, 
	0x6B, 0x11, 0x3F, 0x0F, 0xE3, 0x0A, 0xB6, 0x08, 0x89, 0x06, 0x2D, 0x02, 0x00, 0x00, 0xD2, 0xFD, 
	0xA5, 0xFB, 0x4B, 0xF7, 0x1D, 0xF5, 0xC2, 0xF0, 0x95, 0xEE, 0x67, 0xEC, 0x0B, 0xE8, 0xDE, 0xE5, 
	0xB1, 0xE3, 0x83, 0xE1, 0x83, 0xE1, 0xB0, 0xE3, 0xDE, 0xE5, 0x39, 0xEA, 0x67, 0xEC, 0x94, 0xEE, 
	0xEF, 0xF2, 0x1D, 0xF5, 0x4A, 0xF7, 0x78, 0xF9, 0xD3, 0xFD, 0x01, 0x00, 0x5B, 0x04, 0x89, 0x06, 
	0xB6, 0x08, 0x11, 0x0D, 0x3F, 0x0F, 0x6C, 0x11, 0xC7, 0x15, 0xF4, 0x17, 0x21, 0x1A, 0x4F, 0x1C, 
	0x22, 0x1A, 0xC7, 0x15, 0x9A, 0x13, 0x6B, 0x11, 0x3F, 0x0F, 0xE3, 0x0A, 0xB7, 0x08, 0x5A, 0x04, 
	0x2E, 0x02, 0x00, 0x00, 0xA6, 0xFB, 0x77, 0xF9, 0x4A, 0xF7, 0xF0, 0xF2, 0xC2, 0xF0, 0x94, 0xEE, 
	0x67, 0xEC, 0x0B, 0xE8, 0xDE, 0xE5, 0x83, 0xE1, 0x83, 0xE1, 0x84, 0xE1, 0xB1, 0xE3, 0x0B, 0xE8, 
	0x39, 0xEA, 0x66, 0xEC, 0xC2, 0xF0, 0xEF, 0xF2, 0x1C, 0xF5, 0x77, 0xF9, 0xA4, 0xFB, 0xD2, 0xFD, 
	0x2D, 0x02, 0x5B, 0x04, 0x89, 0x06, 0xE4, 0x0A, 0x11, 0x0D, 0x3F, 0x0F, 0x9A, 0x13, 0xC6, 0x15, 
	0xF4, 0x17, 0x22, 0x1A, 0x50, 0x1C, 0x22, 0x1A, 0xC6, 0x15, 0x9A, 0x13, 0x6C, 0x11, 0x10, 0x0D, 
	0xE3, 0x0A, 0x89, 0x06, 0x5B, 0x04, 0x2D, 0x02, 0x00, 0x00, 0xA5, 0xFB, 0x77, 0xF9, 0x4A, 0xF7, 
	0xEF, 0xF2, 0xC1, 0xF0, 0x67, 0xEC, 0x39, 0xEA, 0x0B, 0xE8, 0xDF, 0xE5, 0x84, 0xE1, 0x84, 0xE1, 
	0x83, 0xE1, 0xDE, 0xE5, 0x0B, 0xE8, 0x39, 0xEA, 0x94, 0xEE, 0xC2, 0xF0, 0xEF, 0xF2, 0x4A, 0xF7, 
	0x77, 0xF9, 0xA5, 0xFB, 0x00, 0x00, 0x2E, 0x02, 0x5B, 0x04, 0x89, 0x06, 0xE3, 0x0A, 0x11, 0x0D, 
	0x3E, 0x0F, 0x9A, 0x13, 0xC7, 0x15, 0x22, 0x1A, 0x50, 0x1C, 0x22, 0x1A, 0xF5, 0x17, 0xC6, 0x15, 
	0x99, 0x13, 0x3F, 0x0F, 0x11, 0x0D, 0xB6, 0x08, 0x89, 0x06, 0x5B, 0x04, 0x00, 0x00, 0xD3, 0xFD, 
	0xA5, 0xFB, 0x78, 0xF9, 0x1D, 0xF5, 0xEF, 0xF2, 0xC1, 0xF0, 0x67, 0xEC, 0x39, 0xEA, 0x0C, 0xE8, 
	0xB1, 0xE3, 0x83, 0xE1, 0x84, 0xE1, 0x83, 0xE1, 0xDF, 0xE5, 0x0B, 0xE8, 0x66, 0xEC, 0x94, 0xEE, 
	0xC1, 0xF0, 0x1D, 0xF5, 0x4A, 0xF7, 0x78, 0xF9, 0xD2, 0xFD, 0x00, 0x00, 0x2E, 0x02, 0x5A, 0x04, 
	0xB6, 0x08, 0xE3, 0x0A, 0x10, 0x0D, 0x6C, 0x11, 0x9A, 0x13, 0xC7, 0x15, 0x22, 0x1A, 0x4F, 0x1C, 
	0x22, 0x1A, 0xF5, 0x17, 0xC6, 0x15, 0x6C, 0x11, 0x3F, 0x0F, 0x11, 0x0D, 0xB5, 0x08, 0x88, 0x06, 
	0x5A, 0x04, 0xFF, 0xFF, 0xD2, 0xFD, 0xA5, 0xFB, 0x49, 0xF7, 0x1C, 0xF5, 0xEF, 0xF2, 0x94, 0xEE, 
	0x66, 0xEC, 0x39, 0xEA, 0xDE, 0xE5, 0xB1, 0xE3, 0x83, 0xE1, 0x84, 0xE1, 0xB1, 0xE3, 0xDE, 0xE5, 
	0x3A, 0xEA, 0x67, 0xEC, 0x94, 0xEE, 0xC1, 0xF0, 0x1D, 0xF5, 0x4A, 0xF7, 0x78, 0xF9, 0xD3, 0xFD, 
	0x00, 0x00, 0x5B, 0x04, 0x89, 0x06, 0xB6, 0x08, 0xE4, 0x0A, 0x3E, 0x0F, 0x6C, 0x11, 0xC8, 0x15, 
	0xF5, 0x17, 0x22, 0x1A, 0x4F, 0x1C, 0x21, 0x1A, 0xF4, 0x17, 0x9A, 0x13, 0x6D, 0x11, 0x3F, 0x0F, 
	0xE3, 0x0A, 0xB6, 0x08, 0x89, 0x06, 0x2D, 0x02, 0x00, 0x00, 0xD3, 0xFD, 0x77, 0xF9, 0x4A, 0xF7, 
	0x1D, 0xF5, 0xC2, 0xF0, 0x95, 0xEE, 0x66, 0xEC, 0x0B, 0xE8, 0xDE, 0xE5, 0x83, 0xE1, 0x83, 0xE1, 
	0x83, 0xE1, 0xB1, 0xE3, 0xDF, 0xE5, 0x39, 0xEA, 0x67, 0xEC, 0x94, 0xEE, 0xEF, 0xF2, 0x1D, 0xF5, 
	0x4B, 0xF7, 0xA5, 0xFB, 0xD2, 0xFD, 0x00, 0x00, 0x5B, 0x04, 0x88, 0x06, 0xE3, 0x0A, 0x11, 0x0D, 
	0x6C, 0x11, 0x99, 0x13, 0xF5, 0x17, 0x22, 0x1A, 0x50, 0x1C, 0x22, 0x1A, 0xC7, 0x15, 0x99, 0x13, 
	0x3E, 0x0F, 0x12, 0x0D, 0xE3, 0x0A, 0x89, 0x06, 0x5B, 0x04, 0x00, 0x00, 0xD3, 0xFD, 0x78, 0xF9, 
	0x4A, 0xF7, 0x1D, 0xF5, 0xC2, 0xF0, 0x67, 0xEC, 0x3A, 0xEA, 0x0B, 0xE8, 0xB0, 0xE3, 0x83, 0xE1, 
	0x83, 0xE1, 0xB1, 0xE3, 0x0B, 0xE8, 0x39, 0xEA, 0x66, 0xEC, 0xC2, 0xF0, 0xEF, 0xF2, 0x4B, 0xF7, 
	0x77, 0xF9, 0xD2, 0xFD, 0x00, 0x00, 0x5B, 0x04, 0x88, 0x06, 0xE3, 0x0A, 0x11, 0x0D, 0x3E, 0x0F, 
	0x99, 0x13, 0xC7, 0x15, 0x22, 0x1A, 0x4F, 0x1C, 0x22, 0x1A, 0xF4, 0x17, 0x99, 0x13, 0x6C, 0x11, 
	0x10, 0x0D, 0xE3, 0x0A, 0x89, 0x06, 0x5B, 0x04, 0x00, 0x00, 0xD2, 0xFD, 0xA5, 0xFB, 0x4A, 0xF7, 
	0x1D, 0xF5, 0xC1, 0xF0, 0x93, 0xEE, 0x39, 0xEA, 0x0B, 0xE8, 0xB1, 0xE3, 0x83, 0xE1, 0x83, 0xE1, 
	0xB1, 0xE3, 0xDE, 0xE5, 0x39, 0xEA, 0x66, 0xEC, 0xC2, 0xF0, 0xEF, 0xF2, 0x1D, 0xF5, 0x78, 0xF9, 
	0xA5, 0xFB, 0xFF, 0xFF, 0x2D, 0x02, 0x89, 0x06, 0xB6, 0x08, 0x10, 0x0D, 0x3F, 0x0F, 0x99, 0x13, 
	0xC7, 0x15, 0x21, 0x1A, 0x50, 0x1C, 0x22, 0x1A, 0xF4, 0x17, 0x9A, 0x13, 0x6B, 0x11, 0x3E, 0x0F, 
	0xE3, 0x0A, 0xB6, 0x08, 0x5A, 0x04, 0x2D, 0x02, 0xD3, 0xFD, 0xA5, 0xFB, 0x4A, 0xF7, 0x1C, 0xF5, 
	0xC2, 0xF0, 0x95, 0xEE, 0x66, 0xEC, 0x0C, 0xE8, 0xDE, 0xE5, 0x83, 0xE1, 0x82, 0xE1, 0x82, 0xE1, 
	0xDE, 0xE5, 0x0B, 0xE8, 0x66, 0xEC, 0x94, 0xEE, 0xF0, 0xF2, 0x1D, 0xF5, 0x77, 0xF9, 0xA5, 0xFB, 
	0x00, 0x00, 0x2D, 0x02, 0x5A, 0x04, 0xB6, 0x08, 0xE3, 0x0A, 0x3F, 0x0F, 0x6C, 0x11, 0xC6, 0x15, 
	0xF4, 0x17, 0x22, 0x1A, 0x22, 0x1A, 0xF5, 0x17, 0xC7, 0x15, 0x6B, 0x11, 0x3E, 0x0F, 0xE4, 0x0A, 
	0xB7, 0x08, 0x5C, 0x04, 0x2E, 0x02, 0x01, 0x00, 0xA5, 0xFB, 0x78, 0xF9, 0x1C, 0xF5, 0xEF, 0xF2, 
	0x94, 0xEE, 0x67, 0xEC, 0x0C, 0xE8, 0xDE, 0xE5, 0x83, 0xE1, 0x83, 0xE1, 0x82, 0xE1, 0xDE, 0xE5, 
	0x0C, 0xE8, 0x67, 0xEC, 0x94, 0xEE, 0xC2, 0xF0, 0x1C, 0xF5, 0x4A, 0xF7, 0xA5, 0xFB, 0xD2, 0xFD, 
	0x2E, 0x02, 0x5B, 0x04, 0xB7, 0x08, 0xE3, 0x0A, 0x3F, 0x0F, 0x6B, 0x11, 0x9A, 0x13, 0xF5, 0x17, 
	0x22, 0x1A, 0x4F, 0x1C, 0xF4, 0x17, 0xC6, 0x15, 0x99, 0x13, 0x3F, 0x0F, 0x11, 0x0D, 0xB7, 0x08, 
	0x89, 0x06, 0x2D, 0x02, 0x00, 0x00, 0xA5, 0xFB, 0x78, 0xF9, 0x1C, 0xF5, 0xEF, 0xF2, 0xC2, 0xF0, 
	0x67, 0xEC, 0x39, 0xEA, 0xDE, 0xE5, 0xB1, 0xE3, 0x83, 0xE1, 0x83, 0xE1, 0xB1, 0xE3, 0x0C, 0xE8, 
	0x39, 0xEA, 0x94, 0xEE, 0xC1, 0xF0, 0x1D, 0xF5, 0x4A, 0xF7, 0xA4, 0xFB, 0xD2, 0xFD, 0x00, 0x00, 
	0x5B, 0x04, 0x89, 0x06, 0xE4, 0x0A, 0x11, 0x0D, 0x6C, 0x11, 0x9A, 0x13, 0xF4, 0x17, 0x22, 0x1A, 
	0x4F, 0x1C, 0x21, 0x1A, 0xC6, 0x15, 0x9A, 0x13, 0x3F, 0x0F, 0x11, 0x0D, 0xB6, 0x08, 0x89, 0x06, 
	0x5B, 0x04, 0x00, 0x00, 0xD2, 0xFD, 0x77, 0xF9, 0x4B, 0xF7, 0xEF, 0xF2, 0xC2, 0xF0, 0x66, 0xEC, 
	0x39, 0xEA, 0xDE, 0xE5, 0xB1, 0xE3, 0x83, 0xE1, 0x84, 0xE1, 0xB1, 0xE3, 0x0B, 0xE8, 0x38, 0xEA, 
	0x66, 0xEC, 0xC2, 0xF0, 0xEF, 0xF2, 0x4A, 0xF7, 0x78, 0xF9, 0xD2, 0xFD, 0x00, 0x00, 0x5B, 0x04, 
	0x89, 0x06, 0xE3, 0x0A, 0x11, 0x0D, 0x6C, 0x11, 0x9A, 0x13, 0xC7, 0x15, 0x23, 0x1A, 0x50, 0x1C, 
	0x22, 0x1A, 0xF4, 0x17, 0x9A, 0x13, 0x6C, 0x11, 0x11, 0x0D, 0xE4, 0x0A, 0x88, 0x06, 0x5B, 0x04, 
	0x00, 0x00, 0xD3, 0xFD, 0x77, 0xF9, 0x4A, 0xF7, 0x1C, 0xF5, 0xC1, 0xF0, 0x93, 0xEE, 0x39, 0xEA, 
	0x0B, 0xE8, 0xB1, 0xE3, 0x82, 0xE1, 0x83, 0xE1, 0xB1, 0xE3, 0xDE, 0xE5, 0x3A, 0xEA, 0x66, 0xEC, 
	0xC2, 0xF0, 0xEF, 0xF2, 0x4A, 0xF7, 0x77, 0xF9, 0xA5, 0xFB, 0x00, 0x00, 0x2E, 0x02, 0x89, 0x06, 
	0xB6, 0x08, 0x11, 0x0D, 0x3F, 0x0F, 0x99, 0x13, 0xC7, 0x15, 0x22, 0x1A, 0x4F, 0x1C, 0x22, 0x1A, 
	0xF4, 0x17, 0x9A, 0x13, 0x6C, 0x11, 0x11, 0x0D, 0xE3, 0x0A, 0xB6, 0x08, 0x5B, 0x04, 0x2E, 0x02, 
	0xD3, 0xFD, 0xA5, 0xFB, 0x4A, 0xF7, 0x1D, 0xF5, 0xC1, 0xF0, 0x94, 0xEE, 0x66, 0xEC, 0x0C, 0xE8, 
	0xDD, 0xE5, 0x83, 0xE1, 0x83, 0xE1, 0x83, 0xE1, 0xDE, 0xE5, 0x0C, 0xE8, 0x66, 0xEC, 0x94, 0xEE, 
	0xEF, 0xF2, 0x1D, 0xF5, 0x78, 0xF9, 0xA5, 0xFB, 0xD2, 0xFD, 0x2E, 0x02, 0x89, 0x06, 0xB6, 0x08, 
	0xE4, 0x0A, 0x3E, 0x0F, 0x6C, 0x11, 0xC7, 0x15, 0xF5, 0x17, 0x4F, 0x1C, 0x22, 0x1A, 0xF4, 0x17, 
	0xC7, 0x15, 0x6B, 0x11, 0x3E, 0x0F, 0xE4, 0x0A, 0xB6, 0x08, 0x5C, 0x04, 0x2E, 0x02, 0x00, 0x00, 
	0xA5, 0xFB, 0x78, 0xF9, 0x1D, 0xF5, 0xEF, 0xF2, 0x95, 0xEE, 0x66, 0xEC, 0x0C, 0xE8, 0xDF, 0xE5, 
	0x84, 0xE1, 0x83, 0xE1, 0x83, 0xE1, 0xDE, 0xE5, 0x0C, 0xE8, 0x39, 0xEA, 0x94, 0xEE, 0xC2, 0xF0, 
	0x1D, 0xF5, 0x4A, 0xF7, 0xA5, 0xFB, 0xD2, 0xFD, 0x2D, 0x02, 0x5B, 0x04, 0xB6, 0x08, 0xE4, 0x0A, 
	0x11, 0x0D, 0x6C, 0x11, 0x99, 0x13, 0xF4, 0x17, 0x22, 0x1A, 0x4F, 0x1C, 0x22, 0x1A, 0xC7, 0x15, 
	0x9A, 0x13, 0x3F, 0x0F, 0xE4, 0x0A, 0xB6, 0x08, 0x5B, 0x04, 0x2E, 0x02, 0xD3, 0xFD, 0x78, 0xF9, 
	0x4A, 0xF7, 0xEF, 0xF2, 0xC1, 0xF0, 0x66, 0xEC, 0x39, 0xEA, 0xDE, 0xE5, 0x83, 0xE1, 0x83, 0xE1, 
	0x82, 0xE1, 0xDE, 0xE5, 0x39, 0xEA, 0x66, 0xEC, 0xC1, 0xF0, 0xF0, 0xF2, 0x4A, 0xF7, 0xA5, 0xFB, 
	0xD2, 0xFD, 0x2D, 0x02, 0x5B, 0x04, 0xB6, 0x08, 0xE3, 0x0A, 0x3F, 0x0F, 0x99, 0x13, 0xC6, 0x15, 
	0x22, 0x1A, 0x4F, 0x1C, 0x23, 0x1A, 0xC7, 0x15, 0x99, 0x13, 0x3E, 0x0F, 0xE3, 0x0A, 0xB6, 0x08, 
	0x5B, 0x04, 0x2D, 0x02, 0xD2, 0xFD, 0xA5, 0xFB, 0x4A, 0xF7, 0x1D, 0xF5, 0xC2, 0xF0, 0x66, 0xEC, 
	0x39, 0xEA, 0xDD, 0xE5, 0xB0, 0xE3, 0x83, 0xE1, 0x84, 0xE1, 0xDE, 0xE5, 0x0C, 0xE8, 0x67, 0xEC, 
	0x95, 0xEE, 0xEF, 0xF2, 0x4A, 0xF7, 0x77, 0xF9, 0xD3, 0xFD, 0x00, 0x00, 0x5B, 0x04, 0x89, 0x06, 
	0xE4, 0x0A, 0x3F, 0x0F, 0x6B, 0x11, 0xC7, 0x15, 0xF5, 0x17, 0x50, 0x1C, 0x22, 0x1A, 0xF4, 0x17, 
	0x9A, 0x13, 0x3E, 0x0F, 0x11, 0x0D, 0xB6, 0x08, 0x89, 0x06, 0x2E, 0x02, 0x00, 0x00, 0xA5, 0xFB, 
	0x49, 0xF7, 0x1C, 0xF5, 0xC1, 0xF0, 0x94, 0xEE, 0x38, 0xEA, 0x0B, 0xE8, 0xB0, 0xE3, 0x83, 0xE1, 
	0x83, 0xE1, 0xB1, 0xE3, 0x0B, 0xE8, 0x67, 0xEC, 0x94, 0xEE, 0xEF, 0xF2, 0x1D, 0xF5, 0x78, 0xF9, 
	0xD2, 0xFD, 0x00, 0x00, 0x5B, 0x04, 0x89, 0x06, 0xE3, 0x0A, 0x11, 0x0D, 0x6C, 0x11, 0x9A, 0x13, 
	0xF4, 0x17, 0x22, 0x1A, 0x22, 0x1A, 0xF4, 0x17, 0x9A, 0x13, 0x6C, 0x11, 0x12, 0x0D, 0xE4, 0x0A, 
	0x89, 0x06, 0x2D, 0x02, 0x01, 0x00, 0xA5, 0xFB, 0x77, 0xF9, 0x1D, 0xF5, 0xF0, 0xF2, 0x94, 0xEE, 
	0x38, 0xEA, 0x0B, 0xE8, 0xB1, 0xE3, 0x84, 0xE1, 0x84, 0xE1, 0xB1, 0xE3, 0x0C, 0xE8, 0x39, 0xEA, 
	0x95, 0xEE, 0xF0, 0xF2, 0x1D, 0xF5, 0x77, 0xF9, 0xA5, 0xFB, 0x01, 0x00, 0x2E, 0x02, 0x89, 0x06, 
	0xE3, 0x0A, 0x11, 0x0D, 0x6C, 0x11, 0x99, 0x13, 0xF4, 0x17, 0x21, 0x1A, 0x4F, 0x1C, 0xF5, 0x17, 
	0xC7, 0x15, 0x6C, 0x11, 0x11, 0x0D, 0xE3, 0x0A, 0x89, 0x06, 0x5B, 0x04, 0x00, 0x00, 0xD2, 0xFD, 
	0x77, 0xF9, 0x1D, 0xF5, 0xEF, 0xF2, 0x94, 0xEE, 0x67, 0xEC, 0x0C, 0xE8, 0xDE, 0xE5, 0x84, 0xE1, 
	0x84, 0xE1, 0xB0, 0xE3, 0x0C, 0xE8, 0x39, 0xEA, 0x93, 0xEE, 0xC2, 0xF0, 0x1D, 0xF5, 0x49, 0xF7, 
	0xA5, 0xFB, 0x00, 0x00, 0x2D, 0x02, 0x88, 0x06, 0xB5, 0x08, 0x11, 0x0D, 0x3E, 0x0F, 0x99, 0x13, 
	0xF5, 0x17, 0x22, 0x1A, 0x4F, 0x1C, 0xF4, 0x17, 0xC7, 0x15, 0x6C, 0x11, 0x3F, 0x0F, 0xE4, 0x0A, 
	0xB6, 0x08, 0x5C, 0x04, 0x2E, 0x02, 0xD3, 0xFD, 0x77, 0xF9, 0x4A, 0xF7, 0xEF, 0xF2, 0xC2, 0xF0, 
	0x67, 0xEC, 0x0B, 0xE8, 0xDE, 0xE5, 0x83, 0xE1, 0x83, 0xE1, 0xB1, 0xE3, 0xDE, 0xE5, 0x39, 0xEA, 
	0x66, 0xEC, 0xC1, 0xF0, 0x1C, 0xF5, 0x49, 0xF7, 0xA5, 0xFB, 0xD3, 0xFD, 0x2E, 0x02, 0x5A, 0x04, 
	0xB5, 0x08, 0xE4, 0x0A, 0x3F, 0x0F, 0x9A, 0x13, 0xC7, 0x15, 0x22, 0x1A, 0x50, 0x1C, 0x22, 0x1A, 
	0xC7, 0x15, 0x6C, 0x11, 0x3F, 0x0F, 0xE3, 0x0A, 0xB6, 0x08, 0x5B, 0x04, 0x2D, 0x02, 0xD2, 0xFD, 
	0xA5, 0xFB, 0x4A, 0xF7, 0x1D, 0xF5, 0xC1, 0xF0, 0x67, 0xEC, 0x39, 0xEA, 0xDE, 0xE5, 0xB1, 0xE3, 
	0x83, 0xE1, 0x83, 0xE1, 0xDF, 0xE5, 0x39, 0xEA, 0x67, 0xEC, 0xC2, 0xF0, 0xEF, 0xF2, 0x4A, 0xF7, 
	0x78, 0xF9, 0xD2, 0xFD, 0x2D, 0x02, 0x5B, 0x04, 0xB6, 0x08, 0xE4, 0x0A, 0x3E, 0x0F, 0x6C, 0x11, 
	0xC6, 0x15, 0x21, 0x1A, 0x4F, 0x1C, 0x22, 0x1A, 0xC7, 0x15, 0x99, 0x13, 0x3E, 0x0F, 0x11, 0x0D, 
	0xB5, 0x08, 0x88, 0x06, 0x2E, 0x02, 0xD2, 0xFD, 0xA5, 0xFB, 0x4A, 0xF7, 0x1C, 0xF5, 0xC2, 0xF0, 
	0x95, 0xEE, 0x39, 0xEA, 0xDE, 0xE5, 0xB1, 0xE3, 0x83, 0xE1, 0x83, 0xE1, 0xB1, 0xE3, 0x0B, 0xE8, 
	0x66, 0xEC, 0x94, 0xEE, 0xEE, 0xF2, 0x1C, 0xF5, 0x77, 0xF9, 0xA6, 0xFB, 0x00, 0x00, 0x5B, 0x04, 
	0x88, 0x06, 0xE3, 0x0A, 0x11, 0x0D, 0x6D, 0x11, 0xC7, 0x15, 0xF4, 0x17, 0x22, 0x1A, 0x23, 0x1A, 
	0xF4, 0x17, 0x9A, 0x13, 0x6C, 0x11, 0x11, 0x0D, 0xE4, 0x0A, 0x89, 0x06, 0x2E, 0x02, 0x00, 0x00, 
	0xA5, 0xFB, 0x78, 0xF9, 0x1D, 0xF5, 0xEF, 0xF2, 0x93, 0xEE, 0x39, 0xEA, 0x0C, 0xE8, 0xB1, 0xE3, 
	0x84, 0xE1, 0x83, 0xE1, 0xB0, 0xE3, 0x0B, 0xE8, 0x66, 0xEC, 0x94, 0xEE, 0xEF, 0xF2, 0x1C, 0xF5, 
	0x78, 0xF9, 0xA5, 0xFB, 0x00, 0x00, 0x5B, 0x04, 0x89, 0x06, 0xE3, 0x0A, 0x11, 0x0D, 0x6C, 0x11, 
	0x9A, 0x13, 0xF4, 0x17, 0x22, 0x1A, 0x22, 0x1A, 0xF4, 0x17, 0x99, 0x13, 0x6C, 0x11, 0x12, 0x0D, 
	0xE3, 0x0A, 0x88, 0x06, 0x5B, 0x04, 0x00, 0x00, 0xA5, 0xFB, 0x78, 0xF9, 0x1C, 0xF5, 0xF0, 0xF2, 
	0x94, 0xEE, 0x39, 0xEA, 0x0C, 0xE8, 0xB0, 0xE3, 0x83, 0xE1, 0x83, 0xE1, 0xB0, 0xE3, 0xDE, 0xE5, 
	0x39, 0xEA, 0x94, 0xEE, 0xC1, 0xF0, 0x1D, 0xF5, 0x4B, 0xF7, 0xA5, 0xFB, 0xFF, 0xFF, 0x2D, 0x02, 
	0x89, 0x06, 0xB5, 0x08, 0x11, 0x0D, 0x3E, 0x0F, 0x99, 0x13, 0xF5, 0x17, 0x22, 0x1A, 0x50, 0x1C, 
	0xF4, 0x17, 0xC7, 0x15, 0x6C, 0x11, 0x3E, 0x0F, 0xE3, 0x0A, 0x89, 0x06, 0x5C, 0x04, 0x00, 0x00, 
	0xA6, 0xFB, 0x49, 0xF7, 0x1C, 0xF5, 0xC2, 0xF0, 0x66, 0xEC, 0x39, 0xEA, 0xDE, 0xE5, 0x83, 0xE1, 
	0x83, 0xE1, 0xB1, 0xE3, 0xDE, 0xE5, 0x39, 0xEA, 0x94, 0xEE, 0xEF, 0xF2, 0x1D, 0xF5, 0x78, 0xF9, 
	0xD3, 0xFD, 0x00, 0x00, 0x5B, 0x04, 0xB6, 0x08, 0x11, 0x0D, 0x3F, 0x0F, 0x99, 0x13, 0xF5, 0x17, 
	0x21, 0x1A, 0x4F, 0x1C, 0xF4, 0x17, 0x99, 0x13, 0x6C, 0x11, 0x11, 0x0D, 0xB6, 0x08, 0x89, 0x06, 
	0x2E, 0x02, 0xD2, 0xFD, 0xA5, 0xFB, 0x4A, 0xF7, 0xEF, 0xF2, 0x94, 0xEE, 0x66, 0xEC, 0x0B, 0xE8, 
	0xB1, 0xE3, 0x84, 0xE1, 0x83, 0xE1, 0xDE, 0xE5, 0x0C, 0xE8, 0x66, 0xEC, 0x94, 0xEE, 0xEF, 0xF2, 
	0x4A, 0xF7, 0xA5, 0xFB, 0xD3, 0xFD, 0x2D, 0x02, 0x88, 0x06, 0xB6, 0x08, 0x12, 0x0D, 0x6C, 0x11, 
	0xC6, 0x15, 0xF5, 0x17, 0x4F, 0x1C, 0x22, 0x1A, 0xC8, 0x15, 0x99, 0x13, 0x3E, 0x0F, 0xE3, 0x0A, 
	0x88, 0x06, 0x5B, 0x04, 0x00, 0x00, 0xA5, 0xFB, 0x78, 0xF9, 0x1D, 0xF5, 0xC2, 0xF0, 0x94, 0xEE, 
	0x39, 0xEA, 0xDE, 0xE5, 0xB1, 0xE3, 0x83, 0xE1, 0xB1, 0xE3, 0xDE, 0xE5, 0x39, 0xEA, 0x94, 0xEE, 
	0xC2, 0xF0, 0x1C, 0xF5, 0x77, 0xF9, 0xA4, 0xFB, 0x00, 0x00, 0x5B, 0x04, 0xB6, 0x08, 0xE3, 0x0A, 
	0x3E, 0x0F, 0x99, 0x13, 0xC7, 0x15, 0x22, 0x1A, 0x50, 0x1C, 0xF5, 0x17, 0xC7, 0x15, 0x6B, 0x11, 
	0x10, 0x0D, 0xE4, 0x0A, 0x88, 0x06, 0x2E, 0x02, 0xD2, 0xFD, 0xA6, 0xFB, 0x4A, 0xF7, 0xEE, 0xF2, 
	0xC2, 0xF0, 0x66, 0xEC, 0x0B, 0xE8, 0xDE, 0xE5, 0x83, 0xE1, 0x84, 0xE1, 0xB1, 0xE3, 0x0C, 0xE8, 
	0x67, 0xEC, 0x93, 0xEE, 0xEF, 0xF2, 0x4A, 0xF7, 0x78, 0xF9, 0xD2, 0xFD, 0x2D, 0x02, 0x5B, 0x04, 
	0xB6, 0x08, 0x11, 0x0D, 0x6C, 0x11, 0x99, 0x13, 0xF5, 0x17, 0x23, 0x1A, 0x22, 0x1A, 0xF4, 0x17, 
	0x99, 0x13, 0x3E, 0x0F, 0xE4, 0x0A, 0xB5, 0x08, 0x5B, 0x04, 0x00, 0x00, 0xD3, 0xFD, 0x77, 0xF9, 
	0x1D, 0xF5, 0xF0, 0xF2, 0x94, 0xEE, 0x39, 0xEA, 0x0B, 0xE8, 0xB0, 0xE3, 0x82, 0xE1, 0x84, 0xE1, 
	0xDE, 0xE5, 0x39, 0xEA, 0x67, 0xEC, 0xC2, 0xF0, 0x1D, 0xF5, 0x4A, 0xF7, 0xA5, 0xFB, 0xFF, 0xFF, 
	0x2E, 0x02, 0x89, 0x06, 0xE4, 0x0A, 0x3E, 0x0F, 0x6C, 0x11, 0xC6, 0x15, 0x22, 0x1A, 0x4F, 0x1C, 
	0x22, 0x1A, 0xC7, 0x15, 0x6B, 0x11, 0x3E, 0x0F, 0xE3, 0x0A, 0x89, 0x06, 0x2E, 0x02, 0x00, 0x00, 
	0xA5, 0xFB, 0x4A, 0xF7, 0x1D, 0xF5, 0xC2, 0xF0, 0x67, 0xEC, 0x39, 0xEA, 0xDE, 0xE5, 0x82, 0xE1, 
	0x84, 0xE1, 0xB1, 0xE3, 0x0B, 0xE8, 0x3A, 0xEA, 0x94, 0xEE, 0xEF, 0xF2, 0x1C, 0xF5, 0x78, 0xF9, 
	0xD3, 0xFD, 0x00, 0x00, 0x5B, 0x04, 0xB7, 0x08, 0xE4, 0x0A, 0x3E, 0x0F, 0x99, 0x13, 0xF4, 0x17, 
	0x22, 0x1A, 0x22, 0x1A, 0xF5, 0x17, 0x9A, 0x13, 0x6C, 0x11, 0x11, 0x0D, 0xB6, 0x08, 0x5B, 0x04, 
	0x2D, 0x02, 0xD3, 0xFD, 0x78, 0xF9, 0x4A, 0xF7, 0xEF, 0xF2, 0x94, 0xEE, 0x67, 0xEC, 0x0C, 0xE8, 
	0xB0, 0xE3, 0x82, 0xE1, 0x83, 0xE1, 0xDF, 0xE5, 0x0B, 0xE8, 0x66, 0xEC, 0xC2, 0xF0, 0xEF, 0xF2, 
	0x4A, 0xF7, 0xA5, 0xFB, 0xD2, 0xFD, 0x2D, 0x02, 0x88, 0x06, 0xE3, 0x0A, 0x12, 0x0D, 0x6D, 0x11, 
	0xC7, 0x15, 0xF4, 0x17, 0x50, 0x1C, 0x22, 0x1A, 0xC8, 0x15, 0x99, 0x13, 0x3F, 0x0F, 0xE4, 0x0A, 
	0x88, 0x06, 0x5B, 0x04, 0x00, 0x00, 0xA5, 0xFB, 0x78, 0xF9, 0x1D, 0xF5, 0xC1, 0xF0, 0x94, 0xEE, 
	0x3A, 0xEA, 0xDE, 0xE5, 0xB1, 0xE3, 0x82, 0xE1, 0xB1, 0xE3, 0xDE, 0xE5, 0x39, 0xEA, 0x95, 0xEE, 
	0xC1, 0xF0, 0x1D, 0xF5, 0x77, 0xF9, 0xA5, 0xFB, 0xFF, 0xFF, 0x5B, 0x04, 0x89, 0x06, 0xE3, 0x0A, 
	0x3F, 0x0F, 0x99, 0x13, 0xC7, 0x15, 0x23, 0x1A, 0x4F, 0x1C, 0xF4, 0x17, 0xC7, 0x15, 0x6C, 0x11, 
	0x12, 0x0D, 0xB7, 0x08, 0x89, 0x06, 0x2E, 0x02, 0xD3, 0xFD, 0xA6, 0xFB, 0x4A, 0xF7, 0xEF, 0xF2, 
	0x94, 0xEE, 0x66, 0xEC, 0x0C, 0xE8, 0xDE, 0xE5, 0x83, 0xE1, 0x82, 0xE1, 0xB0, 0xE3, 0x0B, 0xE8, 
	0x66, 0xEC, 0x94, 0xEE, 0xEF, 0xF2, 0x4A, 0xF7, 0x78, 0xF9, 0xD2, 0xFD, 0x2D, 0x02, 0x88, 0x06, 
	0xB7, 0x08, 0x11, 0x0D, 0x6C, 0x11, 0x9A, 0x13, 0xF5, 0x17, 0x4F, 0x1C, 0x22, 0x1A, 0xF4, 0x17, 
	0x99, 0x13, 0x3F, 0x0F, 0x10, 0x0D, 0xB6, 0x08, 0x5B, 0x04, 0x00, 0x00, 0xD2, 0xFD, 0x77, 0xF9, 
	0x1C, 0xF5, 0xEF, 0xF2, 0x93, 0xEE, 0x39, 0xEA, 0x0C, 0xE8, 0xB1, 0xE3, 0x84, 0xE1, 0x83, 0xE1, 
	0xDE, 0xE5, 0x39, 0xEA, 0x66, 0xEC, 0xC2, 0xF0, 0x1D, 0xF5, 0x77, 0xF9, 0xA5, 0xFB, 0x00, 0x00, 
	0x5B, 0x04, 0x88, 0x06, 0xE3, 0x0A, 0x3E, 0x0F, 0x6D, 0x11, 0xC8, 0x15, 0x22, 0x1A, 0x4F, 0x1C, 
	0x21, 0x1A, 0xC7, 0x15, 0x6B, 0x11, 0x11, 0x0D, 0xE3, 0x0A, 0x89, 0x06, 0x2D, 0x02, 0x00, 0x00, 
	0xA5, 0xFB, 0x4A, 0xF7, 0x1C, 0xF5, 0xC2, 0xF0, 0x66, 0xEC, 0x39, 0xEA, 0xDE, 0xE5, 0x84, 0xE1, 
	0x83, 0xE1, 0xB0, 0xE3, 0x0C, 0xE8, 0x39, 0xEA, 0x94, 0xEE, 0xEF, 0xF2, 0x1D, 0xF5, 0x77, 0xF9, 
	0xD3, 0xFD, 0x2E, 0x02, 0x5B, 0x04, 0xB6, 0x08, 0x10, 0x0D, 0x3F, 0x0F, 0x99, 0x13, 0xF4, 0x17, 
	0x22, 0x1A, 0x22, 0x1A, 0xF4, 0x17, 0x9A, 0x13, 0x3F, 0x0F, 0xE3, 0x0A, 0x88, 0x06, 0x2E, 0x02, 
	0x01, 0x00, 0xA4, 0xFB, 0x4B, 0xF7, 0xEF, 0xF2, 0x94, 0xEE, 0x66, 0xEC, 0x0B, 0xE8, 0xB1, 0xE3, 
	0x83, 0xE1, 0x83, 0xE1, 0xDE, 0xE5, 0x39, 0xEA, 0x94, 0xEE, 0xEF, 0xF2, 0x1D, 0xF5, 0x78, 0xF9, 
	0xD2, 0xFD, 0x2E, 0x02, 0x89, 0x06, 0xE3, 0x0A, 0x11, 0x0D, 0x6B, 0x11, 0xC8, 0x15, 0x22, 0x1A, 
	0x4F, 0x1C, 0xF4, 0x17, 0x99, 0x13, 0x6C, 0x11, 0x12, 0x0D, 0xB6, 0x08, 0x5B, 0x04, 0x00, 0x00, 
	0xD3, 0xFD, 0x77, 0xF9, 0x1D, 0xF5, 0xC1, 0xF0, 0x66, 0xEC, 0x0C, 0xE8, 0xDE, 0xE5, 0x83, 0xE1, 
	0x83, 0xE1, 0xDE, 0xE5, 0x0C, 0xE8, 0x66, 0xEC, 0xC1, 0xF0, 0x1C, 0xF5, 0x78, 0xF9, 0xA4, 0xFB, 
	0x00, 0x00, 0x5B, 0x04, 0xB6, 0x08, 0x11, 0x0D, 0x6C, 0x11, 0x9A, 0x13, 0xF4, 0x17, 0x50, 0x1C, 
	0x22, 0x1A, 0xC7, 0x15, 0x6C, 0x11, 0x10, 0x0D, 0xE4, 0x0A, 0x89, 0x06, 0x2D, 0x02, 0xD3, 0xFD, 
	0x77, 0xF9, 0x4A, 0xF7, 0xEF, 0xF2, 0x94, 0xEE, 0x39, 0xEA, 0xDE, 0xE5, 0x83, 0xE1, 0x83, 0xE1, 
	0xB1, 0xE3, 0x0C, 0xE8, 0x66, 0xEC, 0x93, 0xEE, 0xEF, 0xF2, 0x49, 0xF7, 0xA5, 0xFB, 0x01, 0x00, 
	0x2D, 0x02, 0x89, 0x06, 0xE4, 0x0A, 0x3F, 0x0F, 0x99, 0x13, 0xF4, 0x17, 0x22, 0x1A, 0x21, 0x1A, 
	0xF5, 0x17, 0x99, 0x13, 0x3E, 0x0F, 0xE4, 0x0A, 0xB6, 0x08, 0x5B, 0x04, 0xFF, 0xFF, 0xA5, 0xFB, 
	0x4A, 0xF7, 0xEF, 0xF2, 0xC1, 0xF0, 0x67, 0xEC, 0x0B, 0xE8, 0xB0, 0xE3, 0x84, 0xE1, 0x83, 0xE1, 
	0xDF, 0xE5, 0x39, 0xEA, 0x94, 0xEE, 0xC1, 0xF0, 0x1C, 0xF5, 0x77, 0xF9, 0xD2, 0xFD, 0x2D, 0x02, 
	0x89, 0x06, 0xB6, 0x08, 0x11, 0x0D, 0x6C, 0x11, 0xC7, 0x15, 0x21, 0x1A, 0x4F, 0x1C, 0x21, 0x1A, 
	0xC8, 0x15, 0x6C, 0x11, 0x11, 0x0D, 0xB5, 0x08, 0x5B, 0x04, 0x2E, 0x02, 0xD2, 0xFD, 0x77, 0xF9, 
	0x1C, 0xF5, 0xC1, 0xF0, 0x67, 0xEC, 0x39, 0xEA, 0xDF, 0xE5, 0x83, 0xE1, 0x84, 0xE1, 0xB0, 0xE3, 
	0x0C, 0xE8, 0x67, 0xEC, 0xC1, 0xF0, 0x1D, 0xF5, 0x77, 0xF9, 0xA5, 0xFB, 0x00, 0x00, 0x5B, 0x04, 
	0xB6, 0x08, 0x11, 0x0D, 0x6C, 0x11, 0x99, 0x13, 0xF4, 0x17, 0x4F, 0x1C, 0x22, 0x1A, 0xC7, 0x15, 
	0x6C, 0x11, 0x3F, 0x0F, 0xE3, 0x0A, 0x89, 0x06, 0x2E, 0x02, 0xD3, 0xFD, 0x78, 0xF9, 0x4A, 0xF7, 
	0xEF, 0xF2, 0x94, 0xEE, 0x39, 0xEA, 0xDE, 0xE5, 0xB1, 0xE3, 0x56, 0xDF, 0xB1, 0xE3, 0x0C, 0xE8, 
	0x39, 0xEA, 0x93, 0xEE, 0xEE, 0xF2, 0x4A, 0xF7, 0xA5, 0xFB, 0x00, 0x00, 0x2D, 0x02, 0x88, 0x06, 
	0xE4, 0x0A, 0x3F, 0x0F, 0x9A, 0x13, 0xC7, 0x15, 0x22, 0x1A, 0x22, 0x1A, 0xF5, 0x17, 0x9A, 0x13, 
	0x3E, 0x0F, 0xE3, 0x0A, 0xB6, 0x08, 0x5B, 0x04, 0x00, 0x00, 0xA5, 0xFB, 0x4A, 0xF7, 0xEE, 0xF2, 
	0xC2, 0xF0, 0x66, 0xEC, 0x0B, 0xE8, 0xB1, 0xE3, 0x84, 0xE1, 0x83, 0xE1, 0xDE, 0xE5, 0x39, 0xEA, 
	0x94, 0xEE, 0xC1, 0xF0, 0x1C, 0xF5, 0x78, 0xF9, 0xD3, 0xFD, 0x2D, 0x02, 0x89, 0x06, 0xB6, 0x08, 
	0x11, 0x0D, 0x6C, 0x11, 0xC7, 0x15, 0x22, 0x1A, 0x50, 0x1C, 0x22, 0x1A, 0xC7, 0x15, 0x6D, 0x11, 
	0x11, 0x0D, 0xB6, 0x08, 0x5B, 0x04, 0x00, 0x00, 0xD3, 0xFD, 0x78, 0xF9, 0x1C, 0xF5, 0xC1, 0xF0, 
	0x94, 0xEE, 0x39, 0xEA, 0xDE, 0xE5, 0x83, 0xE1, 0x84, 0xE1, 0xB0, 0xE3, 0x0C, 0xE8, 0x67, 0xEC, 
	0xC1, 0xF0, 0x1C, 0xF5, 0x4A, 0xF7, 0xA5, 0xFB, 0x01, 0x00, 0x5B, 0x04, 0xB5, 0x08, 0xE3, 0x0A, 
	0x3F, 0x0F, 0x9A, 0x13, 0xF5, 0x17, 0x50, 0x1C, 0x22, 0x1A, 0xC7, 0x15, 0x9A, 0x13, 0x3F, 0x0F, 
	0xE4, 0x0A, 0x88, 0x06, 0x2E, 0x02, 0xD3, 0xFD, 0xA5, 0xFB, 0x4B, 0xF7, 0xF0, 0xF2, 0x95, 0xEE, 
	0x39, 0xEA, 0x0C, 0xE8, 0xB1, 0xE3, 0x83, 0xE1, 0xB1, 0xE3, 0x0B, 0xE8, 0x39, 0xEA, 0x94, 0xEE, 
	0xEF, 0xF2, 0x4B, 0xF7, 0x78, 0xF9, 0xD2, 0xFD, 0x2D, 0x02, 0x88, 0x06, 0xE4, 0x0A, 0x11, 0x0D, 
	0x6C, 0x11, 0xC7, 0x15, 0x22, 0x1A, 0x22, 0x1A, 0xF4, 0x17, 0x9A, 0x13, 0x3E, 0x0F, 0x11, 0x0D, 
	0xB7, 0x08, 0x5C, 0x04, 0x00, 0x00, 0xA4, 0xFB, 0x78, 0xF9, 0x1C, 0xF5, 0xC2, 0xF0, 0x66, 0xEC, 
	0x0C, 0xE8, 0xB0, 0xE3, 0x83, 0xE1, 0x83, 0xE1, 0xDE, 0xE5, 0x3A, 0xEA, 0x67, 0xEC, 0xC1, 0xF0, 
	0x1D, 0xF5, 0x78, 0xF9, 0xD3, 0xFD, 0xFF, 0xFF, 0x5B, 0x04, 0xB6, 0x08, 0x11, 0x0D, 0x6C, 0x11, 
	0xC6, 0x15, 0xF5, 0x17, 0x4F, 0x1C, 0x22, 0x1A, 0xC7, 0x15, 0x6C, 0x11, 0x12, 0x0D, 0xB6, 0x08, 
	0x88, 0x06, 0x2D, 0x02, 0xD2, 0xFD, 0x77, 0xF9, 0x1D, 0xF5, 0xC2, 0xF0, 0x94, 0xEE, 0x39, 0xEA, 
	0xDE, 0xE5, 0x83, 0xE1, 0x83, 0xE1, 0xB1, 0xE3, 0x0B, 0xE8, 0x67, 0xEC, 0xC1, 0xF0, 0xEF, 0xF2, 
	0x4B, 0xF7, 0xA5, 0xFB, 0x00, 0x00, 0x5B, 0x04, 0xB7, 0x08, 0xE4, 0x0A, 0x3E, 0x0F, 0x99, 0x13, 
	0xF5, 0x17, 0x22, 0x1A, 0x22, 0x1A, 0xF4, 0x17, 0x99, 0x13, 0x3F, 0x0F, 0xE3, 0x0A, 0x88, 0x06, 
	0x5B, 0x04, 0x00, 0x00, 0xA5, 0xFB, 0x4A, 0xF7, 0xEF, 0xF2, 0x95, 0xEE, 0x67, 0xEC, 0x0C, 0xE8, 
	0xB0, 0xE3, 0x84, 0xE1, 0xB1, 0xE3, 0xDF, 0xE5, 0x39, 0xEA, 0x94, 0xEE, 0xF0, 0xF2, 0x4A, 0xF7, 
	0xA5, 0xFB, 0x00, 0x00, 0x5B, 0x04, 0xB7, 0x08, 0x11, 0x0D, 0x6C, 0x11, 0x99, 0x13, 0x22, 0x1A, 
	0x50, 0x1C, 0xF4, 0x17, 0x9A, 0x13, 0x6C, 0x11, 0x12, 0x0D, 0xB5, 0x08, 0x5A, 0x04, 0x00, 0x00, 
	0xA5, 0xFB, 0x4A, 0xF7, 0xEE, 0xF2, 0x94, 0xEE, 0x39, 0xEA, 0xDE, 0xE5, 0x83, 0xE1, 0x83, 0xE1, 
	0xB0, 0xE3, 0x0B, 0xE8, 0x67, 0xEC, 0xC2, 0xF0, 0x1D, 0xF5, 0x77, 0xF9, 0xD2, 0xFD, 0x2D, 0x02, 
	0x89, 0x06, 0xE3, 0x0A, 0x3E, 0x0F, 0x9A, 0x13, 0xF4, 0x17, 0x50, 0x1C, 0x23, 0x1A, 0xC7, 0x15, 
	0x6C, 0x11, 0x10, 0x0D, 0xB6, 0x08, 0x5A, 0x04, 0x2D, 0x02, 0xD2, 0xFD, 0x77, 0xF9, 0x1D, 0xF5, 
	0xC1, 0xF0, 0x67, 0xEC, 0x0C, 0xE8, 0xB0, 0xE3, 0x83, 0xE1, 0xB1, 0xE3, 0x0C, 0xE8, 0x39, 0xEA, 
	0x94, 0xEE, 0xEE, 0xF2, 0x49, 0xF7, 0xA5, 0xFB, 0x01, 0x00, 0x5B, 0x04, 0xB6, 0x08, 0x10, 0x0D, 
	0x6D, 0x11, 0xC7, 0x15, 0x22, 0x1A, 0x4F, 0x1C, 0xF4, 0x17, 0x99, 0x13, 0x3E, 0x0F, 0xE4, 0x0A, 
	0x89, 0x06, 0x2D, 0x02, 0xD2, 0xFD, 0x77, 0xF9, 0x1C, 0xF5, 0xEE, 0xF2, 0x94, 0xEE, 0x39, 0xEA, 
	0xDE, 0xE5, 0x83, 0xE1, 0x83, 0xE1, 0xDE, 0xE5, 0x3A, 0xEA, 0x94, 0xEE, 0xF0, 0xF2, 0x4A, 0xF7, 
	0xA4, 0xFB, 0x00, 0x00, 0x2E, 0x02, 0x88, 0x06, 0xE3, 0x0A, 0x3E, 0x0F, 0x9A, 0x13, 0xF4, 0x17, 
	0x50, 0x1C, 0x21, 0x1A, 0xC7, 0x15, 0x6C, 0x11, 0x11, 0x0D, 0xB7, 0x08, 0x5B, 0x04, 0x00, 0x00, 
	0xA5, 0xFB, 0x4A, 0xF7, 0xEF, 0xF2, 0x94, 0xEE, 0x39, 0xEA, 0x0B, 0xE8, 0xB1, 0xE3, 0x83, 0xE1, 
	0xB1, 0xE3, 0x0C, 0xE8, 0x66, 0xEC, 0xC1, 0xF0, 0x1D, 0xF5, 0x78, 0xF9, 0xD2, 0xFD, 0x2E, 0x02, 
	0x88, 0x06, 0xB6, 0x08, 0x11, 0x0D, 0x6C, 0x11, 0xC6, 0x15, 0x22, 0x1A, 0x22, 0x1A, 0xC7, 0x15, 
	0x9A, 0x13, 0x3F, 0x0F, 0xE3, 0x0A, 0x89, 0x06, 0x2D, 0x02, 0xD3, 0xFD, 0x77, 0xF9, 0x1C, 0xF5, 
	0xC2, 0xF0, 0x66, 0xEC, 0x0C, 0xE8, 0xB0, 0xE3, 0x83, 0xE1, 0x82, 0xE1, 0xDD, 0xE5, 0x38, 0xEA, 
	0x94, 0xEE, 0xEF, 0xF2, 0x4A, 0xF7, 0xA5, 0xFB, 0x01, 0x00, 0x5A, 0x04, 0xB5, 0x08, 0x11, 0x0D, 
	0x6D, 0x11, 0x9A, 0x13, 0xF5, 0x17, 0x50, 0x1C, 0xF4, 0x17, 0x99, 0x13, 0x3F, 0x0F, 0x11, 0x0D, 
	0xB6, 0x08, 0x5B, 0x04, 0x00, 0x00, 0xA5, 0xFB, 0x4A, 0xF7, 0xF0, 0xF2, 0x94, 0xEE, 0x39, 0xEA, 
	0xDE, 0xE5, 0x83, 0xE1, 0x82, 0xE1, 0xB1, 0xE3, 0x0C, 0xE8, 0x67, 0xEC, 0xC1, 0xF0, 0x1D, 0xF5, 
	0x77, 0xF9, 0xD2, 0xFD, 0x2D, 0x02, 0x88, 0x06, 0xE3, 0x0A, 0x3F, 0x0F, 0x9A, 0x13, 0xF4, 0x17, 
	0x22, 0x1A, 0x21, 0x1A, 0xC7, 0x15, 0x6B, 0x11, 0x11, 0x0D, 0xB6, 0x08, 0x5B, 0x04, 0x2D, 0x02, 
	0xD2, 0xFD, 0x78, 0xF9, 0x1D, 0xF5, 0xC2, 0xF0, 0x66, 0xEC, 0x0B, 0xE8, 0xB1, 0xE3, 0x83, 0xE1, 
	0xB1, 0xE3, 0x0C, 0xE8, 0x67, 0xEC, 0xC2, 0xF0, 0xEF, 0xF2, 0x4A, 0xF7, 0xA4, 0xFB, 0x00, 0x00, 
	0x5B, 0x04, 0xB6, 0x08, 0x12, 0x0D, 0x6B, 0x11, 0xC7, 0x15, 0x22, 0x1A, 0x50, 0x1C, 0xF5, 0x17, 
	0x99, 0x13, 0x3E, 0x0F, 0xE3, 0x0A, 0x89, 0x06, 0x2E, 0x02, 0xD2, 0xFD, 0x78, 0xF9, 0x49, 0xF7, 
	0xEF, 0xF2, 0x95, 0xEE, 0x39, 0xEA, 0xDE, 0xE5, 0x83, 0xE1, 0x83, 0xE1, 0xDE, 0xE5, 0x39, 0xEA, 
	0x94, 0xEE, 0xEF, 0xF2, 0x4A, 0xF7, 0x78, 0xF9, 0xD2, 0xFD, 0x2E, 0x02, 0x89, 0x06, 0xE4, 0x0A, 
	0x3E, 0x0F, 0x99, 0x13, 0xF5, 0x17, 0x22, 0x1A, 0x21, 0x1A, 0xC7, 0x15, 0x6B, 0x11, 0x11, 0x0D, 
	0xB6, 0x08, 0x5B, 0x04, 0x01, 0x00, 0xA5, 0xFB, 0x4B, 0xF7, 0xEF, 0xF2, 0x95, 0xEE, 0x3A, 0xEA, 
	0x0C, 0xE8, 0xB1, 0xE3, 0x83, 0xE1, 0xB1, 0xE3, 0x0C, 0xE8, 0x67, 0xEC, 0xC2, 0xF0, 0x1D, 0xF5, 
	0x78, 0xF9, 0xD3, 0xFD, 0x00, 0x00, 0x5B, 0x04, 0xB6, 0x08, 0x10, 0x0D, 0x6D, 0x11, 0xC7, 0x15, 
	0x22, 0x1A, 0x22, 0x1A, 0xF4, 0x17, 0x99, 0x13, 0x3D, 0x0F, 0xE4, 0x0A, 0x89, 0x06, 0x2E, 0x02, 
	0xD3, 0xFD, 0x78, 0xF9, 0x1D, 0xF5, 0xC1, 0xF0, 0x66, 0xEC, 0x0B, 0xE8, 0xB0, 0xE3, 0x83, 0xE1, 
	0x84, 0xE1, 0xDE, 0xE5, 0x39, 0xEA, 0x94, 0xEE, 0xEF, 0xF2, 0x4A, 0xF7, 0xA5, 0xFB, 0xFF, 0xFF, 
	0x5B, 0x04, 0xB6, 0x08, 0x11, 0x0D, 0x6C, 0x11, 0xC6, 0x15, 0xF5, 0x17, 0x4F, 0x1C, 0xF4, 0x17, 
	0x9A, 0x13, 0x6B, 0x11, 0x12, 0x0D, 0xB6, 0x08, 0x5B, 0x04, 0x00, 0x00, 0xA6, 0xFB, 0x49, 0xF7, 
	0xEF, 0xF2, 0x94, 0xEE, 0x39, 0xEA, 0xDE, 0xE5, 0x83, 0xE1, 0x83, 0xE1, 0xB1, 0xE3, 0x0B, 0xE8, 
	0x66, 0xEC, 0xC1, 0xF0, 0x1D, 0xF5, 0x77, 0xF9, 0xD2, 0xFD, 0x2D, 0x02, 0x89, 0x06, 0xE4, 0x0A, 
	0x3F, 0x0F, 0x99, 0x13, 0xF4, 0x17, 0x22, 0x1A, 0x21, 0x1A, 0xC7, 0x15, 0x6C, 0x11, 0x10, 0x0D, 
	0xB6, 0x08, 0x5B, 0x04, 0x2D, 0x02, 0xD3, 0xFD, 0x77, 0xF9, 0x1D, 0xF5, 0xC1, 0xF0, 0x67, 0xEC, 
	0x0C, 0xE8, 0xB1, 0xE3, 0x84, 0xE1, 0xB0, 0xE3, 0x0B, 0xE8, 0x39, 0xEA, 0x95, 0xEE, 0xEF, 0xF2, 
	0x49, 0xF7, 0xA4, 0xFB, 0xFF, 0xFF, 0x5A, 0x04, 0xB5, 0x08, 0x11, 0x0D, 0x6C, 0x11, 0xC7, 0x15, 
	0x22, 0x1A, 0x50, 0x1C, 0xF5, 0x17, 0x6B, 0x11, 0x10, 0x0D, 0xB6, 0x08, 0x5B, 0x04, 0xFF, 0xFF, 
	0xA5, 0xFB, 0x4A, 0xF7, 0xEF, 0xF2, 0x95, 0xEE, 0x39, 0xEA, 0xDE, 0xE5, 0x83, 0xE1, 0x83, 0xE1, 
	0xDE, 0xE5, 0x39, 0xEA, 0x94, 0xEE, 0xEF, 0xF2, 0x4A, 0xF7, 0xA6, 0xFB, 0xFF, 0xFF, 0x5B, 0x04, 
	0xE3, 0x0A, 0x3E, 0x0F, 0x9A, 0x13, 0xF5, 0x17, 0x4F, 0x1C, 0x22, 0x1A, 0xC6, 0x15, 0x6C, 0x11, 
	0x12, 0x0D, 0xB6, 0x08, 0x5B, 0x04, 0x00, 0x00, 0xA6, 0xFB, 0x4A, 0xF7, 0xC2, 0xF0, 0x67, 0xEC, 
	0x0C, 0xE8, 0xB0, 0xE3, 0x83, 0xE1, 0xB0, 0xE3, 0x0C, 0xE8, 0x67, 0xEC, 0xC1, 0xF0, 0x1C, 0xF5, 
	0x78, 0xF9, 0xD3, 0xFD, 0x2E, 0x02, 0x88, 0x06, 0xE4, 0x0A, 0x3F, 0x0F, 0x99, 0x13, 0xF5, 0x17, 
	0x4F, 0x1C, 0xF5, 0x17, 0x9A, 0x13, 0x3E, 0x0F, 0xE3, 0x0A, 0x88, 0x06, 0x2D, 0x02, 0xD2, 0xFD, 
	0x77, 0xF9, 0x1D, 0xF5, 0xC2, 0xF0, 0x67, 0xEC, 0x0B, 0xE8, 0x83, 0xE1, 0x83, 0xE1, 0xB0, 0xE3, 
	0x0C, 0xE8, 0x66, 0xEC, 0xC2, 0xF0, 0x4A, 0xF7, 0xA5, 0xFB, 0x00, 0x00, 0x5B, 0x04, 0xB6, 0x08, 
	0x11, 0x0D, 0x6C, 0x11, 0xC6, 0x15, 0x22, 0x1A, 0x21, 0x1A, 0xF5, 0x17, 0x6C, 0x11, 0x11, 0x0D, 
	0xB5, 0x08, 0x5A, 0x04, 0xFF, 0xFF, 0xA5, 0xFB, 0x4A, 0xF7, 0xF0, 0xF2, 0x94, 0xEE, 0x3A, 0xEA, 
	0xDE, 0xE5, 0x83, 0xE1, 0x83, 0xE1, 0xDE, 0xE5, 0x3A, 0xEA, 0x93, 0xEE, 0xEF, 0xF2, 0x4A, 0xF7, 
	0xA5, 0xFB, 0x00, 0x00, 0x5A, 0x04, 0xE4, 0x0A, 0x3E, 0x0F, 0x9A, 0x13, 0xF5, 0x17, 0x22, 0x1A, 
	0x21, 0x1A, 0xC7, 0x15, 0x6C, 0x11, 0x10, 0x0D, 0xB7, 0x08, 0x5B, 0x04, 0xD3, 0xFD, 0x77, 0xF9, 
	0x1D, 0xF5, 0xC2, 0xF0, 0x66, 0xEC, 0x0C, 0xE8, 0xB1, 0xE3, 0x84, 0xE1, 0xB1, 0xE3, 0x0B, 0xE8, 
	0x66, 0xEC, 0xC2, 0xF0, 0x1D, 0xF5, 0x77, 0xF9, 0xD2, 0xFD, 0x2E, 0x02, 0x88, 0x06, 0xE3, 0x0A, 
	0x3E, 0x0F, 0x99, 0x13, 0xF4, 0x17, 0x50, 0x1C, 0xF5, 0x17, 0x99, 0x13, 0x3F, 0x0F, 0xE4, 0x0A, 
	0x88, 0x06, 0x2E, 0x02, 0xD3, 0xFD, 0x77, 0xF9, 0x1D, 0xF5, 0xC1, 0xF0, 0x66, 0xEC, 0x0C, 0xE8, 
	0x84, 0xE1, 0x83, 0xE1, 0xB0, 0xE3, 0x0B, 0xE8, 0x94, 0xEE, 0xEF, 0xF2, 0x4A, 0xF7, 0xA6, 0xFB, 
	0x00, 0x00, 0x5B, 0x04, 0xB6, 0x08, 0x12, 0x0D, 0x6D, 0x11, 0xC6, 0x15, 0x22, 0x1A, 0x4F, 0x1C, 
	0xF4, 0x17, 0x6C, 0x11, 0x11, 0x0D, 0xB5, 0x08, 0x5A, 0x04, 0x01, 0x00, 0xA5, 0xFB, 0x4A, 0xF7, 
	0xF0, 0xF2, 0x94, 0xEE, 0x39, 0xEA, 0xDE, 0xE5, 0x84, 0xE1, 0x83, 0xE1, 0xDE, 0xE5, 0x39, 0xEA, 
	0x94, 0xEE, 0xEF, 0xF2, 0x4A, 0xF7, 0xA5, 0xFB, 0x2E, 0x02, 0x5B, 0x04, 0xE3, 0x0A, 0x3F, 0x0F, 
	0x99, 0x13, 0xF5, 0x17, 0x4F, 0x1C, 0x22, 0x1A, 0xC7, 0x15, 0x6C, 0x11, 0x11, 0x0D, 0xB7, 0x08, 
	0x2E, 0x02, 0xD3, 0xFD, 0x78, 0xF9, 0x1C, 0xF5, 0xC1, 0xF0, 0x66, 0xEC, 0x0B, 0xE8, 0xB1, 0xE3, 
	0x83, 0xE1, 0xB1, 0xE3, 0x0B, 0xE8, 0x66, 0xEC, 0xC2, 0xF0, 0x1C, 0xF5, 0x78, 0xF9, 0xD3, 0xFD, 
	0x2D, 0x02, 0x88, 0x06, 0xE4, 0x0A, 0x3E, 0x0F, 0x9A, 0x13, 0xF4, 0x17, 0x4F, 0x1C, 0xF5, 0x17, 
	0x9A, 0x13, 0x3F, 0x0F, 0xE3, 0x0A, 0x89, 0x06, 0x2D, 0x02, 0xD2, 0xFD, 0x78, 0xF9, 0x1D, 0xF5, 
	0xC2, 0xF0, 0x66, 0xEC, 0xDE, 0xE5, 0x84, 0xE1, 0x83, 0xE1, 0xB1, 0xE3, 0x0C, 0xE8, 0x67, 0xEC, 
	0xEF, 0xF2, 0x4A, 0xF7, 0xA5, 0xFB, 0x01, 0x00, 0x5B, 0x04, 0xB6, 0x08, 0x10, 0x0D, 0x6C, 0x11, 
	0xC6, 0x15, 0x22, 0x1A, 0x22, 0x1A, 0xF4, 0x17, 0x99, 0x13, 0x11, 0x0D, 0xB6, 0x08, 0x5B, 0x04, 
	0x00, 0x00, 0xA5, 0xFB, 0x4A, 0xF7, 0xEF, 0xF2, 0x94, 0xEE, 0x39, 0xEA, 0xDE, 0xE5, 0x83, 0xE1, 
	0x83, 0xE1, 0xDE, 0xE5, 0x39, 0xEA, 0x95, 0xEE, 0xEF, 0xF2, 0x4B, 0xF7, 0xA5, 0xFB, 0x00, 0x00, 
	0x5B, 0x04, 0xB6, 0x08, 0x3F, 0x0F, 0x99, 0x13, 0xF4, 0x17, 0x4F, 0x1C, 0x22, 0x1A, 0xC8, 0x15, 
	0x6C, 0x11, 0x11, 0x0D, 0xB7, 0x08, 0x5B, 0x04, 0x00, 0x00, 0xA5, 0xFB, 0x1C, 0xF5, 0xC1, 0xF0, 
	0x66, 0xEC, 0x0C, 0xE8, 0xB0, 0xE3, 0x83, 0xE1, 0xB1, 0xE3, 0x0C, 0xE8, 0x66, 0xEC, 0xC2, 0xF0, 
	0x1C, 0xF5, 0x77, 0xF9, 0xD2, 0xFD, 0x2D, 0x02, 0x89, 0x06, 0xE3, 0x0A, 0x3E, 0x0F, 0x99, 0x13, 
	0xF5, 0x17, 0x4F, 0x1C, 0xF4, 0x17, 0x9A, 0x13, 0x3F, 0x0F, 0xE3, 0x0A, 0x89, 0x06, 0x2D, 0x02, 
	0xD3, 0xFD, 0x77, 0xF9, 0x1D, 0xF5, 0xC2, 0xF0, 0x66, 0xEC, 0x0C, 0xE8, 0xB1, 0xE3, 0x83, 0xE1, 
	0xB1, 0xE3, 0x39, 0xEA, 0x94, 0xEE, 0xEF, 0xF2, 0x4A, 0xF7, 0xA5, 0xFB, 0x00, 0x00, 0x5A, 0x04, 
	0xB6, 0x08, 0x11, 0x0D, 0x6C, 0x11, 0xC7, 0x15, 0x22, 0x1A, 0x22, 0x1A, 0xC6, 0x15, 0x6C, 0x11, 
	0x11, 0x0D, 0xB6, 0x08, 0x5B, 0x04, 0x00, 0x00, 0xA5, 0xFB, 0x4A, 0xF7, 0xF0, 0xF2, 0x94, 0xEE, 
	0x39, 0xEA, 0xDF, 0xE5, 0x84, 0xE1, 0x83, 0xE1, 0xDE, 0xE5, 0x39, 0xEA, 0x94, 0xEE, 0xEF, 0xF2, 
	0x4A, 0xF7, 0xA5, 0xFB, 0x00, 0x00, 0x5B, 0x04, 0xB7, 0x08, 0x10, 0x0D, 0x6C, 0x11, 0xC6, 0x15, 
	0x22, 0x1A, 0x23, 0x1A, 0xC7, 0x15, 0x6C, 0x11, 0x12, 0x0D, 0x89, 0x06, 0x2D, 0x02, 0xD3, 0xFD, 
	0x77, 0xF9, 0x1D, 0xF5, 0xC1, 0xF0, 0x39, 0xEA, 0xDF, 0xE5, 0x83, 0xE1, 0x83, 0xE1, 0xDD, 0xE5, 
	0x3A, 0xEA, 0xC1, 0xF0, 0x1D, 0xF5, 0x77, 0xF9, 0xD3, 0xFD, 0x2E, 0x02, 0x88, 0x06, 0xE4, 0x0A, 
	0x6C, 0x11, 0xC7, 0x15, 0x23, 0x1A, 0x22, 0x1A, 0xC8, 0x15, 0x6D, 0x11, 0x10, 0x0D, 0xB6, 0x08, 
	0x2D, 0x02, 0xD2, 0xFD, 0x78, 0xF9, 0x1D, 0xF5, 0xC1, 0xF0, 0x67, 0xEC, 0x0B, 0xE8, 0x83, 0xE1, 
	0x83, 0xE1, 0xDD, 0xE5, 0x39, 0xEA, 0x93, 0xEE, 0xEF, 0xF2, 0x4A, 0xF7, 0xD3, 0xFD, 0x2E, 0x02, 
	0x88, 0x06, 0xE4, 0x0A, 0x6B, 0x11, 0xC7, 0x15, 0x22, 0x1A, 0x21, 0x1A, 0xC8, 0x15, 0x6C, 0x11, 
	0x10, 0x0D, 0xB6, 0x08, 0x5B, 0x04, 0x00, 0x00, 0xA4, 0xFB, 0x1C, 0xF5, 0xC2, 0xF0, 0x67, 0xEC, 
	0x0C, 0xE8, 0xB1, 0xE3, 0x83, 0xE1, 0xDE, 0xE5, 0x39, 0xEA, 0x94, 0xEE, 0xF0, 0xF2, 0x4B, 0xF7, 
	0xD3, 0xFD, 0x2E, 0x02, 0x89, 0x06, 0xE4, 0x0A, 0x3F, 0x0F, 0x99, 0x13, 0xF4, 0x17, 0x21, 0x1A, 
	0xF5, 0x17, 0x99, 0x13, 0x3F, 0x0F, 0xB6, 0x08, 0x5A, 0x04, 0x01, 0x00, 0xA5, 0xFB, 0x1C, 0xF5, 
	0xC2, 0xF0, 0x66, 0xEC, 0x0C, 0xE8, 0xB1, 0xE3, 0x83, 0xE1, 0xB1, 0xE3, 0x39, 0xEA, 0x94, 0xEE, 
	0xEF, 0xF2, 0x4A, 0xF7, 0xA6, 0xFB, 0x00, 0x00, 0x5A, 0x04, 0xE4, 0x0A, 0x3F, 0x0F, 0x9A, 0x13, 
	0xF4, 0x17, 0x22, 0x1A, 0xF5, 0x17, 0x99, 0x13, 0x3E, 0x0F, 0xB5, 0x08, 0x5A, 0x04, 0x00, 0x00, 
	0xA6, 0xFB, 0x4A, 0xF7, 0xEF, 0xF2, 0x66, 0xEC, 0x0B, 0xE8, 0xB0, 0xE3, 0x83, 0xE1, 0xB1, 0xE3, 
	0x0C, 0xE8, 0x66, 0xEC, 0xEF, 0xF2, 0x4A, 0xF7, 0xA5, 0xFB, 0x01, 0x00, 0x5B, 0x04, 0xB6, 0x08, 
	0x3E, 0x0F, 0x99, 0x13, 0xF4, 0x17, 0x4F, 0x1C, 0xF5, 0x17, 0x99, 0x13, 0x3E, 0x0F, 0xE3, 0x0A, 
	0x88, 0x06, 0x00, 0x00, 0xA5, 0xFB, 0x4B, 0xF7, 0xEF, 0xF2, 0x94, 0xEE, 0x39, 0xEA, 0xB0, 0xE3, 
	0x83, 0xE1, 0xB1, 0xE3, 0x0C, 0xE8, 0x67, 0xEC, 0xC1, 0xF0, 0x1D, 0xF5, 0xA4, 0xFB, 0x00, 0x00, 
	0x5B, 0x04, 0xB6, 0x08, 0x11, 0x0D, 0x6C, 0x11, 0xF5, 0x17, 0x22, 0x1A, 0x22, 0x1A, 0x99, 0x13, 
	0x3F, 0x0F, 0xE3, 0x0A, 0x89, 0x06, 0x2D, 0x02, 0xD3, 0xFD, 0x4A, 0xF7, 0xEE, 0xF2, 0x94, 0xEE, 
	0x38, 0xEA, 0xDE, 0xE5, 0x83, 0xE1, 0x82, 0xE1, 0x0C, 0xE8, 0x67, 0xEC, 0xC2, 0xF0, 0x1D, 0xF5, 
	0x77, 0xF9, 0xD2, 0xFD, 0x5B, 0x04, 0xB6, 0x08, 0x10, 0x0D, 0x6C, 0x11, 0xC8, 0x15, 0x22, 0x1A, 
	0x22, 0x1A, 0xC8, 0x15, 0x6C, 0x11, 0xE3, 0x0A, 0x88, 0x06, 0x2D, 0x02, 0xD3, 0xFD, 0x78, 0xF9, 
	0x1D, 0xF5, 0x93, 0xEE, 0x39, 0xEA, 0xDE, 0xE5, 0x84, 0xE1, 0x84, 0xE1, 0xDE, 0xE5, 0x38, 0xEA, 
	0xC2, 0xF0, 0x1D, 0xF5, 0x77, 0xF9, 0xD3, 0xFD, 0x2E, 0x02, 0xB5, 0x08, 0x11, 0x0D, 0x6B, 0x11, 
	0xC7, 0x15, 0x22, 0x1A, 0x22, 0x1A, 0xC7, 0x15, 0x6D, 0x11, 0x10, 0x0D, 0xB6, 0x08, 0x2E, 0x02, 
	0xD3, 0xFD, 0x78, 0xF9, 0x1D, 0xF5, 0x94, 0xEE, 0x38, 0xEA, 0xDE, 0xE5, 0x83, 0xE1, 0x83, 0xE1, 
	0xDD, 0xE5, 0x39, 0xEA, 0xC2, 0xF0, 0x1C, 0xF5, 0x78, 0xF9, 0xD2, 0xFD, 0x2D, 0x02, 0x89, 0x06, 
	0xE3, 0x0A, 0x6C, 0x11, 0xC7, 0x15, 0x21, 0x1A, 0x22, 0x1A, 0xC7, 0x15, 0x6C, 0x11, 0x10, 0x0D, 
	0xB6, 0x08, 0x5B, 0x04, 0xD2, 0xFD, 0x77, 0xF9, 0x1C, 0xF5, 0xC2, 0xF0, 0x67, 0xEC, 0x0B, 0xE8, 
	0x83, 0xE1, 0x83, 0xE1, 0xDE, 0xE5, 0x39, 0xEA, 0x94, 0xEE, 0xF0, 0xF2, 0x4A, 0xF7, 0xD2, 0xFD, 
	0x2D, 0x02, 0x88, 0x06, 0xE3, 0x0A, 0x3F, 0x0F, 0xC7, 0x15, 0x22, 0x1A, 0x50, 0x1C, 0xF5, 0x17, 
	0x6C, 0x11, 0x11, 0x0D, 0xB6, 0x08, 0x5A, 0x04, 0x00, 0x00, 0xA5, 0xFB, 0x1C, 0xF5, 0xC1, 0xF0, 
	0x67, 0xEC, 0x0C, 0xE8, 0xB1, 0xE3, 0x82, 0xE1, 0xB1, 0xE3, 0x39, 0xEA, 0x95, 0xEE, 0xEF, 0xF2, 
	0x4A, 0xF7, 0xA5, 0xFB, 0x2D, 0x02, 0x88, 0x06, 0xE3, 0x0A, 0x3E, 0x0F, 0x9A, 0x13, 0xF4, 0x17, 
	0x50, 0x1C, 0xF4, 0x17, 0x99, 0x13, 0x3F, 0x0F, 0xB6, 0x08, 0x5B, 0x04, 0x00, 0x00, 0xA5, 0xFB, 
	0x4A, 0xF7, 0xC1, 0xF0, 0x67, 0xEC, 0x0B, 0xE8, 0xB1, 0xE3, 0x83, 0xE1, 0xB0, 0xE3, 0x0B, 0xE8, 
	0x94, 0xEE, 0xEF, 0xF2, 0x4A, 0xF7, 0xA5, 0xFB, 0x00, 0x00, 0x5B, 0x04, 0xB6, 0x08, 0x3E, 0x0F, 
	0x99, 0x13, 0xF4, 0x17, 0x4F, 0x1C, 0xF4, 0x17, 0x9A, 0x13, 0x3E, 0x0F, 0xE4, 0x0A, 0x5B, 0x04, 
	0x00, 0x00, 0xA5, 0xFB, 0x4B, 0xF7, 0xEF, 0xF2, 0x94, 0xEE, 0x0B, 0xE8, 0xB0, 0xE3, 0x84, 0xE1, 
	0xB1, 0xE3, 0x0B, 0xE8, 0x67, 0xEC, 0xC1, 0xF0, 0x49, 0xF7, 0xA6, 0xFB, 0x01, 0x00, 0x5A, 0x04, 
	0xB6, 0x08, 0x3E, 0x0F, 0x9A, 0x13, 0xF4, 0x17, 0x50, 0x1C, 0x22, 0x1A, 0x9A, 0x13, 0x3E, 0x0F, 
	0xE3, 0x0A, 0x89, 0x06, 0x2D, 0x02, 0xD2, 0xFD, 0x4A, 0xF7, 0xEF, 0xF2, 0x94, 0xEE, 0x39, 0xEA, 
	0xB1, 0xE3, 0x83, 0xE1, 0x82, 0xE1, 0x0C, 0xE8, 0x66, 0xEC, 0xC1, 0xF0, 0x1C, 0xF5, 0xA5, 0xFB, 
	0x01, 0x00, 0x5B, 0x04, 0xB6, 0x08, 0x11, 0x0D, 0x6B, 0x11, 0xF5, 0x17, 0x50, 0x1C, 0x22, 0x1A, 
	0x9A, 0x13, 0x3E, 0x0F, 0xE3, 0x0A, 0x5B, 0x04, 0xFF, 0xFF, 0xA6, 0xFB, 0x4A, 0xF7, 0xC2, 0xF0, 
	0x66, 0xEC, 0x0B, 0xE8, 0x83, 0xE1, 0x83, 0xE1, 0xDE, 0xE5, 0x39, 0xEA, 0xC2, 0xF0, 0x1D, 0xF5, 
	0x78, 0xF9, 0xD3, 0xFD, 0x5B, 0x04, 0xB6, 0x08, 0x11, 0x0D, 0x99, 0x13, 0xF5, 0x17, 0x4F, 0x1C, 
	0xF5, 0x17, 0x99, 0x13, 0x3E, 0x0F, 0xB6, 0x08, 0x5B, 0x04, 0xFF, 0xFF, 0x77, 0xF9, 0x1D, 0xF5, 
	0xC2, 0xF0, 0x39, 0xEA, 0xDF, 0xE5, 0x84, 0xE1, 0x83, 0xE1, 0x0C, 0xE8, 0x67, 0xEC, 0xC1, 0xF0, 
	0x1D, 0xF5, 0xA5, 0xFB, 0x00, 0x00, 0x5A, 0x04, 0xE3, 0x0A, 0x3F, 0x0F, 0x99, 0x13, 0x22, 0x1A, 
	0x4F, 0x1C, 0xF4, 0x17, 0x6C, 0x11, 0x11, 0x0D, 0xB6, 0x08, 0x2D, 0x02, 0xD2, 0xFD, 0x78, 0xF9, 
	0xEF, 0xF2, 0x94, 0xEE, 0x38, 0xEA, 0xB1, 0xE3, 0x83, 0xE1, 0xB1, 0xE3, 0x0C, 0xE8, 0x67, 0xEC, 
	0xEF, 0xF2, 0x4A, 0xF7, 0xA5, 0xFB, 0x2D, 0x02, 0x89, 0x06, 0xE4, 0x0A, 0x3E, 0x0F, 0xC6, 0x15, 
	0x22, 0x1A, 0x22, 0x1A, 0xC6, 0x15, 0x6C, 0x11, 0x11, 0x0D, 0x88, 0x06, 0x2D, 0x02, 0xD3, 0xFD, 
	0x4A, 0xF7, 0xEF, 0xF2, 0x94, 0xEE, 0x0B, 0xE8, 0xB1, 0xE3, 0x55, 0xDF, 0xB1, 0xE3, 0x39, 0xEA, 
	0x94, 0xEE, 0xEF, 0xF2, 0x4B, 0xF7, 0xD3, 0xFD, 0x2E, 0x02, 0x88, 0x06, 0x11, 0x0D, 0x6C, 0x11, 
	0xC7, 0x15, 0x4F, 0x1C, 0x22, 0x1A, 0xC7, 0x15, 0x3E, 0x0F, 0xE4, 0x0A, 0x88, 0x06, 0x01, 0x00, 
	0xA5, 0xFB, 0x4A, 0xF7, 0xC2, 0xF0, 0x67, 0xEC, 0x0C, 0xE8, 0x83, 0xE1, 0x83, 0xE1, 0xDF, 0xE5, 
	0x39, 0xEA, 0xC2, 0xF0, 0x1D, 0xF5, 0x78, 0xF9, 0xD2, 0xFD, 0x5C, 0x04, 0xB7, 0x08, 0x11, 0x0D, 
	0x9A, 0x13, 0xF4, 0x17, 0x4F, 0x1C, 0xF4, 0x17, 0x99, 0x13, 0x3F, 0x0F, 0xB6, 0x08, 0x5B, 0x04, 
	0x00, 0x00, 0xA4, 0xFB, 0x1C, 0xF5, 0xC2, 0xF0, 0x39, 0xEA, 0xDE, 0xE5, 0x84, 0xE1, 0x83, 0xE1, 
	0x0C, 0xE8, 0x67, 0xEC, 0xC2, 0xF0, 0x1D, 0xF5, 0xA5, 0xFB, 0x00, 0x00, 0x5A, 0x04, 0xE3, 0x0A, 
	0x3E, 0x0F, 0x99, 0x13, 0x22, 0x1A, 0x4F, 0x1C, 0xF4, 0x17, 0x6C, 0x11, 0x11, 0x0D, 0xB6, 0x08, 
	0x5B, 0x04, 0xD3, 0xFD, 0x78, 0xF9, 0xEF, 0xF2, 0x94, 0xEE, 0x39, 0xEA, 0xDE, 0xE5, 0x83, 0xE1, 
	0xB1, 0xE3, 0x0B, 0xE8, 0x66, 0xEC, 0xEF, 0xF2, 0x4A, 0xF7, 0xA5, 0xFB, 0x2E, 0x02, 0x88, 0x06, 
	0xE3, 0x0A, 0x6B, 0x11, 0xC7, 0x15, 0x22, 0x1A, 0x22, 0x1A, 0xC7, 0x15, 0x6D, 0x11, 0xE4, 0x0A, 
	0x89, 0x06, 0x2E, 0x02, 0xD3, 0xFD, 0x4A, 0xF7, 0xEE, 0xF2, 0x95, 0xEE, 0x0B, 0xE8, 0xB1, 0xE3, 
	0x83, 0xE1, 0xB1, 0xE3, 0x39, 0xEA, 0x93, 0xEE, 0xF0, 0xF2, 0x78, 0xF9, 0xD2, 0xFD, 0x2E, 0x02, 
	0xB6, 0x08, 0x11, 0x0D, 0x6C, 0x11, 0xC7, 0x15, 0x22, 0x1A, 0x22, 0x1A, 0xC6, 0x15, 0x3F, 0x0F, 
	0xE4, 0x0A, 0x89, 0x06, 0x00, 0x00, 0xA5, 0xFB, 0x1C, 0xF5, 0xC1, 0xF0, 0x67, 0xEC, 0x0B, 0xE8, 
	0x83, 0xE1, 0x83, 0xE1, 0xDD, 0xE5, 0x39, 0xEA, 0x94, 0xEE, 0x1D, 0xF5, 0x78, 0xF9, 0xD2, 0xFD, 
	0x5A, 0x04, 0xB6, 0x08, 0x11, 0x0D, 0x9A, 0x13, 0xF4, 0x17, 0x4F, 0x1C, 0xF4, 0x17, 0x99, 0x13, 
	0x3E, 0x0F, 0xB6, 0x08, 0x5B, 0x04, 0x01, 0x00, 0x78, 0xF9, 0x1D, 0xF5, 0xC2, 0xF0, 0x66, 0xEC, 
	0xDE, 0xE5, 0x83, 0xE1, 0x83, 0xE1, 0xDE, 0xE5, 0x66, 0xEC, 0xC2, 0xF0, 0x1D, 0xF5, 0xA5, 0xFB, 
	0x00, 0x00, 0x5B, 0x04, 0xE4, 0x0A, 0x3E, 0x0F, 0x99, 0x13, 0x22, 0x1A, 0x4F, 0x1C, 0xF5, 0x17, 
	0x6D, 0x11, 0x11, 0x0D, 0xB6, 0x08, 0x2E, 0x02, 0xD3, 0xFD, 0x78, 0xF9, 0x1D, 0xF5, 0x94, 0xEE, 
	0x39, 0xEA, 0xDE, 0xE5, 0x83, 0xE1, 0xB1, 0xE3, 0x0C, 0xE8, 0x67, 0xEC, 0xF0, 0xF2, 0x4A, 0xF7, 
	0xA5, 0xFB, 0x2D, 0x02, 0x89, 0x06, 0xE3, 0x0A, 0x3F, 0x0F, 0xC6, 0x15, 0x22, 0x1A, 0x22, 0x1A, 
	0xC7, 0x15, 0x6C, 0x11, 0xE4, 0x0A, 0x88, 0x06, 0x2D, 0x02, 0xD2, 0xFD, 0x4A, 0xF7, 0xEF, 0xF2, 
	0x94, 0xEE, 0x0C, 0xE8, 0xB1, 0xE3, 0x56, 0xDF, 0xB1, 0xE3, 0x0C, 0xE8, 0x94, 0xEE, 0xEF, 0xF2, 
	0x49, 0xF7, 0xD2, 0xFD, 0x2E, 0x02, 0x88, 0x06, 0x10, 0x0D, 0x6C, 0x11, 0xC7, 0x15, 0x4F, 0x1C, 
	0x22, 0x1A, 0xC7, 0x15, 0x3F, 0x0F, 0xE3, 0x0A, 0x89, 0x06, 0x00, 0x00, 0xA5, 0xFB, 0x4B, 0xF7, 
	0xC2, 0xF0, 0x66, 0xEC, 0x0C, 0xE8, 0x83, 0xE1, 0x83, 0xE1, 0xDE, 0xE5, 0x39, 0xEA, 0x94, 0xEE, 
	0x1D, 0xF5, 0x77, 0xF9, 0xD3, 0xFD, 0x5B, 0x04, 0xB6, 0x08, 0x11, 0x0D, 0x99, 0x13, 0xF4, 0x17, 
	0x50, 0x1C, 0xF4, 0x17, 0x99, 0x13, 0x3F, 0x0F, 0xB7, 0x08, 0x5B, 0x04, 0x00, 0x00, 0x77, 0xF9, 
	0x1C, 0xF5, 0xC1, 0xF0, 0x39, 0xEA, 0xDE, 0xE5, 0x83, 0xE1, 0x83, 0xE1, 0xDD, 0xE5, 0x39, 0xEA, 
	0xC2, 0xF0, 0x1C, 0xF5, 0x77, 0xF9, 0x01, 0x00, 0x5B, 0x04, 0xE4, 0x0A, 0x3F, 0x0F, 0x9A, 0x13, 
	0xF4, 0x17, 0x4F, 0x1C, 0xF4, 0x17, 0x6C, 0x11, 0x10, 0x0D, 0xB6, 0x08, 0x5B, 0x04, 0xD2, 0xFD, 
	0x78, 0xF9, 0x1D, 0xF5, 0x94, 0xEE, 0x3A, 0xEA, 0xDF, 0xE5, 0x83, 0xE1, 0x83, 0xE1, 0x0C, 0xE8, 
	0x66, 0xEC, 0xEF, 0xF2, 0x4A, 0xF7, 0xA5, 0xFB, 0x2E, 0x02, 0x89, 0x06, 0x11, 0x0D, 0x6B, 0x11, 
	0xC6, 0x15, 0x4F, 0x1C, 0x22, 0x1A, 0x99, 0x13, 0x3E, 0x0F, 0xB7, 0x08, 0x5A, 0x04, 0xD2, 0xFD, 
	0x77, 0xF9, 0xEF, 0xF2, 0x93, 0xEE, 0x39, 0xEA, 0xB0, 0xE3, 0x84, 0xE1, 0xB0, 0xE3, 0x39, 0xEA, 
	0x95, 0xEE, 0x1C, 0xF5, 0x78, 0xF9, 0x00, 0x00, 0x5A, 0x04, 0xB6, 0x08, 0x3F, 0x0F, 0x99, 0x13, 
	0xF5, 0x17, 0x22, 0x1A, 0xC8, 0x15, 0x6B, 0x11, 0xE4, 0x0A, 0x89, 0x06, 0x2E, 0x02, 0xA5, 0xFB, 
	0x4A, 0xF7, 0xC2, 0xF0, 0x67, 0xEC, 0x0C, 0xE8, 0x83, 0xE1, 0x83, 0xE1, 0x0C, 0xE8, 0x67, 0xEC, 
	0xC1, 0xF0, 0x4A, 0xF7, 0xA6, 0xFB, 0x2D, 0x02, 0x89, 0x06, 0x10, 0x0D, 0x6C, 0x11, 0xC6, 0x15, 
	0x22, 0x1A, 0x22, 0x1A, 0x99, 0x13, 0x3E, 0x0F, 0xB6, 0x08, 0x5B, 0x04, 0xD2, 0xFD, 0x78, 0xF9, 
	0xEF, 0xF2, 0x94, 0xEE, 0x3A, 0xEA, 0xB0, 0xE3, 0x84, 0xE1, 0xB1, 0xE3, 0x39, 0xEA, 0x94, 0xEE, 
	0x1C, 0xF5, 0x77, 0xF9, 0xD3, 0xFD, 0x5B, 0x04, 0xB6, 0x08, 0x3F, 0x0F, 0x99, 0x13, 0x23, 0x1A, 
	0x21, 0x1A, 0xC7, 0x15, 0x6B, 0x11, 0x11, 0x0D, 0x88, 0x06, 0x2D, 0x02, 0xA5, 0xFB, 0x4A, 0xF7, 
	0xC2, 0xF0, 0x66, 0xEC, 0x0C, 0xE8, 0x83, 0xE1, 0x83, 0xE1, 0xDD, 0xE5, 0x67, 0xEC, 0xC2, 0xF0, 
	0x4A, 0xF7, 0xA5, 0xFB, 0x2E, 0x02, 0x89, 0x06, 0xE4, 0x0A, 0x6D, 0x11, 0xC6, 0x15, 0x22, 0x1A, 
	0x22, 0x1A, 0x9A, 0x13, 0x3E, 0x0F, 0xB5, 0x08, 0x5B, 0x04, 0xD3, 0xFD, 0x78, 0xF9, 0x1D, 0xF5, 
	0x93, 0xEE, 0x39, 0xEA, 0xB1, 0xE3, 0x84, 0xE1, 0xB1, 0xE3, 0x3A, 0xEA, 0x95, 0xEE, 0xEF, 0xF2, 
	0x78, 0xF9, 0xD3, 0xFD, 0x5B, 0x04, 0xB6, 0x08, 0x3E, 0x0F, 0x99, 0x13, 0xF4, 0x17, 0x4F, 0x1C, 
	0xF5, 0x17, 0x6C, 0x11, 0x11, 0x0D, 0x89, 0x06, 0x2E, 0x02, 0xA5, 0xFB, 0x49, 0xF7, 0xEF, 0xF2, 
	0x67, 0xEC, 0x0B, 0xE8, 0x82, 0xE1, 0x83, 0xE1, 0xDF, 0xE5, 0x66, 0xEC, 0xC2, 0xF0, 0x4A, 0xF7, 
	0xA5, 0xFB, 0x00, 0x00, 0x88, 0x06, 0xE3, 0x0A, 0x6D, 0x11, 0xC7, 0x15, 0x22, 0x1A, 0x22, 0x1A, 
	0x9A, 0x13, 0x3E, 0x0F, 0xE3, 0x0A, 0x5A, 0x04, 0x00, 0x00, 0x78, 0xF9, 0x1D, 0xF5, 0xC2, 0xF0, 
	0x38, 0xEA, 0xB1, 0xE3, 0x56, 0xDF, 0xB1, 0xE3, 0x0B, 0xE8, 0x95, 0xEE, 0xEF, 0xF2, 0x78, 0xF9, 
	0xD3, 0xFD, 0x2E, 0x02, 0xB6, 0x08, 0x10, 0x0D, 0x99, 0x13, 0xF4, 0x17, 0x50, 0x1C, 0xF4, 0x17, 
	0x6D, 0x11, 0x11, 0x0D, 0xB6, 0x08, 0x2D, 0x02, 0xD3, 0xFD, 0x4A, 0xF7, 0xEE, 0xF2, 0x67, 0xEC, 
	0x0B, 0xE8, 0x83, 0xE1, 0x83, 0xE1, 0xDE, 0xE5, 0x39, 0xEA, 0xC1, 0xF0, 0x1C, 0xF5, 0xA5, 0xFB, 
	0x00, 0x00, 0x88, 0x06, 0xE4, 0x0A, 0x6C, 0x11, 0xC7, 0x15, 0x22, 0x1A, 0x22, 0x1A, 0xC7, 0x15, 
	0x3E, 0x0F, 0xE3, 0x0A, 0x5B, 0x04, 0x00, 0x00, 0x78, 0xF9, 0x1D, 0xF5, 0xC1, 0xF0, 0x39, 0xEA, 
	0xDE, 0xE5, 0x83, 0xE1, 0xB1, 0xE3, 0x0C, 0xE8, 0x94, 0xEE, 0xEF, 0xF2, 0x49, 0xF7, 0xD3, 0xFD, 
	0x2E, 0x02, 0xB6, 0x08, 0x12, 0x0D, 0x99, 0x13, 0xF4, 0x17, 0x50, 0x1C, 0xF5, 0x17, 0x6C, 0x11, 
	0x12, 0x0D, 0xB7, 0x08, 0x2E, 0x02, 0xD2, 0xFD, 0x4B, 0xF7, 0xEF, 0xF2, 0x66, 0xEC, 0x0C, 0xE8, 
	0xB0, 0xE3, 0x83, 0xE1, 0xDE, 0xE5, 0x39, 0xEA, 0xC2, 0xF0, 0x1C, 0xF5, 0xA5, 0xFB, 0x00, 0x00, 
	0x88, 0x06, 0xE3, 0x0A, 0x6C, 0x11, 0xC7, 0x15, 0x22, 0x1A, 0x22, 0x1A, 0x9A, 0x13, 0x3E, 0x0F, 
	0xE3, 0x0A, 0x5C, 0x04, 0x00, 0x00, 0xA5, 0xFB, 0x1D, 0xF5, 0xC1, 0xF0, 0x39, 0xEA, 0xDE, 0xE5, 
	0x83, 0xE1, 0xB0, 0xE3, 0x0B, 0xE8, 0x94, 0xEE, 0xEF, 0xF2, 0x4A, 0xF7, 0xD2, 0xFD, 0x2D, 0x02, 
	0xB6, 0x08, 0x11, 0x0D, 0x99, 0x13, 0xF4, 0x17, 0x4F, 0x1C, 0xF4, 0x17, 0x6C, 0x11, 0x10, 0x0D, 
	0xB6, 0x08, 0x2D, 0x02, 0xD3, 0xFD, 0x4B, 0xF7, 0xEF, 0xF2, 0x66, 0xEC, 0x0B, 0xE8, 0x83, 0xE1, 
	0x83, 0xE1, 0xDE, 0xE5, 0x39, 0xEA, 0xC1, 0xF0, 0x1D, 0xF5, 0xA6, 0xFB, 0x00, 0x00, 0x5A, 0x04, 
	0xE3, 0x0A, 0x3E, 0x0F, 0xC7, 0x15, 0x22, 0x1A, 0x21, 0x1A, 0xC7, 0x15, 0x3E, 0x0F, 0xE3, 0x0A, 
	0x5B, 0x04, 0x00, 0x00, 0xA6, 0xFB, 0x1C, 0xF5, 0xC2, 0xF0, 0x39, 0xEA, 0xDF, 0xE5, 0x84, 0xE1, 
	0xB0, 0xE3, 0x0B, 0xE8, 0x94, 0xEE, 0xEF, 0xF2, 0x4A, 0xF7, 0xD2, 0xFD, 0x2D, 0x02, 0xB7, 0x08, 
	0x12, 0x0D, 0x6C, 0x11, 0xF5, 0x17, 0x50, 0x1C, 0xF4, 0x17, 0x99, 0x13, 0x11, 0x0D, 0xB6, 0x08, 
	0x2E, 0x02, 0xD2, 0xFD, 0x49, 0xF7, 0xF0, 0xF2, 0x94, 0xEE, 0x0C, 0xE8, 0xB1, 0xE3, 0x83, 0xE1, 
	0xDD, 0xE5, 0x39, 0xEA, 0xC2, 0xF0, 0x1C, 0xF5, 0x78, 0xF9, 0x00, 0x00, 0x5A, 0x04, 0xE3, 0x0A, 
	0x3E, 0x0F, 0xC8, 0x15, 0x22, 0x1A, 0x22, 0x1A, 0xC6, 0x15, 0x3F, 0x0F, 0xE4, 0x0A, 0x89, 0x06, 
	0x00, 0x00, 0xA4, 0xFB, 0x1D, 0xF5, 0xC1, 0xF0, 0x39, 0xEA, 0xDE, 0xE5, 0x83, 0xE1, 0xB0, 0xE3, 
	0x0C, 0xE8, 0x67, 0xEC, 0xEF, 0xF2, 0x4A, 0xF7, 0xD2, 0xFD, 0x2D, 0x02, 0x89, 0x06, 0x11, 0x0D, 
	0x6C, 0x11, 0xF5, 0x17, 0x4F, 0x1C, 0xF4, 0x17, 0x99, 0x13, 0x11, 0x0D, 0xB6, 0x08, 0x5B, 0x04, 
	0xD3, 0xFD, 0x78, 0xF9, 0x1D, 0xF5, 0xC1, 0xF0, 0x3A, 0xEA, 0xDF, 0xE5, 0x84, 0xE1, 0xB0, 0xE3, 
	0x0B, 0xE8, 0x67, 0xEC, 0xC1, 0xF0, 0x4A, 0xF7, 0xA5, 0xFB, 0xFF, 0xFF, 0x88, 0x06, 0xE3, 0x0A, 
	0x6C, 0x11, 0xC7, 0x15, 0x22, 0x1A, 0x22, 0x1A, 0xC7, 0x15, 0x6D, 0x11, 0xE3, 0x0A, 0x89, 0x06, 
	0x2E, 0x02, 0xD3, 0xFD, 0x4B, 0xF7, 0xEF, 0xF2, 0x93, 0xEE, 0x0C, 0xE8, 0xB1, 0xE3, 0x83, 0xE1, 
	0xB1, 0xE3, 0x39, 0xEA, 0x95, 0xEE, 0xEF, 0xF2, 0x4A, 0xF7, 0xD2, 0xFD, 0x2D, 0x02, 0x89, 0x06, 
	0x11, 0x0D, 0x6D, 0x11, 0xC7, 0x15, 0x23, 0x1A, 0x22, 0x1A, 0xC7, 0x15, 0x3E, 0x0F, 0xE4, 0x0A, 
	0x89, 0x06, 0x00, 0x00, 0xA5, 0xFB, 0x4B, 0xF7, 0xC2, 0xF0, 0x66, 0xEC, 0x0B, 0xE8, 0x82, 0xE1, 
	0x83, 0xE1, 0xDE, 0xE5, 0x39, 0xEA, 0x95, 0xEE, 0x1C, 0xF5, 0x78, 0xF9, 0xD3, 0xFD, 0x5B, 0x04, 
	0xB6, 0x08, 0x11, 0x0D, 0x99, 0x13, 0xF4, 0x17, 0x4F, 0x1C, 0xF4, 0x17, 0x9A, 0x13, 0x3E, 0x0F, 
	0xB6, 0x08, 0x5B, 0x04, 0x00, 0x00, 0x77, 0xF9, 0x1C, 0xF5, 0xC1, 0xF0, 0x39, 0xEA, 0xDE, 0xE5, 
	0x83, 0xE1, 0x83, 0xE1, 0xDF, 0xE5, 0x66, 0xEC, 0xC1, 0xF0, 0x1D, 0xF5, 0xA5, 0xFB, 0x00, 0x00, 
	0x5B, 0x04, 0xE4, 0x0A, 0x3E, 0x0F, 0x99, 0x13, 0xF4, 0x17, 0x50, 0x1C, 0xF4, 0x17, 0x6C, 0x11, 
	0x12, 0x0D, 0xB7, 0x08, 0x2E, 0x02, 0xD3, 0xFD, 0x78, 0xF9, 0x1C, 0xF5, 0x94, 0xEE, 0x3A, 0xEA, 
	0xDE, 0xE5, 0x83, 0xE1, 0x82, 0xE1, 0x0C, 0xE8, 0x67, 0xEC, 0xC2, 0xF0, 0x4A, 0xF7, 0xA5, 0xFB, 
	0x00, 0x00, 0x89, 0x06, 0xE3, 0x0A, 0x3E, 0x0F, 0xC7, 0x15, 0x22, 0x1A, 0x21, 0x1A, 0xC7, 0x15, 
	0x6C, 0x11, 0x10, 0x0D, 0x88, 0x06, 0x2E, 0x02, 0xD2, 0xFD, 0x4A, 0xF7, 0xEF, 0xF2, 0x94, 0xEE, 
	0x39, 0xEA, 0xB0, 0xE3, 0x83, 0xE1, 0xB0, 0xE3, 0x0B, 0xE8, 0x94, 0xEE, 0xF0, 0xF2, 0x4A, 0xF7, 
	0xD2, 0xFD, 0x2E, 0x02, 0x88, 0x06, 0x11, 0x0D, 0x6C, 0x11, 0xC7, 0x15, 0x22, 0x1A, 0x22, 0x1A, 
	0xC7, 0x15, 0x3E, 0x0F, 0xE4, 0x0A, 0x89, 0x06, 0x00, 0x00, 0xA5, 0xFB, 0x4A, 0xF7, 0xC2, 0xF0, 
	0x66, 0xEC, 0x0B, 0xE8, 0x83, 0xE1, 0x84, 0xE1, 0xB1, 0xE3, 0x39, 0xEA, 0x94, 0xEE, 0x1D, 0xF5, 
	0x78, 0xF9, 0xD3, 0xFD, 0x2D, 0x02, 0xB6, 0x08, 0x11, 0x0D, 0x6C, 0x11, 0xF4, 0x17, 0x50, 0x1C, 
	0x22, 0x1A, 0x9A, 0x13, 0x3F, 0x0F, 0xE3, 0x0A, 0x5A, 0x04, 0xFF, 0xFF, 0xA6, 0xFB, 0x1C, 0xF5, 
	0xC1, 0xF0, 0x66, 0xEC, 0xDE, 0xE5, 0x83, 0xE1, 0x83, 0xE1, 0xDE, 0xE5, 0x39, 0xEA, 0xC2, 0xF0, 
	0x1C, 0xF5, 0x77, 0xF9, 0x00, 0x00, 0x5A, 0x04, 0xB7, 0x08, 0x3E, 0x0F, 0x9A, 0x13, 0xF5, 0x17, 
	0x4F, 0x1C, 0xF4, 0x17, 0x9A, 0x13, 0x11, 0x0D, 0xB7, 0x08, 0x5B, 0x04, 0xD2, 0xFD, 0x78, 0xF9, 
	0x1D, 0xF5, 0x95, 0xEE, 0x39, 0xEA, 0xDE, 0xE5, 0x82, 0xE1, 0x84, 0xE1, 0x0B, 0xE8, 0x66, 0xEC, 
	0xC1, 0xF0, 0x4A, 0xF7, 0xA5, 0xFB, 0xFF, 0xFF, 0x88, 0x06, 0xE3, 0x0A, 0x3F, 0x0F, 0xC6, 0x15, 
	0x22, 0x1A, 0x50, 0x1C, 0xC7, 0x15, 0x6B, 0x11, 0x11, 0x0D, 0x88, 0x06, 0x2E, 0x02, 0xD3, 0xFD, 
	0x4A, 0xF7, 0xEF, 0xF2, 0x94, 0xEE, 0x39, 0xEA, 0xB0, 0xE3, 0x56, 0xDF, 0xB1, 0xE3, 0x0B, 0xE8, 
	0x95, 0xEE, 0xEF, 0xF2, 0x4A, 0xF7, 0xD3, 0xFD, 0x2D, 0x02, 0x89, 0x06, 0xE3, 0x0A, 0x6C, 0x11, 
	0xC7, 0x15, 0x23, 0x1A, 0x21, 0x1A, 0xC7, 0x15, 0x6C, 0x11, 0xE4, 0x0A, 0x89, 0x06, 0x00, 0x00, 
	0xA5, 0xFB, 0x4A, 0xF7, 0xEF, 0xF2, 0x67, 0xEC, 0x0B, 0xE8, 0xB0, 0xE3, 0x83, 0xE1, 0xB1, 0xE3, 
	0x39, 0xEA, 0x94, 0xEE, 0xEF, 0xF2, 0x78, 0xF9, 0xD2, 0xFD, 0x5C, 0x04, 0xB6, 0x08, 0x11, 0x0D, 
	0x6C, 0x11, 0xF4, 0x17, 0x4F, 0x1C, 0x22, 0x1A, 0x99, 0x13, 0x3E, 0x0F, 0xE4, 0x0A, 0x5B, 0x04, 
	0x00, 0x00, 0xA6, 0xFB, 0x1D, 0xF5, 0xC2, 0xF0, 0x66, 0xEC, 0xDE, 0xE5, 0x83, 0xE1, 0x83, 0xE1, 
	0xDE, 0xE5, 0x66, 0xEC, 0xC2, 0xF0, 0x1D, 0xF5, 0xA5, 0xFB, 0xFF, 0xFF, 0x5B, 0x04, 0xB5, 0x08, 
	0x3F, 0x0F, 0x99, 0x13, 0xF4, 0x17, 0x50, 0x1C, 0xF5, 0x17, 0x9A, 0x13, 0x11, 0x0D, 0xB5, 0x08, 
	0x5B, 0x04, 0x00, 0x00, 0x77, 0xF9, 0x1C, 0xF5, 0xC2, 0xF0, 0x39, 0xEA, 0xDE, 0xE5, 0x83, 0xE1, 
	0x83, 0xE1, 0x0C, 0xE8, 0x67, 0xEC, 0xC2, 0xF0, 0x4A, 0xF7, 0xA4, 0xFB, 0x00, 0x00, 0x89, 0x06, 
	0xE3, 0x0A, 0x3E, 0x0F, 0x9A, 0x13, 0x22, 0x1A, 0x22, 0x1A, 0xC8, 0x15, 0x6B, 0x11, 0x11, 0x0D, 
	0x89, 0x06, 0x2D, 0x02, 0xD3, 0xFD, 0x78, 0xF9, 0xF0, 0xF2, 0x94, 0xEE, 0x39, 0xEA, 0xB0, 0xE3, 
	0x83, 0xE1, 0xB1, 0xE3, 0x0B, 0xE8, 0x93, 0xEE, 0xEF, 0xF2, 0x4A, 0xF7, 0xD2, 0xFD, 0x2E, 0x02, 
	0x88, 0x06, 0x11, 0x0D, 0x6C, 0x11, 0xC7, 0x15, 0x22, 0x1A, 0x22, 0x1A, 0xC7, 0x15, 0x3E, 0x0F, 
	0xE3, 0x0A, 0x88, 0x06, 0x2E, 0x02, 0xA5, 0xFB, 0x4A, 0xF7, 0xEF, 0xF2, 0x66, 0xEC, 0x0C, 0xE8, 
	0xB1, 0xE3, 0x83, 0xE1, 0xDE, 0xE5, 0x38, 0xEA, 0x94, 0xEE, 0x1C, 0xF5, 0x78, 0xF9, 0xD3, 0xFD, 
	0x2E, 0x02, 0xB7, 0x08, 0x11, 0x0D, 0x6C, 0x11, 0xC7, 0x15, 0x21, 0x1A, 0x22, 0x1A, 0xC7, 0x15, 
	0x6C, 0x11, 0x11, 0x0D, 0x89, 0x06, 0x2D, 0x02, 0xD2, 0xFD, 0x77, 0xF9, 0x1C, 0xF5, 0xC1, 0xF0, 
	0x39, 0xEA, 0xDE, 0xE5, 0x83, 0xE1, 0x83, 0xE1, 0xDF, 0xE5, 0x38, 0xEA, 0x94, 0xEE, 0x1D, 0xF5, 
	0x77, 0xF9, 0xD2, 0xFD, 0x2E, 0x02, 0xB6, 0x08, 0x12, 0x0D, 0x6D, 0x11, 0xC7, 0x15, 0x23, 0x1A, 
	0x22, 0x1A, 0xC7, 0x15, 0x6C, 0x11, 0x11, 0x0D, 0xB6, 0x08, 0x5B, 0x04, 0xD3, 0xFD, 0x78, 0xF9, 
	0x1C, 0xF5, 0xC2, 0xF0, 0x66, 0xEC, 0xDE, 0xE5, 0x83, 0xE1, 0x83, 0xE1, 0xDF, 0xE5, 0x39, 0xEA, 
	0x94, 0xEE, 0xEF, 0xF2, 0x78, 0xF9, 0xD2, 0xFD, 0x2E, 0x02, 0x89, 0x06, 0xE3, 0x0A, 0x3F, 0x0F, 
	0xC7, 0x15, 0x22, 0x1A, 0x22, 0x1A, 0xF5, 0x17, 0x6D, 0x11, 0x10, 0x0D, 0xB6, 0x08, 0x5B, 0x04, 
	0xD2, 0xFD, 0x77, 0xF9, 0x1C, 0xF5, 0xC2, 0xF0, 0x67, 0xEC, 0x0C, 0xE8, 0xB0, 0xE3, 0x83, 0xE1, 
	0xDF, 0xE5, 0x39, 0xEA, 0x94, 0xEE, 0xEF, 0xF2, 0x4B, 0xF7, 0xD2, 0xFD, 0x2E, 0x02, 0x88, 0x06, 
	0xE3, 0x0A, 0x3F, 0x0F, 0x9A, 0x13, 0x22, 0x1A, 0x50, 0x1C, 0xF5, 0x17, 0x99, 0x13, 0x11, 0x0D, 
	0xB6, 0x08, 0x5B, 0x04, 0x00, 0x00, 0xA5, 0xFB, 0x4A, 0xF7, 0xC2, 0xF0, 0x67, 0xEC, 0x0C, 0xE8, 
	0xB1, 0xE3, 0x83, 0xE1, 0xB0, 0xE3, 0x0C, 0xE8, 0x94, 0xEE, 0xEF, 0xF2, 0x49, 0xF7, 0xA5, 0xFB, 
	0x00, 0x00, 0x89, 0x06, 0xE4, 0x0A, 0x3E, 0x0F, 0x99, 0x13, 0xF4, 0x17, 0x50, 0x1C, 0xF5, 0x17, 
	0x99, 0x13, 0x3F, 0x0F, 0xB6, 0x08, 0x5B, 0x04, 0x00, 0x00, 0xA5, 0xFB, 0x4B, 0xF7, 0xEF, 0xF2, 
	0x94, 0xEE, 0x0B, 0xE8, 0xB0, 0xE3, 0x84, 0xE1, 0xB1, 0xE3, 0x0C, 0xE8, 0x67, 0xEC, 0xF0, 0xF2, 
	0x4A, 0xF7, 0xA6, 0xFB, 0xFF, 0xFF, 0x5B, 0x04, 0xB5, 0x08, 0x11, 0x0D, 0x9A, 0x13, 0xF5, 0x17, 
	0x50, 0x1C, 0xF5, 0x17, 0x99, 0x13, 0x3E, 0x0F, 0xE4, 0x0A, 0x88, 0x06, 0x2E, 0x02, 0xA5, 0xFB, 
	0x4A, 0xF7, 0xEF, 0xF2, 0x94, 0xEE, 0x3A, 0xEA, 0xDE, 0xE5, 0x83, 0xE1, 0xB1, 0xE3, 0x0C, 0xE8, 
	0x66, 0xEC, 0xC2, 0xF0, 0x1D, 0xF5, 0x78, 0xF9, 0x00, 0x00, 0x5B, 0x04, 0xB6, 0x08, 0x11, 0x0D, 
	0x99, 0x13, 0xF4, 0x17, 0x22, 0x1A, 0x22, 0x1A, 0x9A, 0x13, 0x3F, 0x0F, 0xE3, 0x0A, 0x89, 0x06, 
	0x2D, 0x02, 0xD3, 0xFD, 0x77, 0xF9, 0xEF, 0xF2, 0x94, 0xEE, 0x3A, 0xEA, 0xDE, 0xE5, 0x83, 0xE1, 
	0x83, 0xE1, 0x0C, 0xE8, 0x66, 0xEC, 0xC2, 0xF0, 0x1D, 0xF5, 0x77, 0xF9, 0xD3, 0xFD, 0x5B, 0x04, 
	0xB6, 0x08, 0x10, 0x0D, 0x6B, 0x11, 0xC7, 0x15, 0x21, 0x1A, 0x22, 0x1A, 0xC7, 0x15, 0x6B, 0x11, 
	0x11, 0x0D, 0x89, 0x06, 0x2D, 0x02, 0xD3, 0xFD, 0x78, 0xF9, 0x1D, 0xF5, 0x95, 0xEE, 0x39, 0xEA, 
	0xDE, 0xE5, 0x83, 0xE1, 0x83, 0xE1, 0xDE, 0xE5, 0x67, 0xEC, 0xC2, 0xF0, 0x1D, 0xF5, 0x78, 0xF9, 
	0xD2, 0xFD, 0x2E, 0x02, 0x89, 0x06, 0x11, 0x0D, 0x6B, 0x11, 0xC7, 0x15, 0x22, 0x1A, 0x22, 0x1A, 
	0xC7, 0x15, 0x6C, 0x11, 0x11, 0x0D, 0xB7, 0x08, 0x5C, 0x04, 0xD2, 0xFD, 0x78, 0xF9, 0x1C, 0xF5, 
	0xC3, 0xF0, 0x39, 0xEA, 0xDE, 0xE5, 0x83, 0xE1, 0x83, 0xE1, 0xDE, 0xE5, 0x39, 0xEA, 0x94, 0xEE, 
	0xEE, 0xF2, 0x78, 0xF9, 0xD3, 0xFD, 0x2D, 0x02, 0x88, 0x06, 0xE3, 0x0A, 0x6C, 0x11, 0xC7, 0x15, 
	0x22, 0x1A, 0x23, 0x1A, 0xC7, 0x15, 0x6C, 0x11, 0x11, 0x0D, 0xB5, 0x08, 0x5B, 0x04, 0xD3, 0xFD, 
	0x77, 0xF9, 0x1C, 0xF5, 0xC2, 0xF0, 0x67, 0xEC, 0x0C, 0xE8, 0x83, 0xE1, 0x83, 0xE1, 0xDE, 0xE5, 
	0x3A, 0xEA, 0x94, 0xEE, 0xF0, 0xF2, 0x4A, 0xF7, 0xD2, 0xFD, 0x2E, 0x02, 0x88, 0x06, 0xE3, 0x0A, 
	0x3E, 0x0F, 0x99, 0x13, 0x21, 0x1A, 0x22, 0x1A, 0xF4, 0x17, 0x6C, 0x11, 0x10, 0x0D, 0xB6, 0x08, 
	0x5A, 0x04, 0xFF, 0xFF, 0xA6, 0xFB, 0x1D, 0xF5, 0xC2, 0xF0, 0x67, 0xEC, 0x0C, 0xE8, 0xB1, 0xE3, 
	0x84, 0xE1, 0xB0, 0xE3, 0x39, 0xEA, 0x94, 0xEE, 0xEE, 0xF2, 0x4A, 0xF7, 0xA5, 0xFB, 0x00, 0x00, 
	0x88, 0x06, 0xE4, 0x0A, 0x3F, 0x0F, 0x9A, 0x13, 0xF4, 0x17, 0x22, 0x1A, 0xF4, 0x17, 0x99, 0x13, 
	0x3F, 0x0F, 0xB6, 0x08, 0x5C, 0x04, 0x00, 0x00, 0xA5, 0xFB, 0x4B, 0xF7, 0xEF, 0xF2, 0x67, 0xEC, 
	0x0C, 0xE8, 0xB1, 0xE3, 0x83, 0xE1, 0xB1, 0xE3, 0x0C, 0xE8, 0x67, 0xEC, 0xEF, 0xF2, 0x49, 0xF7, 
	0xA5, 0xFB, 0x00, 0x00, 0x89, 0x06, 0xE4, 0x0A, 0x3F, 0x0F, 0x99, 0x13, 0xF4, 0x17, 0x22, 0x1A, 
	0xF5, 0x17, 0x99, 0x13, 0x3E, 0x0F, 0xE3, 0x0A, 0x88, 0x06, 0x00, 0x00, 0xA6, 0xFB, 0x4A, 0xF7, 
	0xEF, 0xF2, 0x66, 0xEC, 0x39, 0xEA, 0xB1, 0xE3, 0x83, 0xE1, 0xB1, 0xE3, 0x0C, 0xE8, 0x67, 0xEC, 
	0xC1, 0xF0, 0x4A, 0xF7, 0xA5, 0xFB, 0x00, 0x00, 0x5A, 0x04, 0xB6, 0x08, 0x11, 0x0D, 0x9A, 0x13, 
	0xF5, 0x17, 0x23, 0x1A, 0x22, 0x1A, 0x9A, 0x13, 0x3E, 0x0F, 0xE4, 0x0A, 0x89, 0x06, 0x2D, 0x02, 
	0xA5, 0xFB, 0x4A, 0xF7, 0xEF, 0xF2, 0x94, 0xEE, 0x39, 0xEA, 0xDE, 0xE5, 0x83, 0xE1, 0xB1, 0xE3, 
	0x0C, 0xE8, 0x66, 0xEC, 0xC1, 0xF0, 0x1C, 0xF5, 0x77, 0xF9, 0x01, 0x00, 0x5B, 0x04, 0xB6, 0x08, 
	0x11, 0x0D, 0x6D, 0x11, 0xC7, 0x15, 0x21, 0x1A, 0x21, 0x1A, 0xC7, 0x15, 0x6C, 0x11, 0x11, 0x0D, 
	0xB6, 0x08, 0x5B, 0x04, 0x00, 0x00, 0xA5, 0xFB, 0x4A, 0xF7, 0xF0, 0xF2, 0x94, 0xEE, 0x39, 0xEA, 
	0xDE, 0xE5, 0x83, 0xE1, 0x84, 0xE1, 0xDE, 0xE5, 0x39, 0xEA, 0x94, 0xEE, 0xEF, 0xF2, 0x4A, 0xF7, 
	0xA5, 0xFB, 0x01, 0x00, 0x5A, 0x04, 0xE3, 0x0A, 0x11, 0x0D, 0x6D, 0x11, 0xC7, 0x15, 0x23, 0x1A, 
	0x22, 0x1A, 0xC7, 0x15, 0x6D, 0x11, 0x11, 0x0D, 0xB5, 0x08, 0x5B, 0x04, 0x01, 0x00, 0xA5, 0xFB, 
	0x49, 0xF7, 0xC1, 0xF0, 0x66, 0xEC, 0x39, 0xEA, 0xB1, 0xE3, 0x84, 0xE1, 0xB0, 0xE3, 0x0C, 0xE8, 
	0x66, 0xEC, 0xC2, 0xF0, 0x1D, 0xF5, 0x77, 0xF9, 0xD3, 0xFD, 0x2D, 0x02, 0x89, 0x06, 0xE4, 0x0A, 
	0x3F, 0x0F, 0x9A, 0x13, 0xF4, 0x17, 0x4F, 0x1C, 0xF5, 0x17, 0x9A, 0x13, 0x3F, 0x0F, 0xE4, 0x0A, 
	0x88, 0x06, 0x2E, 0x02, 0xD3, 0xFD, 0x78, 0xF9, 0x1D, 0xF5, 0xC2, 0xF0, 0x66, 0xEC, 0x0B, 0xE8, 
	0xB1, 0xE3, 0x84, 0xE1, 0xB1, 0xE3, 0x0C, 0xE8, 0x66, 0xEC, 0xC2, 0xF0, 0x4A, 0xF7, 0xA5, 0xFB, 
	0x00, 0x00, 0x5A, 0x04, 0xB6, 0x08, 0x10, 0x0D, 0x6C, 0x11, 0xC7, 0x15, 0x22, 0x1A, 0x4F, 0x1C, 
	0xF4, 0x17, 0x99, 0x13, 0x3E, 0x0F, 0xE3, 0x0A, 0x5B, 0x04, 0x00, 0x00, 0xA4, 0xFB, 0x4A, 0xF7, 
	0xEF, 0xF2, 0x94, 0xEE, 0x39, 0xEA, 0xDE, 0xE5, 0x83, 0xE1, 0x83, 0xE1, 0xDE, 0xE5, 0x38, 0xEA, 
	0x94, 0xEE, 0xEF, 0xF2, 0x49, 0xF7, 0xA5, 0xFB, 0x00, 0x00, 0x5B, 0x04, 0xB6, 0x08, 0x11, 0x0D, 
	0x9A, 0x13, 0xF4, 0x17, 0x4F, 0x1C, 0x22, 0x1A, 0xC7, 0x15, 0x6C, 0x11, 0x11, 0x0D, 0xB6, 0x08, 
	0x5B, 0x04, 0xFF, 0xFF, 0xA5, 0xFB, 0x4A, 0xF7, 0xEF, 0xF2, 0x66, 0xEC, 0x0B, 0xE8, 0xB0, 0xE3, 
	0x82, 0xE1, 0x83, 0xE1, 0x0B, 0xE8, 0x66, 0xEC, 0xC2, 0xF0, 0x1C, 0xF5, 0x78, 0xF9, 0xD3, 0xFD, 
	0x2D, 0x02, 0x88, 0x06, 0xE3, 0x0A, 0x3F, 0x0F, 0x9A, 0x13, 0xF4, 0x17, 0x4F, 0x1C, 0xF5, 0x17, 
	0x99, 0x13, 0x3E, 0x0F, 0xE4, 0x0A, 0x88, 0x06, 0x2E, 0x02, 0xD2, 0xFD, 0x77, 0xF9, 0x1D, 0xF5, 
	0xC2, 0xF0, 0x66, 0xEC, 0x0C, 0xE8, 0xB1, 0xE3, 0x83, 0xE1, 0xB1, 0xE3, 0x0C, 0xE8, 0x66, 0xEC, 
	0xC1, 0xF0, 0x1C, 0xF5, 0xA5, 0xFB, 0xD3, 0xFD, 0x5C, 0x04, 0xB5, 0x08, 0x12, 0x0D, 0x6C, 0x11, 
	0xC6, 0x15, 0x22, 0x1A, 0x22, 0x1A, 0xF4, 0x17, 0x9A, 0x13, 0x10, 0x0D, 0xB6, 0x08, 0x5B, 0x04, 
	0x00, 0x00, 0xA5, 0xFB, 0x4A, 0xF7, 0xEF, 0xF2, 0x94, 0xEE, 0x39, 0xEA, 0xDE, 0xE5, 0x83, 0xE1, 
	0x84, 0xE1, 0xDD, 0xE5, 0x39, 0xEA, 0x94, 0xEE, 0xEF, 0xF2, 0x4A, 0xF7, 0xA4, 0xFB, 0x01, 0x00, 
	0x5B, 0x04, 0xB7, 0x08, 0x11, 0x0D, 0x6C, 0x11, 0xF4, 0x17, 0x22, 0x1A, 0x21, 0x1A, 0xC8, 0x15, 
	0x6B, 0x11, 0x11, 0x0D, 0xB6, 0x08, 0x5B, 0x04, 0x00, 0x00, 0xA5, 0xFB, 0x4A, 0xF7, 0xEF, 0xF2, 
	0x94, 0xEE, 0x0C, 0xE8, 0xB1, 0xE3, 0x83, 0xE1, 0x83, 0xE1, 0x0B, 0xE8, 0x66, 0xEC, 0xC2, 0xF0, 
	0x1D, 0xF5, 0x78, 0xF9, 0xD2, 0xFD, 0x2E, 0x02, 0x88, 0x06, 0xE3, 0x0A, 0x3E, 0x0F, 0x99, 0x13, 
	0xF4, 0x17, 0x50, 0x1C, 0xF5, 0x17, 0x9A, 0x13, 0x3F, 0x0F, 0xE4, 0x0A, 0x89, 0x06, 0x2E, 0x02, 
	0xD3, 0xFD, 0x77, 0xF9, 0x1C, 0xF5, 0xC2, 0xF0, 0x67, 0xEC, 0x0B, 0xE8, 0xB0, 0xE3, 0x83, 0xE1, 
	0xB1, 0xE3, 0x0B, 0xE8, 0x66, 0xEC, 0xC2, 0xF0, 0x1C, 0xF5, 0x78, 0xF9, 0x00, 0x00, 0x5B, 0x04, 
	0xB6, 0x08, 0x11, 0x0D, 0x6B, 0x11, 0xC7, 0x15, 0x22, 0x1A, 0x4F, 0x1C, 0xF4, 0x17, 0x9A, 0x13, 
	0x3E, 0x0F, 0xE3, 0x0A, 0x5B, 0x04, 0x00, 0x00, 0xA5, 0xFB, 0x49, 0xF7, 0xF0, 0xF2, 0x94, 0xEE, 
	0x39, 0xEA, 0xDE, 0xE5, 0x84, 0xE1, 0x84, 0xE1, 0xDE, 0xE5, 0x39, 0xEA, 0x94, 0xEE, 0xEF, 0xF2, 
	0x4A, 0xF7, 0xA5, 0xFB, 0x00, 0x00, 0x5B, 0x04, 0xB6, 0x08, 0x3F, 0x0F, 0x6C, 0x11, 0xF5, 0x17, 
	0x22, 0x1A, 0x22, 0x1A, 0xC7, 0x15, 0x6C, 0x11, 0x12, 0x0D, 0xB6, 0x08, 0x5B, 0x04, 0x00, 0x00, 
	0xA5, 0xFB, 0x4A, 0xF7, 0xC1, 0xF0, 0x66, 0xEC, 0x0C, 0xE8, 0xB0, 0xE3, 0x83, 0xE1, 0x84, 0xE1, 
	0x0C, 0xE8, 0x66, 0xEC, 0xC1, 0xF0, 0x1C, 0xF5, 0x78, 0xF9, 0xD3, 0xFD, 0x2E, 0x02, 0x89, 0x06, 
	0xE4, 0x0A, 0x3F, 0x0F, 0x99, 0x13, 0xF4, 0x17, 0x4F, 0x1C, 0xF4, 0x17, 0x9A, 0x13, 0x3F, 0x0F, 
	0xE4, 0x0A, 0x88, 0x06, 0x2E, 0x02, 0xD3, 0xFD, 0x78, 0xF9, 0x1C, 0xF5, 0xC2, 0xF0, 0x67, 0xEC, 
	0x0B, 0xE8, 0xB1, 0xE3, 0x83, 0xE1, 0xB1, 0xE3, 0x0C, 0xE8, 0x66, 0xEC, 0xC2, 0xF0, 0x1C, 0xF5, 
	0xA5, 0xFB, 0x00, 0x00, 0x5B, 0x04, 0xB7, 0x08, 0x11, 0x0D, 0x6C, 0x11, 0xC7, 0x15, 0x21, 0x1A, 
	0x22, 0x1A, 0xF4, 0x17, 0x99, 0x13, 0x3F, 0x0F, 0xE4, 0x0A, 0x5C, 0x04, 0x00, 0x00, 0xA5, 0xFB, 
	0x4B, 0xF7, 0xF0, 0xF2, 0x94, 0xEE, 0x39, 0xEA, 0xDE, 0xE5, 0x84, 0xE1, 0x84, 0xE1, 0xDE, 0xE5, 
	0x39, 0xEA, 0x94, 0xEE, 0xEE, 0xF2, 0x4A, 0xF7, 0xA5, 0xFB, 0x00, 0x00, 0x5B, 0x04, 0xB5, 0x08, 
	0x3F, 0x0F, 0x6B, 0x11, 0xC6, 0x15, 0x22, 0x1A, 0x22, 0x1A, 0xF5, 0x17, 0x9A, 0x13, 0x3F, 0x0F, 
	0xE3, 0x0A, 0x88, 0x06, 0x2E, 0x02, 0xD2, 0xFD, 0x78, 0xF9, 0x1C, 0xF5, 0xC2, 0xF0, 0x66, 0xEC, 
	0x0B, 0xE8, 0xB0, 0xE3, 0x84, 0xE1, 0x83, 0xE1, 0xDF, 0xE5, 0x39, 0xEA, 0x94, 0xEE, 0xEF, 0xF2, 
	0x49, 0xF7, 0xA5, 0xFB, 0x00, 0x00, 0x5B, 0x04, 0xB5, 0x08, 0x12, 0x0D, 0x6C, 0x11, 0xC8, 0x15, 
	0x22, 0x1A, 0x4F, 0x1C, 0xF4, 0x17, 0x99, 0x13, 0x6C, 0x11, 0x11, 0x0D, 0xB6, 0x08, 0x5B, 0x04, 
	0x00, 0x00, 0xA5, 0xFB, 0x4A, 0xF7, 0xEF, 0xF2, 0x94, 0xEE, 0x39, 0xEA, 0xDD, 0xE5, 0x83, 0xE1, 
	0x83, 0xE1, 0xB0, 0xE3, 0x0C, 0xE8, 0x66, 0xEC, 0xC1, 0xF0, 0x1D, 0xF5, 0x77, 0xF9, 0xD3, 0xFD, 
	0x2D, 0x02, 0x88, 0x06, 0xE4, 0x0A, 0x3F, 0x0F, 0x9A, 0x13, 0xF5, 0x17, 0x22, 0x1A, 0x21, 0x1A, 
	0xC7, 0x15, 0x6C, 0x11, 0x11, 0x0D, 0xB6, 0x08, 0x5A, 0x04, 0x00, 0x00, 0xD3, 0xFD, 0x77, 0xF9, 
	0x1D, 0xF5, 0xC1, 0xF0, 0x67, 0xEC, 0x0B, 0xE8, 0xB1, 0xE3, 0x83, 0xE1, 0xB0, 0xE3, 0x0C, 0xE8, 
	0x66, 0xEC, 0xC2, 0xF0, 0xEE, 0xF2, 0x4A, 0xF7, 0xA6, 0xFB, 0x00, 0x00, 0x5B, 0x04, 0xB6, 0x08, 
	0x10, 0x0D, 0x6C, 0x11, 0xC7, 0x15, 0x22, 0x1A, 0x22, 0x1A, 0xF4, 0x17, 0x99, 0x13, 0x3F, 0x0F, 
	0xE3, 0x0A, 0x88, 0x06, 0x2E, 0x02, 0xD2, 0xFD, 0x78, 0xF9, 0x4A, 0xF7, 0xEF, 0xF2, 0x94, 0xEE, 
	0x38, 0xEA, 0xDF, 0xE5, 0x84, 0xE1, 0x82, 0xE1, 0xDF, 0xE5, 0x3A, 0xEA, 0x95, 0xEE, 0xF0, 0xF2, 
	0x4A, 0xF7, 0xA5, 0xFB, 0xD2, 0xFD, 0x2D, 0x02, 0x88, 0x06, 0xE3, 0x0A, 0x3F, 0x0F, 0x99, 0x13, 
	0xF4, 0x17, 0x22, 0x1A, 0x21, 0x1A, 0xC7, 0x15, 0x6C, 0x11, 0x12, 0x0D, 0xB5, 0x08, 0x5C, 0x04, 
	0x00, 0x00, 0xA5, 0xFB, 0x4A, 0xF7, 0xEF, 0xF2, 0x94, 0xEE, 0x39, 0xEA, 0x0B, 0xE8, 0xB1, 0xE3, 
	0x83, 0xE1, 0xB0, 0xE3, 0x0C, 0xE8, 0x67, 0xEC, 0xC1, 0xF0, 0x1D, 0xF5, 0x77, 0xF9, 0xD3, 0xFD, 
	0x2E, 0x02, 0x89, 0x06, 0xB6, 0x08, 0x11, 0x0D, 0x6C, 0x11, 0xC8, 0x15, 0x22, 0x1A, 0x22, 0x1A, 
	0xF4, 0x17, 0x99, 0x13, 0x3E, 0x0F, 0xE3, 0x0A, 0x88, 0x06, 0x2E, 0x02, 0xD3, 0xFD, 0x78, 0xF9, 
	0x1D, 0xF5, 0xC1, 0xF0, 0x67, 0xEC, 0x0C, 0xE8, 0xB1, 0xE3, 0x84, 0xE1, 0x84, 0xE1, 0xDE, 0xE5, 
	0x3A, 0xEA, 0x94, 0xEE, 0xEF, 0xF2, 0x4A, 0xF7, 0xA6, 0xFB, 0x00, 0x00, 0x5B, 0x04, 0xB7, 0x08, 
	0x11, 0x0D, 0x6C, 0x11, 0xC7, 0x15, 0x22, 0x1A, 0x50, 0x1C, 0xF5, 0x17, 0x9A, 0x13, 0x3E, 0x0F, 
	0x11, 0x0D, 0xB6, 0x08, 0x5C, 0x04, 0x01, 0x00, 0xA5, 0xFB, 0x4A, 0xF7, 0xEF, 0xF2, 0x94, 0xEE, 
	0x39, 0xEA, 0xDD, 0xE5, 0x83, 0xE1, 0x83, 0xE1, 0xB1, 0xE3, 0x0B, 0xE8, 0x66, 0xEC, 0xC2, 0xF0, 
	0x1C, 0xF5, 0x78, 0xF9, 0xD2, 0xFD, 0x2D, 0x02, 0x88, 0x06, 0xE4, 0x0A, 0x3E, 0x0F, 0x99, 0x13, 
	0xF4, 0x17, 0x21, 0x1A, 0x21, 0x1A, 0xC7, 0x15, 0x6D, 0x11, 0x11, 0x0D, 0xB6, 0x08, 0x5B, 0x04, 
	0x2E, 0x02, 0xD2, 0xFD, 0x78, 0xF9, 0x1D, 0xF5, 0xC2, 0xF0, 0x66, 0xEC, 0x0B, 0xE8, 0xB0, 0xE3, 
	0x84, 0xE1, 0xB0, 0xE3, 0x0B, 0xE8, 0x67, 0xEC, 0xC2, 0xF0, 0xEF, 0xF2, 0x4A, 0xF7, 0xA5, 0xFB, 
	0x00, 0x00, 0x5B, 0x04, 0xB7, 0x08, 0x11, 0x0D, 0x6C, 0x11, 0xC7, 0x15, 0x22, 0x1A, 0x4F, 0x1C, 
	0xF4, 0x17, 0x99, 0x13, 0x3F, 0x0F, 0xE3, 0x0A, 0x88, 0x06, 0x2E, 0x02, 0xD2, 0xFD, 0x77, 0xF9, 
	0x1C, 0xF5, 0xF0, 0xF2, 0x94, 0xEE, 0x39, 0xEA, 0xDE, 0xE5, 0x83, 0xE1, 0x83, 0xE1, 0xDE, 0xE5, 
	0x39, 0xEA, 0x94, 0xEE, 0xF0, 0xF2, 0x4A, 0xF7, 0xA5, 0xFB, 0xD2, 0xFD, 0x2D, 0x02, 0x89, 0x06, 
	0xE3, 0x0A, 0x3F, 0x0F, 0x99, 0x13, 0xF4, 0x17, 0x22, 0x1A, 0x22, 0x1A, 0xC7, 0x15, 0x6C, 0x11, 
	0x11, 0x0D, 0xB6, 0x08, 0x5B, 0x04, 0x00, 0x00, 0xA4, 0xFB, 0x4A, 0xF7, 0xEF, 0xF2, 0x94, 0xEE, 
	0x3A, 0xEA, 0x0C, 0xE8, 0xB0, 0xE3, 0x83, 0xE1, 0xB0, 0xE3, 0x0B, 0xE8, 0x66, 0xEC, 0xC1, 0xF0, 
	0x1D, 0xF5, 0x78, 0xF9, 0xD2, 0xFD, 0x2E, 0x02, 0x89, 0x06, 0xB6, 0x08, 0x12, 0x0D, 0x6C, 0x11, 
	0xC7, 0x15, 0x22, 0x1A, 0x22, 0x1A, 0xC8, 0x15, 0x99, 0x13, 0x3E, 0x0F, 0xE3, 0x0A, 0x88, 0x06, 
	0x2E, 0x02, 0xD2, 0xFD, 0x77, 0xF9, 0x1D, 0xF5, 0xC1, 0xF0, 0x67, 0xEC, 0x0C, 0xE8, 0xB0, 0xE3, 
	0x83, 0xE1, 0x83, 0xE1, 0xDE, 0xE5, 0x39, 0xEA, 0x93, 0xEE, 0xEE, 0xF2, 0x4A, 0xF7, 0xA5, 0xFB, 
	0xFF, 0xFF, 0x5C, 0x04, 0xB6, 0x08, 0x10, 0x0D, 0x6C, 0x11, 0xC7, 0x15, 0x22, 0x1A, 0x4F, 0x1C, 
	0xF4, 0x17, 0x9A, 0x13, 0x3E, 0x0F, 0xE3, 0x0A, 0xB6, 0x08, 0x5B, 0x04, 0x01, 0x00, 0xA5, 0xFB, 
	0x4A, 0xF7, 0xEF, 0xF2, 0x94, 0xEE, 0x39, 0xEA, 0xDE, 0xE5, 0x83, 0xE1, 0x83, 0xE1, 0xDE, 0xE5, 
	0x0C, 0xE8, 0x67, 0xEC, 0xC2, 0xF0, 0x1C, 0xF5, 0x77, 0xF9, 0xD2, 0xFD, 0x2E, 0x02, 0x88, 0x06, 
	0xE4, 0x0A, 0x3E, 0x0F, 0x99, 0x13, 0xF5, 0x17, 0x21, 0x1A, 0x22, 0x1A, 0xC7, 0x15, 0x6C, 0x11, 
	0x12, 0x0D, 0xB6, 0x08, 0x5B, 0x04, 0x2E, 0x02, 0xD2, 0xFD, 0x78, 0xF9, 0x1C, 0xF5, 0xC2, 0xF0, 
	0x66, 0xEC, 0x0B, 0xE8, 0xB0, 0xE3, 0x82, 0xE1, 0x82, 0xE1, 0xDE, 0xE5, 0x39, 0xEA, 0x66, 0xEC, 
	0xC2, 0xF0, 0x1D, 0xF5, 0x77, 0xF9, 0xD2, 0xFD, 0x2D, 0x02, 0x5B, 0x04, 0xB6, 0x08, 0x11, 0x0D, 
	0x6B, 0x11, 0xC8, 0x15, 0x22, 0x1A, 0x50, 0x1C, 0x21, 0x1A, 0xC7, 0x15, 0x6C, 0x11, 0x11, 0x0D, 
	0xB6, 0x08, 0x5B, 0x04, 0x2E, 0x02, 0xD2, 0xFD, 0x78, 0xF9, 0x1C, 0xF5, 0xC1, 0xF0, 0x94, 0xEE, 
	0x38, 0xEA, 0xDF, 0xE5, 0x83, 0xE1, 0x83, 0xE1, 0xB0, 0xE3, 0x0C, 0xE8, 0x67, 0xEC, 0xC1, 0xF0, 
	0x1C, 0xF5, 0x4A, 0xF7, 0xA5, 0xFB, 0x00, 0x00, 0x5B, 0x04, 0x89, 0x06, 0xE4, 0x0A, 0x3E, 0x0F, 
	0x9A, 0x13, 0xF5, 0x17, 0x22, 0x1A, 0x21, 0x1A, 0xC7, 0x15, 0x99, 0x13, 0x3F, 0x0F, 0xE4, 0x0A, 
	0x89, 0x06, 0x2D, 0x02, 0xFF, 0xFF, 0xA5, 0xFB, 0x4A, 0xF7, 0xEF, 0xF2, 0x94, 0xEE, 0x39, 0xEA, 
	0x0B, 0xE8, 0xB1, 0xE3, 0x83, 0xE1, 0xB0, 0xE3, 0xDF, 0xE5, 0x39, 0xEA, 0x94, 0xEE, 0xEF, 0xF2, 
	0x4A, 0xF7, 0x78, 0xF9, 0xD2, 0xFD, 0x2E, 0x02, 0x88, 0x06, 0xE4, 0x0A, 0x3E, 0x0F, 0x6C, 0x11, 
	0xC7, 0x15, 0x22, 0x1A, 0x4F, 0x1C, 0xF5, 0x17, 0x99, 0x13, 0x3F, 0x0F, 0xE3, 0x0A, 0xB6, 0x08, 
	0x5B, 0x04, 0x00, 0x00, 0xA6, 0xFB, 0x77, 0xF9, 0x1C, 0xF5, 0xC2, 0xF0, 0x66, 0xEC, 0x0C, 0xE8, 
	0xDE, 0xE5, 0x84, 0xE1, 0x83, 0xE1, 0xDE, 0xE5, 0x3A, 0xEA, 0x67, 0xEC, 0xC2, 0xF0, 0x1D, 0xF5, 
	0x78, 0xF9, 0xD3, 0xFD, 0x00, 0x00, 0x5C, 0x04, 0xB6, 0x08, 0x11, 0x0D, 0x6C, 0x11, 0x99, 0x13, 
	0xF5, 0x17, 0x4F, 0x1C, 0x22, 0x1A, 0xC6, 0x15, 0x6B, 0x11, 0x12, 0x0D, 0xB6, 0x08, 0x89, 0x06, 
	0x2D, 0x02, 0xD3, 0xFD, 0x78, 0xF9, 0x1D, 0xF5, 0xEF, 0xF2, 0x94, 0xEE, 0x38, 0xEA, 0xDF, 0xE5, 
	0x82, 0xE1, 0x82, 0xE1, 0xB1, 0xE3, 0x0C, 0xE8, 0x67, 0xEC, 0x93, 0xEE, 0xEF, 0xF2, 0x4A, 0xF7, 
	0xA5, 0xFB, 0x00, 0x00, 0x5B, 0x04, 0x88, 0x06, 0xE3, 0x0A, 0x3F, 0x0F, 0x99, 0x13, 0xF4, 0x17, 
	0x22, 0x1A, 0x22, 0x1A, 0xF4, 0x17, 0x9A, 0x13, 0x3E, 0x0F, 0xE3, 0x0A, 0x89, 0x06, 0x5B, 0x04, 
	0x01, 0x00, 0xA5, 0xFB, 0x4A, 0xF7, 0xF0, 0xF2, 0x94, 0xEE, 0x3A, 0xEA, 0x0C, 0xE8, 0xB1, 0xE3, 
	0x83, 0xE1, 0x83, 0xE1, 0xDF, 0xE5, 0x39, 0xEA, 0x94, 0xEE, 0xEF, 0xF2, 0x4A, 0xF7, 0x78, 0xF9, 
	0xD3, 0xFD, 0x2E, 0x02, 0x89, 0x06, 0xE4, 0x0A, 0x11, 0x0D, 0x6D, 0x11, 0xC7, 0x15, 0x21, 0x1A, 
	0x22, 0x1A, 0xF5, 0x17, 0x99, 0x13, 0x3F, 0x0F, 0x11, 0x0D, 0xB5, 0x08, 0x5A, 0x04, 0x00, 0x00, 
	0xA5, 0xFB, 0x78, 0xF9, 0x1D, 0xF5, 0xC2, 0xF0, 0x67, 0xEC, 0x0B, 0xE8, 0xDF, 0xE5, 0x83, 0xE1, 
	0x83, 0xE1, 0xDE, 0xE5, 0x0C, 0xE8, 0x67, 0xEC, 0xC2, 0xF0, 0x1C, 0xF5, 0x77, 0xF9, 0xD3, 0xFD, 
	0x00, 0x00, 0x5A, 0x04, 0xB6, 0x08, 0x11, 0x0D, 0x6D, 0x11, 0x9A, 0x13, 0xF4, 0x17, 0x22, 0x1A, 
	0x22, 0x1A, 0xC7, 0x15, 0x6B, 0x11, 0x11, 0x0D, 0xE3, 0x0A, 0x88, 0x06, 0x2E, 0x02, 0xD2, 0xFD, 
	0x78, 0xF9, 0x4A, 0xF7, 0xEF, 0xF2, 0x94, 0xEE, 0x39, 0xEA, 0xDE, 0xE5, 0xB1, 0xE3, 0x83, 0xE1, 
	0xB1, 0xE3, 0x0C, 0xE8, 0x66, 0xEC, 0x94, 0xEE, 0xEF, 0xF2, 0x4A, 0xF7, 0xA5, 0xFB, 0x01, 0x00, 
	0x2D, 0x02, 0x89, 0x06, 0xE3, 0x0A, 0x3F, 0x0F, 0x99, 0x13, 0xC6, 0x15, 0x21, 0x1A, 0x22, 0x1A, 
	0xF5, 0x17, 0x9A, 0x13, 0x3F, 0x0F, 0xE3, 0x0A, 0x89, 0x06, 0x5B, 0x04, 0x00, 0x00, 0xA5, 0xFB, 
	0x49, 0xF7, 0x1C, 0xF5, 0xC1, 0xF0, 0x66, 0xEC, 0x0C, 0xE8, 0xB1, 0xE3, 0x84, 0xE1, 0x84, 0xE1, 
	0xDE, 0xE5, 0x3A, 0xEA, 0x94, 0xEE, 0xC1, 0xF0, 0x1D, 0xF5, 0x78, 0xF9, 0xD2, 0xFD, 0x2D, 0x02, 
	0x5B, 0x04, 0xB6, 0x08, 0x11, 0x0D, 0x6B, 0x11, 0xC7, 0x15, 0x21, 0x1A, 0x4F, 0x1C, 0xF5, 0x17, 
	0xC7, 0x15, 0x6B, 0x11, 0x11, 0x0D, 0xB6, 0x08, 0x5B, 0x04, 0x00, 0x00, 0xD3, 0xFD, 0x78, 0xF9, 
	0x1C, 0xF5, 0xC1, 0xF0, 0x66, 0xEC, 0x3A, 0xEA, 0xDE, 0xE5, 0x84, 0xE1, 0x83, 0xE1, 0xB0, 0xE3, 
	0x0B, 0xE8, 0x67, 0xEC, 0xC1, 0xF0, 0x1C, 0xF5, 0x78, 0xF9, 0xA5, 0xFB, 0x00, 0x00, 0x5B, 0x04, 
	0xB5, 0x08, 0x11, 0x0D, 0x3E, 0x0F, 0x9A, 0x13, 0xF4, 0x17, 0x4F, 0x1C, 0x22, 0x1A, 0xC7, 0x15, 
	0x6B, 0x11, 0x3E, 0x0F, 0xE3, 0x0A, 0x89, 0x06, 0x2D, 0x02, 0xD2, 0xFD, 0xA6, 0xFB, 0x4A, 0xF7, 
	0xEE, 0xF2, 0x94, 0xEE, 0x3A, 0xEA, 0x0C, 0xE8, 0xB0, 0xE3, 0x84, 0xE1, 0xB0, 0xE3, 0x0C, 0xE8, 
	0x39, 0xEA, 0x94, 0xEE, 0xEF, 0xF2, 0x4A, 0xF7, 0xA5, 0xFB, 0xD3, 0xFD, 0x2D, 0x02, 0x89, 0x06, 
	0xE4, 0x0A, 0x3F, 0x0F, 0x6C, 0x11, 0xC7, 0x15, 0x22, 0x1A, 0x22, 0x1A, 0xF4, 0x17, 0x99, 0x13, 
	0x3F, 0x0F, 0x10, 0x0D, 0xB6, 0x08, 0x5C, 0x04, 0x01, 0x00, 0xA4, 0xFB, 0x4A, 0xF7, 0x1D, 0xF5, 
	0xC2, 0xF0, 0x67, 0xEC, 0x0C, 0xE8, 0xB1, 0xE3, 0x83, 0xE1, 0x83, 0xE1, 0xDE, 0xE5, 0x39, 0xEA, 
	0x66, 0xEC, 0xC1, 0xF0, 0x1D, 0xF5, 0x78, 0xF9, 0xD3, 0xFD, 0x2D, 0x02, 0x5B, 0x04, 0xB7, 0x08, 
	0x11, 0x0D, 0x6C, 0x11, 0x9A, 0x13, 0xF4, 0x17, 0x4F, 0x1C, 0x22, 0x1A, 0xC7, 0x15, 0x9A, 0x13, 
	0x3F, 0x0F, 0xE3, 0x0A, 0xB6, 0x08, 0x5C, 0x04, 0x00, 0x00, 0xD2, 0xFD, 0x77, 0xF9, 0x1D, 0xF5, 
	0xEF, 0xF2, 0x94, 0xEE, 0x39, 0xEA, 0xDD, 0xE5, 0xB0, 0xE3, 0x83, 0xE1, 0xB0, 0xE3, 0xDE, 0xE5, 
	0x39, 0xEA, 0x67, 0xEC, 0xC2, 0xF0, 0x1C, 0xF5, 0x78, 0xF9, 0xA5, 0xFB, 0x00, 0x00, 0x2D, 0x02, 
	0x89, 0x06, 0xE4, 0x0A, 0x3E, 0x0F, 0x99, 0x13, 0xC7, 0x15, 0x21, 0x1A, 0x4F, 0x1C, 0x22, 0x1A, 
	0xC7, 0x15, 0x6C, 0x11, 0x11, 0x0D, 0xE4, 0x0A, 0x89, 0x06, 0x2E, 0x02, 0x00, 0x00, 0xA5, 0xFB, 
	0x4B, 0xF7, 0x1D, 0xF5, 0xC2, 0xF0, 0x67, 0xEC, 0x0C, 0xE8, 0xDE, 0xE5, 0x83, 0xE1, 0x82, 0xE1, 
	0xB1, 0xE3, 0x0C, 0xE8, 0x67, 0xEC, 0x94, 0xEE, 0xEF, 0xF2, 0x4A, 0xF7, 0x78, 0xF9, 0xD2, 0xFD, 
	0x2E, 0x02, 0x5B, 0x04, 0xB5, 0x08, 0x11, 0x0D, 0x3E, 0x0F, 0x9A, 0x13, 0xF4, 0x17, 0x22, 0x1A, 
	0x22, 0x1A, 0xF5, 0x17, 0x99, 0x13, 0x3E, 0x0F, 0x11, 0x0D, 0xB6, 0x08, 0x5B, 0x04, 0x2E, 0x02, 
	0xD2, 0xFD, 0x77, 0xF9, 0x4A, 0xF7, 0xEF, 0xF2, 0x94, 0xEE, 0x39, 0xEA, 0x0B, 0xE8, 0xB1, 0xE3, 
	0x82, 0xE1, 0x83, 0xE1, 0xDE, 0xE5, 0x3A, 0xEA, 0x67, 0xEC, 0xC2, 0xF0, 0x1D, 0xF5, 0x4A, 0xF7, 
	0xA6, 0xFB, 0x00, 0x00, 0x2E, 0x02, 0x88, 0x06, 0xE3, 0x0A, 0x10, 0x0D, 0x6C, 0x11, 0xC7, 0x15, 
	0x22, 0x1A, 0x4F, 0x1C, 0x22, 0x1A, 0xC7, 0x15, 0x6D, 0x11, 0x3F, 0x0F, 0xE3, 0x0A, 0x89, 0x06, 
	0x5B, 0x04, 0x00, 0x00, 0xA5, 0xFB, 0x78, 0xF9, 0x1C, 0xF5, 0xC1, 0xF0, 0x67, 0xEC, 0x39, 0xEA, 
	0xDE, 0xE5, 0x83, 0xE1, 0x83, 0xE1, 0xB0, 0xE3, 0x0C, 0xE8, 0x39, 0xEA, 0x94, 0xEE, 0xEF, 0xF2, 
	0x1C, 0xF5, 0x77, 0xF9, 0xD3, 0xFD, 0x00, 0x00, 0x5C, 0x04, 0xB6, 0x08, 0xE3, 0x0A, 0x3E, 0x0F, 
	0x99, 0x13, 0xC7, 0x15, 0x22, 0x1A, 0x22, 0x1A, 0xF4, 0x17, 0x99, 0x13, 0x6C, 0x11, 0x11, 0x0D, 
	0xB6, 0x08, 0x89, 0x06, 0x2E, 0x02, 0xD2, 0xFD, 0xA5, 0xFB, 0x4A, 0xF7, 0xEF, 0xF2, 0x94, 0xEE, 
	0x67, 0xEC, 0x0C, 0xE8, 0xB0, 0xE3, 0x83, 0xE1, 0x84, 0xE1, 0xB0, 0xE3, 0x0C, 0xE8, 0x67, 0xEC, 
	0xC2, 0xF0, 0xEF, 0xF2, 0x4A, 0xF7, 0xA5, 0xFB, 0xD3, 0xFD, 0x2E, 0x02, 0x88, 0x06, 0xB6, 0x08, 
	0x11, 0x0D, 0x6C, 0x11, 0xC7, 0x15, 0xF4, 0x17, 0x4F, 0x1C, 0x22, 0x1A, 0xC6, 0x15, 0x99, 0x13, 
	0x3F, 0x0F, 0xE3, 0x0A, 0xB6, 0x08, 0x5B, 0x04, 0x00, 0x00, 0xA5, 0xFB, 0x77, 0xF9, 0x1C, 0xF5, 
	0xC2, 0xF0, 0x94, 0xEE, 0x38, 0xEA, 0xDE, 0xE5, 0xB1, 0xE3, 0x56, 0xDF, 0x82, 0xE1, 0xDF, 0xE5, 
	0x38, 0xEA, 0x94, 0xEE, 0xC2, 0xF0, 0x1C, 0xF5, 0x77, 0xF9, 0xA6, 0xFB, 0x00, 0x00, 0x5B, 0x04, 
	0x88, 0x06, 0xE4, 0x0A, 0x3F, 0x0F, 0x99, 0x13, 0xC7, 0x15, 0x22, 0x1A, 0x50, 0x1C, 0x22, 0x1A, 
	0xC8, 0x15, 0x6D, 0x11, 0x11, 0x0D, 0xE4, 0x0A, 0x89, 0x06, 0x2D, 0x02, 0x00, 0x00, 0xA5, 0xFB, 
	0x4B, 0xF7, 0xF0, 0xF2, 0xC1, 0xF0, 0x66, 0xEC, 0x0C, 0xE8, 0xDE, 0xE5, 0x82, 0xE1, 0x83, 0xE1, 
	0xB0, 0xE3, 0x0C, 0xE8, 0x66, 0xEC, 0x94, 0xEE, 0xEF, 0xF2, 0x4A, 0xF7, 0x77, 0xF9, 0xD2, 0xFD, 
	0x2D, 0x02, 0x5B, 0x04, 0xB6, 0x08, 0x11, 0x0D, 0x3F, 0x0F, 0x9A, 0x13, 0xF5, 0x17, 0x22, 0x1A, 
	0x22, 0x1A, 0xF5, 0x17, 0x99, 0x13, 0x3F, 0x0F, 0x11, 0x0D, 0xB6, 0x08, 0x5B, 0x04, 0x2D, 0x02, 
	0xD3, 0xFD, 0x78, 0xF9, 0x1C, 0xF5, 0xEE, 0xF2, 0x94, 0xEE, 0x39, 0xEA, 0x0C, 0xE8, 0xB1, 0xE3, 
	0x84, 0xE1, 0x84, 0xE1, 0xDE, 0xE5, 0x39, 0xEA, 0x67, 0xEC, 0xC1, 0xF0, 0x1D, 0xF5, 0x4A, 0xF7, 
	0xA5, 0xFB, 0x00, 0x00, 0x2D, 0x02, 0x89, 0x06, 0xE3, 0x0A, 0x10, 0x0D, 0x6C, 0x11, 0xC7, 0x15, 
	0x22, 0x1A, 0x50, 0x1C, 0x21, 0x1A, 0xC7, 0x15, 0x6C, 0x11, 0x3E, 0x0F, 0xE4, 0x0A, 0x88, 0x06, 
	0x5B, 0x04, 0x00, 0x00, 0xA5, 0xFB, 0x77, 0xF9, 0x1C, 0xF5, 0xC1, 0xF0, 0x66, 0xEC, 0x39, 0xEA, 
	0xDE, 0xE5, 0x83, 0xE1, 0x83, 0xE1, 0xB1, 0xE3, 0x0B, 0xE8, 0x3A, 0xEA, 0x93, 0xEE, 0xC1, 0xF0, 
	0x1C, 0xF5, 0x78, 0xF9, 0xD2, 0xFD, 0xFF, 0xFF, 0x5A, 0x04, 0xB6, 0x08, 0xE4, 0x0A, 0x3E, 0x0F, 
	0x99, 0x13, 0xF5, 0x17, 0x22, 0x1A, 0x4F, 0x1C, 0xF5, 0x17, 0x99, 0x13, 0x6B, 0x11, 0x11, 0x0D, 
	0xB6, 0x08, 0x89, 0x06, 0x2D, 0x02, 0xD3, 0xFD, 0x77, 0xF9, 0x49, 0xF7, 0xEF, 0xF2, 0x94, 0xEE, 
	0x67, 0xEC, 0x0B, 0xE8, 0xB1, 0xE3, 0x83, 0xE1, 0x84, 0xE1, 0xB1, 0xE3, 0x0B, 0xE8, 0x67, 0xEC, 
	0xC2, 0xF0, 0xEE, 0xF2, 0x4A, 0xF7, 0xA5, 0xFB, 0xD3, 0xFD, 0x2D, 0x02, 0x89, 0x06, 0xB6, 0x08, 
	0x10, 0x0D, 0x6C, 0x11, 0xC7, 0x15, 0xF4, 0x17, 0x4F, 0x1C, 0x22, 0x1A, 0xC7, 0x15, 0x9A, 0x13, 
	0x3E, 0x0F, 0xE3, 0x0A, 0xB6, 0x08, 0x5B, 0x04, 0xFF, 0xFF, 0xD3, 0xFD, 0x77, 0xF9, 0x1C, 0xF5, 
	0xC1, 0xF0, 0x93, 0xEE, 0x39, 0xEA, 0xDE, 0xE5, 0xB1, 0xE3, 0x83, 0xE1, 0x84, 0xE1, 0xDE, 0xE5, 
	0x39, 0xEA, 0x95, 0xEE, 0xC2, 0xF0, 0x1C, 0xF5, 0x77, 0xF9, 0xA5, 0xFB, 0x00, 0x00, 0x2E, 0x02, 
	0x88, 0x06, 0xE3, 0x0A, 0x12, 0x0D, 0x6B, 0x11, 0x9A, 0x13, 0xF5, 0x17, 0x22, 0x1A, 0x21, 0x1A, 
	0xF4, 0x17, 0xC7, 0x15, 0x6C, 0x11, 0x11, 0x0D, 0xE4, 0x0A, 0x88, 0x06, 0x5C, 0x04, 0x00, 0x00, 
	0xD2, 0xFD, 0x78, 0xF9, 0x1D, 0xF5, 0xEF, 0xF2, 0x94, 0xEE, 0x67, 0xEC, 0x0C, 0xE8, 0xB0, 0xE3, 
	0x83, 0xE1, 0x83, 0xE1, 0xB0, 0xE3, 0x0B, 0xE8, 0x39, 0xEA, 0x94, 0xEE, 0xC1, 0xF0, 0x1D, 0xF5, 
	0x78, 0xF9, 0xA5, 0xFB, 0x00, 0x00, 0x2D, 0x02, 0x89, 0x06, 0xB6, 0x08, 0x10, 0x0D, 0x6B, 0x11, 
	0x99, 0x13, 0xF4, 0x17, 0x21, 0x1A, 0x50, 0x1C, 0xF4, 0x17, 0xC7, 0x15, 0x6C, 0x11, 0x12, 0x0D, 
	0xE3, 0x0A, 0x88, 0x06, 0x5B, 0x04, 0x00, 0x00, 0xD3, 0xFD, 0x77, 0xF9, 0x4A, 0xF7, 0xEF, 0xF2, 
	0x95, 0xEE, 0x67, 0xEC, 0x0C, 0xE8, 0xDE, 0xE5, 0x83, 0xE1, 0x84, 0xE1, 0xB0, 0xE3, 0xDE, 0xE5, 
	0x39, 0xEA, 0x66, 0xEC, 0xC2, 0xF0, 0x1D, 0xF5, 0x4A, 0xF7, 0xA6, 0xFB, 0xD3, 0xFD, 0x2D, 0x02, 
	0x5B, 0x04, 0xB6, 0x08, 0x11, 0x0D, 0x3E, 0x0F, 0x99, 0x13, 0xC7, 0x15, 0x22, 0x1A, 0x4F, 0x1C, 
	0x22, 0x1A, 0xC7, 0x15, 0x6C, 0x11, 0x3F, 0x0F, 0xE3, 0x0A, 0xB6, 0x08, 0x5C, 0x04, 0x2E, 0x02, 
	0xD2, 0xFD, 0x77, 0xF9, 0x4A, 0xF7, 0xEF, 0xF2, 0xC2, 0xF0, 0x66, 0xEC, 0x39, 0xEA, 0xDE, 0xE5, 
	0x82, 0xE1, 0x83, 0xE1, 0x84, 0xE1, 0xDF, 0xE5, 0x39, 0xEA, 0x66, 0xEC, 0xC2, 0xF0, 0xF0, 0xF2, 
	0x49, 0xF7, 0x78, 0xF9, 0xD2, 0xFD, 0x2E, 0x02, 0x5B, 0x04, 0xB7, 0x08, 0x11, 0x0D, 0x3F, 0x0F, 
	0x99, 0x13, 0xC7, 0x15, 0x22, 0x1A, 0x50, 0x1C, 0x22, 0x1A, 0xC7, 0x15, 0x99, 0x13, 0x3E, 0x0F, 
	0x10, 0x0D, 0xB6, 0x08, 0x5B, 0x04, 0x2D, 0x02, 0xD2, 0xFD, 0xA4, 0xFB, 0x4A, 0xF7, 0x1D, 0xF5, 
	0xC2, 0xF0, 0x66, 0xEC, 0x39, 0xEA, 0xDE, 0xE5, 0xB1, 0xE3, 0x56, 0xDF, 0x83, 0xE1, 0xDE, 0xE5, 
	0x0B, 0xE8, 0x66, 0xEC, 0x94, 0xEE, 0xEF, 0xF2, 0x4A, 0xF7, 0x77, 0xF9, 0xD3, 0xFD, 0x00, 0x00, 
	0x5B, 0x04, 0x89, 0x06, 0xE4, 0x0A, 0x3E, 0x0F, 0x6B, 0x11, 0xC7, 0x15, 0xF5, 0x17, 0x50, 0x1C, 
	0x21, 0x1A, 0xF4, 0x17, 0x99, 0x13, 0x3F, 0x0F, 0x11, 0x0D, 0xB6, 0x08, 0x89, 0x06, 0x2D, 0x02, 
	0x00, 0x00, 0xA5, 0xFB, 0x49, 0xF7, 0x1C, 0xF5, 0xC2, 0xF0, 0x94, 0xEE, 0x39, 0xEA, 0x0B, 0xE8, 
	0xB1, 0xE3, 0x83, 0xE1, 0x83, 0xE1, 0xB0, 0xE3, 0x0C, 0xE8, 0x39, 0xEA, 0x94, 0xEE, 0xF0, 0xF2, 
	0x1D, 0xF5, 0x77, 0xF9, 0xA5, 0xFB, 0x00, 0x00, 0x2E, 0x02, 0x88, 0x06, 0xE4, 0x0A, 0x11, 0x0D, 
	0x6B, 0x11, 0x9A, 0x13, 0xF4, 0x17, 0x23, 0x1A, 0x22, 0x1A, 0xF5, 0x17, 0xC6, 0x15, 0x6C, 0x11, 
	0x11, 0x0D, 0xE4, 0x0A, 0x89, 0x06, 0x5B, 0x04, 0x01, 0x00, 0xA5, 0xFB, 0x78, 0xF9, 0x1C, 0xF5, 
	0xF0, 0xF2, 0x93, 0xEE, 0x3A, 0xEA, 0x0B, 0xE8, 0xB1, 0xE3, 0x83, 0xE1, 0x82, 0xE1, 0xB0, 0xE3, 
	0x0C, 0xE8, 0x39, 0xEA, 0x94, 0xEE, 0xC2, 0xF0, 0x1D, 0xF5, 0x78, 0xF9, 0xA4, 0xFB, 0x00, 0x00, 
	0x2E, 0x02, 0x88, 0x06, 0xB7, 0x08, 0x10, 0x0D, 0x6C, 0x11, 0x9A, 0x13, 0xF4, 0x17, 0x22, 0x1A, 
	0x50, 0x1C, 0xF4, 0x17, 0xC6, 0x15, 0x6C, 0x11, 0x11, 0x0D, 0xE3, 0x0A, 0x89, 0x06, 0x5B, 0x04, 
	0x00, 0x00, 0xD2, 0xFD, 0x78, 0xF9, 0x1C, 0xF5, 0xEF, 0xF2, 0x94, 0xEE, 0x67, 0xEC, 0x0C, 0xE8, 
	0xDE, 0xE5, 0x83, 0xE1, 0x83, 0xE1, 0xB0, 0xE3, 0xDE, 0xE5, 0x38, 0xEA, 0x93, 0xEE, 0xC1, 0xF0, 
	0x1D, 0xF5, 0x4B, 0xF7, 0xA5, 0xFB, 0xD2, 0xFD, 0x2E, 0x02, 0x89, 0x06, 0xB7, 0x08, 0x11, 0x0D, 
	0x3F, 0x0F, 0x99, 0x13, 0xC7, 0x15, 0x22, 0x1A, 0x50, 0x1C, 0x22, 0x1A, 0xC7, 0x15, 0x6C, 0x11, 
	0x3E, 0x0F, 0xE3, 0x0A, 0xB6, 0x08, 0x5B, 0x04, 0x00, 0x00, 0xD3, 0xFD, 0x78, 0xF9, 0x4A, 0xF7, 
	0xEF, 0xF2, 0xC1, 0xF0, 0x67, 0xEC, 0x0C, 0xE8, 0xDE, 0xE5, 0x83, 0xE1, 0x83, 0xE1, 0xB0, 0xE3, 
	0xDE, 0xE5, 0x39, 0xEA, 0x67, 0xEC, 0xC2, 0xF0, 0x1D, 0xF5, 0x4A, 0xF7, 0xA4, 0xFB, 0xD3, 0xFD, 
	0x2E, 0x02, 0x5B, 0x04, 0xB5, 0x08, 0xE3, 0x0A, 0x3E, 0x0F, 0x6C, 0x11, 0xC7, 0x15, 0x23, 0x1A, 
	0x4F, 0x1C, 0x22, 0x1A, 0xC7, 0x15, 0x99, 0x13, 0x3E, 0x0F, 0xE3, 0x0A, 0xB6, 0x08, 0x5B, 0x04, 
	0x2E, 0x02, 0xD3, 0xFD, 0xA5, 0xFB, 0x4A, 0xF7, 0x1D, 0xF5, 0xC2, 0xF0, 0x67, 0xEC, 0x39, 0xEA, 
	0xDE, 0xE5, 0xB0, 0xE3, 0x83, 0xE1, 0x83, 0xE1, 0xDE, 0xE5, 0x0B, 0xE8, 0x67, 0xEC, 0xC1, 0xF0, 
	0xEF, 0xF2, 0x4A, 0xF7, 0x78, 0xF9, 0xD3, 0xFD, 0x2E, 0x02, 0x5B, 0x04, 0xB7, 0x08, 0xE4, 0x0A, 
	0x3E, 0x0F, 0x6C, 0x11, 0xC7, 0x15, 0x22, 0x1A, 0x50, 0x1C, 0x22, 0x1A, 0xC8, 0x15, 0x9A, 0x13, 
	0x3F, 0x0F, 0x10, 0x0D, 0xB7, 0x08, 0x88, 0x06, 0x2E, 0x02, 0xD2, 0xFD, 0xA6, 0xFB, 0x4A, 0xF7, 
	0x1C, 0xF5, 0xC1, 0xF0, 0x93, 0xEE, 0x39, 0xEA, 0x0C, 0xE8, 0xB1, 0xE3, 0x84, 0xE1, 0x83, 0xE1, 
	0xB1, 0xE3, 0x0C, 0xE8, 0x67, 0xEC, 0x94, 0xEE, 0xEF, 0xF2, 0x1D, 0xF5, 0x77, 0xF9, 0xA5, 0xFB, 
	0x00, 0x00, 0x5B, 0x04, 0x89, 0x06, 0xB6, 0x08, 0x11, 0x0D, 0x3E, 0x0F, 0x9A, 0x13, 0xC7, 0x15, 
	0x21, 0x1A, 0x50, 0x1C, 0x22, 0x1A, 0xC8, 0x15, 0x99, 0x13, 0x6D, 0x11, 0x11, 0x0D, 0xE3, 0x0A, 
	0x89, 0x06, 0x5B, 0x04, 0x00, 0x00, 0xD2, 0xFD, 0xA5, 0xFB, 0x4A, 0xF7, 0x1D, 0xF5, 0xC2, 0xF0, 
	0x94, 0xEE, 0x39, 0xEA, 0x0C, 0xE8, 0xB0, 0xE3, 0x83, 0xE1, 0x84, 0xE1, 0xB1, 0xE3, 0xDE, 0xE5, 
	0x39, 0xEA, 0x67, 0xEC, 0xC1, 0xF0, 0xEF, 0xF2, 0x1D, 0xF5, 0x77, 0xF9, 0xA6, 0xFB, 0x01, 0x00, 
	0x2D, 0x02, 0x88, 0x06, 0xB6, 0x08, 0x11, 0x0D, 0x3E, 0x0F, 0x99, 0x13, 0xC7, 0x15, 0x23, 0x1A, 
	0x4F, 0x1C, 0x22, 0x1A, 0xF4, 0x17, 0x99, 0x13, 0x6C, 0x11, 0x3E, 0x0F, 0xE3, 0x0A, 0xB5, 0x08, 
	0x5B, 0x04, 0x2D, 0x02, 0xD2, 0xFD, 0xA5, 0xFB, 0x4A, 0xF7, 0x1C, 0xF5, 0xC1, 0xF0, 0x94, 0xEE, 
	0x38, 0xEA, 0x0C, 0xE8, 0xDE, 0xE5, 0x83, 0xE1, 0x83, 0xE1, 0x83, 0xE1, 0xDE, 0xE5, 0x0C, 0xE8, 
	0x67, 0xEC, 0x94, 0xEE, 0xF0, 0xF2, 0x1D, 0xF5, 0x77, 0xF9, 0xA5, 0xFB, 0xFF, 0xFF, 0x2D, 0x02, 
	0x88, 0x06, 0xB6, 0x08, 0x11, 0x0D, 0x3E, 0x0F, 0x6C, 0x11, 0xC7, 0x15, 0xF5, 0x17, 0x4F, 0x1C, 
	0x22, 0x1A, 0xF5, 0x17, 0xC7, 0x15, 0x6B, 0x11, 0x3E, 0x0F, 0xE4, 0x0A, 0xB6, 0x08, 0x5B, 0x04, 
	0x2D, 0x02, 0xD2, 0xFD, 0xA5, 0xFB, 0x77, 0xF9, 0x1C, 0xF5, 0xEF, 0xF2, 0x94, 0xEE, 0x67, 0xEC, 
	0x0B, 0xE8, 0xDE, 0xE5, 0x83, 0xE1, 0x82, 0xE1, 0x83, 0xE1, 0xDE, 0xE5, 0x0C, 0xE8, 0x66, 0xEC, 
	0x94, 0xEE, 0xC2, 0xF0, 0x1C, 0xF5, 0x77, 0xF9, 0xA5, 0xFB, 0xD3, 0xFD, 0x2D, 0x02, 0x5B, 0x04, 
	0xB6, 0x08, 0xE3, 0x0A, 0x3F, 0x0F, 0x6C, 0x11, 0x99, 0x13, 0xF4, 0x17, 0x22, 0x1A, 0x22, 0x1A, 
	0x22, 0x1A, 0xC7, 0x15, 0x99, 0x13, 0x3F, 0x0F, 0x11, 0x0D, 0xB6, 0x08, 0x88, 0x06, 0x2E, 0x02, 
	0x00, 0x00, 0xA4, 0xFB, 0x77, 0xF9, 0x1D, 0xF5, 0xEF, 0xF2, 0x94, 0xEE, 0x68, 0xEC, 0x39, 0xEA, 
	0xDE, 0xE5, 0xB0, 0xE3, 0x83, 0xE1, 0x84, 0xE1, 0xB0, 0xE3, 0x0C, 0xE8, 0x39, 0xEA, 0x94, 0xEE, 
	0xC2, 0xF0, 0x1C, 0xF5, 0x4B, 0xF7, 0xA5, 0xFB, 0xD3, 0xFD, 0x00, 0x00, 0x5C, 0x04, 0x89, 0x06, 
	0xE3, 0x0A, 0x11, 0x0D, 0x6C, 0x11, 0x99, 0x13, 0xF5, 0x17, 0x22, 0x1A, 0x4F, 0x1C, 0x22, 0x1A, 
	0xC7, 0x15, 0x9A, 0x13, 0x3F, 0x0F, 0x11, 0x0D, 0xB6, 0x08, 0x88, 0x06, 0x2D, 0x02, 0x00, 0x00, 
	0xD3, 0xFD, 0x77, 0xF9, 0x4A, 0xF7, 0xEE, 0xF2, 0xC2, 0xF0, 0x67, 0xEC, 0x3A, 0xEA, 0x0C, 0xE8, 
	0xB0, 0xE3, 0x83, 0xE1, 0x83, 0xE1, 0xB0, 0xE3, 0x0C, 0xE8, 0x39, 0xEA, 0x66, 0xEC, 0xC1, 0xF0, 
	0xEF, 0xF2, 0x4A, 0xF7, 0x77, 0xF9, 0xD2, 0xFD, 0x00, 0x00, 0x5B, 0x04, 0x89, 0x06, 0xE4, 0x0A, 
	0x11, 0x0D, 0x3F, 0x0F, 0x99, 0x13, 0xC7, 0x15, 0x21, 0x1A, 0x50, 0x1C, 0x22, 0x1A, 0xF5, 0x17, 
	0x99, 0x13, 0x6B, 0x11, 0x12, 0x0D, 0xE4, 0x0A, 0x88, 0x06, 0x5B, 0x04, 0x00, 0x00, 0xD2, 0xFD, 
	0xA6, 0xFB, 0x4A, 0xF7, 0x1D, 0xF5, 0xC1, 0xF0, 0x94, 0xEE, 0x39, 0xEA, 0x0B, 0xE8, 0xB0, 0xE3, 
	0x83, 0xE1, 0x83, 0xE1, 0xB0, 0xE3, 0xDD, 0xE5, 0x39, 0xEA, 0x66, 0xEC, 0xC1, 0xF0, 0xEF, 0xF2, 
	0x4A, 0xF7, 0x77, 0xF9, 0xA5, 0xFB, 0x00, 0x00, 0x2D, 0x02, 0x88, 0x06, 0xB6, 0x08, 0x11, 0x0D, 
	0x3F, 0x0F, 0x99, 0x13, 0xC7, 0x15, 0x22, 0x1A, 0x4F, 0x1C, 0x22, 0x1A, 0xF4, 0x17, 0x99, 0x13, 
	0x6C, 0x11, 0x3E, 0x0F, 0xE4, 0x0A, 0xB5, 0x08, 0x5B, 0x04, 0x2E, 0x02, 0xD3, 0xFD, 0xA5, 0xFB, 
	0x4A, 0xF7, 0x1D, 0xF5, 0xC2, 0xF0, 0x94, 0xEE, 0x39, 0xEA, 0x0C, 0xE8, 0xB0, 0xE3, 0x83, 0xE1, 
	0x55, 0xDF, 0x83, 0xE1, 0xDF, 0xE5, 0x0C, 0xE8, 0x66, 0xEC, 0x94, 0xEE, 0xEE, 0xF2, 0x1C, 0xF5, 
	0x78, 0xF9, 0xA5, 0xFB, 0x00, 0x00, 0x2E, 0x02, 0x89, 0x06, 0xB6, 0x08, 0x11, 0x0D, 0x3E, 0x0F, 
	0x6D, 0x11, 0xC7, 0x15, 0xF4, 0x17, 0x4F, 0x1C, 0x4F, 0x1C, 0xF4, 0x17, 0xC7, 0x15, 0x6C, 0x11, 
	0x3E, 0x0F, 0xE3, 0x0A, 0xB5, 0x08, 0x5B, 0x04, 0x2D, 0x02, 0xD2, 0xFD, 0xA5, 0xFB, 0x4A, 0xF7, 
	0x1C, 0xF5, 0xC2, 0xF0, 0x94, 0xEE, 0x67, 0xEC, 0x0B, 0xE8, 0xDE, 0xE5, 0x83, 0xE1, 0x83, 0xE1, 
	0x83, 0xE1, 0xDE, 0xE5, 0x0C, 0xE8, 0x67, 0xEC, 0x95, 0xEE, 0xEF, 0xF2, 0x1D, 0xF5, 0x49, 0xF7, 
	0xA5, 0xFB, 0xD3, 0xFD, 0x2E, 0x02, 0x5A, 0x04, 0xB6, 0x08, 0xE3, 0x0A, 0x3E, 0x0F, 0x6D, 0x11, 
	0xC7, 0x15, 0xF5, 0x17, 0x22, 0x1A, 0x4F, 0x1C, 0xF5, 0x17, 0xC7, 0x15, 0x9A, 0x13, 0x3E, 0x0F, 
	0x11, 0x0D, 0xB6, 0x08, 0x89, 0x06, 0x2D, 0x02, 0x00, 0x00, 0xA5, 0xFB, 0x78, 0xF9, 0x1C, 0xF5, 
	0xF0, 0xF2, 0x94, 0xEE, 0x66, 0xEC, 0x0B, 0xE8, 0xDE, 0xE5, 0xB0, 0xE3, 0x83, 0xE1, 0x84, 0xE1, 
	0xB1, 0xE3, 0x0B, 0xE8, 0x39, 0xEA, 0x93, 0xEE, 0xC2, 0xF0, 0x1C, 0xF5, 0x4A, 0xF7, 0xA6, 0xFB, 
	0xD3, 0xFD, 0x2D, 0x02, 0x5C, 0x04, 0x89, 0x06, 0xE3, 0x0A, 0x11, 0x0D, 0x6C, 0x11, 0x9A, 0x13, 
	0xF5, 0x17, 0x22, 0x1A, 0x50, 0x1C, 0x21, 0x1A, 0xC7, 0x15, 0x9A, 0x13, 0x6C, 0x11, 0x11, 0x0D, 
	0xE3, 0x0A, 0xB7, 0x08, 0x5B, 0x04, 0x2E, 0x02, 0x00, 0x00, 0xA5, 0xFB, 0x78, 0xF9, 0x4B, 0xF7, 
	0xEF, 0xF2, 0xC2, 0xF0, 0x94, 0xEE, 0x39, 0xEA, 0x0C, 0xE8, 0xDE, 0xE5, 0x83, 0xE1, 0x83, 0xE1, 
	0x83, 0xE1, 0xB1, 0xE3, 0x0C, 0xE8, 0x38, 0xEA, 0x66, 0xEC, 0xC2, 0xF0, 0xF0, 0xF2, 0x4A, 0xF7, 
	0x78, 0xF9, 0xA5, 0xFB, 0x00, 0x00, 0x2D, 0x02, 0x5B, 0x04, 0xB6, 0x08, 0xE3, 0x0A, 0x11, 0x0D, 
	0x3F, 0x0F, 0x99, 0x13, 0xC7, 0x15, 0x21, 0x1A, 0x4F, 0x1C, 0x22, 0x1A, 0xF4, 0x17, 0xC7, 0x15, 
	0x9A, 0x13, 0x3F, 0x0F, 0x10, 0x0D, 0xE3, 0x0A, 0x89, 0x06, 0x5B, 0x04, 0x2D, 0x02, 0xD3, 0xFD, 
	0xA5, 0xFB, 0x4B, 0xF7, 0x1C, 0xF5, 0xF0, 0xF2, 0xC2, 0xF0, 0x67, 0xEC, 0x3A, 0xEA, 0x0C, 0xE8, 
	0xB1, 0xE3, 0x83, 0xE1, 0x82, 0xE1, 0x84, 0xE1, 0xDF, 0xE5, 0x0C, 0xE8, 0x38, 0xEA, 0x94, 0xEE, 
	0xC2, 0xF0, 0xEF, 0xF2, 0x4A, 0xF7, 0x78, 0xF9, 0xA5, 0xFB, 0x00, 0x00, 0x2D, 0x02, 0x5B, 0x04, 
	0xB5, 0x08, 0xE3, 0x0A, 0x11, 0x0D, 0x6B, 0x11, 0x99, 0x13, 0xC7, 0x15, 0x22, 0x1A, 0x4F, 0x1C, 
	0x22, 0x1A, 0xF5, 0x17, 0xC8, 0x15, 0x6B, 0x11, 0x3F, 0x0F, 0x12, 0x0D, 0xB6, 0x08, 0x89, 0x06, 
	0x5B, 0x04, 0x01, 0x00, 0xD2, 0xFD, 0xA5, 0xFB, 0x4B, 0xF7, 0x1C, 0xF5, 0xEF, 0xF2, 0x95, 0xEE, 
	0x66, 0xEC, 0x39, 0xEA, 0xDF, 0xE5, 0xB1, 0xE3, 0x82, 0xE1, 0x83, 0xE1, 0xB1, 0xE3, 0xDE, 0xE5, 
	0x0C, 0xE8, 0x66, 0xEC, 0x94, 0xEE, 0xEF, 0xF2, 0x1D, 0xF5, 0x4A, 0xF7, 0x78, 0xF9, 0xD3, 0xFD, 
	0xFF, 0xFF, 0x2D, 0x02, 0x88, 0x06, 0xB7, 0x08, 0xE4, 0x0A, 0x3E, 0x0F, 0x6C, 0x11, 0xC7, 0x15, 
	0xF5, 0x17, 0x22, 0x1A, 0x50, 0x1C, 0x22, 0x1A, 0xF4, 0x17, 0x99, 0x13, 0x6D, 0x11, 0x3E, 0x0F, 
	0xE3, 0x0A, 0xB6, 0x08, 0x88, 0x06, 0x2E, 0x02, 0x00, 0x00, 0xD3, 0xFD, 0x77, 0xF9, 0x4A, 0xF7, 
	0x1D, 0xF5, 0xC2, 0xF0, 0x93, 0xEE, 0x67, 0xEC, 0x0B, 0xE8, 0xDE, 0xE5, 0x83, 0xE1, 0x83, 0xE1, 
	0x83, 0xE1, 0xB0, 0xE3, 0xDE, 0xE5, 0x39, 0xEA, 0x67, 0xEC, 0x94, 0xEE, 0xEE, 0xF2, 0x1D, 0xF5, 
	0x4A, 0xF7, 0xA5, 0xFB, 0xD2, 0xFD, 0x00, 0x00, 0x5B, 0x04, 0x88, 0x06, 0xE4, 0x0A, 0x11, 0x0D, 
	0x3F, 0x0F, 0x6C, 0x11, 0xC7, 0x15, 0xF4, 0x17, 0x22, 0x1A, 0x4F, 0x1C, 0x22, 0x1A, 0xC7, 0x15, 
	0x9A, 0x13, 0x6C, 0x11, 0x11, 0x0D, 0xE3, 0x0A, 0xB6, 0x08, 0x5B, 0x04, 0x2E, 0x02, 0x00, 0x00, 
	0xA5, 0xFB, 0x77, 0xF9, 0x4A, 0xF7, 0xF0, 0xF2, 0xC2, 0xF0, 0x94, 0xEE, 0x39, 0xEA, 0x0B, 0xE8, 
	0xDE, 0xE5, 0x83, 0xE1, 0x83, 0xE1, 0x83, 0xE1, 0xB0, 0xE3, 0x0C, 0xE8, 0x3A, 0xEA, 0x67, 0xEC, 
	0xC1, 0xF0, 0xF0, 0xF2, 0x1D, 0xF5, 0x78, 0xF9, 0xA5, 0xFB, 0xD2, 0xFD, 0x2D, 0x02, 0x5A, 0x04, 
	0xB6, 0x08, 0xE4, 0x0A, 0x11, 0x0D, 0x3F, 0x0F, 0x9A, 0x13, 0xC7, 0x15, 0x22, 0x1A, 0x4F, 0x1C, 
	0x4F, 0x1C, 0xF4, 0x17, 0xC7, 0x15, 0x99, 0x13, 0x3F, 0x0F, 0x11, 0x0D, 0xE3, 0x0A, 0x89, 0x06, 
	0x5B, 0x04, 0x2D, 0x02, 0xD2, 0xFD, 0xA6, 0xFB, 0x78, 0xF9, 0x1C, 0xF5, 0xEF, 0xF2, 0xC2, 0xF0, 
	0x66, 0xEC, 0x39, 0xEA, 0x0B, 0xE8, 0xB1, 0xE3, 0x84, 0xE1, 0x84, 0xE1, 0x83, 0xE1, 0xDF, 0xE5, 
	0x0C, 0xE8, 0x39, 0xEA, 0x94, 0xEE, 0xC2, 0xF0, 0xF0, 0xF2, 0x4A, 0xF7, 0x78, 0xF9, 0xD3, 0xFD, 
	0x00, 0x00, 0x2D, 0x02, 0x5B, 0x04, 0xB7, 0x08, 0xE3, 0x0A, 0x11, 0x0D, 0x6C, 0x11, 0x99, 0x13, 
	0xC6, 0x15, 0x22, 0x1A, 0x50, 0x1C, 0x22, 0x1A, 0xF5, 0x17, 0xC7, 0x15, 0x6D, 0x11, 0x3F, 0x0F, 
	0x11, 0x0D, 0xB6, 0x08, 0x88, 0x06, 0x5B, 0x04, 0x01, 0x00, 0xD2, 0xFD, 0xA6, 0xFB, 0x4B, 0xF7, 
	0x1C, 0xF5, 0xC1, 0xF0, 0x94, 0xEE, 0x66, 0xEC, 0x39, 0xEA, 0xDE, 0xE5, 0xB0, 0xE3, 0x83, 0xE1, 
	0x83, 0xE1, 0xB1, 0xE3, 0xDE, 0xE5, 0x0B, 0xE8, 0x66, 0xEC, 0x95, 0xEE, 0xC1, 0xF0, 0x1C, 0xF5, 
	0x4A, 0xF7, 0x77, 0xF9, 0xD3, 0xFD, 0x01, 0x00, 0x5B, 0x04, 0x89, 0x06, 0xB5, 0x08, 0xE3, 0x0A, 
	0x3E, 0x0F, 0x6C, 0x11, 0xC6, 0x15, 0xF5, 0x17, 0x22, 0x1A, 0x4F, 0x1C, 0x22, 0x1A, 0xF5, 0x17, 
	0x9A, 0x13, 0x6C, 0x11, 0x3F, 0x0F, 0xE4, 0x0A, 0xB6, 0x08, 0x89, 0x06, 0x2D, 0x02, 0x00, 0x00, 
	0xD2, 0xFD, 0x78, 0xF9, 0x4A, 0xF7, 0x1C, 0xF5, 0xC2, 0xF0, 0x95, 0xEE, 0x66, 0xEC, 0x0C, 0xE8, 
	0xDF, 0xE5, 0xB1, 0xE3, 0x83, 0xE1, 0x83, 0xE1, 0xB0, 0xE3, 0xDF, 0xE5, 0x39, 0xEA, 0x67, 0xEC, 
	0x94, 0xEE, 0xF0, 0xF2, 0x1C, 0xF5, 0x4A, 0xF7, 0xA4, 0xFB, 0xD3, 0xFD, 0x00, 0x00, 0x5B, 0x04, 
	0x88, 0x06, 0xB6, 0x08, 0x11, 0x0D, 0x3E, 0x0F, 0x6C, 0x11, 0xC7, 0x15, 0xF4, 0x17, 0x22, 0x1A, 
	0x50, 0x1C, 0x22, 0x1A, 0xC8, 0x15, 0x9A, 0x13, 0x6C, 0x11, 0x11, 0x0D, 0xE4, 0x0A, 0xB6, 0x08, 
	0x5B, 0x04, 0x2D, 0x02, 0x00, 0x00, 0xA5, 0xFB, 0x78, 0xF9, 0x4B, 0xF7, 0xEF, 0xF2, 0xC2, 0xF0, 
	0x94, 0xEE, 0x39, 0xEA, 0x0C, 0xE8, 0xDF, 0xE5, 0x83, 0xE1, 0x83, 0xE1, 0x82, 0xE1, 0xB0, 0xE3, 
	0x0C, 0xE8, 0x39, 0xEA, 0x66, 0xEC, 0x94, 0xEE, 0xEF, 0xF2, 0x1D, 0xF5, 0x49, 0xF7, 0x77, 0xF9, 
	0xA5, 0xFB, 0x00, 0x00, 0x2E, 0x02, 0x5A, 0x04, 0x89, 0x06, 0xB6, 0x08, 0x11, 0x0D, 0x3E, 0x0F, 
	0x6C, 0x11, 0x99, 0x13, 0xC7, 0x15, 0x22, 0x1A, 0x4F, 0x1C, 0x21, 0x1A, 0xF4, 0x17, 0xC7, 0x15, 
	0x9A, 0x13, 0x6C, 0x11, 0x3F, 0x0F, 0xE4, 0x0A, 0xB5, 0x08, 0x89, 0x06, 0x5B, 0x04, 0x01, 0x00, 
	0xD2, 0xFD, 0xA5, 0xFB, 0x78, 0xF9, 0x4A, 0xF7, 0xEF, 0xF2, 0xC1, 0xF0, 0x93, 0xEE, 0x67, 0xEC, 
	0x3A, 0xEA, 0xDE, 0xE5, 0xB1, 0xE3, 0x83, 0xE1, 0x83, 0xE1, 0x84, 0xE1, 0xB0, 0xE3, 0x0C, 0xE8, 
	0x3A, 0xEA, 0x67, 0xEC, 0x94, 0xEE, 0xC2, 0xF0, 0x1D, 0xF5, 0x4A, 0xF7, 0x78, 0xF9, 0xA5, 0xFB, 
	0x00, 0x00, 0x2E, 0x02, 0x5B, 0x04, 0x88, 0x06, 0xB6, 0x08, 0x11, 0x0D, 0x3E, 0x0F, 0x6B, 0x11, 
	0x99, 0x13, 0xC7, 0x15, 0x22, 0x1A, 0x50, 0x1C, 0x4F, 0x1C, 0x22, 0x1A, 0xC6, 0x15, 0x9A, 0x13, 
	0x6B, 0x11, 0x3E, 0x0F, 0xE3, 0x0A, 0xB6, 0x08, 0x89, 0x06, 0x5A, 0x04, 0x2E, 0x02, 0xD2, 0xFD, 
	0xA6, 0xFB, 0x77, 0xF9, 0x4A, 0xF7, 0x1C, 0xF5, 0xC2, 0xF0, 0x95, 0xEE, 0x66, 0xEC, 0x39, 0xEA, 
	0xDE, 0xE5, 0xB1, 0xE3, 0x84, 0xE1, 0x55, 0xDF, 0x83, 0xE1, 0xB1, 0xE3, 0xDE, 0xE5, 0x3A, 0xEA, 
	0x67, 0xEC, 0x94, 0xEE, 0xC2, 0xF0, 0x1C, 0xF5, 0x4A, 0xF7, 0x77, 0xF9, 0xA5, 0xFB, 0x00, 0x00, 
	0x2E, 0x02, 0x5A, 0x04, 0x89, 0x06, 0xB7, 0x08, 0x11, 0x0D, 0x3E, 0x0F, 0x6C, 0x11, 0x99, 0x13, 
	0xC7, 0x15, 0x22, 0x1A, 0x50, 0x1C, 0x50, 0x1C, 0x22, 0x1A, 0xC7, 0x15, 0x9A, 0x13, 0x6C, 0x11, 
	0x3E, 0x0F, 0xE4, 0x0A, 0xB6, 0x08, 0x88, 0x06, 0x5B, 0x04, 0xFF, 0xFF, 0xD3, 0xFD, 0xA4, 0xFB, 
	0x78, 0xF9, 0x49, 0xF7, 0x1C, 0xF5, 0xC2, 0xF0, 0x95, 0xEE, 0x66, 0xEC, 0x39, 0xEA, 0xDE, 0xE5, 
	0xB0, 0xE3, 0x84, 0xE1, 0x56, 0xDF, 0x83, 0xE1, 0xB1, 0xE3, 0xDF, 0xE5, 0x39, 0xEA, 0x66, 0xEC, 
	0x94, 0xEE, 0xC1, 0xF0, 0x1C, 0xF5, 0x4A, 0xF7, 0x78, 0xF9, 0xA6, 0xFB, 0xD3, 0xFD, 0x2D, 0x02, 
	0x5C, 0x04, 0x89, 0x06, 0xB6, 0x08, 0x10, 0x0D, 0x3E, 0x0F, 0x6C, 0x11, 0x9A, 0x13, 0xC7, 0x15, 
	0x23, 0x1A, 0x4F, 0x1C, 0x4F, 0x1C, 0x23, 0x1A, 0xC7, 0x15, 0x99, 0x13, 0x6C, 0x11, 0x3E, 0x0F, 
	0x10, 0x0D, 0xB5, 0x08, 0x89, 0x06, 0x5B, 0x04, 0x2D, 0x02, 0xD3, 0xFD, 0xA6, 0xFB, 0x78, 0xF9, 
	0x4A, 0xF7, 0xEF, 0xF2, 0xC2, 0xF0, 0x95, 0xEE, 0x66, 0xEC, 0x39, 0xEA, 0xDE, 0xE5, 0xB0, 0xE3, 
	0x83, 0xE1, 0x56, 0xDF, 0x82, 0xE1, 0xB1, 0xE3, 0xDF, 0xE5, 0x39, 0xEA, 0x66, 0xEC, 0x94, 0xEE, 
	0xC2, 0xF0, 0x1C, 0xF5, 0x49, 0xF7, 0x77, 0xF9, 0xA5, 0xFB, 0xD3, 0xFD, 0x2E, 0x02, 0x5B, 0x04, 
	0x88, 0x06, 0xB5, 0x08, 0x11, 0x0D, 0x3F, 0x0F, 0x6C, 0x11, 0x99, 0x13, 0xC6, 0x15, 0x22, 0x1A, 
	0x50, 0x1C, 0x50, 0x1C, 0x22, 0x1A, 0xC7, 0x15, 0x9A, 0x13, 0x6B, 0x11, 0x3F, 0x0F, 0x11, 0x0D, 
	0xB6, 0x08, 0x89, 0x06, 0x5B, 0x04, 0x2E, 0x02, 0xD3, 0xFD, 0xA4, 0xFB, 0x78, 0xF9, 0x4A, 0xF7, 
	0x1C, 0xF5, 0xC2, 0xF0, 0x94, 0xEE, 0x67, 0xEC, 0x38, 0xEA, 0xDE, 0xE5, 0xB1, 0xE3, 0x83, 0xE1, 
	0x83, 0xE1, 0x83, 0xE1, 0xB1, 0xE3, 0xDE, 0xE5, 0x39, 0xEA, 0x67, 0xEC, 0x94, 0xEE, 0xC2, 0xF0, 
	0xEF, 0xF2, 0x4A, 0xF7, 0x77, 0xF9, 0xA5, 0xFB, 0xD2, 0xFD, 0x2D, 0x02, 0x5A, 0x04, 0x89, 0x06, 
	0xB6, 0x08, 0xE4, 0x0A, 0x3F, 0x0F, 0x6C, 0x11, 0x9A, 0x13, 0xC6, 0x15, 0x22, 0x1A, 0x22, 0x1A, 
	0x4F, 0x1C, 0x22, 0x1A, 0xC7, 0x15, 0x99, 0x13, 0x6C, 0x11, 0x3F, 0x0F, 0x10, 0x0D, 0xB6, 0x08, 
	0x89, 0x06, 0x5C, 0x04, 0x2D, 0x02, 0xD2, 0xFD, 0xA5, 0xFB, 0x78, 0xF9, 0x4A, 0xF7, 0x1C, 0xF5, 
	0xC1, 0xF0, 0x94, 0xEE, 0x66, 0xEC, 0x3A, 0xEA, 0x0B, 0xE8, 0xB1, 0xE3, 0x83, 0xE1, 0x83, 0xE1, 
	0x83, 0xE1, 0xB0, 0xE3, 0xDD, 0xE5, 0x39, 0xEA, 0x67, 0xEC, 0x93, 0xEE, 0xC1, 0xF0, 0x1C, 0xF5, 
	0x4B, 0xF7, 0x78, 0xF9, 0xA5, 0xFB, 0xD2, 0xFD, 0x00, 0x00, 0x5A, 0x04, 0x89, 0x06, 0xB6, 0x08, 
	0xE4, 0x0A, 0x3E, 0x0F, 0x6B, 0x11, 0x9A, 0x13, 0xC7, 0x15, 0xF4, 0x17, 0x22, 0x1A, 0x4F, 0x1C, 
	0x21, 0x1A, 0xC7, 0x15, 0x99, 0x13, 0x6C, 0x11, 0x3E, 0x0F, 0xE4, 0x0A, 0xB6, 0x08, 0x88, 0x06, 
	0x5B, 0x04, 0x2D, 0x02, 0x00, 0x00, 0xA5, 0xFB, 0x78, 0xF9, 0x4B, 0xF7, 0x1C, 0xF5, 0xC2, 0xF0, 
	0x94, 0xEE, 0x67, 0xEC, 0x38, 0xEA, 0x0C, 0xE8, 0xB1, 0xE3, 0x83, 0xE1, 0x83, 0xE1, 0x83, 0xE1, 
	0xB0, 0xE3, 0xDE, 0xE5, 0x3A, 0xEA, 0x66, 0xEC, 0x95, 0xEE, 0xC2, 0xF0, 0xEE, 0xF2, 0x4A, 0xF7, 
	0x78, 0xF9, 0xA5, 0xFB, 0xD2, 0xFD, 0x00, 0x00, 0x5A, 0x04, 0x88, 0x06, 0xB6, 0x08, 0xE3, 0x0A, 
	0x10, 0x0D, 0x6B, 0x11, 0x99, 0x13, 0xC7, 0x15, 0xF5, 0x17, 0x22, 0x1A, 0x50, 0x1C, 0x22, 0x1A, 
	0xF5, 0x17, 0x99, 0x13, 0x6C, 0x11, 0x3E, 0x0F, 0x10, 0x0D, 0xE3, 0x0A, 0x88, 0x06, 0x5C, 0x04, 
	0x2D, 0x02, 0x00, 0x00, 0xA5, 0xFB, 0x77, 0xF9, 0x4A, 0xF7, 0x1D, 0xF5, 0xEE, 0xF2, 0xC1, 0xF0, 
	0x93, 0xEE, 0x67, 0xEC, 0x0C, 0xE8, 0xDE, 0xE5, 0xB0, 0xE3, 0x83, 0xE1, 0x83, 0xE1, 0x83, 0xE1, 
	0xB1, 0xE3, 0xDF, 0xE5, 0x0C, 0xE8, 0x38, 0xEA, 0x66, 0xEC, 0x94, 0xEE, 0xC2, 0xF0, 0xEF, 0xF2, 
	0x4A, 0xF7, 0x77, 0xF9, 0xA5, 0xFB, 0xD2, 0xFD, 0x00, 0x00, 0x2E, 0x02, 0x5B, 0x04, 0x89, 0x06, 
	0xB6, 0x08, 0xE4, 0x0A, 0x11, 0x0D, 0x6C, 0x11, 0x99, 0x13, 0xC6, 0x15, 0xF5, 0x17, 0x22, 0x1A, 
	0x4F, 0x1C, 0x22, 0x1A, 0x21, 0x1A, 0xC7, 0x15, 0x99, 0x13, 0x6C, 0x11, 0x3E, 0x0F, 0x11, 0x0D, 
	0xE4, 0x0A, 0xB6, 0x08, 0x88, 0x06, 0x5C, 0x04, 0x2E, 0x02, 0x00, 0x00, 0xA5, 0xFB, 0x78, 0xF9, 
	0x4B, 0xF7, 0x1C, 0xF5, 0xEF, 0xF2, 0xC1, 0xF0, 0x94, 0xEE, 0x67, 0xEC, 0x38, 0xEA, 0x0B, 0xE8, 
	0xDF, 0xE5, 0x82, 0xE1, 0x84, 0xE1, 0x82, 0xE1, 0x83, 0xE1, 0xDE, 0xE5, 0x0C, 0xE8, 0x39, 0xEA, 
	0x67, 0xEC, 0x93, 0xEE, 0xC2, 0xF0, 0xEF, 0xF2, 0x1D, 0xF5, 0x4A, 0xF7, 0x77, 0xF9, 0xD3, 0xFD, 
	0x00, 0x00, 0x2D, 0x02, 0x5A, 0x04, 0x89, 0x06, 0xB6, 0x08, 0xE3, 0x0A, 0x11, 0x0D, 0x3E, 0x0F, 
	0x6C, 0x11, 0xC7, 0x15, 0xF4, 0x17, 0x22, 0x1A, 0x4F, 0x1C, 0x4F, 0x1C, 0x22, 0x1A, 0xF4, 0x17, 
	0xC7, 0x15, 0x99, 0x13, 0x6C, 0x11, 0x11, 0x0D, 0xE4, 0x0A, 0xB6, 0x08, 0x89, 0x06, 0x5B, 0x04, 
	0x2D, 0x02, 0x00, 0x00, 0xD3, 0xFD, 0xA5, 0xFB, 0x78, 0xF9, 0x1D, 0xF5, 0xF0, 0xF2, 0xC1, 0xF0, 
	0x94, 0xEE, 0x67, 0xEC, 0x39, 0xEA, 0x0C, 0xE8, 0xDE, 0xE5, 0xB0, 0xE3, 0x83, 0xE1, 0x83, 0xE1, 
	0x83, 0xE1, 0xB1, 0xE3, 0xDE, 0xE5, 0x39, 0xEA, 0x67, 0xEC, 0x95, 0xEE, 0xC1, 0xF0, 0xEF, 0xF2, 
	0x1C, 0xF5, 0x4A, 0xF7, 0x78, 0xF9, 0xA5, 0xFB, 0xD3, 0xFD, 0x2D, 0x02, 0x5C, 0x04, 0x88, 0x06, 
	0xB6, 0x08, 0xE4, 0x0A, 0x11, 0x0D, 0x3E, 0x0F, 0x6C, 0x11, 0x9A, 0x13, 0xC7, 0x15, 0xF5, 0x17, 
	0x22, 0x1A, 0x50, 0x1C, 0x22, 0x1A, 0xF4, 0x17, 0xC7, 0x15, 0x99, 0x13, 0x6D, 0x11, 0x3F, 0x0F, 
	0xE4, 0x0A, 0xB6, 0x08, 0x88, 0x06, 0x5B, 0x04, 0x2D, 0x02, 0x01, 0x00, 0xD3, 0xFD, 0xA6, 0xFB, 
	0x78, 0xF9, 0x49, 0xF7, 0x1C, 0xF5, 0xEE, 0xF2, 0x94, 0xEE, 0x66, 0xEC, 0x39, 0xEA, 0x0B, 0xE8, 
	0xDF, 0xE5, 0xB1, 0xE3, 0x84, 0xE1, 0x83, 0xE1, 0x84, 0xE1, 0xB1, 0xE3, 0xDE, 0xE5, 0x0C, 0xE8, 
	0x39, 0xEA, 0x67, 0xEC, 0xC1, 0xF0, 0xEF, 0xF2, 0x1D, 0xF5, 0x49, 0xF7, 0x78, 0xF9, 0xA5, 0xFB, 
	0xD3, 0xFD, 0x00, 0x00, 0x2D, 0x02, 0x5B, 0x04, 0x89, 0x06, 0xE3, 0x0A, 0x11, 0x0D, 0x3E, 0x0F, 
	0x6C, 0x11, 0x9A, 0x13, 0xC6, 0x15, 0xF4, 0x17, 0x22, 0x1A, 0x23, 0x1A, 0x22, 0x1A, 0xF5, 0x17, 
	0xC7, 0x15, 0x9A, 0x13, 0x6C, 0x11, 0x3E, 0x0F, 0x11, 0x0D, 0xE4, 0x0A, 0xB6, 0x08, 0x88, 0x06, 
	0x2E, 0x02, 0x00, 0x00, 0xD3, 0xFD, 0xA5, 0xFB, 0x78, 0xF9, 0x4A, 0xF7, 0x1D, 0xF5, 0xEF, 0xF2, 
	0xC1, 0xF0, 0x93, 0xEE, 0x66, 0xEC, 0x39, 0xEA, 0xDE, 0xE5, 0xB1, 0xE3, 0x83, 0xE1, 0x83, 0xE1, 
	0x83, 0xE1, 0xB1, 0xE3, 0xDF, 0xE5, 0x0C, 0xE8, 0x39, 0xEA, 0x67, 0xEC, 0x95, 0xEE, 0xC2, 0xF0, 
	0xEF, 0xF2, 0x4A, 0xF7, 0x78, 0xF9, 0xA5, 0xFB, 0xD3, 0xFD, 0x00, 0x00, 0x2D, 0x02, 0x5B, 0x04, 
	0x89, 0x06, 0xB7, 0x08, 0xE3, 0x0A, 0x11, 0x0D, 0x3E, 0x0F, 0x99, 0x13, 0xC7, 0x15, 0xF5, 0x17, 
	0x22, 0x1A, 0x4F, 0x1C, 0x4F, 0x1C, 0x21, 0x1A, 0xF4, 0x17, 0xC7, 0x15, 0x6C, 0x11, 0x3E, 0x0F, 
	0x11, 0x0D, 0xE3, 0x0A, 0xB6, 0x08, 0x88, 0x06, 0x5A, 0x04, 0x2E, 0x02, 0x00, 0x00, 0xA5, 0xFB, 
	0xA5, 0xFB, 0x4A, 0xF7, 0x1C, 0xF5, 0xEF, 0xF2, 0xC1, 0xF0, 0x94, 0xEE, 0x67, 0xEC, 0x39, 0xEA, 
	0x0C, 0xE8, 0xDE, 0xE5, 0x83, 0xE1, 0x84, 0xE1, 0x83, 0xE1, 0x83, 0xE1, 0xDE, 0xE5, 0xDE, 0xE5, 
	0x39, 0xEA, 0x67, 0xEC, 0x93, 0xEE, 0xC1, 0xF0, 0xEF, 0xF2, 0x1D, 0xF5, 0x4A, 0xF7, 0x77, 0xF9, 
	0xA5, 0xFB, 0x00, 0x00, 0x2D, 0x02, 0x5B, 0x04, 0x89, 0x06, 0xB6, 0x08, 0xE3, 0x0A, 0x11, 0x0D, 
	0x3F, 0x0F, 0x6C, 0x11, 0x9A, 0x13, 0xC7, 0x15, 0x22, 0x1A, 0x4F, 0x1C, 0x4F, 0x1C, 0x22, 0x1A, 
	0xF4, 0x17, 0xC7, 0x15, 0x9A, 0x13, 0x6C, 0x11, 0x3E, 0x0F, 0xE3, 0x0A, 0xB6, 0x08, 0x88, 0x06, 
	0x5B, 0x04, 0x2D, 0x02, 0x00, 0x00, 0xD2, 0xFD, 0xA5, 0xFB, 0x77, 0xF9, 0x4A, 0xF7, 0x1D, 0xF5, 
	0xC1, 0xF0, 0x94, 0xEE, 0x66, 0xEC, 0x39, 0xEA, 0x0C, 0xE8, 0xDD, 0xE5, 0xB0, 0xE3, 0x83, 0xE1, 
	0x83, 0xE1, 0x83, 0xE1, 0xB1, 0xE3, 0xDE, 0xE5, 0x0B, 0xE8, 0x39, 0xEA, 0x94, 0xEE, 0xC2, 0xF0, 
	0xEF, 0xF2, 0x1D, 0xF5, 0x4A, 0xF7, 0x78, 0xF9, 0xA5, 0xFB, 0xD2, 0xFD, 0x00, 0x00, 0x2D, 0x02, 
	0x88, 0x06, 0xB5, 0x08, 0xE3, 0x0A, 0x10, 0x0D, 0x3E, 0x0F, 0x6C, 0x11, 0x99, 0x13, 0xC7, 0x15, 
	0xF5, 0x17, 0x22, 0x1A, 0x50, 0x1C, 0x22, 0x1A, 0xF4, 0x17, 0xC7, 0x15, 0x9A, 0x13, 0x6C, 0x11, 
	0x3F, 0x0F, 0x11, 0x0D, 0xE4, 0x0A, 0x89, 0x06, 0x5B, 0x04, 0x2E, 0x02, 0x01, 0x00, 0xD3, 0xFD, 
	0xA5, 0xFB, 0x78, 0xF9, 0x4A, 0xF7, 0x1D, 0xF5, 0xF0, 0xF2, 0xC2, 0xF0, 0x94, 0xEE, 0x67, 0xEC, 
	0x3A, 0xEA, 0x0B, 0xE8, 0xDE, 0xE5, 0xB0, 0xE3, 0x83, 0xE1, 0x83, 0xE1, 0x84, 0xE1, 0x83, 0xE1, 
	0xB1, 0xE3, 0xDE, 0xE5, 0x0C, 0xE8, 0x38, 0xEA, 0x66, 0xEC, 0x94, 0xEE, 0xC1, 0xF0, 0xF0, 0xF2, 
	0x1D, 0xF5, 0x4A, 0xF7, 0x77, 0xF9, 0xA5, 0xFB, 0xD3, 0xFD, 0x00, 0x00, 0x2E, 0x02, 0x5B, 0x04, 
	0x89, 0x06, 0xB6, 0x08, 0xE3, 0x0A, 0x12, 0x0D, 0x3F, 0x0F, 0x6D, 0x11, 0x99, 0x13, 0x99, 0x13, 
	0xF4, 0x17, 0xF5, 0x17, 0x50, 0x1C, 0x22, 0x1A, 0x50, 0x1C, 0xF5, 0x17, 0xF5, 0x17, 0xC7, 0x15, 
	0x99, 0x13, 0x6C, 0x11, 0x3E, 0x0F, 0x11, 0x0D, 0xE3, 0x0A, 0xB5, 0x08, 0x88, 0x06, 0x5B, 0x04, 
	0x2E, 0x02, 0x00, 0x00, 0xD3, 0xFD, 0xA6, 0xFB, 0x78, 0xF9, 0x49, 0xF7, 0x1D, 0xF5, 0xEF, 0xF2, 
	0xC1, 0xF0, 0x93, 0xEE, 0x67, 0xEC, 0x39, 0xEA, 0x0B, 0xE8, 0xDE, 0xE5, 0xB0, 0xE3, 0x83, 0xE1, 
	0x83, 0xE1, 0x83, 0xE1, 0x82, 0xE1, 0xB2, 0xE3, 0xDE, 0xE5, 0x0C, 0xE8, 0x39, 0xEA, 0x67, 0xEC, 
	0x94, 0xEE, 0xC1, 0xF0, 0xEF, 0xF2, 0x1D, 0xF5, 0x4B, 0xF7, 0x77, 0xF9, 0xA4, 0xFB, 0xD3, 0xFD, 
	0x00, 0x00, 0x2E, 0x02, 0x5B, 0x04, 0x89, 0x06, 0xB6, 0x08, 0xE3, 0x0A, 0x11, 0x0D, 0x3E, 0x0F, 
	0x6C, 0x11, 0x9A, 0x13, 0xC7, 0x15, 0xF5, 0x17, 0x23, 0x1A, 0x50, 0x1C, 0x22, 0x1A, 0x4F, 0x1C, 
	0xF4, 0x17, 0xC6, 0x15, 0x9A, 0x13, 0x6B, 0x11, 0x3F, 0x0F, 0x11, 0x0D, 0xE4, 0x0A, 0xE4, 0x0A, 
	0x88, 0x06, 0x88, 0x06, 0x5B, 0x04, 0x2D, 0x02, 0xFF, 0xFF, 0xD2, 0xFD, 0xA4, 0xFB, 0x78, 0xF9, 
	0x4B, 0xF7, 0x1D, 0xF5, 0xF0, 0xF2, 0xC2, 0xF0, 0x94, 0xEE, 0x67, 0xEC, 0x39, 0xEA, 0x0B, 0xE8, 
	0xDE, 0xE5, 0xB1, 0xE3, 0x83, 0xE1, 0x83, 0xE1, 0x84, 0xE1, 0xB0, 0xE3, 0xDE, 0xE5, 0xDF, 0xE5, 
	0x3A, 0xEA, 0x39, 0xEA, 0x67, 0xEC, 0x94, 0xEE, 0xC2, 0xF0, 0xEE, 0xF2, 0x1D, 0xF5, 0x4A, 0xF7, 
	0x78, 0xF9, 0xA5, 0xFB, 0xD2, 0xFD, 0x00, 0x00, 0x2D, 0x02, 0x5B, 0x04, 0x89, 0x06, 0xB6, 0x08, 
	0xE4, 0x0A, 0x11, 0x0D, 0x3E, 0x0F, 0x6B, 0x11, 0x99, 0x13, 0xC7, 0x15, 0xF5, 0x17, 0x22, 0x1A, 
	0x50, 0x1C, 0x23, 0x1A, 0x22, 0x1A, 0xF5, 0x17, 0xC7, 0x15, 0x99, 0x13, 0x6C, 0x11, 0x3E, 0x0F, 
	0x11, 0x0D, 0xE4, 0x0A, 0xB6, 0x08, 0x88, 0x06, 0x5B, 0x04, 0x2D, 0x02, 0x01, 0x00, 0xD2, 0xFD, 
	0xD2, 0xFD, 0x77, 0xF9, 0x78, 0xF9, 0x4A, 0xF7, 0x1D, 0xF5, 0xF0, 0xF2, 0xC1, 0xF0, 0x94, 0xEE, 
	0x66, 0xEC, 0x39, 0xEA, 0x0B, 0xE8, 0xDE, 0xE5, 0xB1, 0xE3, 0x83, 0xE1, 0x84, 0xE1, 0x83, 0xE1, 
	0xB1, 0xE3, 0xDE, 0xE5, 0x0B, 0xE8, 0x39, 0xEA, 0x66, 0xEC, 0x93, 0xEE, 0xC2, 0xF0, 0xF0, 0xF2, 
	0x1D, 0xF5, 0x1C, 0xF5, 0x49, 0xF7, 0x77, 0xF9, 0xA5, 0xFB, 0xD3, 0xFD, 0x01, 0x00, 0x2D, 0x02, 
	0x5B, 0x04, 0x89, 0x06, 0xB6, 0x08, 0xE4, 0x0A, 0x12, 0x0D, 0x3E, 0x0F, 0x6D, 0x11, 0x9A, 0x13, 
	0xC7, 0x15, 0xF4, 0x17, 0x22, 0x1A, 0x22, 0x1A, 0x4F, 0x1C, 0x22, 0x1A, 0xF4, 0x17, 0xC7, 0x15, 
	0x99, 0x13, 0x6C, 0x11, 0x3F, 0x0F, 0x11, 0x0D, 0xE3, 0x0A, 0xB6, 0x08, 0x88, 0x06, 0x5B, 0x04, 
	0x2E, 0x02, 0x00, 0x00, 0xD2, 0xFD, 0xA5, 0xFB, 0x78, 0xF9, 0x4B, 0xF7, 0x1C, 0xF5, 0xEF, 0xF2, 
	0xC1, 0xF0, 0xC2, 0xF0, 0x94, 0xEE, 0x67, 0xEC, 0x39, 0xEA, 0x0C, 0xE8, 0xDE, 0xE5, 0xB0, 0xE3, 
	0x83, 0xE1, 0x83, 0xE1, 0x83, 0xE1, 0xB1, 0xE3, 0xDE, 0xE5, 0x0D, 0xE8, 0x39, 0xEA, 0x67, 0xEC, 
	0x94, 0xEE, 0xC1, 0xF0, 0xEF, 0xF2, 0x1D, 0xF5, 0x4A, 0xF7, 0x78, 0xF9, 0xA5, 0xFB, 0xD3, 0xFD, 
	0xD3, 0xFD, 0x2E, 0x02, 0x2E, 0x02, 0x5A, 0x04, 0x89, 0x06, 0xB6, 0x08, 0xE3, 0x0A, 0x11, 0x0D, 
	0x3F, 0x0F, 0x6C, 0x11, 0x9A, 0x13, 0xC7, 0x15, 0xF4, 0x17, 0x22, 0x1A, 0x22, 0x1A, 0x4F, 0x1C, 
	0x22, 0x1A, 0xF4, 0x17, 0xC7, 0x15, 0x99, 0x13, 0x6D, 0x11, 0x3E, 0x0F, 0x11, 0x0D, 0xE4, 0x0A, 
	0xB6, 0x08, 0x88, 0x06, 0x5B, 0x04, 0x2D, 0x02, 0x00, 0x00, 0xD3, 0xFD, 0xA5, 0xFB, 0x78, 0xF9, 
	0x4A, 0xF7, 0x1C, 0xF5, 0xF0, 0xF2, 0xC1, 0xF0, 0x94, 0xEE, 0x67, 0xEC, 0x39, 0xEA, 0x0C, 0xE8, 
	0xDE, 0xE5, 0xDF, 0xE5, 0x83, 0xE1, 0x83, 0xE1, 0x82, 0xE1, 0x84, 0xE1, 0xB1, 0xE3, 0xDE, 0xE5, 
	0x0B, 0xE8, 0x39, 0xEA, 0x67, 0xEC, 0x94, 0xEE, 0xC2, 0xF0, 0xEF, 0xF2, 0x1D, 0xF5, 0x4A, 0xF7, 
	0x78, 0xF9, 0xA6, 0xFB, 0xD2, 0xFD, 0x00, 0x00, 0x2D, 0x02, 0x5A, 0x04, 0x89, 0x06, 0xB7, 0x08, 
	0xE3, 0x0A, 0x10, 0x0D, 0x3F, 0x0F, 0x3F, 0x0F, 0x9A, 0x13, 0x99, 0x13, 0xF5, 0x17, 0xF5, 0x17, 
	0x4F, 0x1C, 0x22, 0x1A, 0x4F, 0x1C, 0xF4, 0x17, 0xF4, 0x17, 0xC7, 0x15, 0x99, 0x13, 0x6B, 0x11, 
	0x3F, 0x0F, 0x11, 0x0D, 0xE4, 0x0A, 0xB6, 0x08, 0x88, 0x06, 0x5B, 0x04, 0x2D, 0x02, 0x00, 0x00, 
	0xD3, 0xFD, 0xA5, 0xFB, 0x77, 0xF9, 0x4B, 0xF7, 0x1D, 0xF5, 0xEF, 0xF2, 0xC1, 0xF0, 0x94, 0xEE, 
	0x67, 0xEC, 0x39, 0xEA, 0x0C, 0xE8, 0xDE, 0xE5, 0xB1, 0xE3, 0x82, 0xE1, 0x84, 0xE1, 0x84, 0xE1, 
	0xB1, 0xE3, 0xDE, 0xE5, 0x0C, 0xE8, 0x38, 0xEA, 0x67, 0xEC, 0x94, 0xEE, 0xF0, 0xF2, 0x1D, 0xF5, 
	0x49, 0xF7, 0x78, 0xF9, 0xA4, 0xFB, 0xD3, 0xFD, 0x00, 0x00, 0x2D, 0x02, 0x5B, 0x04, 0x88, 0x06, 
	0xB6, 0x08, 0x10, 0x0D, 0x11, 0x0D, 0x6B, 0x11, 0x99, 0x13, 0xC7, 0x15, 0xF4, 0x17, 0x21, 0x1A, 
	0x22, 0x1A, 0x22, 0x1A, 0xF4, 0x17, 0xC7, 0x15, 0x99, 0x13, 0x6D, 0x11, 0x3F, 0x0F, 0x12, 0x0D, 
	0xE4, 0x0A, 0xB6, 0x08, 0x89, 0x06, 0x2E, 0x02, 0x2D, 0x02, 0xD2, 0xFD, 0xA4, 0xFB, 0x78, 0xF9, 
	0x4A, 0xF7, 0x1C, 0xF5, 0xEE, 0xF2, 0xC1, 0xF0, 0x94, 0xEE, 0x66, 0xEC, 0x39, 0xEA, 0x0C, 0xE8, 
	0xDE, 0xE5, 0x83, 0xE1, 0x83, 0xE1, 0x83, 0xE1, 0xB1, 0xE3, 0xDE, 0xE5, 0x0B, 0xE8, 0x39, 0xEA, 
	0x67, 0xEC, 0x94, 0xEE, 0xC1, 0xF0, 0xEF, 0xF2, 0x1C, 0xF5, 0x78, 0xF9, 0xA5, 0xFB, 0xD2, 0xFD, 
	0x00, 0x00, 0x2E, 0x02, 0x5B, 0x04, 0x88, 0x06, 0xB5, 0x08, 0xE4, 0x0A, 0x12, 0x0D, 0x6C, 0x11, 
	0x6C, 0x11, 0xC6, 0x15, 0xF4, 0x17, 0x22, 0x1A, 0x50, 0x1C, 0x4F, 0x1C, 0x22, 0x1A, 0xC7, 0x15, 
	0xC7, 0x15, 0x6C, 0x11, 0x3E, 0x0F, 0x12, 0x0D, 0xE4, 0x0A, 0xB6, 0x08, 0x89, 0x06, 0x5A, 0x04, 
	0x2D, 0x02, 0x00, 0x00, 0xD2, 0xFD, 0xA5, 0xFB, 0x78, 0xF9, 0x1D, 0xF5, 0xEE, 0xF2, 0xC1, 0xF0, 
	0x95, 0xEE, 0x67, 0xEC, 0x39, 0xEA, 0x0C, 0xE8, 0xDE, 0xE5, 0xB1, 0xE3, 0x83, 0xE1, 0x83, 0xE1, 
	0x82, 0xE1, 0xDE, 0xE5, 0xDE, 0xE5, 0x39, 0xEA, 0x66, 0xEC, 0x94, 0xEE, 0xC2, 0xF0, 0xEF, 0xF2, 
	0x1D, 0xF5, 0x4A, 0xF7, 0x77, 0xF9, 0xA5, 0xFB, 0xD3, 0xFD, 0x2D, 0x02, 0x5B, 0x04, 0x89, 0x06, 
	0xB7, 0x08, 0xE3, 0x0A, 0x11, 0x0D, 0x3F, 0x0F, 0x6C, 0x11, 0x99, 0x13, 0xC7, 0x15, 0xF4, 0x17, 
	0x22, 0x1A, 0x22, 0x1A, 0x22, 0x1A, 0xF4, 0x17, 0xC7, 0x15, 0x99, 0x13, 0x6C, 0x11, 0x11, 0x0D, 
	0xE4, 0x0A, 0xB6, 0x08, 0x89, 0x06, 0x5B, 0x04, 0x2E, 0x02, 0x00, 0x00, 0xD2, 0xFD, 0xA5, 0xFB, 
	0x77, 0xF9, 0x4A, 0xF7, 0x1D, 0xF5, 0xC1, 0xF0, 0x94, 0xEE, 0x66, 0xEC, 0x39, 0xEA, 0x0C, 0xE8, 
	0xDE, 0xE5, 0xB1, 0xE3, 0x84, 0xE1, 0x83, 0xE1, 0x83, 0xE1, 0xB0, 0xE3, 0xDF, 0xE5, 0x0C, 0xE8, 
	0x39, 0xEA, 0x94, 0xEE, 0xC1, 0xF0, 0xEF, 0xF2, 0x1D, 0xF5, 0x4A, 0xF7, 0x77, 0xF9, 0xA6, 0xFB, 
	0xD3, 0xFD, 0x00, 0x00, 0x2D, 0x02, 0x5C, 0x04, 0x89, 0x06, 0xE4, 0x0A, 0x10, 0x0D, 0x3F, 0x0F, 
	0x6C, 0x11, 0x9A, 0x13, 0xC7, 0x15, 0xF4, 0x17, 0x23, 0x1A, 0x22, 0x1A, 0x22, 0x1A, 0xF5, 0x17, 
	0xC8, 0x15, 0x99, 0x13, 0x6C, 0x11, 0x3F, 0x0F, 0x11, 0x0D, 0xE3, 0x0A, 0x89, 0x06, 0x5B, 0x04, 
	0x2D, 0x02, 0x00, 0x00, 0xD2, 0xFD, 0xA5, 0xFB, 0x77, 0xF9, 0x4A, 0xF7, 0x1C, 0xF5, 0xEF, 0xF2, 
	0xC2, 0xF0, 0x95, 0xEE, 0x66, 0xEC, 0x39, 0xEA, 0xDE, 0xE5, 0xB1, 0xE3, 0x84, 0xE1, 0x82, 0xE1, 
	0x83, 0xE1, 0xB1, 0xE3, 0xDE, 0xE5, 0x0B, 0xE8, 0x39, 0xEA, 0x67, 0xEC, 0x94, 0xEE, 0xC1, 0xF0, 
	0x1D, 0xF5, 0x49, 0xF7, 0x78, 0xF9, 0xA5, 0xFB, 0xD3, 0xFD, 0xFF, 0xFF, 0x2D, 0x02, 0x5C, 0x04, 
	0x88, 0x06, 0xB6, 0x08, 0xE4, 0x0A, 0x11, 0x0D, 0x3F, 0x0F, 0x9A, 0x13, 0xC7, 0x15, 0xF5, 0x17, 
	0x21, 0x1A, 0x50, 0x1C, 0x4F, 0x1C, 0x21, 0x1A, 0xC7, 0x15, 0x9A, 0x13, 0x6C, 0x11, 0x3E, 0x0F, 
	0x10, 0x0D, 0xE4, 0x0A, 0xB6, 0x08, 0x88, 0x06, 0x5B, 0x04, 0x2D, 0x02, 0xD3, 0xFD, 0xA5, 0xFB, 
	0x78, 0xF9, 0x4A, 0xF7, 0x1C, 0xF5, 0xEF, 0xF2, 0xC1, 0xF0, 0x94, 0xEE, 0x67, 0xEC, 0x3A, 0xEA, 
	0x0B, 0xE8, 0xDE, 0xE5, 0x83, 0xE1, 0x83, 0xE1, 0x83, 0xE1, 0xB1, 0xE3, 0xDE, 0xE5, 0x0C, 0xE8, 
	0x39, 0xEA, 0x67, 0xEC, 0x95, 0xEE, 0xC2, 0xF0, 0xEF, 0xF2, 0x1D, 0xF5, 0x78, 0xF9, 0x77, 0xF9, 
	0xD2, 0xFD, 0x00, 0x00, 0x2D, 0x02, 0x2D, 0x02, 
};
